<?xml version="1.0" encoding="utf-8"?>
<COLLADA xmlns="http://www.collada.org/2005/11/COLLADASchema" version="1.4.1" xmlns:xsi="http://www.w3.org/2001/XMLSchema-instance">
  <asset>
    <contributor>
      <author>Blender User</author>
      <authoring_tool>Blender 2.82.7</authoring_tool>
    </contributor>
    <created>2023-09-20T11:31:19</created>
    <modified>2023-09-20T11:31:19</modified>
    <unit name="meter" meter="1"/>
    <up_axis>Z_UP</up_axis>
  </asset>
  <library_cameras>
    <camera id="Camera-camera" name="Camera.004">
      <optics>
        <technique_common>
          <perspective>
            <xfov sid="xfov">49.13434</xfov>
            <aspect_ratio>1.777778</aspect_ratio>
            <znear sid="znear">0.1</znear>
            <zfar sid="zfar">100</zfar>
          </perspective>
        </technique_common>
      </optics>
      <extra>
        <technique profile="blender">
          <shiftx sid="shiftx" type="float">0</shiftx>
          <shifty sid="shifty" type="float">0</shifty>
          <dof_distance sid="dof_distance" type="float">10</dof_distance>
        </technique>
      </extra>
    </camera>
  </library_cameras>
  <library_lights>
    <light id="Lamp-light" name="Lamp.002">
      <technique_common>
        <point>
          <color sid="color">1 1 1</color>
          <constant_attenuation>1</constant_attenuation>
          <linear_attenuation>0</linear_attenuation>
          <quadratic_attenuation>0.00111109</quadratic_attenuation>
        </point>
      </technique_common>
      <extra>
        <technique profile="blender">
          <type sid="type" type="int">0</type>
          <flag sid="flag" type="int">0</flag>
          <mode sid="mode" type="int">8192</mode>
          <gamma sid="blender_gamma" type="float">1</gamma>
          <red sid="red" type="float">1</red>
          <green sid="green" type="float">1</green>
          <blue sid="blue" type="float">1</blue>
          <shadow_r sid="blender_shadow_r" type="float">0</shadow_r>
          <shadow_g sid="blender_shadow_g" type="float">0</shadow_g>
          <shadow_b sid="blender_shadow_b" type="float">0</shadow_b>
          <energy sid="blender_energy" type="float">1</energy>
          <dist sid="blender_dist" type="float">29.99998</dist>
          <spotsize sid="spotsize" type="float">75</spotsize>
          <spotblend sid="spotblend" type="float">0.15</spotblend>
          <att1 sid="att1" type="float">0</att1>
          <att2 sid="att2" type="float">1</att2>
          <falloff_type sid="falloff_type" type="int">2</falloff_type>
          <clipsta sid="clipsta" type="float">1.000799</clipsta>
          <clipend sid="clipend" type="float">30.002</clipend>
          <bias sid="bias" type="float">1</bias>
          <soft sid="soft" type="float">3</soft>
          <bufsize sid="bufsize" type="int">2880</bufsize>
          <samp sid="samp" type="int">3</samp>
          <buffers sid="buffers" type="int">1</buffers>
          <area_shape sid="area_shape" type="int">1</area_shape>
          <area_size sid="area_size" type="float">0.1</area_size>
          <area_sizey sid="area_sizey" type="float">0.1</area_sizey>
          <area_sizez sid="area_sizez" type="float">1</area_sizez>
        </technique>
      </extra>
    </light>
  </library_lights>
  <library_effects>
    <effect id="link_01_part_000_mtl_001-effect">
      <profile_COMMON>
        <technique sid="common">
          <lambert>
            <emission>
              <color sid="emission">0 0 0 1</color>
            </emission>
            <diffuse>
              <color sid="diffuse">0.8 0.4 0.2 1</color>
            </diffuse>
            <index_of_refraction>
              <float sid="ior">1</float>
            </index_of_refraction>
          </lambert>
        </technique>
      </profile_COMMON>
    </effect>
  </library_effects>
  <library_images/>
  <library_materials>
    <material id="link_01_part_000_mtl_001-material" name="link_01_part_000_mtl_001">
      <instance_effect url="#link_01_part_000_mtl_001-effect"/>
    </material>
  </library_materials>
  <library_geometries>
    <geometry id="Link_3_001-mesh" name="Link 3.001">
      <mesh>
        <source id="Link_3_001-mesh-positions">
          <float_array id="Link_3_001-mesh-positions-array" count="15336">0.1049401 0.04903316 0.02760607 0.105006 0.04884517 0.02752876 0.1049444 0.04894745 0.02745169 0.104517 0.0489872 0.0271275 0.1045209 0.04914999 0.02725327 0.1046625 0.04899734 0.02719146 0.1049684 0.04882478 0.02737224 0.1048681 0.04883289 0.02723002 0.1045929 0.04884225 0.02708816 0.1047495 0.04882806 0.02713781 0.1047868 0.04905134 0.02735674 0.1046863 0.04919707 0.02748358 0.1045988 0.04925864 0.02759915 0.104797 0.04917758 0.02762287 0.1045369 0.04925584 0.02749127 0.1045039 0.04921942 0.02736091 0.1041637 0.04912328 0.02722787 0.1041737 0.0492202 0.02737551 0.1042379 0.04925888 0.02756947 0.1041904 0.04900556 0.02713358 0.1042172 0.04885184 0.02708095 0.1072435 0.04906243 0.02715194 0.107281 0.04894942 0.02710086 0.1071427 0.04889369 0.02711445 0.107129 0.04908269 0.02722436 0.1072807 0.04919028 0.02724123 0.1068491 0.04900348 0.02748101 0.1068091 0.04897332 0.02759724 0.106895 0.04913115 0.02761763 0.1069284 0.0488851 0.02723908 0.1070166 0.04911935 0.02737092 0.1068229 0.04889845 0.02742385 0.1072465 0.04927241 0.02736777 0.1072223 0.04932224 0.02762871 0.1072288 0.04931259 0.02749532 0.1070938 0.04928582 0.02764171 0.1069774 0.04921412 0.02761673 0.1070268 0.04903233 0.0291469 0.1072044 0.04909896 0.02916944 0.1068853 0.04889822 0.02913743 0.1068136 0.04872936 0.0291478 0.1073299 0.04908138 0.02925229 0.108364 0.04935234 0.02757889 0.1084418 0.0493083 0.0277329 0.10744 0.04901087 0.02932882 0.1086767 0.04909873 0.02782219 0.1075885 0.04894119 0.02929329 0.1075882 0.0488162 0.02939885 0.1086242 0.0492118 0.02774983 0.1087263 0.04898685 0.02782768 0.1076334 0.04872655 0.02939569 0.1074716 0.04879289 0.02947771 0.1069225 0.04882097 0.0293166 0.107025 0.04893469 0.02932929 0.1071512 0.0490238 0.02930468 0.1072738 0.04893469 0.02943331 0.1070373 0.04876232 0.02944213 0.1071786 0.0488125 0.02948886 0.1073164 0.04880928 0.02950108 0.1076033 0.047903 0.02957588 0.1088535 0.04826503 0.02776509 0.1083905 0.048976 0.02710908 0.1084613 0.04851216 0.02706491 0.1071653 0.04844087 0.0270484 0.1067496 0.04834073 0.02745264 0.1068009 0.04834657 0.02730304 0.1069284 0.04843831 0.02716845 0.1070958 0.04850471 0.02708303 0.1085231 0.04893928 0.02714765 0.108666 0.04839849 0.02712696 0.1086087 0.04910171 0.02724969 0.108741 0.04895651 0.02736514 0.1088144 0.04841089 0.02728492 0.1088924 0.04833143 0.02746886 0.1087756 0.04903924 0.0275886 0.1087743 0.04903775 0.02767175 0.1088958 0.04830324 0.02761083 0.106727 0.04790616 0.02928936 0.109148 0.04805815 0.02696949 0.1086744 0.0481137 0.02664178 0.1088871 0.04811245 0.02690857 0.1091868 0.04801297 0.02742129 0.108983 0.04814863 0.02733618 0.1090041 0.0481258 0.02749675 0.1093286 0.04793536 0.02766484 0.1090683 0.04798334 0.0277673 0.1088508 0.04826956 0.0272178 0.1089351 0.04813373 0.02772754 0.1089503 0.04813414 0.02711039 0.1087555 0.04822027 0.02702492 0.1085091 0.04822468 0.02688807 0.1084628 0.04835593 0.02700227 0.1085278 0.04842031 0.0270574 0.1085399 0.04815113 0.02675867 0.1069434 0.04808986 0.02657181 0.1063837 0.04796463 0.02722448 0.1067097 0.04805845 0.02686208 0.106643 0.04806947 0.02714717 0.1068586 0.0481497 0.02697712 0.1071248 0.04818207 0.02685374 0.1070879 0.04811352 0.02671653 0.1067844 0.04824107 0.02722722 0.106918 0.04828321 0.02709227 0.107125 0.04828947 0.02697253 0.1067005 0.04819196 0.02742493 0.1065636 0.04802983 0.02738004 0.1074514 0.04781758 0.0297138 0.1072651 0.04774451 0.02978646 0.1070879 0.04772931 0.02978152 0.1069185 0.04778158 0.02968204 0.1067755 0.04784035 0.02948671 0.1077914 0.04751515 0.02985167 0.1076923 0.04763948 0.02968204 0.1076373 0.04778045 0.02960246 0.1064527 0.04763925 0.02920472 0.1064008 0.04757231 0.02939951 0.1066021 0.04773652 0.02922523 0.1070579 0.04746609 0.03004515 0.1063006 0.04694682 0.03280562 0.1047778 0.04805177 0.02659165 0.1051726 0.04801434 0.02683496 0.1068078 0.0482077 0.02590268 0.1054142 0.04795187 0.02719837 0.105418 0.04828608 0.02535665 0.1063856 0.04831779 0.0252797 0.1054543 0.04854506 0.02396011 0.1063884 0.04856681 0.02395182 0.1054722 0.046943 0.03275829 0.1067224 0.04748666 0.02989119 0.1104395 0.04826325 0.0259611 0.1104483 0.04809117 0.02690422 0.1049051 0.04817652 0.02589815 0.1041754 0.04817605 0.02590095 0.1042209 0.0480501 0.02659535 0.1046203 0.04845511 0.02704834 0.1043004 0.048464 0.0270462 0.1048089 0.04840123 0.02710855 0.104951 0.04836481 0.0272299 0.1050227 0.04833424 0.02735155 0.1050567 0.04831004 0.02748024 0.1049965 0.04796272 0.0329194 0.1050677 0.04729074 0.0328722 0.1049786 0.04853361 0.03033417 0.1027919 0.04445314 -0.002905488 0.09523594 0.04429441 -0.002695143 0.09458476 0.04525876 -1.37668e-4 0.08769732 0.04410797 -0.002633333 0.07796579 0.04835653 0.02404391 0.08765983 0.04890364 0.02345103 0.08773148 0.04880887 0.01848572 0.1231999 0.04998493 0.01817214 0.1231999 0.04977673 0.01494252 0.1162455 0.04980462 0.0160315 0.1231999 0.0436058 -0.005517423 0.1231999 0.04199326 -0.008326947 0.1182779 0.04215908 -0.00801897 0.1072579 0.04962837 0.01683831 0.1071014 0.04971522 0.01857191 0.1157655 0.04995518 0.02105343 0.1063908 0.04972773 0.02191126 0.1071056 0.04903936 0.01179939 0.1071674 0.04934877 0.01403093 0.1093158 0.04943442 0.01408022 0.1167034 0.04918891 0.01101022 0.1097684 0.04951792 0.01469111 0.1098333 0.0496487 0.01599901 0.1092913 0.04967921 0.01661044 0.1071705 0.04960519 0.01660192 0.100146 0.04772406 0.006950259 0.1047131 0.04895365 0.01189833 0.1053476 0.04890275 0.01143729 0.1089098 0.04802411 0.006642401 0.1064532 0.04894506 0.01140999 0.1024337 0.04942363 0.0165916 0.1020063 0.04934072 0.01589888 0.09830564 0.04930955 0.01759624 0.1019534 0.04920512 0.0145747 0.09952968 0.04879397 0.01240736 0.1024954 0.04915761 0.01398295 0.1045598 0.0492469 0.01403552 0.1067144 0.04971939 0.01907235 0.105338 0.04967355 0.01915979 0.1047454 0.0496388 0.01874566 0.1046136 0.04950886 0.01659917 0.09182411 0.04909569 0.02393949 0.09259682 0.04911553 0.02433443 0.1033737 0.04942184 0.02579838 0.09327679 0.04912132 0.02483612 0.09387367 0.04910904 0.02546191 0.094343 0.04907798 0.0261482 0.09469914 0.04902422 0.02692282 0.09492045 0.04894953 0.02773052 0.10337 0.04928404 0.02720379 0.09101492 0.04906547 0.02369302 0.1036834 0.04946988 0.02534455 0.08704376 0.04883968 0.02452659 0.08775585 0.04889112 0.02409672 0.08851313 0.04893893 0.02379214 0.08934473 0.0489856 0.02361708 0.09017598 0.04902786 0.02358067 0.1038786 0.04948478 0.02523487 0.1046617 0.04961287 0.02364259 0.1046169 0.04950428 0.02516192 0.105298 0.04964774 0.02321594 0.1064497 0.04968357 0.02320641 0.1045003 0.04854679 0.03181719 0.1045365 0.04889363 0.03012919 0.1037603 0.04926419 0.02744275 0.09499937 0.04885548 0.02854996 0.09494459 0.04874271 0.02937984 0.09474653 0.04861623 0.03018122 0.09441608 0.04847997 0.0309484 0.09395837 0.04834294 0.03163892 0.09338575 0.04820919 0.03225308 0.09272295 0.04809135 0.03274983 0.1035364 0.04738891 0.03644186 0.09197241 0.04798662 0.03314232 0.09117877 0.04790943 0.03339481 0.09033948 0.04785758 0.0335192 0.08219873 0.04653096 0.03786808 0.08950495 0.04783582 0.03349989 0.0886684 0.04784178 0.03334492 0.1142109 0.04771631 0.03564876 0.1067779 0.04815632 0.03380292 0.1048889 0.04811996 0.03384691 0.1046097 0.04827505 0.03317219 0.1147458 0.04889518 0.03090548 0.1113035 0.04943341 0.02738016 0.1089805 0.04884946 0.03081381 0.107141 0.049672 0.02382051 0.1071665 0.04957532 0.02515316 0.1108789 0.04965877 0.02521264 0.1152648 0.04964733 0.02602624 0.1112704 0.04959523 0.02588021 0.1232001 0.04412758 0.04455626 0.1079001 0.0455268 0.04166769 0.1074938 0.04541432 0.04192811 0.1015106 0.04389274 0.04515892 0.1042863 0.04541367 0.04190081 0.1039291 0.04550939 0.04167455 0.1034108 0.04585158 0.04085499 0.1037 0.04622113 0.03988754 0.1042363 0.04639756 0.03941804 0.1077969 0.04643601 0.03939431 0.1081465 0.04619467 0.0400232 0.1231999 0.04797053 0.03476327 0.1231999 0.04706496 0.03764241 0.1231999 0.04559403 0.04146373 0.1081285 0.04568767 0.0412749 0.1192 0.04949373 0.0275157 0.1231999 0.04881972 0.03134608 0.1231999 0.04950416 0.02752161 0.1004801 0.04165065 0.04914724 0.1231999 0.04207623 0.04821878 0.1231999 0.04030716 0.05092346 0.09944719 0.03911614 0.052868 0.1231999 0.03837049 0.05352884 0.07923829 0.03640908 0.05649262 0.1231999 0.03614372 0.05616086 0.05706381 0.03670245 0.05654239 0.0743792 0.03897321 0.05335593 0.04931855 0.03891175 0.05373018 0.03745961 0.0370543 0.0564441 0.03679347 0.03894639 0.0537849 0.026757 0.03727787 0.05628895 0.02427685 0.03904861 0.05362498 0.01619815 0.03759092 0.05587434 0.01178371 0.03923964 0.05303514 0.009283721 0.03775531 0.05551046 0.004694104 0.03787338 0.05515336 0.00556153 0.03937447 0.05245727 0.002200782 0.03816229 0.05456119 -0.004199266 0.03841924 0.05359321 -6.2269e-4 0.03953683 0.0515871 -0.01122313 0.03863453 0.05220997 -0.006732702 0.03972458 0.0503177 -0.01658016 0.03888607 0.05053544 -0.01350659 0.03882241 0.05136996 -0.01270449 0.03993129 0.04852515 -0.01671195 0.04010277 0.04685807 -0.01984769 0.03903651 0.04926902 -0.02615153 0.0393399 0.04598587 -0.02381289 0.03921204 0.04739308 -0.02117764 0.04024899 0.0446133 -0.02461218 0.04043674 0.04214584 -0.02841126 0.03944468 0.04452013 -0.03066784 0.03954547 0.04286301 -0.02814984 0.04072624 0.03834027 -0.03399842 0.03968793 0.04002654 -0.03091108 0.04072344 0.03617572 -0.03685623 0.03982025 0.03697466 -0.03875029 0.03988939 0.0347203 -0.03352993 0.04070729 0.03384852 -0.04111832 0.03999245 0.03134906 -0.037193 0.04074764 0.02943778 -0.02383273 0.04077315 0.04087394 -0.02622449 0.04077214 0.03940421 -0.01792383 0.04081362 0.0436514 -0.0214619 0.04079824 0.04205793 -0.01525294 0.04080867 0.04467666 -0.01205128 0.04085469 0.04557245 -0.009267866 0.04090833 0.04617679 -0.004957616 0.04102635 0.04680526 0.004250407 0.04087948 0.04870641 0.006541669 0.0416823 0.04658424 0.002850115 0.04140728 0.04695641 -0.001179814 0.04115545 0.04708206 0.01243507 0.0407586 0.04980683 0.01320111 0.04225969 0.04546546 0.01063621 0.04208332 0.04580962 0.02485233 0.04333359 0.04292392 0.02132105 0.04340112 0.04218357 0.02052807 0.04210716 0.04668706 0.01876443 0.04305118 0.04328244 0.02708429 0.04425883 0.03904634 0.02416276 0.04382061 0.04071789 0.02911108 0.04438662 0.03877073 0.03269827 0.04514425 0.03475087 0.02969282 0.04470676 0.03706449 0.03424161 0.04544752 0.03282183 0.04336142 0.04564929 0.03467345 0.03608816 0.04571115 0.03082191 0.04038572 0.04614394 0.02571421 0.03777498 0.04591596 0.02882552 0.0491029 0.04641467 0.03011113 0.05231523 0.04680913 0.02483654 0.04325145 0.04625231 0.0202459 0.04501014 0.0462684 0.01864624 0.04426246 0.04619395 0.01761382 0.04200494 0.04624336 0.02271485 0.04609119 0.04589909 0.01254588 0.04516083 0.04608088 0.015127 0.04858988 0.04602855 0.01291126 0.04754734 0.04521965 0.005930483 0.04703104 0.04552435 0.008551955 0.05197185 0.04547178 0.006991744 0.04684048 0.04312306 -0.008724868 0.04744917 0.04383903 -0.003998041 0.05093336 0.04328769 -0.006835997 0.04775846 0.04452866 7.16708e-4 0.04481697 0.04206138 -0.01641935 0.05057585 0.0419979 -0.01431787 0.04409903 0.04081732 -0.0252723 0.04213488 0.04144996 -0.0221818 0.04714101 0.04074019 -0.02364063 0.05024713 0.04064971 -0.02213251 0.03832376 0.0409789 -0.02834135 0.04066377 0.03990817 -0.03444725 0.03549849 0.04087233 -0.03143316 0.03574645 0.04003077 -0.03772026 0.03117156 0.04068309 -0.03610533 0.02993392 0.0401355 -0.04138207 0.02637964 0.0406304 -0.03974777 0.02661895 0.04017078 -0.0432744 0.02388054 0.04015183 -0.04491645 0.02334696 0.04066336 -0.04132407 0.04658824 0.03961467 -0.0311169 0.05166167 0.03935945 -0.02828478 0.05686521 0.0390473 -0.02578514 0.05662345 0.04044157 -0.01949191 0.06474995 0.03848809 -0.0228337 0.07177835 0.03796356 -0.02080065 0.06939965 0.03821766 -0.02122408 0.06988179 0.03999775 -0.01561015 0.07761919 0.0376197 -0.01936113 0.07669854 0.03980171 -0.01430362 0.08377432 0.03725564 -0.01826542 0.08359974 0.03964275 -0.01336985 0.09055733 0.03952717 -0.01275873 0.09382927 0.0368787 -0.01691848 0.0882157 0.03711766 -0.01749098 0.09754854 0.03945392 -0.01240825 0.09714663 0.03667008 -0.01679813 0.1038964 0.03655982 -0.01632839 0.1045572 0.03941226 -0.01225149 0.1115735 0.03938531 -0.01222091 0.1110041 0.03640949 -0.01614379 0.1231999 0.04091268 -0.01001495 0.1231999 0.03902941 -0.01266556 0.1231999 0.03617721 -0.01613187 0.1179278 0.04457217 -0.003524959 0.1231999 0.04504674 -0.002619445 0.1175464 0.04656219 0.001178622 0.1231999 0.04631489 3.64166e-4 0.1171376 0.04810535 0.006041467 0.1232001 0.04849267 0.007227003 0.1231999 0.04740554 0.003429532 0.1231999 0.04937666 0.01173681 0.1231999 0.04999905 0.02142035 0.1192 0.04980838 0.02468901 0.1231999 0.04981601 0.02468615 0.071967 0.04772996 0.02930963 0.08500099 0.04846876 0.0283569 0.08511567 0.04855567 0.02749073 0.08535391 0.04863262 0.02670377 0.08580118 0.04871314 0.02583301 0.08641898 0.04878461 0.02507174 0.07386654 0.04717612 0.03391253 0.08522278 0.04827868 0.03003436 0.08503729 0.04838156 0.0291621 0.08788555 0.0478748 0.03305548 0.0840764 0.04769527 0.03328961 0.08716934 0.04792886 0.03265208 0.08650541 0.04800492 0.03210884 0.08596384 0.04809004 0.03149312 0.08551901 0.04818695 0.03076231 0.05662882 0.04694086 0.01944458 0.05392563 0.04198122 -0.01316708 0.05807352 0.04341721 -0.005159914 0.05693888 0.04649138 0.0135861 0.06845134 0.04715472 0.01379621 0.05331653 0.04450809 5.74113e-4 0.05993825 0.0458638 0.007796943 0.06799536 0.04627913 0.008189499 0.07611745 0.04670274 0.008261382 0.08919996 0.04736208 0.007932841 0.1096591 0.04651743 0.00164628 0.1092905 0.04732865 0.004129588 0.06274753 0.04488539 0.001918673 0.07045346 0.04519224 0.002480626 0.07822972 0.04550993 0.002713561 0.08650082 0.0458213 0.002590358 0.08018994 0.04391521 -0.002785146 0.07273328 0.04373133 -0.003214478 0.06535184 0.04356431 -0.003983497 0.06075954 0.04194754 -0.01127117 0.1103572 0.04455614 -0.003201246 0.1100149 0.04559201 -7.99756e-4 0.06317996 0.04021722 -0.01732879 0.06773531 0.04192495 -0.009846627 0.07482016 0.04192316 -0.00883007 0.08198481 0.0419473 -0.008167743 0.08920305 0.04199624 -0.007802367 0.0964536 0.0420612 -0.00767076 0.1037214 0.04212594 -0.007705867 0.1109978 0.0421676 -0.007842123 0.02816671 0.04069632 0.0505777 0.04019904 0.04074794 0.05066782 0.03204244 0.04220867 0.04715806 0.04359221 0.04239708 0.0471971 0.03588157 0.04355865 0.04336369 0.04695308 0.04386526 0.04337066 0.03966206 0.04471683 0.03919738 0.05026155 0.04512053 0.03919112 0.05640286 0.04626756 0.03462857 0.08831536 0.04829716 0.01323843 0.06089085 0.04557389 0.0389142 0.05804824 0.04422962 0.04311972 0.05516052 0.0426498 0.04699254 0.05224472 0.04086709 0.050529 0.08027803 0.04504132 0.04217892 0.07832628 0.04326349 0.04620212 0.07635581 0.04123055 0.04992896 0.1049128 0.0481162 0.03299164 0.1047738 0.04880356 0.03024584 0.1047965 0.04822564 0.03301852 0.1038327 0.04923492 0.0272867 0.1039358 0.0491479 0.02716213 0.1034048 0.04930847 0.02683866 0.1036393 0.04923152 0.02698779 0.10366 0.04915577 0.02674609 0.1035431 0.0492587 0.02669692 0.1037753 0.04905617 0.0268585 0.1038442 0.04905289 0.02696263 0.1037138 0.04907447 0.02669006 0.1037908 0.04893034 0.02676743 0.1039052 0.0488879 0.02693706 0.1037641 0.04892891 0.02664107 0.1040806 0.04886728 0.02704936 0.1040124 0.04899883 0.02707219 0.1050463 0.04810643 0.02705651 0.1048919 0.04808747 0.02685153 0.1048045 0.04822742 0.02700603 0.1046532 0.04810118 0.02676862 0.1050674 0.04816108 0.02722316 0.1052927 0.04797995 0.02737259 0.1052102 0.04802751 0.02711784 0.1046209 0.04830151 0.02699112 0.1046239 0.04818332 0.02689296 0.1049237 0.04823899 0.02710336 0.1051204 0.0481438 0.02740854 0.10419 0.04845213 0.02703493 0.1040416 0.04845988 0.02697491 0.1039255 0.04843777 0.02687096 0.1038486 0.04843103 0.02674281 0.1038167 0.04840642 0.02662247 0.1042647 0.04831057 0.02699524 0.1042333 0.04814332 0.02684336 0.1048749 0.04817801 0.03356862 0.1050477 0.04785788 0.03304529 0.105015 0.0479874 0.03309524 0.1049852 0.04808211 0.03321969 0.1048623 0.0481795 0.03326076 0.1054086 0.04806649 0.03358149 0.1052309 0.04806143 0.03349053 0.1053318 0.04812312 0.0337978 0.1051897 0.04783231 0.03323239 0.1051885 0.04800224 0.03337121 0.1053489 0.04778832 0.03331184 0.1054764 0.04777175 0.03333687 0.1054303 0.0479477 0.03343451 0.1050426 0.04813075 0.03348517 0.1036103 0.04928117 0.02598124 0.1037037 0.04917252 0.02597481 0.1037642 0.04900968 0.02600312 0.1034869 0.04937487 0.02589356 0.08567672 0.05145919 0.02657276 0.08531457 0.05132651 0.02734899 0.08617591 0.05158746 0.02586948 0.08678919 0.05169051 0.02525937 0.08749127 0.05177581 0.02477157 0.08828067 0.0518409 0.02440577 0.08911401 0.05188465 0.02418529 0.0899983 0.05174934 0.02406418 0.09170639 0.05169743 0.02436006 0.09084492 0.05189085 0.02418136 0.09320896 0.05154699 0.02521324 0.09247106 0.0517894 0.02475678 0.09380906 0.05159038 0.02585178 0.09431403 0.05146187 0.02655673 0.09467583 0.0513314 0.02732348 0.09490549 0.05118012 0.02815371 0.09498202 0.05103033 0.02900266 0.09490621 0.05087924 0.02986294 0.09468823 0.05066484 0.03068011 0.0943163 0.05059731 0.03146094 0.09381663 0.05047821 0.03216224 0.09320765 0.05036699 0.03276503 0.09250396 0.05020809 0.03324925 0.09171319 0.05014312 0.03361415 0.09087324 0.05018222 0.03384017 0.09001487 0.05016428 0.033917 0.08914667 0.05018144 0.03384363 0.08830422 0.0501421 0.03362029 0.08750921 0.05020195 0.0332576 0.08680915 0.05036956 0.03277724 0.08619028 0.05047178 0.03217256 0.0856865 0.05059611 0.03146588 0.08530694 0.05058521 0.03067332 0.08509439 0.05087769 0.02986758 0.08500373 0.05088204 0.02899175 0.08508419 0.05110609 0.02814954 0.1231999 0.04949325 0.0247882 0.1192 0.04932802 0.02486699 0.1231999 0.0489912 0.02515006 0.1192 0.0488854 0.02529913 0.1231999 0.04868423 0.02571475 0.1192 0.04867178 0.02575826 0.1231999 0.04862004 0.02621716 0.1192 0.04862248 0.0262624 0.1231999 0.04872602 0.02671229 0.1192 0.04874336 0.02675426 0.1231999 0.04906225 0.02723306 0.1192 0.04910826 0.02727651 0.1231999 0.03352397 -0.01837521 0.1231999 0.04256922 0.03112906 0.1231999 0.04373604 0.02481234 0.1231999 -0.003809452 0.06990861 0.1231999 -0.00819683 0.0694077 0.1231999 -0.006406426 0.0635311 0.1231999 0.01135969 -0.0288257 0.1231999 0.009566903 -0.02294731 0.1231999 0.008185684 -0.02940982 0.1231999 0.003211677 -0.02388244 0.1231999 0.003951251 -0.0299046 0.1231999 0.04049509 0.03720849 0.1231999 0.03755795 0.04292136 0.1231999 0.02158319 -0.02556055 0.1231999 0.02540624 -0.02368682 0.1231999 0.02153438 -0.01837015 0.1231999 0.02820992 -0.02208369 0.1231999 0.02689152 -0.01482582 0.1231999 0.01449966 -0.02805113 0.1231999 0.01571816 -0.02109652 0.1231999 0.01760095 -0.02708584 0.1231999 0.006406426 0.0635311 0.1231999 0.006755471 0.06960904 0.1232002 0.003987789 0.06988131 0.1231999 0.03913104 -1.18654e-4 0.1231999 0.04164332 0.005793154 0.1231999 0.04326808 0.01200795 0.1231999 0.04397064 0.01839298 0.1231999 0.02398514 0.06441295 0.1231999 0.02118206 0.0657078 0.1231999 0.01867604 0.05983972 0.1231999 0.03578472 -0.005601704 0.1231999 0.03167563 -0.01053923 0.1231999 0.03091669 -0.02031332 0.1231999 -0.03619307 -0.01611292 0.1231999 -0.03167563 -0.01053923 0.1231999 -0.0383746 -0.01351416 0.1231999 -0.01450198 0.06804823 0.1231999 -0.01267623 0.06213438 0.1232001 -0.01090437 0.06891614 0.1231999 0 0.06400001 0.1231999 2.90303e-4 0.07003235 0.1231999 0.01267623 0.06213438 0.1231999 0.01386922 0.06822597 0.1231999 0.009930849 0.06911194 0.1231999 -0.003555119 -0.02991646 0.1231999 -3.10203e-4 -0.03003281 0.1231999 -0.003211677 -0.02388244 0.1231999 -0.04031252 -0.01089668 0.1231999 -0.03578472 -0.005601704 0.1231997 -0.04211324 -0.008158922 0.1231997 0.0190494 0.06653678 0.1231999 0.03395348 0.05803138 0.1231999 0.02936202 0.05276983 0.1231999 -0.006774604 -0.02960693 0.1231999 -0.009566903 -0.02294731 0.1231999 -0.009963512 -0.02910685 0.1231999 -0.01571816 -0.02109652 0.1231999 -0.01817643 -0.0268839 0.1231999 -0.01437366 -0.02809786 0.1231999 -0.02413654 -0.02434188 0.1231999 -0.02153438 -0.01837015 0.1231999 -0.02698147 -0.02281349 0.1231999 -0.02689152 -0.01482582 0.1231999 -0.03078109 -0.02042704 0.1231999 -0.04709279 0.002488613 0.1231999 -0.04164332 0.005793154 0.1231999 -0.0480538 0.005594015 0.1231999 -0.04326808 0.01200795 0.1231999 -0.04882413 0.008737504 0.1231999 -0.03352767 0.0583719 0.1231999 -0.02936202 0.05276983 0.1231999 -0.03092128 0.06030982 0.1231999 -0.02427762 0.05669575 0.1231999 -0.01867604 0.05983972 0.1232004 -0.0198943 0.06623476 0.1231999 -0.02251482 0.06511843 0.1231999 -0.02541273 0.06368345 0.1231999 -0.02821552 0.06208038 0.1231999 -0.01761209 0.06708198 0.1231999 0.03382045 0.04814559 0.1232001 -0.04555749 -0.001538515 0.1231999 -0.03913104 -1.18654e-4 0.1231999 -0.03755795 0.04292136 0.1231999 -0.04270917 0.04715788 0.1231999 -0.04424601 0.04432088 0.1231999 -0.04561311 0.04139196 0.1231999 -0.04049509 0.03720849 0.1231999 -0.03382045 0.04814559 0.1231999 -0.04030847 0.05095094 0.1231999 -0.03614175 0.05616945 0.1231999 0.0269618 0.06282502 0.1231999 0.02427762 0.05669575 0.1231999 0.03076082 0.06044292 0.1231999 -0.02120071 -0.02569973 0.1231999 -0.04256922 0.03112906 0.1231999 -0.04810971 0.03428441 0.1231999 -0.04906499 0.03012871 0.1231999 -0.04373604 0.02481234 0.1231999 -0.04957312 0.02694219 0.1231999 -0.04989039 0.02372509 0.1231999 -0.03788924 0.05412817 0.1231999 -0.03396701 -0.01802098 0.1231999 -0.04368579 -0.005367338 0.1231999 -0.04397064 0.01839298 0.1231999 -0.0498985 0.01630896 0.1231999 -0.04940408 0.01191449 0.1231999 -0.05001515 0.02048051 0.1231999 -0.04680687 0.03837394 0.02451407 0.03938829 -0.0460987 0.02433335 0.03970474 -0.04575967 0.02708297 0.03938537 -0.04467052 0.03124958 0.03898668 -0.04249185 0.02827405 0.03873133 -0.04453343 0.02735507 0.03898912 -0.04489338 0.04300898 0.03875428 -0.03496313 0.0362237 0.03870671 -0.0394454 0.05706667 0.03813952 -0.02730214 0.0530821 0.03859263 -0.02901172 0.05981481 0.03820246 -0.02584367 0.07140254 0.03764533 -0.02150022 0.06958931 0.03745132 -0.02238935 0.06522202 0.03785443 -0.02372932 0.07416558 0.03720486 -0.0210402 0.07780736 0.03726828 -0.01985394 0.07886302 0.0369721 -0.01987916 0.08412176 0.03684306 -0.01872849 0.09158384 0.03655672 -0.01764667 0.08881783 0.03657639 -0.0180782 0.1113808 0.03614825 -0.01641196 0.1043133 0.0362342 -0.01666951 0.09064561 0.03687351 -0.01742756 0.02475345 0.03879982 -0.04650002 0.02472043 0.03904742 -0.04632467 0.02424407 0.03995043 -0.04533344 0.0269801 0.03971713 -0.0442543 0.02664256 0.03997081 -0.04395091 0.02983272 0.03981405 -0.04232817 0.04137462 0.0393536 -0.0353527 0.03548461 0.03975218 -0.03867357 0.0465489 0.03939193 -0.0317744 0.05276709 0.03909713 -0.02836382 0.06506526 0.03827548 -0.02319091 0.05893445 0.03866887 -0.02561306 0.03011357 0.03939843 -0.04279333 0.03571897 0.03936886 -0.03913974 0.04795938 0.03861999 -0.03198188 0.0471884 0.03904277 -0.03197133 0.09819561 0.0363391 -0.01705807 0.01522427 0.04064881 -0.04500824 0.01624614 0.04016709 -0.04814481 0.01196271 0.04017639 -0.04934298 0.01072221 0.04064691 -0.04629862 0.02026075 0.0401811 -0.04653126 0.01952618 0.04065471 -0.04328972 0.007565498 0.04018211 -0.05018466 0.006103217 0.04064697 -0.04713004 -0.002046704 0.04016834 -0.05076408 -0.006672501 0.04017961 -0.05031883 -0.003133237 0.0406475 -0.04741781 0.001524627 0.04065138 -0.0474807 0.002423584 0.04017144 -0.0507372 -0.01145035 0.04016804 -0.04949712 -0.01608598 0.04018592 -0.04812383 -0.01227504 0.04065001 -0.04589653 -0.01672542 0.04064851 -0.04447662 -0.007712185 0.04065299 -0.04686844 -0.02502638 0.04065138 -0.04037851 -0.02096211 0.04065108 -0.0426312 -0.02446925 0.04017055 -0.04451578 -0.02830994 0.04018115 -0.04212576 -0.02879077 0.0406478 -0.03780508 -0.0204094 0.04016506 -0.04654079 -0.03237164 0.04065126 -0.03476762 -0.03593552 0.04016947 -0.03591156 -0.03561931 0.04064965 -0.03144127 -0.03258216 0.04017561 -0.03895115 -0.04186367 0.04017496 -0.02874809 -0.044348 0.04017543 -0.0247249 -0.03865635 0.04064947 -0.02763485 -0.03892201 0.04017591 -0.03260511 -0.04101634 0.0406562 -0.02393031 -0.04318511 0.04065138 -0.01979267 -0.04658967 0.04017633 -0.02019482 -0.044968 0.04064667 -0.0153793 -0.04817301 0.04016727 -0.01615381 -0.04941034 0.04017186 -0.01176095 -0.04622054 0.04065001 -0.01100307 -0.05087274 0.04014784 0.001414239 -0.04750233 0.04064494 0.001832306 -0.04747051 0.04065024 -0.001846373 -0.05074054 0.04016786 -0.002490103 -0.04706358 0.04065144 -0.0064556 -0.05025774 0.04017972 -0.007133603 -0.02305591 0.04219311 0.03948843 -0.02325642 0.042849 0.03918027 -0.02525568 0.04253906 0.03798478 -0.0314458 0.04179632 0.03349429 -0.0294947 0.04178857 0.03523248 -0.02932494 0.04251724 0.03494817 0.03739035 0.04820001 0.02570945 0.03756344 0.04792267 0.0255599 0.03895235 0.04819887 0.02331531 0.03547811 0.04819995 0.02827268 0.03309535 0.04787904 0.03104257 0.03439939 0.0477187 0.02963078 -0.03578794 0.04204684 0.02859944 -0.03600513 0.04168874 0.02869564 -0.03493905 0.04172718 0.02990829 -0.03463131 0.04092192 0.03171992 -0.0369082 0.04085505 0.02926588 -0.03285229 0.04086661 0.03372246 -0.03650403 0.04109275 0.02905106 -0.03531521 0.04121702 0.03020435 -0.03615063 0.04138398 0.02891838 -0.03478914 0.04221111 0.02968341 -0.03564512 0.04250979 0.02849268 -0.03464931 0.04275012 0.02959799 -0.0355966 0.04289579 0.0284416 -0.0257849 0.04307848 0.03754079 -0.01309239 0.04310894 0.04361879 -0.01391595 0.04254931 0.04343771 -0.01089423 0.04291021 0.04423165 -0.01620215 0.04263138 0.04260873 -0.00770086 0.04320812 0.04488384 -0.00889188 0.04256647 0.04474741 -0.006354749 0.04283761 0.04513335 -0.003767967 0.04273957 0.04545098 -0.004903495 0.04325014 0.04527324 -0.001248896 0.04284232 0.04558628 -0.001876473 0.04335999 0.04549479 0.001233935 0.04325217 0.04553431 0.00746268 0.04402983 0.04489499 0.00398761 0.04346209 0.04536527 0.006305456 0.04333293 0.04515624 0.008806943 0.04378461 0.04468542 0.01017749 0.04429715 0.04434746 0.01138138 0.04386675 0.04412811 0.01891082 0.04549187 0.0413388 0.01841944 0.04486787 0.04163974 0.02168393 0.04596287 0.03993576 0.02072006 0.045188 0.04054391 0.02296841 0.04557538 0.03929436 0.0246967 0.04624915 0.03814703 0.03604692 0.04775828 0.02766412 0.04158729 0.04819959 0.01823198 0.04219079 0.04812312 0.01677471 0.04291689 0.04819262 0.01477283 0.04333609 0.04820001 0.01345115 0.0437833 0.04804122 0.01195299 0.04412603 0.04819995 0.01052761 0.04440981 0.04794961 0.009336292 0.04497337 0.04772943 0.006059587 0.04521667 0.04708302 0.004394531 0.04532736 0.0471965 0.002513945 0.04425245 0.04481554 -0.01060456 0.04444742 0.04538106 -0.00953859 0.04476165 0.04519796 -0.008116483 0.04501473 0.04587525 -0.006220698 0.04371857 0.04484212 -0.01255393 0.03981173 0.04317951 -0.02222841 0.03915375 0.04364132 -0.02322638 0.04072022 0.04372066 -0.02036213 0.03847128 0.04297173 -0.02449584 0.03761684 0.04345983 -0.02565157 0.03702396 0.04283839 -0.02663183 0.03592634 0.04331701 -0.02797627 0.03548371 0.04270792 -0.02866286 0.03390038 0.0429902 -0.03042799 0.0302686 0.0425086 -0.03413403 0.02959525 0.04307705 -0.03461647 0.03203433 0.04285007 -0.03240174 0.02621871 0.04245197 -0.03733885 0.02722764 0.04307049 -0.03650856 0.02830445 0.04245203 -0.03579121 0.02410644 0.04252201 -0.03871566 0.02452516 0.04298961 -0.03838247 0.02191287 0.04281944 -0.03994262 0.02839559 0.04073089 -0.03785789 0.03235542 0.04079717 -0.03452575 0.04302477 0.04172348 -0.01984554 0.04659086 0.04569399 0.01013392 0.01546466 0.0426619 0.04440605 -0.0302549 0.04087263 0.03602999 -0.02821463 0.04087722 0.03762978 -0.02532935 0.04181087 0.0383135 -0.02742964 0.04180705 0.03684478 -0.0273326 0.04254215 0.03651899 -0.01870596 0.04204392 0.04179435 -0.01627427 0.04193466 0.04286998 -0.01385092 0.04195547 0.04370701 -0.0114966 0.04210442 0.04431009 -0.03127408 0.04253894 0.03320819 -0.03054696 0.0430864 0.0337795 -0.03288507 0.0428602 0.03153169 -0.03304886 0.04217755 0.0316168 -0.02082103 0.04278743 0.04053258 -0.02088326 0.04214584 0.04070246 0.01141721 0.04330343 0.04435968 0.01153028 0.04278331 0.04471307 0.01387971 0.04343116 0.04374182 0.009002506 0.04253304 0.04527556 0.008875966 0.0432111 0.0448445 0.006465554 0.04230213 0.04570591 0.006418168 0.04280513 0.04536253 0.003902614 0.04210138 0.04599678 0.003841817 0.0427736 0.04556381 0.001317203 0.04192996 0.04614686 0.001289725 0.0426017 0.04571264 -0.001276612 0.04210835 0.04590815 -0.00644201 0.04159069 0.04573613 -0.003852546 0.04199665 0.04577022 -0.006376862 0.04226613 0.04529953 -0.009039223 0.04186254 0.04504007 0.03517901 0.04622572 0.03010427 0.03482758 0.04667896 0.0298466 0.03325301 0.04624736 0.03181362 0.02965325 0.04549932 0.03538805 0.03144145 0.04597371 0.03359371 0.02941823 0.04585778 0.03517693 0.02752333 0.04534655 0.03685349 0.01882261 0.04382449 0.04208648 0.0210824 0.04422771 0.04093796 0.01863592 0.0442633 0.04181474 0.01642799 0.04355973 0.04300618 0.0162158 0.04417669 0.04267913 0.03295749 0.04674345 0.03160595 0.03116106 0.04646408 0.0333817 0.02722913 0.04592168 0.03660076 0.02551883 0.04482877 0.03843736 0.02515989 0.04557466 0.03806108 0.02331471 0.04457283 0.03971749 0.0231058 0.0450325 0.03947103 0.02089405 0.04468184 0.04068881 0.01378262 0.04397058 0.04349803 0.03460764 0.04710137 0.02970731 0.02922821 0.04626363 0.03502845 -0.01866132 0.04281646 0.04156541 0.03279089 0.04729872 0.03147566 0.03100192 0.04701066 0.0332508 0.02903085 0.04687798 0.0349341 0.01610505 0.04483062 0.04254335 0.01337969 0.04445719 0.04349076 0.03108859 0.0475074 0.03306663 0.02704393 0.04661881 0.03650498 0.03679651 0.04642355 0.02812784 0.03642719 0.04687964 0.02787744 0.03792136 0.04703503 0.0258156 0.03830713 0.04657667 0.02605724 0.03945082 0.04694432 0.02375829 0.04055291 0.04719305 0.02147096 0.04088103 0.04681706 0.02164053 0.0416764 0.04718887 0.01921314 0.04201298 0.04681211 0.01937377 0.04267323 0.04712915 0.01689833 0.04310828 0.04666692 0.01709401 0.04370701 0.04681563 0.01459181 0.04488968 0.04662019 0.009621083 0.04444968 0.04664528 0.01215374 0.04524487 0.04624575 0.009735047 0.04535531 0.04635304 0.007134795 0.03916847 0.04735296 0.02360326 0.04339993 0.04722756 0.01446467 0.04413968 0.04705601 0.0120356 0.03619903 0.04730689 0.02774137 0.03768569 0.04746687 0.02568215 0.0403046 0.04763072 0.02134454 0.04142302 0.04762828 0.01909053 0.04241561 0.04756891 0.01678001 0.04462504 0.04705613 0.009520888 0.0450899 0.04678618 0.007042825 0.04541593 0.04647779 0.004552245 0.04575824 0.04594463 0.004658937 0.04560494 0.04613751 0.002049684 0.03897482 0.04779714 0.02349615 0.04318803 0.04768633 0.01436692 0.04392594 0.0475136 0.01194053 0.04437536 0.04314565 -0.01300168 0.04341989 0.04299849 -0.01542353 0.04406601 0.04350191 -0.01296359 0.04503256 0.0434882 -0.01051992 0.04471385 0.04384601 -0.01050066 0.04555088 0.0438503 -0.008010864 0.04522359 0.04421001 -0.008010506 0.04592967 0.04422652 -0.005474627 0.04559481 0.04458838 -0.005492329 0.04590147 0.04487133 -0.002938807 0.03735506 0.04208582 -0.02675116 0.03618144 0.04146182 -0.02905064 0.03574794 0.04206699 -0.02877777 0.02222698 0.0413568 -0.04055535 0.02208548 0.04168587 -0.0403276 0.0245192 0.04133921 -0.03923124 0.02436178 0.04168492 -0.03899359 0.02674794 0.04118835 -0.0379461 0.02642661 0.04179769 -0.03754001 0.0288158 0.04121267 -0.03639543 0.02847123 0.04182142 -0.03601104 0.03079503 0.04124879 -0.03472971 0.03042811 0.04185664 -0.03436923 0.03268879 0.04129976 -0.03294456 0.03229922 0.04190671 -0.03261131 0.03448915 0.04136937 -0.03104645 0.03407686 0.0419752 -0.0307427 0.04141539 0.04245609 -0.02020233 0.04009634 0.04241579 -0.02241981 0.04106587 0.04302686 -0.02008545 0.04248505 0.04270946 -0.01783889 0.04212135 0.04328238 -0.01774805 0.04304271 0.04357409 -0.01535952 0.0460819 0.04515802 -3.82413e-4 0.04577541 0.04555559 -4.39367e-4 0.0459457 0.04560899 0.002142906 0.04370462 0.04409664 -0.01303905 0.04446971 0.04425126 -0.01050359 0.04497361 0.04461908 -0.008029103 0.04534006 0.04500132 -0.00552541 0.04556757 0.04538923 -0.003000915 0.02194494 0.04214763 -0.04011636 0.02422297 0.04207777 -0.03882092 0.03209966 0.04241502 -0.03248202 0.03386729 0.04248285 -0.03062903 0.03878623 0.04223442 -0.02462357 0.04028594 0.04819858 0.02093786 0.04445993 0.04752218 0.009439527 0.04492384 0.04724878 0.006963551 0.04543751 0.04659086 0.001978576 0.04556024 0.04599416 -5.02207e-4 0.04542708 0.046534 -5.42304e-4 0.04536062 0.04598522 -0.003045499 0.0451737 0.0454393 -0.005572378 0.0418834 0.04398286 -0.01783132 0.04286921 0.04428231 -0.01528316 0.04571092 0.04598021 0.007234871 0.03917104 0.04611861 0.0266124 0.04060178 0.0462293 0.02442967 0.04726803 0.04498457 0.003648817 0.04733592 0.04426205 -0.001495838 0.04626417 0.04313868 -0.009253382 0.03733211 0.04115122 -0.02852827 0.03389781 0.0409699 -0.03255105 0.03009092 0.04087191 -0.03612005 0.025967 0.04082906 -0.03919386 0.02259296 0.0408523 -0.04114639 0.02588737 0.04429692 0.03909111 0.02803534 0.04463815 0.03762364 0.03228843 0.04521882 0.03445631 -0.01887041 0.04111289 0.04259932 -0.01644754 0.04112756 0.04357326 -0.01878011 0.04149478 0.04218035 -0.03180766 0.04122644 0.03387343 -0.03364676 0.04121786 0.03206026 -0.03335648 0.0416153 0.03179836 -0.02597296 0.04095453 0.039025 -0.02781647 0.04124039 0.03719556 -0.02986007 0.04123401 0.03558903 -0.0227651 0.04098474 0.04092192 -0.02349317 0.04125154 0.04004025 -0.02569162 0.04124587 0.03868031 -0.02329736 0.04164463 0.03972715 -0.02122664 0.04124253 0.04129385 -0.02105391 0.04163622 0.04096454 -0.0139631 0.04114896 0.04441708 -0.01638412 0.04150897 0.04315555 -0.01393508 0.04153043 0.04399722 -0.01142144 0.04146701 0.04479074 -0.02813637 0.04308044 0.03581225 -0.01158177 0.04109364 0.04522258 -0.007707536 0.04117107 0.04603111 -0.002509117 0.04134511 0.04657948 0.002782106 0.04163187 0.04655259 0.007990896 0.04203897 0.04595232 0.01298666 0.04257249 0.0447914 0.0167635 0.0430727 0.04346698 -0.00897789 0.04138869 0.04546946 -0.002512574 0.04159402 0.0462678 0.01414924 0.04294162 0.0441184 0.019059 0.04340839 0.04249989 0.02137947 0.04372704 0.04143548 0.02365076 0.04407179 0.04021251 0.03003406 0.04507946 0.03581017 0.04168844 0.04634058 0.02206552 0.04284483 0.04633826 0.01976656 0.04551494 0.04599571 0.01250141 0.0461291 0.04577314 0.009977161 0.04659622 0.04550594 0.007436335 0.04676306 0.04373645 -0.005471229 0.04476851 0.04247629 -0.01438987 0.04277908 0.04188024 -0.01945602 0.0403127 0.04144769 -0.02413243 0.02241683 0.04107308 -0.04082578 0.02463728 0.04105293 -0.03955781 0.03782254 0.04151225 -0.02703416 0.03927558 0.04166108 -0.02487248 0.04060673 0.04184287 -0.02263385 0.04181534 0.04205983 -0.02031803 0.04289937 0.04231399 -0.01792591 0.0438463 0.04260265 -0.01548635 0.04510402 0.04302024 -0.01183301 0.046045 0.04350244 -0.008001327 0.04632669 0.04393774 -0.005471587 0.04679226 0.04420828 -0.002886414 0.04668474 0.04528242 0.004842102 0.04613459 0.04569298 0.007336974 0.04566812 0.04595857 0.009856164 0.04494112 0.04623872 0.01232892 0.04453063 0.04624432 0.0149033 0.04364454 0.04635888 0.01731413 0.04241216 0.0465238 0.01956266 0.04126894 0.04652816 0.02184355 0.04019296 0.04636859 0.02418583 0.04636418 0.04445296 -0.00290513 0.04623979 0.04552185 0.004761874 0.03979998 0.04660958 0.02395689 0.03171283 0.04564434 0.03382885 0.02775782 0.04502093 0.03709638 0.04690015 0.0445857 -2.95864e-4 0.04646486 0.04482847 -3.34377e-4 0.04686397 0.04494673 0.002282679 0.04642277 0.04518777 0.002223551 0.04409289 0.04648089 0.0147413 0.03877943 0.0462625 0.02635246 0.03724724 0.04610711 0.02843743 0.03560668 0.04590708 0.03042614 0.03386157 0.04566729 0.03231543 0.03354161 0.04591643 0.03204315 0.0320121 0.04539299 0.03410762 -0.03749001 0.04162019 0.028687 -0.04240882 0.04051733 0.03103131 -0.04173547 0.04057615 0.03075927 -0.03737276 0.04143929 0.02869457 -0.03745031 0.04123383 0.02881771 -0.04168719 0.04036742 0.03085058 -0.03735005 0.04106909 0.02891874 -0.041251 0.04020124 0.03089624 -0.03742086 0.04089957 0.02911669 -0.04122829 0.04005408 0.031143 -0.03723973 0.04084533 0.02918332 -0.02176159 0.0390821 0.04849648 -0.006023764 0.03822875 0.05368769 -5.84233e-4 0.03801846 0.05457729 0.03788727 0.03677684 0.05672019 -0.03183907 0.03858292 0.0437625 -0.03280007 0.03831809 0.04326272 -0.02972429 0.03845566 0.0453487 -0.0344628 0.03862667 0.04164379 -0.03721404 0.03845667 0.03922021 -0.03617578 0.03872209 0.03998935 -0.03816187 0.03878736 0.03790766 -0.0399869 0.03883528 0.03576886 -0.03925222 0.03851372 0.03696918 -0.04112613 0.03852349 0.03466558 -0.04179799 0.03882688 0.03343832 -0.04260522 0.03909838 0.03192162 -0.04289495 0.03875637 0.03198081 -3.69794e-4 0.03753513 0.05509161 0.005030393 0.03741472 0.05564403 0.01082158 0.03725057 0.05608201 0.01759624 0.03703588 0.05645591 0.02741253 0.03693795 0.05663245 -0.04194754 0.03966051 0.03166872 -0.04219776 0.03942579 0.03187578 -0.04148626 0.0392099 0.03330135 -0.03963977 0.03935825 0.0353595 -0.02444404 0.03890758 0.04771935 -0.02701663 0.03884673 0.04652029 -0.02464693 0.03855305 0.04809141 -0.02191859 0.03879523 0.04897004 -0.02209341 0.03844916 0.04933691 -0.01934903 0.03868186 0.05007344 -0.01956707 0.03817003 0.05058825 -0.01693391 0.03842324 0.05118793 -0.03781789 0.03929239 0.03752523 -0.03587192 0.03921765 0.0395866 -0.03381294 0.0391348 0.04152292 -0.03165036 0.03904485 0.04332453 -0.02938413 0.03894823 0.04499143 -0.02736341 0.03835242 0.04687696 -0.0113731 0.0382111 0.05280822 -0.005781829 0.03768831 0.05429393 -0.01215541 0.03779166 0.05302608 -0.008802294 0.03754299 0.05388772 -0.01420307 0.037876 0.05245089 -0.02495121 0.03815823 0.04830724 -0.02221155 0.03805935 0.0496357 -0.0161494 0.03783369 0.05194973 -0.04152148 0.03986757 0.03149759 -0.04073268 0.03975933 0.0329535 -0.03920775 0.03969913 0.03501117 -0.03741329 0.03962939 0.03716212 -0.03549671 0.03955119 0.03921002 -0.03346878 0.03946495 0.04113543 -0.03133785 0.03937155 0.04292881 -0.02910453 0.03927153 0.04458993 -0.02679187 0.03916126 0.04611366 0.1043691 0.04542315 0.04178375 0.1073194 0.04542416 0.04179584 0.1044633 0.04540556 0.04170584 0.1073074 0.04538071 0.04161626 0.1044865 0.04535716 0.04157543 0.1044967 0.04529225 0.04148036 0.1073082 0.04486405 0.04130452 0.1044885 0.04502314 0.04131948 0.1072962 0.04506856 0.04133647 0.1045089 0.04515415 0.04136896 0.107338 0.04530292 0.04148519 0.1073145 0.04520869 0.04140305 0.1042088 0.04543685 0.0415647 0.1043262 0.04534327 0.0414626 0.1039081 0.04559677 0.04111576 0.1039572 0.04554027 0.04139888 0.1040903 0.04544407 0.04134327 0.1037725 0.04570358 0.04108119 0.1036896 0.04567599 0.0412513 0.1043142 0.04511398 0.04126626 0.1041682 0.04518896 0.04114603 0.1041898 0.04532563 0.04129379 0.1041004 0.04530811 0.04107719 0.10405 0.04536598 0.04092675 0.1040006 0.04550784 0.04098778 0.1044035 0.04522013 0.0413801 0.1040453 0.04544281 0.0411641 0.1037633 0.04609251 0.04012113 0.1040335 0.04578393 0.04010045 0.1039452 0.04592669 0.04015409 0.1039336 0.04599279 0.04007554 0.1044048 0.04630559 0.03951823 0.1041492 0.04618144 0.03969758 0.1043358 0.04611414 0.03965151 0.1039846 0.0461663 0.03981757 0.104028 0.04598194 0.03994321 0.1040843 0.04588454 0.0399158 0.1042104 0.04600763 0.03974169 0.1044893 0.04613524 0.03961879 0.1073662 0.04608488 0.03963696 0.1073864 0.04623609 0.03958559 0.107717 0.04638618 0.03949552 0.1074193 0.04635632 0.03949266 0.1079636 0.04618781 0.03992962 0.1076812 0.04626369 0.03964984 0.1077764 0.046148 0.03981876 0.1080515 0.04608577 0.04019707 0.1079253 0.04600292 0.04017758 0.1077924 0.04601919 0.03994554 0.1075407 0.04610425 0.03968596 0.1077296 0.04588973 0.03992331 0.1076653 0.04601824 0.03980016 0.1078436 0.04591667 0.04014211 0.1077792 0.04579359 0.04009467 0.1078314 0.04555237 0.04101043 0.1078978 0.04559856 0.04115509 0.1080512 0.0457226 0.04109317 0.1077654 0.04538536 0.04093754 0.1077319 0.04544734 0.04126948 0.1078261 0.0455352 0.04144227 0.1076291 0.04540133 0.04139626 0.1076126 0.0454638 0.04166895 0.1075037 0.04538631 0.04151177 0.107475 0.04510837 0.04128211 0.1075111 0.04526102 0.04134631 0.1077615 0.04543793 0.04111987 0.1076779 0.04521387 0.04111123 0.107672 0.04531729 0.04119646 0.1075378 0.04508578 0.04123449 0.1041598 0.04940581 0.02534997 0.1038901 0.04942446 0.02538663 0.1036635 0.0494005 0.02557981 0.1037943 0.04931074 0.02561146 0.1039928 0.04921489 0.02556014 0.1038618 0.04911965 0.02571403 0.1041223 0.04927498 0.02547752 0.104016 0.04908359 0.02559298 0.1041853 0.04911231 0.02553254 0.1037646 0.04921782 0.02576196 0.1037889 0.0490489 0.02586144 0.1042206 0.04930943 0.02544277 0.1046178 0.04946714 0.02526348 0.1046002 0.04938107 0.02538663 0.1045922 0.04924839 0.02548438 0.1045978 0.04912102 0.02552706 0.1049058 0.04934757 0.02512115 0.1048837 0.04946613 0.02399259 0.1047772 0.0494526 0.02511084 0.1048102 0.04953271 0.02391487 0.1046926 0.04958391 0.02387315 0.1050202 0.04908668 0.02516347 0.105032 0.04923081 0.02400225 0.1049925 0.04920703 0.0251398 0.1049792 0.04934293 0.02402985 0.1050053 0.04956609 0.02355486 0.1050983 0.04943108 0.02368992 0.1052365 0.04940432 0.02359741 0.1053684 0.04942685 0.0235328 0.1054559 0.04926478 0.02357596 0.1054915 0.04942435 0.02351218 0.1053788 0.04957628 0.02337336 0.1050766 0.04928523 0.02383095 0.1051371 0.04923397 0.02376389 0.1053091 0.04925662 0.0236237 0.1049904 0.04942876 0.02381974 0.1063475 0.04964667 0.02329105 0.1064 0.04954123 0.0234512 0.1063461 0.04942965 0.02352529 0.1063315 0.04930382 0.02357465 0.1069356 0.04965037 0.02363646 0.1068982 0.04952251 0.02394801 0.1067793 0.04943609 0.02383327 0.1068246 0.04940879 0.02402907 0.1067749 0.04929155 0.02399921 0.1070425 0.04962122 0.02399241 0.1067222 0.04932624 0.02382957 0.1066744 0.04948842 0.02365303 0.1064777 0.04937559 0.02359807 0.1066122 0.04962056 0.02343523 0.1065974 0.04931759 0.023687 0.1070176 0.04951053 0.02516746 0.1068831 0.04940128 0.02511096 0.1067979 0.0492329 0.02514553 0.1071793 0.04950726 0.02532374 0.1105142 0.0495941 0.02532655 0.1072365 0.04925793 0.02551925 0.1071547 0.04918539 0.02552819 0.110509 0.04925304 0.02555286 0.1105419 0.0494166 0.02549904 0.1071865 0.04937422 0.02545684 0.1110441 0.0495221 0.02579128 0.1108918 0.04959928 0.0254535 0.1109047 0.04947441 0.02567023 0.1109271 0.04936367 0.02582198 0.1108325 0.04927355 0.02574181 0.1109214 0.04921656 0.02595126 0.1109774 0.04933959 0.0260095 0.1110864 0.04947698 0.02600061 0.1106849 0.04925543 0.02561742 0.1107563 0.04954379 0.02547127 0.1107277 0.04940116 0.02558618 0.1111965 0.04940682 0.02726089 0.1109774 0.04921233 0.02705276 0.1109287 0.04906761 0.02702832 0.1110781 0.04933869 0.02708566 0.1108945 0.04906708 0.02718997 0.1109836 0.04928207 0.02730661 0.1108976 0.04915225 0.02726459 0.106799 0.04817599 0.03361415 0.1089891 0.0488699 0.03046464 0.106782 0.04814285 0.03341162 0.108877 0.04877245 0.03032636 0.1088008 0.0485866 0.03020215 0.106647 0.04785305 0.03321546 0.1066941 0.04803282 0.03331398 0.1063792 0.04806834 0.0335682 0.106403 0.0481351 0.03376579 0.1065758 0.0480768 0.03349083 0.106509 0.04792207 0.03335636 0.1064705 0.04774636 0.03330212 0.1063262 0.04777228 0.03333836 0.1063675 0.0479573 0.03343564 0.1063139 0.04959565 0.01895445 0.1062988 0.04968398 0.01910102 0.1065984 0.04959315 0.01884967 0.1066687 0.0496661 0.01892316 0.1063318 0.04947 0.01884841 0.106562 0.0494818 0.01876366 0.1066858 0.04936093 0.01855826 0.1065966 0.0493583 0.01866716 0.1064407 0.0493294 0.01876157 0.1063216 0.0493527 0.01879721 0.1067354 0.04936426 0.01846009 0.1067653 0.04952347 0.01858025 0.1068137 0.04948455 0.01838082 0.1067526 0.04931473 0.01834231 0.1069511 0.04962301 0.01835584 0.1068972 0.04965287 0.01862847 0.105462 0.04960346 0.01900196 0.1054881 0.0494951 0.01888912 0.1054751 0.0493322 0.01879984 0.1051019 0.04960709 0.0189014 0.1052474 0.04954355 0.0188694 0.1048159 0.04956442 0.01836526 0.1049023 0.04956865 0.01859772 0.1049692 0.04944247 0.01842445 0.1051123 0.04930758 0.01854586 0.1050807 0.04948794 0.01867789 0.1052522 0.04941451 0.01875782 0.1050558 0.04926908 0.01836735 0.1052154 0.04928278 0.0186643 0.1053362 0.04929113 0.018745 0.1048166 0.04945105 0.01661318 0.1049766 0.04930377 0.01662439 0.1050559 0.04911482 0.01659154 0.1045998 0.04937452 0.0163449 0.1028063 0.0493254 0.01636189 0.1046535 0.04945737 0.01645869 0.1026805 0.04941588 0.01652801 0.1046221 0.04911571 0.01620674 0.1027878 0.04903042 0.0161966 0.1046245 0.04927206 0.01626396 0.102822 0.04917407 0.016249 0.1025282 0.04914069 0.0161013 0.1024675 0.04904758 0.01596635 0.1023327 0.04921317 0.0159555 0.1023315 0.04936528 0.0162518 0.1025397 0.04934263 0.01632368 0.1022229 0.04930996 0.01601994 0.1021243 0.04928708 0.01573723 0.1022593 0.04919981 0.01574486 0.1023567 0.04907876 0.01573681 0.1024115 0.04902422 0.0158357 0.1025984 0.04901021 0.01609849 0.1024141 0.04893428 0.01575553 0.1026545 0.04917705 0.01620066 0.1024851 0.04926395 0.01618552 0.1020815 0.04920345 0.0146743 0.1021928 0.04916471 0.01487129 0.1024137 0.04887592 0.01490986 0.1023299 0.04904121 0.01490533 0.1024348 0.04913562 0.0143761 0.1023344 0.04909718 0.01462066 0.1025577 0.04901146 0.01449787 0.1027873 0.04899966 0.01439225 0.102818 0.04908317 0.01429575 0.1027382 0.04913717 0.01419842 0.1022734 0.0491802 0.01430869 0.1026797 0.04916763 0.01406931 0.1026061 0.04878145 0.01460713 0.1027386 0.04881179 0.01452225 0.1024979 0.04895746 0.01462113 0.1024601 0.04885977 0.01476711 0.1023932 0.04899841 0.0147351 0.1028887 0.04882222 0.0144881 0.1045686 0.04905641 0.01439613 0.1045763 0.0488789 0.01448816 0.1045629 0.04917991 0.01425909 0.1049946 0.04881751 0.01229333 0.1048192 0.04895573 0.01224339 0.1048638 0.0491656 0.01402503 0.1046845 0.04924046 0.01406186 0.1050572 0.04889118 0.01410961 0.1050795 0.04865139 0.0123322 0.1050103 0.04900544 0.01401239 0.1049712 0.04886972 0.01208776 0.1048635 0.04893296 0.01198083 0.1051318 0.04879844 0.01194489 0.1052181 0.04873675 0.01193886 0.1054189 0.04887336 0.01160418 0.1054667 0.04881185 0.01172107 0.1051089 0.04888349 0.0117675 0.1050757 0.04873067 0.01217663 0.1051325 0.04856657 0.01219993 0.1051889 0.04859483 0.01209521 0.105454 0.04870373 0.01183289 0.1053489 0.04856926 0.01196175 0.1055335 0.04854691 0.0119093 0.106289 0.04857075 0.01191079 0.1062636 0.04874461 0.01182013 0.1062859 0.04892235 0.01155227 0.1062983 0.0488553 0.01170152 0.1065823 0.0488851 0.01181167 0.1065642 0.04894608 0.01163274 0.1070574 0.04906755 0.0120967 0.1068287 0.04899913 0.01178586 0.1069635 0.04903358 0.01216518 0.1067249 0.04880791 0.01215189 0.1068727 0.04897141 0.01223939 0.1067712 0.04891794 0.01202058 0.1066434 0.04862678 0.01212579 0.1065825 0.04875975 0.0119704 0.1065061 0.04864317 0.01198345 0.106434 0.04864794 0.0119369 0.1064627 0.04882138 0.01181566 0.1067323 0.0487138 0.01232165 0.1067827 0.04885452 0.0123161 0.106988 0.04929196 0.0140118 0.1067513 0.04896539 0.01403719 0.1068193 0.04912757 0.01400917 0.1071586 0.04920804 0.01433956 0.1089586 0.04931998 0.01428943 0.1071113 0.04928582 0.01422393 0.1090582 0.04940515 0.01412349 0.1071786 0.04891139 0.01448923 0.1089298 0.0490123 0.01448529 0.1071854 0.0490275 0.01446264 0.1089257 0.04918777 0.01441437 0.1071098 0.04911231 0.01441025 0.1093504 0.04941087 0.0143513 0.10922 0.04933917 0.01438146 0.1093313 0.0491482 0.01471894 0.1094478 0.04929941 0.01483684 0.1094112 0.04933315 0.01464051 0.1092388 0.04921519 0.01454752 0.1093926 0.04915845 0.01489078 0.1095426 0.04941284 0.01485091 0.1095458 0.04944503 0.01457566 0.1096613 0.04949074 0.01483589 0.1090918 0.04904139 0.01452434 0.1092463 0.04908317 0.01462554 0.1090629 0.04918491 0.01445198 0.1095076 0.04947215 0.01580834 0.1096062 0.04956126 0.01583981 0.1097033 0.04963254 0.0160247 0.109394 0.04923439 0.01577043 0.1094275 0.04934597 0.01579082 0.1090922 0.04928267 0.01616305 0.1089222 0.04927361 0.01619738 0.1089815 0.04940617 0.01624029 0.1092193 0.04941332 0.01614606 0.1092095 0.04955691 0.01627928 0.1089609 0.04954504 0.01634663 0.1091353 0.04964697 0.01648736 0.1093348 0.04928612 0.01595157 0.1092525 0.04929322 0.0160557 0.1094018 0.04941874 0.01594829 0.1094458 0.0495736 0.01612401 0.1071326 0.0495485 0.01644885 0.1071963 0.04947674 0.01634538 0.1071832 0.04934877 0.01625013 0.1071406 0.04922252 0.01620858 0.1069697 0.04952669 0.0165826 0.1068093 0.04935705 0.01659888 0.1067617 0.04918551 0.01656222 0.1054344 0.04737508 0.0332843 0.1052933 0.0473479 0.03322309 0.1055441 0.04730767 0.03328496 0.1052145 0.04727602 0.03314381 0.1051278 0.0472905 0.03303825 0.105183 0.04709142 0.03284043 0.1052979 0.04699862 0.03284806 0.1039035 0.04823732 0.02662771 0.1040331 0.04814726 0.02670317 0.1040421 0.04812115 0.02652639 0.1039811 0.04828 0.02683436 0.104095 0.04826831 0.02692151 0.1038276 0.04847359 0.02599084 0.09463685 0.05162626 0.0282936 0.09424895 0.05189019 0.02762514 0.09430527 0.05182886 0.02839028 0.09470152 0.05148845 0.02911174 0.0856319 0.0515446 0.02986305 0.08563417 0.05169481 0.02915883 0.08529293 0.05148679 0.02908384 0.0854265 0.05167526 0.02830207 0.08569788 0.05183064 0.0283907 0.08576351 0.05189627 0.02759701 0.09436601 0.05170261 0.02911353 0.09463423 0.05134224 0.02990365 0.09430205 0.05157023 0.02986764 0.0942974 0.05131649 0.03066504 0.09447187 0.05170691 0.02748018 0.09392762 0.05200719 0.0268929 0.09412169 0.05183744 0.02673953 0.09348946 0.05211877 0.02628105 0.09364634 0.05195552 0.02607047 0.09292525 0.05224508 0.02581572 0.09306013 0.0520572 0.02549242 0.09227585 0.05229586 0.0252586 0.09238106 0.05213987 0.02502369 0.09156435 0.0523613 0.02494901 0.09162944 0.05220085 0.02467805 0.09080231 0.05239689 0.02474027 0.09082853 0.0522381 0.02446633 0.0900132 0.05240488 0.02465999 0.09000229 0.05225086 0.02439481 0.0892288 0.05239778 0.02473503 0.08917605 0.05223834 0.02446556 0.08846294 0.05236172 0.02493637 0.08837467 0.05220109 0.02467656 0.08774459 0.05229794 0.02524721 0.087623 0.05214041 0.02502143 0.08710294 0.05224448 0.02577143 0.08694332 0.05205786 0.0254895 0.08655714 0.05212879 0.02623295 0.08635663 0.05195599 0.02606683 0.0860843 0.05201101 0.02687335 0.08588057 0.05183804 0.02673572 0.08552968 0.05170768 0.02747589 0.08531385 0.05128163 0.02989196 0.08575147 0.0513646 0.03060758 0.08552807 0.05114251 0.03068107 0.0860722 0.05122393 0.03133559 0.08587825 0.05101186 0.03142148 0.08651143 0.05111944 0.03194946 0.08635365 0.0508939 0.03209084 0.0870859 0.05107742 0.03243899 0.08693981 0.05079191 0.03266865 0.08768153 0.05088496 0.03301841 0.08919847 0.05085361 0.03349184 0.08841395 0.05083942 0.03334486 0.08917152 0.05061095 0.0336948 0.0899868 0.05083346 0.03357023 0.08999758 0.05059868 0.03376621 0.09077203 0.05085259 0.03349715 0.090824 0.05061084 0.03369545 0.09154397 0.05083525 0.03336077 0.09289836 0.0510599 0.03247416 0.09228336 0.05088096 0.03303885 0.09305661 0.0507915 0.03267157 0.09344071 0.05111038 0.03200161 0.09364336 0.05089312 0.03209424 0.09391641 0.05122011 0.03135532 0.09411942 0.0510112 0.03142535 0.08522158 0.051445 0.02822715 0.08757251 0.05056881 0.03319609 0.08833897 0.05050683 0.03354811 0.09165811 0.05050677 0.03354918 0.09242492 0.05056864 0.03319752 0.09455919 0.05101013 0.030694 0.09316653 0.05181437 0.0253188 0.09168535 0.05196297 0.02447623 0.09000086 0.05201447 0.02418339 0.08507478 0.0511595 0.02903294 0.08537149 0.05086702 0.03069198 -0.007975161 -0.01743191 0.06368744 -0.008616149 -0.0149948 0.06421345 -0.01542806 -0.015069 0.06252592 3.9285e-4 -0.02212053 0.06351107 -3.96992e-4 -0.01975369 0.06425768 -0.007240772 -0.01984173 0.06307846 -0.02587318 -0.0297901 0.05302649 -0.02282148 -0.02968978 0.05443978 -0.02510643 -0.02500182 0.0556975 0.004341006 0.009974777 0.06734973 -0.00266391 0.01001048 0.06635355 -0.003241062 0.005022466 0.06687438 0.1077663 -0.002513766 0.07011979 0.1078227 -8.20403e-5 0.07019352 0.06760501 0 0.07045686 -0.009619891 -0.0378136 0.05354303 -0.004842579 -0.03743982 0.05460757 -0.00607562 -0.03594022 0.05541563 -0.04551398 0.03463959 0.03218525 -0.04762345 0.03049677 0.03256624 -0.04582637 0.03044855 0.03541558 -0.05035811 0.03437697 0.02302139 -0.04991275 0.03572839 0.02231276 -0.05085188 0.03535211 0.02031683 -0.05270844 -0.03870952 0.001532614 -0.05243611 -0.038823 0.004924595 -0.05430555 -0.0353915 0.004188418 -0.05402207 -0.03624892 9.60414e-4 -0.05565941 -0.03285694 6.09347e-4 -0.05869662 -0.02504569 3.15886e-5 -0.05734795 -0.02882212 2.9994e-4 -0.05649626 -0.03063398 0.003827989 -0.06083118 -0.01726204 -0.001190364 -0.05991667 -0.02098023 -3.19833e-4 -0.05990457 -0.02073711 0.003123462 -0.06165128 -0.01298397 -8.15147e-4 -0.06111085 -0.01563775 0.002833664 -0.06220895 -0.00894016 -9.80537e-4 -0.06197756 -0.01046621 0.002612233 -0.06270539 -7.11308e-4 -0.001117885 -0.06250351 -0.005575597 -0.001746237 -0.0624994 -0.005245566 0.00247395 -0.06267374 0 0.002426445 -0.06264078 0.003279328 -0.001111984 -0.06247395 0.005834281 -0.001968026 -0.0624994 0.005245447 0.00247395 -0.0623703 0.007358074 -0.001029074 -0.06120055 0.01548683 -6.84403e-4 -0.06187731 0.01151371 -0.001362562 -0.06197786 0.01046609 0.002612471 -0.06111145 0.01563769 0.002834022 -0.06030064 0.01951044 -4.34374e-4 -0.05795329 0.02719885 2.20328e-4 -0.05918955 0.02349543 -1.4316e-4 -0.05990469 0.02073687 0.003123462 -0.05636817 0.03122395 5.49323e-4 -0.05649352 0.03063279 0.003825545 -0.05462467 0.03504776 8.59223e-4 -0.0543043 0.03539109 0.004187226 -0.05253642 0.03869384 0.004624724 -0.05256724 0.03894716 0.001386404 -0.05213713 0.03896564 0.006865322 -0.05396187 0.03539031 0.007477879 -0.05142903 0.03888314 0.01138865 -0.05343908 0.03538721 0.01074469 -0.05084568 0.03869187 0.01434028 -0.05274283 0.03538066 0.01397895 -0.05007517 0.03895568 0.0164873 -0.05187922 0.03536915 0.01717257 -0.04935288 0.03730934 0.02138197 -0.0486744 0.03881758 0.02082496 -0.0511325 0.03035682 0.02593022 -0.05100405 0.03158521 0.02488631 -0.05204278 0.03059279 0.02348345 -0.05076956 0.03287273 0.02391237 -0.05319571 0.03061079 0.02031522 -0.0528056 0.02570497 0.02668148 -0.0510534 0.02955752 0.02694243 -0.05408561 0.02572304 0.02350294 -0.0507642 0.02915328 0.02796632 -0.05006939 0.02912294 0.02939391 -0.05046957 0.02896916 0.02873086 -0.05136561 0.02568084 0.02979028 -0.04976361 0.02565026 0.0328179 -0.04873591 0.03022795 0.03088146 -0.04924327 0.02982002 0.03035843 -0.04660075 0.03306788 0.03194022 -0.04767853 0.03166615 0.03145343 -0.04398816 0.03705012 0.03214645 -0.04330003 0.03514695 0.03496831 -0.04130482 0.03507715 0.03760278 -0.03914827 0.03499686 0.04010564 -0.03683358 0.03490692 0.04246169 -0.03436601 0.03480756 0.04465579 -0.03175532 0.03470027 0.04667651 -0.02901369 0.03458648 0.048514 -0.02615594 0.03446853 0.05016541 -0.02319926 0.03434813 0.05163097 -0.0201599 0.03422737 0.05291789 -0.01705455 0.0341081 0.05403697 -0.01389712 0.03399181 0.05500155 -0.006075203 0.03594017 0.05541545 3.89674e-4 0.03572303 0.05640822 0.01220428 0.0332477 0.05893254 0.005611479 0.03339982 0.05839818 0.0452786 0.03275084 0.0597999 0.03204107 0.03290605 0.05967897 0.03305721 0.03497874 0.05817413 0.07175803 0.03254675 0.05971401 0.07068115 0.02835386 0.06253552 0.0597698 0.02397692 0.06499516 0.06899261 0.01938581 0.06691527 0.1107349 0.01504564 0.0680235 0.119167 0.01502788 0.06795448 0.1202878 0.01473867 0.06801909 0.1213603 0.01388365 0.06824511 0.1219787 0.01285433 0.06849849 0.1221124 0.01183056 0.06874138 0.1223185 0.008275985 0.06940138 0.1223915 0.005363464 0.06977248 0.1221873 0.003149688 0.06996494 0.1221925 2.63565e-5 0.07006424 0.1222556 -0.003174126 0.06995826 0.1223646 -0.006634712 0.06963074 0.1220996 -0.01190978 0.06872689 0.1217975 -0.01362133 0.06830245 0.1223134 -0.009694576 0.06916391 0.1205036 -0.01462388 0.06804949 0.1192405 -0.01503366 0.06795096 0.1106281 -0.01504176 0.0680238 0.06899261 -0.01938599 0.06691521 0.06195271 -0.02396965 0.06499111 0.0706799 -0.0283544 0.06253588 0.07175743 -0.03254699 0.05971419 0.07593339 -0.0363326 0.05659711 0.0476979 -0.03668361 0.05669301 0.04527777 -0.03275114 0.05980026 0.02139538 -0.03707802 0.05648243 0.03506153 -0.0367031 0.05679911 0.03305685 -0.03497886 0.05817431 0.01220297 -0.03324836 0.05893296 0.01537919 -0.03719162 0.05627238 0.01996475 -0.03521585 0.05786484 0.006896436 -0.03553062 0.05709451 0.004458189 -0.03738558 0.05562365 0.01134938 -0.03726589 0.05609381 3.89237e-4 -0.03572309 0.05640858 4.51336e-4 -0.03730839 0.05533277 -0.01245945 -0.03618037 0.05400675 -0.01267462 -0.03792124 0.0528075 -0.01634806 -0.03781354 0.05190241 -0.01389855 -0.03399235 0.05500245 -0.02016139 -0.03422784 0.05291885 -0.01945102 -0.03791689 0.05081433 -0.03066986 -0.03846389 0.04471153 -0.02802515 -0.03826755 0.0465579 -0.02901518 -0.0345872 0.04851502 -0.03325474 -0.03843545 0.04280936 -0.0343675 -0.03480803 0.04465681 -0.03683495 -0.03490746 0.0424624 -0.03573465 -0.03852623 0.04059308 -0.0391497 -0.03499758 0.04010653 -0.03806895 -0.03860247 0.03819757 -0.04130625 -0.03507769 0.03760355 -0.04233634 -0.03874886 0.03279113 -0.04030042 -0.03870618 0.03552955 -0.04330146 -0.03514736 0.03496927 -0.04513436 -0.03520703 0.03221869 -0.04580378 -0.0387997 0.02708745 -0.04416143 -0.03877604 0.02998507 -0.04680532 -0.03525668 0.02936601 -0.04831498 -0.03529685 0.02642405 -0.04966431 -0.03532856 0.02340453 -0.04727518 -0.03882586 0.02408814 -0.05085331 -0.03535252 0.02031803 -0.04857361 -0.03884732 0.02101093 -0.04970777 -0.03886044 0.01784634 -0.05188065 -0.03536981 0.01717352 -0.05071413 -0.03884166 0.01450026 -0.0527442 -0.03538107 0.01398015 -0.05344039 -0.03538787 0.01074582 -0.05146425 -0.03884196 0.01132988 -0.05204033 -0.03884154 0.008106112 -0.05396318 -0.03539091 0.007479012 0.107883 0.01188141 0.06886261 0.06839072 0.01467001 0.06846028 0.1078678 0.008619844 0.06948906 0.06795638 0.009843289 0.06956809 0.1080348 0.01330113 0.06850886 0.1093029 0.01453393 0.06817716 0.06769335 0.004940748 0.07023435 0.1077556 0.005286574 0.06992036 0.1077546 0.002699196 0.07011049 0.1078557 -0.008513331 0.06950414 0.1078544 -0.005290329 0.0699287 0.06769341 -0.004940867 0.07023435 0.107863 -0.01192587 0.06884974 0.06795644 -0.009843468 0.06956803 0.1095474 -0.01466101 0.06813991 0.06839102 -0.01467007 0.06846016 0.1084254 -0.01368308 0.06841498 -0.05520635 0.02573573 0.0202642 -0.05616825 0.02574348 0.0169745 -0.05418843 0.03062307 0.01709306 -0.05696934 0.02574712 0.01364177 -0.05501914 0.0306304 0.01382488 -0.05760622 0.02574753 0.01027339 -0.05568438 0.03063392 0.01051878 -0.05807328 0.02574557 0.006877601 -0.05617827 0.03063434 0.007183015 -0.05836296 0.02574181 0.003462076 -0.06227535 0.00524801 0.006021201 -0.06245291 0 0.005979299 -0.06187611 0.005250096 0.009552955 -0.06205683 0 0.009516894 -0.06130945 0.005251705 0.01306194 -0.06149363 0 0.01303184 -0.06058132 0.00525254 0.016541 -0.0607689 0 0.01651716 -0.05969446 0.00525254 0.01998293 -0.0598855 0 0.01996546 -0.05865001 0.005251646 0.02338021 -0.05884444 0 0.02336966 -0.05744719 0.0052495 0.02672487 -0.05764514 0 0.02672123 -0.05608385 0.005246162 0.03000736 -0.05628538 0 0.03001111 -0.05455738 0.005241394 0.03321695 -0.05476218 0 0.03322845 -0.05286407 0.005235195 0.03634172 -0.05307215 0 0.03636157 -0.05100107 0.005227506 0.03936833 -0.05121219 0 0.03939652 -0.04896581 0.005218386 0.04228168 -0.04917979 0 0.04231894 -0.04675835 0.005207777 0.04506683 -0.04697465 0 0.04511302 -0.04438018 0.005195856 0.04770755 -0.04459863 0 0.04776346 -0.04183751 0.005182743 0.05019015 -0.04205757 0 0.05025601 -0.03913819 0.005168676 0.05250138 -0.03935939 0 0.05257731 -0.03629517 0.005154013 0.0546332 -0.03651654 0 0.05471956 -0.03332275 0.005138993 0.05658054 -0.03354394 0 0.05667728 -0.03023707 0.005123913 0.05834358 -0.03045755 0 0.05845057 -0.02705562 0.005109012 0.05992668 -0.01727384 0.001377463 0.06383925 -0.02395612 0.002549231 0.06143301 -0.02401036 0 0.0614646 -0.02727437 0 0.06004375 -0.01699942 0.006392717 0.06360429 -0.02379387 0.005094528 0.061338 -0.02352476 0.00763148 0.06117928 -0.02640479 0.01018536 0.0595737 -0.02958172 0.0102154 0.05802059 -0.03266429 0.0102458 0.056288 -0.03563588 0.01027613 0.05437171 -0.03848028 0.01030594 0.05227071 -0.04118227 0.01033431 0.04998975 -0.04372984 0.01036071 0.04753702 -0.04611384 0.01038497 0.04492503 -0.04832857 0.01040667 0.04216766 -0.05037212 0.01042526 0.03928065 -0.052244 0.01044106 0.03627938 -0.05394697 0.01045382 0.03317862 -0.05548352 0.01046365 0.02999228 -0.05685693 0.01047074 0.02673178 -0.05807012 0.01047539 0.02340853 -0.05912464 0.0104779 0.02003127 -0.06002169 0.01047825 0.01660877 -0.06075984 0.010477 0.01314824 -0.0613361 0.01047444 0.009657323 -0.06174463 0.01047056 0.006142914 -0.02849996 0.01524299 0.05747705 -0.02533102 0.01519703 0.05898082 -0.02384579 0.02011728 0.05814033 -0.009963095 0.007554352 0.0653004 -0.009317934 0.01137626 0.0648657 -0.01624011 0.01132881 0.06311821 -0.05963784 0.02074187 0.006587624 -0.06086373 0.01564306 0.006336629 -0.05919456 0.02074581 0.01003354 -0.06044024 0.01564741 0.009822428 -0.05858242 0.0207476 0.0134539 -0.05984836 0.01565021 0.01328361 -0.0578072 0.02074658 0.01684081 -0.05909448 0.01565086 0.01671332 -0.05687206 0.02074247 0.02018684 -0.05818134 0.01564908 0.02010375 -0.05577874 0.02073431 0.02348417 -0.05711013 0.01564443 0.02344745 -0.05452632 0.02072191 0.0267241 -0.05588024 0.01563638 0.0267359 -0.05311423 0.02070438 0.02989727 -0.05449032 0.01562464 0.02995955 -0.05153954 0.02068167 0.03299236 -0.05293768 0.01560872 0.03310775 -0.04980009 0.02065348 0.03599733 -0.05121946 0.01558876 0.03616833 -0.0478937 0.02061927 0.03889816 -0.04933273 0.01556432 0.03912752 -0.0458185 0.02057904 0.04168051 -0.04727602 0.01553535 0.04197067 -0.04357606 0.02053338 0.04432845 -0.04504942 0.01550215 0.04468232 -0.04116863 0.02048236 0.04682666 -0.04265546 0.01546496 0.04724675 -0.03860366 0.02042675 0.04916179 -0.04010069 0.01542431 0.04965025 -0.0358904 0.02036756 0.05132192 -0.03739374 0.01538085 0.05188047 -0.03304225 0.02030587 0.05330049 -0.03454792 0.01533555 0.0539304 -0.03007429 0.02024281 0.05509424 -0.03157782 0.0152893 0.05579531 -0.02700322 0.02017951 0.05670553 -0.003241062 -0.005022585 0.06687438 0.003607988 0 0.06808739 -0.003435254 0 0.06704753 0.003792524 0.005004823 0.06790322 -0.02112042 0.01901495 0.05958861 -0.02250033 0.01406431 0.06044197 -0.01510745 0.01627725 0.06231677 0.02523678 0.007440924 0.06935393 0.0255022 0.009900152 0.06899279 0.01137912 0.009944915 0.06808358 0.011765 0.01239812 0.06764793 0.005245268 0.01487576 0.06642496 0.02504611 0.004968047 0.06961184 0.01107734 0.007474184 0.06842219 0.01086062 0.004990041 0.06866383 -0.04799789 0.02561247 0.03575217 -0.04606646 0.02556747 0.03857922 -0.04396837 0.02551501 0.04128396 -0.0417056 0.02545571 0.04385089 -0.03928142 0.02538973 0.04626488 -0.03670376 0.02531814 0.04851311 -0.03398257 0.02524203 0.05058383 -0.03113174 0.02516281 0.05247199 -0.02816689 0.02508199 0.0541749 -0.02510458 0.02500087 0.0556963 -0.02196139 0.024921 0.05704391 -0.01358217 0.02112346 0.06121385 -0.01934391 0.0238533 0.05845957 -0.04386532 0.03039163 0.0381534 -0.04174 0.03032582 0.04076474 -0.03945308 0.03025174 0.04323422 -0.03700894 0.03016966 0.04554677 -0.03441596 0.03008085 0.04768985 -0.03168523 0.02998656 0.04965293 -0.02883124 0.02988862 0.05143147 -0.02587014 0.02978885 0.05302476 -0.02281844 0.02968871 0.05443811 -0.02153486 0.03197741 0.05371165 -0.01969259 0.02958989 0.05567985 -0.006683945 0.02107793 0.0627734 -0.01167774 0.02584457 0.05980157 -0.01715934 0.02847611 0.05709147 -0.01524692 0.03176254 0.05591994 -0.01000756 0.02931255 0.05850881 -0.004489779 0.02687728 0.06074357 -0.005496144 0.02456665 0.06160748 0.001270771 0.02445292 0.06267297 -3.97098e-4 0.01975351 0.06425768 0.008080184 0.02435529 0.06344717 0.02729284 0.01951879 0.06651407 0.01412516 0.02196133 0.06492745 0.01341509 0.01961517 0.065755 0.006495356 0.01967841 0.06512552 -0.01245903 0.03618013 0.05400639 -0.007471978 0.03377223 0.05653005 -0.00878328 0.03156274 0.05756086 -0.002217531 0.03138297 0.05875396 -0.003396332 0.02915006 0.05979275 0.003278017 0.02900779 0.06072217 -9.55081e-4 0.03357452 0.05762618 0.02791762 0.02184993 0.06563532 0.0286107 0.02414476 0.06465262 0.01491302 0.02427256 0.0640009 0.01577693 0.02654618 0.06297481 0.009987413 0.0288847 0.06138455 -0.001712501 0.01493042 0.06548279 -0.008191943 0.01628035 0.06398326 0.02493125 0.002486288 0.06976658 0.03912538 0 0.07027792 0.0392571 0.004953861 0.07006341 0.03964912 0.009871065 0.06942009 0.0402956 0.01471531 0.06834846 0.02584153 0.01234138 0.06852835 0.02625375 0.01476085 0.0679605 0.01223379 0.01482999 0.06711483 0.01278424 0.01723676 0.06648397 0.02673792 0.01715457 0.06728911 0.04118949 0.01945406 0.06684952 0.04232352 0.02405685 0.06492429 0.02937084 0.0264008 0.06356579 0.0167154 0.02877968 0.0618487 0.01881074 0.0331164 0.0592941 0.01772725 0.03097039 0.06062179 0.03108716 0.03078395 0.06107914 0.03019678 0.02861464 0.06237471 0.04368942 0.02849715 0.06257396 0.01996517 0.03521555 0.0578646 0.05509036 0.01941204 0.06694686 0.0543425 0.0146867 0.0684759 0.05380225 0.009853243 0.06957066 0.05347472 0.004945278 0.07022851 0.05336463 0 0.07044804 0.03203994 -0.03290647 0.05967932 0.02747827 -0.02864086 0.06232237 0.04368758 -0.02849793 0.06257468 0.02860921 -0.02414548 0.06465321 0.04232227 -0.0240572 0.06492471 0.02729308 -0.01951897 0.06651407 0.04118961 -0.01945424 0.06684947 0.02625435 -0.01476091 0.06796032 0.02101176 -0.0331484 0.05935019 0.0167129 -0.02878057 0.06184977 0.0217567 -0.02420353 0.06439024 0.01491141 -0.02427327 0.06400161 0.02034986 -0.01956254 0.06620389 0.01341515 -0.01961535 0.06575495 0.01923954 -0.01479202 0.06761193 0.01223433 -0.01483005 0.06711465 0.05509042 -0.0194121 0.0669468 0.04029589 -0.01471537 0.06834834 0.02550238 -0.009900271 0.06899273 0.01843547 -0.009920418 0.06861615 0.01137936 -0.009945034 0.06808346 0.05380237 -0.009853363 0.0695706 0.05347478 -0.004945516 0.07022851 0.03925716 -0.004954099 0.07006341 0.02489262 0 0.06981813 0.01778376 0 0.06941854 0.01072978 0.002497196 0.06880873 0.01068603 0 0.06885701 0.05434292 -0.01468682 0.06847572 0.0396493 -0.009871184 0.06942003 0.02504611 -0.004968285 0.06961184 0.01794785 -0.00497812 0.06921809 0.01086062 -0.004990279 0.06866383 -0.05836457 -0.02574265 0.003463685 -0.05807507 -0.02574646 0.006879091 -0.05618107 -0.03063553 0.007185399 -0.05760794 -0.02574849 0.01027488 -0.05568718 -0.03063499 0.01052123 -0.05697113 -0.02574813 0.01364326 -0.05502218 -0.03063172 0.01382726 -0.05617022 -0.02574425 0.01697599 -0.05419147 -0.03062433 0.01709526 -0.05520832 -0.02573657 0.02026569 -0.05319863 -0.03061211 0.02031761 -0.05408746 -0.02572405 0.02350437 -0.0520457 -0.03059411 0.02348566 -0.05280745 -0.02570599 0.02668285 -0.05073302 -0.03056961 0.02659028 -0.05136746 -0.02568185 0.02979165 -0.04926037 -0.03053772 0.02962172 -0.04976546 -0.02565103 0.03281927 -0.04762631 -0.03049784 0.03256839 -0.04799968 -0.02561324 0.03575348 -0.04582923 -0.03044968 0.03541773 -0.04606837 -0.02556836 0.03858035 -0.0438683 -0.03039288 0.03815537 -0.04397028 -0.02551603 0.04128509 -0.04174304 -0.03032714 0.04076665 -0.04170763 -0.02545648 0.04385221 -0.03945606 -0.03025299 0.04323613 -0.03928345 -0.02539062 0.04626613 -0.03701198 -0.03017079 0.04554861 -0.03670573 -0.02531898 0.04851418 -0.034419 -0.03008198 0.0476917 -0.03398448 -0.02524292 0.05058515 -0.01524949 -0.03176349 0.05592119 -0.01705598 -0.03410857 0.05403769 -0.02527207 -0.03813481 0.0481649 -0.02242779 -0.0380252 0.04956889 -0.02615743 -0.034469 0.05016613 -0.02320075 -0.0343486 0.05163168 -0.02153736 -0.03197824 0.05371296 -0.007473409 -0.03377294 0.05653089 -0.008785724 -0.03156358 0.05756211 -9.56476e-4 -0.03357499 0.05762696 -0.002219915 -0.03138405 0.05875509 0.005610108 -0.03340035 0.0583989 0.004402458 -0.03122591 0.05960834 0.009984672 -0.0288859 0.06138581 -0.02196317 -0.02492189 0.05704498 -0.01969563 -0.02959108 0.05568152 -0.01767915 -0.0271877 0.05753332 -0.0165103 -0.02949482 0.05676448 -0.0100106 -0.02931374 0.0585103 -0.02384567 -0.02011746 0.05814039 -0.0197339 -0.02246636 0.0588541 -0.01875418 -0.02484411 0.0582292 -0.0121904 -0.02469789 0.06016212 -0.01114588 -0.02702438 0.05937647 -0.004492461 -0.02687829 0.06074494 -0.003399193 -0.02915132 0.05979412 0.003275275 -0.02900892 0.06072348 0.002230167 -0.02675068 0.06174486 0.001269042 -0.02445358 0.0626738 -0.005498051 -0.02456748 0.06160837 -0.006414592 -0.02222102 0.06238573 -0.01314216 -0.02233678 0.06086874 -0.01400011 -0.01994293 0.06149739 -0.02061676 -0.02005678 0.05940914 -0.05963772 -0.02074217 0.006587624 -0.05919432 -0.02074611 0.0100336 -0.05858218 -0.0207479 0.01345396 -0.05780708 -0.02074694 0.01684081 -0.05687201 -0.02074277 0.02018684 -0.05577862 -0.02073454 0.02348423 -0.05452626 -0.02072215 0.0267241 -0.05311405 -0.0207048 0.02989727 -0.05153954 -0.02068209 0.03299236 -0.04980003 -0.02065372 0.03599733 -0.04789364 -0.02061951 0.03889816 -0.04581838 -0.02057927 0.04168045 -0.04357594 -0.02053362 0.04432845 -0.04116857 -0.02048254 0.04682666 -0.0386036 -0.02042686 0.04916179 -0.03589034 -0.0203678 0.05132198 -0.03304219 -0.02030605 0.05330049 -0.06086295 -0.01564306 0.006336212 -0.06043946 -0.01564747 0.00982201 -0.05984795 -0.01565027 0.01328331 -0.05909401 -0.01565086 0.0167129 -0.05818063 -0.01564908 0.02010333 -0.05710953 -0.01564449 0.02344709 -0.05587971 -0.01563644 0.02673548 -0.05448985 -0.01562464 0.02995932 -0.05293715 -0.01560872 0.03310739 -0.05121874 -0.01558876 0.03616797 -0.04933226 -0.01556432 0.03912729 -0.04727542 -0.01553541 0.04197043 -0.04504889 -0.01550215 0.04468184 -0.04265493 -0.01546496 0.04724627 -0.04009997 -0.01542437 0.04964995 -0.03739321 -0.01538085 0.05188024 -0.03454715 -0.01533555 0.05393004 -0.03157711 -0.0152893 0.05579501 -0.02140158 -0.01761788 0.05989587 -0.02883434 -0.02988994 0.05143338 -0.02816867 -0.02508288 0.05417597 -0.0270031 -0.02017968 0.05670553 -0.02533048 -0.01519703 0.05898052 -0.03175681 -0.03470081 0.04667747 -0.03168833 -0.02998793 0.04965472 -0.03113365 -0.02516371 0.052473 -0.03007417 -0.02024292 0.05509424 -0.0284993 -0.01524299 0.05747669 -0.0264045 -0.01018542 0.05957365 -0.06174439 -0.01047068 0.006142735 -0.06133586 -0.01047456 0.009657144 -0.06075954 -0.01047706 0.01314806 -0.06002146 -0.01047837 0.01660859 -0.05912441 -0.01047796 0.02003115 -0.05806982 -0.01047551 0.02340835 -0.05685663 -0.0104708 0.02673161 -0.05548322 -0.01046377 0.02999216 -0.05394673 -0.01045382 0.0331785 -0.05224376 -0.01044118 0.03627932 -0.05037188 -0.01042532 0.03928047 -0.04832834 -0.01040679 0.04216748 -0.04611361 -0.01038509 0.04492491 -0.04372954 -0.01036083 0.04753684 -0.04118216 -0.01033443 0.0499897 -0.03847998 -0.01030606 0.05227059 -0.03563565 -0.01027625 0.05437159 -0.03266412 -0.01024591 0.05628788 -0.0295813 -0.01021552 0.05802047 -0.01476258 -0.01751947 0.06204938 -0.02208638 -0.01515263 0.06031537 -0.02266955 -0.01266419 0.0606684 -0.001711905 -0.01493042 0.06548255 0.004341304 -0.009974896 0.06734961 0.005245864 -0.01487576 0.06642478 0.006495416 -0.01967859 0.06512552 0.008078515 -0.02435594 0.06344795 -0.002663791 -0.0100106 0.06635349 -0.009611546 -0.01005274 0.06501924 -0.009162127 -0.01253402 0.06465715 -0.01646149 -0.01010125 0.06325489 -0.01599502 -0.01259517 0.06292742 -0.02314949 -0.01015621 0.06095618 -0.06227535 -0.005248129 0.006021142 -0.06187611 -0.005250275 0.009552955 -0.06130945 -0.005251884 0.01306194 -0.06058132 -0.005252659 0.01654094 -0.0596944 -0.005252778 0.01998287 -0.05864995 -0.005251765 0.02338021 -0.05744719 -0.005249679 0.02672487 -0.05608379 -0.005246281 0.0300073 -0.05455732 -0.005241513 0.03321689 -0.05286407 -0.005235314 0.03634166 -0.05100107 -0.005227744 0.03936827 -0.04896581 -0.005218565 0.04228168 -0.04675835 -0.005207896 0.04506683 -0.04438012 -0.005195975 0.04770749 -0.04183745 -0.005182862 0.05019009 -0.03913813 -0.005168855 0.05250138 -0.03629517 -0.005154192 0.0546332 -0.03332269 -0.005139172 0.05658048 -0.03023707 -0.005124092 0.05834358 -0.02705562 -0.005109131 0.05992668 -0.01708799 -0.005067527 0.06368994 -0.0172457 -0.00253582 0.06379836 -0.02395612 -0.002549469 0.06143301 -0.02352464 -0.007631659 0.06117928 -0.02379387 -0.005094707 0.061338 -0.01682621 -0.007590711 0.06350892 0.003792524 -0.005005002 0.06790322 -0.01041805 0 0.06566077 -0.01021516 -0.005043447 0.06550073 -0.009962975 -0.007554471 0.06530034 -0.02314966 0.01015609 0.06095623 -0.01021522 0.005043268 0.06550079 -0.05210804 -0.03947478 0.00128597 -0.0517649 -0.03973907 0.001356661 -0.05158162 -0.03972452 0.004792988 -0.003068685 -0.03758049 0.05475044 0.03304529 -0.0371313 0.05641222 0.07308799 -0.03661352 0.05636096 0.04524606 -0.03701698 0.05636316 0.01628506 -0.03747361 0.05601072 0.01075875 -0.03772389 0.05559408 0.02104455 -0.03743273 0.05610686 0.00346446 -0.03786379 0.05507749 0.001235008 -0.03818327 0.05445086 0.006770849 -0.03797072 0.05507814 -0.002953112 -0.03810977 0.05421453 -0.003889322 -0.03841376 0.05362474 -0.008660495 -0.03852891 0.05282682 -0.0114234 -0.03872501 0.05197566 -0.01241564 -0.03849506 0.05222302 -0.0155664 -0.03863167 0.05128049 -0.0152989 -0.0389167 0.05076009 -0.01842463 -0.0390076 0.04974818 -0.05093473 -0.04012614 0.001465201 -0.05075031 -0.04017651 0.001256406 -0.05039346 -0.04018574 0.006019294 -0.05114305 -0.03998404 0.004661083 -0.05118632 -0.03972387 0.008059918 -0.05070966 -0.03999489 0.008029341 -0.05060344 -0.03972077 0.01129716 -0.05013126 -0.03999102 0.01123929 -0.04984349 -0.03971397 0.01448541 -0.04937773 -0.03998303 0.01440131 -0.04891312 -0.03970223 0.01761955 -0.04845643 -0.0399695 0.01750981 -0.04781228 -0.03968435 0.02070212 -0.04736679 -0.03994929 0.02056753 -0.04654043 -0.03965878 0.02372574 -0.04610878 -0.0399214 0.02356737 -0.04509764 -0.03962439 0.02668339 -0.0446819 -0.03988415 0.02650213 -0.04371833 -0.03938287 0.02971184 -0.04309332 -0.03983724 0.02935034 -0.04193574 -0.03933101 0.03248453 -0.04134351 -0.03977966 0.03209394 -0.03966087 -0.03955429 0.0348984 -0.02742242 -0.03913569 0.04584479 -0.02450549 -0.03929758 0.04684042 -0.02454489 -0.03899198 0.04754185 -0.02151185 -0.03915333 0.0483945 -0.02159243 -0.03885817 0.04900556 -0.01860857 -0.03871661 0.05026942 -0.05132216 -0.0399869 0.00121057 -0.04961353 -0.04018312 0.01074934 -0.04886275 -0.04017543 0.01398915 -0.04778498 -0.04016906 0.01750183 -0.04664456 -0.0401321 0.02083981 -0.04526203 -0.04010474 0.02401638 -0.04396498 -0.04007041 0.02660942 -0.04222434 -0.04001599 0.02969563 -0.04051911 -0.03995621 0.03232288 -0.03899431 -0.0398609 0.03464436 -0.02995193 -0.03948998 0.04351145 -0.02737367 -0.03943741 0.0450778 -0.0375486 -0.0394749 0.03742921 -0.03697681 -0.03978401 0.03706383 -0.03526639 -0.03938329 0.03981816 -0.0347768 -0.03968781 0.03940308 -0.03283244 -0.03928083 0.04203641 -0.03246557 -0.03959894 0.04149854 -0.03032195 -0.03908908 0.04418128 -0.009345591 -0.03826487 0.05311971 -0.05246382 -0.03909438 0.001342535 -0.05200642 -0.03938257 0.004804313 -0.03315603 -0.03889739 0.04239511 -0.02778404 -0.03868037 0.04630088 -0.05160403 -0.0393806 0.008134365 -0.0510149 -0.03937906 0.01139444 -0.05024695 -0.03937453 0.01460379 -0.04930698 -0.03936558 0.01775759 -0.04819542 -0.03935098 0.0208587 -0.04691118 -0.03932934 0.02390003 -0.04545384 -0.0392996 0.02687466 -0.04008173 -0.03914994 0.03520762 -0.03793966 -0.03907734 0.03775781 -0.03562498 -0.0389927 0.04016339 -0.02489048 -0.03856194 0.04796457 -0.02189475 -0.03844034 0.0494275 -0.01884174 -0.03831869 0.05068558 -0.0157414 -0.03819894 0.05175822 0.07256144 -0.04776692 0.02924352 0.08187335 -0.04759865 0.03342509 0.06367093 -0.04664438 0.03439188 -0.006732702 -0.03972458 0.0503177 -0.03755474 -0.0406962 0.02934801 -0.03356987 -0.04070752 0.0338149 0.04548043 -0.04601919 0.01415067 0.04630959 -0.04578518 0.01117712 0.04858988 -0.04602855 0.01291126 0.110494 -0.03634476 -0.01624029 0.1115735 -0.03938531 -0.01222091 0.1045572 -0.03941226 -0.01225149 0.1035765 -0.03647381 -0.01645886 0.09710729 -0.03668284 -0.01678389 0.09754854 -0.03945392 -0.01240825 0.09079962 -0.03689616 -0.01737457 0.09055733 -0.03952717 -0.01275873 0.08359974 -0.03964275 -0.01336985 0.07669854 -0.03980171 -0.01430362 0.08053207 -0.03752171 -0.01863223 0.08444648 -0.0371803 -0.01822 0.07160419 -0.0380069 -0.02077782 0.07752329 -0.03758549 -0.01947093 0.06696605 -0.03837966 -0.02196687 0.06988179 -0.03999775 -0.01561015 0.05866497 -0.03888249 -0.02521753 0.06447619 -0.03844624 -0.0230928 0.06317996 -0.04021722 -0.01732879 0.05378681 -0.03920364 -0.02737373 0.05662345 -0.04044157 -0.01949191 0.05024713 -0.04064971 -0.02213251 0.04999154 -0.03948605 -0.0289874 0.04714101 -0.04074019 -0.02364063 0.04678189 -0.03960371 -0.03101778 0.04409903 -0.04081732 -0.0252723 0.03723526 -0.04089266 -0.02982592 0.04054605 -0.03992044 -0.03448134 0.03452265 -0.04009556 -0.03828305 0.0323922 -0.04071033 -0.0349878 0.02840811 -0.04016709 -0.04220402 0.02659225 -0.04062521 -0.03964042 0.02369248 -0.04020971 -0.04469072 0.02284115 -0.0406413 -0.04170644 0.04229635 -0.04152297 -0.02157372 0.04688704 -0.04312044 -0.008716225 0.04463839 -0.04211854 -0.01619344 0.05039113 -0.04196995 -0.01453435 0.05093336 -0.04328769 -0.006835997 0.04779517 -0.04426187 -0.001090705 0.04748302 -0.04521507 0.005906999 0.04760479 -0.04474848 0.002274096 0.05245822 -0.04449868 4.57746e-4 0.04701298 -0.04549485 0.008295297 0.05197185 -0.04547178 0.006991744 0.04327642 -0.04624801 0.01987367 0.04451775 -0.04616934 0.01693797 0.04501014 -0.0462684 0.01864624 0.0422796 -0.0462467 0.02258801 0.03665721 -0.04574155 0.03056156 0.03864967 -0.04599153 0.0280199 0.04946327 -0.04643225 0.03017264 0.04091686 -0.04618448 0.02479743 0.03474438 -0.04552292 0.03229475 0.04688531 -0.04577142 0.03501468 0.02739 -0.04434329 0.03867197 0.03000229 -0.04477936 0.03669583 0.02911108 -0.04438662 0.03877073 0.03305649 -0.04520189 0.03443461 0.01967185 -0.04319763 0.04281544 0.02231299 -0.0435791 0.04156839 0.02485233 -0.04333359 0.04292392 0.02493786 -0.04396259 0.04020059 0.01479876 -0.0420953 0.04618442 0.01249545 -0.04224741 0.04544818 0.01650428 -0.04271703 0.04423397 0.02052807 -0.04210716 0.04668706 0.005966544 -0.04162806 0.04668778 0.01018816 -0.04079294 0.04952162 0.001778364 -0.04134809 0.04698163 0.004250407 -0.04087948 0.04870641 -0.001275599 -0.04116481 0.04704934 -0.01270449 -0.03993129 0.04852515 -0.007757306 -0.04095286 0.04641377 -0.004347741 -0.04106128 0.04682147 -0.01328969 -0.04084724 0.04522204 -0.01050508 -0.04089581 0.04589545 -0.01843857 -0.04014492 0.04609328 -0.01637876 -0.04081672 0.0442382 -0.01560872 -0.04003816 0.04739505 -0.01920092 -0.04078674 0.0431779 -0.02380973 -0.04034847 0.04295367 -0.02212369 -0.04078692 0.0417608 -0.02117764 -0.04024899 0.0446133 -0.02632009 -0.04044133 0.04111844 -0.02489209 -0.04077458 0.04023391 -0.02718251 -0.04072892 0.03898143 -0.04012507 -0.04067915 0.02574664 -0.04233777 -0.04066675 0.02195191 -0.04399323 -0.04065382 0.0183838 -0.04552507 -0.04064399 0.01413518 -0.04691666 -0.04062479 0.00871706 -0.04738575 -0.04066795 0.002048254 -0.02983969 -0.04072654 0.03702116 0.00556153 -0.03937447 0.05245727 -6.22686e-4 -0.03953683 0.0515871 0.01178371 -0.03923964 0.05303514 0.02427691 -0.03904861 0.05362498 0.03679347 -0.03894639 0.0537849 0.04931855 -0.03891175 0.05373018 0.0743792 -0.03897321 0.05335593 0.09944719 -0.03911614 0.052868 0.09344977 -0.04164975 0.04919844 0.1015106 -0.04389274 0.04515892 0.1025317 -0.04581511 0.04091757 0.1142109 -0.04771631 0.03564876 0.1035364 -0.04738891 0.03644186 0.1045183 -0.0485844 0.0317592 0.1152648 -0.04964733 0.02602624 0.1147458 -0.04889518 0.03090548 0.1157655 -0.04995518 0.02105343 0.1162455 -0.04980462 0.0160315 0.1167034 -0.04918891 0.01101022 0.1171376 -0.04810535 0.006041467 0.1175464 -0.04656219 0.001178622 0.1179278 -0.04457217 -0.003524959 0.1109978 -0.0421676 -0.007842123 0.05392563 -0.04198122 -0.01316708 0.05807352 -0.04341721 -0.005159914 0.06075954 -0.04194754 -0.01127117 0.06773531 -0.04192495 -0.009846627 0.06535184 -0.04356431 -0.003983497 0.06274753 -0.04488539 0.001918673 0.05993825 -0.0458638 0.007796943 0.06181406 -0.04675412 0.01362484 0.0571838 -0.04696661 0.01928949 0.05310869 -0.04685658 0.02490752 0.09320473 -0.04686117 0.005075693 0.1092905 -0.04732865 0.004129588 0.1089098 -0.04802411 0.006642401 0.1063908 -0.04972773 0.02191126 0.09830564 -0.04930955 0.01759624 0.1072725 -0.04962903 0.01683419 0.09693503 -0.04870992 0.01268833 0.1081131 -0.0490635 0.01172554 0.09781873 -0.04772716 0.007452011 0.1096591 -0.04651743 0.00164628 0.08428382 -0.04711574 0.008082449 0.08651429 -0.04580557 0.002522826 0.07482016 -0.04192316 -0.00883007 0.07273328 -0.04373133 -0.003214478 0.07045346 -0.04519224 0.002480626 0.06799536 -0.04627913 0.008189499 0.1027919 -0.04445314 -0.002905488 0.1100149 -0.04559201 -7.99756e-4 0.09523594 -0.04429441 -0.002695143 0.09458476 -0.04525876 -1.37668e-4 0.08769738 -0.04410797 -0.002633333 0.1103572 -0.04455614 -0.003201246 0.1037214 -0.04212594 -0.007705867 0.0964536 -0.0420612 -0.00767076 0.08920305 -0.04199624 -0.007802367 0.08198481 -0.0419473 -0.008167743 0.04536527 -0.04078423 0.05065447 0.08484113 -0.04876339 0.02363079 0.07612323 -0.04760301 0.01361274 0.07611745 -0.04670274 0.008261382 0.07822972 -0.04550993 0.002713561 0.08018994 -0.04391521 -0.002785146 0.07832628 -0.04326349 0.04620212 0.05516052 -0.0426498 0.04699254 0.08027803 -0.04504132 0.04217892 0.08219873 -0.04653096 0.03786808 0.1054713 -0.04937237 0.02690166 0.08589994 -0.04849737 0.02847027 0.08773696 -0.04880672 0.01846182 0.01616376 -0.04073423 0.05005711 0.02816671 -0.04069632 0.0505777 0.03204244 -0.04220867 0.04715806 0.04359221 -0.04239708 0.0471971 0.04695308 -0.04386526 0.04337066 0.05804824 -0.04422962 0.04311972 0.05356991 -0.04523772 0.03924918 0.03588157 -0.04355865 0.04336369 0.03966206 -0.04471683 0.03919738 0.0240845 -0.03996288 -0.04538732 0.02440619 -0.03971982 -0.04569721 0.02715343 -0.03997957 -0.04362452 0.02397692 -0.04011732 -0.0449965 0.1060751 -0.03615427 -0.01663655 0.112933 -0.03609067 -0.01641207 0.09905272 -0.03626763 -0.01704132 0.09729987 -0.03637993 -0.01712012 0.08411419 -0.03685092 -0.01872187 0.08837383 -0.03656768 -0.01816475 0.09154438 -0.03656286 -0.01765006 0.06531524 -0.03780817 -0.02374333 0.06949651 -0.03745651 -0.02241927 0.07144546 -0.03759515 -0.02155208 0.06129199 -0.03791266 -0.02543747 0.05905055 -0.03826087 -0.02617859 0.05709785 -0.03813529 -0.0272901 0.05316174 -0.03858202 -0.02897864 0.04414951 -0.03865122 -0.03432363 0.04826134 -0.03863662 -0.03178453 0.04174453 -0.03901976 -0.0355286 0.03908371 -0.03891021 -0.03739821 0.03590148 -0.03874164 -0.03962415 0.03132677 -0.0389133 -0.04249918 0.03010457 -0.0399689 -0.04180049 0.03566658 -0.03988802 -0.03821969 0.0274952 -0.03971874 -0.04394429 0.03041929 -0.03961765 -0.04229551 0.03618741 -0.03955781 -0.0385493 0.04187375 -0.03941404 -0.0349065 0.04724574 -0.03933537 -0.03143137 0.05300503 -0.03901773 -0.02837735 0.05893611 -0.03864365 -0.0256446 0.06511014 -0.03810775 -0.02345412 0.02754795 -0.03888994 -0.04485899 0.02470666 -0.03904187 -0.04634237 0.02478301 -0.03866249 -0.04657602 0.02758908 -0.03940176 -0.04435002 0.02455759 -0.03940725 -0.04605835 0.03112006 -0.03932434 -0.0422374 0.04742813 -0.03902626 -0.03184223 0.07797783 -0.03712016 -0.01997679 0.07404613 -0.03720992 -0.02107352 0.03087532 0.03539139 -0.04506784 0.02527517 0.03500968 -0.04844856 0.02560931 0.03198897 -0.04985058 0.02631509 0.0248667 -0.05253177 0.02596426 0.02858972 -0.05123096 0.03192293 0.02575856 -0.04928922 0.03825694 0.01564979 -0.04945701 0.0257548 0.01733613 -0.05509501 0.02658814 0.02137655 -0.05357819 0.03855496 0.005252242 -0.05108177 0.02628386 0.005606949 -0.05672317 0.02697712 0.00890845 -0.05606788 0.0270937 7.67629e-4 -0.05656141 0.03859061 0 -0.05128699 0.02705186 -0.003182411 -0.05651354 0.03855514 -0.005252063 -0.05108195 0.02700603 -0.007308006 -0.05623477 0.03844577 -0.01047754 -0.05046993 0.02617025 -0.01152211 -0.05607587 0.03825742 -0.01564973 -0.04945731 0.02678763 -0.01552385 -0.05502295 0.03226459 -0.02075415 -0.05091995 0.02660506 -0.01958501 -0.05409497 0.02525091 -0.02314484 -0.05365866 0.02527594 -0.03479331 -0.04857301 0.02574211 -0.03087824 -0.0503146 0.03146374 -0.03064304 -0.04733079 0.03192085 -0.02575767 -0.04928845 0.02607148 -0.02738505 -0.05168092 0.02804577 -0.03539556 -0.04672235 0.03087377 -0.03539103 -0.04506725 0.0364722 -0.03533256 -0.04167234 0.05363041 -0.03470212 -0.0321449 0.05959755 -0.03437554 -0.02944934 0.07824915 -0.03333586 -0.02333796 0.09113591 -0.03279715 -0.02098733 0.09765243 -0.03261119 -0.020271 0.104194 -0.03248047 -0.01979988 0.1107482 -0.03239721 -0.01951837 0.1109045 -0.02826005 -0.02233564 0.1110303 -0.02389729 -0.02475512 0.1111286 -0.01934564 -0.02675879 0.1112021 -0.01464211 -0.02833139 0.1112529 -0.009824872 -0.02946275 0.1112827 -0.00493139 -0.03014439 0.1112925 0 -0.03037226 0.1112528 0.009824991 -0.02946269 0.1111285 0.01934576 -0.02675867 0.1110306 0.02389734 -0.02475512 0.1107484 0.03239727 -0.01951825 0.1041942 0.03248071 -0.0197997 0.09765297 0.03261125 -0.02027118 0.08466202 0.03304088 -0.02199792 0.09113651 0.03279727 -0.02098751 0.07824999 0.03333616 -0.02333831 0.07192218 0.03367006 -0.02502793 0.06569927 0.03402411 -0.02706909 0.0536316 0.03470242 -0.0321455 0.04780024 0.03498172 -0.03511881 0.04209232 0.03519588 -0.03831917 0.03647369 0.03533291 -0.04167318 0.04985499 -0.01554149 -0.04419445 0.05008327 -0.01040869 -0.04536896 0.05021744 -0.005218744 -0.04607832 0.05026149 0 -0.04631572 0.03710418 -0.03060591 -0.04414314 0.03760111 -0.02573645 -0.04627782 0.03798002 -0.02074396 -0.04805535 0.0437265 -0.02068889 -0.04525977 0.0433095 -0.0256595 -0.04332917 0.04276973 -0.03050196 -0.04100847 0.04209089 -0.03519541 -0.03831845 0.04779887 -0.03498131 -0.03511828 0.04850953 -0.0303322 -0.03800767 0.04907983 -0.02552789 -0.04049748 0.04952389 -0.0205897 -0.04256606 0.05538249 -0.02045351 -0.03999733 0.0549286 -0.02534991 -0.0378189 0.0543487 -0.0301072 -0.03519433 0.06029671 -0.02984184 -0.03260797 0.06086283 -0.02513843 -0.03532373 0.06130784 -0.02029037 -0.03757596 0.06164228 -0.01532346 -0.03934609 0.06187462 -0.0102666 -0.04062134 0.06201171 -0.005148589 -0.04139047 0.06205689 0 -0.04164803 0.07401257 0 -0.03740966 0.08007615 0 -0.0355491 0.08004242 -0.005024135 -0.03529244 0.0862084 0 -0.03393006 0.09240865 0 -0.03259521 0.09238535 -0.004963338 -0.03235185 0.09866678 0 -0.03156578 0.1049669 0 -0.03083509 0.1049529 -0.004934728 -0.03060346 0.07397389 -0.005063772 -0.03714919 0.07994008 -0.01001513 -0.03452563 0.07385665 -0.01009529 -0.03637069 0.0797668 -0.01494014 -0.03325325 0.07365816 -0.01506257 -0.03507936 0.07951778 -0.01976621 -0.0314846 0.0733729 -0.01993376 -0.03328526 0.07918697 -0.02446132 -0.02923101 0.07299417 -0.02467811 -0.03099977 0.07876682 -0.02899461 -0.02650892 0.0725134 -0.02926617 -0.02824068 0.07192122 -0.03366976 -0.02502751 0.0846613 -0.0330407 -0.02199769 0.08510053 -0.02875626 -0.0250976 0.08545655 -0.02427238 -0.02775812 0.08573657 -0.01962083 -0.02996021 0.08594715 -0.01483434 -0.03168803 0.08609354 -0.009946167 -0.03293073 0.08617991 -0.004990041 -0.0336796 0.09231454 -0.009891986 -0.0316236 0.09219449 -0.01475065 -0.03041493 0.09202164 -0.01950496 -0.02873438 0.09179139 -0.02412009 -0.02659207 0.09149825 -0.02856189 -0.02400368 0.09794205 -0.02841657 -0.02320569 0.098176 -0.02400851 -0.02572441 0.09835934 -0.01942181 -0.02780902 0.09849679 -0.01469177 -0.02944439 0.09859216 -0.009854316 -0.03062039 0.0986483 -0.00494498 -0.03132879 0.1049103 -0.009832739 -0.02991116 0.104838 -0.0146569 -0.02876186 0.1047334 -0.01937019 -0.02716368 0.1045938 -0.02393627 -0.02512687 0.1044152 -0.02831834 -0.02266639 0.07251536 0.02926695 -0.02824157 0.07876855 0.02899527 -0.02650976 0.08510202 0.02875661 -0.02509832 0.0914995 0.02856218 -0.0240041 0.09794312 0.02841681 -0.02320611 0.104416 0.02831864 -0.02266633 0.110905 0.02826023 -0.02233558 0.05959868 0.03437608 -0.02944988 0.06029897 0.02984279 -0.0326091 0.06635564 0.02955567 -0.03028184 0.06688648 0.02490967 -0.03304123 0.07299542 0.02467852 -0.03100043 0.0733729 0.01993381 -0.0332852 0.0791881 0.02446192 -0.0292313 0.07951778 0.01976639 -0.03148454 0.08545756 0.02427268 -0.0277583 0.08573657 0.01962101 -0.02996015 0.09179222 0.02412039 -0.02659231 0.09202164 0.01950514 -0.02873432 0.09817665 0.02400875 -0.02572453 0.09835934 0.01942199 -0.02780902 0.1045942 0.02393651 -0.02512675 0.1047333 0.01937049 -0.0271635 0.04952389 0.02058988 -0.042566 0.03798002 0.02074426 -0.04805529 0.03760308 0.02573728 -0.04627871 0.03146708 0.03064405 -0.04733228 0.0371074 0.03060704 -0.04414469 0.04331147 0.02566033 -0.04333025 0.06164193 0.01532357 -0.03934592 0.04985433 0.01554155 -0.04419422 0.04277271 0.03050303 -0.04100996 0.04908168 0.02552855 -0.04049825 0.05538249 0.02045375 -0.03999727 0.04851233 0.03033334 -0.03800904 0.05435132 0.03010815 -0.03519558 0.05493021 0.02535063 -0.0378198 0.06086438 0.02513915 -0.03532451 0.06130778 0.02029055 -0.03757596 0.06730365 0.02011287 -0.03532785 0.06761831 0.01519364 -0.03712409 0.07365781 0.01506263 -0.0350793 0.07385647 0.01009547 -0.03637063 0.07976651 0.0149402 -0.03325307 0.07993996 0.01001524 -0.03452557 0.08594691 0.0148344 -0.03168773 0.08609342 0.009946286 -0.03293061 0.09219431 0.01475077 -0.03041481 0.09231442 0.009892106 -0.03162354 0.09849667 0.01469182 -0.02944421 0.09859204 0.009854435 -0.03062021 0.1048377 0.01465702 -0.02876168 0.1049102 0.009832918 -0.02991104 0.1112019 0.01464223 -0.02833127 0.06783771 0.01018136 -0.03841763 0.07397389 0.00506401 -0.03714919 0.08004236 0.005024254 -0.03529244 0.08617991 0.00499022 -0.0336796 0.09238535 0.004963517 -0.03235185 0.0986483 0.004945218 -0.03132879 0.1049529 0.004934966 -0.0306034 0.1112827 0.004931569 -0.03014433 0.06569826 -0.03402388 -0.02706861 0.06635344 -0.02955502 -0.0302807 0.06688511 -0.02490895 -0.03304076 0.06730365 -0.02011269 -0.03532791 0.06761872 -0.01519358 -0.03712445 0.06783789 -0.01018124 -0.03841775 0.06796735 -0.005106389 -0.03919792 0.06801003 0 -0.03945899 0.06201171 0.005148768 -0.04139047 0.05021739 0.005218923 -0.04607826 0.06796735 0.005106568 -0.03919792 0.06187444 0.01026672 -0.04062122 0.05008316 0.01040881 -0.04536885 0.03844553 0.01047766 -0.05046969 0.02687662 0.0129162 -0.05550324 0.1132 0.009566903 -0.02294731 0.1132 0.003211677 -0.02388244 0.1132 0 -0.02399986 0.1132 -0.003211677 -0.02388244 0.1132 -0.009566903 -0.02294731 0.1132 -0.01571816 -0.02109652 0.1132 -0.02153438 -0.01837015 0.1132 -0.02689152 -0.01482582 0.1132 -0.03167563 -0.01053923 0.1132 -0.03578472 -0.005601704 0.1132 -0.03913104 -1.18654e-4 0.1132 -0.04164332 0.005793154 0.1132 -0.04326808 0.01200795 0.1132 -0.04397064 0.01839298 0.1132 -0.04373604 0.02481234 0.1132 -0.04256922 0.03112906 0.1132 -0.04049509 0.03720849 0.1132 -0.03755795 0.04292136 0.1132 -0.03382045 0.04814559 0.1132 -0.02936202 0.05276983 0.1132 -0.02427762 0.05669575 0.1132 -0.01867604 0.05983972 0.1132 -0.01267623 0.06213438 0.1132 -0.006406426 0.0635311 0.1132 0 0.06400001 0.1132 0.006406426 0.0635311 0.1132 0.01267623 0.06213438 0.1132 0.01867604 0.05983972 0.1132 0.02427762 0.05669575 0.1132 0.02936202 0.05276983 0.1132 0.03382045 0.04814559 0.1132 0.03755795 0.04292136 0.1132 0.04049509 0.03720849 0.1132 0.04256922 0.03112906 0.1132 0.04373604 0.02481234 0.1132 0.04397064 0.01839298 0.1132 0.04326808 0.01200795 0.1132 0.04164332 0.005793154 0.1132 0.03913104 -1.18654e-4 0.1132 0.03578472 -0.005601704 0.1132 0.03167563 -0.01053923 0.1132 0.02689152 -0.01482582 0.1132 0.02153438 -0.01837015 0.1132 0.01571816 -0.02109652 -0.04930812 0.03868991 -0.01871013 -0.05041188 0.03869313 -0.01549059 -0.04982727 0.03899914 -0.01667916 -0.05216634 0.03942024 0.001352429 -0.0517885 0.03972518 0.001296401 -0.05176395 0.03971391 -0.002342522 -0.05243998 0.03869837 -0.00557214 -0.05257952 0.03887873 -0.002354264 -0.05205929 0.03898137 -0.007230997 -0.05121243 0.03889483 -0.01210093 -0.05197566 0.03869837 -0.008918106 -0.04808038 0.03891527 -0.02135258 -0.04483819 0.03869843 -0.02775853 -0.04618144 0.03887629 -0.02524882 -0.04326295 0.03920775 -0.02954918 -0.04293406 0.03867954 -0.03064119 -0.04058951 0.03891044 -0.03347158 -0.03871005 0.03869843 -0.03581231 -0.03715789 0.03897833 -0.03717476 -0.03364682 0.03888458 -0.04046899 -0.03633779 0.03869843 -0.03821742 -0.03115624 0.03869849 -0.04254758 -0.02965146 0.03899914 -0.04337912 -0.0283674 0.03869849 -0.0444554 -0.02546203 0.03889018 -0.04605686 -0.01645523 0.03891319 -0.04997062 -0.01935398 0.03869849 -0.04905521 -0.02163153 0.03892517 -0.04794692 -0.00696516 0.03893435 -0.05213201 -0.009627163 0.03869855 -0.05184888 -0.01238018 0.0388689 -0.05116248 0.003955602 0.03867095 -0.05260282 4.42815e-4 0.03869479 -0.05273485 0.002552211 0.03899914 -0.0524829 -0.002562165 0.03886902 -0.0525757 0.007275462 0.0388906 -0.05211961 0.01216161 0.03898161 -0.05113238 0.01049274 0.0386846 -0.05168634 0.01698482 0.03886455 -0.04982942 0.0138064 0.03869861 -0.05089581 0.02314269 0.03869992 -0.04737424 0.02097743 0.03891021 -0.04825431 0.02111941 0.03960245 -0.04749864 0.02090001 0.03996843 -0.046929 0.01659137 0.03986114 -0.04886353 0.01200205 0.03986114 -0.05018854 0.007310211 0.0398612 -0.05108308 0.002555072 0.03986114 -0.05154043 -0.002221167 0.03986114 -0.05155581 -0.006978929 0.03986114 -0.05112946 -0.0116769 0.03986114 -0.05026519 -0.01627433 0.0398612 -0.0489701 -0.02073299 0.03986114 -0.04725533 -0.02501368 0.03986114 -0.04513597 -0.02907997 0.03986114 -0.04262959 -0.03289723 0.03986114 -0.0397582 -0.0364325 0.03986114 -0.03654605 -0.03965574 0.03986114 -0.03302061 -0.04253906 0.03986114 -0.02921241 -0.04505795 0.0398612 -0.02515381 -0.04719084 0.03986114 -0.02087974 -0.04891932 0.03986114 -0.0164268 -0.05022865 0.03986114 -0.01183307 -0.05110758 0.03986114 -0.007137894 -0.05131995 0.03996843 -0.002322435 -0.05141544 0.0399453 0.001263797 0.01674014 0.03938776 -0.04945504 0.01209551 0.03938776 -0.05079114 0.007347226 0.03938776 -0.05169188 0.002536058 0.03938776 -0.05214989 -0.002296805 0.03938776 -0.05216085 -0.007110059 0.03938776 -0.05172502 -0.01186233 0.03938776 -0.05084604 -0.01651304 0.03938776 -0.0495314 -0.02102226 0.03938776 -0.04779231 -0.02535146 0.03938776 -0.04564356 -0.02946329 0.03938776 -0.04310399 -0.03332275 0.03938776 -0.04019486 -0.03689652 0.03938776 -0.03694146 -0.04015427 0.03938776 -0.0333715 -0.04561281 0.03938776 -0.02540701 -0.04776668 0.03938776 -0.02108055 -0.04951125 0.03938776 -0.0165733 -0.05083149 0.03938776 -0.0119242 -0.05171632 0.03938776 -0.007173061 -0.05215805 0.03938776 -0.002360284 -0.04709523 0.04015654 0.01953887 -0.04404407 0.0407145 0.01745289 -0.04838275 0.04015922 0.01585835 -0.04596769 0.04061836 0.01325929 -0.04953932 0.04017812 0.01122677 -0.04727137 0.04061836 0.006577134 -0.05036783 0.04018509 0.006120622 0.0192843 0.04088521 -0.04270327 0.01904761 0.04141062 -0.04207444 0.01885741 0.04212158 -0.04166311 -0.04562604 0.0423395 -0.001788318 -0.04565763 0.04225862 0.001663923 -0.04553997 0.04270344 0.001723289 -0.04585653 0.04183071 0.00170511 -0.04578924 0.04194498 -0.001794755 -0.04609388 0.04149204 0.001739144 -0.04612869 0.04143631 -0.001783013 -0.04637986 0.04120498 0.001714408 -0.04663866 0.04100334 -0.001827955 -0.04671633 0.04095906 0.001733243 -0.04701441 0.0408008 -0.001842737 -0.04708844 0.04077225 0.001766622 0.01878136 0.04280388 -0.04150778 0.01469117 0.042135 -0.04330176 0.0146501 0.04281646 -0.04313784 0.01039105 0.04213476 -0.04452985 0.01036137 0.04280281 -0.04436516 0.005992174 0.042135 -0.04533165 0.005978703 0.04281055 -0.04516434 0.001535475 0.0421347 -0.04570043 0.001555085 0.04281002 -0.04553246 -0.002935588 0.0421347 -0.04563188 -0.002916157 0.04280287 -0.04546564 -0.007378578 0.04213482 -0.04512691 -0.007343828 0.04281198 -0.04496252 -0.01175129 0.04213482 -0.04419022 -0.01168584 0.04281002 -0.0440346 -0.01601123 0.04213494 -0.04283124 -0.0159443 0.0428034 -0.04267787 -0.02011841 0.04213494 -0.04106247 -0.02003777 0.0428133 -0.04091483 -0.02403306 0.04213482 -0.03890097 -0.02401036 0.04275941 -0.03872597 -0.02758383 0.04257059 -0.03629601 -0.03113776 0.0421347 -0.03348606 -0.03102421 0.04280948 -0.03336298 -0.03425943 0.04213482 -0.03028476 -0.03417056 0.04277563 -0.0301389 -0.03705382 0.04213482 -0.02679342 -0.03690212 0.04278594 -0.0267238 -0.03949368 0.04213482 -0.02304607 -0.03935062 0.04280924 -0.02295923 -0.041556 0.04213482 -0.01907825 -0.04139906 0.04281127 -0.01901823 -0.04322063 0.04213488 -0.01492804 -0.04305934 0.04280322 -0.01488333 -0.04447209 0.04213488 -0.01063483 -0.04431051 0.04280889 -0.01059132 -0.04523319 0.0423395 -0.006236374 -0.04513102 0.0428099 -0.006226778 -0.04552507 0.0427944 -0.001788139 -0.02784037 0.04175394 -0.03652226 -0.04549413 0.04175406 -0.006263792 0.01482957 0.04141265 -0.04373693 0.01048666 0.04141265 -0.04497635 0.006043374 0.04141265 -0.04578548 0.00154227 0.04141265 -0.04615694 -0.002973616 0.04141253 -0.0460869 -0.007460713 0.04141271 -0.04557591 -0.01187682 0.04141271 -0.04462933 -0.01617932 0.04141271 -0.04325586 -0.02032709 0.04141265 -0.04146862 -0.0242803 0.04141259 -0.03928494 -0.03145498 0.04141253 -0.0338146 -0.03460723 0.04141271 -0.03058058 -0.03742903 0.04141253 -0.02705407 -0.03989243 0.04141265 -0.02326869 -0.04197454 0.04141259 -0.01926094 -0.04365509 0.04141259 -0.01506876 -0.04491817 0.04141265 -0.01073271 -0.02808505 0.04126691 -0.03685778 -0.04590427 0.04126691 -0.00632894 0.01501864 0.04088521 -0.0443834 0.01061147 0.04088521 -0.04563838 0.006102979 0.04088521 -0.04645639 0.001536071 0.04088521 -0.04683047 -0.003045499 0.04088521 -0.04675668 -0.007597804 0.04088521 -0.04623556 -0.01207774 0.04088521 -0.04527235 -0.01644188 0.04088521 -0.04387611 -0.02064919 0.04088521 -0.04206019 -0.02465862 0.04088521 -0.03984218 -0.02843225 0.04088521 -0.03724306 -0.0319342 0.04088521 -0.03428781 -0.03513062 0.04088521 -0.0310046 -0.03799098 0.04088521 -0.02742499 -0.04048818 0.04088521 -0.02358305 -0.042598 0.04088521 -0.01951551 -0.04430067 0.04088521 -0.01526135 -0.04557943 0.04088521 -0.01086115 -0.04642242 0.04088521 -0.006357312 0.04366838 0.04819995 -0.01228761 0.0344913 0.04819995 -0.02946645 -0.04527461 0.04303067 0.004934668 -0.04535758 0.04819995 7.8829e-4 -0.04477328 0.04819995 0.007299423 -0.04499977 0.04819995 -0.005739331 -0.04370754 0.04819995 -0.01214772 -0.04150778 0.04819995 -0.01830387 -0.03844583 0.04819995 -0.02407979 -0.030007 0.04819995 -0.03402221 -0.03458553 0.04819995 -0.02935588 -0.02480512 0.04819995 -0.0379818 -0.01908826 0.04819995 -0.04115289 -0.01297497 0.04819995 -0.04346925 -0.006592333 0.04819995 -0.04488283 -7.26846e-5 0.04819995 -0.04536432 0.006448388 0.04819995 -0.04490375 0.01283568 0.04819995 -0.04351049 0.01895642 0.04819995 -0.04121387 0.02468341 0.04819995 -0.03806126 0.02989768 0.04819995 -0.03411817 0.03836852 0.04819995 -0.024203 0.04144895 0.04819995 -0.01843667 0.0449813 0.04819995 -0.005883455 0.04535979 0.04819995 6.42915e-4 0.04479634 0.04819995 0.007156014 -0.04346954 0.04299473 0.0135914 -0.04244881 0.04277509 0.01657259 -0.04221665 0.04749006 0.01669859 -0.0432592 0.04819995 0.01365906 -0.04203432 0.04819989 0.01709228 -0.04426354 0.04310441 0.01067399 -0.04490137 0.04282826 0.007693648 0.03926831 0.04819995 0.007615566 -0.03181171 0.04819995 0.02424889 -0.03586828 0.04820001 0.02780723 -0.03450322 0.04819995 0.02945262 -0.03764545 0.04819995 0.01352053 -0.03514045 0.04819995 0.01910877 -0.04196816 0.04819953 0.01742154 -0.03926831 0.04819995 0.007615566 0.03764545 0.04819995 0.01352053 0.03181171 0.04819995 0.02424889 -0.0277372 0.04819995 0.02882087 -0.02997434 0.04819995 0.03405094 -0.02301257 0.04819995 0.03271704 -0.02483868 0.04819995 0.03796011 -0.01774877 0.04819995 0.03584659 -0.01920032 0.04819995 0.0411008 -0.01206868 0.04819995 0.0381357 -0.01317322 0.04819995 0.04340964 -0.006105959 0.04819995 0.03953117 -0.006879508 0.04819995 0.04483968 0 0.04819995 0.03999996 -4.46603e-4 0.04819995 0.04536223 0.006105959 0.04819995 0.03953117 0.005995333 0.04819995 0.04496639 0.01206868 0.04819995 0.0381357 0.01231586 0.04819995 0.04366058 0.01774877 0.04819995 0.03584659 0.01838725 0.04819995 0.04147088 0.02301257 0.04819995 0.03271704 0.02408653 0.04819995 0.03844165 0.0277372 0.04819995 0.02882087 0.029298 0.04819995 0.03463453 0.03391665 0.04819995 0.03012621 0.03997051 0.04819995 0.001532018 0.03973603 0.04819995 -0.004587292 0.03856998 0.04819995 -0.01059907 0.03649997 0.04819995 -0.0163626 0.03357458 0.04819995 -0.02174264 0.0298621 0.04819995 -0.02661287 0.02544969 0.04819995 -0.03085947 0.02044057 0.04819995 -0.03438276 0.0149526 0.04819995 -0.03709995 0.009114086 0.04819995 -0.03894776 0.00306195 0.04819995 -0.0398826 0 0.04819995 -0.03999996 -0.00306195 0.04819995 -0.0398826 -0.009114086 0.04819995 -0.03894776 -0.0149526 0.04819995 -0.03709995 -0.02044057 0.04819995 -0.03438276 -0.02544969 0.04819995 -0.03085947 -0.0298621 0.04819995 -0.02661287 -0.03357458 0.04819995 -0.02174264 -0.03649997 0.04819995 -0.0163626 -0.03856998 0.04819995 -0.01059907 -0.03973603 0.04819995 -0.004587292 -0.03997051 0.04819995 0.001532018 0.03514045 0.04819995 0.01910877 -0.03612917 0.04819905 0.02759438 -0.03674626 0.04819959 0.02718216 -0.04193311 0.04819917 0.01796686 -0.04189211 0.04819434 0.01833027 -0.04051864 0.04817163 0.02126991 -0.03867799 0.04818087 0.02443683 -0.03557908 0.04744827 0.02820366 -0.0367273 0.04223394 0.02832078 -0.03661537 0.04268252 0.02823698 -0.03688222 0.04174768 0.0284655 -0.03625917 0.04219824 0.0283029 -0.03606545 0.04277801 0.02820456 -0.03646218 0.04225164 0.02827352 -0.03631579 0.04282629 0.02817708 -0.03601187 0.0422064 0.02837044 -0.03616034 0.04187011 0.0284726 -0.0366106 0.04179912 0.02842348 -0.03659826 0.04155653 0.02854335 -0.03628826 0.04149901 0.02868485 -0.03589981 0.04257941 0.02829873 -0.03582412 0.04293239 0.02827328 -0.03691339 0.04107379 0.02890223 -0.03656399 0.04125648 0.02879494 -0.03708183 0.04135107 0.02867352 -0.04170554 0.03991782 0.03131771 -0.04170495 0.04008764 0.03108644 -0.04200989 0.03978365 0.03142064 -0.04258733 0.04010307 0.03119117 -0.04223638 0.03994292 0.03123766 -0.04279381 0.04499983 0.03102391 -0.03656595 0.04710847 0.0280413 -0.03743618 0.04729223 0.02841693 -0.03737503 0.04499983 0.02849733 -0.04360419 0.03926253 0.03152519 -0.04309588 0.03971385 0.03138726 -0.04309386 0.04008936 0.03133112 -0.04247087 0.03933066 0.03175407 -0.04226654 0.0395286 0.03163778 -0.04254776 0.03970092 0.0313847 -0.04291373 0.03942096 0.03149896 -0.04278832 0.0391398 0.03172916 -0.04319596 0.03871721 0.03175687 -0.0434392 0.03908222 0.03155827 -0.04330337 0.03895813 0.03161787 0.1045325 0.04480201 0.04129838 0.1043895 0.04477274 0.04125046 0.1042705 0.0448057 0.04117995 0.1042037 0.0447545 0.04109513 0.1041324 0.04475331 0.04094731 0.1041011 0.04481709 0.04083335 0.1041234 0.04502546 0.04008328 0.1042203 0.04501438 0.03990554 0.1043599 0.04509592 0.03977376 0.1045075 0.04504555 0.0397312 0.1073141 0.04500418 0.03974628 0.1074417 0.04509615 0.03976976 0.1075448 0.04501867 0.03985905 0.107638 0.04505348 0.03995829 0.1077022 0.04506164 0.04010945 0.1077144 0.04483836 0.04088187 0.1076412 0.04476153 0.04105353 0.1075683 0.04483109 0.04116678 0.1074666 0.0447613 0.04122895 0.1038344 0.04858803 0.02589029 0.1039498 0.04856967 0.02572095 0.1040454 0.04849237 0.0256614 0.1042219 0.04853647 0.02558827 0.1048959 0.04917454 0.0253582 0.1048328 0.04934751 0.02528536 0.1047581 0.04917883 0.02546638 0.1046282 0.04851484 0.0255872 0.1050705 0.04892194 0.02399539 0.1050616 0.0486747 0.02518165 0.1052697 0.04889965 0.02369511 0.1051252 0.04890507 0.02385169 0.1054772 0.04888594 0.02361696 0.1063417 0.04890161 0.0236209 0.1065021 0.04887741 0.02368831 0.1065742 0.04894441 0.02372527 0.1066974 0.04895401 0.02388453 0.1067289 0.04890328 0.02399706 0.1067414 0.04871165 0.02515792 0.1068125 0.04915618 0.02522957 0.1068901 0.04926717 0.02532458 0.1069697 0.04938375 0.02533465 0.1069868 0.04921317 0.02544349 0.1071833 0.04859751 0.02559101 0.1104763 0.0486195 0.02561604 0.1106555 0.04861414 0.02568668 0.1107733 0.0485652 0.02582228 0.1108618 0.0486238 0.02597945 0.1108622 0.04843133 0.02703809 0.1108365 0.04848235 0.02717036 0.1066526 0.04738163 0.03313565 0.1065264 0.04739296 0.03323775 0.1063892 0.0473718 0.03328675 0.1062828 0.04732328 0.03328865 0.1066707 0.04856705 0.01837503 0.106568 0.04861289 0.01856505 0.1063516 0.04860574 0.01870757 0.1064994 0.04853677 0.01861423 0.1062517 0.04855024 0.0187183 0.1055408 0.04853814 0.01872009 0.1054272 0.04857385 0.01869326 0.1053212 0.04854685 0.01863282 0.1052087 0.04851371 0.01850301 0.1051282 0.04855877 0.01832473 0.1051274 0.04841727 0.01658618 0.1047589 0.04916387 0.01624846 0.1047779 0.0493201 0.01635152 0.1049285 0.0491634 0.01636952 0.1048789 0.04935365 0.01647949 0.1049949 0.04919576 0.01649463 0.1047118 0.04832834 0.01613312 0.1028895 0.04832357 0.01613736 0.1027455 0.0482881 0.01608771 0.1025905 0.04834741 0.01598066 0.1025279 0.04827237 0.0158649 0.1024897 0.04823839 0.01573741 0.1024774 0.04826349 0.01494747 0.1027037 0.04823839 0.01462215 0.1026076 0.04821485 0.01471143 0.1025434 0.04820394 0.01480114 0.1028693 0.04828727 0.01454752 0.104693 0.04836106 0.01453298 0.1049404 0.04904544 0.0141921 0.1047549 0.04915624 0.01424443 0.1049617 0.04887223 0.01430511 0.1048551 0.0489704 0.01436281 0.1047409 0.04899489 0.01441192 0.1048346 0.04880857 0.01442992 0.1046909 0.04884237 0.01448315 0.1051306 0.04819762 0.01234716 0.1051288 0.04826158 0.01409703 0.1055263 0.04822421 0.01194763 0.1053662 0.04815042 0.01202237 0.105215 0.0482127 0.01214408 0.1063049 0.04824137 0.01194941 0.1064893 0.04819953 0.01204431 0.1065958 0.04816246 0.0121665 0.1066757 0.04818081 0.01234722 0.1066918 0.04832601 0.01411765 0.1067886 0.04897159 0.01419299 0.1068755 0.04916763 0.01414895 0.106908 0.04901963 0.0143423 0.1069833 0.04917508 0.01428419 0.1070457 0.04895102 0.01444792 0.1071352 0.04837304 0.01454186 0.1089439 0.048505 0.01453667 0.1091324 0.04845523 0.01463323 0.10925 0.04839813 0.01478284 0.1093199 0.04846835 0.01489573 0.1093144 0.04845082 0.01570045 0.1093013 0.04853677 0.01581829 0.1092143 0.04854655 0.01596391 0.1090876 0.04856616 0.01607036 0.108937 0.04851317 0.01612025 0.1069399 0.04919493 0.01630038 0.1070314 0.04934316 0.01629561 0.1068262 0.0492438 0.01644212 0.1069363 0.04938846 0.01639801 0.1070834 0.04842591 0.0161339 0.1066794 0.04841756 0.01656073 0.1074588 0.04764384 0.02979516 0.107369 0.04751598 0.02996826 0.1070739 0.04761564 0.02984786 0.1068983 0.04760116 0.02979338 0.1066747 0.04756402 0.02969115 0.1072779 0.04761075 0.02986711 0.1066249 0.04766732 0.02944302 0.1067806 0.04770004 0.02960813 0.1054683 0.04695421 0.032911 0.1062922 0.04698729 0.0329895 0.1054318 0.04701864 0.03305965 0.1062914 0.04712492 0.03318989 0.1054584 0.04716122 0.03321522 0.1066111 0.04724681 0.0331313 0.1107793 0.04831928 0.02714484 0.1065675 0.04710817 0.03303843 0.110738 0.04822027 0.02701133 0.1064525 0.04699409 0.03292679 0.1105915 0.0481255 0.02695316 0.1107752 0.04844892 0.02598387 0.1106263 0.04832887 0.02593195 0.1104795 0.04846793 0.02568101 0.1071271 0.04842203 0.02564877 0.1070864 0.04827839 0.02578312 0.1105363 0.04834789 0.02581131 0.1068256 0.04833179 0.02562141 0.1067581 0.04824805 0.02574044 0.1067411 0.04841309 0.02545171 0.1064878 0.04835844 0.02526688 0.1066 0.0484609 0.02517974 0.1067566 0.04853522 0.02534747 0.1068007 0.04864436 0.02534323 0.1066864 0.04857563 0.02514982 0.107056 0.04855901 0.02557033 0.1069495 0.04844141 0.02557927 0.1069158 0.0485652 0.02549105 0.1066155 0.04872483 0.0239163 0.1054345 0.04861283 0.02381974 0.1063137 0.04861795 0.02382361 0.1054295 0.0487312 0.02369886 0.1063596 0.04873806 0.02370429 0.1052616 0.04865545 0.0238921 0.105131 0.04876369 0.02399164 0.105199 0.04846215 0.02513176 0.1051177 0.04856926 0.02513235 0.1053287 0.04836082 0.02517861 0.1051273 0.04832535 0.02548027 0.1049019 0.04839396 0.02555871 0.1049584 0.04825866 0.02568501 0.1046903 0.04834741 0.02566629 0.1046841 0.04823613 0.02578055 0.1050624 0.0484687 0.02536368 0.1047525 0.04850727 0.02556312 0.1049768 0.04861098 0.02537328 0.1048741 0.04856538 0.02548313 0.1042318 0.04841291 0.02562958 0.1041927 0.04828184 0.02573126 0.1039876 0.04827684 0.02590602 0.09306788 0.05231219 0.02847552 0.09001195 0.05278837 0.02855956 0.08846479 0.05267143 0.02853888 0.08695483 0.05231928 0.02847683 0.09155881 0.05266767 0.0285381 0.09306788 0.05205172 0.02995276 0.08695483 0.05205893 0.02995401 0.08846479 0.05241096 0.03001612 0.09155881 0.05240732 0.03001534 0.09001195 0.05252802 0.03003662 0.09303957 0.05236417 0.02767634 0.09154438 0.05271643 0.02773851 0.09001183 0.05283606 0.02775961 0.08847898 0.05272001 0.02773898 0.08698296 0.05237132 0.02767765 0.09303855 0.05182033 0.03074175 0.09154385 0.0521726 0.03080374 0.09001183 0.05229204 0.03082484 0.08847951 0.05217611 0.03080445 0.08698397 0.05182749 0.030743 0.08853459 0.05263251 0.02618122 0.09001141 0.05274415 0.02620089 0.09148794 0.05262899 0.02618056 0.09148693 0.05155456 0.03223645 0.09001141 0.05166959 0.03225684 0.0885356 0.05155795 0.03223717 0.0214973 -0.06 0.02761977 0.016658 -0.06 0.03078144 0 -0.06 0.03499984 0.0113644 -0.06 0.03310358 0.005760729 -0.06 0.03452265 0.03205204 -0.06 0.01405918 0.02930068 -0.06 0.01914316 0.02575021 -0.06 0.0237047 0.03488034 -0.06 -0.002890229 0.03488034 -0.06 0.002890229 0.03392899 -0.06 0.008591949 0.02930068 -0.06 -0.01914316 0.03205204 -0.06 -0.01405918 0.03392899 -0.06 -0.008591949 0.016658 -0.06 -0.03078144 0.0214973 -0.06 -0.02761977 0.02575021 -0.06 -0.0237047 0 -0.06 -0.03499984 0.005760729 -0.06 -0.03452259 0.0113644 -0.06 -0.03310358 -0.016658 -0.06 -0.03078144 -0.0113644 -0.06 -0.03310358 -0.005760729 -0.06 -0.03452259 -0.02930068 -0.06 -0.01914316 -0.02575021 -0.06 -0.0237047 -0.0214973 -0.06 -0.02761977 -0.03488034 -0.06 -0.002890229 -0.03392899 -0.06 -0.008591949 -0.03205204 -0.06 -0.01405918 -0.03205204 -0.06 0.01405918 -0.03392899 -0.06 0.008591949 -0.03488034 -0.06 0.002890229 -0.0214973 -0.06 0.02761977 -0.02575021 -0.06 0.0237047 -0.02930068 -0.06 0.01914316 -0.005760729 -0.06 0.03452265 -0.0113644 -0.06 0.03310358 -0.016658 -0.06 0.03078144 0.1050829 0.04826021 0.01631397 0.105192 0.04826456 0.0165354 0.1051983 0.0481829 0.01637697 0.1050838 0.04805916 0.01603966 0.1048813 0.04798877 0.0157966 0.1048458 0.04807949 0.01598292 0.1053184 0.04805469 0.01622009 0.1053416 0.04813343 0.01658231 0.1054831 0.04805892 0.01644331 0.105599 0.04804086 0.01631104 0.1050856 0.04841953 0.01644068 0.104884 0.04837673 0.01620543 0.1050118 0.04838097 0.01631373 0.1047358 0.04814296 0.01603245 0.104928 0.04823285 0.01616203 0.1050388 0.04814976 0.01615923 0.1051961 0.04794794 0.01468485 0.1055997 0.04792279 0.01440006 0.1054593 0.04793161 0.01433289 0.1048849 0.04793596 0.0149368 0.1053325 0.04798883 0.01415908 0.1051769 0.04804599 0.01441276 0.104905 0.04807358 0.01462101 0.1048198 0.04798418 0.01479238 0.1047131 0.04805105 0.0147016 0.104988 0.04828953 0.01439619 0.1048362 0.04830533 0.01449865 0.104877 0.04817241 0.01454639 0.1050516 0.04814064 0.01443225 0.1046956 0.04820638 0.01457643 0.1052097 0.04810369 0.01415455 0.1051042 0.04825693 0.01421856 0.1071348 0.04802507 0.0149247 0.1070417 0.04806298 0.01479673 0.1067174 0.04800003 0.01480931 0.1068829 0.04800802 0.01502794 0.1066522 0.04810631 0.01437675 0.1064957 0.04802089 0.01416707 0.1065348 0.04801321 0.01442098 0.1067964 0.04822129 0.01443713 0.1067208 0.04828268 0.01424944 0.1066319 0.04816806 0.01413875 0.1068208 0.04812878 0.01455724 0.1063385 0.04794991 0.01431995 0.1067272 0.04803556 0.0146473 0.1070675 0.04816854 0.01464951 0.1070289 0.04834568 0.01452124 0.1069458 0.04836529 0.01447749 0.1068171 0.04834175 0.01438009 0.1063565 0.04808247 0.01636093 0.1064561 0.048132 0.01645934 0.1066426 0.04814523 0.01619583 0.106666 0.04827809 0.01638031 0.1068417 0.04812324 0.01600193 0.1063472 0.04805725 0.01612538 0.1069898 0.04806917 0.01581418 0.1068432 0.04828721 0.01618385 0.1070071 0.04827702 0.01608866 0.1071033 0.04822069 0.01602149 0.1067451 0.04844546 0.01638805 0.1065655 0.04823285 0.0165627 0.1068903 0.04841208 0.01621478 0.1028448 0.04791861 0.01573014 0.1028704 0.04787248 0.01500988 0.1063088 0.04819959 0.01832443 0.1055324 0.04817241 0.01832431 0.10899 0.04814565 0.01575917 0.108947 0.04808861 0.01499617 0.1055247 0.04780769 0.01237195 0.1063076 0.04783374 0.01240319 0.1072357 0.04443275 0.04070651 0.1073176 0.0447421 0.03997611 0.1044918 0.04444295 0.04067301 0.1045304 0.04476404 0.03990983 0.009114086 0.05919986 -0.03894776 0.00306195 0.05919986 -0.0398826 -0.006105959 0.05919986 0.03953117 0 0.05919986 -0.03999996 -0.00306195 0.05919986 -0.0398826 0.02544969 0.05919986 -0.03085947 0.02044057 0.05919986 -0.03438276 0.0149526 0.05919986 -0.03709995 0.03649997 0.05919986 -0.0163626 0.03357458 0.05919986 -0.02174264 0.0298621 0.05919986 -0.02661287 0.03997051 0.05919986 0.001532018 0.03973603 0.05919986 -0.004587292 0.03856998 0.05919986 -0.01059907 0.03514045 0.05919986 0.01910877 0.03764545 0.05919986 0.01352053 0.03926831 0.05919986 0.007615566 0.02301257 0.05919986 0.03271704 0.0277372 0.05919986 0.02882087 0.03181171 0.05919986 0.02424889 0.006105959 0.05919986 0.03953117 0.01206868 0.05919986 0.0381357 0.01774877 0.05919986 0.03584659 0 0.05919986 0.03999996 -0.0277372 0.05919986 0.02882087 -0.02301257 0.05919986 0.03271704 -0.01774877 0.05919986 0.03584659 -0.01206868 0.05919986 0.0381357 -0.03764545 0.05919986 0.01352053 -0.03514045 0.05919986 0.01910877 -0.03181171 0.05919986 0.02424889 -0.03973603 0.05919986 -0.004587292 -0.03997051 0.05919986 0.001532018 -0.03926831 0.05919986 0.007615566 -0.03357458 0.05919986 -0.02174264 -0.03649997 0.05919986 -0.0163626 -0.03856998 0.05919986 -0.01059907 -0.02044057 0.05919986 -0.03438276 -0.02544969 0.05919986 -0.03085947 -0.0298621 0.05919986 -0.02661287 -0.009114086 0.05919986 -0.03894776 -0.0149526 0.05919986 -0.03709995 -0.03660702 0.04732733 0.02800548 -0.03668344 0.04753226 0.02792799 -0.03756809 0.04765748 0.0282424 -0.03677976 0.04773229 0.02779209 -0.03773933 0.04788362 0.02801382 -0.03703022 0.0479511 0.02751129 -0.03693199 0.04787284 0.02765095 -0.03793531 0.04799163 0.02775031 -0.03723859 0.0480026 0.0273422 -0.04231971 0.04800105 0.018592 -0.04238498 0.04793512 0.01828289 -0.04299962 0.04798859 0.01897716 -0.04312819 0.04788446 0.01868152 -0.04244005 0.04779082 0.01802498 -0.04247468 0.04762727 0.01784151 -0.04326009 0.04761391 0.01837265 -0.04250681 0.04738348 0.01768755 -0.04333233 0.04720985 0.01820147 -0.04254603 0.04714208 0.01763373 0 -0.04949986 0.03499984 0.005760729 -0.04949986 0.03452265 0.0113644 -0.04949986 0.03310358 0.016658 -0.04949986 0.03078144 0.0214973 -0.04949986 0.02761977 0.02575021 -0.04949986 0.0237047 0.02930068 -0.04949986 0.01914316 0.03205204 -0.04949986 0.01405918 0.03392899 -0.04949986 0.008591949 0.03488034 -0.04949986 0.002890229 0.03488034 -0.04949986 -0.002890229 0.03392899 -0.04949986 -0.008591949 0.03205204 -0.04949986 -0.01405918 0.02930068 -0.04949986 -0.01914316 0.02575021 -0.04949986 -0.0237047 0.0214973 -0.04949986 -0.02761977 0.016658 -0.04949986 -0.03078144 0.0113644 -0.04949986 -0.03310358 0.005760729 -0.04949986 -0.03452259 0 -0.04949986 -0.03499984 -0.005760729 -0.04949986 -0.03452259 -0.0113644 -0.04949986 -0.03310358 -0.016658 -0.04949986 -0.03078144 -0.0214973 -0.04949986 -0.02761977 -0.02575021 -0.04949986 -0.0237047 -0.02930068 -0.04949986 -0.01914316 -0.03205204 -0.04949986 -0.01405918 -0.03392899 -0.04949986 -0.008591949 -0.03488034 -0.04949986 -0.002890229 -0.03488034 -0.04949986 0.002890229 -0.03392899 -0.04949986 0.008591949 -0.03205204 -0.04949986 0.01405918 -0.02930068 -0.04949986 0.01914316 -0.02575021 -0.04949986 0.0237047 -0.0214973 -0.04949986 0.02761977 -0.016658 -0.04949986 0.03078144 -0.0113644 -0.04949986 0.03310358 -0.005760729 -0.04949986 0.03452265 0.1051771 0.04842978 0.01834321 0.1053187 0.04826366 0.01835161 0.1053881 0.04829061 0.01850515 0.1055064 0.04837638 0.01864182 0.1055847 0.04822272 0.01848596 0.1028906 0.04818892 0.01609712 0.1028817 0.04805892 0.01600581 0.1028892 0.04795539 0.01586335 0.10266 0.04820734 0.01600146 0.1026132 0.04806602 0.01580071 0.1027241 0.04803806 0.01589971 0.1025422 0.04808902 0.0149948 0.1026936 0.04794389 0.01500624 0.102635 0.04802697 0.01485764 0.1028903 0.04813843 0.01459234 0.1027441 0.04805409 0.01470786 0.102892 0.04799807 0.01470023 0.1028578 0.04790562 0.014853 0.1051968 0.04802227 0.01239228 0.1053451 0.04787987 0.01240766 0.1052578 0.04802387 0.01220399 0.1055361 0.04811573 0.01197642 0.1055012 0.04797405 0.01206606 0.1054094 0.04788041 0.0122534 0.10556 0.04787772 0.01217353 0.1063254 0.04809081 0.01200187 0.106301 0.04795545 0.01210665 0.1062927 0.04786318 0.0122559 0.1064635 0.04795664 0.01220947 0.1065884 0.04801207 0.01236027 0.1064696 0.04790252 0.01240622 0.108929 0.04820901 0.01469439 0.1089336 0.04835939 0.01457983 0.1089678 0.04812127 0.01484841 0.1090792 0.04831135 0.01466548 0.1091234 0.04816877 0.01490813 0.1092536 0.04829144 0.01498436 0.109178 0.04826688 0.01577907 0.1092306 0.04840672 0.01588016 0.1090844 0.04838949 0.01601666 0.108954 0.04823762 0.01595467 0.1089137 0.04839956 0.01608437 0.1066197 0.04842013 0.01832991 0.1064734 0.04827648 0.01834923 0.1065891 0.04844623 0.01844394 0.1064218 0.04834038 0.01853239 0.1062903 0.0482527 0.01848572 0.106315 0.04840296 0.01864033 0.106476 0.04866772 0.02383244 0.1064143 0.04703849 0.03305989 0.1063967 0.04714155 0.03318238 0.106446 0.04726922 0.03324306 0.1052154 0.04712522 0.0330072 0.1053233 0.04717403 0.03316724 0.1039124 0.04842269 0.02583122 0.1040776 0.04837346 0.02570635 0.1043975 0.04477578 0.03996068 0.1043001 0.04450172 0.04077965 0.1042534 0.04484891 0.04002147 0.1041831 0.04461652 0.0408076 0.1043502 0.04490071 0.03985846 0.1045073 0.04491603 0.03978317 0.1073521 0.04483014 0.0398674 0.1075584 0.04485332 0.04000705 0.1074371 0.0444886 0.04069048 0.107569 0.04455572 0.04078686 0.1076804 0.04470956 0.04081559 0.1073359 0.0447098 0.04125571 0.1072317 0.04458838 0.04118973 0.1072232 0.04477721 0.04129385 0.1073767 0.04444503 0.04086273 0.1072288 0.04443365 0.0409047 0.1075762 0.04459893 0.04096072 0.1074097 0.04450553 0.04102587 0.1072313 0.04449278 0.04106897 0.1074528 0.0445863 0.04111015 0.1045333 0.04464215 0.04122877 0.104526 0.04452615 0.04112035 0.1045039 0.04446125 0.04101032 0.1044839 0.0444234 0.04083204 0.1043463 0.04450964 0.04098904 0.1043632 0.04462075 0.04114884 -0.03703463 0.04807984 0.02715766 -0.03685551 0.04808735 0.02727586 -0.03622299 0.04806447 0.02760559 -0.03667318 0.04803586 0.02742898 -0.03656095 0.04789853 0.02760553 -0.03634679 0.04741358 0.02791786 -0.03629523 0.04717034 0.02797722 -0.03608828 0.0474283 0.02794158 -0.03641813 0.04760295 0.02783465 -0.03654211 0.04776555 0.02772367 -0.03616011 0.04774612 0.02780008 -0.03611356 0.04709583 0.02799063 -0.03579062 0.04721921 0.02807611 -0.03586643 0.04778981 0.02791905 -0.0390259 0.04800796 0.02468955 -0.04091101 0.04800683 0.02145373 -0.04214406 0.04804742 0.01843845 -0.04070305 0.04799985 0.02349996 -0.04237699 0.04719549 0.01744574 -0.04213285 0.047737 0.0170139 -0.0420615 0.04805922 0.01796954 -0.04220736 0.04796051 0.01808053 -0.04206621 0.04799681 0.0176627 -0.04224658 0.04783046 0.01783448 -0.04230386 0.04765099 0.01765424 -0.04232347 0.04748213 0.01751697 -0.04217052 0.04766333 0.01731878 -0.04221576 0.04718863 0.01685863 -0.0422365 0.04721128 0.0171253 -0.02450132 -0.04949986 -0.03812474 -0.01882606 -0.04949986 -0.04122346 -0.01276785 -0.04949986 -0.04348313 -0.00644952 -0.04949986 -0.04485774 0 -0.04949986 -0.04531902 0.00644952 -0.04949986 -0.04485774 0.01276785 -0.04949986 -0.04348313 0.02450132 -0.04949986 0.03812474 0.01882606 -0.04949986 0.04122364 0.01276785 -0.04949986 0.04348313 0.00644952 -0.04949986 0.04485774 0 -0.04949986 0.04531902 -0.00644952 -0.04949986 0.04485774 -0.01276785 -0.04949986 0.04348313 -0.04531902 -0.04949986 0 -0.04485774 -0.04949986 -0.00644952 -0.04348313 -0.04949986 -0.01276779 -0.04122364 -0.04949986 -0.01882606 -0.03812474 -0.04949986 -0.02450126 -0.03424984 -0.04949986 -0.02967751 -0.02967751 -0.04949986 -0.03424978 0.04531902 -0.04949986 0 0.04485774 -0.04949986 0.00644958 0.04348313 -0.04949986 0.01276785 0.04122364 -0.04949986 0.01882606 0.03812474 -0.04949986 0.02450132 0.03424984 -0.04949986 0.02967751 0.02967751 -0.04949986 0.03424984 -0.01882606 -0.04949986 0.04122364 -0.02450132 -0.04949986 0.03812474 -0.02967751 -0.04949986 0.03424984 -0.03424984 -0.04949986 0.02967751 -0.03812474 -0.04949986 0.02450132 -0.04122364 -0.04949986 0.01882606 -0.04348313 -0.04949986 0.01276785 -0.04485774 -0.04949986 0.00644958 0.01882606 -0.04949986 -0.04122346 0.02450132 -0.04949986 -0.03812474 0.02967751 -0.04949986 -0.03424978 0.03424984 -0.04949986 -0.02967751 0.03812474 -0.04949986 -0.02450126 0.04122364 -0.04949986 -0.01882606 0.04348313 -0.04949986 -0.01276779 0.04485774 -0.04949986 -0.00644952 0.113672 -0.00927186 0.06549996 0.1134987 -0.009892225 0.06549996 0.1158541 -0.008761167 0.06549996 0.1135523 -0.01041203 0.06549996 0.1142317 -0.008692979 0.06549996 0.1148688 -0.008500039 0.06549996 0.1153897 -0.008545577 0.06549996 0.1164972 -0.009845435 0.06549996 0.1162945 -0.009214043 0.06549996 0.1164597 -0.01036667 0.06549996 0.1161516 -0.01099222 0.06549996 0.1149784 -0.01151186 0.06549996 0.1156037 -0.01137799 0.06549996 0.1142596 -0.01131945 0.06549996 0.1137806 -0.01088225 0.06549996 0.113672 0.01072806 0.06549996 0.1134987 0.01010763 0.06549996 0.1156362 0.008635342 0.06549996 0.1135523 0.009587824 0.06549996 0.1141452 0.01124078 0.06549996 0.1146447 0.01146197 0.06549996 0.1152811 0.01148664 0.06549996 0.1162945 0.01078581 0.06549996 0.1158541 0.01123875 0.06549996 0.1164972 0.01015436 0.06549996 0.1164597 0.009633123 0.06549996 0.1161702 0.009034574 0.06549996 0.1146103 0.008545577 0.06549996 0.1151311 0.008500039 0.06549996 0.1137806 0.009117543 0.06549996 0.1141459 0.008761167 0.06549996 -0.0481804 0.04499983 0.029549 -0.04968041 0.04499983 0.02695095 -0.04819864 0.04210585 0.02951741 -0.04967099 0.0422011 0.02696722 -0.0495156 0.04154098 0.02723634 -0.04927414 0.04116153 0.02765429 -0.04836225 0.04151362 0.02923405 -0.049048 0.04101181 0.02804613 -0.04878795 0.04102241 0.02849674 -0.04856359 0.04118382 0.02888518 -0.0433669 0.04499983 0.01811885 -0.04070305 0.04499983 0.02349996 -0.04260957 0.04263514 0.01741594 -0.04245746 0.04284685 0.01716339 -0.04240143 0.04289877 0.01681071 -0.04279506 0.04258626 0.01761144 -0.04395568 0.04085093 0.01787275 -0.04375278 0.04103648 0.01793807 -0.04367631 0.04094171 0.01765823 -0.04296314 0.04205852 0.0176897 -0.04350501 0.04157876 0.01805889 -0.04248154 0.04256498 0.01711601 -0.04272156 0.0420584 0.01735574 -0.04300272 0.04172927 0.01759797 -0.04315847 0.04142791 0.0175758 -0.04339957 0.04126238 0.01776516 -0.04371517 0.04127103 0.01810771 -0.04313105 0.04130327 0.017232 -0.04348731 0.04101204 0.0174508 -0.04291164 0.04163646 0.01732116 -0.04338067 0.04108119 0.0170567 -0.04396861 0.04076004 0.01760405 -0.04245287 0.042566 0.01677387 -0.04254406 0.04233032 0.01662111 -0.04291093 0.04155349 0.01707792 -0.0427019 0.04192686 0.01672011 -0.04291886 0.0415827 0.01678365 -0.04311752 0.04134356 0.01685535 -0.04255306 0.04220092 0.01690834 -0.04270875 0.04189026 0.01706421 -0.04369777 0.0408734 0.01720559 0.02601957 -0.04661083 0.03722465 0.02377784 -0.04613304 0.03871756 0.02099967 -0.04582953 0.04030424 0.01830738 -0.04540842 0.04161262 -0.004444122 -0.04299038 0.04534065 -0.007430672 -0.04294323 0.04494601 0.01878023 -0.0428012 -0.04150909 0.02192813 -0.04265797 -0.03995972 0.02308261 -0.04300916 -0.03926277 0.0146389 -0.04282683 -0.04314059 0.01035416 -0.04281497 -0.04436576 0.001542091 -0.04281938 -0.04553169 0.005972445 -0.04282128 -0.04516416 -0.002946317 -0.04259991 -0.04548496 -0.007350564 -0.04282271 -0.04496026 -0.01169848 -0.04281991 -0.04403007 -0.02005201 -0.04282045 -0.04090762 -0.01595121 -0.04281526 -0.04267412 -0.02394276 -0.04282295 -0.03875803 -0.02761459 -0.04281497 -0.03623467 -0.03108817 -0.04260736 -0.03333103 -0.03413265 -0.04282182 -0.03017318 -0.03935497 -0.04281967 -0.02295029 -0.03691649 -0.04281467 -0.02669656 -0.04140329 -0.04282027 -0.01900672 -0.04305964 -0.04282712 -0.01487475 -0.04430842 -0.04281455 -0.01059693 -0.04513072 -0.04281997 -0.006221115 -0.04552483 -0.0428006 -0.001792669 -0.0449267 -0.04277974 0.00760585 -0.04534029 -0.04262769 0.00466907 -0.04552417 -0.04283571 0.001698017 -0.04357647 -0.04279339 0.01330733 -0.04433387 -0.04276096 0.01053172 -0.04151922 -0.04304951 0.01871967 -0.04261338 -0.04280358 0.01611989 -0.04012423 -0.04278337 0.02159684 -0.03861325 -0.04282981 0.02418535 -0.03502202 -0.04287624 0.02913564 -0.03691214 -0.04284805 0.02670568 -0.03075003 -0.04306864 0.03359538 -0.03288853 -0.04308265 0.0315026 -0.02351683 -0.04307764 0.03900158 -0.0260263 -0.0430814 0.03737378 -0.02851331 -0.04308336 0.03551298 -0.02105116 -0.04307454 0.04038614 -0.01028674 -0.04283022 0.0443902 -0.01317805 -0.04283386 0.04361671 -0.0182749 -0.04307317 0.04171735 -0.01580268 -0.04281795 0.04273653 0.001312494 -0.04330903 0.04552441 -0.001522839 -0.04313081 0.04552572 0.004239976 -0.04352438 0.04533386 0.01250404 -0.04458987 0.04373776 0.01012217 -0.0440573 0.04437536 0.007123649 -0.04377019 0.04496198 0.01580953 -0.04476904 0.04265779 0.0307306 -0.04736316 0.03341752 0.02849596 -0.04699707 0.03535497 0.0322479 -0.04776543 0.03191953 0.03459542 -0.04804885 0.0293591 0.0381326 -0.04846745 0.02456027 0.03654819 -0.04826045 0.02688276 0.04068046 -0.04867064 0.02003729 0.03968673 -0.04848736 0.02197533 0.04374808 -0.04832762 0.0119847 0.04285687 -0.04852259 0.01483911 0.04219228 -0.04846507 0.01666599 0.04498904 -0.04769188 0.005935907 0.04446148 -0.04805028 0.009029328 0.04541039 -0.0468719 8.70157e-5 0.04531037 -0.04726672 0.002772033 0.04508483 -0.04596281 -0.00569123 0.04532635 -0.0463823 -0.003037214 0.0439127 -0.04501426 -0.01181852 0.04460459 -0.04547739 -0.00877273 0.04089468 -0.04396629 -0.01997756 0.04200011 -0.04424744 -0.01751017 0.043118 -0.04463428 -0.01449525 0.03782355 -0.04350543 -0.02534139 0.03926455 -0.04361242 -0.02303892 0.03432726 -0.04323089 -0.02992194 0.03612613 -0.04333889 -0.02771764 0.03042119 -0.04309242 -0.03389155 0.03238856 -0.04314959 -0.03201454 0.02561205 -0.04302144 -0.03765916 0.02810621 -0.04304862 -0.0358349 -0.04702603 -0.04079586 -0.001843214 -0.04689717 -0.04085791 0.001746416 -0.04654186 -0.0410729 0.001769781 -0.04664522 -0.04099929 -0.001828253 -0.04621464 -0.04135721 0.001718044 -0.04614794 -0.04141384 -0.001790583 -0.0459482 -0.04168576 0.00169456 -0.04569423 -0.04212856 -0.001789033 -0.04569631 -0.04214763 0.001664698 0.02199077 -0.0422157 -0.04006582 0.01892513 -0.0417872 -0.04182028 0.02205723 -0.04183024 -0.04023969 0.02218163 -0.04148542 -0.04044944 0.01928567 -0.0411309 -0.04229772 0.02229601 -0.04120516 -0.04070508 0.02246445 -0.04095917 -0.04099673 0.01940608 -0.04079586 -0.04287493 0.02266782 -0.04077214 -0.04131162 0.01960277 -0.04064846 -0.04328459 -0.04522937 -0.04235172 -0.006235778 -0.04446578 -0.04214417 -0.01064395 -0.04321336 -0.04214411 -0.01493638 -0.04154789 -0.04214423 -0.01908594 -0.03948485 -0.04214417 -0.02305299 -0.03704428 -0.04214417 -0.02679944 -0.0342496 -0.04214429 -0.03028959 -0.02770704 -0.04214423 -0.03637039 -0.0240221 -0.04214417 -0.03890281 -0.02010732 -0.04214423 -0.04106312 -0.01600015 -0.04214406 -0.04283112 -0.01174008 -0.04214406 -0.04418909 -0.00736767 -0.04214406 -0.04512453 0.001538336 -0.04235172 -0.04563117 0.006001651 -0.04214429 -0.04532635 0.01040059 -0.04214411 -0.04452323 0.01469945 -0.04214423 -0.04329448 0.01882672 -0.04235172 -0.04159492 -0.04548901 -0.04175829 -0.006280422 -0.03125983 -0.04175829 -0.03363806 -0.002934098 -0.04175829 -0.04582673 0.001556098 -0.04175812 -0.04589426 -0.04491162 -0.04141247 -0.01075989 -0.04364573 -0.04141247 -0.01509547 -0.04196268 -0.04141247 -0.01928633 -0.03987807 -0.04141253 -0.02329277 -0.03741234 -0.04141247 -0.02707672 -0.03458869 -0.04141253 -0.0306015 -0.02797919 -0.04141253 -0.03674221 -0.02425634 -0.04141247 -0.03929948 -0.02030175 -0.04141253 -0.04148077 -0.01615279 -0.04141235 -0.0432657 -0.01184982 -0.04141247 -0.04463636 -0.007432997 -0.04141235 -0.04558062 0.00607115 -0.04141247 -0.04578179 0.01051396 -0.04141253 -0.04496973 0.0148561 -0.04141247 -0.04372787 -0.0459063 -0.04126518 -0.006329119 -0.03155219 -0.04126518 -0.03393954 -0.002969801 -0.04126518 -0.04624515 0.001561403 -0.04126518 -0.04631412 -0.04641938 -0.04088026 -0.006445288 -0.04556781 -0.04088026 -0.01094841 -0.0442804 -0.04088026 -0.01534712 -0.04256963 -0.04088026 -0.01959896 -0.04045182 -0.04088026 -0.02366316 -0.03794687 -0.04088026 -0.0275014 -0.0350793 -0.0408802 -0.03107643 -0.03187608 -0.04088026 -0.03435409 -0.02836811 -0.04088032 -0.0373032 -0.02458876 -0.04088026 -0.03989595 -0.02057433 -0.04088026 -0.04210686 -0.01636302 -0.04088026 -0.04391533 -0.01199525 -0.0408802 -0.04530358 -0.007512867 -0.04088026 -0.0462585 -0.002958536 -0.04088026 -0.0467711 0.001623988 -0.0408802 -0.04683661 0.006191134 -0.0408802 -0.04645413 0.01069891 -0.0408802 -0.04562705 0.01510435 -0.04088026 -0.04436373 -0.04746752 -0.0406515 -0.001904249 -0.04706591 -0.04064798 -0.006557703 -0.04621475 -0.0406472 -0.01108223 -0.04493153 -0.04064679 -0.01548755 -0.04315239 -0.04064923 -0.01989072 -0.04099881 -0.04064965 -0.024015 -0.03853893 -0.04065114 -0.02778494 -0.03557568 -0.04065048 -0.0314899 -0.03230422 -0.04064923 -0.03484559 -0.02875494 -0.04064637 -0.03784352 -0.02494275 -0.04064899 -0.04044306 -0.02087152 -0.0406475 -0.04269284 -0.0166217 -0.04064732 -0.04452288 -0.01217454 -0.0406475 -0.04593539 -0.007631421 -0.04064899 -0.04689908 -0.003038704 -0.04064822 -0.04742389 0.001620471 -0.04064798 -0.04749214 0.006195366 -0.04064643 -0.0471217 0.01080095 -0.04064631 -0.04628503 0.0152986 -0.04064905 -0.04498559 0.1143609 -0.01137048 0.07130151 0.1139023 -0.01102775 0.07130748 0.1136261 -0.01061475 0.07131475 0.1134987 -0.01010763 0.07132357 0.1135523 -0.009587824 0.07133257 0.1138274 -0.00904864 0.07134187 0.1142479 -0.008697211 0.07134819 0.1146828 -0.008526682 0.07135117 0.1152058 -0.008507013 0.07135146 0.1157959 -0.00871253 0.07134789 0.1162462 -0.009155988 0.0713402 0.1164597 -0.009633123 0.07133179 0.1164972 -0.01015436 0.07132273 0.1162945 -0.01078581 0.07131171 0.1158249 -0.01126056 0.07130342 0.1153569 -0.01146483 0.07129985 0.1148998 -0.01150125 0.07129925 0.1155145 0.01141351 0.07130074 0.1158964 0.01120901 0.07130432 0.1162462 0.01084399 0.07131075 0.1164597 0.01036667 0.07131904 0.1164972 0.009845435 0.0713281 0.1162945 0.009214043 0.07133919 0.1157722 0.008700728 0.07134813 0.1152058 0.008507013 0.07135146 0.1146828 0.008526682 0.07135117 0.1142479 0.008697211 0.07134819 0.1139023 0.008972227 0.07134342 0.1136261 0.009385228 0.07133615 0.1134987 0.009892225 0.07132732 0.1135523 0.01041203 0.07131826 0.1137806 0.01088225 0.07131004 0.114175 0.01126062 0.07130342 0.114643 0.01146483 0.07129985 0.1151002 0.01150125 0.07129925 -0.05036586 0.04499983 0.02734667 -0.05044609 0.04220896 0.02741926 -0.05050879 0.04499983 0.02651709 -0.05051672 0.04499983 0.02557349 -0.04371976 0.04499983 0.03134071 -0.04900193 0.04499983 0.02219212 -0.0495944 0.04499983 0.02292639 -0.04827243 0.04499983 0.02155405 -0.05005264 0.04499983 0.02375125 -0.05036312 0.04499983 0.02464234 -0.04886585 0.04499983 0.02994465 -0.04821878 0.04499983 0.03048348 -0.04740566 0.04499983 0.03096199 -0.04652243 0.04499983 0.03129452 -0.04559552 0.04499983 0.03147113 -0.04465216 0.04499983 0.03148669 -0.04896694 0.04221677 0.02998185 -0.04914313 0.04167789 0.02982801 -0.04938143 0.04131138 0.02957582 -0.04973447 0.04102885 0.02911514 -0.05010318 0.04103976 0.02848154 -0.0503081 0.0413208 0.0279662 -0.05040562 0.04169112 0.02763652 -0.04718911 0.04082834 0.0206089 -0.04828321 0.0400123 0.02133589 -0.04679685 0.04081284 0.020298 -0.04686027 0.04059821 0.02022981 -0.04690647 0.04041254 0.02007251 -0.04717004 0.04014664 0.01974558 -0.04697322 0.04028534 0.01992642 -0.04305243 0.04262828 0.01500189 -0.04369854 0.0424363 0.01312381 -0.04389405 0.04192179 0.01321434 -0.04412651 0.04155117 0.01329618 -0.04453027 0.04113477 0.01339316 -0.04510885 0.04078137 0.01360017 -0.04610639 0.04076212 0.009814858 -0.0468595 0.04073423 0.005790233 -0.0464695 0.04091459 0.005703926 -0.04610329 0.04116559 0.005672872 -0.04578447 0.04148185 0.005640268 -0.04552572 0.04185557 0.005604207 -0.0452969 0.0423789 0.005568802 -0.04544728 0.04260289 0.003633499 -0.0441671 0.04261666 0.0112977 -0.04464966 0.04244261 0.009391605 -0.04485571 0.0418834 0.009466588 -0.04541409 0.04118525 0.009597539 0.004638433 -0.04237639 0.04575455 0.00763756 -0.04262948 0.04534602 0.00780642 -0.04214501 0.04579025 0.01069867 -0.04244083 0.045192 0.01366919 -0.04280436 0.04435676 -0.01027649 -0.04221343 0.04456859 0.02483737 -0.04137372 -0.03899288 0.02503031 -0.04107457 -0.03927588 -0.04633063 -0.04071754 0.009638071 -0.04689925 -0.04075694 0.004780471 -0.04467654 -0.04073596 0.01557117 -0.04280269 -0.04079961 0.01971375 -0.04144853 -0.04080975 0.02241867 -0.03989708 -0.04082393 0.02505391 -0.0383256 -0.04080837 0.02752643 -0.03643029 -0.04081994 0.02996873 -0.03437024 -0.04082942 0.03229355 -0.03208708 -0.04087394 0.03440314 -0.02983289 -0.04087752 0.03636634 -0.02739465 -0.04088395 0.03821074 0.009177565 -0.04196065 0.04607433 0.03250753 -0.0451858 0.03452724 0.03702229 -0.0410552 -0.02914762 0.03292953 -0.04087036 -0.03371471 0.02836072 -0.0407834 -0.03765106 0.02551198 -0.0407797 -0.039581 0.02449077 -0.04261392 -0.03845369 0.02701413 -0.04247313 -0.0367577 0.02937221 -0.04250675 -0.03490138 0.03159403 -0.04255878 -0.03290158 0.03362149 -0.04265266 -0.03081268 0.03557157 -0.04274517 -0.02853995 0.04168426 -0.04380393 -0.01833027 0.04041182 -0.04352468 -0.02100348 0.04276877 -0.04414272 -0.01559597 0.04367965 -0.04451864 -0.01278102 0.04440444 -0.04494267 -0.009904921 0.04494214 -0.0453934 -0.006985485 0.04528516 -0.04584574 -0.004057705 0.04543823 -0.04630136 -0.00113672 0.0454002 -0.0467351 0.001818478 0.04516988 -0.04717898 0.004678249 0.04476296 -0.04748415 0.007671654 0.04414767 -0.04781025 0.0105943 0.04335993 -0.04803931 0.01343762 0.04123616 -0.04826802 0.01895982 0.03301793 -0.04750669 0.03117465 0.0214377 -0.04532414 0.04015648 0.01877844 -0.04490852 0.04148 0.01330155 -0.04414314 0.04357057 -0.01870471 -0.04254239 0.04160034 -0.02138972 -0.04255735 0.04028248 -0.02401465 -0.04254657 0.03877782 -0.02650439 -0.04254221 0.03712385 -0.02886074 -0.04253602 0.03532636 -0.03111124 -0.04254752 0.03335613 -0.03320592 -0.04252815 0.03127712 -0.04148823 -0.04248106 0.01897317 0.02456516 -0.04219985 -0.03854185 0.03903108 -0.04299479 -0.02361857 0.03732115 -0.04287511 -0.02620685 0.04066669 -0.04273033 -0.0211029 0.04195052 -0.04301267 -0.01840537 0.04295945 -0.04355329 -0.01561343 0.0438745 -0.04392802 -0.01278489 0.0446552 -0.04423487 -0.009890437 0.04519724 -0.04467457 -0.006954729 0.0455442 -0.04512417 -0.004014253 0.04564738 -0.04568344 -0.001077771 0.04561084 -0.04611468 0.001876235 0.04538285 -0.04651486 0.004830837 0.04496598 -0.04687047 0.007765293 0.0443629 -0.04716759 0.01065719 0.04357641 -0.04739564 0.01349639 0.04244387 -0.04801875 0.01621055 0.04260516 -0.04755067 0.01629042 0.04144686 -0.04762828 0.01903522 0.0399577 -0.04809081 0.02161782 0.04011636 -0.04762625 0.02169507 0.03847175 -0.04800802 0.02416878 0.03862899 -0.04754739 0.0242452 0.03682965 -0.04785156 0.02661317 0.03111547 -0.04657232 0.03335875 0.02875977 -0.04640305 0.03529673 0.03095132 -0.04700583 0.03329825 0.0332185 -0.04690045 0.03125709 0.03518182 -0.04717844 0.02902615 0.03502947 -0.04762727 0.02895027 0.0369848 -0.04739618 0.02668899 0.02695024 -0.04506731 0.03746557 0.02446901 -0.04466283 0.03910601 0.02673673 -0.04541951 0.03725278 0.02931755 -0.04544818 0.03566294 0.02908462 -0.04580473 0.03545379 0.03156781 -0.04580235 0.03370702 0.03131633 -0.04616302 0.03350228 0.03369975 -0.04611998 0.03159642 0.03343099 -0.04648447 0.03139704 0.03568983 -0.0463885 0.02935576 0.0354048 -0.0467562 0.02916258 0.03751713 -0.04659759 0.02700787 0.03721684 -0.04696846 0.02682203 0.03893882 -0.04701089 0.02441143 0.04428207 -0.04649746 0.01376724 0.04293781 -0.04700702 0.0164361 0.04383683 -0.04695826 0.01360523 0.04507476 -0.04627227 0.01090067 0.04462546 -0.04673206 0.01075857 0.04558295 -0.04606539 0.00795871 0.04522973 -0.04643797 0.00785762 0.04609495 -0.04563045 0.00500822 0.04564648 -0.04608637 0.004912078 0.04622155 -0.04532235 0.00200963 0.04587274 -0.04569053 0.001945078 0.04634237 -0.04481375 -9.78513e-4 0.0459066 -0.04526436 -0.001022756 0.0459066 -0.04463177 -0.003968358 0.04441559 -0.0431708 -0.0128442 0.04499948 -0.04375225 -0.009892821 0.04410988 -0.04352694 -0.01280069 0.04362434 -0.04263359 -0.01579922 0.04318606 -0.04315567 -0.015648 0.04249686 -0.04230839 -0.0186094 0.04118597 -0.04202812 -0.02134937 0.03930348 -0.04230284 -0.02378195 0.03791451 -0.04177349 -0.02646154 0.0376144 -0.04221642 -0.02628242 0.03585553 -0.04197412 -0.02873319 0.02718538 -0.0417068 -0.037059 0.02469372 -0.04172831 -0.03875035 0.01634991 -0.04355221 0.04303425 0.01348096 -0.04342699 0.0438326 0.01606905 -0.04416799 0.04273146 0.01900291 -0.04419308 0.04172044 0.02168542 -0.04459917 0.04039043 0.02408248 -0.04537844 0.03876519 0.04555135 -0.04418712 -0.006932199 -0.004342198 -0.04232722 0.04553651 -0.001291871 -0.04247546 0.04571437 -0.001386523 -0.04194808 0.04602432 0.001618981 -0.04216068 0.04597151 0.001630187 -0.04263544 0.04569596 0.004564523 -0.04286462 0.04547989 0.007536709 -0.04311907 0.04507476 0.01061141 -0.04293227 0.04473859 0.0104193 -0.04342973 0.04448139 0.02642768 -0.04600709 0.03708636 0.04043531 -0.047086 0.02185565 0.04177343 -0.04708522 0.01918882 -0.04601252 -0.04133951 0.00478965 -0.04573112 -0.04168421 0.004754722 -0.04561209 -0.04134315 0.0077371 -0.04526251 -0.04178899 0.007678449 -0.04501056 -0.04135066 0.01068454 -0.04466629 -0.0417962 0.01060312 -0.04421675 -0.04136025 0.01359117 -0.04387921 -0.04180574 0.01348763 -0.04322803 -0.04137194 0.01645892 -0.04289925 -0.04181683 0.01633369 -0.0421887 -0.04122304 0.01934093 -0.04173398 -0.0418291 0.01911228 -0.04083466 -0.04123681 0.02204734 -0.04039782 -0.04184222 0.0217911 -0.0393117 -0.04125088 0.02465021 -0.03889465 -0.04185533 0.02436828 -0.03738015 -0.04159456 0.02696233 -0.02684718 -0.04131346 0.03778582 -0.02904313 -0.04180783 0.03558748 -0.02663904 -0.04190939 0.03735011 -0.02430742 -0.04148101 0.03927969 -0.02413642 -0.04191327 0.0390082 -0.02153867 -0.04184859 0.04053467 -0.0371356 -0.04215908 0.02669966 -0.03553152 -0.04160702 0.02934706 -0.03530627 -0.0421698 0.02907115 -0.0334264 -0.04179179 0.03151756 -0.04551523 -0.04207623 0.004710495 -0.04503738 -0.04229807 0.0076074 -0.04444688 -0.04230517 0.01051723 -0.04366654 -0.04231387 0.01338773 -0.04269415 -0.0423243 0.01622051 -0.04021102 -0.04234755 0.02165329 -0.03871804 -0.04235935 0.02421981 -0.03129696 -0.04180073 0.03362894 -0.01885712 -0.04182952 0.04186111 -0.007354617 -0.04243427 0.04508221 -0.01315373 -0.04217475 0.04381191 -0.01598984 -0.04214364 0.04286789 0.02490693 -0.04420745 0.03958517 0.022134 -0.04398459 0.04082942 0.01940977 -0.04358237 0.04216963 0.01668286 -0.04307997 0.04347378 -0.01355165 -0.0412243 0.0444377 -0.01635831 -0.04119151 0.04350966 0.004767954 -0.04189223 0.04620307 0.001718521 -0.04168272 0.04641973 -0.004400134 -0.04138273 0.04626673 -0.007554233 -0.04132872 0.04581004 -0.001329064 -0.0415169 0.04643845 -0.004393458 -0.04182165 0.04584258 -0.007352352 -0.04191058 0.04533344 -0.0103724 -0.04174417 0.04482471 -0.01328557 -0.04170197 0.04406023 -0.01061487 -0.04126805 0.04520916 -0.01612967 -0.04167598 0.04311126 -0.019059 -0.04127144 0.04229885 0.0339024 -0.04186838 -0.03102016 0.03180557 -0.0417931 -0.03317236 0.02956444 -0.04174089 -0.03518778 -0.01925683 -0.04097539 0.04267668 -0.02195805 -0.04101496 0.04127258 -0.02447694 -0.0410583 0.03974694 -0.0436775 -0.04095095 0.01675897 -0.04468584 -0.04093945 0.01386302 -0.04549723 -0.04092985 0.0109266 -0.04611414 -0.04092246 0.007946908 -0.03380841 -0.04114902 0.0320037 -0.03583502 -0.04113733 0.02972942 -0.03771013 -0.04112482 0.02732712 -0.02932447 -0.04123878 0.03602463 -0.0217266 -0.04133898 0.04091674 -0.04635375 -0.04105442 0.004764795 -0.03162235 -0.04124182 0.03402245 0.03462284 -0.04100656 -0.03173661 0.03018617 -0.04087954 -0.0360018 0.03656172 -0.0458337 0.03000116 0.03844159 -0.04605102 0.02762055 0.04015505 -0.0462026 0.02512711 0.04170328 -0.04628247 0.02252036 0.04711133 -0.04517692 0.005175352 0.04729998 -0.04417049 -0.002138853 0.04657 -0.04327112 -0.00818777 0.04109698 -0.0415042 -0.02297759 0.0382536 -0.04134404 -0.0268864 0.04371464 -0.04212725 -0.01727056 0.04559034 -0.04296672 -0.01110744 0.04709047 -0.04483819 0.002107501 0.04646486 -0.04558897 0.008159995 0.032166 -0.04530304 0.03425037 0.02986842 -0.044945 0.03621894 0.02745252 -0.04456055 0.03803098 0.03628528 -0.04140079 -0.02906191 0.03430736 -0.04129487 -0.03138041 0.03218466 -0.04121887 -0.03356266 0.02991658 -0.04116612 -0.0356056 0.02750879 -0.04113143 -0.03750246 0.03980523 -0.0416646 -0.02414184 0.04477572 -0.04287827 -0.01291716 0.04663664 -0.04503381 0.00206536 0.04687774 -0.0444979 -9.37955e-4 0.04664462 -0.04531919 0.005111992 0.04600447 -0.04577761 0.008062005 0.04562467 -0.045964 0.01106446 0.03185617 -0.04551148 0.03396183 0.0340954 -0.04576671 0.03190398 0.02958285 -0.04515755 0.03592354 0.02719265 -0.04477685 0.03773015 0.03611165 -0.04603594 0.0296517 0.03796315 -0.04624611 0.02728956 0.03936213 -0.04658567 0.02465599 0.04534775 -0.04342508 -0.009926199 0.03974992 -0.04634422 0.02488476 0.04127997 -0.04642003 0.02229827 0.04087519 -0.04665976 0.02208596 0.04264694 -0.04642015 0.01959609 0.04222786 -0.04665863 0.01940298 0.04383397 -0.04634284 0.01680463 0.04340332 -0.04658049 0.01663219 0.04482609 -0.0461893 0.01395922 0.04669708 -0.04405474 -0.003957629 0.04627668 -0.04430294 -0.003953337 0.04631978 -0.04360824 -0.006973326 0.04591143 -0.0438593 -0.006941139 -0.05070567 -0.04017752 -0.002585709 -0.04947185 -0.04017132 -0.01151567 -0.04826354 -0.04016983 -0.01585251 -0.04663324 -0.04018294 -0.02000707 -0.05027812 -0.04017901 -0.007019996 -0.04448926 -0.04017055 -0.02450847 -0.04208499 -0.0401774 -0.0284 -0.03918182 -0.04017508 -0.03229469 -0.03589022 -0.04017925 -0.03590798 -0.03248172 -0.04016554 -0.03908205 -0.02888095 -0.04017221 -0.04177659 -0.02501326 -0.04017847 -0.04417616 -0.006953299 -0.04017597 -0.05029845 -0.01165783 -0.04017204 -0.04943573 -0.01602244 -0.04016953 -0.04821074 -0.02028447 -0.04017549 -0.04655039 0.002297163 -0.04016786 -0.05075484 0.007109403 -0.04018795 -0.05022984 -0.002232611 -0.04017055 -0.05074876 0.02049928 -0.04016786 -0.04648232 0.0161609 -0.04017961 -0.04812586 0.01167559 -0.04017359 -0.04942077 0.1192215 -0.01309037 0.07127004 0.1189433 -0.01336658 0.07123047 0.1193068 -0.01338422 0.07119399 0.1194694 -0.01367563 0.07095807 0.1197682 -0.01350206 0.07096403 0.1196946 -0.01316916 0.07119041 0.119741 -0.01266402 0.07127809 0.1190211 -0.0136398 0.07109731 0.1204662 -0.01232564 0.07101583 0.120203 -0.01229393 0.07119536 0.1201562 -0.01289057 0.07109385 0.1199871 -0.01255214 0.0712496 0.1202247 -0.01344662 0.0704531 0.1204369 -0.01318466 0.07045871 0.1202982 -0.01321744 0.0707252 0.1199803 -0.01357156 0.07070159 0.1205165 -0.01290541 0.07068359 0.120667 -0.01258766 0.07062721 0.1203581 -0.01294976 0.07089 0.1207642 -0.0123654 0.0704512 0.1206868 -0.01224744 0.07072311 0.1204976 -0.01253628 0.07092958 0.120011 -0.01334381 0.07093334 0.1206467 -0.01281881 0.07036483 0.1198914 -0.01371932 0.07050937 0.1196539 -0.01387971 0.07036775 0.1194174 -0.01395708 0.07050102 0.1190403 -0.01404923 0.07049423 0.119245 -0.01391083 0.07074069 0.1189103 -0.01395833 0.07075488 0.1190829 -0.01382547 0.07092416 0.119587 -0.01378768 0.07073777 0.1112064 -0.01320302 0.07126694 0.1110033 -0.01348149 0.07118684 0.1109849 -0.01380193 0.07095938 0.110992 -0.01396292 0.07073956 0.1109577 -0.0140503 0.07048255 0.1107977 -0.01310724 0.07126885 0.1100859 -0.01371186 0.07046532 0.1099396 -0.01356399 0.0705738 0.1097854 -0.01347994 0.07033932 0.1097165 -0.01222091 0.07114869 0.1096169 -0.01237452 0.07107532 0.1098843 -0.01237142 0.07122302 0.1094756 -0.01234304 0.07094967 0.1096078 -0.01276558 0.07095718 0.1099232 -0.01289492 0.07113486 0.1100586 -0.01249909 0.0712639 0.1106737 -0.0134195 0.07117933 0.1102816 -0.01282805 0.07127112 0.1102797 -0.01329934 0.07112431 0.1102446 -0.01359987 0.07087922 0.1099218 -0.01322692 0.07096672 0.1104395 -0.01380842 0.07074141 0.1095001 -0.01310634 0.07040148 0.1096926 -0.01331263 0.07056987 0.1106016 -0.01372855 0.07092988 0.1093929 -0.01264309 0.07071512 0.1092688 -0.01232922 0.0705918 0.1093049 -0.01266336 0.07044094 0.1105924 -0.01396179 0.0704956 0.1103466 -0.01387149 0.07042586 0.1093757 -0.0123381 0.07081681 0.1095164 -0.01300525 0.07065033 0.1097931 -0.01321566 0.07086247 0.1092203 -0.01227903 0.07031399 0.120338 -3.52332e-5 0.07149702 0.1096488 -3.72853e-5 0.07149982 0.1107785 0.01309216 0.07127004 0.1198855 0.01229166 0.07128119 0.1188013 0.0132063 0.07126688 0.1193282 0.01308208 0.07126849 0.1101348 0.01250666 0.07127708 0.1093729 0.01236891 0.07080614 0.1094631 0.01235824 0.0709359 0.1095117 0.01284432 0.07079821 0.1092862 0.01239508 0.07062774 0.1092616 0.01251447 0.07036006 0.1092383 0.0122987 0.07047677 0.1093575 0.01281142 0.07042866 0.1094799 0.01303875 0.07050275 0.1097311 0.01317548 0.07082456 0.1097266 0.01277059 0.07105386 0.110037 0.01312685 0.07110321 0.1099624 0.01336973 0.07088059 0.1096783 0.01333492 0.0704683 0.109939 0.01359462 0.0705105 0.1102306 0.01365804 0.07079106 0.1101489 0.0137521 0.07047605 0.1104124 0.0138902 0.07049548 0.1103953 0.01364558 0.07092118 0.1109611 0.01384842 0.07090783 0.1105973 0.01386344 0.07073932 0.1109898 0.01397597 0.07070606 0.1107342 0.01400417 0.07049304 0.1110616 0.01336562 0.07123094 0.1107073 0.0133903 0.07119375 0.1103676 0.01306599 0.07123237 0.1105149 0.01349824 0.07109707 0.1109851 0.01364076 0.07109725 0.1098996 0.012492 0.07122123 0.1096767 0.01234245 0.07112336 0.1110337 0.01405549 0.0704891 0.1190049 0.01348304 0.07118546 0.1190249 0.01369005 0.07105612 0.1189525 0.01401042 0.07063317 0.1189422 0.01385307 0.07090818 0.1190447 0.01405209 0.07047015 0.1193153 0.0139873 0.07050681 0.119245 0.01391083 0.07074069 0.1196331 0.01386487 0.07052463 0.1193451 0.01376801 0.07091462 0.119965 0.01369577 0.07034474 0.1200127 0.01359754 0.07058912 0.1197595 0.01360636 0.07086902 0.1200073 0.01339161 0.07089012 0.1205182 0.01308143 0.07038533 0.1202326 0.01344823 0.07040184 0.1204199 0.01316338 0.07057684 0.1207071 0.01261115 0.07044553 0.1206053 0.01276612 0.07063138 0.1202396 0.0131371 0.07088714 0.1203917 0.01282125 0.07093447 0.1206536 0.01234674 0.07076728 0.1207466 0.01226484 0.07055699 0.1207762 0.01229774 0.07033264 0.1200992 0.01285851 0.07113522 0.1197416 0.01328206 0.07112467 0.1198592 0.0127983 0.0712437 0.1203617 0.01229101 0.07110285 0.1201325 0.01233989 0.07121872 0.1205384 0.01240098 0.07092732 0.1193419 0.01341235 0.07117962 -0.04920518 0.0383715 0.02206987 -0.04991722 0.03629535 0.02286154 -0.04478883 0.03728502 0.0317685 -0.04383414 0.03905129 0.03158253 -0.04570329 0.03560322 0.03179681 -0.04766786 0.0322979 0.03133392 -0.04683208 0.03368353 0.03161454 -0.04835897 0.03115433 0.030981 -0.04913514 0.03019767 0.03040719 -0.04962527 0.02960062 0.02992087 -0.05004 0.0293073 0.02939623 -0.05046385 0.0291472 0.02867758 -0.05089074 0.02953958 0.02747899 -0.05100959 0.03011548 0.02669632 -0.0509867 0.03149437 0.02541464 -0.05104088 0.03057587 0.02610421 -0.05077451 0.03292161 0.02453202 -0.05042999 0.03447711 0.02368718 -0.04871928 0.03931248 0.02163654 -0.04815292 0.03953897 0.020433 -0.04854124 0.03911513 0.02053964 -0.04839611 0.03924888 0.02067208 -0.04842811 0.0394662 0.02130842 -0.04810363 0.0398736 0.0210886 -0.04854023 0.03910791 0.02119392 -0.04866302 0.03904896 0.02147185 -0.04861313 0.03888756 0.02104038 -0.04810619 0.03960043 0.02074593 -0.04833585 0.03935265 0.0209192 -0.04773437 0.03995186 0.02058047 -0.04789233 0.0397585 0.02024006 -0.04759538 0.04031997 0.0207681 -0.04742276 0.04018217 0.02041739 -0.04752475 0.04000335 0.02013695 -0.04759639 0.03996801 0.01987457 0.005345702 -0.03868991 -0.05246686 0.008718669 -0.03869313 -0.0520125 0.007394194 -0.03899914 -0.05202198 0.02143073 -0.03885936 -0.04808408 0.0184955 -0.03869837 -0.04938536 0.01684176 -0.03898131 -0.04978764 0.01210796 -0.03889477 -0.05121088 0.01529586 -0.03869837 -0.05046814 0.002433121 -0.03891557 -0.05255222 -0.004746377 -0.03869843 -0.0525211 -0.001900494 -0.03887629 -0.05259877 -0.007052719 -0.03920775 -0.05191439 -0.008176743 -0.03867954 -0.05210918 -0.01175671 -0.03891044 -0.05127996 -0.01469182 -0.03869849 -0.05064725 -0.01660478 -0.03897845 -0.04986917 -0.02112239 -0.03888458 -0.04820472 -0.01790416 -0.03869843 -0.04960298 -0.02409595 -0.03869849 -0.04690825 -0.02551335 -0.03899914 -0.04593515 -0.02704888 -0.03869843 -0.04526984 -0.02978312 -0.03889018 -0.04338783 -0.03731524 -0.03891319 -0.03708642 -0.03519898 -0.03869849 -0.03926867 -0.03318834 -0.03892517 -0.04080909 -0.04349666 -0.03893429 -0.02956843 -0.04205203 -0.03869855 -0.03182178 -0.04020524 -0.03886884 -0.03397649 -0.0488072 -0.03867101 -0.02001428 -0.04735261 -0.03869485 -0.02321404 -0.04807168 -0.03899914 -0.02121514 -0.04586505 -0.03886902 -0.02582967 -0.04986143 -0.03889077 -0.01682889 -0.05116617 -0.03898161 -0.01201808 -0.0509144 -0.03868454 -0.01375865 -0.0521605 -0.03886479 -0.007121801 -0.05169117 -0.03869855 -0.01044154 -0.05260169 -0.03869855 -0.003750503 -0.05251377 -0.03897541 -0.002281308 -0.05273377 -0.03869861 -3.75133e-4 -0.05215805 -0.03938776 -0.002360284 -0.05131995 -0.03996843 -0.002322435 0.02108079 -0.03971391 -0.04733479 0.02124124 -0.03938776 -0.04769527 -0.05112093 -0.03986114 -0.007041275 -0.05025082 -0.03986114 -0.01173806 -0.04895031 -0.03986114 -0.01633423 -0.04723024 -0.03986114 -0.02079039 -0.04510533 -0.0398612 -0.02506846 -0.04259425 -0.03986114 -0.02913177 -0.03971803 -0.03986114 -0.03294569 -0.03650146 -0.03986114 -0.03647691 -0.03297215 -0.03986114 -0.03969585 -0.02916049 -0.03986114 -0.04257464 -0.02509886 -0.03986114 -0.04508852 -0.0208221 -0.03986114 -0.04721617 -0.01636737 -0.0398612 -0.04893898 -0.01177155 -0.03986114 -0.05024302 -0.007075667 -0.03986114 -0.0511161 -0.002318859 -0.0398612 -0.05155146 0.002457857 -0.03986114 -0.05154514 0.007213175 -0.0398612 -0.05109685 0.01190727 -0.03986114 -0.05021107 0.01649892 -0.03986114 -0.048895 0.02090001 -0.03996843 -0.046929 -0.05176395 -0.03971391 -0.002342522 -0.05171632 -0.03938776 -0.007173061 -0.05083149 -0.03938776 -0.0119242 -0.04951125 -0.03938776 -0.0165733 -0.04776668 -0.03938776 -0.02108055 -0.04561281 -0.03938776 -0.02540701 -0.04306811 -0.03938776 -0.0295158 -0.04015427 -0.03938776 -0.0333715 -0.03689652 -0.03938776 -0.03694146 -0.03332275 -0.03938776 -0.04019486 -0.02946329 -0.03938776 -0.04310399 -0.02535146 -0.03938776 -0.04564356 -0.02102226 -0.03938776 -0.04779231 -0.01651304 -0.03938776 -0.0495314 -0.01186233 -0.03938776 -0.05084604 -0.002296805 -0.03938776 -0.05216085 0.002536058 -0.03938776 -0.05214989 0.007347226 -0.03938776 -0.05169188 0.01209551 -0.03938776 -0.05079114 0.01674014 -0.03938776 -0.04945504 0.1202564 0.005247533 0.07139009 0.1205676 0.003161311 0.07136118 0.1203652 0.009554266 0.07120096 0.1205556 0.009858965 0.07103335 0.1207154 0.009617269 0.07084816 0.1208135 0.009546041 0.07062882 0.1208934 0.008526742 0.07054126 0.1208198 0.005605876 0.07104325 0.1207517 0.003726184 0.07122391 0.1209748 0.003235459 0.07101696 0.1210045 0.004585027 0.07083427 0.1210749 0 0.07102602 0.1209092 -2.00623e-7 0.0712344 0.1205925 -1.2907e-4 0.07143902 0.1207023 -0.003385961 0.07127732 0.1209126 -0.003698289 0.07107603 0.1210771 -0.003234863 0.07082247 0.1203756 -0.009075701 0.07121264 0.1205795 -0.009714782 0.07101935 0.1207167 -0.009519457 0.07085049 0.1207967 -0.009597241 0.07067763 0.1208818 -0.008688151 0.07053822 0.1207877 -0.01205796 0.070293 0.1189001 -0.01420891 0.06896728 0.1192296 -0.01415044 0.06901919 0.1195013 -0.0140627 0.069085 0.1198199 -0.01388204 0.06928014 0.120091 -0.01370137 0.06923705 0.1202784 -0.01349169 0.0694403 0.1204906 -0.01319825 0.06958454 0.1206513 -0.01288568 0.06967324 0.1207606 -0.0124796 0.06988996 0.1109742 -0.0141595 0.06928271 0.110504 -0.01407206 0.06912046 0.1103385 -0.01398366 0.06921756 0.1100339 -0.01379001 0.06935143 0.1096603 -0.0134148 0.0695818 0.109329 -0.01282632 0.0698167 0.1094654 -0.01311063 0.06972748 0.1092658 -0.01255369 0.07012736 0.1095952 -0.003982782 0.07140928 0.109526 -0.009764134 0.07112973 0.1092277 -0.01001405 0.07073342 0.1091503 -0.01001501 0.07050544 0.1089442 -0.005004346 0.07079976 0.1091064 -0.006067097 0.07097154 0.1092967 -0.00327152 0.07131648 0.1092264 -0.005715847 0.07113778 0.1089435 2.7659e-5 0.07113689 0.1086933 7.31214e-5 0.07074254 0.1089689 -0.002789974 0.07105958 0.109279 -2.41305e-5 0.07140982 0.1095463 0.003382921 0.07141637 0.1091422 0.002486646 0.07124406 0.108967 0.003854036 0.07097584 0.1092795 0.005273342 0.07121503 0.108954 0.005047917 0.07081973 0.1095986 0.009767651 0.07118177 0.1093978 0.009989857 0.07099831 0.1092797 0.01025146 0.07081079 0.1091861 0.01036322 0.07057774 0.1090747 0.008622407 0.07051193 0.1092368 0.01247429 0.07000195 0.1093629 0.01286637 0.06995201 0.1095027 0.01318281 0.06968599 0.1097136 0.01348477 0.06951785 0.1099894 0.0137453 0.06940948 0.1102399 0.01393038 0.0692234 0.1105123 0.01405972 0.06918138 0.1108589 0.01417452 0.06904083 0.1111062 0.01419329 0.06911051 0.1188987 0.01420783 0.06898576 0.120795 0.01217544 0.06999611 0.1207563 0.01256126 0.06975388 0.1206642 0.01281338 0.06982648 0.1204417 0.01328027 0.06952291 0.1201477 0.01363348 0.06935912 0.1198773 0.01386004 0.06920129 0.1194921 0.01406759 0.06910383 0.1190909 0.01416736 0.06910479 -0.0449233 0.03582251 0.03204101 -0.04958552 0.03717267 0.02243518 -0.05028676 0.03483599 0.02338075 -0.04637283 0.03435891 0.03172576 -0.04433554 0.03791803 0.03171783 -0.04925549 0.03782784 0.02204996 -0.04985362 0.03611958 0.02270293 -0.0503109 0.03453958 0.02329182 -0.05067044 0.03321194 0.02417588 -0.05093586 0.03181678 0.02509433 -0.04414141 0.03728586 0.03189945 -0.04509949 0.03620141 0.03184843 -0.04597145 0.03478699 0.03180634 -0.0469321 0.03326714 0.03160578 -0.04588919 0.03448981 0.03191471 -0.04435718 0.03747737 0.03177404 -0.04783332 0.03184169 0.03127419 -0.04872286 0.03054666 0.03074854 -0.04679399 0.03309774 0.03173077 -0.04929494 0.03735125 0.02174216 -0.04930204 0.03741139 0.02192831 -0.04985207 0.03591555 0.02249503 -0.04895043 0.03998017 0.01590472 -0.04944175 0.03970295 0.01595222 -0.04980313 0.03940087 0.01606446 -0.05184221 0.03937846 0.006415367 -0.05126494 0.03982931 0.006362378 -0.05080693 0.04004555 0.006319284 -0.05102932 0.03938531 0.01130819 -0.05063235 0.03971427 0.01121944 -0.05018216 0.03997761 0.01114904 -0.05513948 0.03392863 -0.001737833 -0.05403423 0.03392863 -0.01112127 -0.04156845 0.03392863 -0.03626883 0.009631276 0.03392863 -0.05431956 0.01424735 -0.03392863 -0.05329531 -0.01381993 -0.03392863 -0.0534076 -0.05288326 -0.03392863 -0.01570755 -0.05478811 -0.03392863 -0.006453275 -0.05513948 -0.03392863 -0.001737833 -0.05403423 -0.03392863 -0.01112127 -0.05134391 -0.03392863 -0.02017831 -0.04942739 -0.03392863 -0.02450108 -0.04714781 -0.03392863 -0.02864366 -0.04452162 -0.03392863 -0.03257596 -0.04156845 -0.03392863 -0.03626883 -0.03831005 -0.03392863 -0.03969532 -0.03477007 -0.03392863 -0.04283004 -0.0309745 -0.03392863 -0.0456503 -0.02695167 -0.03392863 -0.0481351 -0.01834267 -0.03392863 -0.052028 -0.02273052 -0.03392863 -0.05026614 -0.009195685 -0.03392863 -0.05439502 -0.004503846 -0.03392863 -0.05498266 2.21055e-4 -0.03392863 -0.05516636 0.004944324 -0.03392863 -0.05494481 0.009631276 -0.03392863 -0.05431956 0.01875901 -0.03392863 -0.05187946 0.02313274 -0.03392863 -0.0500825 0.02408945 -0.02855437 -0.05215358 0.02549797 -0.0173794 -0.05520308 0.02620977 -0.00583446 -0.05674409 0.02629899 0 -0.05693763 0.02594226 0.0116378 -0.05616492 0.02487915 0.02302825 -0.05386364 0.02408945 0.02855437 -0.05215358 0.02313274 0.03392863 -0.0500825 0.01875901 0.03392863 -0.05187946 0.01424735 0.03392863 -0.05329531 0.004944324 0.03392863 -0.05494481 2.21055e-4 0.03392863 -0.05516636 -0.004503846 0.03392863 -0.05498266 -0.009195685 0.03392863 -0.05439502 -0.01381993 0.03392863 -0.0534076 -0.01834267 0.03392863 -0.052028 -0.02273052 0.03392863 -0.05026614 -0.02695167 0.03392863 -0.0481351 -0.0309745 0.03392863 -0.0456503 -0.03831005 0.03392863 -0.03969532 -0.03477007 0.03392863 -0.04283004 -0.04452162 0.03392863 -0.03257596 -0.04714781 0.03392863 -0.02864366 -0.04942739 0.03392863 -0.02450108 -0.05134391 0.03392863 -0.02017831 -0.05288326 0.03392863 -0.01570755 -0.05478811 0.03392863 -0.006453275 -0.05930233 0.02302825 -0.001868963 -0.05741977 0.02855437 -0.001809716 -0.06077706 0.0173794 -0.001915514 -0.06183618 -0.0116378 -0.001948893 -0.05930233 -0.02302825 -0.001868963 -0.05741977 -0.02855437 -0.001809716 0.01953482 0.02855437 -0.05402505 0.0148366 0.02855437 -0.05549943 0.01002961 0.02855437 -0.05656594 0.005148828 0.02855437 -0.05721718 2.30196e-4 0.02855437 -0.05744791 -0.00469011 0.02855437 -0.05725646 -0.009575963 0.02855437 -0.05664449 -0.01439148 0.02855437 -0.05561643 -0.01910126 0.02855437 -0.05417972 -0.02367073 0.02855437 -0.05234497 -0.02806615 0.02855437 -0.05012571 -0.03225553 0.02855437 -0.04753828 -0.03620803 0.02855437 -0.0446015 -0.03989446 0.02855437 -0.04133701 -0.04328775 0.02855437 -0.03776884 -0.04636287 0.02855437 -0.03392308 -0.04909753 0.02855437 -0.02982831 -0.05147165 0.02855437 -0.02551442 -0.05346745 0.02855437 -0.02101296 -0.0550704 0.02855437 -0.01635718 -0.05626893 0.02855437 -0.01158118 -0.05705398 0.02855437 -0.006720125 0.02017521 0.02302825 -0.05579632 0.01532316 0.02302825 -0.05731904 0.01035845 0.02302825 -0.05842053 0.005317628 0.02302825 -0.05909299 2.37744e-4 0.02302825 -0.05933129 -0.00484389 0.02302825 -0.0591337 -0.0098899 0.02302825 -0.05850178 -0.01486331 0.02302825 -0.05743998 -0.0197274 0.02302825 -0.05595618 -0.02444678 0.02302825 -0.05406129 -0.02898645 0.02302825 -0.05176913 -0.03331321 0.02302825 -0.04909688 -0.03739506 0.02302825 -0.04606378 -0.0412023 0.02302825 -0.0426923 -0.044707 0.02302825 -0.039007 -0.04788309 0.02302825 -0.03503543 -0.05070734 0.02302825 -0.03080636 -0.05315905 0.02302825 -0.02635091 -0.05522048 0.02302825 -0.02170193 -0.05687606 0.02302825 -0.01689344 -0.05811375 0.02302825 -0.01196092 -0.05892443 0.02302825 -0.006940484 0.02067703 0.0173794 -0.05718386 0.01570421 0.0173794 -0.05874443 0.01061606 0.0173794 -0.05987346 0.005449831 0.0173794 -0.06056261 2.43656e-4 0.0173794 -0.06080687 -0.004964351 0.0173794 -0.06060433 -0.01013576 0.0173794 -0.05995661 -0.01523292 0.0173794 -0.05886828 -0.02021813 0.0173794 -0.05734771 -0.02505475 0.0173794 -0.05540555 -0.02970731 0.0173794 -0.05305653 -0.0341416 0.0173794 -0.05031782 -0.03832513 0.0173794 -0.04720932 -0.04222697 0.0173794 -0.04375398 -0.04581862 0.0173794 -0.03997719 -0.04907381 0.0173794 -0.03590673 -0.05196827 0.0173794 -0.03157246 -0.05448102 0.0173794 -0.02700608 -0.05659353 0.0173794 -0.02224159 -0.05829042 0.0173794 -0.01731348 -0.0595588 0.0173794 -0.01225835 -0.06038975 0.0173794 -0.007113039 0.02103734 0.0116378 -0.05818027 0.01597774 0.0116378 -0.05976802 0.01080089 0.0116378 -0.06091672 0.005544781 0.0116378 -0.06161791 2.47901e-4 0.0116378 -0.0618664 -0.005050778 0.0116378 -0.06166023 -0.01031237 0.0116378 -0.06100136 -0.01549834 0.0116378 -0.05989414 -0.02057027 0.0116378 -0.05834686 -0.02549117 0.0116378 -0.05637115 -0.0302248 0.0116378 -0.05398112 -0.03473651 0.0116378 -0.05119442 -0.03899294 0.0116378 -0.0480318 -0.04296272 0.0116378 -0.04451638 -0.04661709 0.0116378 -0.04067379 -0.0499289 0.0116378 -0.03653234 -0.05287379 0.0116378 -0.03212255 -0.05543047 0.0116378 -0.02747666 -0.05757981 0.0116378 -0.02262914 -0.05930614 0.0116378 -0.01761513 -0.0605967 0.0116378 -0.01247191 -0.06144201 0.0116378 -0.007237017 0.0212543 0.00583446 -0.05878025 0.01614266 0.00583446 -0.06038439 0.01091229 0.00583446 -0.06154495 0.005602002 0.00583446 -0.06225323 2.50456e-4 0.00583446 -0.06250441 -0.005102932 0.00583446 -0.06229621 -0.01041883 0.00583446 -0.0616303 -0.01565814 0.00583446 -0.0605117 -0.02078253 0.00583446 -0.05894857 -0.02575421 0.00583446 -0.05695235 -0.03053665 0.00583446 -0.05453783 -0.03509461 0.00583446 -0.0517224 -0.03939503 0.00583446 -0.04852724 -0.04340589 0.00583446 -0.04497534 -0.04709786 0.00583446 -0.04109323 -0.0504437 0.00583446 -0.0369091 -0.05341917 0.00583446 -0.03245383 -0.05600208 0.00583446 -0.02776002 -0.05817347 0.00583446 -0.02286249 -0.05991756 0.00583446 -0.01779687 -0.06122148 0.00583446 -0.01260054 -0.06207579 0.00583446 -0.007311642 0.02132672 0 -0.05898058 0.01619768 0 -0.06059008 0.01094961 0 -0.0617547 0.005621075 0 -0.06246542 2.51311e-4 0 -0.06271743 -0.005120337 0 -0.06250858 -0.01045423 0 -0.06184047 -0.01571154 0 -0.06071794 -0.0208534 0 -0.05914962 -0.02584195 0 -0.05714643 -0.03064072 0 -0.05472368 -0.03521436 0 -0.05189871 -0.03952932 0 -0.04869264 -0.0435537 0 -0.0451287 -0.04725825 0 -0.0412333 -0.0506156 0 -0.0370348 -0.05360126 0 -0.03256446 -0.05619299 0 -0.02785474 -0.0583719 0 -0.02294033 -0.06012195 0 -0.01785755 -0.06143027 0 -0.01264339 -0.06228733 0 -0.007336497 -0.0626868 0 -0.001975715 0.0212543 -0.00583446 -0.05878025 0.01614266 -0.00583446 -0.06038439 0.01091229 -0.00583446 -0.06154495 0.005602002 -0.00583446 -0.06225323 2.50456e-4 -0.00583446 -0.06250441 -0.005102932 -0.00583446 -0.06229621 -0.01041883 -0.00583446 -0.0616303 -0.01565814 -0.00583446 -0.0605117 -0.02078253 -0.00583446 -0.05894857 -0.02575421 -0.00583446 -0.05695235 -0.03053665 -0.00583446 -0.05453783 -0.03509461 -0.00583446 -0.0517224 -0.03939503 -0.00583446 -0.04852724 -0.04340589 -0.00583446 -0.04497534 -0.04709786 -0.00583446 -0.04109323 -0.0504437 -0.00583446 -0.0369091 -0.05341917 -0.00583446 -0.03245383 -0.05600208 -0.00583446 -0.02776002 -0.05817347 -0.00583446 -0.02286249 -0.05991756 -0.00583446 -0.01779687 -0.06122148 -0.00583446 -0.01260054 -0.06207579 -0.00583446 -0.007311642 0.02103734 -0.0116378 -0.05818027 0.01597774 -0.0116378 -0.05976802 0.01080089 -0.0116378 -0.06091672 0.005544781 -0.0116378 -0.06161791 2.47901e-4 -0.0116378 -0.0618664 -0.005050778 -0.0116378 -0.06166023 -0.01031237 -0.0116378 -0.06100136 -0.01549834 -0.0116378 -0.05989414 -0.02057027 -0.0116378 -0.05834686 -0.02549117 -0.0116378 -0.05637115 -0.0302248 -0.0116378 -0.05398112 -0.03473651 -0.0116378 -0.05119442 -0.03899294 -0.0116378 -0.0480318 -0.04296272 -0.0116378 -0.04451638 -0.04661709 -0.0116378 -0.04067379 -0.0499289 -0.0116378 -0.03653234 -0.05287379 -0.0116378 -0.03212255 -0.05543047 -0.0116378 -0.02747666 -0.05757981 -0.0116378 -0.02262914 -0.05930614 -0.0116378 -0.01761513 -0.0605967 -0.0116378 -0.01247191 -0.06144201 -0.0116378 -0.007237017 0.02067703 -0.0173794 -0.05718386 0.01570421 -0.0173794 -0.05874443 0.01061606 -0.0173794 -0.05987346 0.005449831 -0.0173794 -0.06056261 2.43656e-4 -0.0173794 -0.06080687 -0.004964351 -0.0173794 -0.06060433 -0.01013576 -0.0173794 -0.05995661 -0.01523292 -0.0173794 -0.05886828 -0.02021813 -0.0173794 -0.05734771 -0.02505475 -0.0173794 -0.05540555 -0.02970731 -0.0173794 -0.05305653 -0.0341416 -0.0173794 -0.05031782 -0.03832513 -0.0173794 -0.04720932 -0.04222697 -0.0173794 -0.04375398 -0.04581862 -0.0173794 -0.03997719 -0.04907381 -0.0173794 -0.03590673 -0.05196827 -0.0173794 -0.03157246 -0.05448102 -0.0173794 -0.02700608 -0.05659353 -0.0173794 -0.02224159 -0.05829042 -0.0173794 -0.01731348 -0.0595588 -0.0173794 -0.01225835 -0.06038975 -0.0173794 -0.007113039 0.02017521 -0.02302825 -0.05579632 0.01532316 -0.02302825 -0.05731904 0.01035845 -0.02302825 -0.05842053 0.005317628 -0.02302825 -0.05909299 2.37744e-4 -0.02302825 -0.05933129 -0.00484389 -0.02302825 -0.0591337 -0.0098899 -0.02302825 -0.05850178 -0.01486331 -0.02302825 -0.05743998 -0.0197274 -0.02302825 -0.05595618 -0.02444678 -0.02302825 -0.05406129 -0.02898645 -0.02302825 -0.05176913 -0.03331321 -0.02302825 -0.04909688 -0.03739506 -0.02302825 -0.04606378 -0.0412023 -0.02302825 -0.0426923 -0.044707 -0.02302825 -0.039007 -0.04788309 -0.02302825 -0.03503543 -0.05070734 -0.02302825 -0.03080636 -0.05315905 -0.02302825 -0.02635091 -0.05522048 -0.02302825 -0.02170193 -0.05687606 -0.02302825 -0.01689344 -0.05811375 -0.02302825 -0.01196092 -0.05892443 -0.02302825 -0.006940484 0.01953482 -0.02855437 -0.05402505 0.0148366 -0.02855437 -0.05549943 0.01002961 -0.02855437 -0.05656594 0.005148828 -0.02855437 -0.05721718 2.30196e-4 -0.02855437 -0.05744791 -0.00469011 -0.02855437 -0.05725646 -0.009575963 -0.02855437 -0.05664449 -0.01439148 -0.02855437 -0.05561643 -0.01910126 -0.02855437 -0.05417972 -0.02367073 -0.02855437 -0.05234497 -0.02806615 -0.02855437 -0.05012571 -0.03225553 -0.02855437 -0.04753828 -0.03620803 -0.02855437 -0.0446015 -0.03989446 -0.02855437 -0.04133701 -0.04328775 -0.02855437 -0.03776884 -0.04636287 -0.02855437 -0.03392308 -0.04909753 -0.02855437 -0.02982831 -0.05147165 -0.02855437 -0.02551442 -0.05346745 -0.02855437 -0.02101296 -0.0550704 -0.02855437 -0.01635718 -0.05626893 -0.02855437 -0.01158118 -0.05705398 -0.02855437 -0.006720125 0.1210524 0.007588386 0.07026451 0.1208708 0.01213341 0.06968367 0.1212487 0.003161132 0.07052898 0.1214753 0.007540822 0.06979745 0.1211517 0.01200187 0.06922578 0.1209902 0.01204687 0.06944423 0.122188 0.007485568 0.06952661 0.1217975 0.0118522 0.06881105 0.1218529 0.007529139 0.06960248 0.1216552 0.003196537 0.07016497 0.121447 0.01191705 0.06897145 0.1216782 -1.18484e-6 0.07027655 0.1213192 5.38164e-7 0.07060724 0.1213781 -0.003176987 0.07038778 0.121825 -0.003169 0.07007211 0.1213765 -0.007539093 0.06988579 0.1216679 -0.007528305 0.0696811 0.1208122 -0.0122143 0.06986141 0.1208691 -0.01208865 0.06970661 0.1210606 -0.007699966 0.07023328 0.1221626 -0.007488012 0.06952613 0.1212537 -0.01197904 0.06911468 0.1216526 -0.01183962 0.06886494 0.1209818 -0.01210802 0.06943976 0.1211434 -0.0139057 0.06826186 0.1217745 -0.01270532 0.06857377 0.1211604 -0.01249539 0.0690093 0.1212681 -0.01289647 0.06870883 0.1214769 -0.01239866 0.0688005 0.1212199 -0.01343721 0.0684539 0.120742 -0.01379048 0.06845057 0.1201776 -0.01440942 0.06820875 0.1201348 -0.01408618 0.06850123 0.1204724 -0.01373136 0.06867402 0.1187763 -0.01460117 0.06826817 0.1192253 -0.01471936 0.06813365 0.119109 -0.01448071 0.06838732 0.1196925 -0.01432555 0.06842339 0.1199831 -0.01389807 0.06888383 0.1197742 -0.01407837 0.06874161 0.1209735 -0.01312923 0.0687977 0.1193456 -0.01425093 0.06867831 0.1190088 -0.01432359 0.06864142 0.1203433 -0.01359969 0.06898856 0.1206178 -0.01313406 0.06927466 0.1209172 -0.0125122 0.06933009 0.120653 -0.01334506 0.06892609 0.1207768 -0.01273721 0.06944036 0.120832 -0.01293486 0.06911838 0.1109752 -0.01419717 0.06905668 0.1111001 -0.01429343 0.06878393 0.1108975 -0.01441282 0.06855297 0.1107504 -0.01478409 0.06816953 0.1109701 -0.01458907 0.06834053 0.1106446 -0.01423817 0.06877464 0.1102273 -0.01406621 0.06885433 0.1101913 -0.01422727 0.06858307 0.1092708 -0.01405072 0.06840038 0.1101477 -0.01452171 0.06828504 0.1096354 -0.01411432 0.06847703 0.1087506 -0.01283454 0.06888341 0.108907 -0.01335281 0.06868046 0.1091088 -0.01320976 0.06892585 0.1093829 -0.01363039 0.06876504 0.1096974 -0.01394802 0.06865507 0.1090129 -0.01272034 0.06919288 0.1086191 -0.01215285 0.06909328 0.1088259 -0.01198756 0.0693345 0.1089442 -0.01245182 0.06927454 0.108451 -0.01182675 0.06906318 0.1082901 -0.01211875 0.06890708 0.1085553 -0.01314854 0.06863927 0.1081487 -0.01267921 0.06869608 0.109222 -0.01272058 0.06957769 0.1093338 -0.01312553 0.06928139 0.1091949 -0.01226156 0.07001739 0.1091154 -0.01222395 0.06973069 0.1089996 -0.01202368 0.06956368 0.1095684 -0.0134893 0.06913316 0.1098726 -0.01380068 0.06900167 0.1090117 -0.008628904 0.0703476 0.1087644 -0.005301177 0.07046633 0.1087885 -0.008539795 0.07001018 0.1083939 -0.008573412 0.06967651 0.1083637 -0.005280673 0.07012242 0.1083014 -0.002487123 0.07030177 0.1083322 5.26172e-6 0.07041245 0.1086758 -0.002643704 0.07060587 0.1088024 0.005342841 0.07051777 0.108683 0.002616465 0.07061046 0.1085345 0.00522536 0.07025372 0.1082757 0.002587676 0.07028794 0.1081911 0.005277395 0.07002824 0.108625 0.008583307 0.06984561 0.1083307 0.008593201 0.06964141 0.1091812 0.01203596 0.07004678 0.1087197 0.01192378 0.06923705 0.1083221 0.01182532 0.06898808 0.1088927 0.008653938 0.07012808 0.1090078 0.01209986 0.06955528 0.1091296 0.01225531 0.06975334 0.1092455 0.01273167 0.069628 0.1088329 0.01389366 0.06837826 0.1082038 0.0126937 0.06870096 0.1087987 0.01227319 0.06919753 0.1087599 0.01286888 0.06886208 0.1085066 0.01238548 0.06892508 0.1087612 0.01342439 0.06857299 0.1092412 0.01377707 0.06856286 0.1098015 0.01439863 0.06830835 0.1096944 0.01396477 0.06863558 0.1104404 0.0143612 0.06851333 0.1108844 0.0145902 0.068336 0.1108404 0.01479208 0.06816565 0.1101366 0.01416134 0.06864202 0.1102331 0.01404815 0.06889539 0.1098629 0.01379561 0.06899833 0.1093329 0.0134688 0.06889492 0.1090652 0.01323485 0.06886559 0.1106348 0.01421344 0.06881034 0.1110913 0.01431185 0.06873977 0.1111013 0.01443254 0.06853705 0.1095156 0.01341909 0.06917607 0.1093789 0.01312083 0.0693975 0.1090297 0.01265072 0.06926953 0.1092005 0.01292026 0.0692991 0.1188974 0.0143103 0.06868672 0.1188134 0.01444137 0.06846004 0.1190372 0.01462525 0.068237 0.1192377 0.01479262 0.06808739 0.1216705 0.01306104 0.06847888 0.1207642 0.0141021 0.06825697 0.1207247 0.01375257 0.06848317 0.1210768 0.01336646 0.06856197 0.1212627 0.01236689 0.06897169 0.1215697 0.01239109 0.06875306 0.1211441 0.01280421 0.06884819 0.1214243 0.01317799 0.06850969 0.1208809 0.01322454 0.06880599 0.1205034 0.01356405 0.06883805 0.1205532 0.01332616 0.06908684 0.1208311 0.01293325 0.06912189 0.1206715 0.012937 0.06945097 0.1201814 0.01370894 0.06904721 0.1208508 0.0125218 0.06947052 0.1210003 0.01249355 0.06920808 0.1203479 0.0141263 0.06837248 0.1191599 0.01426064 0.06873077 0.1195413 0.01412743 0.06883203 0.1197431 0.01420271 0.06855136 0.1193081 0.01440399 0.06844288 0.1198325 0.01453149 0.06819212 0.1200967 0.01392883 0.06873476 0.1203122 0.01395636 0.06854075 0.1083244 0.04923671 0.02726441 0.1083617 0.0493173 0.02740043 0.1083154 0.04907882 0.02714407 0.1085798 0.04927074 0.02763289 0.1085198 0.04930007 0.02747452 0.1087177 0.04912126 0.02747178 0.1086272 0.04919648 0.02738171 0.1086896 0.04918539 0.02756696 0.1084719 0.04910135 0.02716189 0.1084634 0.04922235 0.02725547 0.1085265 0.04922032 0.02728176</float_array>
          <technique_common>
            <accessor source="#Link_3_001-mesh-positions-array" count="5112" stride="3">
              <param name="X" type="float"/>
              <param name="Y" type="float"/>
              <param name="Z" type="float"/>
            </accessor>
          </technique_common>
        </source>
        <source id="Link_3_001-mesh-normals">
          <float_array id="Link_3_001-mesh-normals-array" count="29913">0.8980793 0.3946888 -0.1940985 0.2937526 0.5801416 -0.7597008 0.7361982 0.4636721 -0.492971 0.3081634 0.4277228 -0.849758 0.4716849 0.6697157 -0.5735803 0.3432991 0.4090328 -0.845481 0.3909198 0.9017526 -0.1844564 0.3469594 0.9110519 -0.2227188 0.6220449 0.6990705 -0.3526482 0.3169398 0.8584798 -0.4031894 0.9011796 0.3457359 -0.2614237 0.5870833 0.7224055 -0.3653265 0.6525981 0.6745749 -0.3450572 0.6420234 0.6777513 -0.3584122 0.4637964 0.7415301 -0.4847949 0.6660587 0.5439307 -0.5103973 0.5226325 0.4897783 -0.6978342 0.5628051 0.5614407 -0.6066589 -0.02248579 0.8366271 -0.5473112 0.002933502 0.9996135 -0.02764379 -0.009746193 0.9637101 -0.2667732 -0.03804475 0.9822505 -0.1836756 0.008569598 0.6265624 -0.7793243 0.01962918 0.6111558 -0.791267 6.05783e-4 0.3239902 -0.9460603 0.02549099 0.2741549 -0.9613478 -0.02391725 0.8382083 -0.5448256 -0.2259435 0.3380007 -0.913622 -0.3472805 0.6030363 -0.7181529 -0.8565603 0.4878839 -0.1681479 -0.4630196 0.4467474 -0.7655258 -0.4422228 0.3887208 -0.8082915 -0.6902781 0.5345804 -0.487586 -0.7633652 0.4453988 -0.4678606 -0.5884789 0.553551 -0.5892996 -0.9103996 0.3485859 -0.2228463 -0.4315527 0.6986616 -0.5706438 -0.2794482 0.9565497 -0.08319592 -0.4764456 0.8175842 -0.3233506 -0.4621535 0.8440299 -0.2720807 -0.6800264 0.6354842 -0.3656828 -0.6640816 0.655934 -0.3588123 -0.4728615 0.6986779 -0.5368904 -0.5167264 0.7679536 -0.3784719 -0.539215 0.8340701 0.1165086 -0.2575008 0.9567081 0.1356575 -0.363506 0.9211653 0.1389894 -0.8799694 0.4703572 0.06646752 -0.9171595 0.3932568 0.06455808 -0.6876859 0.7180058 0.1074978 -0.7052323 0.7014531 0.1030101 0.02351558 0.9844688 0.1739777 0.1072175 0.9688768 0.2231192 0.3126584 0.8789522 0.360122 0.6853685 0.4688647 0.5571678 0.605026 0.609135 0.512736 0.7382248 0.3553543 0.5733651 0.7391442 0.3528854 0.5737053 0.3984008 0.8236522 0.4035763 0.4653083 0.7644186 0.4462651 -0.01983273 0.9894989 0.1431732 0.5131528 0.2296674 0.8269988 -0.8566345 0.3847118 0.3437647 -0.7028642 0.5884347 0.3996582 -0.6565213 0.6677859 0.3507733 -0.4701498 0.7801498 0.4127053 -0.3680289 0.8666529 0.3368493 -0.1596035 0.8882104 0.4308238 -0.3008292 0.6253751 0.7200054 -0.07297003 0.7858986 0.614035 0.04892534 0.7686667 0.6377758 0.4364015 0.5799719 0.6878854 -0.5602658 0.4250643 0.7109309 -0.4238577 0.4743971 0.7715518 -0.3128945 0.5842325 0.7488454 0.2330206 0.5714238 0.7868775 0.3853974 0.557989 0.7349267 -0.06800168 0.4563159 0.8872157 0.1805667 0.5143669 0.838345 0.8088648 0.09725838 0.5798953 0.8106068 0.09272605 0.5782028 0.005086541 0.09544211 -0.9954221 0.007125794 0.1008865 -0.9948725 -0.9837633 0.1225139 -0.1311497 -0.9417895 0.1073281 -0.3186118 -0.8550317 0.143236 -0.4984018 -0.7559909 0.1022011 -0.6465545 -0.4923108 0.1358935 -0.8597459 -0.5023273 0.1294728 -0.8549294 -0.3543292 0.1174821 -0.9277117 -0.1507131 0.1352165 -0.9792866 0.3114185 0.1369209 -0.9403569 0.3523195 0.1284651 -0.9270209 0.5875313 0.1852953 -0.787701 0.7485052 0.1726675 -0.6402547 0.7069936 0.1951228 -0.6797699 0.9314405 0.1724372 -0.3204435 0.9557644 0.1949576 -0.2202408 0.9869787 0.1598023 0.01834046 0.9866669 0.1625227 0.008660733 0.9470164 0.1324243 0.2926152 0.9335704 0.1357339 0.3316969 -0.9958147 0.08979749 0.01701664 -0.9941919 0.1068288 0.0130462 0.2420997 0.9517596 -0.1885244 0.5392767 0.8407222 0.04865151 0.2409814 0.9565293 0.1642555 0.4020344 0.9138585 0.05684226 0.908152 0.3459777 -0.2357105 0.583606 0.767422 0.2654571 0.7703558 0.5776473 -0.2699546 0.8805081 0.4715277 -0.04865336 0.8720071 0.4836864 0.07517391 0.8896808 0.3801347 0.2529148 0.8400963 0.425821 0.3360279 0.3941197 0.917235 0.05787503 0.2401727 0.9542734 -0.1779873 0.3648079 0.6810467 -0.6348943 0.4617215 0.3991484 -0.7921452 0.4665564 0.2551918 -0.8468781 0.3299419 0.5886811 -0.7379654 0.383086 0.347307 -0.855934 0.4790095 0.8441034 -0.2409137 0.7368702 0.659435 -0.148889 0.1632392 0.9785634 -0.1255658 0.2789709 0.8617403 -0.4237675 0.274891 0.8399475 -0.4678922 0.6287176 0.4599749 -0.6270067 0.7096444 0.6787838 0.1888316 0.5877332 0.7975181 -0.136142 0.5180156 0.7317206 -0.4429954 0.6483818 0.5966721 -0.4728462 -0.718837 0.4497475 -0.5300949 -0.4384273 0.8882495 -0.1370926 -0.2734128 0.8939137 -0.3551955 -0.27197 0.8880585 -0.3706542 -0.1489425 0.988761 -0.01296001 -0.7185602 0.344716 -0.6040218 -0.5373216 0.4004377 -0.74225 -0.2894993 0.1933556 -0.9374454 -0.375589 0.6954138 -0.612644 -0.3721761 0.6886358 -0.6223068 -0.8907952 0.3483663 -0.2917618 -0.3662654 0.9299113 0.03339034 -0.7298529 0.668374 -0.143496 -0.8908602 0.3485803 -0.2913074 -0.7821908 0.4395619 -0.4415463 -0.6120552 0.6870534 -0.3915944 -0.4049198 0.9050821 -0.1298712 -0.4468492 0.4933732 -0.7462631 -0.7372524 0.6612084 -0.1387892 -0.601723 0.6580414 -0.4526711 -0.007376313 0.9880092 -0.1542194 -0.01522088 0.9470212 -0.3208104 -0.01028811 0.8955704 -0.444801 -0.01440715 0.8676244 -0.4970116 -0.006220996 0.7416158 -0.6707961 -0.01562064 0.6532028 -0.757022 -0.002440631 0.4489638 -0.8935467 -0.008671164 0.3724942 -0.9279941 0.6189031 0.1461849 0.7717442 0.2780383 0.2205737 0.9349022 0.5052453 0.1931537 0.841082 0.1697639 0.2475637 0.9538828 -0.0498358 0.2643645 0.9631344 -0.07913798 0.2616176 0.9619218 -0.4243457 0.2691299 0.8645807 -0.3859639 0.2631322 0.8841907 -0.6518126 0.2538137 0.7146462 -0.8694793 0.208073 0.4480084 -0.7543351 0.2203659 0.6183992 -0.9477892 0.1482651 0.2823352 0.3120244 0.8680523 0.3861684 0.3571941 0.8403904 0.4076231 0.6256126 0.5542039 0.5490599 0.5694948 0.6407126 0.5149399 0.7549645 0.3026837 0.5817313 0.7450264 0.3324013 0.5783123 -0.4558455 0.8756041 0.159757 -0.5050698 0.8486756 0.1570175 -0.553717 0.8205065 0.1420091 -0.7742909 0.6222767 0.1150888 -0.8187648 0.5656441 0.09834218 -0.9512246 0.3026266 0.05990767 -0.01820868 0.9834935 0.1800257 -0.01561629 0.9841269 0.1767781 -0.01453524 0.9838113 0.1786171 -0.01771032 0.9831699 0.1818339 -0.02132147 0.9826433 0.1842761 -0.01454794 0.9842164 0.1763699 -0.01480269 0.9833803 0.1809534 -0.02121573 0.9839295 0.1772932 -0.01741135 0.982524 0.1853198 -0.015962 0.983606 0.1796234 -0.01605945 0.9839274 0.1778457 -0.01388972 0.9834934 0.1804101 -0.01610183 0.9839409 0.1777669 -0.007513463 0.9826588 0.185271 -0.01221573 0.9828017 0.1842594 -0.0165382 0.9829427 0.1831674 -0.01654344 0.9845786 0.1741588 3.70818e-5 0.983931 0.1785495 -0.0207287 0.9838905 0.1775667 -0.01779419 0.98523 0.170309 -0.01761817 0.9843375 0.1754119 -0.001793801 0.9842436 0.1768087 -0.02019804 0.9836954 0.1787053 -0.01767259 0.9839406 0.177619 0.009685754 0.1028541 -0.9946494 0.02151489 0.09379357 -0.9953593 0.3304553 0.110251 -0.9373601 0.3098385 0.1188565 -0.943331 0.6044421 0.1379221 -0.7846192 0.6621366 0.1174682 -0.7401192 0.8682917 0.1163699 -0.4822112 0.8125095 0.1440381 -0.5648729 0.9621165 0.1168729 -0.2463183 0.9656662 0.112692 -0.2340714 0.994422 0.1042339 0.01613122 0.9938351 0.1092919 0.01863437 0.9955098 0.09252256 0.01999574 -0.02958834 0.9327763 -0.3592396 -0.02602517 0.9331754 -0.3584782 -0.05754929 0.9981447 -0.01988154 -0.006062328 0.9979101 -0.06433266 -0.001928567 0.8672947 -0.4977915 -0.01300865 0.9986053 -0.0511685 -0.0250864 0.9996439 -0.009100735 -0.03633785 0.9900065 -0.1362604 -0.02731961 0.9890779 -0.1448402 -0.01791763 0.9923108 -0.1224675 -0.02370417 0.9948793 -0.09825199 -0.01839059 0.9921924 -0.1233536 -0.023898 0.9971858 -0.07105946 0.002040207 0.9719732 0.2350829 -0.03443884 0.9957695 -0.08518892 -0.05891126 0.9801744 -0.1891762 -0.04258686 0.9766448 -0.2105981 -0.02185177 0.9794592 -0.2004556 -0.04909539 0.9948419 -0.08876603 -0.05404615 0.99356 -0.09958648 -0.05332052 0.9903097 -0.1282332 -0.04461318 0.9885407 -0.1442116 -0.0392698 0.9895652 -0.1386308 0.008145451 0.9999648 -0.002031087 -0.03367263 0.9994099 -0.006797015 -0.04418361 0.9990197 -0.002767562 -0.04738432 0.9987487 -0.0159949 -0.0484144 0.9986319 -0.01975983 -0.03889226 0.9981623 -0.04646992 -0.04067635 0.9974941 -0.05788773 -0.02939826 0.9995411 0.007298231 -0.03288334 0.9989122 0.03306144 -0.03473627 0.9980011 0.0527938 -0.03528213 0.9969808 0.06917101 -0.03461939 0.9957706 0.08510303 -0.03306651 0.9943426 0.1009433 -0.03296506 0.994692 0.09747445 -0.01793128 0.9978035 -0.06377011 -0.04183042 0.9961601 0.07691133 -0.05549299 0.9980803 0.02750259 -0.05208426 0.9982774 0.02700698 -0.05094718 0.9984093 0.02415323 0.1164136 0.264834 -0.9572412 -0.04083728 0.9971889 0.06282216 -0.05013608 0.9986168 0.01584106 -0.01926088 0.997308 0.0707525 -0.04053717 0.9973573 0.06029456 -0.0388413 0.9815787 -0.1870688 -0.04189014 0.9989383 0.01917231 -0.04178935 0.998782 0.02623307 -0.03072851 0.9988971 0.03550165 -0.407289 0.896291 0.1754373 -0.0110712 0.9897252 0.1425535 -0.03355282 0.9853425 0.1672558 -0.03199201 0.9926083 0.1170707 -0.02938324 0.9907207 0.1326991 -0.02480137 0.9883966 0.1498571 -0.01865798 0.985772 0.16705 -0.009260237 0.9819867 0.1887229 0.004577994 0.9761908 0.2168654 -0.03673195 0.9891538 0.1422173 0.03641754 0.9603427 0.2764339 -0.01535397 0.9730432 0.2301114 -0.01819223 0.9706974 0.2396159 -0.02224916 0.9671055 0.2534013 -0.03075838 0.9706522 0.2385128 -0.03580397 0.9723914 0.230593 -0.009614825 0.9632811 0.2683227 -0.01239192 0.9641265 0.265154 -0.05367279 0.9681 0.2447487 -0.02498644 0.9858267 0.1658962 -0.01860189 0.9707959 0.2391848 -0.1661375 0.9641801 0.2067737 -0.01038366 0.9869289 0.1608215 -0.01151341 0.9707176 0.2399476 0.001322686 0.973937 0.226815 -0.02103275 0.9991636 0.03507024 -0.01968443 0.9989701 0.04088157 -0.02356284 0.9970692 0.07278668 -0.01596933 0.9984979 0.05241268 -0.008699059 0.9981046 0.06092309 -0.01677209 0.9943943 0.1043975 -0.01688688 0.9940455 0.1076497 0.007013976 0.9140151 0.4056195 0.002149999 0.9031409 0.4293389 -0.003779411 0.9073576 0.4203426 -0.01629912 0.9112645 0.4114989 -0.03204613 0.9149553 0.4022812 -0.1168488 0.9389082 0.3237251 -0.02931231 0.9462621 0.3220698 -0.008111357 0.9481515 0.3177152 -0.005741655 0.9491969 0.3146304 0.0126335 0.9358658 0.3521301 -0.007702648 0.953904 0.3000133 0.002857983 0.9332434 0.3592333 0.001051306 0.9268416 0.3754513 2.42323e-4 0.9035572 0.4284676 0.01175892 0.9229366 0.3847727 -0.001348018 0.9883464 0.1522158 -0.01836431 0.9884514 0.1504216 -2.55796e-4 0.9848205 0.1735756 -0.002814769 0.9843567 0.1761651 -0.003906369 0.9704768 0.241163 -0.003724038 0.9705705 0.2407885 0.00612092 0.9429726 0.3328143 0.003732681 0.8712857 0.490762 0.004129827 0.8724687 0.4886526 0.006691575 0.8368553 0.5473833 0.004751682 0.8258492 0.5638711 0.008597433 0.8025248 0.596557 0.009446918 0.775212 0.6316306 0.005998253 0.7634254 0.6458682 0.01175385 0.7830334 0.6218686 0.0113821 0.8012904 0.5981674 0.008662521 0.8157894 0.5782844 0.003067076 0.8341235 0.5515692 -0.00636357 0.8604236 0.5095399 -0.01331698 0.8754571 0.4831125 -0.03361159 0.8882752 0.4580802 -0.0375027 0.8999201 0.4344395 -0.05153828 0.9133731 0.4038481 -0.05654233 0.9116604 0.407036 -0.07400214 0.9360432 0.3440159 -0.05181831 0.9353197 0.3499885 -0.07517611 0.9307755 0.3577789 -0.07883107 0.9455837 0.3156853 -0.09093731 0.944474 0.3157519 -0.1037914 0.9600873 0.2597304 -0.1005908 0.959648 0.2625972 -0.09709674 0.9507883 0.2942342 -0.1065599 0.9665375 0.2333462 -0.1129469 0.9664335 0.2307586 -0.116786 0.9689388 0.2179878 -0.1187556 0.9748876 0.1883915 -0.1213318 0.9748488 0.1869451 -0.1272923 0.9786912 0.161122 -0.1270001 0.9786905 0.1613568 -0.1304562 0.9815617 0.139707 -0.1303275 0.9815587 0.139847 -0.1333935 0.9833061 0.1237553 -0.1317063 0.9841946 0.1183834 -0.1154736 0.9755033 0.1872411 -0.1316207 0.9716762 0.1962693 -0.1032863 0.9700163 0.2200015 -0.1051517 0.9697808 0.2201557 -0.1065708 0.9754558 0.1926878 -0.09387212 0.9639087 0.2491347 -0.0936433 0.9639498 0.2490617 -0.08511507 0.9632464 0.2547782 -0.07955121 0.956275 0.2814427 -0.07644969 0.9563212 0.2821441 -0.062927 0.9457657 0.3186966 -0.06913363 0.9529034 0.2952893 -0.03865331 0.9477142 0.316771 -0.04893243 0.9447548 0.324105 -0.02167516 0.9460556 0.3232787 -0.02995222 0.9447038 0.3265544 -0.03134137 0.9455857 0.3238603 -0.03815293 0.9621775 0.2697385 -0.01392 0.9616689 0.27386 -0.01955807 0.9749905 0.2213846 -0.02832317 0.9741897 0.2239468 -0.001532614 0.9829446 0.1838964 -0.03874337 0.9844224 0.1714982 -0.03240591 0.976233 0.2142875 -0.04095119 0.994793 0.09332716 -0.04771119 0.9983115 0.03313422 -0.05249381 0.9977099 0.0426557 -0.05483537 0.9937043 0.09769785 -0.03153264 0.9966419 0.07556974 -0.04494613 0.998213 -0.03937983 -0.01086086 0.9999393 -0.001871407 -0.04865068 0.998371 -0.02980893 -0.05544096 0.998457 0.0031659 -0.03926092 0.9956666 -0.08430141 -0.02445167 0.9982297 -0.05421864 -0.02757847 0.9922975 -0.1207693 -0.0366109 0.9941233 -0.1018756 0.03118038 0.9876393 -0.1536118 0.03671342 0.9884581 -0.1469784 0.06692659 0.9858594 -0.1536294 0.0993272 0.9853597 -0.138566 0.1003833 0.9839219 -0.1477194 0.09607094 0.9841374 -0.1491442 0.1007286 0.9853429 -0.1376702 0.1070429 0.9854801 -0.1317986 0.1095329 0.9857563 -0.127621 0.09542775 0.9871257 -0.1283603 0.08171981 0.9891828 -0.1218168 0.09661108 0.9874255 -0.1251294 0.08097952 0.9890486 -0.1233904 0.06772178 0.9899181 -0.124403 0.07789885 0.988555 -0.1291932 0.1099387 0.9817478 -0.1551929 0.1199902 0.984658 -0.126693 0.1151167 0.9771891 -0.1784647 0.1370462 0.9779863 -0.1573569 0.108493 0.9818091 -0.1558207 0.1411169 0.9749343 -0.172015 0.1188141 0.9703645 -0.210419 0.146661 0.9669435 -0.2085928 0.1554515 0.937711 -0.3106979 0.1338174 0.9383145 -0.3188398 0.09909129 0.9201067 -0.3789256 0.1210625 0.9192639 -0.3745636 0.07947206 0.8971063 -0.4346086 0.08656311 0.8698153 -0.4857245 0.05630767 0.878176 -0.475012 0.1033146 0.8954735 -0.4329587 0.03577703 0.8424881 -0.5375257 0.07238513 0.8661374 -0.4945367 0.05120217 0.841278 -0.5381726 0.01771908 0.8178786 -0.5751181 0.005693614 0.7962963 -0.60488 0.0322349 0.8164719 -0.5764848 0.002803266 0.8151924 -0.5791835 0.001267194 0.7966167 -0.6044836 0.01532614 0.7721034 -0.6353122 -0.004138588 0.895406 -0.4452315 -0.01602506 0.9203783 -0.3907008 -0.01566821 0.9202114 -0.391108 -0.007590532 0.9613533 -0.2752134 -0.02103263 0.9524331 -0.3040213 -0.007079303 0.942119 -0.335204 -0.01539736 0.9921875 -0.1238019 -0.01492547 0.9922882 -0.1230509 -0.006856143 0.9813004 -0.1923602 -0.005685091 0.9999743 -0.004367411 -0.01620292 0.9993721 -0.03151088 -0.02247756 0.9992317 -0.03210622 -0.00308597 0.9938585 0.1106156 -0.02054774 0.9980036 0.05972266 -0.001875519 0.9991104 0.04213029 -0.008654475 0.9983945 0.05597853 -0.04955875 0.9944195 0.09313428 -0.05483257 0.9969157 0.05614745 -0.06510502 0.9948588 0.07757252 -0.05943429 0.996326 0.06166172 -0.05631935 0.9972656 0.04785007 -0.05511623 0.9977668 0.03773033 -0.05461782 0.9981141 0.02801966 -0.05245578 0.9903898 0.1279708 -0.0477485 0.9891774 0.1387377 -0.04825645 0.9927932 0.1096953 -0.04139095 0.9739258 0.223059 -0.03139793 0.9716729 0.2342348 -0.0343911 0.9806962 0.1924901 -0.03663969 0.9825707 0.1822429 -0.04153001 0.9841167 0.1725963 -0.0516923 0.9854027 0.1622021 -0.06910371 0.9859066 0.152358 -0.01965349 0.9983465 -0.05402064 -0.05252307 0.995842 -0.07443106 -0.05635076 0.9981964 -0.02070522 0.05940961 0.9855559 -0.1585878 0.04437518 0.9823446 -0.1817415 0.02676862 0.9814429 -0.1898772 -0.02311408 0.9940237 -0.1066898 -0.04534864 0.9918355 -0.1191883 -0.04881215 0.9956809 -0.07897508 -0.05589967 0.9952808 -0.07931905 2.87051e-4 0.9913317 -0.1313826 -0.01972639 0.9881051 -0.1525099 -0.0329039 0.9873418 -0.1551571 -0.03603553 0.9913594 -0.1261278 -0.04468905 0.9904389 -0.1305131 -0.05415016 0.9872372 -0.1497688 -0.05016928 0.9873944 -0.1501178 -0.05361002 0.986489 -0.154808 -0.04850053 0.9987195 -0.01439493 -0.05638772 0.9921206 -0.1118803 -0.06612622 0.9912669 -0.1140942 -0.02437078 0.9792279 -0.2012928 -0.03293919 0.9759073 -0.2156853 -0.02038747 0.9764649 -0.2147106 -0.02344042 0.9523233 -0.304189 -0.01777708 0.9496345 -0.3128551 -0.02927637 0.9622011 -0.2707619 -0.04248183 0.9612203 -0.2724902 -0.04080331 0.9769916 -0.2093381 -5.24377e-4 0.9867333 -0.1623488 0.0218724 0.9853188 -0.169318 -0.01129502 0.9805531 -0.1959287 -0.01501148 0.9851316 -0.1711449 -0.02631396 0.9839752 -0.176353 -0.04049396 0.9782015 -0.2036713 -0.03397434 0.9789989 -0.2010146 -0.04870772 0.9725259 -0.2276423 -0.0400052 0.973637 -0.2245679 -0.05501347 0.966441 -0.250929 -0.0545054 0.9664055 -0.2511766 -0.04215162 0.9464477 -0.3200939 -0.04040646 0.9466383 -0.319755 -0.01885223 0.958436 -0.2846843 -0.03045862 0.957022 -0.2884117 -0.009354531 0.9676882 -0.2519763 -0.01982039 0.9665094 -0.2558647 6.53343e-4 0.9759152 -0.2181497 0.01455563 0.9771001 -0.2122815 0.01695799 0.9738097 -0.2267315 0.06234163 0.9762728 -0.2073764 0.06320846 0.9755451 -0.2105151 0.07542902 0.9757755 -0.2053602 0.1037522 0.9793823 -0.1733371 0.0737977 0.9822291 -0.1725689 -0.01780569 0.8803057 -0.4740728 -0.0221439 0.880088 -0.4742941 -0.01866149 0.9202606 -0.3908612 -0.01370584 0.917415 -0.3976958 -0.02647095 0.9336979 -0.3570818 0.1204991 0.9563987 -0.2660481 0.1096871 0.9664556 -0.2322337 0.05497354 0.9656744 -0.2538718 0.05388474 0.9671274 -0.2485178 0.0368576 0.9661914 -0.2551781 0.0100243 0.952905 -0.3031033 0.024351 0.9541953 -0.2981922 -0.003324329 0.9388346 -0.3443526 0.01084333 0.9403036 -0.3401641 -0.01599663 0.9239695 -0.3821319 -0.0014292 0.9255812 -0.3785465 -0.02590292 0.9096306 -0.4146099 -0.01010417 0.9113477 -0.4115136 -0.03111058 0.8970242 -0.4408853 -0.01334661 0.8987396 -0.4382796 -0.009387016 0.8421874 -0.5391035 -0.008898079 0.8434741 -0.5370963 -0.01488852 0.8430573 -0.5376177 0.005529105 0.8590691 -0.5118297 -0.01012188 0.8577715 -0.5139316 0.01592952 0.8775225 -0.4792709 8.91731e-4 0.8761711 -0.4819997 0.0314098 0.8980458 -0.4387794 0.01630634 0.8967403 -0.4422569 0.04965573 0.9187913 -0.3916081 0.03352409 0.9176 -0.396089 0.0676499 0.937887 -0.3402819 0.04988175 0.9369071 -0.3460016 0.0826745 0.9539967 -0.2881934 0.1032075 0.9542508 -0.280631 0.1101713 0.9446557 -0.3090112 0.1450694 0.9550267 -0.2586097 -2.74363e-4 0.8326956 0.5537311 0.001088321 0.8790611 0.476708 -0.007429182 0.869272 0.4942785 -0.006914377 0.9174084 0.3978869 -0.01623785 0.909164 0.4161219 -0.01653373 0.9471796 0.3202773 -0.02626192 0.9408105 0.3379144 -0.02698886 0.9691692 0.2449136 -0.03659468 0.9647033 0.2607844 -0.03739434 0.9843328 0.1723102 -0.04590767 0.9816659 0.1849994 -0.04671376 0.9930732 0.1078122 -0.05964231 0.9944049 -0.08718806 -0.06157547 0.981148 -0.1831862 -0.04955589 0.9790423 -0.1975363 -0.05804145 0.9784073 -0.1983696 -0.05160748 0.9933823 -0.1026073 -0.04581296 0.989377 0.1379654 -0.04257065 0.9782659 0.2029379 -0.01483398 0.7620509 -0.6473472 -0.01010286 0.8885344 -0.4586989 -0.03008747 0.8870477 -0.4606963 -0.02808672 0.9163908 -0.3992982 -0.03615558 0.9256561 -0.3766346 -0.03552013 0.9329949 -0.3581326 -0.04143691 0.9471442 -0.318121 -0.04136574 0.9479247 -0.315797 -0.04459488 0.9592368 -0.2790631 -0.04875081 0.98223 -0.1812397 -0.06281524 0.992615 -0.1037777 -0.06071424 0.9978302 -0.02546858 -0.06094747 0.997843 -0.0243889 -0.05853408 0.9969338 0.05193006 -0.05597072 0.9976094 0.04053157 -0.05291825 0.9916276 0.1177896 -0.03664886 0.9797241 0.1969716 -0.03347736 0.9583339 0.2836818 -0.02554136 0.9628103 0.2689682 -0.02237796 0.9314138 0.3632733 -0.01434713 0.9376879 0.3471826 -0.01177036 0.8967671 0.4423465 -0.004044353 0.9047415 0.4259419 -0.00246638 0.8543968 0.5196154 0.004586875 0.8636127 0.5041353 0.004780709 0.8153516 0.5789465 -0.04021924 0.9858837 0.1625297 -0.03522533 0.971905 0.2327229 -0.03255528 0.9732751 0.2273233 -0.02710384 0.9484806 0.3156738 -0.02263474 0.9566191 0.290461 -0.01668298 0.9175125 0.397357 -0.01198285 0.9289469 0.3700193 -0.007055938 0.8794317 0.4759728 -0.002308368 0.8937246 0.4486103 0.001116454 0.8348042 0.5505458 0.005757629 0.8510341 0.525079 0.007095992 0.7957322 0.605607 0.007728636 0.780052 0.6256671 0.00600028 0.833494 0.552496 0.003883838 0.8259646 0.5637087 2.34618e-4 0.8778368 0.4789599 -0.001628816 0.8718819 0.4897135 -0.006795108 0.9158664 0.4014258 -0.008397161 0.9115228 0.4111638 -0.01482266 0.9470788 0.320659 -0.01601403 0.9443657 0.3285073 -0.02190059 0.9669509 0.2540205 -0.03174453 0.9173695 0.396769 -0.03620648 0.9278371 0.3712243 -0.04562097 0.9327617 0.3575954 -0.05074208 0.9426866 0.3297989 -0.05590856 0.9450898 0.3219932 -0.02669191 0.959654 0.2799142 -0.03385871 0.9463902 0.3212461 -0.01959854 0.9061868 0.4224234 -0.02557837 0.8769081 0.4799771 -0.01676815 0.8648805 0.5016979 -0.0461052 0.9918187 0.1190384 -0.04574692 0.9883061 0.1454595 -0.03776341 0.9843701 0.1720156 -0.03899288 0.9773882 0.2078268 -0.0294708 0.9696305 0.2427922 -0.03066903 0.9601812 0.2776894 -0.02128505 0.948537 0.3159504 -0.02245897 0.9375898 0.3470174 -0.01544892 0.9208074 0.3897117 -0.01713138 0.906036 0.4228541 -0.00853759 0.8841288 0.4671654 -0.01121538 0.8570455 0.5151188 0.8918413 0.4429626 0.09166979 0.3611931 0.9227019 0.1347617 0.2673347 0.9455272 0.1857705 0.3905454 0.9018454 0.1847955 0.2884464 0.9466518 0.1436982 -0.04708898 0.9786469 0.2000826 0.9483303 0.3141968 0.04415887 0.7759289 0.6223545 0.103002 0.7723545 0.6242895 0.1171811 0.6952726 0.7047452 0.1411744 0.7126455 0.6935906 0.105207 0.1010926 0.968635 -0.2269946 0.1606358 0.8665301 -0.4725695 0.009249925 0.9976584 0.06776672 0.6898982 0.7054972 -0.1622167 0.05324637 0.9857082 -0.1598262 0.7901866 0.3362343 -0.5123981 0.7461476 0.6339259 -0.2034738 0.89969 0.3233658 -0.2932449 0.8105496 0.3701167 -0.4538976 0.7535629 0.4441151 -0.4846699 0.9046857 0.3786221 -0.1954207 0.2464199 0.2883478 -0.9252745 0.5582816 0.6196978 -0.5516307 0.5098979 0.6618756 -0.5494769 0.2431532 0.5896161 -0.7702139 0.2762247 0.6384643 -0.7183754 0.2434911 0.8033027 -0.5435227 0.52652 0.4029121 -0.7486245 0.5872511 0.3316731 -0.7383287 0.6335911 0.7520579 -0.1815803 0.3220545 0.9465489 -0.01805657 0.4040134 0.8984702 -0.171827 0.1554184 0.9815129 -0.1117039 0.4065294 0.8719327 -0.2728868 0.292684 0.3550084 -0.8878654 0.474373 0.7691504 -0.4282267 0.1210454 0.9748072 -0.1873474 0.2325746 0.9444777 -0.232101 0.6532533 0.7538214 -0.07080578 0.3213501 0.9442057 0.07217943 0.3780094 0.921106 -0.0931276 0.8062616 0.4723944 -0.3560702 0.5065045 0.7982069 -0.3260663 0.462446 0.8807073 -0.1024625 0.229326 0.9381935 -0.259235 0.3864961 0.4611287 -0.7987373 0.3063753 0.6128123 -0.7284198 0.1238391 0.8413105 -0.5261753 0.6401667 0.702276 -0.3114405 0.7045574 0.4212442 -0.5710975 0.4495295 0.6370044 -0.6262178 0.2435665 0.783481 -0.5716931 0.6393915 0.4716949 -0.6071923 0.5514481 0.4133136 -0.724622 0.8788746 0.4277311 -0.2112475 0.6702075 0.7318792 -0.123186 0.2122496 0.3418527 -0.9154709 0.9148537 0.3647363 -0.1732349 0.08897328 0.1078041 -0.9901828 0.2344228 0.09528124 -0.9674541 0.3779018 0.1313185 -0.9164856 0.5446543 0.1000447 -0.8326721 0.6455993 0.1394798 -0.7508309 0.8480459 0.1236285 -0.5153002 0.8367701 0.1163483 -0.5350505 0.9525828 0.1239377 -0.2778949 0.9727237 0.1052879 -0.2066954 0.01519954 0.3119851 -0.9499655 -0.001807153 0.3490946 -0.9370858 0.007486283 0.639021 -0.769153 0.02575975 0.6692423 -0.7425976 -0.01498192 0.8328691 -0.5532672 0.03093302 0.9350552 -0.3531503 -0.004664838 0.9621891 -0.2723425 0.05666166 0.9778885 0.2013047 0.9457076 0.2930008 -0.1406691 0.8376516 0.5123665 -0.1892631 0.6045424 0.7932073 -0.0731498 0.6788807 0.7328683 -0.04500263 0.08625674 0.9709277 -0.2232916 0.757672 0.3924107 -0.5214854 0.6364412 0.4908635 -0.5949755 0.4893777 0.5540078 -0.6734872 0.229479 0.5173659 -0.8244222 0.3210356 0.4692018 -0.8226701 0.543767 0.7967682 -0.2635868 0.3240228 0.9416497 0.09113234 0.3566628 0.934179 -0.01006448 0.268635 0.9632214 -0.006319224 0.3103312 0.8031546 -0.5085641 0.3139216 0.8014581 -0.5090365 0.7502576 0.6002568 -0.2771379 0.0155912 0.9789235 0.2036317 0.1951084 0.9681559 -0.1568664 0.3379234 0.8951426 -0.2907366 0.274513 0.7671064 -0.5798193 0.8323482 0.530042 -0.1620248 0.5152783 0.8163175 -0.2609868 0.7584482 0.6470496 0.07799553 0.9348327 0.3533349 0.03524893 0.9484266 0.3144724 0.03992629 0.3160479 0.94413 0.09344679 0.3133161 0.9450238 0.09361153 0.4262934 0.8990179 0.1002037 0.5666285 0.8201819 0.07895469 0.6386291 0.764918 0.08398455 0.843769 0.5356899 0.03302109 -0.8896293 0.08076387 -0.4494853 -0.9084343 0.08477932 -0.4093403 -0.8198165 0.1140183 -0.5611603 -0.7768224 0.1091626 -0.6201859 -0.7101686 0.1350871 -0.6909502 -0.6582998 0.131714 -0.7411429 -0.5763192 0.1547974 -0.80243 -0.5188471 0.1493091 -0.8417271 -0.4257743 0.1688916 -0.8889274 -0.3769973 0.1626091 -0.9118285 -0.2604134 0.179728 -0.9486215 -0.05188274 0.1714052 -0.9838336 -0.1059228 0.1831296 -0.9773658 -0.2121537 0.1716777 -0.9620382 0.2816874 0.1655251 -0.945121 0.2382594 0.1793121 -0.954505 0.1061311 0.1755519 -0.9787327 0.122554 0.1813566 -0.9757512 0.5870518 0.140372 -0.7972866 0.5560183 0.1551475 -0.8165617 0.4393597 0.1603025 -0.8838927 0.4457504 0.1624678 -0.8802903 0.7185848 0.1261654 -0.6838994 0.7190688 0.126352 -0.6833559 0.822804 0.1090615 -0.5577628 0.817416 0.1069385 -0.5660347 0.9066491 0.08105713 -0.4140256 0.9076852 0.08157444 -0.4116472 0.9642829 0.05474138 -0.2591564 0.9648793 0.05521041 -0.2568266 0.9953187 0.02723848 -0.09272903 0.9960522 0.02295434 -0.08575123 0.997862 -0.005586624 0.06511795 0.9961668 -0.001881182 0.08745443 0.9678209 -0.03320187 0.2494403 0.971474 -0.03556096 0.2344647 0.9031706 -0.06031686 0.4250235 0.9206203 -0.06745338 0.3845885 0.8382889 -0.09063714 0.5376397 0.8182674 -0.08501839 0.568516 0.7388995 -0.1137251 0.6641491 0.7092114 -0.1067772 0.6968629 0.5818181 -0.1292769 0.8029789 0.609456 -0.1350202 0.7812381 0.474752 -0.1553036 0.8663091 0.4243546 -0.1445757 0.8938798 0.2500818 -0.1537291 0.9559428 0.3135483 -0.1668404 0.9348004 0.09129673 -0.1567426 0.9834108 0.1548257 -0.1699266 0.9732184 -0.01830697 -0.1724216 0.9848532 -0.08626341 -0.1573404 0.9837696 -0.1807463 -0.16958 0.9688 -0.2464999 -0.1535978 0.9568937 -0.4936886 -0.1541793 0.8558624 -0.4197241 -0.1456932 0.8958824 -0.348137 -0.1655966 0.9227017 -0.6367042 -0.1329361 0.7595629 -0.5816662 -0.1270621 0.8034424 -0.7038717 -0.1080561 0.7020603 -0.7537268 -0.1130111 0.6473982 -0.856031 -0.08919954 0.5091705 -0.8183053 -0.08437651 0.568557 -0.96924 -0.03223299 0.2439976 -0.9783552 -0.03525221 0.203908 -0.8980591 -0.08669734 0.4312462 -0.9272732 -0.04411047 0.371778 -0.9957655 0.02444571 -0.08861994 -0.9914025 0.02112007 -0.1291329 -0.9943644 -0.02591341 0.1028003 -0.9988889 0.009817302 0.04609507 -0.9633516 0.0490905 -0.2637115 -0.9569443 0.06147283 -0.2836877 1.07481e-4 0.3013163 0.9535242 0.004136264 0.3474642 0.9376842 -0.008152604 0.5846954 0.8112121 0.008194386 0.698464 0.7155983 -0.005442142 0.8785992 0.477529 0.001752018 0.9066665 0.4218447 -0.001723229 0.991921 0.1268461 0.001721322 0.995263 0.09720426 -0.001755833 0.9778556 -0.2092733 0.001724064 0.9711025 -0.2386562 -0.002029299 0.8400844 -0.5424519 0.003220617 0.8197274 -0.5727448 -0.002798438 0.54679 -0.8372652 -1.15276e-4 0.5273668 -0.8496378 1 -9.36944e-6 0 1 0 0 1 5.59296e-5 0 1 -2.82582e-5 0 1 2.22207e-5 0 1 -3.76287e-5 0 1 7.39627e-7 0 1 1.53692e-6 0 1 9.6421e-6 0 1 3.85463e-6 0 1 -7.31639e-7 0 1 1.62465e-5 0 1 -8.97338e-6 0 1 3.57536e-5 0 1 1.37847e-6 0 1 2.67285e-6 0 1 7.33223e-7 0 1 -2.87272e-6 0 1 4.99526e-6 0 1 -1.75004e-5 0 1 -2.74069e-4 2.74644e-5 1 1.06666e-4 -6.14913e-6 1 -1.31999e-5 0 1 1.90401e-5 0 1 1.72261e-5 0 1 2.00852e-4 -2.12872e-6 1 1.96292e-5 0 1 -3.44233e-5 0 1 3.66139e-5 0 1 2.59807e-5 0 1 -3.78353e-6 0 1 -1.46447e-6 0 1 -7.67179e-6 0 1 -2.56356e-6 0 1 5.2656e-6 0 1 -5.29652e-6 0 1 -4.58314e-5 -1.60659e-5 1 6.54087e-6 -3.1496e-5 1 6.2398e-5 2.14498e-5 1 -2.94364e-6 -4.8277e-5 1 -8.05786e-5 3.87129e-6 1 -7.47275e-7 0 1 -2.82477e-7 0 1 9.36833e-7 0 1 -5.04293e-5 4.15332e-5 1 1.47315e-6 0 1 -7.97801e-5 3.45479e-5 1 1.41841e-5 2.94108e-5 1 3.4678e-5 -7.14884e-6 1 -2.19859e-6 0 1 5.86754e-6 0 1 4.65806e-6 0 1 -2.11168e-6 0 1 3.62015e-7 0 1 -2.89854e-6 0 1 -1.30929e-6 0 1 -1.42962e-4 -1.05765e-4 1 -2.79763e-6 0 1 1.3597e-6 0 1 -4.3316e-6 0 1 2.30013e-4 -3.39858e-5 1 -4.85807e-6 0 1 2.52106e-5 1.21605e-5 1 -2.58519e-5 4.05732e-5 1 -2.7554e-6 0 1 -2.70713e-6 0 1 5.24629e-6 0 1 -1.36087e-6 0 1 1.96125e-6 0 1 -3.60945e-5 3.31542e-5 1 2.69576e-6 0 1 -1.31481e-6 0 1 2.61256e-6 0 1 -2.92025e-6 0 1 5.0062e-6 0 1 -3.10273e-6 0 1 -2.12429e-6 0 1 -2.76827e-6 0 1 1.27604e-6 0 1 4.05649e-5 -3.36074e-5 1 3.42095e-7 0 1 0 -7.3286e-5 1 -4.29891e-6 0 1 8.8066e-7 0 1 4.66193e-6 0 1 2.84771e-6 0 1 -1.03841e-4 0 1 -1.63627e-5 0 1 5.15298e-6 0 1 -1.53754e-5 -7.11693e-5 0.3096352 0.7718255 -0.5553481 0.4334628 0.5646454 -0.702343 0.4623944 0.5368819 -0.7056552 0.3810357 0.5518738 -0.7417865 0.2769466 0.6508837 -0.70686 0.2231419 0.752741 -0.6193455 0.2245389 0.6519777 -0.7242289 0.1942799 0.7465233 -0.6363635 0.173047 0.6775125 -0.7148647 0.1478332 0.3294921 -0.9325129 0.01450371 0.7262483 -0.6872795 0.03339105 0.742962 -0.6685002 0.03310191 0.7386602 -0.6732648 0.05770963 0.7563768 -0.6515855 0.07232248 0.8843561 -0.4611767 0.09526115 0.7914736 -0.6037343 0.1015158 0.9010493 -0.4216691 0.4335173 0.4854806 -0.7591912 0.4037528 0.5640967 -0.720263 0.1448045 0.8308706 -0.537295 0.1835232 0.8320953 -0.5233896 0.1693967 0.8596357 -0.4820076 0.2485059 0.8608884 -0.4439775 0.2483595 0.8611406 -0.4435701 0.2616172 0.8636372 -0.4309147 0.3252433 0.8153293 -0.4790146 0.2153334 0.9173865 -0.3347142 0.2266076 0.914575 -0.334965 0.2241729 0.9171155 -0.3296148 0.2366864 0.9131425 -0.3318893 0.2328743 0.9167426 -0.3245807 0.2217367 0.9194144 -0.3248232 0.2163863 0.8396565 -0.4981504 0.1782264 0.9067195 -0.3822241 0.1503189 0.9497134 -0.2746796 0.1683314 0.9370812 -0.3058488 0.1582546 0.9483603 -0.2748973 0.1666454 0.9471161 -0.274227 0.1753969 0.9578232 -0.2276198 0.2028054 0.9387231 -0.2786917 0.1995497 0.9321029 -0.3022654 0.195445 0.9369007 -0.2898592 0.3786613 0.6373903 -0.6710807 0.4023554 0.642834 -0.6518241 0.4047968 0.6350399 -0.6579241 0.4075675 0.6705306 -0.6199012 0.4159978 0.6562651 -0.6294935 0.3981308 0.7009406 -0.5917552 0.395621 0.6713755 -0.6266888 0.3816627 0.7107864 -0.5908607 0.3676282 0.6861268 -0.6277577 0.3665632 0.6578053 -0.6579694 0.2904579 0.8044275 -0.5181997 0.2703422 0.7855029 -0.5566869 0.3067448 0.7798104 -0.5457138 0.3294926 0.7763429 -0.5373328 0.3212472 0.7942485 -0.5157225 0.3348495 0.7940397 -0.5073232 0.3291383 0.8038861 -0.4954141 0.3326043 0.8036527 -0.4934742 0.3120943 0.831165 -0.4601761 0.3029747 0.824486 -0.4779428 0.3062382 0.8175413 -0.4876928 0.2803742 0.8186802 -0.5011518 0.1965862 0.9163613 -0.3487633 0.2007625 0.9095046 -0.3639996 0.05624449 0.7206804 -0.6909821 0.0854364 0.7685153 -0.6341016 0.08476126 0.7242968 -0.6842586 0.1185109 0.7778381 -0.6171898 0.1184414 0.7838634 -0.6095324 0.1582256 0.793223 -0.5880152 0.2281439 0.7980422 -0.5577446 0.2643956 0.7955167 -0.5452046 0.04093229 0.9894955 -0.1386488 0.0388745 0.9897894 -0.1371345 0.06643104 0.9891563 -0.1309842 0.06461983 0.9894147 -0.1299344 0.05173689 0.9897773 -0.1329067 0.05096095 0.9894823 -0.1353808 0.02834951 0.9895486 -0.1413859 0.02498131 0.9900189 -0.138704 -0.01158714 0.9892991 -0.1454408 -0.002788543 0.9891984 -0.1465567 1.65831e-4 0.9899077 -0.1417138 0.01204097 0.9893872 -0.1448037 0.01322704 0.9897472 -0.1422169 -0.03798639 0.9892656 -0.1411052 -0.0427829 0.9901803 -0.1330885 -0.01568061 0.9899488 -0.1405545 -0.03158295 0.9888981 -0.1452 -0.02620583 0.9900147 -0.1385069 -0.06882166 0.9898556 -0.1242961 -0.0801264 0.9900318 -0.1158313 -0.0751025 0.9893008 -0.1250743 -0.0585218 0.9890199 -0.135702 -0.05255854 0.9900553 -0.1304922 -0.06454229 0.9891366 -0.1320726 -0.1019915 0.9898369 -0.09909904 -0.09063953 0.9900116 -0.1079884 -0.09922486 0.9892449 -0.1074662 -0.08793836 0.9892764 -0.1166158 -0.1205653 0.9899002 -0.07457625 -0.1071378 0.9893348 -0.09868228 -0.1108435 0.9898992 -0.08839237 -0.1158008 0.9893598 -0.08807641 -0.1235264 0.9890704 -0.08050578 -0.1271967 0.9897122 -0.06550431 -0.1304027 0.9893469 -0.06471407 -0.1319493 0.9898785 -0.05224829 -0.1356905 0.9894406 -0.05094647 -0.1383547 0.9895744 -0.04000592 -0.138715 0.9895058 -0.04045528 -0.1459347 0.9892942 1.74559e-4 -0.1459642 0.9892899 1.45614e-4 -0.1434894 0.9895739 -0.01242214 -0.1435364 0.9895675 -0.01239579 -0.1417579 0.9895151 -0.02765393 -0.1405509 0.9897223 -0.02636843 -0.5255092 0.2247974 0.8205524 -0.6065298 0.4075908 0.6826356 0.8165773 0.2224295 0.5326601 0.73076 0.2021431 0.6520184 -0.6421043 0.5366235 0.5474827 -0.6535915 0.4695861 0.5935547 -0.4323562 0.8282852 0.3563872 -0.4817038 0.7727909 0.413226 -0.5677645 0.6842472 0.4576563 -0.7129204 0.3587268 0.6025442 -0.7417121 0.2883256 0.6055837 -0.7499833 0.1785399 0.6369055 -0.5250428 0.1711375 0.8336919 -0.2616236 0.07362586 0.9623577 -0.3291511 0.1847493 0.9260277 -0.2135899 0.1927577 0.957718 -0.1587613 0.08545809 0.9836116 -0.1184421 0.08109289 0.9896441 -0.1384666 0.1554633 0.978089 -0.05765581 0.1056777 0.9927276 -0.07803434 0.1685186 0.9826048 -0.006766021 0.1661982 0.9860692 0.09908759 0.2008203 0.974604 0.1689919 0.08740937 0.9817339 0.1802105 0.1582493 0.9708148 0.2081548 0.08583229 0.9743225 0.4379899 0.08664071 0.8947951 0.3968951 0.2078911 0.894011 0.4693441 0.1042907 0.8768351 0.4857011 0.2022259 0.8504112 0.7914994 0.1788179 0.5844252 0.7846928 0.2039043 0.585389 0.8178077 0.4826894 0.3133715 0.9415891 -0.1572784 0.2977809 0.9347068 0.2500859 0.2525475 0.9724461 -0.006635487 0.2330333 0.979223 0.1906462 0.06911063 0.9763891 0.05643522 -0.2085171 0.9660406 0.1739174 -0.1910978 0.9527294 0.1592535 -0.2587379 0.8579142 0.1967172 -0.4746429 0.8518509 0.104732 -0.5132069 0.8256061 0.1753121 -0.536321 0.8202851 0.10438 -0.5623496 0.7921139 0.169264 -0.5864343 0.7886719 0.1090386 -0.605068 0.7463559 0.1799961 -0.6407452 0.6701183 0.1834603 -0.7192245 0.5925365 0.1054605 -0.7986105 0.6252769 0.2204943 -0.7486062 0.6223592 0.07612228 -0.7790215 0.5455048 0.1040819 -0.8316199 0.5568418 0.1801142 -0.8108552 0.4983381 0.1608064 -0.8519393 0.08521908 0.9859979 -0.1433387 0.1502025 0.9657471 -0.2115935 0.1169024 0.9804258 -0.1584272 0.1732186 0.9644713 -0.199476 0.1271556 0.978394 -0.1630239 0.2974658 0.9545322 -0.01955544 0.03754955 0.9049765 0.4238016 -0.02374178 0.9504065 0.3101029 -0.1705039 0.9613286 0.2162768 -0.1435959 0.9652765 0.2182239 -0.2322334 0.9499638 0.2088938 -0.1952348 0.9657399 0.1709679 -0.5861266 0.6414633 0.494955 -0.4728239 0.4018184 0.7842063 -0.525271 0.4018074 0.7500942 -0.5298728 0.392861 0.7515951 -0.3638647 0.3597586 0.8591719 -0.3071345 0.3617744 0.8802204 -0.305725 0.3651866 0.8793014 -0.2521635 0.3765456 0.8914185 -0.6901524 0.1871222 0.6990529 -0.6741833 0.2485826 0.6954737 -0.6492961 0.4766197 0.592662 -0.6831433 0.4710216 0.5580806 -0.7217296 0.2535779 0.6440533 -0.7097367 0.2860733 0.6437671 -0.5633447 0.4108651 0.7168213 -0.571999 0.394311 0.7192607 -0.6617143 0.1040099 0.7425067 -0.6066678 0.4040618 0.6846081 -0.6558885 0.3986468 0.6410079 -0.4624265 0.2685378 0.8450144 -0.4674766 0.2547333 0.8465086 0.1700762 0.5788896 0.7974717 0.1228127 0.5759288 0.8082222 0.1372673 0.5495285 0.8241215 0.09147918 0.5463476 0.8325479 0.07910299 0.5671217 0.8198266 0.04901343 0.5662845 0.8227513 0.05873936 0.544252 0.8368628 0.0128417 0.5422129 0.8401432 0.01237064 0.5431839 0.8395227 -0.04007673 0.5412803 0.8398867 -0.09671437 0.5468742 0.83161 -0.1628975 0.5466414 0.8213693 0.1595711 0.3839516 0.9094604 0.1290557 0.3847708 0.9139453 0.06763428 0.3756904 0.924274 -0.007490336 0.4017761 0.9157074 -0.06632453 0.4027627 0.9128984 -0.06545293 0.4003256 0.9140325 -0.1258822 0.4038113 0.9061403 -0.1494104 0.4060904 0.9015361 -0.2216349 0.4135429 0.8830969 0.4875652 0.6854726 0.5407472 0.4434591 0.6524924 0.6144899 0.4009473 0.6455443 0.6500107 0.2802689 0.588724 0.758191 0.2346912 0.5819741 0.7786053 0.270318 0.5218247 0.8090904 0.2139021 0.5139054 0.830751 0.5677922 0.5819002 0.5822406 0.5272417 0.5756421 0.6250221 0.5292574 0.5731539 0.6256048 0.4876088 0.5661957 0.6645751 0.4682383 0.5451034 0.6954246 0.4321817 0.5388182 0.723114 0.4125625 0.5607449 0.717884 0.3690376 0.5540803 0.7461946 0.3616158 0.5628682 0.7432452 0.3299506 0.5581653 0.7613042 0.3316032 0.5558348 0.7622907 0.2888516 0.5498653 0.7837174 0.2537088 0.4358539 0.8635179 0.5970773 0.5140396 0.6158426 0.5313524 0.4992144 0.6844338 0.4848268 0.4916488 0.7233426 0.1941909 0.2838962 0.9389851 0.128622 0.2794792 0.9514977 0.1009699 0.2559224 0.9614098 0.0379619 0.2695078 0.9622497 0.03871428 0.2673681 0.9628165 -0.02312302 0.2625644 0.9646375 -0.10643 0.2814105 0.9536671 -0.1736173 0.2811434 0.9438302 -0.2024745 0.2436569 0.9484911 -0.2756053 0.2950463 0.9148712 -0.3562272 0.2843555 0.8900809 0.6868336 0.3130026 0.6559643 0.6636392 0.3537232 0.659138 0.6299434 0.3514727 0.6925593 0.6309468 0.3495685 0.6926097 0.5873568 0.346197 0.7315461 0.6059287 0.3073558 0.7337457 0.5580529 0.2982223 0.7743646 0.348989 0.2468329 0.9040356 0.2890036 0.2413218 0.9264129 0.6333872 0.169509 0.7550415 0.6850032 0.1452566 0.7139126 0.6838687 0.1706303 0.7093723 0.7362634 0.1118051 0.6673949 0.5778131 0.2598398 0.7737023 0.5294054 0.2519812 0.8100838 0.5261891 0.2580515 0.8102682 0.4784532 0.2201982 0.8500562 0.3565545 0.1628957 0.9199641 0.4542208 0.377591 0.8069131 0.4011973 0.3737242 0.836284 0.3996026 0.3766191 0.8357487 0.3590965 0.3688602 0.8573167 0.3555497 0.3751447 0.8560672 0.3018274 0.3632537 0.881446 0.2892476 0.2532705 0.9231414 0.5213158 0.6943402 0.4961063 0.5540346 0.697753 0.4540777 0.5498983 0.7016562 0.4530901 0.5842535 0.7042955 0.4032564 0.6106408 0.6999728 0.3703457 0.639213 0.7007541 0.3167815 0.6364202 0.703516 0.3162826 0.6597372 0.7028624 0.2659538 0.6441854 0.7179614 0.2637361 0.6688553 0.7152656 0.2025537 0.7030029 0.701797 0.1151862 0.7152612 0.6963514 0.05912923 0.6445726 0.6166493 0.4519622 0.6792387 0.6188243 0.3945773 0.7392058 0.6269047 0.2461004 0.7590896 0.6235079 0.1871387 0.7574737 0.6254966 0.1870502 0.7735014 0.6206877 0.1282284 0.6701007 0.5251484 0.5245801 0.6687305 0.5271511 0.5243198 0.7036601 0.5303343 0.4728721 0.7257568 0.5362291 0.4309703 0.755909 0.5370035 0.3744713 0.7542484 0.5394415 0.3743157 0.7789626 0.5387787 0.3208346 0.7772063 0.5413823 0.320711 0.8007989 0.539101 0.260943 0.8271347 0.5388458 0.1596667 0.8402438 0.5329901 0.09955888 0.8388356 0.535198 0.09958851 0.8474272 0.5289633 0.04544395 0.8363908 0.5461987 0.04601639 0.8423267 0.5388805 -0.009673297 0.7405896 0.4445291 0.5039057 0.7763618 0.4460229 0.4453381 0.8431033 0.4516787 0.2918277 0.8636727 0.4481347 0.230748 0.8622912 0.4507793 0.2307641 0.8788916 0.4458345 0.16965 0.6995671 0.6413971 -0.3149853 0.7104437 0.6467852 -0.2773785 0.7100259 0.6473165 -0.2772087 0.7179466 0.652501 -0.2424771 0.717535 0.6530046 -0.24234 0.7237721 0.658631 -0.2058135 0.7232631 0.6592338 -0.205673 0.7282707 0.6660417 -0.1612772 0.5967561 0.6436074 -0.4792198 0.3914903 0.6314543 -0.6693286 0.3905691 0.6355767 -0.6659566 0.4173019 0.6361075 -0.6490197 0.4155582 0.6458837 -0.6404262 0.4523963 0.6473295 -0.6134348 0.4528315 0.6450457 -0.6155158 0.4843145 0.6464493 -0.5895277 0.4849596 0.6438093 -0.5918816 0.51467 0.6454362 -0.564382 0.5155874 0.642363 -0.5670446 0.5429361 0.6443017 -0.5386054 0.5439429 0.6414288 -0.5410133 0.5687016 0.6437402 -0.5120323 0.722997 0.5328195 -0.4397484 0.7452431 0.537271 -0.3949084 0.7457806 0.5361623 -0.3954003 0.7610751 0.5401353 -0.3591915 0.7616091 0.5390942 -0.3596236 0.7772121 0.5444142 -0.3155227 0.794372 0.5948963 -0.1227666 0.7947425 0.6034668 -0.06490206 0.8228645 0.457038 -0.3376544 0.8347547 0.4709044 -0.2853659 0.8235225 0.4941547 -0.2786068 0.8316082 0.4992733 -0.2432157 0.8324642 0.4977037 -0.2435048 0.840094 0.5043724 -0.1996258 0.8409749 0.502808 -0.1998637 0.8459896 0.5092388 -0.1580428 0.8385484 0.5220819 -0.1557784 0.8415206 0.5303683 -0.1027263 0.4434502 0.480975 -0.7563167 0.4429116 0.487367 -0.7525309 0.4837998 0.4898237 -0.7252658 0.4985896 0.3956333 -0.7712865 0.5459436 0.399901 -0.7362233 0.5459203 0.400717 -0.7357968 0.5847025 0.4004257 -0.7055369 0.584855 0.3980871 -0.7067329 0.623157 0.3958348 -0.6745296 0.6215554 0.4132221 -0.6655197 0.6508821 0.4168458 -0.6345015 0.6518361 0.411673 -0.6368948 0.742994 0.4107116 -0.5284656 0.7433202 0.4091584 -0.5292112 0.7675947 0.4127848 -0.4903135 0.7683801 0.4095489 -0.4917944 0.8002532 0.4082537 -0.4392309 0.8422402 0.2597293 0.4724112 0.7996054 0.2830894 0.5296146 0.7472332 0.3486305 0.5657733 0.7457796 0.3517664 0.5657501 0.7835138 0.3481886 0.514656 0.8050122 0.3626728 0.469493 0.8531542 0.3219693 0.4104434 0.8290715 0.3791508 0.4109563 0.8927884 0.2770517 0.3552061 0.862717 0.3535206 0.3615835 0.8828967 0.3611105 0.3001548 0.9130309 0.3576058 0.1961961 0.9264026 0.3516098 0.1347177 0.92501 0.3552153 0.1348283 0.9332027 0.34943 0.08385413 0.940097 0.3308714 0.08210903 0.9479197 0.3177567 0.02188664 0.9366343 0.3495408 0.02318871 0.9392809 0.3412952 -0.03562587 0.9150362 0.2179322 0.3394325 0.9221119 0.2787035 0.2683916 0.932155 0.2456229 0.2660014 0.9464744 0.250983 0.2029629 0.9710167 0.2388266 -0.009404301 0.969335 0.2334005 -0.07690227 0.5255837 0.6902579 0.4972986 0.6357055 0.52109 0.5695119 0.6367921 0.519513 0.5697388 0.711729 0.3446022 0.6121203 0.7231326 0.3198261 0.6122014 0.7618345 0.09897983 0.640165 0.9601908 0.1668618 0.2240332 0.9756494 0.1526014 0.1575473 0.9668828 0.1995664 0.1590946 0.989449 0.09826016 0.1064689 0.9903464 0.1220944 0.06562799 0.9825182 0.1859834 -0.008259952 0.9756858 0.1879321 -0.1127778 0.9799181 0.1062063 -0.1687628 0.7169696 0.3980934 -0.5722554 0.715778 0.4051331 -0.5687961 0.9088368 0.2975506 -0.2923687 0.9206411 0.312559 -0.2339379 0.9235761 0.3025495 -0.2355232 0.9316468 0.3132236 -0.1841881 0.925606 0.3321836 -0.1814048 0.930882 0.3390684 -0.1359835 0.5240988 0.3241341 -0.7875645 0.4758923 0.3190778 -0.8195828 0.7447623 0.203422 -0.6355696 0.7013093 0.2227239 -0.6771702 0.6990001 0.2298967 -0.6771606 0.65824 0.2310325 -0.7164804 0.4984965 0.239384 -0.8331846 0.570021 0.6404562 -0.5146766 0.6829363 0.4162949 -0.6002471 0.6877775 0.3928946 -0.6104064 0.8468559 0.2307829 -0.4791392 0.8677569 0.2644779 -0.4207724 0.8709812 0.2452483 -0.4257291 0.8904405 0.2578808 -0.3749842 0.8903312 0.2584863 -0.3748273 0.9122769 0.2577735 -0.3182827 0.7144282 0.6972061 0.05912733 0.7231671 0.690663 0.003761947 0.8411516 0.5407167 -0.009468674 0.8438741 0.5323831 -0.06667113 0.8993119 0.435455 -0.04021358 0.898841 0.4265648 -0.1006354 0.9437257 0.3220659 -0.07520395 0.938823 0.315696 -0.13765 0.9539754 0.1508336 -0.2591917 0.9241761 0.1960462 -0.327818 0.08657485 0.9856534 0.1448872 0.03215616 0.9969144 0.07160782 0.08884817 0.9927566 0.08087307 0.04107266 0.9933701 -0.1073735 0.1769316 0.9765979 -0.1222782 0.09635037 0.9858474 -0.1371924 0.1988419 0.9677621 -0.1545919 0.1821629 0.9684358 -0.170144 0.147358 0.9738144 -0.173122 0.2173151 0.9490308 -0.2282864 0.2493678 0.9282473 -0.2759939 0.1998021 0.9501895 -0.2392048 0.2614135 0.9075338 -0.3287027 0.1749835 0.9528068 -0.2480727 0.2328147 0.9047367 -0.3567196 0.1700466 0.9440547 -0.2825683 -0.3562213 0.882726 0.3064329 -0.1877743 0.9606587 0.2046356 0.04212987 0.945941 0.3215913 0.04074186 0.9617214 0.2709836 0.06920945 0.9445597 0.3209626 0.02315354 0.9763951 0.2147476 0.04285293 0.9811335 0.1885225 -0.2541475 0.7413916 0.6210858 -0.1745601 0.9597859 0.2198635 -0.3498402 0.8748686 0.3349879 -0.3855108 0.8376208 0.387005 -0.5183998 0.6768926 0.5225688 -0.509474 0.7008822 0.4991997 -0.5394031 0.6833057 0.4920749 -0.5303665 0.7011811 0.4765045 -0.3760507 0.8628674 0.3377067 -0.1759111 0.9647994 0.1954935 -0.1951863 0.9281253 0.3169949 -0.2193272 0.9280769 0.3009468 -0.3256275 0.8506051 0.412841 -0.3241631 0.8530074 0.4090192 -0.4586312 0.6725571 0.5807964 -0.4581758 0.6743131 0.5791173 -0.300207 0.8155944 0.4946532 -0.2914006 0.8345101 0.467631 -0.3846791 0.6847155 0.6190209 -0.3895865 0.6641088 0.638108 -0.4270558 0.6684261 0.6089581 -0.4269608 0.668879 0.6085273 -0.3038707 0.8492939 0.4316972 -0.3107034 0.8356946 0.4528553 -0.1980606 0.9264363 0.320137 -0.1964977 0.9062745 0.3742395 -0.4882479 0.6767094 0.5510703 -0.4883514 0.676375 0.551389 -0.3497937 0.8502535 0.3933365 -0.347276 0.8534278 0.3886651 -0.2667349 0.7848163 0.5593889 -0.2962026 0.7367646 0.6078174 -0.3092758 0.6863723 0.6582108 -0.2232075 0.7365065 0.6385426 -0.2603714 0.7323874 0.6291388 -0.2319935 0.5794835 0.7812669 -0.2706389 0.5788844 0.7691862 -0.5732531 0.1063423 0.8124483 -0.5834538 0.1710744 0.793924 -0.26856 0.5834088 0.7664918 -0.3064516 0.5835167 0.7520611 -0.616566 0.1038922 0.7804184 -0.6334388 0.1835567 0.7517063 -0.3503115 0.6841081 0.6397485 -0.3497788 0.686648 0.6373142 -0.2547211 0.8469967 0.466598 -0.1868592 0.9123942 0.3641711 -0.1964932 0.8822552 0.427804 -0.1692614 0.8973396 0.4075933 -0.1621137 0.8755493 0.4551184 -0.1550989 0.8995541 0.4083463 -0.1370594 0.8745395 0.4651831 -0.1333383 0.8925584 0.4307674 -0.1122727 0.8842406 0.4533361 -0.1106805 0.8959269 0.4301916 -0.09716355 0.8573604 0.5054628 -0.07621675 0.895644 0.4381928 -0.06620454 0.8630589 0.5007459 -0.04583966 0.8885394 0.4565046 -0.0390954 0.8704566 0.4906902 -0.01203888 0.8729981 0.4875749 -0.020343 0.8898993 0.4557034 0.01341074 0.8572771 0.5146808 0.009352207 0.8927221 0.4505107 0.05117589 0.8489468 0.5259947 0.03648096 0.8960645 0.4424223 0.05191302 0.8865944 0.4596254 -0.6349354 0.5291117 0.5629369 -0.5932145 0.5223149 0.612604 -0.4600142 0.5168007 0.722014 -0.4111393 0.5099078 0.755618 -0.4104521 0.5219718 0.7477128 -0.3635106 0.5194301 0.7733386 -0.3601281 0.5685765 0.7396138 -0.3115054 0.5742789 0.7570787 -0.2285282 0.7280353 0.6463276 -0.1878368 0.733107 0.6536601 -0.1856946 0.7764258 0.6022298 -0.1460913 0.7745933 0.6153557 -0.1461294 0.7652248 0.6269588 -0.1256918 0.7956893 0.5925202 -0.09065639 0.7411181 0.6652259 -0.09165722 0.7775566 0.622097 -0.04872298 0.7801496 0.6236928 -0.03656899 0.737817 0.6740095 -0.0152238 0.7788245 0.6270571 0.01696687 0.7467672 0.6648691 0.01940882 0.7411473 0.6710619 0.0343545 0.7820651 0.6222493 0.07142794 0.7517759 0.6555388 0.07303571 0.7490333 0.6584945 0.08485758 0.8045091 0.5878472 0.1172155 0.7713325 0.6255453 0.04934656 0.9014529 0.4300554 0.07801371 0.8955177 0.4381347 0.04765081 0.9143733 0.4020584 0.07878124 0.9116691 0.4033028 0.0655204 0.9184993 0.3899566 0.09110611 0.9255356 0.3675374 0.06173145 0.9520293 0.2997156 0.1310926 0.9399955 0.314997 0.1071776 0.9896091 0.0958485 0.1499535 0.9858874 0.07443302 0.1284664 0.9893505 0.06842482 0.1611933 0.9861088 0.04008001 0.1660555 0.9860696 -0.00961554 0.1685993 0.9846217 -0.04576605 0.1838755 0.9819003 -0.04540693 0.1910482 0.9792308 -0.06787937 0.1341478 0.9885811 -0.06864297 0.2078297 0.9733332 -0.09710574 0.1886328 0.9696791 -0.1553714 0.2517358 0.9502581 -0.183409 0.191191 0.9648907 -0.1800888 0.4428233 0.8581064 -0.2599251 0.2619324 0.9411554 -0.2135834 0.2522071 0.9422917 -0.220177 0.2014482 0.9610381 -0.1892738 0.2440399 0.9423329 -0.2290264 0.3460358 0.887728 -0.3036417 0.1390369 0.9771523 -0.1607547 0.2632481 0.8561213 -0.4446988 0.2675676 0.8492897 -0.4550986 0.2602015 0.8722705 -0.4140526 0.3207038 0.8377451 -0.441964 0.3192043 0.8399512 -0.4388517 0.3157215 0.8632367 -0.3938813 0.3635922 0.8360986 -0.4107794 0.3613801 0.8387652 -0.4072805 0.3542069 0.8599222 -0.3675205 0.3994827 0.834883 -0.3786609 0.3964405 0.8379973 -0.3749606 0.3840081 0.8607901 -0.3340334 0.4189937 0.8415741 -0.3408775 0.4141475 0.8456768 -0.3366197 0.3964132 0.8655645 -0.3060305 0.436788 0.8450016 -0.3085265 0.4304483 0.8497918 -0.3042502 0.4107309 0.8682275 -0.2783544 0.4486384 0.8499748 -0.2761638 0.4411292 0.8550924 -0.2724376 0.407148 0.8810295 -0.2408688 0.4502945 0.8594756 -0.2419438 0.3571217 0.9118543 -0.2024498 0.4105793 0.8898838 -0.1988255 0.4129696 0.895103 -0.1680678 0.3869239 0.919743 -0.06605207 0.3804538 0.9243972 -0.02728837 0.379177 0.9249213 -0.02730304 0.3712276 0.9285032 0.008482217 0.3875498 0.9217996 0.009524703 0.3745887 0.9253929 0.05771905 0.3431847 0.9316037 0.1197448 0.3236178 0.9322452 0.1618345 0.3293852 0.929959 0.163345 0.3073484 0.9293687 0.2044768 0.3289051 0.7574586 -0.5639842 0.3258246 0.766209 -0.5538612 0.3614119 0.7620055 -0.5373352 0.5948661 0.7495118 -0.290459 0.5458855 0.7982115 -0.2546911 0.5911103 0.7694371 -0.2419817 0.5630155 0.7935561 -0.2308296 0.5664762 0.7992874 -0.2006098 0.5769595 0.7910091 -0.2035253 0.5806924 0.7965187 -0.1683875 0.5660197 0.8237845 -0.03163546 0.5583856 0.8294284 0.01594376 0.5581809 0.8295662 0.01594442 0.547084 0.8344472 0.06631153 0.5128508 0.836481 0.1930898 0.48945 0.8372742 0.243743 0.493606 0.8345565 0.2446808 0.4677848 0.8338572 0.2930181 0.324709 0.80072 0.5034 0.2825203 0.7954255 0.5361722 0.2574988 0.7609688 0.5955006 0.2177026 0.7559265 0.6173985 0.2239027 0.7505313 0.621748 0.1900736 0.7463982 0.6377789 0.1920956 0.7444888 0.6394026 0.1677039 0.7411832 0.6500175 0.4940894 0.8509823 -0.1780588 0.4956699 0.8562602 -0.1453618 0.4916955 0.8586663 -0.1446654 0.4915919 0.8633337 -0.1139842 0.4880619 0.8653935 -0.1135336 0.4861993 0.8701708 -0.08008301 0.4834783 0.8717055 -0.07986456 0.4789115 0.8770083 -0.03873354 0.4539052 0.8882611 0.07044363 0.4377304 0.8912587 0.1185328 0.4564652 0.881429 0.1213361 0.4357659 0.8830701 0.1740556 0.3997472 0.8836081 0.2438014 0.3736442 0.8820611 0.2869812 0.3949938 0.8702481 0.2943607 0.367789 0.8674945 0.3349399 0.3747116 0.8636234 0.3372625 0.3475798 0.8601691 0.3732258 0.3548477 0.8559641 0.3760434 0.3264575 0.8518136 0.4096819 0.3201793 0.855536 0.4068704 0.2941412 0.8516038 0.4338802 0.3022183 0.8463836 0.4385192 0.2699362 0.8412091 0.4685102 0.2493442 0.8413389 0.4795587 0.2083585 0.8403432 0.5004099 0.2445986 0.8150687 0.5251996 0.1944234 0.8117078 0.550754 0.1684632 0.7362127 0.6554473 0.1313198 0.7275665 0.6733514 0.1775475 0.6596325 0.7303162 -0.0295763 0.619622 0.7843431 -0.06857234 0.6771701 0.7326244 -0.1064588 0.6131113 0.7827907 -0.1304248 0.6563816 0.7430697 -0.1848359 0.646629 0.7400721 -0.1793719 0.5787434 0.7955387 -0.2379042 0.5667528 0.7887921 -0.4198412 0.2800961 0.8632958 -0.4183376 0.2701308 0.8671926 0.1309957 0.6488214 0.7495806 0.1496167 0.9267853 0.3445054 0.1765475 0.9293026 0.3243883 0.1423959 0.9425824 0.3020958 0.1731243 0.9443267 0.279777 0.1609203 0.9482885 0.2735941 0.1837928 0.9513522 0.247284 0.1690425 0.9557311 0.2408378 0.1912347 0.9583848 0.2119619 0.2061316 0.954064 0.2174209 0.2232449 0.9555748 0.1924543 0.2139914 0.9584058 0.1888545 0.2355504 0.9596744 0.1534318 0.2205201 0.972089 0.08008724 0.2386731 0.9702076 0.04162341 0.2369297 0.970642 0.04145628 0.2501869 0.9681948 0.002311885 0.3373481 0.9388192 -0.06938844 0.2705013 0.9568052 -0.1065496 0.3380046 0.9326924 -0.1258489 0.3437159 0.9305604 -0.126162 0.2897022 0.9453276 -0.1497614 0.3492126 0.9211052 -0.172092 0.388841 0.9007197 -0.1936667 0.5563951 0.6852709 -0.4699239 0.5795637 0.6878846 -0.4369447 0.5806421 0.6859986 -0.4384756 0.5974304 0.6884838 -0.4111777 0.5983062 0.6870822 -0.4122473 0.613159 0.6899966 -0.3846307 0.5981839 0.7114781 -0.368748 0.6060247 0.7140632 -0.3504968 0.6069236 0.7129845 -0.3511366 0.6167021 0.7172968 -0.32429 0.6173045 0.7166094 -0.3246631 0.6273525 0.7221616 -0.2913959 0.6671962 0.7236443 -0.176602 0.6700606 0.7303127 -0.1328996 0.6561298 0.7434239 -0.1296713 0.6562036 0.7486584 -0.09438002 0.6678764 0.7380828 -0.09578603 0.6657771 0.7444753 -0.04997462 0.6649827 0.7451924 -0.04986315 0.6595956 0.7516188 0.001751542 0.6197113 0.7812695 0.0746724 0.6031492 0.7864372 0.1331451 0.6190716 0.7737256 0.134533 0.6003636 0.7768728 0.1898224 0.5509825 0.7682217 0.3259661 0.5181211 0.7661347 0.3802476 0.4511552 0.7398844 0.4990292 0.4149299 0.7345408 0.53692 0.4194802 0.7303324 0.5391206 0.3829 0.7244824 0.5731605 0.3633846 0.7108318 0.6022208 0.3197061 0.7035765 0.6346403 0.1981799 0.433005 0.8793359 0.2189571 0.3828084 0.8975052 0.2394205 0.2123816 0.9474027 0.2439783 0.1988425 0.9491766 0.301198 0.4470234 0.8422886 0.3664244 0.2745758 0.8890114 0.3293977 0.3909727 0.8594402 0.3135017 0.440599 0.8411833 0.238517 0.6088708 0.7565621 0.1939241 0.6983308 0.6890048 0.1843429 0.7129833 0.6765151 0.07814252 0.8593503 0.5053821 0.07437604 0.8629319 0.4998167 -0.008308589 0.9329974 0.3597873 -0.03530573 0.9521182 0.3036849 -0.09066176 0.9554092 0.2810229 -0.1275936 0.8359669 0.5337409 -0.06692016 0.8767556 0.4762575 -0.05823218 0.8314103 0.5525994 -0.03924089 0.8230012 0.5666828 -0.04163986 0.8625173 0.5043115 0.009269118 0.7124618 0.7016497 -0.5047166 0.4880847 0.7120636 -0.4911547 0.6109545 0.6208878 -0.5698314 0.5991576 0.5624077 -0.6050775 0.5944287 0.5296562 -0.640627 0.5864281 0.4956806 -0.6404692 0.6208689 0.4520189 -0.7072623 0.4910438 0.5085824 -0.05630713 0.7157885 0.6960433 -0.05598825 0.7099175 0.702056 -0.03562533 0.7177321 0.6954075 -0.03388285 0.7021787 0.7111941 -0.01913076 0.7233591 0.6902071 -0.0169937 0.7025526 0.7114289 -0.006194949 0.7158813 0.6981945 -0.00571841 0.7052592 0.7089266 0.004816353 0.7153152 0.6987854 0.005003035 0.7092123 0.7049773 -0.4659086 0.8103654 0.3552988 -0.4607797 0.813543 0.3547253 -0.2860193 0.766757 0.5746971 -0.2577024 0.7657763 0.5892167 -0.259006 0.7612246 0.5945192 -0.2277413 0.7602045 0.6084597 -0.2327278 0.7372386 0.6342847 -0.2166986 0.7367119 0.6405446 -0.5508254 0.7395038 0.3869439 -0.548933 0.7098855 0.4412882 -0.5260291 0.7126109 0.4641975 -0.5267796 0.7112164 0.4654831 -0.4967703 0.7129956 0.49483 -0.4982369 0.7100402 0.4975972 -0.4653584 0.7123969 0.5252927 -0.4634261 0.7166748 0.5211656 -0.4409176 0.6981112 0.564121 -0.4375753 0.706294 0.5564861 -0.3962754 0.7117256 0.5800108 -0.3993285 0.7027751 0.5887648 -0.3667042 0.6987318 0.6142492 -0.3664228 0.6997314 0.6132784 -0.3357071 0.6946915 0.636164 -0.1151809 0.7182083 0.6862291 -0.1385447 0.64759 0.749288 -0.127982 0.7019405 0.7006427 -0.1702808 0.7150673 0.6779994 -0.1705431 0.6856535 0.7076683 -0.6113417 0.6559011 0.4427812 -0.5990507 0.65318 0.4631353 -0.3516585 0.6429543 0.6804014 -0.3188483 0.6318984 0.7064279 -0.318141 0.6355995 0.70342 -0.2849413 0.636041 0.7171195 -0.228402 0.6419334 0.7319523 -0.1998496 0.6645399 0.7200326 -0.2246664 0.9551832 0.1927438 -0.2362767 0.9519046 0.1950665 -0.2544547 0.9426212 0.216144 -0.2431796 0.9415358 0.2331824 -0.2437 0.9412426 0.2338224 -0.2336593 0.9370668 0.2594404 -0.2164767 0.9466506 0.2387267 -0.2495993 0.9193576 0.3041083 -0.2029085 0.936718 0.2852851 -0.2119768 0.9299947 0.300293 -0.2056573 0.9191495 0.3359603 -0.1986459 0.9253882 0.3227949 -0.1916716 0.9127635 0.3607284 -0.1779924 0.9083785 0.3783745 -0.1864922 0.9181919 0.3494915 -0.3396746 0.9063098 0.2514432 -0.432637 0.8329473 0.3449987 -0.4096032 0.8520699 0.3258869 -0.3884845 0.8516928 0.3517088 -0.3902115 0.8499016 0.3541216 -0.3687567 0.8493906 0.3775637 -0.3708698 0.8470137 0.3808194 -0.3473138 0.8463869 0.4037356 -0.349691 0.8434013 0.40791 -0.3246005 0.8426715 0.4295803 -0.327057 0.8392069 0.4344716 -0.3006301 0.8383852 0.4546778 -0.3031917 0.8342457 0.4605531 -0.2758201 0.8333845 0.4789506 -0.2786562 0.8280515 0.4864993 -0.2529398 0.8278996 0.5006034 -0.08333724 0.7271084 0.6814457 -0.08320999 0.7086864 0.7005996 -0.2006254 0.8791688 0.4322174 -0.1875018 0.8724398 0.4513224 -0.1901585 0.8663213 0.4618738 -0.1687361 0.86679 0.4692581 -0.1698752 0.8585397 0.4837894 -0.142941 0.8698796 0.4720991 -0.1484934 0.8427902 0.5173534 -0.1255523 0.8400181 0.5278318 -0.129141 0.8243727 0.5511192 -0.09464687 0.8236024 0.5592148 5.64306e-4 0.9757043 -0.2190908 0.001100242 0.9719636 -0.2351292 -0.00276637 0.9374221 -0.3481841 0.001282215 0.8259213 -0.5637841 0.003477096 0.1545843 -0.9879736 -4.8705e-5 0.3529539 -0.9356408 -0.001022338 0.6276378 -0.7785049 -0.003625512 0.6575713 -0.7533837 0.002646505 0.4285602 -0.9035094 -9.03088e-4 0.9967835 0.08013683 -6.4713e-4 0.9972079 0.07467371 -0.002353191 0.8597878 -0.510646 0.2742591 0.9164915 -0.2912482 0.1465546 0.988172 -0.04514378 0.2598626 0.8419548 -0.4728465 0.5999722 0.798101 0.05539196 0.5004054 0.8316109 -0.2408691 0.6096553 0.7909405 0.05228304 0.3347406 0.9259186 0.1749963 0.2540856 0.9671461 0.008305191 0.2984395 0.9446888 0.1360036 0.3847679 0.9121482 0.1412068 0.2988616 0.9081252 0.2932416 -0.01262396 0.9973331 0.07188427 0.4061142 0.2665351 -0.8740883 0.6915203 0.4769862 -0.5424793 0.8797928 0.2778932 -0.3856683 0.909817 0.3842934 -0.1566896 0.2828665 0.5808244 -0.7633019 0.5053449 0.3968227 -0.7662626 0.7352189 0.6749445 0.06247574 0.7618809 0.6174879 -0.1955662 0.7133509 0.6762858 -0.183761 0.5427352 0.6684786 -0.5085026 0.3072275 0.6135051 -0.727477 0.2678474 0.646431 -0.7144122 0.537362 0.6754454 -0.5049908 0.7605877 0.5416693 -0.3579118 0.9050854 0.4185369 -0.07514852 0.4777377 0.8483393 -0.2282261 0.2943479 0.8036873 -0.5171518 0.412638 0.8456671 0.3384923 0.4492619 0.8283643 0.3346287 0.8653422 0.468565 0.1778476 0.9524752 0.2790503 0.1221558 0.05659341 0.9269039 0.3710072 0.8152091 0.5374505 0.2158269 0.9253707 0.3461921 0.1544027 0.5377653 0.7834674 0.3114279 0.5409702 0.7812968 0.3113307 0.3619623 0.4410054 0.821278 0.05656164 0.7812398 0.6216633 0.4021399 0.6594203 0.635176 0.8629928 0.4421815 0.2443746 0.757741 0.2706989 0.59376 0.4474197 0.5733045 0.6863947 0.7254297 0.4961753 0.4770345 0.2686603 0.8726059 0.407898 0.5278634 0.6527196 0.5434312 0.7543054 0.4209854 0.5037804 0.59437 0.3878332 0.7044925 0.3397446 0.3416584 0.8762666 0.1027232 0.5429541 0.8334559 0.83047 0.3603074 0.424851 0.2921659 0.7362899 0.6103411 -3.41499e-4 0.3219391 0.9467604 -0.00678873 0.8992456 0.4373916 -0.02170842 0.1215505 0.9923478 -0.006520509 0.7313872 0.6819313 -0.003587126 0.6119434 0.7908934 -0.0076918 0.5054635 0.8628137 -0.3019152 0.7906045 0.532721 -0.07400655 0.916585 0.3929313 -0.08492094 0.7898073 0.607448 -0.2208073 0.6334171 0.741638 -0.3268971 0.7755792 0.5400142 -0.5096051 0.5485686 0.6628538 -0.244943 0.8761847 0.4150946 -0.5377556 0.7134692 0.4491999 -0.6226933 0.6702156 0.4038122 -0.5046524 0.5730357 0.6457214 -0.2887922 0.3425687 0.8940055 -0.2306494 0.4037858 0.885301 -0.7306358 0.2450187 0.6372891 -0.5093671 0.3221376 0.7979804 -0.4803092 0.5736084 0.6635335 -0.6605566 0.4834663 0.5743913 -0.7321127 0.5069661 0.4549687 -0.8625882 0.2917143 0.4133332 -0.8496515 0.3433588 0.4002464 -0.8159162 0.5420252 0.2012199 -0.5551893 0.7739787 0.304503 -0.5128499 0.7956845 0.322291 -0.4208949 0.8407198 0.3406433 -0.3605014 0.8663141 0.3457437 -0.9402453 0.3122251 0.1358476 -0.8987034 0.4087635 0.1588861 -0.7518346 0.6117171 0.246063 -0.6759641 0.7369086 -0.006203174 -0.6244626 0.7808831 0.01637184 -0.5360969 0.8338193 -0.1317027 -0.2923723 0.9083724 0.2989617 -0.4392288 0.8883758 -0.1336662 -0.454176 0.8016133 -0.3887678 -0.3738411 0.9141091 0.1569951 -0.3491648 0.432125 -0.8314757 -0.146367 0.9636902 -0.223334 -0.3085462 0.7847119 -0.537612 -0.2483276 0.9259782 -0.2844254 -0.2124139 0.9713992 0.1061321 -0.9284492 0.3511661 -0.1210975 -0.8289378 0.3269517 -0.4538335 -0.7019979 0.4288005 -0.5686205 -0.6197645 -0.0739203 -0.7812988 -0.843231 0.4995744 -0.1984613 -0.655886 0.5758777 -0.4880354 -0.6939662 0.4122987 -0.5902718 -0.3550025 0.4383382 -0.8257318 -0.7288167 0.6589715 -0.1859648 -0.7699549 0.6188476 0.1555542 -0.674113 0.6742351 -0.3016267 -0.8986965 0.4159216 -0.1391181 -0.06471157 0.9852696 0.1582917 -0.2128475 0.9731128 0.08801901 -0.3651344 0.6617975 -0.6547526 -0.4117987 0.5927129 -0.6921801 -0.3876598 0.8688756 -0.3078557 0.02865695 0.8552145 0.5174814 0.3827493 0.7483059 0.5417945 0.4454163 0.5406388 0.7136625 0.1454842 0.6691489 0.7287483 0.1131545 0.9261855 0.3596896 0.3026587 0.7922539 0.529841 0.6321031 0.2911797 0.7180948 0.3430418 0.4173013 0.8415356 0.2804197 0.2790616 0.9184168 0.709596 0.4304788 0.5578186 0.7335428 0.5040222 0.455935 0.8898503 0.3755581 0.2590806 0.89139 0.3182468 0.322712 0.4770163 0.8126144 0.3348334 0.593815 0.6269762 0.5042663 0.7243104 0.6024302 0.3353393 0.5359528 0.8331899 0.1361956 0.2239212 0.9530567 0.2038195 0.2882732 0.9115425 0.2932384 0.3867526 0.3428767 0.8560714 0.009331941 0.696825 0.7171805 0.1303392 0.9246714 0.3577633 0.1483538 0.9450721 0.2912562 -0.00175482 0.8196544 0.5728557 -0.06100606 0.9374692 0.3426803 0.007244527 0.5928623 0.8052714 0.005831241 0.322209 0.9466506 0.004215717 0.3177548 0.9481636 0.02714186 0.6705281 0.7413876 -0.02203929 0.6864312 0.7268608 0.6274573 0.7755743 0.06915169 0.3268137 0.9423317 0.07213801 0.3741762 0.9239808 0.07906723 0.3146353 0.9460901 0.07693141 0.6285256 0.7747011 0.06923645 0.9721259 0.2312623 0.03859019 0.9077112 0.4176617 0.04023939 0.8466526 0.5293306 0.05466794 0.7820329 0.6212347 0.0499221 0.4527807 0.7668815 0.4548434 0.1627239 0.3348197 0.9281255 0.3030014 0.685536 0.66199 0.2720156 0.5891761 0.760841 0.8126168 0.3381341 0.4746782 0.5613754 0.4041754 0.7221495 0.5517408 0.3860555 0.7392857 0.3677789 0.3348608 0.8675293 0.7083409 0.6394433 0.2989406 0.7857853 0.5003575 0.3635712 0.5515662 0.7484208 0.3682948 0.6159124 0.58959 0.522528 0.904325 0.3760949 0.2018635 0.6812347 0.4539678 0.5743106 0.5578709 0.8126322 0.1685506 0.3094618 0.9167112 0.2527332 0.1599503 0.9818277 0.1021292 0.2667512 0.3797252 0.8858062 0.129242 0.7194151 0.6824503 0.1435733 0.926655 0.3474153 0.2247752 0.8850449 0.4076415 -0.02949815 0.9041906 0.4261096 -0.01357311 0.8332141 0.552784 -0.02569407 0.9273566 0.3732955 -0.03459089 0.6600307 0.7504419 -0.01624637 0.5585073 0.8293405 -0.01660466 0.3665785 0.930239 -0.0152986 0.3741557 0.9272398 -0.6639883 -0.04631173 0.7463075 -0.7180099 0.647112 0.2563356 -0.9117823 0.3213181 0.2557498 -0.5973197 0.764617 0.2420126 -0.8368899 0.4235434 0.3467366 -0.4932562 0.8239731 0.2788668 -0.7689608 0.3347786 0.5446307 -0.1813598 0.6032481 0.7766599 -0.2547228 0.7926849 0.5538655 -0.470662 0.4512165 0.7582091 -0.3241428 0.3776169 0.8673736 -0.2441809 0.7713834 0.5876592 -0.07929062 0.9453068 0.3163986 -0.3735602 0.7918351 0.4831666 -0.437214 0.3610009 0.8237246 -0.7510535 0.3723486 0.5452297 -0.6928356 0.4278775 0.5804307 -0.2351617 0.9604244 0.1492776 -0.4123792 0.721784 0.5558519 -0.6468367 0.7593355 0.07079523 -0.5766352 0.8144552 0.06445717 -0.3517355 0.9331353 0.07443684 -0.3914751 0.9168744 0.07802969 -0.9234519 0.3818218 0.03806281 -0.8868573 0.4592043 0.05114436 -0.8225859 0.5665766 0.04840999 -0.02446192 0.9279163 0.3719852 -0.009998559 0.1334189 0.9910094 -0.009299397 0.3146303 0.9491688 -0.02714109 0.9042024 0.4262409 -0.01701772 0.4671186 0.8840309 -0.0178222 0.7063865 0.707602 -0.01869416 0.6951768 0.7185957 -0.4024645 0.8585624 0.3176364 -0.04397052 0.9693837 0.2415822 -0.6009777 0.6764706 0.4256917 -0.7857314 0.4253575 0.449107 -0.7463136 0.60486 0.2777779 -0.7428166 0.6076605 0.2810204 -0.3903957 0.8805793 0.2686476 -0.9164811 0.2835953 0.2821986 -0.6405316 0.5721077 0.5122616 -0.3260747 0.3544193 0.8763917 -0.09516918 0.9652935 0.2432102 -0.2221534 0.7441108 0.6300373 -0.2953014 0.6345118 0.7142772 -0.2795826 0.6461889 0.7101222 -0.5112033 0.3206903 0.7973888 -0.6685243 0.5501807 0.5003764 -0.6440876 -0.004322707 0.7649397 -0.273773 0.8261759 0.4924244 -0.532263 0.5931744 0.6040201 -0.3848116 0.2997654 0.8729609 -0.4956024 0.8637332 0.09134089 -0.9174177 0.3950012 0.04815536 -0.949144 0.3109353 0.04944676 -0.3511297 0.9300637 0.1081178 -0.5999661 0.7941728 0.09659361 -0.7890028 0.6101924 0.07169431 -0.7787675 0.6226994 0.07593888 -0.9195722 0.3420401 -0.1933798 -0.5467836 0.5628763 -0.6198371 -0.900471 0.4245229 -0.09451109 -0.5048261 0.8632034 0.005530476 -0.7518963 0.64023 -0.1573453 -0.4392871 0.891713 -0.108972 -0.5127251 0.8401702 -0.1767119 -0.1681079 0.9843078 0.05364716 -0.2388035 0.9710664 -0.001793861 -0.2339456 0.9708983 0.0512461 -0.1995042 0.976672 0.07943499 -0.770065 0.4360656 -0.4656683 -0.4929907 0.8472791 -0.1976823 -0.5284535 0.8169934 -0.2307786 -0.7039565 0.5929259 -0.3910041 -0.7190466 0.5651578 -0.4044363 -0.7755271 0.4474093 -0.4454019 -0.7282214 0.5614033 -0.3930904 -0.620414 0.7359312 -0.2710938 -0.1583024 0.9410645 -0.2988942 -0.0657531 0.9931941 0.09613549 -0.1749352 0.3252722 -0.9292985 -0.3268954 0.4958386 -0.8045393 -0.2140144 0.6916024 -0.6898435 -0.2700849 0.7496936 -0.6041636 -0.4290599 0.7664794 -0.47793 -0.2223806 0.9160089 -0.3338784 -0.5758978 0.3537622 -0.737017 -0.4722459 0.515725 -0.7148508 -0.523321 0.6762549 -0.5184732 -0.3451333 0.9304285 -0.1232303 -0.01854407 0.9656643 -0.2591307 -0.006126165 0.9475819 -0.3194543 -0.003912627 0.4841951 -0.8749513 0.001224458 0.4650512 -0.8852829 -0.02224683 0.9903467 -0.1368166 -0.02046352 0.9430864 -0.3319177 -0.01005941 0.7768629 -0.6295895 -0.00708568 0.7668873 -0.6417429 -0.1847147 0.8331004 -0.5213677 -0.2329562 0.7921394 -0.5641334 -0.2936286 0.6427948 -0.707529 -0.7490751 0.2646047 -0.6073474 -0.5249438 0.4278849 -0.7357639 -0.2436466 0.2069064 -0.9475368 -0.8046613 0.4467018 -0.3911238 -0.6562656 0.4071798 -0.6352323 -0.5986807 0.6031759 -0.5270297 -0.8781883 0.3821558 -0.2876496 -0.8781107 0.3815972 -0.2886265 -0.7040414 0.645228 -0.2966589 -0.6452235 0.7351196 -0.2080527 -0.3299641 0.9291107 -0.1669647 -0.3502297 0.8943638 -0.2783033 -0.3347157 0.4011485 -0.8526695 -0.2724784 0.5975036 -0.7541518 -0.1016433 0.9464326 -0.3064867 -0.2680639 0.930434 -0.2498691 -0.4440395 0.8110207 -0.3808863 -0.5083656 0.7032856 -0.4969446 -0.021043 0.8551791 -0.5179054 -0.0595743 -0.1045321 -0.9927356 -0.03606224 0.9023923 -0.4294041 -0.03226476 0.7170149 -0.6963107 -0.01783561 0.643311 -0.7653973 -0.02792608 0.4823936 -0.8755093 -0.01248937 0.4007627 -0.9160968 0.1031494 0.9364786 -0.3352134 0.185741 0.7472497 -0.6380583 0.6605302 0.7049577 -0.2583304 0.5348631 0.557962 -0.6345078 0.7851357 0.4494093 -0.4261378 0.7831035 0.5087858 -0.3576115 0.7577988 0.2235951 -0.6129816 0.3599181 0.6177515 -0.6991724 0.2803689 0.8361777 -0.4713811 0.2780638 0.2845889 -0.9174365 0.5263221 0.7286508 -0.4382387 0.1650519 0.4640846 -0.8702778 0.2007158 0.7292873 -0.654105 0.5148693 0.7753121 -0.365788 0.4866452 0.4113413 -0.7706976 0.3010646 0.9448313 -0.1290507 0.1923269 0.9497915 -0.2467927 0.2629853 0.8408344 -0.4731133 0.534866 0.5637745 -0.6293464 0.4788026 0.8740546 -0.08232146 0.2775729 0.9587067 -0.06192612 0.890025 0.4548298 -0.03138977 0.9194154 0.3918175 -0.03397858 0.6783035 0.7332656 -0.04718035 0.6348586 0.7705407 -0.05676084 -0.02776855 0.8142751 -0.5798146 -0.03570789 0.8660165 -0.498739 -0.03201669 0.9353814 -0.3521885 -0.01083832 0.3438292 -0.9389697 -0.03685545 0.965052 -0.2594538 -0.01095318 0.3446137 -0.9386807 -0.02695822 0.6158198 -0.7874258 -0.02390819 0.5960276 -0.8026081 0.6323333 0.475023 -0.6119704 0.15859 0.964042 -0.2132424 0.116509 0.9066125 -0.4055606 0.5504265 0.7945204 -0.2564527 0.5365193 0.8096327 -0.2379959 0.7350681 0.6106432 -0.2946014 0.7203612 0.5600464 -0.4091794 0.8506615 0.4843781 -0.2043355 0.7065724 0.3928021 -0.5886104 0.8932698 0.3132157 -0.322436 0.2158126 0.6742782 -0.7062393 0.393184 0.3802483 -0.8371486 0.5335152 0.303818 -0.7893391 -0.01199972 0.9861 -0.1657194 0.2564483 0.8400717 -0.4780312 0.4151433 0.7102438 -0.5685154 0.4603533 0.790481 -0.4039984 0.3639076 0.8291966 -0.4242691 0.6140089 0.5802492 -0.5350739 0.1511974 0.601015 -0.7848059 0.2235817 0.9621139 -0.1560391 0.3255388 0.8740039 -0.3607518 0.2771534 0.7837053 -0.5558706 0.3747875 0.6087339 -0.6992692 0.2713125 0.2718513 -0.9233019 0.09467768 0.9899365 -0.1051758 0.3110293 0.946411 -0.08698868 0.4629049 0.8820241 -0.08804976 0.93014 0.366305 -0.02569401 0.8913374 0.4506766 -0.04907608 0.7764019 0.627974 -0.05337309 0.6780819 0.7305065 -0.08102506 0.5440703 0.8356753 -0.07506281 0.4902169 0.8075489 0.3279517 -0.2104861 0.7716047 0.6002683 -0.01624619 0.9966439 -0.0802313 0.486561 0.231815 0.8423303 0.3917755 0.4524083 0.8011484 0.2984028 0.8025687 0.5165649 0.2758055 0.8157424 0.5084248 0.7618082 0.4294862 0.4849638 0.6388816 0.7528569 0.1582312 0.7760335 0.6163879 0.1335594 0.3809711 0.9239789 -0.03352636 0.5865491 0.5977851 0.5464551 0.7281549 0.4671809 0.5015302 0.5441526 0.6388096 0.5438935 0.04612565 0.9982205 -0.03779309 0.04419237 0.9982171 -0.04012411 0.1518557 0.5351783 0.8309779 0.1028355 0.9775165 0.1840829 0.1673628 0.9578279 0.2335715 0.2407431 0.9684165 0.06490218 0.423246 0.8522099 0.3075731 0.8694365 0.4467239 0.2109932 0.6175396 0.7238345 0.3077477 0.8560074 0.4652107 0.2254562 -0.01677143 0.4674305 0.8838708 -0.01549041 0.4597917 0.8878918 -0.02504813 0.7419495 0.6699878 -0.02854079 0.7605419 0.6486613 -0.03705722 0.8607617 0.5076576 -0.03198963 0.9572742 0.2874072 -0.03646302 0.968779 0.2452304 -0.04258036 0.9987998 -0.02420705 0.6340466 0.7659828 -0.1060909 0.3618651 0.9247317 -0.1180042 0.9348528 0.3532143 -0.0359174 0.3640063 0.9239313 -0.1176883 0.07857054 0.9883955 -0.1300046 0.7323185 0.6761712 -0.0806356 0.8942531 0.443954 -0.05671381 0.5893406 0.7964573 0.1354017 0.1663882 0.9843946 -0.05729156 0.4995689 0.8662257 0.009163856 0.504407 0.6503114 0.5680395 0.1051903 0.8970397 0.4292491 0.2373581 0.8874233 0.3951467 0.4578433 0.8231399 0.3358871 0.4545262 0.8881731 0.06748884 0.2431051 0.9421743 0.2306676 0.1598259 0.986124 -0.04488927 0.101268 0.9862316 0.1307371 0.9271456 0.3425685 0.1518152 0.7845599 0.3449988 0.5152103 0.844852 0.484803 0.2262544 0.8127754 0.4759308 0.3359853 0.4767044 0.6046097 0.6381223 0.3876883 0.6402341 0.6631728 0.6245989 0.6957467 0.3547012 0.7750108 0.6279044 0.07137614 0.5878245 0.5412209 0.601284 0.4190117 0.4361003 0.7963955 0.2902338 0.5342649 0.7939305 -0.0094015 0.4611624 0.887266 -0.01540696 0.4319211 0.9017798 -0.03509849 0.9924815 0.117255 -0.04397261 0.9804657 0.191712 -0.02684575 0.9108873 0.4117811 -0.03469198 0.8783966 0.4766717 -0.02243608 0.7345328 0.6782022 -0.02553957 0.7201095 0.6933904 -0.1751178 0.9264785 0.3331237 -0.1372752 0.9837497 -0.1157245 -0.1438474 0.9895989 0.00145483 -0.3221111 0.9462726 0.02850633 -0.7790808 0.5878419 0.217888 -0.5391803 0.8409978 0.04480516 -0.09736353 0.9942644 0.0442577 -0.2660183 0.9553727 0.1284419 -0.5826324 0.8015662 0.1342806 -0.3916484 0.8950344 0.2133658 -0.3669566 0.8686252 0.3329162 -0.6078369 0.4697749 0.6401921 -0.3597847 0.389369 0.8479073 -0.2072051 0.5830999 0.785532 -0.272449 0.7422433 0.6122472 -0.8971599 0.3684865 0.2435608 -0.4779183 0.4005904 0.7817426 -0.5492385 0.5377894 0.6396247 -0.6353206 0.6056542 0.4791144 -0.2525824 0.8744254 0.4142251 -0.3303414 0.6628081 0.6719822 -0.7903894 0.2767426 0.5465327 -0.7613211 0.6427105 0.08551824 -0.3689917 0.7291624 0.5763397 -0.6560868 0.6761237 0.3352712 -0.9142166 0.3361001 0.226373 -0.6169016 0.7805275 -0.1010408 -0.2875527 0.9499952 -0.1217482 -0.4149006 0.9018254 -0.1207 -0.9412867 0.335375 -0.03877043 -0.222195 0.9665839 -0.1278483 -0.92396 0.3802496 -0.04133099 -0.8132906 0.5769429 -0.07546877 -0.6948317 0.7142475 -0.08402109 -0.03533101 0.8224201 0.5677825 -0.04541218 0.9322549 0.358941 -0.03221303 0.8967837 0.4412952 -0.04306876 0.9535338 0.2981922 -0.01070874 0.223328 0.9746845 -0.02311891 0.5100967 0.8598064 -0.008774399 0.3747093 0.9271009 -0.02683734 0.6029185 0.7973514 -0.02272891 0.6896326 0.7238026 -0.0958563 0.9905524 0.09806996 -0.3549839 0.8277575 0.434516 -0.8504343 0.4686966 0.2389252 -0.6524267 0.5168883 0.5542256 -0.8535589 0.4405132 0.2781826 -0.7586121 0.6037452 0.2449474 -0.6124579 0.7859578 0.08465081 -0.5382329 0.8378111 0.09153109 -0.5761511 0.3912516 0.7176156 -0.7983504 0.2721746 0.5371758 -0.2984061 0.6311264 0.7159842 -0.2397419 0.3591433 0.9019646 -0.1754937 0.6989299 0.6933246 -0.4946463 0.3096644 0.8120548 -0.280821 0.3862761 0.8785958 -0.1920678 0.9150418 0.3546951 -0.6562613 0.5671759 0.4976271 -0.400436 0.8602783 0.3155508 -0.5086482 0.7986036 0.3217285 -0.2935101 0.9552099 -0.03776103 -0.380146 0.9115086 0.156975 -0.3033949 0.9451971 0.1206406 -0.4305073 0.6993365 0.5706067 -0.6521483 0.7528914 -0.0886414 -0.55351 0.8297612 -0.07157689 -0.4760621 0.8750447 -0.08753252 -0.3666012 0.9252632 -0.09742462 -0.9345325 0.354682 -0.02915221 -0.9554302 0.2931792 -0.0346294 -0.8405867 0.5398704 -0.04420453 -0.140179 0.9858829 -0.09156936 -0.7614304 0.6446982 -0.06773597 -0.1571874 0.9695416 -0.1878328 -0.2025353 0.3827821 -0.9013642 -0.3004485 0.6376092 -0.7093555 -0.2403699 0.567057 -0.7878253 -0.1610917 0.8835657 -0.4397286 -0.3642172 0.2373328 -0.900566 -0.723079 0.3505809 -0.5951888 -0.7074233 0.2896031 -0.6447343 -0.7599471 0.5337117 -0.3709883 -0.2933079 0.9335431 -0.2060769 -0.5638768 0.7476916 -0.3507141 -0.7371509 0.5878652 -0.3332014 -0.4753023 0.5807614 -0.6609115 -0.3650307 0.8040717 -0.4692777 -0.3680586 0.7983364 -0.4766467 -0.09139913 0.9855156 -0.1428466 -0.5250313 0.4142433 -0.7434681 -0.5381003 0.6946849 -0.4773479 -0.8452379 0.4189466 -0.331748 -0.8657724 0.3291541 -0.3769561 -0.03104639 0.8120242 -0.5827975 -0.02982795 0.8269879 -0.561428 -0.0234552 0.5984705 -0.8008015 -0.01527076 0.3169619 -0.9483153 -0.0150066 0.3143916 -0.9491748 -0.03969597 0.9402837 -0.3380694 -0.03323924 0.9762463 -0.2140994 -0.02288746 0.6052948 -0.7956723 -0.7131805 0.6995036 -0.04547971 -0.4659488 0.8832307 -0.05287063 -0.9390631 0.3430262 -0.02221792 -0.9619443 0.2721285 -0.02468448 -0.3579484 0.9315055 -0.06458079 -0.1041056 0.9928088 -0.05910027 -0.7279494 0.6840096 -0.0471245 0.3719728 0.1380165 -0.9179258 0.08064067 0.1225723 -0.9891781 0.2053787 0.1071758 -0.9727965 0.4692065 0.1171315 -0.8752861 0.6299689 0.1493541 -0.7621238 0.7752551 0.1170569 -0.6207071 0.7983071 0.1291642 -0.5882368 0.9317122 0.1356795 -0.3369032 0.9505524 0.1208231 -0.2860977 0.94058 0.334008 0.06122112 0.8682984 0.4887591 0.08468985 0.6973322 0.7051219 0.1285731 0.6167037 0.7749505 0.1383053 0.4300608 0.8890703 0.1568498 0.3749334 0.9125741 0.1631984 0.06423932 0.3010761 -0.951434 0.8490566 0.4260553 -0.3123777 0.6020839 0.7937265 -0.08656519 0.4043399 0.9075502 -0.1134117 0.7810414 0.3884936 -0.4889244 0.7961598 0.459365 -0.3938444 0.6670463 0.6393129 -0.382529 0.2632552 0.8985844 -0.3510596 0.4743335 0.7058712 -0.5260739 0.3849813 0.7563898 -0.5288325 0.5814793 0.3647446 -0.7272161 0.5872713 0.3732232 -0.7182039 0.1629813 0.646211 -0.7455524 0.3678028 0.343451 -0.8641543 0.2818215 0.3942984 -0.8747032 0.9949396 0.09966039 0.01276558 0.9927214 0.1167509 0.02955746 0.5273639 0.8491365 0.02923524 0.5395402 0.8362192 0.09815299 -0.540037 0.8234974 0.1738163 -0.5348089 0.8377153 0.1105111 -0.5202053 0.8473426 0.1067582 -0.5040835 0.8631463 0.02963691 0.5356511 0.8383429 0.1012887 0.5282094 0.8258574 0.1973686 0.5415596 0.8189845 0.189678 0.5270333 0.808938 0.2604902 0.615988 0.786355 -0.04695546 0.5799424 0.8048813 -0.125829 0.5883555 0.7967786 -0.1377741 0.5306886 0.8153762 -0.231369 0.5321263 0.8135584 -0.2344449 0.4474887 0.8367828 -0.3155132 0.4454621 0.8422789 -0.3035293 0.3663805 0.8627485 -0.3484687 0.372716 0.8412806 -0.3915735 0.2720651 0.8533555 -0.4447077 0.272215 0.8551346 -0.4411849 0.1695453 0.8652492 -0.4718033 0.1675162 0.8599298 -0.4821402 0.05927944 0.8662132 -0.496146 0.05680996 0.8623142 -0.5031768 -0.05556714 0.8643643 -0.4997866 -0.05593925 0.8639723 -0.5004225 -0.1662957 0.8624938 -0.4779646 -0.1657863 0.8629558 -0.4773073 -0.2664278 0.8576403 -0.4398514 -0.2738106 0.8516423 -0.4469153 -0.3820426 0.8416488 -0.3816683 -0.3568958 0.8591764 -0.3666626 -0.4400038 0.8431563 -0.3090054 -0.4553517 0.8323574 -0.3159686 -0.5180578 0.823543 -0.2310695 -0.5317934 0.8136138 -0.2350071 -0.5872047 0.7983144 -0.1337345 -0.5795185 0.8040214 -0.1330719 -0.6127175 0.7889878 -0.04556143 -0.6117748 0.762777 0.2095305 -0.5970679 0.7525195 0.277893 -0.6224296 0.7242628 0.2966898 -0.5798854 0.7134521 0.3933437 -0.5886994 0.7012171 0.4021539 -0.5308668 0.6866689 0.4966552 -0.5320374 0.684444 0.4984704 -0.447235 0.6781983 0.5831192 -0.4448677 0.6885014 0.5727639 -0.3776924 0.6900345 0.6174148 -0.1521608 0.6439676 0.7497686 -0.0592978 0.6442852 0.7624831 -0.05684065 0.6382638 0.7677165 0.05554735 0.641333 0.7652493 0.05607032 0.6404775 0.7659274 0.1468266 0.6461105 0.7489881 0.3765319 0.6825667 0.6263597 0.4407665 0.6857877 0.5791547 0.4559268 0.6733772 0.5819742 0.5174018 0.6952834 0.4988751 0.5317877 0.6840828 0.4992321 0.578042 0.7014023 0.4170159 -0.7346825 0.6752651 -0.06525915 -0.7514945 0.6590367 0.03044247 -0.4116134 0.5502515 0.7264969 -0.3127802 0.5450273 0.7778907 -0.3129102 0.5457859 0.7773063 -0.2110803 0.5440619 0.8120602 0.2103168 0.5403739 0.8147165 0.3041961 0.5513067 0.7768692 0.3147329 0.5393435 0.7810581 0.4087128 0.5537301 0.7254908 0.6757265 0.6156632 0.4054041 0.7015479 0.6307336 0.3316712 0.8547721 0.5186277 0.01975208 0.8584126 0.5127937 0.01306241 0.8344601 0.5387597 -0.1158205 0.8446004 0.5169234 -0.1394292 0.7907921 0.545423 -0.2777801 0.7916588 0.5423762 -0.2812554 0.7160535 0.5657827 -0.4088489 0.7161672 0.5647546 -0.4100694 0.6173128 0.5880683 -0.5225904 0.6182465 0.6181396 -0.4854635 0.4881154 0.6390357 -0.5944551 0.4872486 0.6047782 -0.6299462 0.3684462 0.6212267 -0.6916103 0.378985 0.64887 -0.6598017 0.2204748 0.6606365 -0.7176004 0.209761 0.6261034 -0.7509959 0.07632756 0.6346127 -0.7690519 0.0954045 0.66336 -0.7421938 -0.07370495 0.665148 -0.7430651 -0.0937103 0.6282879 -0.7723165 -0.2251535 0.6290009 -0.7440859 -0.2305719 0.622385 -0.7479797 -0.3684909 0.6180961 -0.6943858 -0.3733377 0.6124264 -0.6968163 -0.5001159 0.6051653 -0.6194024 -0.5041344 0.6005358 -0.620649 -0.6172128 0.5872264 -0.5236541 -0.6196206 0.5843542 -0.5240235 -0.7141985 0.5686777 -0.4080763 -0.7192201 0.5623988 -0.4079586 -0.7905941 0.5452202 -0.2787399 -0.7939929 0.5406224 -0.2780333 -0.8361188 0.5248802 -0.1593937 -0.8344494 0.5494279 0.04269975 -0.8329721 0.5307668 0.1563461 -0.8693374 0.4617098 0.1762854 -0.8439602 0.4400659 0.3067135 -0.8284965 0.4821873 0.2847616 -0.7708763 0.4557428 0.4450262 -0.7847412 0.4115962 0.4634329 -0.7159845 0.39208 0.5776154 -0.716246 0.3893017 0.5791683 -0.6176172 0.3730845 0.6923562 -0.6174721 0.3695991 0.694352 -0.5192388 0.3599712 0.7751206 -0.2036795 0.3311573 0.9213303 -0.07639414 0.3305056 0.9407072 -0.07325094 0.3245514 0.9430274 0.0756306 0.3297897 0.9410201 0.07747048 0.3268836 0.941884 0.2031043 0.334067 0.9204064 0.5205119 0.3560981 0.7760551 0.6173691 0.3722941 0.6930027 0.6178828 0.3716922 0.6928678 0.7148141 0.3933446 0.578205 0.7170985 0.3906586 0.5771964 0.7812003 0.4118537 0.4691511 0.8390602 0.4685098 0.276544 0.8569145 0.488977 0.1630927 0.8583021 0.487159 0.1612259 -0.9039102 0.4006295 -0.1498085 -0.9236131 0.3819093 -0.03292769 -0.5133504 0.227289 0.8275331 -0.3928334 0.2175568 0.8935049 -0.3920624 0.2143912 0.894608 -0.2596764 0.2112304 0.942311 0.263172 0.2081454 0.9420276 0.3921426 0.2190213 0.8934505 0.3945984 0.2148413 0.8933842 0.5154953 0.2315062 0.8250269 0.8507075 0.3005493 0.4312388 0.8911101 0.320088 0.3216625 0.6666458 0.3627564 -0.6511461 0.573628 0.3778863 -0.7267414 0.3851546 0.3953237 -0.8338916 0.2718551 0.4037232 -0.8735573 0.05772989 0.4089535 -0.9107273 -0.06202042 0.409808 -0.9100609 -0.9675089 0.2515466 -0.02551329 -0.9672675 0.2326781 0.1012649 -0.9294784 0.1920631 0.3149317 -0.8888571 0.1755887 0.4232043 -0.2293221 -0.2626066 0.9372562 -0.1551472 -0.3439078 0.9260976 -0.3730771 -0.4056957 0.8344007 -0.1392047 0.1187579 0.9831169 0.006482779 -0.030456 0.9995152 -0.1391065 -0.555976 0.8194755 -0.7596966 0.4315481 0.4864438 -0.8411851 0.4412155 0.3126286 -0.8817268 -0.4685291 0.05512273 -0.8855838 -0.4622935 0.0450142 -0.9014346 -0.4314628 0.035434 -0.9414976 -0.3322217 0.05666643 -0.9719374 -0.2343912 0.01996898 -0.9819544 -0.1889469 0.008036971 -0.9906418 -0.136361 0.005879759 -0.9991079 -0.04201805 0.004258513 -0.999853 0.01617974 0.005681276 -0.9978153 0.06599712 0.003032267 -0.986153 0.1648043 0.01848644 -0.9759773 0.2173262 0.01541775 -0.9487154 0.3112774 0.0551877 -0.9634324 0.2675301 0.01501965 -0.9103838 0.4118765 0.03948688 -0.8830695 0.4677993 0.03677284 -0.8860261 0.4614934 0.04451644 -0.8826218 0.4589697 0.101615 -0.8804976 0.4650913 0.09172809 -0.8647962 0.4602494 0.200744 -0.8611102 0.4730474 0.1863206 -0.8693259 0.4741237 0.1395682 -0.8710286 0.46937 0.1449178 -0.8518014 0.4608721 0.2490607 -0.8505423 0.4721153 0.2317004 -0.8290823 0.4709892 0.3013172 -0.829509 0.4791359 0.2869562 -0.8318338 0.4824363 0.2744227 -0.8335863 0.4736275 0.2842729 -0.8502544 0.3896343 0.3539106 -0.847437 0.4097089 0.3376231 -0.8529617 0.418259 0.3122752 -0.8531098 0.4175425 0.312829 -0.8616889 0.3682702 0.3490979 -0.8615831 0.3634728 0.3543477 -0.8504763 0.3608933 0.3826829 -0.832843 0.3618614 0.4188423 -0.8462661 0.3577626 0.3947656 -0.8439611 0.3473147 0.4087817 -0.7943121 0.37912 0.4746963 -0.8225923 0.3615392 0.4388979 -0.821026 0.3601825 0.4429276 -0.7306345 0.4214144 0.5371994 -0.7674152 0.4226359 0.4821336 -0.7928436 0.4000872 0.4597057 -0.7028683 0.4995144 0.5064205 -0.7030829 0.4981673 0.5074484 -0.7303901 0.4703072 0.4953195 -0.6714608 0.5016256 0.5454469 -0.6842836 0.4992996 0.5314658 -0.6736108 0.4837919 0.5587432 -0.6360868 0.4898497 0.5961887 -0.6474757 0.5013276 0.5739737 -0.6346077 0.5045897 0.5853737 -0.5825467 0.5103619 0.6325901 -0.6067107 0.503314 0.6152863 -0.5954142 0.4948493 0.6329346 -0.5629284 0.502968 0.6558467 -0.5504743 0.5083333 0.6622502 -0.4966207 0.5155019 0.6983021 -0.5153506 0.5047061 0.6925933 -0.4620168 0.5160036 0.7213051 -0.4534049 0.5049226 0.7344911 -0.4084906 0.5084988 0.7580004 -0.4132986 0.5136138 0.7519209 -0.3098521 0.5128759 0.8005935 -0.3639529 0.5143364 0.7765285 -0.3601169 0.510735 0.7806828 -0.2715954 0.5195305 0.8101384 -0.2239358 0.5171889 0.8260561 -0.2100478 0.5250492 0.8247444 -0.1371958 0.551083 0.8230947 -0.1081216 0.5542955 0.8252674 -0.1065913 0.5495134 0.8286576 -0.07134163 0.5665563 0.8209289 -0.02699804 0.5736542 0.8186525 -0.0535407 0.5669002 0.8220449 -0.04664856 0.5604702 0.8268598 -1.38769e-4 0.6074148 0.7943848 0.003047466 0.6237925 0.7815842 0.01006394 0.6289127 0.7774108 0.007114529 0.6494055 0.7604091 0.009663701 0.6293788 0.7770386 0.009619176 0.6026874 0.7979194 0.007612884 0.4706707 0.8822761 0.008016765 0.4746169 0.880156 0.008277773 0.4193357 0.9077936 0.007238566 0.39817 0.9172831 0.008756041 0.3622831 0.9320271 0.008426725 0.3249373 0.9456981 0.00861752 0.324406 0.9458788 0.02514898 0.3098524 0.950452 0.02501583 0.3099284 0.9504309 0.01212102 0.2697169 0.9628635 0.01199722 0.2458195 0.9692414 0.02278089 0.2335935 0.9720675 0.05089449 0.2191884 0.9743543 -0.01793962 0.1815176 0.9832241 0.03402179 0.1545754 0.9873951 -0.06541186 0.09768825 0.9930652 0.0848053 0.128029 0.988138 0.01146537 0.08555132 0.9962679 0.04866021 0.04076284 0.9979833 0.02329951 0.03180766 0.9992225 0.03949761 -0.03014403 0.9987649 0.03068214 -0.03247606 0.9990015 -0.01127672 -0.09456825 0.9954545 -0.07117104 -0.178185 0.9814199 0.05306988 -0.1132733 0.9921456 0.02229285 -0.2443379 0.9694339 0.06872183 -0.1515865 0.9860522 0.008887052 -0.1943666 0.9808888 0.04702007 -0.2342546 0.9710376 0.01216942 -0.2593723 0.9657008 0.01385587 -0.2966625 0.9548819 -0.04927617 -0.3476135 0.9363422 0.02743762 -0.3128605 0.9494028 0.008302152 -0.3269046 0.9450209 0.008813023 -0.3257302 0.9454218 0.007872939 -0.3919044 0.9199723 0.007517933 -0.3968388 0.9178577 0.00888729 -0.4750243 0.8799279 0.006834208 -0.4964724 0.8680257 0.008677303 -0.4437291 0.896119 0.009565353 -0.5966547 0.8024411 0.009571909 -0.6293136 0.7770925 0.007673263 -0.6443001 0.7647344 0.0104584 -0.6287203 0.7775613 0.007314205 -0.6171745 0.7867925 -9.80912e-4 -0.6242319 0.7812386 -0.03423243 -0.5777778 0.8154761 -0.01639771 -0.6040818 0.7967537 -0.04518735 -0.5835474 0.8108211 -0.03836154 -0.5712516 0.8198782 -0.02573764 -0.5732803 0.8189551 -0.0703122 -0.561409 0.824546 -0.07064211 -0.5620083 0.8241095 -0.1100151 -0.5400894 0.8343862 -0.09862321 -0.5614224 0.8216317 -0.164748 -0.5237624 0.8357818 -0.1783884 -0.5431342 0.8204773 -0.2178913 -0.526837 0.8215633 -0.2681292 -0.5158079 0.8136639 -0.4666745 -0.5098433 0.7226859 -0.5618242 -0.5057517 0.6546517 -0.5636129 -0.5078797 0.651459 -0.6096878 -0.5059028 0.6101993 -0.6070032 -0.5025592 0.6156146 -0.648618 -0.4988538 0.5748389 -0.6909738 -0.5005771 0.521515 -0.6863527 -0.4948826 0.5329272 -0.6526996 -0.5041733 0.5655021 -0.7205348 -0.4898915 0.4907506 -0.7558099 -0.4917246 0.4323868 -0.7507994 -0.4851751 0.4482247 -0.725615 -0.4961693 0.4767587 -0.777514 -0.4806113 0.4055674 -0.8009352 -0.4762258 0.3629214 -0.7822633 -0.4873415 0.388024 -0.8212943 -0.4722903 0.3200273 -0.8054509 -0.4831596 0.3432282 -0.8254954 -0.4794273 0.297837 -0.8388349 -0.4688535 0.2766451 -0.8427675 -0.4762831 0.2507936 -0.8537415 -0.4658999 0.2325145 -0.8659452 -0.4637249 0.1873446 -0.8575866 -0.4725978 0.2029693 -0.8685633 -0.4706671 0.1551465 -0.8755072 -0.4623161 0.1405388 -0.8825751 -0.4610986 0.09191966 -0.876676 -0.4691868 0.1063159 0.003313541 0.1886074 0.9820471 0.008763968 0.2229422 0.9747923 0.007133305 0.2410494 0.9704867 0.007535457 0.252568 0.9675499 0.007610201 0.3104534 0.9505582 0.00347954 0.2786863 0.9603759 0.00608015 0.1343405 0.9909166 0.006667196 0.1280989 0.9917391 0.006633102 0.04487103 0.9989708 0.004766166 0.02995634 0.9995399 0.00718367 0.07328188 0.9972854 0.006409227 -0.1305935 0.9914154 0.006996989 -0.06843829 0.9976309 0.007850408 -0.1883067 0.9820789 0.007547676 -0.2719781 0.9622738 0.007565557 -0.2627081 0.9648458 0.006965517 -0.2380757 0.9712216 -0.8614127 0.3627808 0.3554693 -0.8777183 0.3694165 0.3051919 -0.8766916 0.3582229 0.3210734 -0.893125 0.3656217 0.2620086 -0.8928439 0.3555422 0.2764413 -0.9061425 0.3623512 0.2181913 -0.9064774 0.3533337 0.2312015 -0.9168377 0.3596404 0.1734002 -0.917674 0.3516254 0.1850249 -0.9252278 0.3575108 0.1270413 -0.9264444 0.3505404 0.137194 -0.9311633 0.3560332 0.078583 -0.9326668 0.3499884 0.08741146 -0.9343181 0.3540651 0.04108184 -0.9308605 0.3641337 0.03008878 -0.8529936 0.4215703 0.307702 -0.863751 0.4269016 0.2677488 -0.8639104 0.4155668 0.2845404 -0.8778198 0.4233477 0.2240742 -0.8786498 0.413293 0.2390894 -0.889427 0.4203936 0.1794123 -0.8907725 0.4116273 0.1925806 -0.8985809 0.4181424 0.1330769 -0.9002988 0.4105998 0.144465 -0.9051459 0.416558 0.08479672 -0.9071052 0.4101619 0.09448492 -0.9088385 0.4147434 0.04472571 -0.9978033 0.06617736 0.003055334 -0.9992279 0.03301954 0.02129209 -0.9974829 0.03258192 0.0629791 -0.997522 0.03325372 0.06200206 -0.9931438 0.03270381 0.1122317 -0.9932371 0.03342574 0.1111882 -0.9866793 0.03286951 0.1593224 -0.986842 0.03369122 0.1581386 -0.9782578 0.03312247 0.2047309 -0.9784911 0.03400987 0.2034662 -0.9678305 0.0334199 0.2493739 -0.9681451 0.03438115 0.2480182 -0.9553016 0.03375983 0.2936995 -0.9557074 0.03479474 0.2922546 -0.9404375 0.03413838 0.3382485 -0.9409456 0.03524994 0.3367176 -0.9229547 0.0345413 0.3833559 -0.9235824 0.03574723 0.38173 -0.9024889 0.03497183 0.429291 -0.9032318 0.03623551 0.4276207 -0.8786305 0.03538054 0.4761899 -0.8795246 0.03675258 0.4744322 -0.8510088 0.03580433 0.5239297 -0.8520314 0.03722763 0.5221654 -0.8191872 0.03616869 0.5723845 -0.820399 0.03770869 0.5705469 -0.7830991 0.03653442 0.620823 -0.7844247 0.03808718 0.6190536 -0.7425119 0.03678792 0.6688219 -0.7440513 0.03845989 0.6670147 -0.6980098 0.03704106 0.7151296 -0.6997168 0.03877574 0.7133672 -0.6498348 0.03723853 0.7591628 -0.6516917 0.03901988 0.7574796 -0.5993801 0.03740066 0.7995904 -0.6013616 0.03920787 0.7980145 -0.5474742 0.03753006 0.8359807 -0.5495765 0.03936356 0.8345156 -0.495624 0.03766721 0.86772 -0.4978033 0.03950566 0.8663898 -0.4450285 0.03782606 0.8947172 -0.3358064 0.01882153 0.941743 -0.4234456 0.02024149 0.9056953 -0.3988605 0.03806143 0.9162214 -0.4472046 0.03961223 0.8935541 -0.3264439 0.06204998 0.9431777 -0.3311043 0.09388601 0.9389118 -0.4148861 0.100607 0.9042942 -0.329518 0.05618548 0.9424761 -0.3961823 0.05945616 0.9162449 -0.3940974 0.1139356 0.9119793 -0.4419056 0.1184811 0.8892028 -0.4355584 0.1127326 0.8930736 -0.4922078 0.1180811 0.8624317 -0.4860196 0.1123078 0.8667017 -0.5437712 0.1177048 0.8309383 -0.5377459 0.1118756 0.8356513 -0.5953964 0.1172123 0.7948361 -0.5896911 0.1114434 0.7999031 -0.645614 0.1165753 0.7547138 -0.6403778 0.1109997 0.759997 -0.6935755 0.1158606 0.7110059 -0.6887449 0.1103891 0.7165507 -0.7379206 0.1148799 0.6650382 -0.7336415 0.1096894 0.6706255 -0.778388 0.1138027 0.6173825 -0.7746008 0.1088283 0.6230168 -0.8144039 0.1125388 0.5692815 -0.8111321 0.1078455 0.5748339 -0.846189 0.111182 0.5211551 -0.8433863 0.1067587 0.5265948 -0.8738082 0.109749 0.473724 -0.8714309 0.1055658 0.4790241 -0.8976914 0.1082623 0.427118 -0.8957003 0.1043196 0.4322481 -0.9182014 0.1067613 0.3814554 -0.9165831 0.1031047 0.3863226 -0.9357367 0.1053337 0.3366031 -0.9344298 0.1018943 0.3412604 -0.9506618 0.1039627 0.2922912 -0.9496613 0.1008151 0.2966139 -0.9632465 0.1027449 0.2481929 -0.9624927 0.09980118 0.2522848 -0.9737297 0.1016353 0.2037666 -0.9732094 0.09894454 0.2075416 -0.9821995 0.1006996 0.1585679 -0.9818846 0.09826588 0.1620075 -0.9887013 0.09997624 0.1116898 -0.9885635 0.09778159 0.1148087 -0.9930676 0.09945577 0.06265187 -0.9930821 0.09746927 0.06548184 -0.9948462 0.0987749 0.02290648 -0.9929614 0.1182844 0.006054341 -0.4092828 0.2723008 0.8708273 -0.2429619 0.1500163 0.9583656 -0.9730708 0.2286103 0.02950799 -0.9713557 0.2256518 0.07449537 -0.9707822 0.2300356 0.06830549 -0.9661567 0.2261816 0.1240289 -0.9658544 0.2311355 0.1170538 -0.9586546 0.2271233 0.1714537 -0.9586837 0.2326315 0.1637319 -0.9490053 0.228442 0.2172631 -0.9494302 0.234624 0.2086477 -0.9371579 0.2301855 0.262202 -0.9380471 0.2369975 0.252784 -0.9230491 0.2322644 0.3066489 -0.9244671 0.2396768 0.2965058 -0.9064171 0.2345614 0.3512678 -0.9084546 0.242648 0.3403416 -0.8870797 0.2370856 0.3960812 -0.8897926 0.2457687 0.3845347 -0.8646003 0.2396461 0.4416289 -0.8681063 0.2490286 0.4293905 -0.8386929 0.2422515 0.4877586 -0.8430625 0.2522972 0.4749649 -0.8089431 0.244746 0.5345189 -0.8142668 0.2554631 0.5212564 -0.7750399 0.2470365 0.5816237 -0.7814331 0.2584843 0.5679334 -0.7369306 0.2491036 0.6283954 -0.7444387 0.2612308 0.614467 -0.6944864 0.2508153 0.6743741 -0.7032068 0.2636762 0.6602841 -0.6484247 0.2522951 0.7182567 -0.6583167 0.2657735 0.704261 -0.5991219 0.253453 0.759483 -0.6101589 0.2674939 0.7457568 -0.5480355 0.2544817 0.7968038 -0.5601003 0.2689694 0.7835453 -0.4961001 0.2554466 0.8298384 -0.5089659 0.2701549 0.8172944 -0.4449128 0.2564832 0.8580611 -0.1459413 -0.03972059 0.9884955 -0.1459296 0.04175293 0.9884135 -0.3063727 0.2439953 0.9201099 -0.3009774 0.2192101 0.9280946 -0.2407224 0.2086263 0.947907 -0.188093 0.1422807 0.9717907 -0.1821247 0.1229347 0.9755603 -0.06302416 0.1516578 0.9864218 -0.06256741 0.1840381 0.9809258 -0.1105324 0.1906062 0.975424 -0.06617319 0.1023199 0.9925481 -0.1177244 0.1063108 0.9873394 -0.1059491 0.1216014 0.9869083 -0.1432885 0.1251465 0.9817367 -0.1445264 0.03967398 0.9887053 -0.9558385 0.2936784 0.01122182 -0.9540968 0.2884486 0.08060258 -0.9530814 0.2937833 0.07298803 -0.948422 0.2890069 0.1302724 -0.9476951 0.2951157 0.1215763 -0.9403345 0.2900797 0.1778339 -0.9399806 0.2969635 0.1680753 -0.9299696 0.2916374 0.2238397 -0.9300724 0.2993618 0.2129505 -0.9173023 0.2936744 0.2689089 -0.9179553 0.3022384 0.2569245 -0.9022677 0.2961297 0.3134011 -0.9035639 0.3055337 0.3003691 -0.884618 0.2988846 0.3579372 -0.8866592 0.3091233 0.3439162 -0.8641626 0.3018575 0.4026226 -0.8670659 0.3130015 0.3875911 -0.8405129 0.3049678 0.4478089 -0.8443819 0.3169751 0.4319096 -0.8133959 0.3080616 0.4934423 -0.8183556 0.3209803 0.4767241 -0.7824258 0.3110254 0.5395119 -0.7885947 0.3248657 0.5220927 -0.7473087 0.3137235 0.5857536 -0.7548229 0.3285369 0.5677201 -0.7080503 0.3161255 0.6314502 -0.7170179 0.3319143 0.6129586 -0.6645976 0.3181213 0.6760984 -0.6750733 0.3348501 0.6573823 -0.6177172 0.3197828 0.7184458 -0.6297169 0.3373892 0.6997322 -0.5678135 0.3210674 0.7579602 -0.5813176 0.3394846 0.7394729 -0.5164759 0.3222637 0.7933466 -0.5312925 0.341267 0.7754129 -0.4646501 0.323397 0.8243268 -0.48056 0.3427721 0.8071986 -0.4139184 0.3247181 0.8504291 -0.4306411 0.3442239 0.8343011 -0.3654415 0.3263824 0.871738 -0.2834764 0.3154074 0.9056265 -0.3411056 0.3305832 0.8799783 -0.334203 0.3324096 0.8819367 -0.3825569 0.3456484 0.8568416 -0.3955267 0.2577025 0.88156 -0.458373 0.2712556 0.8463538 -0.7384855 0.4452851 0.5063206 -0.71209 0.4353306 0.5508313 -0.7194942 0.4548559 0.5248183 -0.6739645 0.4381954 0.5947746 -0.6832779 0.4592245 0.5676657 -0.631899 0.4405917 0.6376384 -0.6432946 0.4631705 0.6096271 -0.58592 0.4423896 0.6789618 -0.5995544 0.4665735 0.6502645 -0.5370293 0.4438306 0.7173661 -0.5528948 0.4694507 0.688421 -0.4858078 0.4448441 0.7523993 -0.5038743 0.4717797 0.723557 -0.4339733 0.4458662 0.7828605 -0.4539974 0.4738019 0.7545848 -0.3825843 0.4470158 0.8085829 -0.404307 0.4756733 0.7811983 -0.3607925 0.4594784 0.8116086 -0.3161653 0.5174024 0.7951946 -0.3246213 0.4848551 0.8121187 -0.3601276 0.45965 0.8118066 -0.3185715 0.4444217 0.8372584 -0.2039032 0.3551536 0.9122989 -0.2525007 0.3693783 0.8943172 -0.2549489 0.383219 0.887775 -0.3055442 0.4001028 0.8640373 -0.2238095 0.4402146 0.8695518 -0.2236919 0.4332091 0.8730933 -0.1767796 0.4174222 0.8913517 -0.1762728 0.4111599 0.8943576 -0.1361229 0.3984174 0.907047 -0.2718796 0.5197793 0.8098834 -0.2835381 0.4684405 0.8367614 -0.2801085 0.4603741 0.8423746 -0.277139 0.4747958 0.8353222 -0.2699515 0.4588508 0.8465118 -0.1896241 0.368684 0.9100082 -0.1394899 0.356262 0.9239156 -0.1415519 0.3610612 0.9217364 -0.1008757 0.3498671 0.9313523 -0.04886263 0.3453618 0.9371968 -0.08743542 0.3547956 0.9308465 -0.0812155 0.360922 0.929053 -0.1121433 0.3690879 0.922604 -0.2626876 0.5371252 0.8015559 -0.1835047 0.5043017 0.8438044 -0.183721 0.5030078 0.8445293 -0.1432462 0.4869488 0.861604 -0.1442453 0.4789794 0.8658938 -0.1121531 0.4672078 0.8770056 -0.06710219 0.5577876 0.8272668 -0.08498495 0.5310998 0.8430365 -0.1098388 0.5413136 0.8336156 -0.03973084 0.4034459 0.9141406 -0.03911644 0.4233468 0.9051229 -0.07196372 0.4328722 0.8985783 -0.06502008 0.1084699 0.9919711 -0.06464862 0.1432437 0.9875738 -0.1019554 0.1472865 0.9838251 -0.1007082 0.202386 0.9741138 -0.1366773 0.2079702 0.9685391 -0.1300349 0.1971257 0.9717163 -0.1735416 0.2040767 0.9634501 -0.1777935 0.2136701 0.9605907 -0.2284707 0.2229806 0.9476712 -0.02826935 0.04399424 0.9986318 -0.02382278 0.2189639 0.9754421 -0.02610605 0.2326263 0.9722158 -0.05732291 0.2373613 0.9697287 -0.1003704 0.2736847 0.9565681 -0.05674886 0.2652642 0.9625043 -0.05366164 0.2797185 0.9585812 -0.02566415 0.2747799 0.9611647 -0.01954859 0.3048796 0.9521903 -0.04483968 0.3628735 0.930759 -0.04421323 0.3846874 0.9219874 -0.06961482 0.3915542 0.9175179 -0.06740319 0.4368467 0.8970071 -0.09483909 0.4453532 0.890318 -0.08137977 0.4224843 0.9027095 -0.1165699 0.4339817 0.8933483 -0.1155013 0.4301072 0.8953588 -0.1601266 0.4455048 0.8808434 -0.1589304 0.4554836 0.8759428 -0.2032004 0.4719597 0.8578833 -0.2026482 0.4753809 0.856123 -0.2381937 0.4897305 0.838706 -0.231748 0.5211457 0.8214013 -0.08323788 0.3121463 0.9463806 -0.05305612 0.305471 0.9507222 -0.04948729 0.3215966 0.9455828 -0.02142536 0.3159747 0.9485258 -0.02087199 0.357546 0.9336624 -0.01409274 0.3887939 0.9212171 -0.01562601 0.397577 0.9174358 -0.01499706 0.4380644 0.8988185 -0.03420597 0.4430925 0.8958231 -0.03361487 0.461177 0.8866712 -0.05356705 0.467415 0.8824136 -0.05132049 0.5089846 0.8592445 -0.07470005 0.5171474 0.8526303 -0.05909496 0.4912163 0.8690307 -0.09048932 0.5029025 0.8595934 -0.08840095 0.4955824 0.8640505 -0.1274852 0.5109276 0.8501181 -0.1267098 0.5169306 0.8465976 -0.163319 0.5323163 0.8306421 -0.1657603 0.5178766 0.8392422 -0.1727244 0.5354722 0.8267018 -0.02148324 0.5338447 0.8453096 -0.02199608 0.5192678 0.8543286 -0.008169829 0.515205 0.8570281 0.03068286 0.577337 0.8159294 -0.008406519 0.5901781 0.8072293 -0.007905185 0.6042034 0.796791 -0.008282124 0.6052544 0.7959891 0.009410977 0.531211 0.8471873 0.007568597 0.5569276 0.8305267 0.006985723 0.5570333 0.8304609 0.007337331 0.6229484 0.7822286 0.009683489 0.6187016 0.7855663 -0.01489436 0.5683651 0.8226417 -0.01535505 0.5554621 0.8314002 -0.001163959 0.5510913 0.8344443 -2.19751e-4 0.5463105 0.8375827 0.004088282 0.5451764 0.8383115 0.003809332 0.4826572 0.8758011 0.002827823 0.3906678 0.9205274 0.002742707 0.3074737 0.9515527 0.001425564 0.3111749 0.9503517 0.001346707 0.2207573 0.9753279 3.34507e-4 0.2236715 0.9746646 2.74046e-4 0.1328309 0.9911388 -3.6457e-4 0.1346825 0.9908887 -3.96129e-4 0.04435724 0.9990157 -6.19024e-4 0.04500138 0.9989868 -6.19009e-4 -0.04500037 0.9989868 0.005574703 -0.04488903 0.9989765 -0.008049488 -0.6000296 0.7999374 -0.008395791 -0.5902932 0.8071454 0.08768534 -0.5568255 0.8259882 -1.84639e-4 -0.6044827 0.7966183 0.007554471 -0.6170817 0.7868629 -0.009788274 -0.4583285 0.888729 -0.01443064 -0.4711592 0.8819302 -0.01590931 -0.3770077 0.9260735 -0.0204029 -0.3899719 0.9206008 -0.02168101 -0.2950825 0.9552258 -0.03076189 -0.5190914 0.8541651 -0.03309583 -0.4569095 0.8888973 -0.04623156 -0.4453548 0.8941599 -0.04869383 -0.3763189 0.9252098 -0.05728751 -0.3677757 0.9281483 -0.05948382 -0.2952909 0.9535539 -0.0662592 -0.2878165 0.9553907 -0.0303201 -0.4540582 0.890456 -0.03223294 -0.3808476 0.9240759 -0.03904938 -0.3739485 0.9266271 -0.04072046 -0.2987071 0.9534757 -0.04613733 -0.2926432 0.955108 -9.00514e-4 -0.4679625 0.8837479 -0.00133872 -0.3960415 0.9182318 -0.005283594 -0.3868842 0.9221132 -0.005756378 -0.3025491 0.9531164 -0.02530878 -0.3058065 0.9517573 -0.02631115 -0.2115874 0.977005 -0.04750007 -0.2145575 0.9755557 -0.05143254 -0.2097607 0.9763991 -0.06805211 -0.2121854 0.9748572 -0.07294321 -0.2062833 0.9757698 0.005896866 -0.2232083 0.974753 3.33459e-4 -0.2236883 0.9746608 2.73223e-4 -0.1328459 0.9911367 -0.01142728 -0.1336044 0.9909689 -0.01157414 -0.04356342 0.9989837 -0.03225684 -0.04409319 0.9985066 -0.03228104 0.02121925 0.9992536 -0.05610918 0.02156674 0.9981918 -0.0671578 0.05359554 0.996302 -0.07885152 0.02065068 0.9966725 0.007087409 -0.3104986 0.9505474 0.001423954 -0.311159 0.9503569 0.001343369 -0.2207802 0.9753227 -0.01009303 -0.2219861 0.9749976 -0.01038151 -0.1305469 0.9913878 -0.03135043 -0.1321338 0.990736 -0.03168958 -0.04244238 0.9985963 -0.05527555 -0.043127 0.9975393 -0.05607098 -0.04201555 0.9975424 -0.07782465 -0.04267263 0.9960534 -0.07880043 -0.04131346 0.996034 -0.07715547 -0.1239565 0.9892836 -0.07421922 -0.12778 0.9890217 -0.05476862 -0.1260423 0.990512 -0.05239927 -0.1291519 0.9902395 -0.0296843 -0.1272006 0.9914328 -0.0290029 -0.2196078 0.9751571 -0.008410573 -0.2170718 0.9761194 -0.00799787 -0.3089815 0.9510345 0.002741098 -0.3074526 0.9515594 0.002827465 -0.3907415 0.9204961 0.003825604 -0.4827564 0.8757463 0.006065428 -0.1343514 0.9909152 -3.63185e-4 -0.1346927 0.9908874 -3.9611e-4 -0.04435509 0.9990158 -0.01193451 -0.04460841 0.9989333 -0.01193428 0.04461044 0.9989332 -0.01157367 0.04356533 0.9989836 -0.01142692 0.1335894 0.9909709 -0.01038259 0.1305318 0.9913898 -0.01009249 0.2219625 0.975003 -0.008414208 0.217058 0.9761225 -0.007999479 0.3090034 0.9510273 -0.005759 0.3025693 0.95311 -0.005222141 0.3976386 0.9175273 -0.001976966 0.3862929 0.9223741 -0.001444697 0.4681647 0.8836401 -0.007606983 0.4696314 0.8828298 -0.008836448 0.4763234 0.8792257 -0.02827745 0.4817586 0.8758476 -0.02771824 0.4981468 0.8666496 -0.0541628 0.5068294 0.8603433 -0.0353595 0.5386654 0.8417775 -0.03304702 0.5794445 0.8143414 -0.04094278 0.5776576 0.8152519 -0.9344657 -0.355588 0.01820188 -0.9332118 -0.3505971 0.0787242 -0.9307499 -0.3551034 0.08721339 -0.9275418 -0.3513464 0.1273651 -0.9242543 -0.3563975 0.1368757 -0.9194587 -0.3526461 0.1738864 -0.9152049 -0.3582894 0.1844691 -0.9090638 -0.354544 0.2188645 -0.9037038 -0.3607992 0.2305285 -0.8963309 -0.3570173 0.262925 -0.889778 -0.3638349 0.2755346 -0.8812207 -0.3599783 0.3063753 -0.8733247 -0.3673691 0.3199125 -0.8634871 -0.3633586 0.3498008 -0.8541858 -0.3712417 0.3640691 -0.8429736 -0.3670153 0.3933135 -0.8321509 -0.3753618 0.4082016 -0.8193212 -0.3708118 0.4372773 -0.8069025 -0.3795546 0.4526002 -0.7922877 -0.3746092 0.4816101 -0.7781329 -0.3837274 0.4972549 -0.7615196 -0.3782882 0.5262945 -0.7455358 -0.3877282 0.5420731 -0.7267317 -0.3817112 0.5711022 -0.7088664 -0.3913987 0.586784 -0.6879726 -0.3848016 0.6153222 -0.6682104 -0.3946646 0.6306622 -0.6451924 -0.3874344 0.6584994 -0.6235976 -0.3973723 0.6732171 -0.5991379 -0.3896799 0.6994166 -0.5758075 -0.3996202 0.7132667 -0.5502896 -0.3915461 0.7374776 -0.9228723 -0.384265 0.02544474 -0.9086253 -0.4145965 0.05009937 -0.907473 -0.4114213 0.0850023 -0.9044638 -0.416022 0.09418618 -0.9012981 -0.4121204 0.1334857 -0.8972591 -0.4173687 0.1439779 -0.8925652 -0.4134466 0.1799704 -0.8873013 -0.4193929 0.191849 -0.8813465 -0.4154726 0.2249691 -0.8747695 -0.4220339 0.2380455 -0.8676898 -0.4180772 0.2689348 -0.8596203 -0.4252668 0.283198 -0.8514927 -0.421244 0.3122721 -0.8418018 -0.429015 0.3275913 -0.8325941 -0.4248573 0.355364 -0.821204 -0.4331191 0.3715267 -0.8108275 -0.4287579 0.3984036 -0.7975957 -0.437471 0.4152836 -0.7858835 -0.4328053 0.4416636 -0.7706657 -0.4419203 0.4591089 -0.7574872 -0.4368772 0.4851305 -0.7401978 -0.4463071 0.5029088 -0.725365 -0.4407874 0.5287269 -0.7059382 -0.4504398 0.5465852 -0.6893026 -0.4443604 0.5721939 -0.667706 -0.454133 0.5898575 -0.6494038 -0.4475002 0.6148321 -0.6255339 -0.4573447 0.6320944 -0.6056709 -0.4501552 0.6561426 -0.5796675 -0.4599348 0.6726408 -0.5588895 -0.4523791 0.694979 -0.2860562 -0.45635 0.8425655 -0.2720325 -0.5190143 0.8103225 -0.3641235 -0.5125053 0.7776583 -0.3644258 -0.5127665 0.7773445 -0.3775886 -0.4661625 0.8000748 -0.3604775 -0.4596708 0.8116397 -0.3606247 -0.4600459 0.8113617 -0.2323033 -0.518632 0.8228342 -0.2381541 -0.4900223 0.8385469 -0.1890493 -0.47 0.8621835 -0.197088 -0.5083507 0.8382934 -0.1310481 -0.4821633 0.8662246 -0.1394939 -0.5157139 0.8453288 -0.0883733 -0.4958102 0.8639227 -0.09649425 -0.5242044 0.8461079 -0.0584464 -0.5116767 0.8571879 -0.05779403 -0.5095894 0.8584747 -0.05517596 -0.5454203 0.8363447 -0.08242601 -0.5561472 0.8269862 -0.07370322 -0.5265501 0.8469433 -0.1227098 -0.5466796 0.8283018 -0.1136326 -0.5115526 0.8517051 -0.1775748 -0.538412 0.8237594 -0.1689545 -0.4981327 0.8504812 -0.2431773 -0.5296921 0.8125831 -0.3109949 -0.402442 0.8610011 -0.2792906 -0.4279389 0.8595726 -0.2260537 -0.4091214 0.8840359 -0.3632085 -0.340093 0.8674194 -0.3527084 -0.3989876 0.8464075 -0.3260237 -0.4074251 0.8530612 -0.3185347 -0.4446247 0.8371647 -0.2692191 -0.4805684 0.8346107 -0.2582328 -0.3436676 0.902889 -0.2494632 -0.4084953 0.878009 -0.1777473 -0.3855512 0.9054039 -0.1705439 -0.4489285 0.877142 -0.1154899 -0.4300757 0.8953754 -0.1343094 -0.4192786 0.8978679 -0.1391854 -0.3600161 0.9225052 -0.1975669 -0.3769892 0.9049013 -0.2035011 -0.3162733 0.9265843 -0.2782113 -0.3360224 0.8998264 -0.1225076 -0.4555263 0.8817526 -0.1277827 -0.3954508 0.9095551 -0.1846118 -0.4134721 0.8916049 -0.1912063 -0.3513376 0.9165163 -0.2645097 -0.3727788 0.8894216 -0.2723481 -0.309645 0.911014 -0.9580946 -0.2854841 0.02352857 -0.955896 -0.2918203 0.03322339 -0.9546183 -0.2887195 0.07310926 -0.952773 -0.2928345 0.08044677 -0.9494311 -0.2893789 0.1218212 -0.9469102 -0.294015 0.1300635 -0.9419115 -0.2905792 0.1684239 -0.9386391 -0.2957163 0.1775066 -0.9322116 -0.2922865 0.2134246 -0.9280787 -0.2979529 0.2233696 -0.9202976 -0.2944803 0.2575533 -0.9152083 -0.3006704 0.2683115 -0.9060904 -0.2971149 0.3012027 -0.8999805 -0.3037834 0.3126513 -0.8893779 -0.3000599 0.3449218 -0.8821474 -0.3071973 0.3569958 -0.869966 -0.30326 0.3888348 -0.861508 -0.3108581 0.4014616 -0.8474548 -0.306603 0.4333763 -0.8376877 -0.3146187 0.4464241 -0.8215585 -0.3099794 0.4784921 -0.8104208 -0.318361 0.4917973 -0.7919295 -0.3132396 0.5241457 -0.7793329 -0.3219616 0.5375694 -0.7582427 -0.3162736 0.5701221 -0.7441204 -0.325291 0.5834986 -0.7205176 -0.3190326 0.6156888 -0.7048066 -0.328318 0.6288523 -0.6785754 -0.3214205 0.6604728 -0.6613357 -0.3308818 0.673166 -0.6331588 -0.3234861 0.7031833 -0.6144698 -0.3330524 0.7151944 -0.5846572 -0.3252008 0.7432499 -0.5647101 -0.3347759 0.7543393 -0.5344239 -0.3267437 0.7795062 -0.9731597 -0.2287976 0.02473461 -0.9717267 -0.225979 0.06841647 -0.9704546 -0.2295214 0.07441657 -0.9669204 -0.2265671 0.1171849 -0.9651385 -0.2305521 0.1239087 -0.9598658 -0.2276088 0.1638658 -0.9575197 -0.2320138 0.1712481 -0.9507192 -0.2290636 0.2089566 -0.9477476 -0.2338835 0.2169633 -0.9394598 -0.23088 0.253199 -0.9357888 -0.2361246 0.2618099 -0.9260165 -0.2330352 0.2969652 -0.9215533 -0.2387254 0.3061859 -0.9101119 -0.2354793 0.3409484 -0.90481 -0.2415685 0.3506618 -0.8915643 -0.2381219 0.3852415 -0.88536 -0.2445904 0.3953648 -0.8699654 -0.2408486 0.430293 -0.862786 -0.2476803 0.4407436 -0.8450219 -0.2435885 0.476028 -0.8367741 -0.250785 0.4867402 -0.8163334 -0.2462657 0.522449 -0.8069432 -0.2538105 0.5333132 -0.7835347 -0.2487804 0.5693696 -0.7729586 -0.256635 0.5802359 -0.746562 -0.2510723 0.6161233 -0.7348371 -0.2591512 0.6267817 -0.7053693 -0.2530087 0.6621486 -0.6923737 -0.2613539 0.6725422 -0.660463 -0.2547256 0.706331 -0.6463304 -0.2632297 0.7162173 -0.6122341 -0.2561352 0.7480403 -0.597106 -0.2647134 0.7572261 -0.5620412 -0.257375 0.7860458 -0.5460851 -0.2659564 0.7943918 -0.5108078 -0.2585065 0.8199084 -0.2850657 -0.2749728 0.9182199 -0.3453555 -0.2892929 0.8927706 -0.3401765 -0.32768 0.8814226 -0.3434847 -0.3346641 0.8775069 -0.3152242 -0.3605723 0.8778504 -0.309069 -0.3982372 0.8636456 -0.2427814 -0.3768165 0.8939054 -0.233137 -0.4431486 0.8656018 -0.1631698 -0.4189099 0.893247 -0.4145822 -0.5116977 0.7525206 -0.4140403 -0.5111889 0.7531645 -0.4284546 -0.4648795 0.7747993 -0.40925 -0.4576742 0.7893344 -0.4227594 -0.4042214 0.8110979 -0.3999888 -0.3967974 0.8261724 -0.4114516 -0.3387249 0.8461519 -0.3849139 -0.3314692 0.8613766 -0.3940827 -0.2689679 0.8788374 -0.3700456 -0.2637551 0.8907859 -0.4635758 -0.5117805 0.7233106 -0.4799853 -0.4635365 0.7448141 -0.4594173 -0.4559125 0.7622858 -0.4740902 -0.402868 0.7829023 -0.449447 -0.3949192 0.8012716 -0.4618971 -0.3374715 0.820222 -0.4332895 -0.3297275 0.838773 -0.4432783 -0.2679703 0.8553926 -0.4107812 -0.2609652 0.873588 -0.4182258 -0.1946362 0.8872451 -0.9860793 -0.1641175 0.02670568 -0.9846196 -0.1622408 0.06482422 -0.9838423 -0.1650542 0.06936609 -0.9800874 -0.1627558 0.1137517 -0.978978 -0.1658498 0.1187266 -0.9733797 -0.1635479 0.1605741 -0.9718999 -0.1669251 0.1659717 -0.9646749 -0.1646164 0.2056787 -0.9627429 -0.1683653 0.2116113 -0.9538989 -0.1660047 0.250039 -0.9514883 -0.1700753 0.2564069 -0.9409976 -0.1676374 0.293975 -0.9380643 -0.17202 0.3007401 -0.9257034 -0.169446 0.3381736 -0.9221876 -0.1741496 0.3453146 -0.9078061 -0.1714023 0.3827654 -0.9036577 -0.1764185 0.39023 -0.8868871 -0.1734322 0.4281967 -0.882045 -0.178762 0.4359368 -0.8626098 -0.175485 0.474457 -0.8570458 -0.1810896 0.4823682 -0.8345903 -0.1774659 0.5215027 -0.8282462 -0.183338 0.5295236 -0.8024426 -0.1793014 0.5691547 -0.7952609 -0.185446 0.5772088 -0.7660876 -0.1809751 0.6167317 -0.75801 -0.1873945 0.6247434 -0.7253557 -0.1824501 0.6637553 -0.7164324 -0.1890679 0.6715489 -0.6808125 -0.1837039 0.7090468 -0.67106 -0.1904954 0.7165124 -0.6327904 -0.1847255 0.751966 -0.62228 -0.1916399 0.7589743 -0.5825722 -0.1856227 0.7912988 -0.5714714 -0.1925718 0.7977072 -0.5311141 -0.1864045 0.8265417 -0.5195811 -0.19332 0.8322638 -0.4798805 -0.1871936 0.8571308 -0.2200007 -0.3014892 0.9277414 -0.2244983 -0.2443988 0.9433291 -0.3012923 -0.2602021 0.9173428 -0.3061788 -0.2037082 0.9299234 -0.1590615 -0.2871736 0.9445797 -0.1579734 -0.2832896 0.9459341 -0.1727369 -0.2510024 0.9524495 -0.1296947 -0.2069299 0.9697213 -0.1268332 -0.2764949 0.952609 -0.1165644 -0.2875035 0.95066 -0.1142061 -0.3333265 0.9358688 -0.09867101 -0.3653709 0.9256177 -0.184677 -0.1745873 0.9671679 -0.2439933 -0.1831644 0.9523226 -0.2403811 -0.1704404 0.9555978 -0.3182983 -0.1817079 0.9304131 -0.3145062 -0.1673746 0.934383 -0.9963105 -0.08547973 0.007654964 -0.9948568 -0.09885537 0.02208119 -0.9932489 -0.09762018 0.0626657 -0.9928905 -0.09942209 0.06545001 -0.9889032 -0.09793597 0.1117103 -0.9883522 -0.09992712 0.1147807 -0.9824225 -0.09844106 0.1586049 -0.981647 -0.1006481 0.1619851 -0.9739738 -0.09915167 0.2038238 -0.9729563 -0.1015523 0.2074687 -0.9635128 -0.1000136 0.2482748 -0.9622143 -0.1026349 0.2522096 -0.9509506 -0.1010355 0.2923781 -0.9493575 -0.103847 0.2965404 -0.9360555 -0.1021534 0.3366969 -0.9341028 -0.1052116 0.3411487 -0.918522 -0.1033959 0.3816108 -0.9162439 -0.1065989 0.3861787 -0.898046 -0.1046216 0.4272797 -0.8953418 -0.1080598 0.4320721 -0.8741869 -0.1058893 0.473904 -0.8710535 -0.1095216 0.4788224 -0.8465754 -0.107114 0.5213797 -0.8429785 -0.1109362 0.5263843 -0.8148042 -0.1082547 0.5695394 -0.8107135 -0.1122653 0.5745783 -0.778792 -0.1092922 0.6176879 -0.7741844 -0.1134822 0.622704 -0.7383085 -0.1101844 0.6654021 -0.7332094 -0.1145099 0.6702921 -0.6939819 -0.1109279 0.711396 -0.6883508 -0.1154158 0.7161371 -0.6460161 -0.1115466 0.7551295 -0.6399483 -0.1161192 0.7595939 -0.5957716 -0.1120621 0.7952977 -0.5893054 -0.1167036 0.7994371 -0.5441052 -0.1125189 0.831438 -0.5373781 -0.1171516 0.8351649 -0.4925426 -0.1129599 0.8629264 -0.4856689 -0.1175346 0.8662052 -0.4421873 -0.1134273 0.8897217 -0.3317064 -0.06098759 0.9414094 -0.5137078 -0.5092436 0.6904892 -0.5136224 -0.5091559 0.6906174 -0.5308958 -0.4619953 0.7104295 -0.5096471 -0.4542061 0.7307235 -0.525461 -0.401378 0.7501911 -0.5000275 -0.3932631 0.7715677 -0.5134844 -0.3362283 0.7894837 -0.4834654 -0.3281881 0.8115134 -0.4942916 -0.2669963 0.8272781 -0.4600309 -0.2596858 0.849079 -0.4681333 -0.1939929 0.862101 -0.4299557 -0.1880398 0.8830511 -0.4352604 -0.1179081 0.8925504 -0.4040301 -0.1149421 0.9074954 -0.3947847 -0.09906345 0.9134176 -0.32654 -0.09351938 0.9405454 -0.3105869 -0.221209 0.9244471 -0.2330884 -0.2076032 0.9500373 -0.2373424 -0.2231339 0.9454523 -0.1747591 -0.2121402 0.9614862 -0.1723666 -0.2039464 0.9636886 -0.1369982 -0.1983118 0.9705175 -0.1390588 -0.1247857 0.9823906 -0.2488376 -0.04071974 0.9676889 -0.2541724 -0.05718576 0.9654668 -0.2531079 -0.1021939 0.9620254 -0.2248187 0.2829551 0.9324125 -0.2796833 0.295887 0.9133609 -0.3703433 0.2570855 0.8926102 -0.3581491 0.2612283 0.8963755 -0.3918105 0.1837413 0.9015119 -0.3210189 0.1758088 0.9306118 -0.3173664 0.1411567 0.9377385 -0.252988 0.133274 0.9582459 -0.2489802 0.1018598 0.9631373 -0.1920477 0.09721422 0.9765589 -0.1929838 0.03886425 0.980432 -0.1946246 0.0413112 0.9800075 -0.1946433 -0.03893297 0.9801011 -0.1929678 -0.04125761 0.9803373 -0.1920557 -0.09722197 0.9765565 -0.3990736 -0.01985716 0.9167039 -0.3323438 -0.01876127 0.9429718 -0.330192 -0.01223069 0.9438346 -0.2590083 -0.01194971 0.9658012 -0.2489236 0.04070985 0.9676672 -0.257796 0.05928695 0.9643788 -0.3234413 0.1308242 0.937161 -0.386139 0.1379212 0.9120715 -0.3824439 0.1889464 0.9044533 -0.4291768 0.1962594 0.8816403 -0.4190033 0.1862204 0.8886834 -0.4790335 0.1955749 0.8557321 -0.4690371 0.1853994 0.8634995 -0.5301642 0.1948277 0.825208 -0.5205518 0.1846556 0.8336235 -0.5815488 0.1939724 0.7900481 -0.5725533 0.1840019 0.7989532 -0.6317354 0.192969 0.7507818 -0.6233817 0.1831817 0.7601578 -0.6796862 0.1916669 0.7080187 -0.6721849 0.1822988 0.7175895 -0.724251 0.1901397 0.6628027 -0.7175787 0.1811624 0.6725037 -0.7649743 0.1883368 0.6159088 -0.7591646 0.1798321 0.6255634 -0.8013641 0.1862984 0.5684264 -0.7963775 0.178276 0.5779278 -0.8335517 0.1840951 0.5208654 -0.8293045 0.1764976 0.5301911 -0.8616033 0.1817122 0.4739416 -0.858089 0.174635 0.4828932 -0.885923 0.1793255 0.4277648 -0.88304 0.1726873 0.4363707 -0.9068964 0.1769364 0.3824036 -0.904577 0.1707178 0.3906353 -0.924858 0.1745939 0.3378681 -0.923061 0.1688281 0.3456234 -0.9402164 0.1724059 0.2937165 -0.9388723 0.1670532 0.3010183 -0.953176 0.1703816 0.2498514 -0.9522489 0.165508 0.256572 -0.9640053 0.1686474 0.2055527 -0.9634338 0.1641993 0.2117402 -0.972781 0.1671891 0.160453 -0.972515 0.1631187 0.1661534 -0.9795489 0.1660103 0.1136866 -0.979551 0.162375 0.1188035 -0.9841324 0.1651782 0.06480503 -0.9843592 0.1619412 0.06937003 -0.9862212 0.1644564 0.01794338 -0.9993319 -0.03307276 0.0155611 -0.9975438 -0.03259074 0.06200337 -0.9974611 -0.03324341 0.06297826 -0.9932605 -0.03271812 0.1111908 -0.9931208 -0.03341317 0.1122262 -0.9868686 -0.03288263 0.1581428 -0.9866528 -0.03367704 0.1593177 -0.9785197 -0.03313916 0.2034721 -0.9782283 -0.03399628 0.2047287 -0.9681759 -0.03344184 0.2480263 -0.9677954 -0.03437376 0.2493805 -0.9557402 -0.03379291 0.2922648 -0.9552689 -0.03478682 0.2936857 -0.940981 -0.03417026 0.3367301 -0.9404072 -0.03522878 0.3382207 -0.9236204 -0.03456687 0.3817467 -0.922907 -0.03573739 0.3833609 -0.9032707 -0.03501504 0.42764 -0.9024481 -0.03622221 0.4292729 -0.8795673 -0.03542858 0.4744536 -0.8785933 -0.03672701 0.4761566 -0.8520748 -0.03584575 0.5221912 -0.8509639 -0.03719675 0.5239053 -0.8204433 -0.03621798 0.5705796 -0.8191454 -0.03766608 0.5723479 -0.7844698 -0.03657788 0.6190875 -0.7830513 -0.03804385 0.6207928 -0.7440972 -0.03683811 0.667055 -0.7424475 -0.0384261 0.6688013 -0.6997585 -0.03711253 0.7134149 -0.6979617 -0.03873813 0.7150866 -0.6517347 -0.03731465 0.7575286 -0.6497976 -0.03896886 0.7591078 -0.6014012 -0.0374698 0.7980681 -0.599331 -0.03915387 0.7995433 -0.5496135 -0.03760385 0.8345724 -0.5474238 -0.03931283 0.8359317 -0.4978349 -0.03775358 0.8664497 -0.4956049 -0.03943604 0.8676524 -0.4472325 -0.03789663 0.8936145 -0.4449918 -0.03954184 0.8946613 -0.4109162 -0.03845381 0.9108619 -0.3961842 -0.05945754 0.9162439 -0.3302287 -0.05622249 0.9422252 -0.3288796 -0.1014805 0.9389036 -0.2509388 -0.09514552 0.9633157 -0.1068114 -0.04219043 0.9933838 -0.1059483 -0.1216325 0.9869045 -0.1023451 -0.1262911 0.9866997 -0.1007093 -0.202408 0.9741092 -0.0946983 -0.2095798 0.973195 -0.09241056 -0.2823517 0.9548497 -0.08400946 -0.2914839 0.9528796 -0.08121657 -0.3607237 0.9291299 -0.07052928 -0.3711758 0.9258803 -0.06740063 -0.4367306 0.8970639 -0.05453079 -0.4478541 0.8924423 -0.05128031 -0.5091378 0.8591561 -0.03445369 -0.5217241 0.8524183 -0.03231495 -0.5723315 0.8193855 -0.01160609 -0.5795598 0.8148471 -0.01339685 -0.5369704 0.8434948 -0.0015648 -0.5279127 0.8492972 -0.008175492 -0.548465 0.8361335 0.006922781 -0.5445105 0.8387256 0.004158437 -0.5575895 0.8301064 0.007983446 -0.556899 0.8305419 0.008704423 -0.5475289 0.8367416 -0.3151224 -0.5139163 0.7978646 -0.3167576 -0.5152853 0.7963326 -0.3245757 -0.4851486 0.8119615 -0.2788032 -0.4667924 0.8392698 -0.2787863 -0.4668726 0.8392306 -0.2081049 -0.4402903 0.8734054 -0.2156412 -0.4765799 0.8522738 -0.1475787 -0.4512564 0.8801069 -0.1554591 -0.4830933 0.8616574 -0.1023219 -0.4636145 0.880109 -0.1098838 -0.4906465 0.8644025 -0.07752168 -0.4791675 0.8742934 -0.08013564 -0.4413447 0.8937523 -0.07993084 -0.4406592 0.8941089 -0.09736323 -0.4078536 0.9078414 -0.09975755 -0.369069 0.9240328 -0.1452223 -0.3820598 0.912656 -0.1496367 -0.3239148 0.9341778 -0.2093946 -0.3396486 0.9169475 -0.2146208 -0.2806212 0.9355157 -0.290484 -0.2984794 0.9091365 -0.2963487 -0.2396435 0.9245262 -0.3650793 -0.2538301 0.8957049 -0.3691139 -0.2148094 0.9042189 -0.3903176 -0.1902605 0.9008071 -0.3833851 -0.1773468 0.9064017 -0.386147 -0.1379816 0.9120591 -0.3212983 -0.1306317 0.9379248 -0.3243998 -0.1417554 0.9352381 -0.2463331 -0.1329228 0.9600269 -0.2492592 -0.1428359 0.9578455 -0.1860575 -0.135665 0.9731279 -0.1821305 -0.1229529 0.9755568 -0.1434108 -0.1191928 0.9824594 -0.1445095 -0.0417068 0.9886242 -0.108005 -0.0405339 0.9933238 -0.1080055 0.04053533 0.9933236 -0.1218181 0.02131938 0.9923235 -0.1066467 0.06327223 0.9922819 -0.06712162 0.06140619 0.9958534 -0.06643801 0.06515699 0.9956609 -0.03163123 0.06365829 0.9974704 -0.03147584 0.1060811 0.9938592 -0.02676796 0.1317764 0.990918 -0.02955085 0.1483495 0.9884935 -0.02924466 0.1907402 0.9812049 -0.06044739 0.1946595 0.9790065 -0.05992364 0.2247517 0.9725718 -0.09409707 0.2304513 0.9685236 -0.09240502 0.2824031 0.9548351 -0.1262044 0.2895683 0.9488006 -0.1171854 0.2744014 0.9544482 -0.1597085 0.2837284 0.9455112 -0.1619214 0.2888507 0.9435819 -0.2084509 0.3002525 0.9308044 -0.3042165 0.4003543 0.8643894 -0.3495272 0.4152181 0.8398957 -0.3290812 0.3911719 0.8594709 -0.3963521 0.413331 0.8197942 -0.3765641 0.3891615 0.8406859 -0.4454447 0.4116261 0.7950742 -0.4266299 0.3875889 0.817167 -0.4957146 0.4098828 0.7656783 -0.4782526 0.3863245 0.7886874 -0.5456697 0.4078553 0.732051 -0.529881 0.3851375 0.7555761 -0.5943872 0.4055527 0.6944286 -0.5804168 0.383853 0.7181736 -0.6403429 0.4027096 0.6540535 -0.6282789 0.3822088 0.6776297 -0.6831129 0.3994446 0.6113927 -0.6729056 0.3801775 0.6345576 -0.7219415 0.3956719 0.5676656 -0.7134843 0.3776327 0.590198 -0.7568603 0.3915234 0.5233278 -0.7500263 0.3747137 0.5450232 -0.7878178 0.38709 0.4790663 -0.78245 0.3714746 0.4997786 -0.7993586 0.3772747 0.4676427 -0.6143878 -0.7881782 0.03609341 -0.1122094 -0.6660369 0.7374306 -0.1079643 -0.4738602 0.8739566 0.007146656 -0.688709 0.7250027 0.001365959 -0.6739408 0.7387841 0.01119703 -0.7075517 0.706573 0.009301602 -0.6970469 0.7169653 0.01081281 -0.7424198 0.6698477 0.00962907 -0.7382711 0.6744354 -0.004020094 -0.8327413 0.5536479 -0.02752417 -0.8475114 0.5300633 -0.02624529 -0.807601 0.589145 -0.04392606 -0.8579502 0.5118516 -0.07066148 -0.8365852 0.5432607 -0.08438229 -0.8755641 0.4756757 -0.09318977 -0.8926743 0.440963 -0.09550911 -0.8904691 0.4449076 -0.1137222 -0.8948641 0.431608 -0.2459763 -0.9691348 0.01653951 -0.5022299 -0.8641986 0.03042894 -0.4948911 -0.8668761 0.0600723 -0.490444 -0.8693828 0.06031799 -0.4880257 -0.8683114 0.08869177 -0.4865276 -0.8691493 0.08871495 -0.4824648 -0.8680868 0.1168462 -0.4808582 -0.8689864 0.1167823 -0.475266 -0.8679232 0.1443321 -0.4737153 -0.8687929 0.1441974 -0.466481 -0.8677189 0.1716375 -0.4649515 -0.8685852 0.1714054 -0.4559218 -0.8674646 0.1990996 -0.4550333 -0.8679745 0.1989098 -0.4441145 -0.8668074 0.2267318 -0.4432601 -0.867305 0.226501 -0.4261741 -0.8655291 0.2631258 -0.4590744 -0.8463714 0.2700114 -0.4414894 -0.8457522 0.2996503 -0.4424266 -0.8451733 0.2999016 -0.4263562 -0.8446657 0.3236669 -0.1813686 -0.9052765 0.3841614 -0.1571124 -0.9086102 0.3869666 -0.1633911 -0.8966084 0.4115782 -0.1398308 -0.8986964 0.4156827 -0.1454883 -0.8848315 0.4426134 -0.1247873 -0.8844218 0.4496956 -0.3490022 -0.9369315 0.01889026 -0.2983559 -0.9541785 0.02296072 -0.3244697 -0.9451032 0.03872191 -0.2673728 -0.9623294 0.04933571 -0.3048989 -0.9510288 0.0508027 -0.2874124 -0.9551793 0.07089871 -0.2984804 -0.951739 0.0714308 -0.2855246 -0.9542504 0.08878093 -0.2827966 -0.955087 0.0885145 -0.2820855 -0.9534257 0.1068052 -0.2815348 -0.9535955 0.106742 -0.2890185 -0.9484496 0.1300458 -0.2740775 -0.9532217 0.127475 -0.2848708 -0.9466773 0.1505023 -0.2692263 -0.9517467 0.1472935 -0.2711718 -0.9479536 0.1668831 -0.2608363 -0.9513711 0.1638826 -0.2704722 -0.943329 0.1922893 -0.2551352 -0.9486145 0.1871805 -0.2600472 -0.9425938 0.2095052 -0.193037 -0.9172049 0.3485282 -0.1709821 -0.9205396 0.3512437 -0.4818963 -0.8758502 0.0257411 -0.3181293 -0.9105372 0.2640376 -0.3083389 -0.9073179 0.2858348 -0.3080399 -0.907463 0.2856964 -0.2899941 -0.904839 0.311721 -0.2947577 -0.9023978 0.3143187 -0.2718225 -0.9003401 0.3398531 -0.2761874 -0.8979276 0.3427048 -0.2434988 -0.8984699 0.3653223 -0.2673758 -0.8847314 0.3817862 -0.2417149 -0.8856385 0.3965076 -0.09384113 -0.8386261 0.5365633 -0.07646906 -0.822893 0.5630272 -0.7268461 -0.6856942 0.03896623 -0.4083002 -0.7118628 0.5714389 -0.3789334 -0.7121151 0.5910174 -0.06601202 -0.6881119 0.7225957 -0.03481853 -0.7196464 0.6934672 -0.03571695 -0.7153214 0.6978823 -0.01703333 -0.7269611 0.6864673 -0.0203588 -0.71449 0.6993495 -0.01169061 -0.7001405 0.7139095 -0.007725298 -0.7233734 0.6904138 8.05284e-4 -0.7273755 0.6862393 -0.8320286 -0.5526246 0.04831743 -0.7865242 -0.6153057 0.05271357 -0.7798713 -0.6189315 0.09340572 -0.7762498 -0.6233528 0.09416764 -0.7733657 -0.6187321 0.1381162 -0.7676442 -0.625615 0.1390266 -0.7648629 -0.6182302 0.1810426 -0.7566252 -0.6280271 0.181935 -0.7540254 -0.6177214 0.223307 -0.7441011 -0.6295592 0.223537 -0.7321991 -0.6274186 0.2650101 -0.7309199 -0.6289253 0.2649698 -0.7146273 -0.6290615 0.3059241 -0.7136447 -0.6302208 0.3058317 -0.6941726 -0.6311584 0.3460687 -0.6931849 -0.6323263 0.3459165 -0.6708818 -0.6335431 0.38541 -0.6559035 -0.6509799 0.3821202 -0.6334835 -0.6509153 0.4183396 -0.6307119 -0.6539976 0.4177197 -0.6015707 -0.6548724 0.457444 -0.6158755 -0.6383468 0.4617477 -0.572163 -0.647243 0.5036926 -0.5850555 -0.6310301 0.5094224 -0.5352173 -0.6477864 0.5421394 -0.5463855 -0.633348 0.5480267 -0.49348 -0.6492354 0.5787667 -0.505217 -0.633542 0.5859867 -0.4570015 -0.6460236 0.6113945 -0.4062868 -0.6419701 0.650235 -0.3657656 -0.6363319 0.6791887 -0.3626057 -0.6411579 0.6763384 -0.3262791 -0.624365 0.7097256 -0.3151068 -0.6423908 0.6985999 -0.2849181 -0.6158577 0.7345345 -0.2705662 -0.6406375 0.7185942 -0.243735 -0.6110249 0.7531546 -0.2299754 -0.637026 0.7357373 -0.2063162 -0.6105827 0.7646062 -0.06552666 -0.6916983 0.7192078 -0.6259688 -0.7788978 0.03849172 -0.624019 -0.7777178 0.0758633 -0.6249213 -0.7770006 0.07578545 -0.6188241 -0.7774742 0.1122088 -0.6190781 -0.7772736 0.1121966 -0.6111314 -0.7776961 0.147334 -0.6111804 -0.7776575 0.1473351 -0.6014664 -0.7780208 0.1814439 -0.6013835 -0.7780854 0.1814416 -0.5898197 -0.7783632 0.2150894 -0.5894954 -0.7786201 0.2150489 -0.5758632 -0.7787992 0.2487038 -0.5754468 -0.779131 0.2486281 -0.5597856 -0.7791658 0.2820299 -0.5593025 -0.7795572 0.2819069 -0.5442076 -0.7795608 0.3100372 -0.4804785 -0.7905582 0.3796815 -0.4587405 -0.7894509 0.4078289 -0.4592256 -0.7890565 0.4080464 -0.4298635 -0.7876831 0.4413307 -0.4311967 -0.7865366 0.4420744 -0.3984569 -0.7850064 0.4743386 -0.4005573 -0.7831088 0.4757042 -0.3694657 -0.7817656 0.5023323 -0.3176942 -0.7850493 0.5317594 -0.2862918 -0.7820091 0.5536235 -0.2891931 -0.7790475 0.5562846 -0.2523632 -0.7737621 0.5810381 -0.2538383 -0.7720885 0.5826196 -0.2180287 -0.7671 0.6033417 -0.220701 -0.763732 0.6066337 -0.1860649 -0.7601143 0.6225804 -0.1853497 -0.7611369 0.6215435 -0.1480237 -0.7593608 0.6336088 -0.1633683 -0.739257 0.6533069 -0.133768 -0.7361922 0.6634209 -0.1435377 -0.7220327 0.6768055 -0.1024827 -0.7129387 0.6936972 -0.1004343 -0.7185627 0.6881719 -0.06583106 -0.7169304 0.6940296 -0.04705721 -0.8121532 0.5815435 -0.04448866 -0.9893109 0.1388694 -0.05624347 -0.9174057 0.393959 -0.131033 -0.9847573 0.1143831 -0.1337786 -0.9826819 0.128217 -0.03847479 -0.9952837 -0.08905225 0.01557624 -0.7954015 -0.6058827 -0.004927277 -0.7659026 -0.6429378 0.005692422 -0.7967663 -0.6042608 0.03345751 -0.8157041 -0.5775011 0.07884615 -0.8385869 -0.5390319 0.03385221 -0.8690447 -0.4935741 0.01700294 -0.8439306 -0.5361828 0.05540555 -0.812474 -0.5803588 0.07651174 -0.9085172 -0.4107827 0.1234228 -0.8933764 -0.4320247 0.05389642 -0.8941326 -0.444547 0.1037409 -0.8664245 -0.4884122 0.1469892 -0.9173383 -0.3699793 0.1238374 -0.9189712 -0.3743746 0.1548311 -0.9381061 -0.3098134 0.1649528 -0.9526105 -0.2555856 0.1435562 -0.9546025 -0.2610087 0.1553416 -0.9658012 -0.2075982 0.1451619 -0.9745463 -0.1708438 0.1112309 -0.9790856 -0.1703499 0.1353667 -0.978232 -0.1572837 0.1088642 -0.9816567 -0.1565205 0.1001389 -0.9858213 -0.1346421 0.1309031 -0.9805854 -0.1460029 0.1094456 -0.9857164 -0.1280031 0.09426826 -0.9878772 -0.1233382 0.09170484 -0.9879093 -0.1250025 0.08119541 -0.9895301 -0.1193216 0.07440042 -0.9894736 -0.1241241 0.07182759 -0.9898442 -0.1226766 0.102389 -0.9851191 -0.138047 0.09974509 -0.9852066 -0.1393515 0.06960105 -0.9857707 -0.1530092 0.07501274 -0.9822209 -0.1720912 0.1006493 -0.9838114 -0.1482732 0.0949136 -0.9840813 -0.1502513 0.02951717 -0.9880304 -0.1514095 0.003414273 -0.9918599 -0.1272883 -0.002682089 -0.989679 -0.1432771 -0.02320867 -0.9941122 -0.1058414 -0.02437502 -0.9939171 -0.1073997 -0.04374623 -0.9980171 -0.04525685 -0.01768803 -0.9984489 -0.05279302 -0.02829283 -0.9975811 -0.06349432 -0.01538157 -0.9998684 -0.005172848 -0.05203443 -0.997002 0.05726653 -0.04613548 -0.9985617 0.02731299 -0.03890109 -0.9958165 0.08268129 -0.03462469 -0.9845726 0.1715171 0.002607524 -0.9823393 0.1870905 -0.04561042 -0.9925557 0.1129294 -0.03038883 -0.9720081 0.2329742 -0.02550441 -0.9742041 0.2242231 -0.02687942 -0.9589738 0.2822176 -0.02235972 -0.9610066 0.2756204 -0.0267561 -0.958948 0.282317 -0.02870637 -0.9464166 0.3216701 -0.04113692 -0.9477182 0.3164461 -0.03075146 -0.945413 0.3244207 -0.04939746 -0.943667 0.3271889 -0.06152182 -0.9473606 0.3142023 -0.06782609 -0.9464729 0.315577 -0.08444666 -0.9562467 0.2801092 -0.07415604 -0.9547093 0.2881512 -0.08213776 -0.9627889 0.2574704 -0.09215611 -0.9613218 0.2595533 -0.09998166 -0.9659118 0.2387849 -0.09961271 -0.971255 0.2161966 -0.1056361 -0.970216 0.2179949 -0.1066249 -0.9749538 0.195183 -0.1133574 -0.9736933 0.1976652 -0.1172204 -0.9768771 0.1788032 -0.1352304 -0.9846694 0.1101774 -0.1366128 -0.9861129 0.094437 -0.1356844 -0.9864544 0.09218204 -0.1380313 -0.9870159 0.08214128 -0.1360903 -0.9877673 0.07612717 -0.1406085 -0.9876101 0.06968277 -0.1383772 -0.9885237 0.06060349 -0.1400371 -0.9883997 0.05878537 -0.1374854 -0.9893748 0.04728025 -0.1407942 -0.9890153 0.04500901 -0.1403269 -0.9895702 0.03254556 -0.1365296 -0.9900528 0.03398787 -0.1437473 -0.9893172 0.0242508 -0.1375362 -0.9903663 0.01607531 -0.1466103 -0.9891529 0.009055674 -0.1282709 -0.9786027 0.1608834 -0.1287128 -0.9811794 0.1439452 -0.1316097 -0.9812339 0.1409221 -0.1332622 -0.9736908 0.1848447 -0.1148515 -0.9738269 0.196139 -0.1273232 -0.976946 0.1713629 -0.1211243 -0.9770838 0.1750324 -0.1204133 -0.9694353 0.2137663 -0.1115942 -0.9699416 0.2162407 -0.09119027 -0.9672721 0.2367894 -0.1083354 -0.9573586 0.267821 -0.09369838 -0.958451 0.2694296 -0.1149306 -0.9639333 0.2400494 -0.102045 -0.9647509 0.2425752 -0.0899837 -0.9473658 0.3072478 -0.09484934 -0.9540064 0.2843863 -0.07312548 -0.957651 0.2784913 -0.09077119 -0.9422482 0.3223804 -0.07668167 -0.9437686 0.3215911 -0.07380306 -0.9325531 0.353409 -0.06366264 -0.9344658 0.3503154 -0.03956508 -0.8932359 0.447844 -0.03122615 -0.8956841 0.4435932 -0.05720043 -0.9102884 0.4100039 -0.04503357 -0.9148218 0.4013394 -0.01209449 -0.8624517 0.5059949 -0.0257045 -0.8762489 0.4811727 -0.02063894 -0.8773416 0.4794226 -0.0123012 -0.8452149 0.5342852 -0.001022934 -0.8605768 0.5093198 0.006897509 -0.8338771 0.5519073 0.009970247 -0.8160061 0.5779574 0.01168459 -0.8029593 0.5959194 0.00975424 -0.7844203 0.6201531 0.008956074 -0.7955872 0.605773 0.004736959 -0.7596483 0.6503171 0.004035592 -0.8259697 0.5637001 0.006594359 -0.8449585 0.5347912 0.004867494 -0.87011 0.4928334 0.00136286 -0.8792668 0.4763277 0.001580059 -0.9061536 0.4229459 -5.71573e-4 -0.9108636 0.4127072 6.44949e-4 -0.9298987 0.3678151 0.004375278 -0.9528046 0.3035528 -0.004571497 -0.9436884 0.3308042 -0.004459023 -0.9440512 0.3297688 -0.008648574 -0.9745481 0.224012 -0.01747167 -0.9884529 0.1505179 -0.008241772 -0.9884239 0.1514936 -0.01947462 -0.9990727 0.0383985 -0.002022981 -0.9951685 0.09816056 -0.01020884 -0.9995571 -0.02795302 -0.01224118 -0.9994403 -0.03113341 -0.008945345 -0.9936906 -0.1117994 -0.01572889 -0.9922673 -0.1231188 -0.007588028 -0.9837151 -0.179575 -0.02028381 -0.9764692 -0.2147009 -0.009298443 -0.9712195 -0.2380048 -0.01368618 -0.9552124 -0.2956047 -0.01898485 -0.9525222 -0.3038769 -0.005156457 -0.9343908 -0.3562125 -0.002434253 -0.8983919 -0.4391881 -0.0105443 -0.8354405 -0.5494799 -0.02736073 -0.9922028 -0.121594 -0.02058893 -0.9886557 -0.1487822 0.1118929 -0.9747261 -0.1933625 0.1032803 -0.9796366 -0.1721785 0.07620316 -0.9757845 -0.2050307 0.06368583 -0.9829081 -0.1727305 0.03888452 -0.98446 -0.1712499 0.009706556 -0.9836794 -0.1796683 0.01895928 -0.9874055 -0.15707 0.03386038 -0.9750044 -0.2195903 0.05401659 -0.9826816 -0.1772543 0.0732187 -0.9663057 -0.2467643 0.097965 -0.9757508 -0.1957381 0.1074805 -0.9683308 -0.225352 0.1056417 -0.951014 -0.290538 0.0929259 -0.9665719 -0.2389636 0.06336635 -0.9533426 -0.2951651 0.04687112 -0.9757 -0.2140392 0.02261978 -0.9651609 -0.2606778 0.009227693 -0.9835998 -0.1801289 -0.005331873 -0.9753357 -0.2206623 -0.01608824 -0.9887868 -0.1484658 -0.03038436 -0.9835208 -0.1782239 -0.03726208 -0.9927068 -0.1146501 -0.04695338 -0.9895882 -0.1360548 -0.05069297 -0.9960211 -0.07329607 -0.05283319 -0.9953516 -0.08052295 -0.05549311 -0.9979148 -0.03296375 -0.05229067 -0.9984629 -0.01837354 -0.05499047 -0.9984703 -0.005775868 -0.04396933 -0.9610987 -0.2726833 -0.03780037 -0.9989471 -0.02599626 -0.04463148 -0.9930554 -0.1088531 -0.0414319 -0.9923067 -0.1166663 -0.04753923 -0.9802439 -0.1919953 -0.04614406 -0.9475124 -0.3163718 -0.05687326 -0.9664282 -0.2505634 -0.04038041 -0.9562961 -0.2895985 0.04359596 -0.9522579 -0.3021661 0.04213821 -0.9554894 -0.2920007 0.006020605 -0.9636747 -0.2670114 0.003819465 -0.9689983 -0.247038 -0.02215415 -0.9734863 -0.2276704 -0.02463793 -0.9800545 -0.1971959 -0.04168546 -0.9821547 -0.1833969 -0.04433441 -0.9895926 -0.1368981 -0.05537325 -0.9975801 0.04204785 -0.03024488 -0.9189254 -0.3932701 -0.03560209 -0.9320784 -0.3605031 -0.02602535 -0.9331744 -0.3584804 -0.02808678 -0.9163907 -0.3992984 -0.01897245 -0.917063 -0.3982908 -0.01592713 -0.9203829 -0.390694 -0.02454155 -0.919971 -0.3912177 -0.02502268 -0.8710001 -0.4906453 -0.008446216 -0.8792995 -0.4761943 -0.02154302 -0.8877281 -0.459864 -0.01367634 -0.8882947 -0.4590704 -0.02944183 -0.8971961 -0.4406499 -0.0101214 -0.89902 -0.4377906 -0.03065717 -0.9090678 -0.4155189 -7.45561e-4 -0.9122524 -0.409628 -0.025981 -0.9227427 -0.3845401 0.01269674 -0.9269427 -0.3749883 0.003683984 -0.803683 -0.5950464 -0.0061329 -0.8436566 -0.5368482 0.005576729 -0.8443569 -0.535752 -0.01453727 -0.8573654 -0.5145028 0.01651799 -0.8598517 -0.5102767 -0.01013076 -0.875048 -0.4839302 0.03307467 -0.8788139 -0.4760169 6.61459e-5 -0.8950961 -0.4458733 0.05302584 -0.8995368 -0.433615 0.01410549 -0.9158247 -0.4013304 0.07326847 -0.920069 -0.3848441 -5.3372e-4 -0.8231096 0.5678823 5.53785e-4 -0.8617007 0.5074166 0.004804432 -0.8081246 0.5889919 0.004618525 -0.8567812 0.5156596 -0.05024391 -0.992798 0.1087554 -0.05833071 -0.9974959 0.03999364 -0.06095284 -0.9978358 -0.02466994 -0.05907571 -0.9945769 -0.08559805 -0.05865341 -0.9864981 -0.1529092 -0.04990303 -0.9849227 -0.1656407 -0.0491259 -0.9770704 -0.2071719 -0.03315591 -0.9744519 -0.2221357 -0.03163057 -0.9650329 -0.2602136 -0.007486343 -0.9596808 -0.2809926 -0.005699753 -0.951237 -0.3084082 0.007329881 -0.7849444 0.619523 0.006364285 -0.8272537 0.5617926 3.56508e-4 -0.8543677 0.5196688 -0.001289069 -0.8777104 0.4791897 -0.009026288 -0.9005605 0.434637 -0.01063573 -0.9165185 0.399851 0.008000671 -0.7708694 0.6369431 0.006204664 -0.8276019 0.5612814 -0.002076685 -0.8760256 0.4822602 -0.006216228 -0.9113564 0.4115715 -0.009160757 -0.9162708 0.4004548 -0.01419347 -0.9442752 0.3288508 -0.02497982 -0.9715962 0.2353231 -0.03165876 -0.9875655 0.1539877 -0.01364517 -0.9874249 0.157499 -0.02269995 -0.9979699 0.05950552 -0.003306269 -0.9981037 0.06146818 -0.04591947 -0.9887961 0.1420347 -0.05075865 -0.9965363 0.06587129 -0.03956335 -0.9972001 0.06345701 -0.04608941 -0.9987851 -0.01743543 -0.04806822 -0.9988213 -0.006746411 -0.0558862 -0.9928284 -0.1056808 -0.03859466 -0.9477874 0.3165589 -0.02105414 -0.9408768 0.3380943 -0.03189802 -0.9393802 0.3413906 -0.01280272 -0.931703 0.3629954 -0.02375739 -0.9239802 0.3817018 -0.01634109 -0.9211525 0.388859 -0.01647353 -0.9382607 0.3455366 -0.02317941 -0.9400238 0.3403203 -0.02521526 -0.9599103 0.2791711 -0.02960026 -0.9584107 0.2838536 -0.005367994 -0.9875096 0.1574679 0.002693295 -0.9704043 0.2414709 -0.009448051 -0.9706847 0.2401706 -0.01153016 -0.969434 0.2450812 -0.02276408 -0.9698045 0.2428193 -0.01670747 -0.9473043 0.3198991 -0.02114373 -0.9478214 0.3181 -0.01849281 -0.9305082 0.3658041 -0.01378273 -0.929385 0.3688548 -0.01217967 -0.9037728 0.4278395 -0.006526887 -0.9049424 0.4254842 -0.006609499 -0.883129 0.4690837 -0.01708638 -0.8884779 0.4586013 -0.007055222 -0.8978591 0.4402266 -0.02824389 -0.9094397 0.4148756 -0.01845037 -0.9113296 0.411264 -0.03925132 -0.9225409 0.3838983 -0.02935737 -0.9240851 0.3810576 -0.05481487 -0.9373098 0.3441596 -0.04236853 -0.9384595 0.3427811 -0.05580288 -0.9447157 0.3231074 -0.01117259 -0.9743617 0.2247102 -0.03664761 -0.9769867 0.2101285 -0.02860307 -0.9755274 0.21801 -0.0398603 -0.9714508 0.2338688 -0.0372464 -0.9710102 0.2361184 -0.03747528 -0.9824026 0.1829777 -0.04383212 -0.9802693 0.1927459 -0.04644286 -0.9896775 0.1355792 -0.05760246 -0.9924359 -0.1084107 -0.06005114 -0.9827003 -0.1751976 -0.0532481 -0.9797786 -0.1928698 -0.05516326 -0.9678 -0.2456017 -0.0450471 -0.9635517 -0.2637022 -0.04123735 -0.9776092 -0.2063493 -0.04081827 -0.9556373 -0.291704 -0.040201 -0.9688304 -0.2444413 -0.05417633 -0.9717843 -0.2295655 -0.05343025 -0.9847435 -0.1656066 -0.06245416 -0.9933221 -0.09700918 -0.06079286 -0.99782 -0.02568185 -0.0553531 -0.9969017 0.05588394 -0.05305039 -0.9928146 0.1072611 -0.04753339 -0.9849377 0.1662483 -0.03705781 -0.9876856 0.1519996 0.0905655 -0.9390622 -0.3316025 0.09075629 -0.9386707 -0.3326569 0.029428 -0.9353768 -0.3524264 0.02780032 -0.9417892 -0.3350527 -0.01702034 -0.9372183 -0.348328 -0.01795482 -0.94846 -0.3163878 -0.04174178 -0.9461323 -0.3210784 -0.0333693 -0.9541881 -0.2973409 -0.04227048 -0.932419 -0.3588984 -0.02647095 -0.9336978 -0.3570821 -0.02398359 -0.9492363 -0.3136486 -0.02022337 -0.9524688 -0.3039643 -0.02927637 -0.9622009 -0.2707626 -0.02534985 -0.9762635 -0.2150979 -0.0313453 -0.9782732 -0.2049372 -0.02479916 -0.9919833 -0.1239123 -0.0297082 -0.9929436 -0.1148064 -0.02243244 -0.9992328 -0.0321018 -0.02644586 -0.9993613 -0.02403366 -0.01800507 -0.9975413 0.06772863 -0.03946983 -0.9971852 0.0637474 -0.03187084 -0.9876734 0.1532499 -0.03835922 -0.9709584 0.2361538 -0.03386878 -0.9765958 0.2123999 -0.02676999 -0.9605309 0.2768823 -0.02649903 -0.949979 0.3111876 -0.03163683 -0.9513512 0.30648 -0.0202465 -0.9572077 0.288693 -0.03100931 -0.9602754 0.2773259 0.2425003 -0.8694617 -0.4303836 0.110166 -0.9751551 -0.1921877 0.147706 -0.9730513 -0.1770713 0.1437413 -0.9544612 -0.2614236 0.1181536 -0.9280149 -0.3533104 0.03577065 -0.6844766 -0.7281569 0.02897167 -0.7355332 -0.6768689 0.04991793 -0.754261 -0.6546744 0.07439368 -0.6056472 -0.7922481 0.1451551 -0.4318549 -0.8901862 0.2853145 -0.6105167 -0.7388269 0.3387509 -0.5388984 -0.7712565 0.3204681 -0.6967082 -0.6417928 0.3771125 -0.5733306 -0.7273777 0.4396309 -0.5517506 -0.7087285 0.4164091 -0.6546313 -0.630921 0.4596333 -0.5482905 -0.6986522 0.1545468 -0.9525519 -0.2622218 0.1769415 -0.9433245 -0.2807681 0.1704369 -0.953543 -0.2484089 0.1863812 -0.94518 -0.2681358 0.1862896 -0.9497823 -0.2514159 0.1915189 -0.9469144 -0.2582126 0.2489951 -0.8636696 -0.4382652 0.2648611 -0.8663218 -0.4234802 0.2745346 -0.8579259 -0.4342742 0.2869545 -0.8578513 -0.4263195 0.2815073 -0.8629339 -0.4196414 0.2865293 -0.8644006 -0.413174 0.3069913 -0.8355517 -0.4556424 0.1780175 -0.9309868 -0.3187062 0.2362238 -0.9144918 -0.3284861 0.2276817 -0.9134244 -0.3373674 0.236585 -0.9056097 -0.3519925 0.2072669 -0.9202761 -0.3318623 0.2243643 -0.9043107 -0.3631568 0.2050505 -0.9039658 -0.3752335 0.2265567 -0.8768528 -0.42403 0.2018924 -0.8661264 -0.457236 0.2161064 -0.8429895 -0.4926121 0.1689864 -0.8554341 -0.4895673 0.08571976 -0.7641437 -0.6393251 0.05713677 -0.7577978 -0.6499831 0.01540702 -0.6571896 -0.7535679 0.4129761 -0.5363514 -0.7360557 0.3699185 -0.6595538 -0.6543311 0.3571335 -0.7401703 -0.5697399 0.3618444 -0.7563105 -0.545035 0.3913335 -0.7122026 -0.5827742 0.3694265 -0.7482289 -0.5510695 0.3571057 -0.7535755 -0.5519055 0.2297753 -0.5879635 -0.7755658 0.2257679 -0.7458882 -0.6266415 0.2438902 -0.754822 -0.6089019 0.2827026 -0.7593585 -0.5860494 0.365695 -0.6894186 -0.6252753 0.3770446 -0.7200074 -0.5826034 0.4197604 -0.6481891 -0.6353363 0.4274231 -0.6287534 -0.649599 0.409542 -0.6276823 -0.6620351 0.4104077 -0.6261322 -0.662966 0.3838205 -0.6353449 -0.6700887 0.08491706 -0.7406482 -0.6665054 0.1192669 -0.7771853 -0.6178661 0.1149588 -0.7939074 -0.5970726 0.1593322 -0.7736995 -0.6131904 0.1531444 -0.7919877 -0.591018 0.1943395 -0.8026893 -0.5638459 0.2569988 -0.8107179 -0.5260117 0.2892835 -0.8063054 -0.5159328 0.2869489 -0.8096707 -0.511951 0.3133246 -0.8058977 -0.5023511 0.3019308 -0.8213495 -0.4839659 0.3193847 -0.8198993 -0.4751406 0.3277236 -0.7798008 -0.5333932 0.3062912 -0.783244 -0.541031 0.3094334 -0.779354 -0.544847 0.4362673 0.4581803 -0.77443 0.448844 0.4165891 -0.7905649 0.4315883 0.3335174 -0.8381515 0.4257998 0.2397248 -0.872483 0.4181304 0.09159499 -0.9037573 0.4160819 -0.01541829 -0.9091965 0.421033 -0.03822666 -0.9062395 0.4163297 -0.06589961 -0.9068223 0.4207845 -0.1173843 -0.8995339 0.4216704 -0.1141814 -0.8995314 0.4270431 -0.1886813 -0.8843266 0.4212958 -0.1694223 -0.8909578 0.4313805 -0.2588132 -0.8642493 0.4239292 -0.2198231 -0.8786136 0.4284519 -0.2687234 -0.86268 0.4351647 -0.4086753 -0.802257 0.4416372 -0.3690176 -0.8177913 0.4374921 -0.3630396 -0.8226804 0.4159343 -0.4733248 -0.7765064 0.4424051 -0.4551957 -0.772706 0.4400368 -0.4182144 -0.7946474 0.4569151 -0.42842 -0.7795416 0.4464768 -0.4697208 -0.7615911 0.4808641 -0.4753251 -0.7367739 0.4616239 -0.4830722 -0.7440058 0.4746016 -0.510324 -0.7171631 0.3690195 -0.6139782 -0.6977502 0.3110858 -0.6438558 -0.6990532 0.3419315 -0.6285443 -0.6985807 0.2164661 -0.6569626 -0.7221791 0.1781218 -0.6605654 -0.7293325 0.1226263 -0.6507614 -0.7493147 0.09043461 -0.6437537 -0.7598704 0.05466192 -0.6353146 -0.7703166 0.03119277 -0.6324603 -0.7739645 0.01563358 -0.6507349 -0.7591441 0.01181131 -0.6394997 -0.7687007 0.01997631 -0.6025331 -0.7978439 0.01279103 -0.563149 -0.8262564 0.02239155 -0.5317369 -0.8466137 0.02014034 -0.4853248 -0.874102 0.01497441 -0.4731934 -0.8808314 0.02565556 -0.3644816 -0.9308572 0.01831519 -0.4031614 -0.9149457 0.02256137 -0.4196786 -0.9073924 0.01958024 -0.3040658 -0.9524499 0.02555394 -0.3173613 -0.9479604 0.02633386 -0.2288054 -0.9731159 0.02395856 -0.2229491 -0.9745357 0.0276215 -0.1548843 -0.9875465 0.02329593 -0.1380652 -0.9901492 0.03007495 -0.09563934 -0.9949617 0.0292654 0.03005945 -0.9991196 0.02726292 -0.04619574 -0.9985603 0.02324503 -0.03582334 -0.9990878 0.02917444 0.1809161 -0.9830658 0.02637815 0.3575417 -0.9335246 0.02425128 0.4399851 -0.8976776 0.01968437 0.5964404 -0.802416 0.01650774 0.6455668 -0.7635254 0.01320147 0.6364338 -0.7712184 0.03586083 0.6338065 -0.77266 0.04112792 0.6391601 -0.7679732 0.06769442 0.6457054 -0.7605801 0.05969321 0.638213 -0.7675421 0.08889526 0.6428335 -0.7608304 0.1398858 0.6569374 -0.7408544 0.1403564 0.656608 -0.7410575 0.1016578 0.6452656 -0.7571645 0.1190404 0.6703302 -0.7324527 0.1825371 0.6613705 -0.7275089 0.1766512 0.6560505 -0.7337521 0.2117917 0.6546649 -0.7256433 0.2256693 0.6625339 -0.7142285 0.2464635 0.6522516 -0.716815 0.3137198 0.645926 -0.6959595 0.2756109 0.6586276 -0.7001773 0.4004776 0.6084629 -0.6851209 0.4324864 0.5778517 -0.6921293 0.4599651 0.543649 -0.7020527 0.4620044 0.4958136 -0.7353373 0.4698347 0.5103945 -0.7202451 0.4047179 -0.2210488 -0.8873224 0.3950502 -0.1903365 -0.8987254 0.3984747 -0.1342976 -0.9072939 0.3919405 -0.115108 -0.9127611 0.3939918 -0.04509603 -0.9180071 0.3915893 -0.03853923 -0.9193328 0.448614 -0.5142573 -0.730948 0.4643545 -0.4582601 -0.7578738 0.4464135 -0.4296777 -0.7849154 0.4537138 -0.3962133 -0.7982223 0.4362274 -0.3695734 -0.8204397 0.442974 -0.3303647 -0.8334466 0.4150857 -0.3329553 -0.8466668 0.4323568 -0.3577386 -0.8277021 0.4249646 -0.3994545 -0.8123062 0.4437559 -0.4270488 -0.7878516 0.4358373 -0.4620304 -0.7723819 0.4552131 -0.4913997 -0.7425008 0.4422801 -0.5361186 -0.719003 0.4556651 -0.5434807 -0.7049809 0.4302575 -0.5779774 -0.6934123 0.4182352 -0.5691623 -0.707908 0.4317068 -0.5228313 -0.7350352 0.4135128 -0.4970377 -0.7628635 0.4228744 -0.4560104 -0.7830912 0.4053552 -0.4314397 -0.8059448 0.4139683 -0.383127 -0.8257384 0.3980385 -0.3609476 -0.8433755 0.4326428 -0.3109747 -0.8462358 0.4349818 -0.3060206 -0.8468426 0.426917 -0.3067204 -0.8506847 0.4329157 -0.2610252 -0.8628151 0.4242495 -0.2616809 -0.8669115 0.3973471 -0.2931174 -0.8695963 0.4056329 -0.304596 -0.8617907 0.3882526 -0.3058818 -0.869308 0.3778732 -0.3864254 -0.8413605 0.3909951 -0.4041457 -0.8269156 0.3811193 -0.4606454 -0.8015947 0.395698 -0.480137 -0.7828741 0.3848218 -0.5289399 -0.756396 0.4002833 -0.5493574 -0.7334712 0.3878577 -0.5938415 -0.7049247 0.3995604 -0.608076 -0.6859993 0.3480532 -0.6300773 -0.6941626 0.3640623 -0.5695552 -0.7369298 0.3523903 -0.5551189 -0.753435 0.3643616 -0.4981785 -0.7868029 0.3536756 -0.4845174 -0.8000978 0.3644847 -0.4196321 -0.8313001 0.355077 -0.4072845 -0.8414511 0.3643949 -0.3343085 -0.8691688 0.3638748 -0.333611 -0.8696545 0.3728386 -0.242953 -0.8955252 0.3664084 -0.2230083 -0.903334 0.370936 -0.1477279 -0.9168331 0.3666567 -0.135276 -0.9204691 0.3691572 -0.04966181 -0.9280392 0.3675796 -0.04536849 -0.9288848 0.2929647 -0.05073082 -0.9547765 0.2102072 -0.04887437 -0.9764345 0.1150814 -0.04688888 -0.9922488 0.2924891 -0.0513516 -0.9548891 0.2901098 -0.1511445 -0.9449825 0.2886683 -0.1529601 -0.9451317 0.2840888 -0.2491909 -0.9258496 0.2818149 -0.2519348 -0.925802 0.2753248 -0.3432913 -0.8979685 0.2724722 -0.3465544 -0.8975852 0.2644003 -0.4323956 -0.8620479 0.2612627 -0.4357619 -0.8613091 0.2520056 -0.5152286 -0.819166 0.2490828 -0.5181494 -0.8182169 0.2389907 -0.5911722 -0.770324 0.2367363 -0.5932569 -0.7694169 0.2256844 -0.6623902 -0.7143569 0.2473247 -0.6520344 -0.7167159 0.18326 -0.6558735 -0.732288 0.1907333 -0.5937436 -0.7817221 0.1969587 -0.5878839 -0.7846018 0.2045919 -0.5177609 -0.830702 0.2111421 -0.5111171 -0.8331738 0.2183566 -0.4347369 -0.8736844 0.224599 -0.4279637 -0.8754441 0.231043 -0.3452773 -0.9096169 0.2364115 -0.3390941 -0.9105629 0.2416964 -0.2506871 -0.9374107 0.2457851 -0.245737 -0.9376583 0.2495762 -0.1520587 -0.956342 0.2521051 -0.148872 -0.95618 0.2540977 -0.05103504 -0.9658312 0.2549558 -0.04992371 -0.9656631 0.2091713 -0.05021101 -0.9765892 0.2075903 -0.1459059 -0.9672734 0.204557 -0.1497289 -0.9673354 0.2015699 -0.241127 -0.94933 0.1966532 -0.2471053 -0.9488238 0.1925371 -0.3332651 -0.9229648 0.1860187 -0.3408367 -0.9215354 0.1810756 -0.4215002 -0.8885658 0.1734305 -0.4299094 -0.8860586 0.1680104 -0.5045773 -0.8468614 0.1597917 -0.5130736 -0.8433399 0.1542161 -0.5818918 -0.7985107 0.1461266 -0.5896906 -0.7942997 0.1402813 -0.6571565 -0.7405853 0.1405706 -0.6569707 -0.7406952 0.1011021 -0.653685 -0.7499829 0.1052092 -0.582848 -0.8057414 0.1133188 -0.5748155 -0.8103986 0.1172431 -0.5057735 -0.8546621 0.1253623 -0.4971983 -0.8585325 0.1292832 -0.4228081 -0.89695 0.1368092 -0.4143975 -0.8997545 0.1404487 -0.3345175 -0.931865 0.1468272 -0.3270315 -0.9335374 0.1498908 -0.2421532 -0.9585899 0.1547205 -0.2362552 -0.9592941 0.156959 -0.1465667 -0.9766688 0.1599608 -0.142782 -0.9767425 0.1611509 -0.04909813 -0.9857078 0.162138 -0.04783034 -0.9856083 0.1142383 -0.04797154 -0.9922946 0.1133926 -0.1400282 -0.9836332 0.1108855 -0.1431897 -0.9834638 0.1092933 -0.2319142 -0.9665768 0.1052596 -0.2368671 -0.9658232 0.1030857 -0.3214566 -0.9412965 0.09778988 -0.3277372 -0.9396944 0.09523206 -0.407961 -0.9080191 0.0889737 -0.4150646 -0.905431 0.0862624 -0.4904345 -0.8671984 0.07951766 -0.4977129 -0.8636891 0.07688438 -0.568282 -0.8192341 0.07018011 -0.5751029 -0.8150653 0.06766331 -0.6458105 -0.7604936 0.07545244 -0.6437356 -0.7615191 0.04110336 -0.639792 -0.7674483 0.04252719 -0.5682126 -0.8217822 0.04709225 -0.563455 -0.8248035 0.04874366 -0.4905197 -0.8700658 0.05333989 -0.4854633 -0.8726284 0.0551021 -0.4081716 -0.9112408 0.05936533 -0.4032608 -0.9131575 0.06105846 -0.3217333 -0.9448596 0.06471991 -0.3173505 -0.9460973 0.06616854 -0.2321823 -0.9704191 0.06893426 -0.2287661 -0.9710378 0.06999933 -0.140218 -0.9876433 0.07172381 -0.1380369 -0.9878267 0.07228964 -0.04695683 -0.9962778 0.07289534 -0.04618012 -0.9962699 0.269609 0.6517292 -0.7089148 0.2817314 0.5901246 -0.7565584 0.2367306 0.5933801 -0.7693236 0.2390049 0.5912761 -0.7702398 0.1907435 0.593844 -0.7816433 0.1969866 0.5879688 -0.7845311 0.1461415 0.5897724 -0.7942363 0.1542543 0.5819512 -0.7984601 0.1052126 0.5829048 -0.8057 0.1133313 0.5748652 -0.8103618 0.07021147 0.5751486 -0.8150303 0.07693374 0.5683125 -0.8192083 0.04253453 0.5682369 -0.821765 0.04710483 0.5634768 -0.824788 0.01421236 0.563194 -0.8262026 0.01938176 0.5472803 -0.836725 0.3691432 0.6140841 -0.6975916 0.3480097 0.6302198 -0.694055 0.3640211 0.569723 -0.7368205 0.3171203 0.57473 -0.7544005 0.3295402 0.5096809 -0.7947506 0.2893812 0.5130323 -0.8081191 0.3002959 0.433124 -0.8498389 0.2613121 0.4355816 -0.8613854 0.2644109 0.4322562 -0.8621146 0.2184034 0.4346033 -0.8737391 0.2246078 0.4278708 -0.8754873 0.1734392 0.4298254 -0.8860976 0.1810816 0.4214158 -0.8886048 0.1293113 0.4227318 -0.896982 0.1368031 0.4143571 -0.8997741 0.08901131 0.4150319 -0.9054422 0.09525638 0.4079408 -0.9080256 0.05509477 0.4081554 -0.9112485 0.05936425 0.4032382 -0.9131676 0.01609313 0.4031165 -0.9150072 0.3522289 0.6312865 -0.6909503 0.3104342 0.642624 -0.7004749 0.3243094 0.5831531 -0.7448195 0.2791771 0.5872492 -0.759736 0.291162 0.5151623 -0.806122 0.249123 0.5180619 -0.8182603 0.2520467 0.5151392 -0.8192095 0.2046372 0.5176761 -0.8307438 0.2111888 0.5110319 -0.8332142 0.1598415 0.5129919 -0.8433801 0.1680181 0.50454 -0.8468822 0.1172592 0.5057395 -0.8546801 0.1253898 0.4971533 -0.8585547 0.07957327 0.4976714 -0.8637079 0.08629888 0.4904162 -0.867205 0.04875576 0.4905006 -0.8700759 0.05333358 0.4854663 -0.8726272 0.01989412 0.4853237 -0.8741083 0.01466429 0.4963113 -0.8680208 0.4085269 0.3331953 -0.8497568 0.4430338 0.3300323 -0.8335466 0.43627 0.3693726 -0.8205074 0.4417353 0.3688096 -0.8178322 0.4375149 0.3771726 -0.8162852 0.4380899 0.4309152 -0.7889167 0.4463475 0.4299763 -0.7847893 0.4537581 0.3960102 -0.798298 0.4249886 0.3992584 -0.8123901 0.4251494 0.3984035 -0.8127256 0.3668443 0.3072197 -0.8780896 0.3958703 0.3052496 -0.8660886 0.4172791 0.2621026 -0.8701611 0.4328238 0.2609452 -0.8628854 0.4287363 0.3089702 -0.8489539 0.444338 0.2890042 -0.8479626 0.43868 0.464732 -0.769145 0.4592077 0.4775084 -0.7490756 0.4642728 0.4585421 -0.7577533 0.4357916 0.4623014 -0.7722457 0.4438073 0.426891 -0.7879082 0.4054241 0.4312848 -0.805993 0.4140552 0.3828342 -0.8258306 0.3779139 0.386145 -0.8414708 0.3819255 0.3578005 -0.852122 0.4201536 0.5629963 -0.7116925 0.4316645 0.5230628 -0.7348954 0.3848006 0.5291624 -0.7562511 0.3957581 0.4799984 -0.7829285 0.3537208 0.4843881 -0.8001562 0.3645402 0.419395 -0.8313955 0.3291862 0.4222836 -0.8445786 0.3388018 0.3417665 -0.8765895 0.3078438 0.3436604 -0.8872034 0.315336 0.2505694 -0.9153023 0.2818213 0.2519568 -0.925794 0.2840862 0.2492245 -0.9258415 0.2417028 0.25072 -0.9374003 0.2457937 0.2457664 -0.9376483 0.1966288 0.2471345 -0.9488213 0.2015596 0.241141 -0.9493287 0.1498936 0.2421658 -0.9585863 0.1547279 0.2362576 -0.9592923 0.1052697 0.2368699 -0.9658214 0.1092901 0.2319323 -0.9665729 0.06615668 0.2321991 -0.9704158 0.06892758 0.2287791 -0.9710351 0.025442 0.2288136 -0.9731378 0.02099734 0.239431 -0.9706863 0.4484744 0.5154043 -0.7302255 0.4551478 0.4916473 -0.7423769 0.413477 0.4972744 -0.7627286 0.422933 0.4558405 -0.7831586 0.3811576 0.4604818 -0.8016704 0.3910466 0.4038757 -0.827023 0.3551106 0.4070231 -0.8415633 0.3643984 0.3342463 -0.8691912 0.3345886 0.3362167 -0.8803458 0.34225 0.2488165 -0.9060659 0.314965 0.2500735 -0.9155656 0.320195 0.1521582 -0.9350525 0.2886653 0.1529825 -0.945129 0.2901151 0.151158 -0.9449786 0.2495853 0.1520729 -0.9563373 0.2521003 0.1489033 -0.9561764 0.2045465 0.1497586 -0.967333 0.2075895 0.1459243 -0.9672708 0.1569682 0.1465839 -0.9766649 0.1599587 0.1428121 -0.9767385 0.1108838 0.1432197 -0.9834597 0.113402 0.1400438 -0.9836299 0.06999033 0.140232 -0.9876419 0.07172465 0.1380399 -0.9878262 0.02332657 0.1380675 -0.9901481 0.02951431 0.1160067 -0.9928099 0.3097669 -0.645107 -0.6984851 0.3243144 -0.5829986 -0.7449382 0.3171229 -0.5745711 -0.7545204 0.3294917 -0.5097997 -0.7946946 0.3232256 -0.5020864 -0.8021438 0.3344184 -0.429259 -0.8389883 0.3291502 -0.4225108 -0.8444791 0.3387905 -0.3418359 -0.8765668 0.3345698 -0.3362783 -0.8803295 0.3422427 -0.2487678 -0.906082 0.3391578 -0.2446419 -0.9083625 0.3445306 -0.1512135 -0.9265167 0.3425813 -0.1485952 -0.9276624 0.3453611 -0.05079776 -0.9370942 0.3446988 -0.04991507 -0.9373853 0.3446993 0.04991328 -0.9373852 0.3675045 0.04967886 -0.928694 0.3692041 0.04536586 -0.9282404 0.3914812 0.04513722 -0.9190784 0.3940776 0.0385434 -0.9182686 0.4187871 0.0382815 -0.9072773 0.418319 0.03966641 -0.9074336 0.3884446 0.591924 -0.7062131 0.4002458 0.5495629 -0.7333375 0.352373 0.555316 -0.7532978 0.3644119 0.4980561 -0.7868571 0.3232771 0.5019679 -0.8021972 0.3344779 0.4290587 -0.8390669 0.2991375 0.4316688 -0.850987 0.3085539 0.3445841 -0.8865982 0.2724708 0.3465248 -0.897597 0.2753363 0.3432506 -0.8979806 0.2310452 0.3452364 -0.9096318 0.236422 0.3390461 -0.9105781 0.1860207 0.3407906 -0.921552 0.1925161 0.3332455 -0.9229761 0.1404411 0.3344979 -0.9318731 0.1468302 0.3270014 -0.9335475 0.09781634 0.3277052 -0.9397028 0.1030945 0.3214463 -0.941299 0.06105613 0.3217234 -0.9448632 0.06470936 0.3173486 -0.9460986 0.02016979 0.317324 -0.9481027 0.0258187 0.2971087 -0.9544947 0.02388972 0.04620337 -0.9986464 0.07289451 0.04619097 -0.9962695 0.07229077 0.04696685 -0.9962772 0.1150814 0.04689908 -0.9922484 0.1142485 0.04796928 -0.9922935 0.1621367 0.04782801 -0.9856085 0.1611516 0.04909634 -0.9857078 0.210207 0.04887288 -0.9764346 0.2091721 0.05020934 -0.9765891 0.2549549 0.04992192 -0.9656634 0.2540957 0.05103653 -0.9658316 0.292965 0.05073291 -0.9547762 0.2924915 0.05134934 -0.9548885 0.3227253 0.051077 -0.9451135 0.3200372 0.1519486 -0.9351405 0.3445293 0.1512475 -0.9265116 0.3391559 0.244675 -0.9083543 0.3647908 0.2434218 -0.8987066 0.3743543 0.2226946 -0.9001478 0.3925409 0.2217784 -0.8925951 0.4071896 0.1897822 -0.8934088 0.4249879 0.1888404 -0.8852823 0.4247812 0.1895744 -0.8852245 0.2768864 -0.658991 -0.6993317 0.2697903 -0.6508623 -0.7096418 0.2817463 -0.5899968 -0.7566524 0.2791748 -0.5870999 -0.7598521 0.2911155 -0.5152553 -0.8060793 0.2893527 -0.513145 -0.8080578 0.3002657 -0.4333108 -0.8497543 0.2991088 -0.4318577 -0.8509013 0.308547 -0.3446145 -0.8865888 0.3078659 -0.3437277 -0.8871697 0.3153675 -0.2505443 -0.9152984 0.3149775 -0.2500256 -0.9155744 0.320204 -0.1521344 -0.9350533 0.3200404 -0.1519145 -0.935145 0.3227251 -0.05107945 -0.9451135 0.3226779 -0.05101835 -0.945133 0.3226774 0.05101656 -0.9451332 0.3453615 0.05079597 -0.937094 0.34258 0.14863 -0.9276574 0.3660487 0.1479223 -0.9187641 0.3714755 0.1351597 -0.9185521 0.3910172 0.1345632 -0.9104936 0.3993487 0.1149101 -0.9095693 0.4231386 0.1141532 -0.8988453 0.4193376 0.1369315 -0.8974441 0 -0.1455852 0.9893458 0 -0.03653568 0.9993324 -0.01174122 0 0.9999312 0 0.03653568 0.9993324 0 0.1455852 0.9893458 0 0.1455852 0.9893458 0 0.2881119 0.9575968 0 0.2881124 0.9575967 0 0.4244443 0.905454 0 0.4244432 0.9054546 0 0.5517721 0.833995 0 0.5517719 0.8339951 0 0.6673188 0.7447722 0 0.6673203 0.744771 0 0.7686475 0.6396727 0 0.768648 0.6396722 0 0.8535884 0.5209483 0 0.8535892 0.5209468 0 0.9203442 0.3911095 0 0.9203442 0.3911094 0 0.9674838 0.2529332 0 0.967484 0.2529324 0 0.9940009 0.1093726 0 0.9940009 0.1093724 0 0.999333 -0.03652077 0 0.9993329 -0.03652262 0 0.9833641 -0.1816461 0 0.9464381 -0.3228855 0 0.8893434 -0.4572401 0 0.8893437 -0.4572393 0 0.8132934 -0.5818539 0 0.7199001 -0.6940778 0 0.7198991 -0.6940787 0 0.6111665 -0.7915021 0 0.6111658 -0.7915027 0 0.4894319 -0.8720415 0 0.4894313 -0.8720419 0 0.3572236 -0.9340189 0 0.3572244 -0.9340186 0 0.2174371 -0.9760744 0 0.07299834 -0.9973321 0 -0.07299834 -0.9973321 0 -0.2174371 -0.9760744 0 -0.3572236 -0.9340189 0 -0.3572244 -0.9340186 0 -0.4894313 -0.8720419 0 -0.4894319 -0.8720415 0 -0.6111663 -0.7915022 0 -0.611166 -0.7915025 0 -0.7198991 -0.6940787 0 -0.7199001 -0.6940778 0 -0.8132934 -0.5818539 0 -0.8893437 -0.4572393 0 -0.8893434 -0.4572401 0 -0.9464381 -0.3228855 0 -0.9833641 -0.1816461 0 -0.9993329 -0.03652262 0 -0.999333 -0.03652077 0 -0.9940009 0.1093726 0 -0.9940009 0.1093724 0 -0.967484 0.2529324 0 -0.9674838 0.2529332 0 -0.9203446 0.3911088 0 -0.9203439 0.3911101 0 -0.8535887 0.5209476 0 -0.8535888 0.5209475 0 -0.768648 0.6396722 0 -0.7686475 0.6396727 0 -0.6673192 0.7447718 0 -0.6673198 0.7447713 0 -0.5517719 0.8339951 0 -0.5517721 0.833995 0 -0.4244439 0.9054542 0 -0.4244436 0.9054545 0 -0.288112 0.9575968 0 -0.2881124 0.9575967 0 -0.1455852 0.9893458 -0.830425 0.4786116 -0.285176 -0.6286135 0.7776895 -0.006645143 -0.7709529 0.6331524 -0.0689184 -0.7618476 0.6316148 -0.1437056 -0.7600596 0.6129093 -0.2159898 -0.7206658 0.6338914 -0.2807534 -0.6587473 0.6385782 -0.3978313 -0.7053543 0.5311763 -0.46939 -0.6407606 0.5975548 -0.4820314 -0.5669003 0.6441462 -0.5135172 -0.5299015 0.6165121 -0.5823378 -0.4673893 0.6333981 -0.6167286 -0.4961714 0.4772603 -0.7252839 -0.4057806 0.6316576 -0.6605687 -0.2669879 0.6759175 -0.6869157 -0.1368032 0.6824669 -0.7179999 0.0362401 0.4762371 -0.8785698 -0.002689003 0.6487368 -0.7610082 0.07474267 0.6085446 -0.7899917 0.1433228 0.6254217 -0.7670114 0.2159298 0.634334 -0.7422903 0.3642637 0.5702133 -0.7363212 0.3522343 0.5915272 -0.725277 0.3285241 0.651748 -0.6835909 0.2174252 0.8647391 -0.4527168 0.1361492 0.9478983 -0.2880143 0.1211408 0.9431263 -0.3095771 0.1276062 0.9331936 -0.3359562 0.09960222 0.9318754 -0.3488379 0.09919303 0.9338686 -0.3435847 0.06741011 0.935876 -0.3458208 0.06722402 0.9333918 -0.3525062 0.03512358 0.9379429 -0.3450066 0.03415501 0.9341378 -0.3552744 0.001519262 0.9328973 -0.3601395 0.001164853 0.9321951 -0.3619545 -0.03193128 0.9341564 -0.3554326 -0.03181713 0.9343013 -0.3550617 -0.06154727 0.9366735 -0.3447535 -0.06507527 0.9330815 -0.353729 -0.09836232 0.9337365 -0.3441818 -0.09524339 0.9362608 -0.3381486 -0.1256994 0.9352314 -0.3309711 -0.1299026 0.9322289 -0.3377494 -0.1603552 0.9323605 -0.3240219 -0.160549 0.9322451 -0.3242576 -0.1860272 0.9346292 -0.3030877 -0.1881981 0.9334626 -0.3053346 -0.2078424 0.9378033 -0.2780765 -0.2120585 0.9357129 -0.2819087 -0.2444463 0.9319498 -0.267798 -0.2408852 0.9336433 -0.2651123 -0.2676017 0.9322533 -0.2435019 -0.263962 0.9338527 -0.2413361 -0.2804547 0.9357827 -0.2136722 -0.2853594 0.9337505 -0.2160558 -0.3045253 0.9337336 -0.188165 -0.3010737 0.9351125 -0.1868665 -0.3184803 0.9347084 -0.1577676 -0.3131359 0.9367667 -0.1562507 -0.3393133 0.9315267 -0.1308614 -0.3351714 0.9331312 -0.1301016 -0.3465732 0.9328271 -0.09859371 -0.3456557 0.933175 -0.09852159 -0.3491653 0.9347664 -0.06554108 -0.350031 0.9344437 -0.06552392 -0.3507179 0.9358611 -0.03407555 -0.3345409 0.9417034 -0.03573966 -0.3271195 0.9449625 -0.006217956 -0.348861 0.9371689 -0.003240048 0.1558642 0.9358325 -0.3161077 0.2257536 0.856862 -0.4634899 0.1926936 0.8576692 -0.4767313 -0.4954516 0.8676586 -0.04118758 -0.4970062 0.8677135 -0.007628321 -0.5085029 0.8610388 -0.006092846 0.2185322 0.7879601 -0.5756412 0.1701292 0.7898062 -0.5892897 0.1703597 0.7875396 -0.5922492 0.1149035 0.789749 -0.6025725 0.1148625 0.7875422 -0.6054618 0.05870842 0.7897544 -0.6106073 0.05839759 0.7875287 -0.613505 0.001975119 0.7897242 -0.6134589 0.001404285 0.7875301 -0.6162747 -0.0547499 0.7897464 -0.6109853 -0.05557084 0.7875737 -0.6137098 -0.1109784 0.7897807 -0.6032662 -0.1120957 0.7875149 -0.6060157 -0.1663348 0.7897149 -0.5904941 -0.1676223 0.7875726 -0.592986 -0.2201793 0.7897878 -0.5725003 -0.2217342 0.7875893 -0.5749236 -0.2721626 0.7897849 -0.5496977 -0.2739947 0.7875124 -0.5520427 -0.3218873 0.7897208 -0.5222351 -0.3238227 0.7875648 -0.5242906 -0.36874 0.7897734 -0.4901927 -0.3709635 0.7875069 -0.4921575 -0.412541 0.7897195 -0.4540409 -0.4148975 0.7874916 -0.4557602 -0.4527735 0.7897028 -0.4139636 -0.4552562 0.787496 -0.4154421 -0.489112 0.7897018 -0.3703247 -0.51464 0.7673987 -0.3824199 -0.540391 0.7716782 -0.3353961 -0.5211393 0.7871623 -0.3298325 -0.5488766 0.7897561 -0.2738975 -0.5516578 0.7875595 -0.2746341 -0.5718399 0.789765 -0.2219699 -0.5747295 0.7875267 -0.2224586 -0.5899439 0.7897419 -0.1681486 -0.5928665 0.7875033 -0.1683687 -0.6029995 0.7897149 -0.1128807 -0.6058443 0.7875422 -0.1128286 -0.6106209 0.7896965 -0.05934309 -0.6349381 0.7703621 -0.05827587 -0.6373482 0.7705327 -0.008166849 0.2834278 0.7717667 -0.5692495 0.3192859 0.668124 -0.6720616 0.2691508 0.6844332 -0.6775759 0.275251 0.6411939 -0.7163151 0.2140986 0.6326159 -0.7442842 0.2131281 0.6486442 -0.7306417 0.1415973 0.6502527 -0.7464058 0.1418401 0.6337442 -0.7604273 0.07245838 0.644428 -0.7612244 0.07307815 0.6506868 -0.7558216 0.001729607 0.6507223 -0.7593138 -0.00173074 0.6251069 -0.7805373 -0.06896227 0.6443566 -0.7616095 -0.06617826 0.6546737 -0.7530092 -0.1403425 0.6361101 -0.7587279 -0.1458957 0.6171521 -0.7731997 -0.2064087 0.651315 -0.7301948 -0.2065618 0.6509645 -0.7304639 -0.2782868 0.6339675 -0.7215551 -0.2845942 0.6194615 -0.731624 -0.3329185 0.6627592 -0.6707575 -0.3432101 0.6441028 -0.6836217 -0.4056546 0.6356732 -0.6567831 -0.3968945 0.6506348 -0.6474174 -0.4570564 0.6507046 -0.6063688 -0.4663737 0.6355466 -0.6152855 -0.5163676 0.6415705 -0.5672317 -0.5118362 0.648051 -0.5639625 -0.5612738 0.6500984 -0.5121952 -0.5739461 0.6323871 -0.5202621 -0.6051773 0.6485678 -0.4616497 -0.6707401 0.6197689 -0.407424 -0.6795653 0.6509492 -0.3383138 -0.6820316 0.6480586 -0.3388999 -0.7186068 0.6373669 -0.2781507 -0.7074507 0.6505966 -0.2761116 -0.730484 0.6506602 -0.2074475 -0.7364243 0.6437063 -0.2081379 -0.7582071 0.6365403 -0.1412035 -0.7465279 0.6501616 -0.1413725 -0.7574855 0.6491395 -0.06952458 -0.7688281 0.6357616 -0.06863385 -0.7702683 0.6376783 -0.007296621 -0.7632385 0.6460499 -0.009301543 -0.1454094 0.988026 0.05158489 -0.1422063 0.9889217 0.04256111 -0.1447237 0.9886563 0.04017335 -0.1372951 0.9901679 0.02679073 -0.142076 0.989555 0.02440363 -0.1403674 0.9900223 0.01236975 -0.146871 0.9891239 0.007929265 0.16014 0.9353592 -0.3153703 0.2270626 0.8559938 -0.4644538 0.3026952 0.7557993 -0.5806402 0.3435283 0.6297839 -0.6966783 0.3900324 0.4785932 -0.7866533 0.4325711 0.2451436 -0.8676329 -0.9666673 0.2560199 -0.002846419 -0.9069274 0.4212708 -0.003689587 -0.8188202 0.5740423 0.002990484 -0.7081611 0.7060385 -0.004172563 -0.5902845 0.8071904 -0.00281322 -0.4486971 0.8936814 -0.002135336 -0.2942572 0.9557257 -0.001156866 0.4323864 0.245759 -0.8675509 0.3555402 0.2450194 -0.9019739 0.3570788 0.2386248 -0.9030798 0.2665517 0.2404544 -0.9333446 0.2662469 0.2417989 -0.9330841 0.1739711 0.2429232 -0.9543178 0.1745639 0.2399685 -0.9549569 0.08000284 0.2411119 -0.9671942 0.08049517 0.2383875 -0.9678285 -0.01487654 0.2417513 -0.9702242 -0.01487392 0.2417367 -0.970228 -0.1095408 0.2429069 -0.963845 -0.1091315 0.2397682 -0.964677 -0.2032862 0.2408063 -0.9490454 -0.2030456 0.2385578 -0.9496645 -0.2949183 0.2416469 -0.924462 -0.2949143 0.2415615 -0.9244857 -0.3837051 0.2427697 -0.8909732 -0.3835604 0.2396785 -0.8918721 -0.4691587 0.2406658 -0.8496883 -0.4693968 0.2539898 -0.8456689 -0.5541839 0.2431765 -0.7960813 -0.6199899 0.2405441 -0.7468274 -0.694938 0.240521 -0.6776511 -0.6942887 0.249852 -0.674935 -0.7573343 0.2429495 -0.6061522 -0.7574991 0.2413129 -0.6065999 -0.8123199 0.2457666 -0.5288998 -0.8129629 0.2406938 -0.5302432 -0.8613077 0.2403036 -0.4476644 -0.8614124 0.2395899 -0.4478454 -0.9007567 0.2410317 -0.3613048 -0.9006823 0.2414689 -0.3611983 -0.9312989 0.2428638 -0.2714768 -0.93168 0.2409132 -0.2719064 -0.9545621 0.2402423 -0.1763374 -0.9604035 0.2121535 -0.1805995 -0.973255 0.2130401 -0.08595651 -0.9726597 0.2158892 -0.08558565 -0.9762434 0.2166718 0.001469433 -0.5177905 0.3756479 -0.7686233 -0.6013383 0.3831815 -0.7011165 -0.8963307 0.4077942 -0.1740552 -0.9092273 0.4090231 -0.0774976 -0.9205291 0.3821213 -0.08129972 -0.9240567 0.382255 4.9963e-4 0.3833297 0.5371823 -0.7513278 0.3095904 0.5368437 -0.7848265 0.3110652 0.5334674 -0.7865437 0.2319919 0.5341919 -0.8129078 0.2322304 0.5335769 -0.8132434 0.1514531 0.5342657 -0.8316383 0.1517023 0.5335196 -0.8320718 0.06951594 0.5342367 -0.8424717 0.06970095 0.5335617 -0.8428842 -0.01311278 0.53426 -0.8452185 -0.01296764 0.5335761 -0.8456526 -0.09562313 0.5342872 -0.8398771 -0.09550011 0.533482 -0.8404029 -0.1771883 0.5341855 -0.8265896 -0.177138 0.5336057 -0.8269748 -0.257061 0.5342938 -0.8052638 -0.2570426 0.5335406 -0.8057689 -0.3345167 0.5342476 -0.7763236 -0.3345513 0.5334809 -0.7768357 -0.4087528 0.5341916 -0.7399734 -0.4088196 0.5335711 -0.7403841 -0.4857235 0.5341368 -0.6919326 -0.5388447 0.5333414 -0.6520687 -0.6053001 0.5343029 -0.5900274 -0.605526 0.533544 -0.5904821 -0.6600522 0.5342501 -0.5281174 -0.660265 0.5336522 -0.5284557 -0.7084431 0.5343598 -0.4610511 -0.7087528 0.533589 -0.4614676 -0.7501167 0.5342915 -0.3896892 -0.7504531 0.5335597 -0.3900438 -0.7846214 0.5342531 -0.314552 -0.7849791 0.5335385 -0.3148721 -0.8115943 0.5342479 -0.2364193 -0.8119641 0.5335674 -0.236686 -0.8323262 0.5341387 -0.148085 -0.8300697 0.5521237 -0.07838261 -0.8318088 0.5550621 -5.61707e-4 -0.4268637 0.6485373 -0.6302276 -0.495053 0.6476511 -0.5791983 -0.7471086 0.6485055 -0.1458401 -0.7594528 0.6476389 -0.0616067 0.2772376 0.7861149 -0.5524154 0.2257525 0.7877392 -0.5731516 0.2269685 0.7861114 -0.5749037 0.1688233 0.7873605 -0.5929269 0.1696145 0.78613 -0.5943321 0.110069 0.7873823 -0.6065593 0.1107436 0.7860919 -0.6081082 0.05032241 0.7873524 -0.614446 0.05082875 0.7860965 -0.6160106 -0.009935915 0.7873478 -0.6164292 -0.009598374 0.7861492 -0.6179624 -0.07010024 0.7873936 -0.6124519 -0.06990098 0.7861168 -0.6141126 -0.1295905 0.7873719 -0.6027038 -0.1295539 0.7860922 -0.6043798 -0.1878554 0.7873485 -0.5871907 -0.1879854 0.7860583 -0.5888752 -0.2443302 0.787302 -0.5660905 -0.2446035 0.7860995 -0.5676415 -0.2984243 0.7873526 -0.5394617 -0.2988616 0.7861064 -0.5410346 -0.3496874 0.7873657 -0.5077144 -0.3418663 0.8032947 -0.4876937 -0.3823972 0.805261 -0.4531304 -0.3953531 0.785933 -0.4754 -0.4417144 0.7873688 -0.430045 -0.4426192 0.7860774 -0.4314751 -0.481647 0.7873339 -0.3848655 -0.4826467 0.7860876 -0.3861585 -0.5169256 0.7873394 -0.3359829 -0.5180392 0.7861049 -0.3371563 -0.5472552 0.7873579 -0.2838652 -0.548497 0.7861023 -0.284946 -0.5723657 0.7873516 -0.229074 -0.5736309 0.7861701 -0.2299657 -0.5919318 0.7874156 -0.1720279 -0.5934289 0.7861025 -0.1728729 -0.6059747 0.7873573 -0.1134167 -0.5861824 0.8033872 -0.1046869 -0.5907021 0.8053874 -0.04921585 -0.6428539 0.7636218 -0.06017267 -0.6473141 0.7622134 0.003914356 -0.472664 0.880066 -0.04552799 -0.474561 0.8802225 6.18174e-4 0.1533475 0.9395861 -0.3060436 0.1255881 0.9398687 -0.3176074 0.1241233 0.9408972 -0.3151284 0.0928713 0.9409886 -0.3254466 0.09233206 0.9414396 -0.3242937 0.05942523 0.9420902 -0.3300528 0.06040662 0.9410457 -0.3328426 0.02643358 0.942435 -0.3333432 0.02774423 0.9404588 -0.3387733 -0.005336821 0.9409952 -0.3383782 -0.005447089 0.9412763 -0.3375932 -0.03887885 0.9419797 -0.333411 -0.03868687 0.9403408 -0.3380276 -0.07138061 0.9405032 -0.3322026 -0.07136237 0.940625 -0.3318616 -0.1030497 0.9411049 -0.3220285 -0.1030761 0.94104 -0.3222097 -0.1336504 0.941914 -0.308116 -0.1346108 0.9405427 -0.3118643 -0.1639806 0.9410223 -0.2959516 -0.1644714 0.9405074 -0.2973127 -0.1915841 0.9410014 -0.278948 -0.1904471 0.9419516 -0.2765091 -0.2182676 0.9410612 -0.2583856 -0.2187827 0.9407014 -0.2592586 -0.2431721 0.940597 -0.2369489 -0.2425991 0.9409352 -0.2361919 -0.2648382 0.9408678 -0.211255 -0.2661124 0.9401941 -0.2126483 -0.2780398 0.9437701 -0.1788625 -0.2855961 0.9402014 -0.185624 -0.3035263 0.9396346 -0.1579831 -0.3010549 0.9407332 -0.1561636 -0.3151127 0.9406132 -0.1262974 -0.3141691 0.9410036 -0.1257382 -0.3206467 0.9426732 -0.09248179 -0.3244797 0.9411801 -0.09430366 -0.3317334 0.941347 -0.06179767 -0.3334552 0.9406977 -0.06241351 -0.3384171 0.9405293 -0.02964252 -0.3132036 0.9493997 -0.02332103 -0.3134649 0.9495992 0.001082599 0.9700779 0.03356653 -0.2404623 0.7684811 0.03079074 -0.6391314 -0.9959129 0.04624593 0.07758104 -0.9944559 0.05562078 0.08924108 -0.9994632 0.03258681 -0.003397166 -0.9968823 0.05692929 -0.05463474 -0.9955763 0.0322234 -0.08825898 -0.9794161 0.04171043 -0.1974958 -0.9812125 0.05648744 -0.1844755 -0.9401329 0.05737531 -0.335944 -0.9596927 0.02656209 -0.2797936 -0.8860461 0.05298548 -0.4605595 -0.8826653 0.04422253 -0.4679171 -0.9275645 0.03065484 -0.3724035 -0.7150532 0.04966652 -0.6973036 -0.7130191 0.0464577 -0.6996038 -0.806823 0.02350634 -0.5903255 -0.7781683 0.08220338 -0.6226531 -0.8378974 0.02732068 -0.5451437 -0.6055654 0.02034336 -0.7955355 -0.5632849 0.0893253 -0.8214203 -0.6473262 0.02901375 -0.7616607 -0.4845266 0.04680216 -0.8735237 -0.4825134 0.04912102 -0.8745102 -0.3034868 0.02732378 -0.9524438 -0.3537325 0.05773746 -0.933563 -0.3953474 0.02911365 -0.9180701 -0.2087119 0.05252289 -0.9765658 -0.2160161 0.04455602 -0.9753727 -0.1128017 0.03042298 -0.9931517 -0.07353031 0.05744183 -0.9956374 -0.01496773 0.02666074 -0.9995325 0.07039034 0.04206609 -0.9966322 0.08278036 0.05603867 -0.9949911 0.2127646 0.05692601 -0.9754439 0.179355 0.03192323 -0.9832664 0.3668737 0.03872328 -0.9294645 0.3508074 0.0535233 -0.9349169 0.2749539 0.02614408 -0.961102 0.4818704 0.03932917 -0.8753595 0.5076014 0.07614147 -0.8582211 0.4466797 0.03420501 -0.8940399 0.6237571 0.03910094 -0.7806396 0.6021591 0.05763882 -0.7962929 0.5688185 0.03338509 -0.8217852 0.6735165 0.03206139 -0.7384766 0.7106851 0.04891312 -0.7018079 0.7225807 0.06786847 -0.6879471 0.8432582 0.03028792 -0.5366549 0.803987 0.05350071 -0.5922353 0.8057798 0.05690759 -0.5894747 0.8804964 0.05894792 -0.4703735 0.8757901 0.04796385 -0.4803033 0.9300283 0.04344022 -0.3649114 0.9398141 0.04094451 -0.3392245 0.9454345 0.09091597 -0.3128707 0.9068171 0.03310656 -0.4202224 0.983933 0.0394302 -0.17413 0.9768938 0.07465505 -0.2002628 0.9935557 0.03016221 -0.1092585 0.9950222 0.08124673 -0.05770528 0.9930803 0.1064061 -0.04969418 0.981548 0.1713321 0.08490514 0.9895998 0.1189244 0.08092778 0.9993962 0.02029013 0.0282073 0.9646412 0.1807774 0.1917995 0.9847968 -0.02876377 0.1713125 -0.9445469 0.03778731 0.3261955 -0.9429215 0.0338093 0.3312947 -0.940406 0.05548602 0.3354966 -0.9639591 0.03553634 0.2636665 -0.9900823 0.03361904 0.1364075 -0.9778587 0.03841459 0.2057099 -0.9712854 0.05597871 0.2312383 0 1 0 2.68954e-5 1 1.38804e-5 -1.05726e-5 1 3.47786e-6 -3.47354e-4 0.9999994 0.001159787 4.51188e-7 1 1.75886e-5 0.001712977 0.9999976 -0.001357197 5.79317e-5 0.9999843 0.005604207 -1.40317e-5 1 1.10677e-5 0 1 -8.56664e-7 0 1 1.69522e-6 0 1 1.67609e-6 0 1 -1.65161e-6 0 1 1.82201e-6 0 1 1.11265e-6 0 1 -6.3087e-7 0 1 1.75394e-6 0 1 -4.19083e-7 0 1 -4.15359e-7 0 1 1.78045e-6 0 1 -8.26293e-7 0 1 -1.80493e-6 0 1 8.16149e-7 0 1 -1.77096e-6 0 1 -1.69704e-6 0 1 8.67155e-7 0 1 -4.3396e-7 0 1 1.69424e-6 0 1 -8.69287e-7 0 1 -4.35612e-7 0 1 0 0 1 8.85136e-7 0 1 -1.24609e-6 0 1 8.90247e-7 0 1 -4.13158e-7 0 1 8.96024e-7 0 1 -6.16077e-7 0 1 -4.08087e-7 0 1 8.42826e-7 2.6579e-4 1 0 5.96902e-5 1 2.5809e-5 -9.13558e-6 1 -5.2069e-6 4.45201e-4 1 -1.60382e-4 -0.003229439 0.9999948 -2.79121e-4 1.14264e-4 1 4.31112e-4 9.37042e-6 1 -5.34075e-6 -1.05095e-5 1 -1.73804e-6 1.0518e-5 1 -1.89589e-5 6.61063e-4 0.9999998 1.7727e-4 -2.01593e-4 0.9999999 5.7188e-4 -0.002384781 0.9999053 0.0135591 -0.001810312 0.9999617 0.008570253 -0.005209922 0.9999865 1.10818e-4 -0.00758028 0.9999703 -0.001462817 0.7595608 -0.1165874 0.6399021 0.6658783 0.0343194 0.7452707 0.6851031 0.1648955 0.7095374 0.6767082 0.2478883 0.6932658 0.5667866 0.05310511 0.8221513 0.5860738 0.1135521 0.8022615 0.614946 0.05400413 0.7867178 0.4452807 0.04245609 0.894384 0.4676172 0.08538627 0.8797974 0.5082722 0.0289762 0.8607089 0.2569556 0.02921837 0.9659815 0.3220318 0.04864418 0.9454784 0.3384487 0.06944906 0.9384186 0.3883087 0.03014427 0.9210363 0.1294663 0.02857053 0.9911721 0.2020329 0.05433237 0.9778705 0.1908267 0.06779325 0.9792801 -0.01163089 0.03080981 0.9994577 0.06122857 0.05545634 0.996582 0.05660992 0.05990201 0.9965978 -0.1382495 0.03151607 0.9898959 -0.07494366 0.05728256 0.9955412 -0.08085739 0.05115115 0.9954123 -0.2654035 0.03538268 0.963488 -0.2212224 0.05599009 0.9736149 -0.2037109 0.04218327 0.9781219 -0.3134652 0.03402423 0.94899 -0.3573685 0.04474133 0.9328912 -0.3845006 0.07684427 0.9199208 -0.4836015 0.05618792 0.8734831 -0.4859146 0.05392992 0.8723409 -0.4315497 0.03459852 0.9014255 -0.5417812 0.03133404 0.8399354 -0.6442952 0.03158694 0.7641245 -0.6047199 0.05622917 0.7944509 -0.5916979 0.04341816 0.8049898 -0.7392686 0.03775805 0.6723513 -0.7112978 0.05721658 0.7005582 -0.6944955 0.03963553 0.7184045 -0.768978 0.04056096 0.6379872 -0.7682148 0.03764599 0.6390844 -0.7708095 0.0362271 0.6360349 0.3802337 0.07735395 0.92165 0.302654 0.1820725 0.935548 0.2908879 0.2273393 0.9293552 -0.09004467 0.1958121 0.9764986 -0.07232469 0.1829825 0.9804522 0.1336882 0.1308168 0.9823516 -0.2550382 0.3824292 0.8880897 0.1554099 0.2360333 0.9592373 0.09346288 0.2855657 0.9537909 -0.05010563 0.3290376 0.9429867 -0.1628795 0.4140375 0.8955686 -0.1645442 0.430043 0.887687 -0.2621054 0.5455934 0.7960079 -0.5651456 0.1776456 0.805638 -0.5404231 0.3436651 0.7680087 -0.5212494 0.3094484 0.7953244 -0.262305 0.2575879 0.9299702 -0.3543435 0.1426704 0.9241676 -0.2447534 0.2411462 0.939119 -0.5664698 0.1795482 0.8042851 -0.3780669 0.72248 0.578868 -0.4625031 0.656369 0.5960457 -0.3996713 0.5549704 0.7295689 -0.4795977 0.4870543 0.729907 -0.4693931 0.4398913 0.7656148 -0.1203004 0.9191662 0.3750486 -0.1520229 0.8459581 0.5111203 -0.01065397 0.761371 0.648229 -0.2220936 0.8340767 0.5049659 -0.240951 0.7910543 0.5622952 0.1815674 0.3835415 0.9054995 0.05289477 0.4428089 0.8950545 -0.05059331 0.6169083 0.7854073 -0.0952143 0.6331922 0.7681158 0.1985895 0.4477642 0.8718196 0.1326218 0.575375 0.8070657 0.02188456 0.6439462 0.7647578 0.01589691 0.7667825 0.6417102 -0.4116088 0.7209948 0.5574449 0.164765 0.1413364 0.976154 0.05416667 0.4443847 0.8941971 -0.2330392 0.6090708 0.7581065 -0.1221543 0.9165212 0.3808768 -0.05552661 0.8552371 0.5152537 0.0460928 0.8052144 0.5911898 -0.153418 0.9212158 0.3575257 -0.1535168 0.7967948 0.5844234 -0.2262352 0.8533252 0.469738 -0.2142782 0.8522669 0.4772066 0.1605554 0.6301282 0.7597108 0.3517716 0.2012097 0.9142053 0.2054284 0.4318207 0.878254 0.1458246 0.5568861 0.8176876 0.04291468 0.6422631 0.765282 -0.01359534 0.74595 0.6658632 0.4230072 0.03781294 0.905337 0.4024333 0.03595495 0.914743 0.4394397 0.04322504 0.8972315 0.4223026 0.03665852 0.9057133 0.4221488 0.03614532 0.9058058 0.1362193 0.14592 0.9798734 0.2600669 0.141549 0.9551592 0.2513535 0.2522839 0.9344379 -0.4830857 0.6784843 0.5534324 -0.3771139 0.8055233 0.4570747 -0.373507 0.7899314 0.4863138 -0.4681754 0.753798 0.4610862 -0.1565626 0.72688 0.6686805 0.014512 0.4348177 0.9004016 0.012959 0.3632659 0.9315955 -0.1872078 0.5709607 0.7993481 -0.3093973 0.5903208 0.7455164 -0.4894339 0.7580804 0.431009 -0.5369576 0.5593202 0.6315358 -0.5386648 0.5646285 0.625328 -0.08997911 0.3054764 0.9479387 -0.1082484 0.3318497 0.9371009 -0.3470534 0.4965834 0.7955872 -0.3174981 0.3637139 0.8757324 0.05799818 0.2313066 0.9711506 0.08169168 0.4387599 0.8948833 -0.1495218 0.6467913 0.7478665 -0.4533184 0.6787655 0.5777369 7.48969e-5 0.09500581 -0.9954767 0.3466516 0.1194059 -0.9303628 0.287015 0.147392 -0.946519 0.5354575 0.1564589 -0.8299433 0.6652368 0.1123511 -0.7381309 0.7357164 0.1377897 -0.6631255 0.8897333 0.1520776 -0.4304035 0.8115118 0.1329782 -0.5690039 0.9724222 0.1241203 -0.1974571 0.9544056 0.1190909 -0.2737288 0.9950903 0.08369594 0.05282473 0.9923895 0.1167245 0.03922694 0.9428498 0.1046105 0.3163719 0.8738466 0.1310823 0.4681982 0.6389973 0.1314291 0.7578977 0.7654376 0.1122093 0.6336517 0.3127754 0.1204981 0.9421528 0.5142062 0.1142364 0.8500248 0.1933647 0.1038377 0.9756166 -0.004489183 0.1024892 0.994724 -0.003861784 0.100775 0.9949018 -0.256102 0.1094598 0.9604324 -0.2794506 0.1068224 0.9541994 -0.597494 0.1187551 0.793031 -0.6221079 0.1253874 0.7728259 -0.74498 0.1283571 0.6546214 -0.8269822 0.1136535 0.550621 -0.9163727 0.1164265 0.3830223 -0.9378855 0.105311 0.3305759 -0.9933551 0.1054266 0.04616194 -0.9955627 0.09005033 0.02731567 -0.9295898 0.122082 -0.3477915 -0.9314396 0.119428 -0.3437401 -0.7911684 0.140137 -0.5953271 -0.5856747 0.142017 -0.7980077 -0.7076711 0.1011418 -0.6992654 -0.5669551 0.1381328 -0.8120846 -0.3446531 0.1502914 -0.9266212 -0.3145795 0.1284995 -0.9404934 0.9737844 0.1086707 0.199837 0.975076 0.110916 0.1921576 0.8669971 0.1159803 0.4846283 0.8252879 0.1389278 0.5473563 0.629741 0.1103546 0.7689266 0.5935125 0.1216757 0.795574 0.3564659 0.1124168 0.9275207 0.3147581 0.1246391 0.940953 0.861384 0.2813723 0.4229034 0.7841953 0.460924 0.415436 0.7773739 0.5254513 0.3458194 0.3147257 0.550622 0.7731516 0.3930122 0.5862306 0.7084314 0.3548743 0.7416046 0.5692862 0.4244267 0.8291851 0.3637498 0.380526 0.8697529 0.3142133 0.2330495 0.3180392 0.9189881 0.5967411 0.757223 0.2655436 0.548815 0.4865003 0.6797938 0.0111882 0.09702926 0.9952187 0.007908463 0.09911638 0.9950444 0.9918586 0.1229768 0.03306519 0.994637 0.1009234 0.02262377 0.9522867 0.1124922 0.2837178 0.7289775 0.1517959 0.6674953 0.9352951 0.05917114 0.3488866 0.8040877 0.2339618 0.5465391 0.6225076 0.08688974 0.7777754 0.356611 0.1204409 0.9264571 0.2975956 0.1555844 0.9419291 -0.003305912 0.1075515 0.9941941 -0.006535053 0.1140698 0.9934513 -0.5531021 0.1222149 0.8241006 -0.3639632 0.1487358 0.919461 -0.2079871 0.1065353 0.9723125 -0.5381945 0.1190168 0.834375 -0.787167 0.1409947 0.600407 -0.7511134 0.1133807 0.6503643 -0.9426747 0.1093078 0.3153034 -0.9432139 0.1101089 0.3134062 -0.9927366 0.1174812 0.02593022 -0.9936953 0.1084072 0.02859598 -0.8759598 0.2707808 0.3992146 -0.7971689 0.5171741 0.3115328 -0.805302 0.4790682 0.3492596 -0.6305819 0.3714717 0.6814509 -0.3649975 0.3822274 0.8489282 -0.4211919 0.4573791 0.7831999 -0.6746496 0.6682924 0.3134219 -0.2374972 0.378125 0.8947719 -0.3498094 0.6527426 0.6719825 -0.4320278 0.7738745 0.4631095 -0.3404819 0.8642771 0.3702663 -0.009465515 0.1057915 0.9943434 -0.00824809 0.09965276 0.9949881 -0.6483731 0.1110656 0.7531778 -0.3612841 0.1109744 0.9258286 -0.3433306 0.1164034 0.9319733 -0.7227156 0.1373502 0.6773604 -0.8837961 0.1250615 0.4508484 -0.9037064 0.1105828 0.4136257 -0.9943664 0.1042214 0.01932537 -0.9946701 0.101008 0.02070909 -0.9691673 0.09778618 -0.2261697 -0.9731792 0.1034495 -0.2054762 -0.8244112 0.100488 -0.5569995 -0.82314 0.1125978 -0.5565629 -0.8203174 0.0859887 -0.5654072 -0.4795731 0.08339589 -0.87353 -0.6173425 0.1241723 -0.7768329 -0.3497359 0.1142193 -0.9298596 -0.2274602 0.08932906 -0.9696816 -0.07133263 0.1165665 -0.990618 0.001663267 0.10988 -0.9939436 0.00268644 0.1116815 -0.9937405 -0.9778476 0.09902626 -0.1844124 -0.887813 0.1194496 -0.4444321 -0.8586858 0.1306696 -0.4955645 -0.7697527 0.1154758 -0.6278107 -0.4876465 0.1245138 -0.8641164 -0.5302166 0.1168354 -0.8397738 -0.6661978 0.1261562 -0.7350274 -0.2667778 0.1043518 -0.958092 -0.1668277 0.1109459 -0.9797243 -0.005407869 0.09840542 -0.9951318 -0.004268527 0.09952557 -0.9950259 0.2630469 0.1178729 -0.9575554 0.3366883 0.1100984 -0.9351575 0.4678917 0.1224468 -0.8752624 0.5464571 0.1139712 -0.8296959 0.73179 0.1337403 -0.6682792 0.7611429 0.1266994 -0.6360888 0.9366464 0.1312609 -0.3247524 0.915936 0.1164022 -0.3840728 0.9947434 0.102024 -0.00876075 0.9947543 0.1019139 -0.008799135 0.1641603 0.3368236 -0.9271469 0.3071925 0.4978269 -0.8110495 0.5275155 0.4222996 -0.7371503 0.2220644 0.6369472 -0.7382315 0.2454484 0.7248874 -0.6436563 0.3972185 0.7607269 -0.5133345 0.6045488 0.5107551 -0.6112692 0.7179064 0.4790181 -0.5051259 0.8720582 0.07837378 -0.4830862 0.2812596 0.9240109 -0.2590308 0.4128668 0.8170572 -0.4024409 0.6704421 0.7126592 -0.2064568 0.7738668 0.5362672 -0.3369685 0.8865058 0.409393 -0.21565 0.001135051 0.09314745 -0.9956518 -0.002506136 0.08324253 -0.9965262 0.2965458 0.1221398 -0.947176 0.5972403 0.133548 -0.790866 0.448624 0.1047137 -0.887565 0.7218296 0.1128283 -0.6828117 0.9037955 0.1239754 -0.4096142 0.8321105 0.1351742 -0.5378848 0.9391596 0.1330789 -0.3166532 0.989751 0.109885 -0.09120589 0.9940987 0.1081897 -0.007932424 0.9946314 0.1027572 -0.01222616 0.5167568 0.116314 0.8481942 0.655874 0.1384138 0.7420721 0.8016496 0.1102969 0.5875309 0.7632133 0.1297854 0.632978 0.9226875 0.135918 0.3607968 0.9483348 0.1167464 0.2950109 0.3727855 0.1372054 0.9177178 0.2140855 0.1002795 0.9716541 -0.003755211 0.1106392 0.9938536 0.004445433 0.08721345 0.9961798 0.7361394 0.6623668 0.1391733 0.8300352 0.5175097 0.207907 -0.01135247 0.9577612 0.2873409 0.415938 0.8761124 0.2437679 0.5505957 0.7765437 0.3063079 0.1411523 0.9185455 0.3692564 0.8143357 0.3840657 0.4351449 0.5374574 0.6395339 0.5496689 0.7072415 0.4452886 0.5491151 0.1411524 0.7381206 0.6597379 0.1861512 0.6998466 0.6896104 0.4162815 0.6371491 0.6486531 0.6198444 0.232581 0.7494659 0.4308825 0.2988539 0.851485 0.08342856 0.4616554 0.8831275 0.1593307 0.3739136 0.9136753 0.3904746 0.2809948 0.8766822 0.9937268 0.1117931 -0.003062665 0.9935899 0.1130113 -0.002784311 0.3828303 0.1003261 0.9183549 0.2868914 0.148845 0.9463289 0.6544241 0.1347225 0.7440289 0.647156 0.1402174 0.7493519 0.8598473 0.1221982 0.495712 0.9088571 0.1504811 0.3890171 0.9454434 0.1165013 0.3042439 -0.00567913 0.1178874 0.9930108 -0.00491631 0.1162354 0.9932096 -0.2285349 0.1025038 0.9681243 -0.4278389 0.138721 0.8931465 -0.5232419 0.1918271 0.8303133 -0.7073822 0.1222725 0.6961752 -0.7268052 0.1335942 0.673726 -0.9227774 0.1156612 0.3675656 -0.9118214 0.1276707 0.3902333 -0.9944065 0.1056199 3.831e-4 -0.995722 0.09236502 -0.002515435 -0.8915934 0.4076729 0.1971401 -0.870899 0.4367876 0.225281 -0.6965289 0.713505 0.07588297 -0.5037006 0.8039985 0.3160256 -0.3151792 0.9255114 0.209978 -0.7640054 0.4440566 0.4680913 -0.6807711 0.5220274 0.5138464 -0.5072433 0.7824392 0.3612384 -0.3293498 0.7155678 0.6160288 -0.4739869 0.5006441 0.7243562 -0.3360002 0.6645542 0.6674366 -0.4439951 0.3672997 0.8172879 -0.2705268 0.3196113 0.9081101 -0.2253581 0.2295269 0.9468533 -0.003416538 0.09756898 0.995223 -0.00452578 0.1006528 0.9949114 -0.5658153 0.1126319 0.816803 -0.4226489 0.1372565 0.8958396 -0.2484138 0.0907846 0.9643904 -0.7505458 0.1440303 0.6449314 -0.7781208 0.1365883 0.6130837 -0.8777105 0.1343274 0.4599788 -0.9389293 0.1012607 0.3288742 -0.9944766 0.1046924 -0.007461309 -0.9948261 0.1014885 -0.004603385 -0.9742795 0.1162188 -0.1930615 -0.8473114 0.1294305 -0.5150836 -0.9366999 0.1014534 -0.3351125 -0.7754227 0.1159777 -0.6207004 -0.6265503 0.1265923 -0.7690314 -0.3506321 0.1223361 -0.9284886 -0.5580189 0.1099805 -0.822508 -0.2019516 0.09493124 -0.9747839 -0.4307092 0.237771 -0.8706059 -0.2778977 0.3833488 -0.8808046 -0.2506858 0.5944137 -0.7640872 -0.6825299 0.3188928 -0.6576172 -0.6042454 0.34983 -0.7158956 -0.3762219 0.666056 -0.6440703 -0.3360968 0.6640895 -0.6678505 -0.7793297 0.4651292 -0.4198813 -0.6985666 0.6277559 -0.3434053 -0.4829865 0.7407596 -0.466904 -0.8912163 0.3166322 -0.3247734 -0.3308584 0.9087622 -0.2543306 -0.009171426 0.1007308 -0.9948715 -0.01176542 0.09423351 -0.9954807 -0.9942218 0.1065776 -0.01282566 -0.9940255 0.108286 -0.01368933 0.2460685 0.8445768 0.4755421 0.1790292 0.7446924 0.6429478 0.2618671 -0.1688382 0.9502207 -0.242702 0.7824656 0.5734487 -0.2088173 0.8006002 0.5616357 -0.327763 0.8520935 0.4080541 0.02190917 0.7958802 0.6050577 0.1078798 0.7721444 0.6262227 -0.4153956 0.810528 0.4129056 -0.4146928 0.8888312 0.1949589 -0.5486752 0.7785013 0.3047809 -0.620025 0.5003916 0.6042991 -0.7593393 0.592981 0.2679133 -0.8119758 0.4639694 0.3541582 0.5331278 0.3183179 0.7838678 0.530202 0.377906 0.7589947 -0.314297 0.5072736 0.8024282 0.3691605 0.5618512 0.7402998 -0.4221554 0.8038398 0.419078 0.2323886 0.5183048 0.8230164 -0.06794744 0.5102305 0.8573495 -0.06874227 0.5093912 0.8577851 0.1801311 0.4233561 0.8878752 -0.2914787 0.5254951 0.7993091 -0.6156446 0.4623702 0.6381188 -0.6900088 0.459112 0.5595571 -0.5818213 0.7029431 0.4090905 -0.04970961 0.706088 0.7063772 -0.3942786 0.6827319 0.6151599 -3.6427e-4 0.9973457 -0.07281136 -0.01864308 0.9762755 -0.2157285 0.001048207 0.9175565 -0.3976041 -0.01610648 0.8241789 -0.5661005 0.01150733 0.7361811 -0.6766868 -0.007812976 0.445525 -0.8952354 -0.00459063 0.432121 -0.901804 -0.8115463 0.2663668 -0.5200398 -0.7956848 0.3556533 -0.4903025 -0.7428293 0.517724 -0.4244604 -0.6438849 0.6963424 -0.3170483 -0.5571473 0.7953525 -0.2387496 -0.4854491 0.8567591 -0.1740779 -0.2852987 0.958302 -0.01618939 -0.239515 0.9706891 0.01988714 -0.8632879 0.4965143 0.09059596 -0.8935726 0.4439759 0.06643426 -0.6507037 0.7458639 0.1423789 -0.5767747 0.8047022 0.1406602 -0.2864506 0.9414588 0.1777678 -0.3023922 0.9372014 0.1738176 -0.009640097 0.3936472 0.919211 -0.01346743 0.3166127 0.9484593 -0.02105057 0.8815642 0.4715946 -0.02159816 0.8762238 0.4814202 -0.01976931 0.6857811 0.7275394 -0.01657032 0.7317485 0.6813732 -0.1449148 0.8458581 0.5133458 -0.1238378 0.9535139 0.2747281 -0.5471158 0.6153109 0.5675007 -0.4490645 0.8108766 0.3752604 -0.05542731 0.9648842 0.2567614 -0.3048731 0.8808516 0.3621503 -0.3508278 0.8477373 0.3978208 -0.7343252 0.4923406 0.4672979 -0.8443139 0.3567537 0.3998261 -0.692349 0.6181185 0.3722666 -0.2581164 0.3758015 0.8900277 -0.2429813 0.575029 0.7812181 -0.3087406 0.3468896 0.8856336 -0.4255238 0.4451953 0.7878647 -0.5174567 0.3984258 0.7572948 -0.2690018 0.6973155 0.6643713 -0.6698611 0.2970217 0.6804883 -0.8670135 0.3281054 0.3750128 -0.4363729 0.7072237 0.5562495 -0.611643 0.557205 0.5616186 -0.926225 0.3702068 0.07109361 -0.8606794 0.4972089 0.1096102 -0.7780503 0.6167679 0.1193124 -0.5965945 0.7870182 0.1570908 -0.5444849 0.8210895 0.171314 -0.3453493 0.9225147 0.1723387 -0.01715666 0.8994687 0.4366484 -0.007137835 0.92736 0.3741022 -0.007335066 0.7141428 0.6999617 -0.009332001 0.7067509 0.707401 -0.008632957 0.469721 0.8827727 -0.01224058 0.4532221 0.8913137 0.6945768 0.7046607 0.1449706 0.7919238 0.6003421 0.1115623 0.8954069 0.437083 0.08488172 0.931698 0.3541268 0.08082807 0.5729856 0.8048835 0.1544346 0.4409415 0.8796145 0.1784629 0.3992341 0.8995677 0.1771726 0.4143118 0.707449 0.572592 0.2324327 0.8867809 0.3994933 0.1880503 0.7110117 0.6775689 0.1833031 0.6994674 0.6907571 0.05287992 0.9274194 0.3702662 0.4166839 0.6796987 0.6036425 0.3386611 0.4136099 0.8451245 0.5776197 0.4058608 0.7082602 0.3468474 0.4248582 0.8361773 0.2409195 0.9321684 0.2702219 0.5926445 0.652531 0.4722031 0.7651505 0.4280956 0.4809146 0.8856049 0.3095169 0.3462706 0.7268419 0.5491499 0.4124746 0.5237773 0.8025423 0.2856276 0.6539043 0.3481972 0.6716904 0.1950441 0.4771322 0.8569146 0.3302288 0.7826403 0.5276583 0.001139342 0.8930089 0.4500377 0.01951789 0.3187701 0.9476311 -0.01187348 0.4234921 0.905822 0.02352929 0.6081922 0.7934411 0.02561324 0.847202 0.5306533 -0.003294587 0.7166659 0.6974089 0.7955273 0.5928498 0.1251624 0.887029 0.4572591 0.06398183 0.3148371 0.9373024 0.1494724 0.4689597 0.8655076 0.175993 0.6876239 0.7161928 0.119337 2.17772e-4 0.9851174 0.1718826 1.29809e-4 0.9849388 0.172904 -0.003001451 0.9780181 0.2084991 -9.9937e-5 0.9847095 0.1742045 4.30843e-6 -0.1735513 0.9848248 -5.84073e-5 -0.1733332 0.9848633 8.3053e-6 -0.1736103 0.9848144 8.28336e-6 -0.1734766 0.9848381 4.82739e-5 -0.1739801 0.9847492 7.0008e-6 0.1740055 -0.9847447 4.00298e-6 0.1740493 -0.984737 3.31283e-6 0.1737321 -0.984793 -2.64638e-5 0.1733736 -0.9848561 -2.43528e-5 0.1733158 -0.9848663 0.2311341 0.9713656 0.05500805 0.3653655 0.8864192 0.2841992 0.3662562 0.9293 0.04751831 0.2311377 0.971366 0.05498784 0.07849699 0.9951552 0.05919909 0.07847023 0.9951549 0.05923748 -0.07615107 0.995333 0.05927336 -0.07606017 0.9953495 0.05911237 -0.2287897 0.9719227 0.05496913 -0.2288901 0.9718884 0.05515801 -0.3653088 0.929668 0.04761415 -0.3647149 0.9299488 0.04667335 -0.3647604 0.8899319 0.2738088 0.3717039 0.8870316 0.2738817 0.2311353 0.9312641 0.2816446 0.2311375 0.9312658 0.2816373 0.0784555 0.9550647 0.2858254 0.07842254 0.9550496 0.2858851 -0.07607346 0.95523 0.2859169 -0.07607519 0.9552312 0.2859126 -0.2288286 0.931788 0.2817956 -0.2287965 0.9318168 0.2817261 -0.3216886 0.9446954 -0.06377339 -0.3622279 0.9320017 -0.01280283 -0.2141343 0.9629752 -0.1637843 -0.1721172 0.9645854 -0.1998764 -0.07140403 0.9785838 -0.1930686 -0.09999692 0.9734379 -0.2059596 0.07366096 0.9784786 -0.1927528 0.03176116 0.9761227 -0.2148855 -0.02932608 0.9761826 -0.2149592 0.2156087 0.9626811 -0.1635788 0.1752228 0.9642733 -0.1986806 0.1015868 0.9734247 -0.2052424 0.3662284 0.9293133 0.0474736 0.3644655 0.931151 -0.01108616 0.3227116 0.8649295 0.3843883 0.3684049 0.871017 0.3249728 0.2113173 0.8417236 0.4968366 0.1766467 0.8331531 0.5240725 0.07365632 0.8529919 0.5167008 0.1127628 0.8395708 0.5314184 -0.07142513 0.8531792 0.5167049 -0.03174155 0.8433901 0.5363634 0.0293954 0.8429329 0.5372152 -0.210257 0.8425124 0.4959485 -0.1804463 0.8340907 0.521279 -0.1148359 0.839096 0.5317245 -0.3643977 0.8898795 0.2744612 -0.3635305 0.8717103 0.3285831 -0.2716904 0.9589771 -0.08091473 -0.2395203 0.967634 -0.07946366 -0.2241107 0.9725495 -0.06262636 -0.07447361 0.9955012 -0.05857551 -0.07458031 0.9954871 -0.05867838 0.07682031 0.995315 -0.05870896 0.07688575 0.9953135 -0.05864816 0.2425521 0.9680827 -0.06312251 0.2256599 0.9712347 -0.0760318 0.2788289 0.9571359 -0.07839286 0.3254429 0.9435932 -0.06098312 -0.3258 0.8655539 0.380356 -0.2790374 0.8718994 0.4024048 -0.2232963 0.886415 0.4054715 -0.2397232 0.8879623 0.3924994 -0.07448595 0.9145631 0.3975254 -0.07448184 0.9145675 0.3975157 0.07678467 0.914393 0.3974791 0.07679992 0.9143801 0.3975059 0.2263042 0.8910849 0.3933879 0.2404907 0.8814787 0.4063982 0.2717168 0.8729323 0.4051659 0 -1 -7.21884e-6 0 -1 7.11994e-6 0 -1 -1.05822e-5 0 -1 0 0 -1 -7.52432e-7 0 -1 2.2058e-6 0 -1 -1.21029e-6 0 -1 4.28208e-7 0 -1 -2.17746e-7 0 -1 8.67193e-7 0 -1 6.2757e-7 0 -1 -3.3216e-7 0 -1 1.78611e-7 0 -1 1.4634e-7 0 -1 -3.00888e-7 0 -1 -3.00888e-7 0 -1 4.70678e-7 0 -1 1.95376e-7 0 -1 -5.5259e-7 0 -1 -5.41413e-6 0.6431026 0.690784 -0.3305094 0.1731926 0.8980892 -0.4042776 0.5730672 0.7924243 -0.2089446 0.07233017 0.9947453 -0.07245832 0.8625504 0.4448671 -0.2410399 0.6795939 0.6627538 -0.3144991 0.5985408 0.3507369 -0.7202309 0.1156084 0.727771 -0.676006 0.1415122 0.9454996 -0.2932659 0.4559038 0.6784034 -0.5761255 0.1992923 0.815617 -0.5431864 0.4206807 0.5847928 -0.6935743 0.3225245 0.483684 -0.813651 0.2758123 0.3537077 -0.8937665 0.4712455 0.6489619 -0.5973073 0.6502088 0.5185666 -0.5552633 0.4314435 0.7896419 -0.4362592 0.3418254 0.8387786 -0.4237995 0.6073191 0.3936668 -0.6900653 0.8464987 0.3226383 -0.4234912 0.7215659 0.423354 -0.5478267 0.2751424 0.9356584 -0.2209983 0.06224817 0.9980608 2.84086e-4 0.4727269 0.6317047 0.6143929 0.381537 0.9239929 0.02581626 0.3216997 0.8978061 0.3007552 0.1102428 0.8574532 0.502614 0.2317968 0.8101914 0.5383867 0.5360338 0.4262486 0.7286837 0.5500683 0.4108867 0.7270468 0.3607656 0.4113546 0.8370398 0.2061303 0.2679418 0.9411257 0.2374036 0.6277748 0.7413086 0.2402635 0.625361 0.7424265 0.8336321 0.5069696 0.2191786 0.6578505 0.7129148 0.2428689 0.7861462 0.4405969 0.433415 0.8598517 0.4730322 0.1920824 0.4273142 0.8597809 0.2796061 0.1622507 0.9556217 0.24589 0.5710335 0.6537976 0.496457 0.5326195 0.5777191 0.618512 0.5095263 0.6062224 0.610637 -0.1611365 0.9081975 0.3862804 -0.06288087 0.9979563 0.01137095 -0.5900051 0.7991633 0.1150317 -0.6633138 0.5902006 0.460085 -0.8575387 0.4754018 0.1965216 -0.650844 0.5316595 0.5419782 -0.7841011 0.2055908 0.5855919 -0.1790316 0.9632822 0.2000879 -0.3113366 0.8032265 0.5078353 -0.320715 0.7953645 0.5143318 -0.4219524 0.1896634 0.8865575 -0.537208 0.6117697 0.5806423 -0.4757105 0.8096752 0.343694 -0.4991479 0.7943689 0.3461641 -0.5941528 0.4253222 0.682703 -0.6899429 0.6841851 0.2363675 -0.289592 0.5193015 0.804029 -0.3736777 0.4892783 0.7880176 -0.3235658 0.9282162 0.1836304 -0.3996418 0.8903313 0.2181668 -0.3437319 0.9355453 0.08126145 -0.8727516 0.3730816 0.314825 -0.822309 0.3528373 0.446446 -0.3021059 0.9385915 -0.1666675 -0.6200697 0.6718702 -0.4050977 -0.4736663 0.6769602 -0.5633518 -0.1557006 0.9828479 -0.09883028 -0.2235738 0.8756337 -0.4281125 -0.3233721 0.7041319 -0.6321621 -0.3359546 0.4271798 -0.8394356 -0.8677517 0.4222301 -0.2621619 -0.5997475 0.7887375 -0.1348932 -0.7011348 0.3598446 -0.6155664 -0.6605037 0.4058952 -0.6316518 -0.4489986 0.3710861 -0.8128317 -0.3738096 0.439727 -0.8166435 -0.2791192 0.8417176 -0.4621731 -0.1731819 0.6183541 -0.7665809 -0.4933224 0.6480675 -0.5802083 -0.5340809 0.7167571 -0.448349 -0.8073347 0.4942783 -0.3223351 -0.03489226 0.9980118 -0.05248856 -0.03023147 0.9974507 -0.0646395 -0.03287148 0.9975717 -0.06140404 -0.05257505 0.9961324 -0.07039952 -0.04294985 0.9973261 -0.05912744 -0.02950447 0.9978095 -0.05921041 -0.03233402 0.9975889 -0.0614084 -0.03378939 0.9973028 -0.06515711 -0.03802436 0.9971487 -0.06518274 -0.03489822 0.9971904 -0.06628441 -0.04006117 0.9965821 -0.07224494 -0.04002034 0.9965918 -0.07213336 -0.0425207 0.9975769 -0.05506759 -0.03081071 0.9977246 -0.05996912 -0.001348018 0.9208618 0.3898872 -0.001984715 0.9217818 0.3877041 0 1 -2.37974e-7 0 1 0 0 1 1.19866e-7 0 1 -3.65492e-7 0 1 1.18569e-6 0 1 -2.07522e-7 0 1 2.61846e-7 0 1 8.00934e-7 0 1 -9.6674e-7 0 1 -1.88511e-6 0 1 1.11883e-6 0 1 2.2227e-6 0 1 1.36632e-5 0 1 -6.91328e-6 0 1 1.07445e-6 0 1 2.15444e-6 0 1 -1.01432e-6 0 1 4.04131e-7 0 1 -4.0022e-7 0 1 -8.03275e-7 0 1 -2.96421e-7 0 1 4.02812e-7 0 1 -1.2183e-7 0 1 2.51026e-7 0 1 -1.30924e-7 0.425669 0.2233232 0.876888 0.3820363 0.4481921 0.8081907 0.3518139 0.5037747 0.7889475 0.3370837 0.6346797 0.6953822 0.2556113 0.7762506 0.5762796 0.1828283 0.9068495 0.3797339 0.2507397 0.8075903 0.5337861 0.1210446 0.9468985 0.2978785 0.09241354 0.9785517 0.18411 -0.1211752 0.9757379 -0.1823521 -0.1977518 0.9483516 -0.2480391 -0.2846642 0.8611605 -0.4211519 -0.3963981 0.7212215 -0.5680741 -0.3825854 0.7698941 -0.5107755 -0.4873688 0.511201 -0.7079162 -0.5427472 0.4080514 -0.7341115 -0.5490891 0.2660475 -0.7922878 0.0825625 0 0.9965859 0.24549 0 0.9693992 0.2454891 0 0.9693995 0.4017055 0 0.9157689 0.4017046 0 0.9157694 0.5469483 0 0.8371666 0.6772797 0 0.7357257 0.6772812 0 0.7357243 0.7891374 0 0.6142168 0.7891378 0 0.6142162 0.8794722 0 0.4759504 0.8794724 0 0.4759501 0.9458159 0 0.3247035 0.9458159 0 0.3247035 0.9863628 0 0.1645861 0.9863628 0 0.164586 0.9863628 0 -0.1645861 0.9863628 0 -0.164586 0.9458159 0 -0.3247037 0.945816 0 -0.3247033 0.8794724 0 -0.4759501 0.8794722 0 -0.4759504 0.7891375 0 -0.6142165 0.7891377 0 -0.6142165 0.6772807 0 -0.7357248 0.6772801 0 -0.7357252 0.5469483 0 -0.8371666 0.4017039 0 -0.9157697 0.4017062 0 -0.9157687 0.2454801 0 -0.9694017 0.2454792 0 -0.9694018 0.08257287 0 -0.996585 0.08257299 0 -0.996585 -0.08257287 0 -0.996585 -0.08257299 0 -0.996585 -0.2454792 0 -0.9694018 -0.2454801 0 -0.9694017 -0.4017055 0 -0.9157689 -0.4017046 0 -0.9157694 -0.5469483 0 -0.8371666 -0.6772797 0 -0.7357257 -0.6772812 0 -0.7357243 -0.7891374 0 -0.6142168 -0.7891378 0 -0.6142162 -0.8794722 0 -0.4759504 -0.8794724 0 -0.4759501 -0.9458159 0 -0.3247035 -0.9458159 0 -0.3247035 -0.9863628 0 -0.1645861 -0.9863628 0 -0.164586 -1 0 0 -0.9863628 0 0.1645861 -0.9863628 0 0.164586 -0.9458159 0 0.3247037 -0.945816 0 0.3247033 -0.8794724 0 0.4759501 -0.8794722 0 0.4759504 -0.7891375 0 0.6142165 -0.7891377 0 0.6142165 -0.6772807 0 0.7357248 -0.6772801 0 0.7357252 -0.5469483 0 0.8371666 -0.4017039 0 0.9157697 -0.4017062 0 0.9157687 -0.2454891 0 0.9693995 -0.24549 0 0.9693992 -0.08256244 0 0.996586 -0.0825625 0 0.9965859 0.08256244 0 0.996586 0.8970262 0.292911 -0.3309791 0.7016416 0.5769472 -0.418128 0.7040346 0.562027 -0.434121 0.6004086 0.4768133 -0.6419957 0.4847372 0.4882706 -0.725687 0.3584399 0.3435958 -0.8680223 0.3408712 0.4762829 -0.8105316 0.3399688 0.888135 -0.309253 0.2718709 0.8904016 -0.3650637 0.1953492 0.7457984 -0.6368858 0.9171226 0.3975649 -0.02878189 0.9359757 0.3508694 -0.02898353 0.7613046 0.6462398 -0.05281525 0.6665831 0.7440004 -0.04615694 0.4168589 0.9068951 -0.06139987 0.3849836 0.920589 -0.06560236 0.08405238 0.9945195 -0.06217759 0.3590065 0.1076702 -0.9271039 0.2513013 0.1183667 -0.9606441 0.5759056 0.1355251 -0.8062045 0.6391512 0.1222032 -0.7593104 0.8718054 0.1391435 -0.469675 0.8403934 0.1270574 -0.5268732 0.9566569 0.1002276 -0.2734265 -0.002955079 0.2859188 -0.9582494 -0.01900649 0.4752421 -0.8796498 -0.01432907 0.5758104 -0.8174576 -0.02984887 0.8964315 -0.4421761 0.008144855 0.624061 -0.7813333 -0.02812474 0.807631 -0.5890172 -0.02483069 0.9658508 -0.2579066 0.6054692 0.1854194 -0.7739682 0.7530624 0.2856547 -0.5927045 0.8153045 0.4503613 -0.3639412 0.7376102 0.459115 -0.4951208 0.6253173 0.5620113 -0.5414071 0.2510882 0.2786759 -0.9269814 0.4563375 0.8473132 -0.2716922 0.4010851 0.5785217 -0.7102418 0.3626827 0.5192693 -0.7738351 0.3707584 0.4654753 -0.8036611 0.3544251 0.8645431 -0.3562978 0.2705234 0.7852339 -0.5569783 0.9377539 0.3472825 -0.003567576 0.8213626 0.5676385 -0.05612653 0.6930525 0.7197507 -0.0404638 0.5180227 0.8517602 -0.07846665 0.3751539 0.9258183 -0.04604572 0.8871204 0.394573 0.2394361 0.8004202 0.5133891 0.3094497 0.3112651 0.3141775 0.8968872 0.5469364 0.4486535 0.7068032 0.6376625 0.5289267 0.5600206 0.6650343 0.5167885 0.5391281 0.3736113 0.4572286 0.8070667 0.6804137 0.7203695 0.1345551 0.2629681 0.5895888 0.7636969 0.4332104 0.777364 0.4561077 0.4631042 0.8387241 0.2864898 0.3222821 0.776221 0.5418627 0.3667312 0.9157621 0.1639758 -0.003238856 0.2704954 0.9627159 -0.002373874 0.2881406 0.9575852 -0.01590192 0.608859 0.7931191 -0.01881974 0.6260536 0.779553 -0.02536815 0.8577616 0.5134215 -0.01327878 0.7972984 0.6034395 -0.0276845 0.9443444 0.3277917 -0.02324974 0.9777608 0.2084306 0.9737409 0.1067088 0.2011019 0.8406753 0.1204851 0.5279664 0.883894 0.1420612 0.4455896 0.5639117 0.1134195 0.8180096 0.6553378 0.1454209 0.7412052 0.2687017 0.1003579 0.9579811 0.3703003 0.1267536 0.9202235 0.0762369 0.1029995 0.9917556 0.9365258 0.3503989 -0.01183515 0.8936738 0.4478898 -0.02723985 0.6941239 0.7188367 -0.03828877 0.6834094 0.7289144 -0.04044061 0.4569993 0.8885257 -0.04091304 0.3628824 0.9301951 -0.05525821 0.09072351 0.9940797 -0.05978929 0.670516 0.3579967 0.6498051 0.8667874 0.3181735 0.3839858 0.8700679 0.4018894 0.2854241 0.3026954 0.270069 0.9140231 0.4948236 0.5460474 0.6760045 0.6177917 0.7420716 0.2601215 0.6634349 0.7147794 0.2212342 0.3178508 0.4499177 0.8345927 0.4611533 0.6823655 0.5671992 0.3002479 0.7861136 0.5402561 0.3961421 0.902629 0.1683223 0.2058663 0.9106855 0.3581495 -0.009473621 0.3274196 0.9448317 -0.02311891 0.2545866 0.9667737 -0.01023656 0.5365695 0.8437941 -0.02569377 0.6150426 0.7880753 -0.01691597 0.7399049 0.6724988 -0.04196244 0.850885 0.5236735 -0.01832419 0.943805 0.3299947 -0.04053533 0.9789873 0.1998522 -0.3964124 0.2531158 0.8824906 -0.4307823 0.599864 0.6742328 -0.5442681 0.4915927 0.6797861 -0.5344789 0.557951 0.634841 -0.3137121 0.8153471 0.4866148 -0.7301436 0.5530449 0.4012877 -0.8308017 0.4546115 0.3210874 -0.3849115 0.8967607 0.2183195 -0.4102999 0.8759771 0.2536102 -0.6112976 0.7580254 0.2274047 -0.935715 0.3521689 -0.02035945 -0.8886191 0.4582749 -0.01844835 -0.7370703 0.6745647 -0.04110956 -0.6857188 0.7268353 -0.03873348 -0.3892636 0.9194183 -0.05606889 -0.4488162 0.8923956 -0.04684329 -0.2169976 0.1123074 0.9696902 -0.4401784 0.1199215 0.8898662 -0.2604668 0.1230905 0.9576043 -0.559196 0.1365654 0.8177101 -0.6129726 0.125693 0.7800424 -0.7947578 0.139473 0.5906838 -0.8250446 0.1262924 0.5507737 -0.9667435 0.1185165 0.2266299 -0.961515 0.1150518 0.2495033 -0.03232252 0.6062924 0.7945846 -0.01506936 0.4697396 0.8826764 -0.01807308 0.284853 0.9584009 -0.03165102 0.8147817 0.5789034 -0.03961783 0.8639091 0.5020872 -0.03704255 0.9504823 0.3085634 -0.04252541 0.976788 0.2099447 -0.037799 0.9966641 0.07233244 -0.3925309 0.336507 0.8559689 -0.3755065 0.2872353 0.8811872 -0.2552688 0.5908275 0.7653501 -0.6477765 0.3863313 0.6566078 -0.4067295 0.745911 0.5274353 -0.4251343 0.7445158 0.5147399 -0.6355929 0.6095539 0.4737781 -0.3431451 0.9261773 0.1563558 -0.7422337 0.5866156 0.3239929 -0.8575949 0.4480287 0.2525894 -0.9361979 0.3514714 0.001230478 -0.4313098 0.9011756 -0.04306286 -0.5365113 0.8416734 -0.06116789 -0.6720992 0.7393171 -0.0411446 -0.8138153 0.5780586 -0.05960679 -0.8857154 0.3226317 -0.3337919 -0.8331145 0.2094714 -0.5119007 -0.8254041 0.4999819 -0.2621569 -0.6655353 0.3246917 -0.6720404 -0.6018683 0.2421718 -0.7609911 -0.3880383 0.2745326 -0.8798058 -0.2773189 0.5575113 -0.7824804 -0.4511486 0.7726125 -0.4466935 -0.5134842 0.6632104 -0.5445052 -0.328256 0.3452108 -0.8792483 -0.5781866 0.6095611 -0.5423427 -0.02137893 0.3052057 -0.9520465 -0.01686835 0.4790838 -0.8776071 -0.03398519 0.6194755 -0.7842801 -0.02837347 0.8144623 -0.5795225 -0.0462861 0.900547 -0.4322879 -0.8977364 0.1199026 -0.4239019 -0.9351293 0.1008832 -0.3396406 -0.7542243 0.1183631 -0.6458607 -0.7493976 0.1201643 -0.6511251 -0.4266451 0.1249009 -0.8957532 -0.3909973 0.113749 -0.9133359 -0.9411404 0.3364754 -0.03223609 -0.8510023 0.5243349 -0.02946215 -0.7032184 0.708953 -0.0535674 -0.6498914 0.7582449 -0.05201983 -0.3907708 0.9180748 -0.06661081 -0.4144016 0.9078257 -0.06421899 -0.5931847 0.802654 -0.06227749 -0.8594757 0.3971088 -0.321879 -0.7764605 0.3714097 -0.5090816 -0.6300362 0.4974526 -0.5963181 -0.8044998 0.2316682 -0.5469095 -0.2442066 0.7148172 -0.6552858 -0.3585675 0.8736659 -0.328842 -0.4056489 0.8213647 -0.4010103 -0.288757 0.3476212 -0.8920644 -0.6826798 0.6506338 -0.3326017 -0.6323412 0.6584844 -0.4080968 -0.4608983 0.4903573 -0.7396774 -0.376998 0.3518904 -0.8567647 -0.009765863 0.4370359 -0.8993911 -0.01680952 0.4617225 -0.8868652 -0.02451008 0.7058743 -0.707913 -0.03080028 0.7193531 -0.6939615 -0.04037487 0.9476703 -0.3166875 -0.03346955 0.9573057 -0.2871334 0.3499909 0.3514738 0.868316 0.6612685 0.4575753 0.5944316 0.532847 0.5205155 0.6671865 0.4232603 0.6558613 0.6250573 0.8932496 0.3342591 0.3006259 0.7476502 0.4824465 0.4563601 0.3634145 0.858022 0.3629439 -0.3010742 0.4069098 0.8624261 -0.2578251 0.7289618 0.6341459 -0.4515066 0.5428093 0.7081666 -0.5869732 0.5069516 0.6312389 -0.6844517 0.4010208 0.6088582 -0.7520042 0.3464942 0.560742 -0.8453137 0.3571459 0.3973559 -0.2794615 0.8246515 0.4917837 -0.5115888 0.8037296 0.303802 -0.1876648 0.09534281 0.9775949 -0.4325212 0.1131398 0.894497 -0.4829653 0.1343202 0.865276 -0.747474 0.1297609 0.6514943 -0.8392795 0.1362782 0.5263443 -0.7408307 0.1261588 0.6597378 -0.9373669 0.09597373 0.3348619 -0.9574193 0.1101545 0.2668604 -0.3315044 0.3656905 0.8696985 -0.469239 0.537943 0.7003086 -0.5275823 0.5423986 0.6538048 -0.5851648 0.611225 0.5329036 -0.2643997 0.902684 0.3394915 -0.6504853 0.6127796 0.4487427 -0.8466489 0.4271519 0.3173754 -0.8489997 0.5148092 -0.1190416 -0.881307 0.3573053 -0.3092427 -0.1265136 0.9675489 -0.2187315 -0.1785203 0.9168025 -0.3572169 -0.01922261 0.8241602 -0.5660306 -0.1636306 0.7431544 -0.6488041 -0.1361819 0.4677138 -0.873326 -0.1036419 0.4398361 -0.8920777 -0.425557 0.8146245 -0.3940665 -0.3940224 0.6745995 -0.624229 -0.1589533 0.3110471 -0.9370078 -0.4494978 0.5902163 -0.6705195 -0.4303154 0.5176034 -0.7395374 -0.603439 0.2104517 -0.7691368 -0.5077671 0.2952656 -0.8093152 -0.356187 0.1922495 -0.9144239 0.2734497 0.9598137 -0.06311136 0.819813 0.4902505 -0.2959071 0.8164099 0.5141998 -0.2628187 0.6159211 0.7402019 -0.269708 0.4810403 0.7903883 -0.3793241 0.3432191 0.889527 -0.3015664 0.7110359 0.4745538 -0.5188705 0.6200489 0.5288629 -0.57952 0.4741692 0.7003588 -0.5335366 0.4924135 0.3421413 -0.8002926 0.3029155 0.676207 -0.6715552 0.3236921 0.3237445 -0.8890517 0.3432813 0.3405045 -0.8753369 0.2028001 0.3217613 -0.924847 0.8202605 0.1946681 0.5378449 0.2918755 0.3245207 0.8997195 0.320236 0.4093188 0.8543459 0.2586058 0.542601 0.7991916 0.6751132 0.3249456 0.6622934 0.6237621 0.4182471 0.6602956 0.5919043 0.5879456 0.5513343 0.446662 0.7097485 0.5447478 0.41689 0.7516939 0.5110375 0.881895 0.2805028 0.3789188 0.8012003 0.5425612 0.2523991 0.8951075 0.1090318 0.4323133 0.8618191 0.1367818 0.4884247 0.700079 0.1193212 0.7040255 0.6142976 0.1373617 0.7770265 0.5053711 0.1189013 0.8546711 0.3084926 0.133089 0.9418703 0.1953259 0.1065275 0.9749358 0.2269986 0.8935098 0.387443 0.4401651 0.8344503 0.3315834 0.5337442 0.7807944 0.3247728 0.707367 0.6581272 0.2578773 0.8204316 0.5241587 0.2283632 0.9237299 0.3610913 0.1278136 0.5514509 0.3088476 0.7749292 0.3687177 0.3545558 0.8592658 0.3779735 0.3445945 0.8592966 0.2670495 0.6688485 0.6937769 0.3242315 0.6341556 0.7019407 0.797718 0.4449443 0.4070265 0.6534558 0.5177212 0.5522322 0.5511558 0.6433612 0.5313321 5.01455e-4 0.3727343 0.927938 -0.007101655 0.5700405 0.821586 -0.003416478 0.6398762 0.7684704 -0.008799672 0.7788065 0.6272026 -0.4254614 0.3800298 0.8213161 -0.4136223 0.4573872 0.7872189 -0.5097273 0.5500909 0.661497 -0.730136 0.4213888 0.5378969 -0.4168057 0.7668519 0.4880688 -0.8442146 0.4176461 0.3359665 -0.2227656 0.9064032 0.3588994 -0.4285869 0.8264826 0.3650206 -0.5949205 0.748215 0.2936734 -0.8092828 0.545038 0.2190781 -0.8499295 0.4815211 0.2139099 -0.9731281 0.2166566 0.07798528 -0.00792396 0.4829788 -0.8755962 -0.2527433 0.9553646 0.1529685 -0.4824516 0.8743792 0.05197471 -0.07908594 0.9968435 -0.006966292 -0.794127 0.5966639 -0.1155619 -0.8448058 0.4764966 -0.2434217 -0.9064312 0.3560287 -0.2272137 -0.5453464 0.8158619 -0.1922677 -0.5344718 0.8251025 -0.183155 -0.1658404 0.9286512 -0.3318194 -0.1440544 0.9369836 -0.3182924 -0.5626421 0.7216161 -0.4033661 -0.665147 0.5524645 -0.502357 -0.6255471 0.4712619 -0.6217741 -0.6573538 0.3751071 -0.6535906 -0.2017588 0.768093 -0.6077226 -0.2142814 0.7578666 -0.6162157 -0.2592679 0.6235767 -0.7375177 -0.3680815 0.5417432 -0.7556656 -0.2851046 0.242501 -0.9273126 -0.1590023 0.2720192 -0.9490647 -5.45215e-4 0.1223873 -0.9924823 0.002139985 0.3995387 -0.9167139 -0.003054261 0.4830735 -0.8755745 0.003024458 0.6829192 -0.7304877 -0.002105712 0.7838542 -0.6209414 9.88913e-4 0.8612075 -0.5082527 -0.003578603 0.9409099 -0.3386382 0.001857399 0.9781091 -0.2080848 -0.00361824 0.9999838 -0.004400193 0.002178788 0.9925026 0.1222046 0.9231864 0.3823294 -0.03938359 0.356669 0.9249327 0.1314792 0.7312492 0.5809713 -0.3574172 0.7393373 0.5953944 -0.3144615 0.6680024 0.7233 -0.1749573 0.4191671 0.8990167 -0.12676 0.314014 0.9208839 -0.2310155 0.5800762 0.4091923 -0.7043247 0.6533123 0.5875724 -0.4774324 0.3110553 0.7647218 -0.5643095 0.5469802 0.3980607 -0.7364512 0.3560277 0.7718319 -0.5268014 0.3201843 0.4878547 -0.8120837 0.2536536 0.6521003 -0.7144405 0.2196112 0.3907241 -0.8939271 0.03829962 0 -0.9992664 -0.03829956 0 -0.9992664 -0.03830128 0 -0.9992663 -0.1526538 0 -0.9882797 -0.152654 0 -0.9882797 -0.3017272 0 -0.9533944 -0.3017264 0 -0.9533946 -0.443714 0 -0.8961684 -0.4437134 0 -0.8961688 -0.5753185 0 -0.8179295 -0.5753181 0 -0.8179298 -0.6934345 0 -0.7205198 -0.693434 0 -0.7205201 -0.795291 0 -0.6062279 -0.7952915 0 -0.6062273 -0.8785186 0 -0.4777083 -0.8785187 0 -0.4777081 -0.9411402 0 -0.3380165 -0.9411401 0 -0.3380169 -0.9817064 0 -0.190401 -0.9817065 0 -0.1904007 -0.9992664 0 -0.03829979 -0.9992664 0 -0.03829979 -0.9934031 0 0.1146741 -0.9934033 0 0.1146742 -0.9642506 0 0.2649922 -0.9125084 0 0.4090582 -0.9125087 0 0.4090573 -0.839366 0 0.5435668 -0.839366 0 0.5435667 -0.7465506 0 0.6653288 -0.7465509 0 0.6653283 -0.6362333 0 0.7714967 -0.5110305 0 0.8595626 -0.5110301 0 0.8595629 -0.3738041 0 0.9275078 -0.3738051 0 0.9275073 -0.2278637 0 0.9736931 -0.2278639 0 0.973693 -0.07655054 0 0.9970657 0.07655054 0 0.9970657 0.2278637 0 0.9736931 0.2278639 0 0.973693 0.3738048 0 0.9275075 0.3738044 0 0.9275076 0.5110305 0 0.8595626 0.5110301 0 0.8595629 0.6362333 0 0.7714967 0.7465509 0 0.6653283 0.7465506 0 0.6653288 0.8393658 0 0.543567 0.8393661 0 0.5435665 0.9125085 0 0.4090579 0.9125086 0 0.4090576 0.9642506 0 0.2649922 0.9934031 0 0.1146741 0.9934033 0 0.1146742 0.9992664 0 -0.03829979 0.9992664 0 -0.03829979 0.9817065 0 -0.1904011 0.9817065 0 -0.1904007 0.9411402 0 -0.3380167 0.8785187 0 -0.4777081 0.8785186 0 -0.4777083 0.7952915 0 -0.6062273 0.795291 0 -0.6062279 0.6934345 0 -0.7205198 0.693434 0 -0.7205201 0.5753179 0 -0.8179299 0.5753187 0 -0.8179293 0.4437134 0 -0.8961688 0.443714 0 -0.8961684 0.3017264 0 -0.9533946 0.3017272 0 -0.9533944 0.1526538 0 -0.9882797 0.152654 0 -0.9882797 0.03830128 0 -0.9992663 -0.3669553 0.7805143 0.5061039 -0.5053163 0.4147191 0.7567455 -0.2784515 0.7604487 0.5866709 -0.3151226 0.641372 0.6995283 0.2516616 0.2020802 0.9464831 0.1636344 0.2666478 0.9498015 -0.1014123 0.2156868 0.9711822 0.2028697 0.4117029 0.8884508 0.1499292 0.4446951 0.8830445 0.141983 0.6021073 0.7856893 0.1101378 0.6162391 0.7798199 -0.1057248 0.3664353 0.9244174 -0.2775995 0.7608163 0.586598 0.03377783 0.7261684 0.6866866 0.1177822 0.66877 0.7340805 -0.1488918 0.4775117 0.8659179 -0.1121262 0.8937661 0.4342923 -0.1245878 0.8959558 0.4263114 -0.03928816 0.7763553 0.6290699 -0.1771647 0.9621316 0.2071605 -0.01267254 0.1470322 0.9890506 -0.3096958 0.1618636 0.9369572 -0.2673499 0.2225433 0.9375492 -0.6132863 0.132789 0.7786187 -0.09216797 0.3876282 0.9171966 -0.3962064 0.297332 0.8686853 -0.5431473 0.2185441 0.8106969 -4.88191e-4 0.8721445 0.489248 -0.1170486 0.6502757 0.7506273 -0.2325286 0.4731366 0.8497484 -0.3937207 0.4213138 0.8169937 -0.4352398 0.3711375 0.820258 -0.6191908 0.2039223 0.7582997 -0.3886819 0.8816847 0.2675046 -0.3032004 0.9277539 0.2175826 -0.2253944 0.9620531 0.1537896 -0.1820319 0.9793804 0.08762663 -0.324573 0.9346337 0.1453011 -0.4256435 0.8812035 0.2056891 -0.3254328 0.9270012 0.186447 -0.3084433 0.9341773 0.1793751 -0.0152238 0.9998692 0.005473077 -0.01448643 0.9998833 0.004854619 -0.00775659 0.9999613 0.004171907 -0.01148587 0.9998897 0.009421288 -0.01044082 0.9999046 0.00905472 -0.7537157 0.2574157 -0.60469 -0.9656619 0.1725151 0.1942567 -0.7330293 0.6739744 0.09179741 -0.5776914 0.8155351 -0.03428184 -0.7324809 0.6692653 -0.1247233 -0.5352373 0.8376952 -0.1085718 -0.5002583 0.7967478 -0.3390204 -0.3248956 0.9306513 -0.1683186 -0.3526326 0.927609 -0.123256 -0.6692456 0.6955851 -0.2612887 -0.5953691 0.6523084 -0.4690731 -0.4992969 0.7962679 -0.3415554 -0.7343241 0.6673187 -0.1243142 -0.597604 0.6550649 -0.4623414 -0.7211 0.4855265 -0.4942456 -0.6872225 0.4503743 -0.5699898 -0.9236308 0.3790182 -0.05702191 -0.9425876 0.3319857 -0.03625184 -0.7850122 0.5463896 -0.2919148 -0.8678774 0.3701218 -0.3313589 -0.9780154 0.09538131 0.1854408 -0.9804902 0.1740989 -0.09126132 -0.9810909 0.1769192 -0.07848727 -0.9756671 0.1886149 0.1117951 -0.8654906 0.2669458 -0.4238705 -0.8821618 0.2882552 -0.3724237 -0.7309333 0.2899939 -0.6177703 -0.7843598 0.5460001 -0.2943871 -0.8708865 0.4882563 0.05623584 0 -1 -4.94188e-7 0 -1 4.94191e-7 0 -1 -3.3077e-7 0 -1 2.19368e-7 0 -1 -1.94861e-6 0 -1 8.72918e-7 0 -1 4.33477e-7 0 -1 3.30767e-7 0 -1 -2.1937e-7 0 -1 1.94861e-6 0 -1 -8.72909e-7 0 -1 -4.3348e-7 0 -1 -2.13496e-7 0 -1 -4.83269e-7 0 -1 4.39823e-7 0 -1 4.38063e-7 0 -1 -9.85051e-7 0 -1 6.48505e-7 0 -1 2.13497e-7 0 -1 4.83271e-7 0 -1 -4.39826e-7 0 -1 -4.38061e-7 0 -1 9.85051e-7 0 -1 -6.48501e-7 -1.15018e-5 0 1 5.66173e-6 0 1 0 0 1 2.55138e-6 0 1 -9.97775e-6 0 1 3.87106e-5 0 1 -8.32966e-6 0 1 -8.16191e-6 0 1 -7.04836e-6 0 1 -6.69068e-6 0 1 1.74578e-6 0 1 -4.70696e-6 0 1 -1.85677e-5 0 1 3.56583e-5 0 1 9.73056e-6 0 1 -3.74936e-6 0 1 9.54143e-6 0 1 0.2211178 0.04061377 0.9744011 -0.09982538 0.0481168 0.9938409 -0.05468904 0.04613465 0.9974371 0.1753577 0.04440444 0.9835029 -0.5897455 0.04443353 0.8063659 -0.549399 0.04267323 0.8344698 -0.300686 0.04616343 0.9526053 -0.2713578 0.04460203 0.9614445 -0.8660206 0 0.5000085 -0.8660218 3.11824e-6 0.5000063 -0.8660202 -5.98654e-5 0.500009 -0.8660109 -1.40146e-4 0.5000255 -0.8660562 4.33514e-5 0.4999467 -0.8660486 4.39622e-5 0.4999598 -0.8660574 3.6479e-4 0.4999446 -0.8660528 1.58293e-5 0.4999527 -0.9200838 -2.44328e-4 0.3917216 -0.802528 -0.004670441 0.5965962 -0.918557 -0.003192663 0.3952758 -0.9167761 -0.002011477 0.3993966 -0.8914347 -0.02042865 0.4526886 -0.8961973 0 0.4436558 -0.8379911 0 0.5456839 -0.8321956 -0.01747286 0.5542069 -0.8026848 -0.001407027 0.5964019 -0.7994086 -2.60881e-4 0.6007878 -0.8728229 0.04768884 -0.4857017 -0.9945409 0.04647129 0.09342879 -0.9837481 0.04062098 0.1748991 -0.7301283 0.04324489 -0.6819404 -0.7488904 0.04251503 -0.6613288 -0.9158145 0.04287528 -0.3993064 -0.987527 0.04867941 -0.1497361 -0.99571 0.04400414 -0.08139532 -0.5456714 0.7370349 -0.398776 -0.6064879 0.07584601 -0.791467 -0.8789796 0.2151702 -0.4255548 -0.7914702 0.2135266 -0.5726967 -0.7839903 0.2521018 -0.5672777 -0.7207488 0.4134338 -0.5564115 -0.6204563 0.5224835 -0.5848461 -0.6872732 0.3578456 -0.6321411 -0.6804149 0.3638296 -0.6361318 -0.7062155 0.6457319 -0.2903275 -0.7690222 0.5788874 -0.2710986 -0.6475685 0.7608695 -0.041628 -0.4739711 0.8408054 -0.2615298 -0.8207589 0.4029189 -0.4049829 -0.7974032 0.4423187 -0.4104902 -0.6939704 0.6449871 -0.3199951 -0.622626 0.6874773 -0.3737806 -0.6686301 0.629428 -0.3959221 -0.4982298 0.8511477 -0.1652718 -0.9826098 0.1382216 0.1239872 -0.9494508 0.2269838 0.2168445 -0.8370683 0.5417612 0.07623493 -0.7536959 0.6517202 0.08487421 -0.9082308 0.3914726 0.1478718 -0.9842056 0.1076631 -0.140528 -0.968356 0.2362412 -0.08047866 -0.9835295 0.1610965 -0.08196204 -0.8473786 0.5017427 -0.1737922 -0.896902 0.1466694 -0.417199 -0.9484287 0.2990902 0.1050153 -0.887266 0.4601956 0.03129106 -0.8560194 0.5155594 0.0378071 -0.7358628 0.6755769 0.04584741 -0.6842942 0.7272624 0.0532059 -0.6936753 0.2693439 -0.6680333 -0.4446158 0.8944433 -0.04783314 -0.4821012 0.8725001 -0.07951158 -0.5487043 0.8360147 -0.001728415 -0.7932997 0.5754761 -0.1987534 -0.8674354 0.4134452 -0.2768012 -0.9110907 0.3383789 -0.2354007 -0.9159881 0.3188992 -0.2434527 -0.7354298 0.13587 -0.6638392 0.5498149 -0.02885496 0.834788 0.4329968 -0.03075522 0.9008706 -0.1314597 -0.0330106 0.9907718 0.4789561 -0.03411358 -0.8771759 0.4430804 -0.07300353 -0.8935045 0.5074967 -0.0399872 -0.8607254 0.3490372 -0.04982185 -0.9357836 0.3664839 -0.03712278 -0.9296836 0.2122884 -0.05218082 -0.9758129 0.2747429 -0.02769023 -0.9611189 0.08253139 -0.05073535 -0.9952962 0.07128041 -0.04064333 -0.9966279 0.1792244 -0.03231984 -0.9832772 -0.01181864 -0.02909058 -0.999507 -0.07123345 -0.05437678 -0.9959764 -0.1167067 -0.03099036 -0.9926829 -0.2123742 -0.0436474 -0.9762132 -0.2090083 -0.04651075 -0.9768072 -0.3954253 -0.02915543 -0.9180354 -0.3489812 -0.05294853 -0.9356328 -0.3036727 -0.02935165 -0.9523243 -0.4830067 -0.04729628 -0.8743384 -0.4787895 -0.04312801 -0.8768698 -0.5661561 -0.03077834 -0.8237233 -0.5984533 -0.05268925 -0.7994232 -0.6421105 -0.02930742 -0.7660518 -0.7065349 -0.0400452 -0.7065443 -0.717017 -0.05411428 -0.694952 -0.8377516 -0.02767211 -0.54535 -0.7994592 -0.05203342 -0.5984627 -0.7802128 -0.03267496 -0.6246602 -0.8860222 -0.05632895 -0.4602087 -0.8770902 -0.03654193 -0.4789338 -0.9276066 -0.03500741 -0.3719147 -0.9357441 -0.05081391 -0.3490002 -0.9595977 -0.02752101 -0.2800269 -0.9758461 -0.05152094 -0.2122972 -0.9822247 -0.03383374 -0.1846352 -0.9967203 -0.03830289 -0.07128703 -0.9946228 -0.05417484 -0.08826535 -0.9898988 -0.03384572 0.1376771 -0.9964497 -0.05303978 0.06538283 -0.9962623 -0.04883092 0.07125377 -0.9995273 -0.03074359 -1.3643e-4 -0.9642587 -0.03455203 0.2627006 -0.9757841 -0.05273652 0.2122835 -0.9790705 -0.04422754 0.1986583 -0.922302 -0.03591328 0.3847978 -0.9356283 -0.05316162 0.3489608 -0.9453902 -0.03918623 0.3235769 -0.8980729 -0.03391563 0.4385372 -0.8769203 -0.04155302 0.4788363 -0.8622617 -0.06601536 0.5021421 -0.7888812 -0.04180961 0.6131219 -0.7994325 -0.05258733 0.59845 -0.8284803 -0.03420996 0.5589724 -0.6986075 -0.04382395 0.7141618 -0.7061853 -0.05103194 0.7061856 -0.7437908 -0.03209149 0.6676418 -0.5438945 -0.03111702 0.8385766 -0.5983568 -0.04860007 0.7997545 -0.5985655 -0.0487976 0.7995863 -0.6506723 -0.03129756 0.7587134 -0.4888145 -0.05580008 0.8706014 -0.4787361 -0.04631531 0.8767364 -0.2582398 -0.03522813 0.9654383 -0.4321192 -0.0321719 0.9012425 -0.3179215 -0.03853827 0.9473335 -0.3489461 -0.05393981 0.9355892 -0.3774303 -0.03870493 0.9252289 -0.2123637 -0.04492032 0.9761577 -0.1929984 -0.06137913 0.9792775 -0.001599311 -0.03282833 0.9994598 -0.071253 -0.04937708 0.9962354 -0.06570267 -0.05368542 0.9963941 0.07123959 -0.05302125 0.9960491 0.0615226 -0.04613113 0.9970391 0.2124136 -0.03922265 0.9763924 0.2416387 -0.07733839 0.9672795 0.1881535 -0.04000037 0.9813248 0.1250632 -0.03276497 0.9916076 0.3088132 -0.03270351 0.9505604 0.3491043 -0.04473179 0.9360157 0.3684495 -0.07522684 0.9265991 0.4786138 -0.05150192 0.8765138 0.4887401 -0.07162529 0.8694843 0.6523809 -0.02646654 0.757429 0.5977914 -0.07039541 0.7985549 0.5950562 -0.06309676 0.8012035 0.7037425 -0.09741878 0.7037444 0.692893 -0.06163173 0.7184016 0.7353643 -0.02654629 0.677152 0.8238656 -0.03860551 0.5654689 0.7935295 -0.1320626 0.594029 0.7821553 -0.05000615 0.6210739 0.8820062 -0.09613257 0.4613281 0.866866 -0.1564812 0.4733466 0.8563456 -0.03598541 0.5151478 0.954747 -0.01739782 0.2969101 0.9304896 -0.1297305 0.3425772 0.926916 -0.1459789 0.3457121 0.9124588 8.72233e-6 0.4091687 0.9859371 -0.024679 0.1652849 0.9711537 -0.1105548 0.2112773 0.9713063 -0.06704473 0.2281867 0.9988496 -0.03578323 0.03192418 0.9938925 -0.08440917 0.07108432 0.994455 -0.04528617 0.09491252 0.9943285 -0.04298317 -0.09727972 0.9948878 -0.07166045 -0.07115602 0.9989161 -0.03366518 -0.03214621 0.9726735 -0.04494708 -0.2277851 0.9753133 -0.06118071 -0.2121811 0.9869338 -0.02939987 -0.1584216 0.9108112 -0.03151798 -0.4116185 0.9343655 -0.04973 -0.3528286 0.9356041 -0.05366736 -0.3489484 0.9569924 -0.03059893 -0.2884951 0.8465744 -0.03193682 -0.5313116 0.8765423 -0.05082082 -0.4786345 0.8794836 -0.04629367 -0.4736725 0.7734813 -0.03423833 -0.6328938 0.7994143 -0.05309772 -0.5984293 0.8116866 -0.04088586 -0.5826605 0.6891545 -0.03954207 -0.7235347 0.7061111 -0.05291211 -0.7061214 0.7324148 -0.03556382 -0.6799293 0.5350594 -0.03107172 -0.8442428 0.5894999 -0.04310894 -0.8066174 0.5985155 -0.05066978 -0.7995073 0.6422669 -0.03173708 -0.7658239 -0.3639981 -0.9313948 -0.003027856 -0.5179443 -0.8554059 0.00381422 -0.6555972 -0.7551034 0.003372073 -0.776859 -0.6296576 -0.00461775 -0.8780385 -0.4785794 -0.003195345 -0.9700742 -0.2428009 -0.001945912 0.4013249 -0.4332181 -0.8070073 0.3618478 -0.5763822 -0.7327003 0.3172712 -0.7064818 -0.6326315 0.2605519 -0.8069143 -0.5300964 0.1992794 -0.8935967 -0.4022097 0.1289668 -0.9568647 -0.2603412 -0.9696682 -0.2444145 -0.002290785 -0.9659565 -0.2429928 -0.08878511 -0.9743956 -0.20783 -0.08579099 -0.9620692 -0.2080661 -0.1764411 -0.9547937 -0.2367799 -0.1797339 -0.9323917 -0.2379953 -0.2720371 -0.9333407 -0.234577 -0.2717514 -0.9019041 -0.2356418 -0.3619973 -0.901991 -0.2353401 -0.3619769 -0.861956 -0.236882 -0.4482396 -0.862778 -0.2340231 -0.4481599 -0.8139942 -0.2371259 -0.5302687 -0.8141433 -0.2366339 -0.5302597 -0.7582097 -0.2377494 -0.6071189 -0.7589105 -0.2353208 -0.6071895 -0.6913863 -0.236643 -0.682631 -0.631438 -0.2365288 -0.7384716 -0.5501191 -0.2378674 -0.8004925 -0.5508478 -0.2351415 -0.8007966 -0.4694791 -0.2362937 -0.8507378 -0.4700003 -0.2342734 -0.8510086 -0.3841226 -0.2367634 -0.8924084 -0.3841317 -0.2367326 -0.8924129 -0.2949911 -0.2379437 -0.9253989 -0.2954283 -0.2360289 -0.9257496 -0.2032847 -0.2361054 -0.950226 -0.2034847 -0.2351609 -0.9504175 -0.1031526 -0.2364442 -0.966154 -0.02035021 -0.2082717 -0.9778594 0.07623773 -0.2069672 -0.975373 0.0802319 -0.2354198 -0.9685765 0.174505 -0.2364377 -0.9558479 0.174519 -0.2365443 -0.9558191 0.266933 -0.2377976 -0.933916 0.2666523 -0.2345355 -0.9348207 0.3599168 -0.2355793 -0.9027527 0.3594329 -0.2107585 -0.9090594 0.4325998 -0.2120701 -0.8762897 0.4352442 -0.2677422 -0.8595794 -0.9114715 -0.4044713 -0.07498592 -0.8971909 -0.4057047 -0.174506 -0.6720461 -0.3681619 -0.6425037 -0.5899792 -0.3773494 -0.7138152 -0.1134959 -0.3723553 -0.9211244 -0.01391929 -0.3759894 -0.9265194 -0.007391035 -0.4049704 -0.9142999 0.08103728 -0.4058587 -0.910336 0.3319077 -0.3991934 -0.8546825 0.4128372 -0.3989521 -0.8187814 -0.844244 -0.535919 0.006557047 -0.8412976 -0.5342434 -0.08247685 -0.833882 -0.5315823 -0.1485301 -0.8124597 -0.5325796 -0.2372094 -0.812905 -0.5319113 -0.237183 -0.7853701 -0.5326395 -0.3154191 -0.7859139 -0.5318261 -0.3154368 -0.7508533 -0.5325491 -0.3906545 -0.7513287 -0.5318258 -0.3907256 -0.7091199 -0.5325478 -0.4621059 -0.7095108 -0.5319426 -0.4622029 -0.6605222 -0.532675 -0.5291199 -0.6610399 -0.5318474 -0.5293058 -0.5999786 -0.5324488 -0.5970963 -0.551875 -0.5316556 -0.6424767 -0.4792033 -0.5326416 -0.6976082 -0.4796096 -0.5318835 -0.6979073 -0.4087846 -0.5326158 -0.7410909 -0.4091534 -0.531876 -0.7414186 -0.3344457 -0.5326086 -0.7774793 -0.3347895 -0.5318468 -0.777853 -0.2569054 -0.5325803 -0.8064478 -0.2572031 -0.5318621 -0.8068267 -0.1769244 -0.5325766 -0.8276835 -0.1771433 -0.5319499 -0.8280396 -0.08701151 -0.5325443 -0.8419179 0.06174123 -0.5315543 -0.8447711 0.1521668 -0.5325688 -0.8325959 0.1520934 -0.5319291 -0.8330181 0.2327372 -0.5326458 -0.8137089 0.232706 -0.5319137 -0.8141965 0.3185709 -0.5325174 -0.7841798 -0.7588915 -0.6482943 -0.06162977 -0.7479491 -0.6474105 -0.1463958 -0.5488436 -0.648179 -0.5278587 -0.4867873 -0.6472855 -0.586566 -0.09120666 -0.6481902 -0.7559967 -0.01158881 -0.6474962 -0.7619806 -0.01142311 -0.6483164 -0.7612855 0.06847393 -0.6473375 -0.7591216 0.2687445 -0.6587815 -0.7026972 0.340405 -0.668209 -0.6615295 -0.6403266 -0.7681028 2.12698e-4 -0.637201 -0.7690088 -0.05099421 -0.5907627 -0.8047723 -0.05780196 -0.580523 -0.8068096 -0.1097794 -0.6068239 -0.787178 -0.1100705 -0.5900504 -0.7886818 -0.1726896 -0.5917628 -0.7873789 -0.1727752 -0.5703659 -0.7886802 -0.2294913 -0.5720397 -0.7873947 -0.2297396 -0.5451943 -0.7887011 -0.2841019 -0.546865 -0.7873931 -0.2845185 -0.5148459 -0.7886957 -0.3359955 -0.5164886 -0.7873705 -0.3365821 -0.479577 -0.788679 -0.3846965 -0.4811669 -0.7873443 -0.3854444 -0.43973 -0.788656 -0.4297199 -0.4209811 -0.8047818 -0.4184512 -0.3801956 -0.8068128 -0.4522217 -0.400432 -0.7871323 -0.4691237 -0.3478178 -0.7886345 -0.5070291 -0.3490313 -0.7873892 -0.5081294 -0.2965901 -0.7886891 -0.5385202 -0.2977501 -0.787381 -0.5397928 -0.2425841 -0.7886864 -0.5649131 -0.2435429 -0.7874709 -0.5661948 -0.1861871 -0.7887638 -0.585821 -0.1871294 -0.7873843 -0.5873743 -0.1281156 -0.7886901 -0.6012941 -0.1288452 -0.7874011 -0.6028254 -0.06876081 -0.7887014 -0.610919 -0.06138724 -0.8047801 -0.5903903 -0.008426606 -0.8068139 -0.5907456 -0.009033024 -0.8044685 -0.5939266 0.04930096 -0.8068478 -0.5886987 0.04687768 -0.7872396 -0.6148629 0.1109286 -0.7887462 -0.6046274 0.11083 -0.7873572 -0.6064532 0.1694702 -0.7886601 -0.591012 0.1695471 -0.7873319 -0.5927584 0.233748 -0.788594 -0.5687544 -0.470972 -0.8821367 -0.004524648 -0.4692484 -0.8818836 -0.04568862 0.1782746 -0.8666621 -0.465956 0.2314841 -0.8615142 -0.4518944 -0.3110032 -0.9504056 0.002495765 -0.3071773 -0.9512622 -0.02724498 -0.3338698 -0.9422401 -0.02673494 -0.3279222 -0.9426789 -0.0618332 -0.3268423 -0.9430556 -0.06180864 -0.3201944 -0.9427389 -0.09337544 -0.318217 -0.9434323 -0.09313142 -0.3108748 -0.9421834 -0.1250898 -0.3109115 -0.9421702 -0.125098 -0.296275 -0.9425072 -0.1546007 -0.2974325 -0.9420781 -0.1549931 -0.2800217 -0.942516 -0.1823499 -0.2781254 -0.9432393 -0.1815106 -0.2633812 -0.941379 -0.2107989 -0.2612865 -0.9422292 -0.2096037 -0.240296 -0.9419165 -0.23463 -0.2396166 -0.9422076 -0.2341558 -0.2151507 -0.9425323 -0.2556233 -0.2142801 -0.942936 -0.2548644 -0.1875799 -0.943225 -0.2741177 -0.1892136 -0.9423962 -0.2758402 -0.1618242 -0.9421749 -0.293461 -0.1611513 -0.9425579 -0.2926004 -0.1322484 -0.9424128 -0.3071945 -0.1312296 -0.9430701 -0.3056103 -0.1011185 -0.942601 -0.3182429 -0.1011734 -0.9425587 -0.3183507 -0.06971693 -0.9423746 -0.3272151 -0.06973493 -0.9423592 -0.3272557 -0.03789454 -0.9421363 -0.3330817 -0.0372135 -0.9430254 -0.3306331 -0.004849731 -0.9424231 -0.334388 -0.004756033 -0.9426105 -0.3338605 0.02735966 -0.9422144 -0.3338914 0.02765405 -0.9434986 -0.3302208 0.05989485 -0.9422284 -0.329573 0.05982977 -0.9434401 -0.3260998 0.09210395 -0.9426524 -0.3208168 0.09219014 -0.9423977 -0.3215395 0.1233281 -0.9421391 -0.3117118 0.1175611 -0.9510663 -0.2857488 0.1389697 -0.9511972 -0.2755204 0.2585047 0.9660019 0.003973662 0.598596 0.8010438 -0.003414034 0.6741457 0.7385855 0.004370033 0.8312137 0.5559421 -0.003495454 0.89956 0.4367805 0.00380522 0.9698339 0.2437375 -0.003813803 0.9947209 0.1025476 0.003794491 0.9947277 -0.1024825 -0.003792047 0.9631103 -0.2690572 0.005190789 0.8907918 -0.4543676 -0.006333291 0.7188928 -0.6950811 0.007435798 0.6412984 -0.7672881 -0.00233215 0.3650623 -0.9309816 -0.001685202 0.2898352 -0.9570643 0.004855334 0.03758275 -0.9992879 -0.003355801 -0.08709067 -0.9961931 0.003828346 -0.3289096 -0.9443525 -0.004112899 -0.4210755 -0.9070194 0.003353178 -0.716893 -0.6971819 -0.001336038 -0.7016792 -0.712492 0.001279532 -0.9128069 -0.4083766 -0.003489971 -0.9521279 -0.3056592 0.005004584 -0.9974164 -0.07173597 -0.003804504 -0.9974144 0.07176351 0.003807961 -0.9521075 0.3057223 -0.005014479 -0.8970763 0.4418298 0.006365716 -0.7108588 0.7032949 -0.007498681 -0.575629 0.8176931 0.00540322 -0.2093349 0.9778273 0.005732238 -0.3999177 0.9165452 -0.003293931 0.2358223 0.9717952 0.001418054 -0.0794236 0.9968367 -0.002900242 -0.3971274 -0.9177531 0.004399836 -0.4720698 -0.8815606 -0.001077353 -0.7168982 -0.697176 0.001651883 -0.7220207 -0.6918709 9.18569e-4 -0.9128001 -0.408392 -0.003502786 -0.9521254 -0.3056665 0.005014598 -0.9974117 -0.07180178 -0.003807961 -0.9974138 0.07177376 0.003804504 -0.9521545 0.3055763 -0.005004763 -0.9002142 0.4354089 0.005781531 -0.7009804 0.7131463 -0.006995558 -0.5987845 0.8008947 0.004970312 -0.3236148 0.946184 -0.00305283 -0.2587555 0.9659405 0.002152025 0.0375815 0.9992923 -0.001671075 0.08710646 0.9961968 0.002137422 0.3650717 0.9309782 -0.001517117 0.4210643 0.9070271 0.002574443 0.6226971 0.7824598 -0.002304017 0.6983102 0.7157879 0.003256976 0.8312541 0.5558818 -0.003488957 0.8995829 0.4367337 0.003784596 0.9698601 0.2436325 -0.003806114 0.9947198 0.1025577 0.003791987 0.9947131 -0.1026235 -0.003794431 0.9631083 -0.2690639 0.005203425 0.8995253 -0.4368376 -0.00521636 0.734862 -0.6782032 0.004269719 0.6922817 -0.7216266 -0.00108087 0.4049055 -0.9143584 5.69809e-4 0.3998348 -0.9165866 0.001089215 -0.2071763 -0.9782955 -0.004007875 0.03882813 -0.999239 0.003717958 0.07940864 -0.9968421 5.14904e-4 1 -8.21953e-7 0 1 4.95683e-7 0 1 -4.28698e-7 0 1 5.04963e-7 0 1 1.18662e-6 0 1 -3.29442e-7 0 1 1.18215e-6 0 1 7.54837e-7 0 1 3.31722e-6 0 1 1.58017e-6 0 1 -5.41172e-6 0 1 -4.66486e-7 0 1 1.0311e-6 0 1 5.06057e-7 0 1 5.4117e-7 0 1 9.49308e-6 0 1 -2.03463e-6 0 1 -2.76775e-6 0 1 -1.86088e-6 0 1 -1.31778e-6 0 1 -2.44279e-6 0 1 5.04949e-7 0 1 1.35825e-6 0 1 1.98271e-6 0 1 3.28762e-6 0 1 4.8432e-6 0 0.4999691 0.006736516 0.8660171 0.5038316 0.008001506 0.8637649 0 1 1.16375e-5 0 1 -9.34859e-6 0 1 1.01233e-6 0 1 4.11812e-6 0 1 -9.18449e-7 0 1 -3.27244e-6 0 1 7.34743e-6 0 1 -1.09814e-5 0 1 4.10341e-6 -0.4999579 0.006602883 -0.8660245 -0.5159541 0.01260215 -0.8565236 -0.4388593 0.3763744 -0.8159319 -0.4632896 0.4833766 -0.7427718 -0.3514884 0.6749492 -0.6487678 -0.3340594 0.7736526 -0.5383921 -0.1968312 0.8958258 -0.3984389 -0.1808127 0.94085 -0.2865452 -0.006278574 0.9997797 -0.0200296 0.02704817 0.9996333 0.001385986 0.1412333 0.949165 0.2813165 0.2525578 0.8881507 0.3839311 0.2863093 0.7859477 0.5480083 0.3963921 0.6664085 0.6314849 0.4298757 0.4257299 0.7962166 0.4704031 0.3723717 0.8000377 -0.5721149 0.03707212 -0.8193354 -0.5737489 0.03639334 -0.8182224 -0.5826732 0.03943789 -0.8117492 -0.5754194 0.03545081 -0.8170899 -0.5732321 0.03628641 -0.8185892 -0.5722365 0.03943836 -0.8191398 -0.5702158 0.396892 -0.7192571 -0.5189503 0.6238722 -0.584358 -0.5455197 0.5467947 -0.6351565 -0.5836288 0.277583 -0.7631023 -0.1957695 0.9803538 -0.02409791 -0.3615702 0.8870854 -0.2869607 -0.3598666 0.8889428 -0.2833317 -0.2797935 0.9488126 -0.146528 -0.5829665 0.3101568 -0.750968 -0.4545279 0.764355 -0.4573468 -0.4854949 0.7103189 -0.5096487 -0.9150581 0.2319521 0.32995 -0.9439949 0.09940093 0.3146316 -0.8730949 0.3844263 0.2998694 -0.8638073 0.4097576 0.2931481 -0.7915285 0.5486782 0.2691379 -0.7886343 0.5536806 0.2673836 -0.6709972 0.7044591 0.2313009 -0.7100498 0.6620262 0.2398972 -0.6093916 0.7665951 0.2024202 -0.4853212 0.8586584 0.1648309 -0.4713268 0.8668897 0.1623373 -0.3472433 0.9310463 0.1121387 -0.2151573 0.9735886 0.07637161 -0.2600096 0.9642722 0.05073577 -0.2902845 0.9565988 0.02556723 -0.2402175 0.9705681 0.01712435 -0.4455275 0.8944737 0.03770846 -0.4137092 0.9098414 0.0321477 -0.5622451 0.8257893 0.04418849 -0.7096735 0.7021291 0.05812263 -0.7001864 0.7117604 0.05600112 -0.5876697 0.8076098 0.0490995 -0.8174173 0.5722149 0.06632739 -0.8140915 0.577044 0.06538623 -0.9118118 0.403742 0.07477849 -0.9019716 0.4260529 0.07018667 -0.97478 0.2153356 0.0586062 -0.9883055 0.1223856 0.09096217 -0.9740777 0.1740092 0.1445457 -0.9659636 0.108978 0.2346025 -0.9155616 0.2293273 0.330388 -0.9419835 0.1256408 0.3112577 -0.9669697 0.2477452 0.05993235 -0.9911335 0.09911584 0.08849066 -0.9496217 0.1677404 0.2647298 -0.9552743 0.1424668 0.2591413 -0.9688934 -0.01724243 0.2468776 -0.9026001 0.363493 0.2306206 -0.896712 0.38045 0.2261982 -0.8090103 0.5520172 0.2019389 -0.7471802 0.6346492 0.1973378 -0.6875163 0.7061097 0.1695013 -0.4843761 0.8659811 0.1243239 -0.4887193 0.8635253 0.1244087 -0.2050656 0.9775174 0.04907125 -0.9621132 0.1978809 0.1875672 -0.9826305 0.08499103 0.1649667 -0.9210281 0.3594712 0.1499589 -0.9015352 0.4045707 0.1534828 -0.8083873 0.5726989 0.1361107 -0.7643578 0.6337134 0.1190157 -0.6931327 0.7110605 0.1181527 -0.5574389 0.8249083 0.09374624 -0.5024252 0.8612467 0.07630902 -0.4060537 0.9111913 0.06964856 -0.2118814 0.9767429 0.03285968 0.04168397 -0.6830573 0.7291744 0.02657401 -0.8785418 0.4769257 -0.2488678 -0.2653551 0.9314782 0.3638995 -0.7043679 -0.6094613 0.3030861 -0.8075053 -0.5060377 -0.2048996 -0.9782623 0.03192406 -0.3405883 -0.9397329 0.03002953 -0.2474749 -0.9670257 0.06014549 -0.191399 -0.980222 0.05031138 -0.2374103 -0.9655389 0.1066347 -0.2076037 -0.975025 0.07891124 -0.2578002 -0.9619287 0.09073239 -0.2094852 -0.9725556 0.1012495 -0.2256198 -0.9658221 0.1276063 -0.2216088 -0.9669533 0.1260598 -0.2487182 -0.9545755 0.1640881 -0.1988741 -0.9703507 0.137363 -0.1830065 -0.9734579 0.137435 -0.2232995 -0.9552521 0.1939868 -0.2058736 -0.9616544 0.1812099 -0.17638 -0.9694542 0.1704367 -0.1919189 -0.9567496 0.218626 -0.1949399 -0.9555592 0.221145 -0.1861597 -0.9520618 0.2427406 -0.1632388 -0.9617274 0.2200759 -0.1469708 -0.9611184 0.2337756 0.1727843 -0.1323037 0.9760335 0.002659976 -0.9823308 0.187134 -0.004700601 -0.9894612 0.1447223 0.170584 -0.9690132 -0.1786465 0.1693178 -0.9664794 -0.1930006 0.159678 -0.9701831 -0.1823395 0.1644824 -0.9609305 -0.2226168 0.1366821 -0.974093 -0.1801691 0.1286425 -0.9729809 -0.1917271 0.1261441 -0.9669718 -0.22148 0.2304729 -0.8946518 -0.3827276 0.5067492 -0.04301798 -0.8610196 0.5591358 -0.07186365 -0.8259558 0.5267302 -0.1732146 -0.8321971 0.6313736 -0.1725648 -0.7560349 0.6153746 -0.08823007 -0.7832813 0.5799872 -0.1751155 -0.7955813 0.6653451 -0.08666473 -0.7414884 0.6786235 -0.1626893 -0.7162418 0.7130068 -0.08586353 -0.6958798 0.721236 -0.1583506 -0.674347 0.7547668 -0.08135002 -0.6509296 0.811088 -0.0495001 -0.5828259 0.7609177 -0.1600285 -0.6288046 0.8988462 -0.1324852 -0.41776 0.902237 -0.01468521 -0.4309905 0.8616988 -0.1691303 -0.4784038 0.9281483 -0.02576994 -0.3713175 0.9196919 -0.1547476 -0.3608603 0.9505019 -0.01925289 -0.3101216 0.9438624 -0.1384745 -0.2999143 0.9587949 -0.1508522 -0.2407406 0.9684432 -0.02586692 -0.2478889 0.9825735 -0.02280986 -0.1844695 0.9717854 -0.156871 -0.1761378 0.9845268 -0.1355718 -0.1110278 0.9924833 -0.02405101 -0.1199931 0.9860593 -0.1582795 -0.05132883 0.9994856 -0.0309723 0.008330702 0.9851458 -0.1521522 0.07960879 0.9966119 -0.03374654 0.075006 0.9903825 -0.1373484 0.01667648 0.9909088 -0.02542179 0.1321119 0.974977 -0.1668086 0.1469519 0.9787052 -0.03695321 0.2019175 0.9629694 -0.1592923 0.2175223 0.9638367 -0.0342487 0.2642837 0.9398012 0.0120235 0.3415101 0.9453386 -0.1597971 0.2842532 0.8995642 -0.1935427 0.3915679 0.8896178 -0.005639016 0.4566711 0.6991742 -0.02364373 0.7145604 0.714581 -0.1823991 0.6753552 0.4218348 -0.102231 0.9008908 0.4199473 -0.1585869 0.8935853 0.3631282 -0.09626555 0.9267529 0.2968097 -0.1787735 0.9380533 -0.3707925 -0.09674149 0.9236634 -0.4375697 -0.1075597 0.8927282 -0.4274271 -0.1496687 0.8915747 -0.4843814 -0.1441726 0.8628957 -0.4951016 -0.1005768 0.862994 -0.550442 -0.1042097 0.8283442 -0.5374869 -0.154631 0.8289737 -0.5914808 -0.1580555 0.7906763 -0.6027939 -0.1133956 0.7897981 -0.6437783 -0.1530668 0.7497467 -0.6543809 -0.1101785 0.7480952 -0.7003474 -0.1144376 0.7045691 -0.6905435 -0.1542603 0.7066494 -0.7402589 -0.1580839 0.6534726 -0.8842638 -0.1492159 0.4425068 -0.9192232 -0.1175623 0.3757765 -0.345521 -0.9378998 0.03096944 0.5477795 -0.2670966 -0.7928411 0.4919563 -0.264841 -0.8293603 0.4919606 -0.2682655 -0.8282564 0.8665336 -0.1258062 -0.4830036 0.7791935 -0.1962541 -0.5952662 0.8090406 -0.3211948 -0.4922269 0.840626 -0.3240392 -0.4339892 0.8406214 -0.3240501 -0.4339898 0.8638526 -0.327034 -0.3831547 0.8788149 -0.2953596 -0.3747626 0.8953651 -0.2993699 -0.3296956 0.896027 -0.2977867 -0.3293309 0.9125925 -0.302892 -0.274648 0.9072071 -0.3156132 -0.2781434 0.921083 -0.3217364 -0.2192986 0.9226318 -0.3181465 -0.2180216 0.9324923 -0.3241463 -0.1593343 0.9321181 -0.3250488 -0.1596851 0.9382945 -0.3308275 -0.1007801 0.9458242 -0.3112267 -0.09249132 0.9476676 -0.3174022 -0.03438091 0.9473323 -0.3183603 -0.0347594 0.9458649 -0.3235219 0.02594822 0.9496716 -0.3117061 0.03103858 0.9413734 -0.3237276 0.09495639 0.9408276 -0.3255223 0.09422677 0.9299081 -0.3317668 0.1587509 0.9311282 -0.3274592 0.1605337 0.916499 -0.3291057 0.227418 0.9165026 -0.3290913 0.2274248 0.8960379 -0.3286884 0.298463 0.8887459 -0.3556323 0.2892342 0.8663967 -0.3579946 0.3481334 0.8730632 -0.3298481 0.3591113 0.8426466 -0.3278411 0.4271615 0.8359284 -0.3552171 0.4183833 0.8030569 -0.3541212 0.4792679 0.8032028 -0.3535836 0.4794206 0.7667619 -0.3508102 0.5375952 0.8451591 -0.05618929 -0.5315535 0.8121378 -0.205562 -0.5460554 0.5866341 -0.3256549 0.7414913 0.6382851 -0.338244 0.6915079 0.6443786 -0.3082823 0.6998131 0.6920134 -0.3170676 0.6485258 0.6877605 -0.3417427 0.6404665 0.7266982 -0.3469246 0.5929193 0.9978213 -0.03256011 -0.05738031 0.928149 -0.2087185 0.308182 0.9131956 -0.1161866 0.3906081 0.8763552 -0.2062885 0.4352546 0.8505097 -0.119181 0.5122784 0.844058 -0.1986772 0.49809 0.8152542 -0.1189311 0.5667592 0.8092109 -0.1903482 0.5558285 0.7740881 -0.1232088 0.6209729 0.7672041 -0.1982921 0.6099821 0.7346096 -0.1064569 0.6700865 0.3534431 -0.6313577 0.6902648 0.3982475 -0.639061 0.6580273 0.3963906 -0.6432033 0.6551061 0.4375781 -0.6501793 0.621122 0.4354656 -0.6544478 0.6181164 0.475842 -0.6610566 0.580154 0.473631 -0.665125 0.5773062 0.512568 -0.671068 0.5356696 0.5100887 -0.6752895 0.532723 0.5477331 -0.6803818 0.4868975 0.5452331 -0.6843314 0.4841606 0.5842717 -0.6885723 0.4295288 0.6685562 -0.7162644 0.1999951 0.6885857 -0.7125833 0.1344429 0.6877948 -0.7134578 0.1338517 0.702254 -0.708329 0.07147985 0.7129437 -0.6968863 0.07785236 0.7223709 -0.6911072 0.0234794 0.7110956 -0.7028969 0.01670652 0.7166774 -0.6961833 -0.04125928 0.7286626 -0.6839434 -0.03567045 0.7307789 -0.6772091 -0.08573287 0.720324 -0.6877008 -0.09055972 0.7182656 -0.6802614 -0.146079 0.7144337 -0.646092 -0.268607 0.7038659 -0.6414738 -0.3050972 0.682935 -0.662397 -0.307945 0.6676678 -0.6600827 -0.3442538 0.6915561 -0.6357695 -0.3428517 0.6714412 -0.6326223 -0.385948 0.6718074 -0.6322547 -0.3859131 0.6472773 -0.6295211 -0.4298084 0.6412086 -0.6182776 -0.4545156 0.6103541 -0.6153013 -0.498871 0.4437242 -0.6213765 -0.6457555 0.3964104 -0.6222381 -0.6750398 0.2104522 -0.5070303 0.8358411 0.2738506 -0.522123 0.8077088 0.3401609 -0.5477634 0.7643598 0.4030064 -0.561768 0.7224974 0.8046212 -0.5805543 -0.1246657 0.800006 -0.5718295 -0.1816634 0.799501 -0.5724714 -0.1818647 0.7922368 -0.5649297 -0.2306846 0.79155 -0.5657997 -0.2309097 0.7803969 -0.5580937 -0.2819793 0.4183281 -0.5775213 -0.7010498 -0.07481974 -0.5151457 0.8538308 0.0263226 -0.5013897 0.8648211 0.02552074 -0.4931166 0.8695889 0.0757088 -0.4976224 0.8640834 0.07558506 -0.4951624 0.8655064 0.1240859 -0.5003657 0.8568762 0.1241035 -0.49303 0.8611155 0.4368042 -0.450199 0.7787958 0.4887288 -0.4658586 0.7376448 0.4899418 -0.4603378 0.7403015 0.5352302 -0.474103 0.6991102 0.5285206 -0.4999595 0.6860805 0.5685215 -0.5063662 0.6483646 0.5679383 -0.5079857 0.6476085 0.6106609 -0.5144737 0.6020053 0.6099483 -0.5163411 0.6011282 0.6509476 -0.5218818 0.5512773 0.6501362 -0.5238886 0.5503306 0.6866195 -0.5279663 0.4998052 0.6797432 -0.5448035 0.4910584 0.7149327 -0.5476691 0.4346606 0.7138482 -0.5500785 0.4333986 0.7457749 -0.5512772 0.37405 0.74475 -0.5534256 0.3729177 0.7729347 -0.5529121 0.3112239 0.7717683 -0.5552272 0.3099948 0.7969092 -0.5528162 0.2435774 0.8035933 -0.5404141 0.2493801 0.8233879 -0.5363059 0.1854955 0.8221269 -0.5385926 0.1844598 0.8375271 -0.5329592 0.1204285 0.8361263 -0.535394 0.1193575 0.8469565 -0.5286267 0.05673354 0.8456535 -0.530804 0.05583292 0.8521379 -0.5232954 -0.004820168 0.8511663 -0.5248679 -0.005440533 0.8536558 -0.5168285 -0.06449985 0.85245 -0.5187298 -0.06518161 0.8509409 -0.5096886 -0.1269534 0.8244886 -0.4946719 -0.2748062 0.8095939 -0.4879494 -0.3262872 0.8086705 -0.4893699 -0.3264495 0.7894657 -0.4829636 -0.3788008 0.5012142 -0.4606649 -0.7325108 0.4498918 -0.4609911 -0.7649083 -0.7736414 -0.6312716 0.05454617 -0.7707554 -0.6347532 0.05499607 -0.7653638 -0.6352711 0.1031947 -0.7762123 -0.6221448 0.1021283 -0.7673636 -0.6221914 0.1550201 -0.7678266 -0.6216301 0.154979 -0.7561503 -0.6216371 0.2044607 -0.7567189 -0.6209524 0.2044378 -0.7418031 -0.6209726 0.253222 -0.7425191 -0.6201044 0.2532509 -0.7271162 -0.6202472 0.2942711 -0.7079779 -0.6421023 0.2940614 -0.6861741 -0.6430761 0.340027 -0.6883008 -0.6407067 0.3402014 -0.6634991 -0.6416666 0.3847505 -0.6658114 -0.6390629 0.3850895 -0.6338363 -0.6399848 0.4343629 -0.4804494 -0.6207709 0.6195256 -0.4255557 -0.6262487 0.6532343 -0.444096 -0.5960601 0.6689478 -0.3958371 -0.5957583 0.6988455 -0.7106361 -0.5255928 0.4677056 -0.6708322 -0.5314168 0.5172818 -0.675323 -0.524459 0.518538 -0.630754 -0.5301895 0.5666115 -0.9021964 -0.4151489 0.1170176 -0.8900535 -0.4186408 0.1804012 -0.8918842 -0.4149004 0.1800011 -0.8767059 -0.4181078 0.2378501 -0.8785368 -0.414404 0.2375762 -0.8596065 -0.4176516 0.2943535 -0.8615088 -0.4138193 0.2942047 -0.838803 -0.4170925 0.3499192 -0.8495829 -0.3948711 0.3496941 -0.8220956 -0.3969819 0.408123 -0.8142328 -0.4124118 0.4085848 -0.7866857 -0.4153593 0.4567301 -0.78882 -0.4110184 0.4569756 -0.751612 -0.4145116 0.5130882 -0.6947166 -0.4026158 0.5960449 -0.6447029 -0.4047641 0.6484784 -0.6479927 -0.3983428 0.6491752 -0.6013596 -0.4018574 0.6905631 -0.6028889 -0.398842 0.6909776 -0.5527198 -0.4005515 0.7307937 -0.5611854 -0.3819035 0.7343165 -0.5104353 -0.3837115 0.7695592 -0.5125523 -0.3788006 0.7705844 -0.4615175 -0.3802374 0.8015118 -0.4608117 -0.3818407 0.8011556 -0.4056973 -0.3808378 0.8308865 -0.8745504 -0.4809183 0.06228214 -0.8711667 -0.4869011 0.06321591 -0.8637002 -0.4892873 0.1209129 -0.4061961 -0.3892611 0.8267288 0.515176 -0.2594951 0.8168574 0.4486756 -0.2354972 0.8621087 0.3455421 -0.2597008 0.9017518 0.2801168 -0.2350103 0.930755 -0.136655 -0.2369543 0.9618619 -0.1304995 -0.2623035 0.9561207 -0.06920665 -0.2727499 0.9595927 -0.07324272 -0.2519624 0.9649614 -0.308452 -0.2597372 0.9150924 -0.2484862 -0.2667224 0.9311895 0.04987114 -0.2684396 0.9620048 0.04572421 -0.2372752 0.9703658 0.1079015 -0.2651575 0.9581486 0.1047098 -0.2337648 0.9666385 0.1661709 -0.2696223 0.9485205 0.1642765 -0.2394442 0.9569116 0.2297174 -0.2668853 0.9359499 0.24294 -0.07164293 0.9673922 0.7667801 -0.3507556 0.5376048 0.7268249 -0.3463771 0.5930838 0.6820682 -0.1851714 0.7074564 0.644052 -0.1472853 0.7506691 0.6224016 -0.2023628 0.7560857 0.579534 -0.1795204 0.7949295 0.5696855 -0.2027554 0.7964601 0.5228696 -0.1618507 0.836906 0.4762925 -0.1600436 0.8645991 -0.9498661 -0.3061093 0.06365197 -0.9419859 -0.3087211 0.1317339 -0.3429578 -0.3865054 0.8561505 -0.3072571 -0.2635197 0.9144127 -0.3729946 -0.2761871 0.8857741 -0.7230705 -0.2314898 0.6508315 -0.7662962 -0.2544507 0.5899535 -0.766932 -0.2435591 0.5937125 -0.8052599 -0.2565059 0.5345665 -0.8092848 -0.2199918 0.5446668 -0.8429803 -0.2234414 0.4893449 -0.8421465 -0.2306239 0.4874444 -0.8741875 -0.2293157 0.4280312 -0.896057 -0.2304881 0.3794168 -0.9225525 -0.2216411 0.3158673 -0.9218725 -0.225881 0.3148473 -0.9415917 -0.2196038 0.2553024 -0.9406262 -0.2251526 0.2540248 -0.9537778 -0.2303365 0.1930109 -0.955713 -0.2203801 0.1950523 -0.9668769 -0.2227329 0.1246569 -0.9681156 -0.2385002 0.07661533 0.1319454 -0.8821785 0.4520525 0.0907461 -0.8821969 0.4620538 0.1058098 -0.8725604 0.4769095 0.07331353 -0.8695804 0.4883187 -0.1275396 -0.8765869 0.4640358 -0.16611 -0.8659201 0.4717944 0.07871615 -0.6884754 0.7209754 0.07864522 -0.6835085 0.7256936 0.1095579 -0.684458 0.7207735 0.1793207 -0.505501 0.8439864 0.002529501 -0.8444417 0.5356415 0.00475645 -0.6845708 0.7289308 -0.03522062 -0.679712 0.7326331 -0.06645512 -0.8605816 0.5049584 -0.08789187 -0.8582555 0.5056408 3.21431e-4 -0.878372 0.4779777 -0.02177995 -0.8542138 0.5194656 -0.03311854 -0.6900348 0.7230182 -0.0725761 -0.6858313 0.7241327 -0.07328009 -0.5219625 0.8498148 -0.1292447 -0.5231456 0.8423863 -0.1706244 -0.4986284 0.849857 -0.2263583 -0.5018184 0.8348294 -0.06576263 -0.8620239 0.5025834 -0.04075562 -0.8641292 0.5016172 -0.02133643 -0.8579966 0.5132121 -0.04344201 -0.8563473 0.5145698 -0.07038992 -0.6936386 0.7168758 -0.1151352 -0.6910867 0.7135426 -0.1094644 -0.6523085 0.7500074 -0.1576215 -0.6578986 0.7364272 -0.1592547 -0.6680424 0.7268821 -0.1969146 -0.6746758 0.711363 -0.1968434 -0.6730746 0.7128978 -0.2372615 -0.6802585 0.6935095 -0.2372508 -0.6814143 0.6923775 -0.280974 -0.6852476 0.6719297 0.0208193 -0.8626734 0.5053328 0.01386237 -0.8680584 0.4962686 0.0418474 -0.6850086 0.7273322 0.004078745 -0.6801665 0.7330464 -0.02034872 -0.5022737 0.8644692 -0.02245849 -0.5094732 0.8601935 0.1921643 -0.3792386 0.9051249 0.2641177 -0.3890116 0.8825598 0.2974609 -0.3867819 0.8728784 0.3588873 -0.3966514 0.8449069 0.3589619 -0.3954475 0.8454394 0.4190697 -0.4053415 0.8124524 0.7813915 -0.4171001 -0.4641712 0.7466822 -0.4163416 -0.5187729 0.7573577 -0.3966714 -0.5187111 0.7296509 -0.3893485 -0.5621542 0.7200508 -0.4062075 -0.5626033 0.6862035 -0.4042991 -0.604704 0.6854956 -0.4055404 -0.6046758 0.648394 -0.4031312 -0.64581 0.6463042 -0.4068623 -0.6455649 0.6049512 -0.4087945 -0.6833163 0.6055943 -0.4075878 -0.6834675 0.5602993 -0.4098145 -0.7198033 0.5610212 -0.4084351 -0.720025 0.5063303 -0.4111521 -0.7580131 0.4619491 -0.4296271 -0.7759019 -0.1460793 -0.9203616 0.362761 -0.1764093 -0.9145548 0.3639632 -0.1771772 -0.9133477 0.3666121 -0.2013586 -0.9118654 0.3577099 -0.2017366 -0.911303 0.3589279 -0.2310245 -0.9133936 0.3351716 -0.3868736 -0.9079633 0.1610332 -0.3358615 -0.9350816 0.113224 -0.4057304 -0.9073131 0.1102995 -0.3973904 -0.91141 0.1068305 -0.3454295 -0.9358903 0.06919527 -0.4182714 -0.9065743 0.0563209 -0.1516326 -0.8806659 0.4488153 -0.1929925 -0.8747015 0.4445798 -0.3283011 -0.8825312 0.3366854 -0.3475043 -0.8869211 0.304322 -0.3490185 -0.8855788 0.3064903 -0.3628619 -0.8895942 0.2774048 -0.3653808 -0.8875733 0.2805542 -0.3787864 -0.8920937 0.2463524 -0.3429028 -0.8535931 0.3921689 -0.3226525 -0.849321 0.4177911 -0.3270933 -0.8417792 0.4294389 -0.2945163 -0.8350824 0.4646478 -0.253526 -0.8214066 0.5108973 -0.2136834 -0.8201383 0.5307661 -0.1413577 -0.8605752 0.4893143 -0.1098993 -0.8662578 0.48736 -0.08768814 -0.8586137 0.5050676 -0.1146259 -0.8601549 0.4969854 -0.2646355 -0.7924696 0.5495089 -0.3045586 -0.7944946 0.5253785 -0.5189002 -0.854374 0.02806597 -0.4777566 -0.8777784 0.03540736 -0.4759951 -0.876479 0.07220315 -0.478909 -0.857993 0.1857264 -0.4566323 -0.8606296 0.2253969 -0.4605123 -0.858393 0.2260305 -0.4428889 -0.8592212 0.2561028 -0.4473603 -0.8565928 0.2571335 -0.422911 -0.8573583 0.293399 -0.3743422 -0.8519158 0.366207 -0.3460137 -0.8494414 0.3984016 -0.5875554 -0.7117048 0.3850389 -0.5507317 -0.7177224 0.4261094 -0.5582238 -0.7101407 0.429053 -0.5235484 -0.7152811 0.4628933 -0.5503251 -0.6864753 0.4752832 -0.5059978 -0.6910445 0.5161626 -0.5223091 -0.6728301 0.5239208 -0.4846031 -0.6743083 0.5571969 -0.4878465 -0.6704916 0.5589696 -0.4416794 -0.6735465 0.5926673 -0.3860008 -0.6402848 0.6641076 -0.3365839 -0.6411893 0.6896287 -0.3340016 -0.5116752 0.7916007 -0.2771641 -0.5073566 0.815947 -0.186438 -0.2701894 0.9445838 -0.1946858 -0.226286 0.9544067 -0.6510952 -0.7576279 0.04555308 -0.6423886 -0.7649562 0.04668009 -0.6424561 -0.7621357 0.07999664 -0.6193937 -0.7806609 0.08318763 -0.606483 -0.7854281 0.1236171 -0.6133326 -0.7801602 0.1231803 -0.5978405 -0.7849432 0.1626374 -0.6050102 -0.7794269 0.1626541 -0.5869514 -0.7842131 0.2012416 -0.5944077 -0.7784411 0.2017648 -0.5699928 -0.7839407 0.2460594 -0.3705725 -0.7515783 0.5457163 -0.3195242 -0.7573651 0.5694756 -0.3350927 -0.6535043 0.6787084 -0.2847683 -0.6532274 0.7015704 -0.2771408 -0.5061263 0.8167185 -0.2263417 -0.5015454 0.834998 -0.1877587 -0.4242204 0.8858803 -0.1197898 -0.4290342 0.8953101 -0.008905291 -0.273715 0.9617697 -0.01464819 -0.2402049 0.9706117 0.5058932 -0.7151764 -0.4822809 0.464472 -0.6905903 -0.5543923 0.1500933 -0.9563155 -0.2508637 0.02966928 -0.9871108 0.1572648 0.06829833 -0.9862415 0.1505427 0.04353094 -0.9912226 0.1248317 0.07201731 -0.991317 0.1100192 0.07067817 -0.9915429 0.1088454 0.0489369 -0.9970999 0.05828565 0.05444937 -0.9965344 0.06288516 0.0593084 -0.9979913 0.02226793 0.09125864 -0.9909825 -0.09811061 0.1383508 -0.9828885 -0.1216117 0.1070265 -0.9848588 -0.1363766 0.1719003 -0.971058 -0.1658213 0.1834292 -0.9688805 -0.1662058 0.1628133 -0.9702901 -0.1789671 0.2830659 -0.9247881 -0.2542454 0.4048442 -0.8529853 -0.3294197 0.2300273 -0.9504181 -0.2092676 0.2640542 -0.9393348 -0.2189193 0.2469362 -0.9472761 -0.2041828 0.3786138 -0.8988428 -0.2207567 0.2143414 -0.9664727 -0.1413799 0.2048824 -0.9727216 -0.1087931 0.1908859 -0.9771437 -0.09355646 0.182035 -0.981781 -0.05449312 0.1168501 -0.9580273 0.2617819 0.09603893 -0.9535415 0.2855439 0.1055256 -0.9482116 0.2995985 0.07934999 -0.9483907 0.3070158 0.09081405 -0.9404456 0.3275899 0.06838911 -0.9428163 0.3262215 0.3727799 -0.8729881 -0.3145266 0.3632888 -0.8622595 -0.3528879 0.3752751 -0.8544907 -0.3591858 0.3634982 -0.854963 -0.3700099 0.3352433 -0.8720998 -0.3564463 0.3249788 -0.8632026 -0.3863549 0.3338334 -0.8569198 -0.3927388 0.3191303 -0.8576332 -0.4032633 0.2907395 -0.8758924 -0.3850755 0.2808133 -0.8648573 -0.4161319 0.2731692 -0.8703507 -0.4097174 0.2530903 -0.8639988 -0.4352601 0.4745666 -0.7793967 -0.409057 0.3713008 -0.7531031 -0.5431126 0.3330379 -0.7523422 -0.56839 0.3807741 -0.8739423 -0.3020527 0.4392476 -0.847898 -0.296868 0.454686 -0.8385691 -0.3001043 0.4262012 -0.8631232 -0.2708707 0.4733292 -0.8414755 -0.2605354 0.4957004 -0.8275334 -0.2635713 0.4026076 -0.9061864 -0.1293584 0.4011121 -0.9119361 -0.08649718 0.3892154 -0.9192947 -0.05838322 0.3809049 -0.9245685 -0.00919336 0.2467475 -0.8918449 0.3791155 0.2151442 -0.8866758 0.4092907 0.2218384 -0.8804302 0.4190828 0.1946144 -0.8756644 0.4419697 0.2006204 -0.869221 0.451892 0.1698855 -0.863721 0.4744732 0.1322942 -0.7236384 0.6773815 0.1777732 -0.7346467 0.6547449 0.2666997 -0.7612285 0.5911028 0.3040516 -0.7677463 0.5640197 0.3001195 -0.7738956 0.5576862 0.3349379 -0.7798372 0.5288389 0.3306733 -0.7857814 0.5226882 0.3625707 -0.7910997 0.4926499 0.3506584 -0.8067302 0.4756315 0.3831363 -0.8121372 0.4400451 0.3786233 -0.8173635 0.4342364 0.4102886 -0.8220965 0.3947414 0.4057652 -0.8268525 0.3894479 0.4397649 -0.8309544 0.340766 0.5570127 -0.8296407 0.03785908 0.5674335 -0.8231017 -0.02286624 0.5752143 -0.8158342 -0.05952423 0.5774083 -0.8084202 -0.114266 0.5788214 -0.7753902 -0.2524597 0.5668069 -0.7704261 -0.2918452 0.1947987 -0.7936881 0.5762923 0.2410078 -0.8038884 0.5437635 0.3656739 -0.8784666 0.3075371 0.3954414 -0.8809944 0.2597597 0.3901441 -0.8846817 0.2551977 0.4145096 -0.8855468 0.209735 0.410231 -0.8883138 0.2064199 0.431806 -0.8878371 0.1590257 0.4283371 -0.8899419 0.1566234 0.4468376 -0.888088 0.1078697 0.458493 -0.881214 0.1150926 0.4750109 -0.8777427 0.06271064 0.4739937 -0.8783373 0.06207853 0.4873605 -0.873169 0.007464408 0.4963359 -0.8677066 -0.02712887 0.5026496 -0.8605967 -0.08195549 0.5111432 -0.8522936 -0.1110343 0.510599 -0.8457943 -0.154664 0.5008118 -0.8511614 -0.1572002 0.4978649 -0.8467082 -0.1876589 0.5037146 -0.8434257 -0.1868284 0.4984991 -0.8389903 -0.2181607 0.5115258 -0.8312807 -0.2175173 0.4457838 -0.8615908 -0.242772 0.1604494 -0.9348762 0.3166428 0.1875993 -0.9425652 0.2763648 0.1970069 -0.9370316 0.2883748 0.2204874 -0.9401245 0.2599066 0.2120604 -0.9446633 0.2502834 0.2347548 -0.9470888 0.2188902 0.2152432 -0.956085 0.1989269 0.2340365 -0.9575389 0.1683635 0.2268891 -0.9602879 0.1623839 0.2430711 -0.9609879 0.1319801 0.2168496 -0.970017 0.1097419 0.2331559 -0.9697276 0.07257318 0.2321931 -0.9700106 0.07187259 0.2402672 -0.97022 0.03073948 0.2426232 -0.9695835 0.03227907 0.2531271 -0.9674171 -0.005552172 0.2533616 -0.9673566 -0.005413115 0.2598168 -0.9643953 -0.04936522 0.2993453 -0.9518198 -0.0665698 0.3032951 -0.9469138 -0.106613 0.3537589 -0.9265068 -0.1282178 0.2889992 -0.9445492 -0.1559051 0.3680665 -0.912199 -0.1800554 0.3584122 -0.9159545 -0.1804659 0.2988892 -0.9336009 -0.1976231 0.4005351 -0.8561594 -0.3264395 0.5077611 -0.7743867 -0.377497 0.08338296 -0.9273855 0.3646967 0.05535084 -0.9287142 0.3666417 0.0620585 -0.8949807 0.4417673 0.02654272 -0.899714 0.4356722 0.07248294 -0.8546553 0.5141115 0.1270372 -0.6610266 0.7395306 0.1732844 -0.6644403 0.7269744 0.1975589 -0.6627863 0.7222776 0.2432745 -0.6746117 0.6969337 0.243194 -0.6750458 0.6965414 0.2911768 -0.6876208 0.6651269 0.520979 -0.7514362 0.4048759 0.5560526 -0.7542731 0.34911 0.5530301 -0.757892 0.3460599 0.5817229 -0.7588055 0.292938 0.5787506 -0.7621268 0.2901906 0.6041957 -0.7614365 0.2348664 0.6017969 -0.7639542 0.2328402 0.6258204 -0.7612394 0.1698924 0.6607668 -0.7371982 -0.1411598 0.6565608 -0.7302853 -0.1887096 0.6587355 -0.7284489 -0.1882283 0.6524457 -0.7226241 -0.2283181 0.6549673 -0.7204594 -0.2279393 0.6457268 -0.7147849 -0.2685508 0.6046026 -0.6948483 -0.3894119 0.5728349 -0.6951783 -0.4342664 0.5680874 -0.6862149 -0.4542971 0.5385404 -0.6849613 -0.4907161 0.5367586 -0.6867606 -0.4901534 0.5095135 -0.6859543 -0.5194831 0.50778 -0.6877751 -0.5187726 0.4772871 -0.6872488 -0.5476188 0.4756507 -0.6890325 -0.5468004 0.4425176 -0.6887323 -0.5743048 0.4412523 -0.6901568 -0.5735679 0.3994008 -0.6899014 -0.603751 -0.1421497 -0.9897595 -0.01302909 -0.1446179 -0.9894869 -0.001112341 -0.1442039 -0.9895471 -0.001415252 -0.1391725 -0.9894338 -0.04064244 -0.1374448 -0.9897558 -0.03863304 -0.1361198 -0.9894155 -0.05028289 -0.1425589 -0.9896955 -0.01341092 -0.1406589 -0.9897003 -0.02661687 -0.1410208 -0.9896388 -0.0269857 -0.1302201 -0.9891576 -0.06789702 -0.130856 -0.9900196 -0.05232626 -0.1269409 -0.9898952 -0.06319582 -0.1243317 -0.9889505 -0.08073848 -0.1197521 -0.9901718 -0.07224458 -0.1169391 -0.9892544 -0.08775573 -0.09573805 -0.9888237 -0.1142888 -0.09310507 -0.9901832 -0.1042532 -0.08894634 -0.9892125 -0.116393 -0.1107172 -0.9898851 -0.08870959 -0.1086068 -0.9892627 -0.0977962 -0.1005899 -0.9900447 -0.09845381 -0.06788325 -0.9900202 -0.1234989 -0.0803076 -0.9899091 -0.1167507 -0.07804554 -0.989306 -0.1232175 -0.01592755 -0.9898906 -0.1409358 -0.02706485 -0.9893408 -0.1430821 -0.0297814 -0.9898629 -0.1388686 -0.04299277 -0.9898808 -0.1352324 -0.03993034 -0.9893047 -0.1402922 -0.06512582 -0.9892469 -0.1309556 -0.05577719 -0.9899931 -0.1296246 -0.05182766 -0.989271 -0.1365903 0.01150417 -0.9896231 -0.1432266 0.01187562 -0.989724 -0.142497 -0.002039432 -0.9897652 -0.1426913 3.79155e-4 -0.9893594 -0.1454916 -0.01271647 -0.9893181 -0.1452175 0.0631771 -0.9901201 -0.1251832 0.06089329 -0.9894289 -0.1316154 0.05333697 -0.9895781 -0.1337551 0.05288386 -0.9896451 -0.1334391 0.03904098 -0.989766 -0.1372559 0.03863185 -0.9896209 -0.1384136 0.02520799 -0.9900245 -0.1386219 0.02815461 -0.9895628 -0.1413251 0.0863915 -0.2260312 0.9702817 0.2777629 -0.5060141 0.8165767 0.2825709 -0.4959576 0.8210846 0.1337544 -0.1813773 0.9742752 0.1274459 -0.2136616 0.9685589 0.07036483 -0.4207114 0.9044616 0.2094773 -0.5419636 0.8138765 0.5389749 -0.1821682 0.8223873 0.4407963 -0.1840278 0.87854 0.3394519 -0.2479296 0.9073607 0.7358241 -0.6026489 0.3088322 0.6844856 -0.6381108 0.3525536 0.7900369 -0.2771803 0.5468207 0.9327059 -0.1470252 0.3293073 0.8026511 -0.319074 0.5039277 0.6387805 -0.2839655 0.7150686 0.8078844 -0.1160656 0.577799 0.6015948 -0.224196 0.7666942 0.8421151 -0.1911467 0.504287 0.4214883 -0.4197379 0.8038456 0.7491286 -0.4606311 0.4760519 0.7892132 -0.5056244 0.3485492 0.8679517 -0.4371771 0.2356607 0.8894479 -0.3749248 0.2613691 0.9452899 -0.2776025 0.171359 0.6371923 -0.7246156 0.2625229 0.4292093 -0.8649914 0.2599409 0.1454325 -0.9093937 0.3896827 0.1415907 -0.8438053 0.5176338 0.2494731 -0.7748515 0.5808343 0.6263421 -0.5958667 0.5026316 0.470767 -0.7910897 0.3905836 0.4968204 -0.650985 0.5739234 0.1815537 -0.6376586 0.7486186 0.4222421 -0.8527436 0.3074736 0.2867475 -0.7833168 0.5515349 0.3969965 -0.454535 0.7973656 0.1956756 -0.1850963 0.9630423 0.2181037 -0.9171134 0.3336676 0.314499 -0.8641726 0.3928053 0.4323255 -0.6892632 0.5813872 0.4173194 -0.736536 0.5323149 0.5756603 -0.4306524 0.6950926 0.6414033 -0.501093 0.580954 0.001631438 -0.143423 0.9896602 -0.001292943 -0.2755131 0.9612964 0.001396894 -0.4377217 0.8991094 -0.002321004 -0.5788145 0.815456 -6.75291e-4 -0.8067862 0.5908432 3.88824e-4 -0.7869858 0.616971 0.001194119 -0.6817899 0.7315471 -3.39142e-4 -0.9467622 0.3219341 -9.02056e-5 -0.9442439 0.3292469 -0.05192762 -0.2408456 0.9691733 -0.6434251 -0.7497361 0.154596 -0.4799009 -0.1048983 0.8710291 -0.6755388 -0.1987603 0.7100294 -0.5476235 -0.2302679 0.8044161 -0.4739486 -0.1803488 0.8618857 -0.3481371 -0.1807582 0.9198517 -0.2184055 -0.2894083 0.931956 -0.4282533 -0.5406127 0.7241113 -0.06892824 -0.2495076 0.9659167 -0.119795 -0.2292973 0.9659565 -0.5084215 -0.7520856 0.4193743 -0.776731 -0.615415 0.1339901 -0.6982704 -0.6829238 0.2145543 -0.1961723 -0.7941205 0.5752297 -0.2252808 -0.8122959 0.5379815 -0.3451138 -0.7200846 0.6019756 -0.174008 -0.5935863 0.7857332 -0.1256427 -0.5695175 0.8123199 -0.9189403 -0.2404079 0.3126548 -0.5058157 -0.776214 0.376354 -0.2456853 -0.8837248 0.3983332 -0.4637938 -0.8325906 0.302801 -0.4016383 -0.8681395 0.2915827 -0.2100039 -0.9167759 0.3397359 -0.7813001 -0.234137 0.5785759 -0.780793 -0.3578975 0.5121247 -0.7828922 -0.2360228 0.5756502 -0.8898921 -0.1885953 0.4153602 -0.3167095 -0.1943103 0.9284064 -0.5665884 -0.3703796 0.7360683 -0.5992435 -0.3934751 0.6971977 -0.8842743 -0.4095774 0.2242882 -0.7315279 -0.5312131 0.4274104 -0.534007 -0.6016991 0.5939652 -0.730912 -0.4149631 0.5418242 -0.8037601 -0.5310065 0.2683317 -0.6469389 -0.62917 0.4308308 -0.5733557 -0.6521396 0.495961 -0.3151055 -0.5774891 0.7531367 -0.2801847 -0.5625174 0.777863 -0.2941996 -0.2831237 0.912846 -0.4358189 -0.4051614 0.8036829 -0.8818144 -0.3560348 0.3092613 -0.9757194 -0.1685428 0.1398755 2.73712e-4 -0.01773375 0.9998428 3.52496e-4 -0.01735025 0.9998495 9.82826e-5 -0.01723629 0.9998515 -1.23365e-4 -0.01871192 0.9998249 9.87762e-5 -0.01805335 0.9998371 -2.70192e-4 -0.0184071 0.9998306 -0.003446519 -0.01450586 0.9998888 8.06489e-5 -0.01723617 0.9998515 2.65056e-4 -0.01735007 0.9998495 1.97131e-4 -0.01789695 0.9998399 -4.69452e-4 -0.018045 0.9998372 -5.32595e-4 -0.0179643 0.9998385 2.70776e-4 -0.01872867 0.9998246 -3.15372e-4 -0.01848244 0.9998292 0 -0.01750016 0.9998469 1.26719e-4 -0.01756441 0.9998458 -0.001309394 -0.01772463 0.9998421 -0.001137554 -0.01793307 0.9998387 2.16225e-4 -0.01751565 0.9998466 3.46238e-4 -0.01735234 0.9998494 4.58043e-4 -0.01733833 0.9998496 2.64426e-4 -0.01739782 0.9998487 -2.85719e-4 -0.01765042 0.9998442 5.76803e-5 -0.01721096 0.9998519 -2.53672e-4 0.01776158 0.9998422 0.001108884 0.01754736 0.9998455 1.01703e-4 0.01729893 0.9998505 2.57901e-4 0.01719278 0.9998522 -9.45582e-5 0.01803749 0.9998373 1.2731e-4 0.01870161 0.9998252 0.001061916 0.01742815 0.9998476 5.98704e-5 0.01706367 0.9998545 0.001350879 0.01701432 0.9998545 -0.001008868 0.01779264 0.9998413 -0.002472877 0.01474153 0.9998884 2.83082e-4 0.01834994 0.9998317 -0.001029193 0.01797425 0.9998379 -1.78289e-4 0.01788955 0.99984 0.0010311 0.01783269 0.9998406 0.001225471 0.01746523 0.9998468 0.001513838 0.01706796 0.9998533 -0.001759827 0.0169745 0.9998544 -0.001278638 0.01755791 0.9998451 3.65934e-4 0.01820731 0.9998342 2.35948e-4 0.01716786 0.9998526 -5.07966e-5 0.01737636 0.999849 2.46261e-5 0.01735121 0.9998496 -2.20209e-4 0.01745879 0.9998476 4.63201e-4 0.01806086 0.9998369 -0.7878317 0.2394906 0.5674203 -0.9634709 0.2002365 0.1778464 -0.8855456 0.3149588 0.3414824 -0.944661 0.2584481 0.2020403 -0.8715714 0.3611817 0.3315286 -0.57902 0.4065964 0.7066932 -0.5557423 0.462437 0.6908709 -0.8539252 0.2568427 0.4525966 -0.7562488 0.5480741 0.357355 -0.7778488 0.483267 0.4017519 -0.7015359 0.2583146 0.6641693 -0.6397241 0.6382366 0.4282608 -0.5801544 0.679292 0.4494256 -0.5194404 0.77251 0.3652533 -0.453833 0.8147513 0.3608546 -0.2534535 0.7476437 0.6138325 -0.1985564 0.8408299 0.5035679 -0.3122224 0.8891568 0.3345405 -0.4049358 0.8233674 0.3976091 -0.4559339 0.6219117 0.6366711 -0.3576533 0.7712897 0.5264945 -0.08601146 0.2276628 0.9699339 -0.1030608 0.2234095 0.9692609 -0.4113566 0.5413864 0.7332712 -0.2776123 0.3718365 0.8858155 -0.06568908 0.4213501 0.904516 -0.150771 0.4965847 0.8547935 -0.1966788 0.6482524 0.7355857 -0.09818214 0.1198447 0.9879259 -0.4293749 0.2540486 0.8666583 -0.5011532 0.1952667 0.84304 -0.6386963 0.1952812 0.7442663 -0.6514915 0.3792819 0.657042 -0.6828957 0.6236911 0.380346 -0.2225036 0.6675828 0.7105106 -0.2463243 0.3649207 0.8978626 -0.1564919 0.9372418 0.3115896 -0.2238184 0.8946025 0.386771 -0.4142268 0.5424847 0.7308397 -0.3149008 0.2389087 0.9185642 -0.2377835 0.1753363 0.9553619 -0.00164777 0.1431843 0.9896947 0.00133717 0.2812891 0.9596222 -0.001307308 0.4368271 0.8995446 0.001089096 0.5299202 0.8480468 -5.2776e-4 0.8678956 0.4967464 -4.22344e-4 0.6719082 0.7406344 -3.51522e-4 0.6738832 0.7388378 9.97482e-4 0.9687997 0.247843 -9.16781e-4 0.9390655 0.3437374 0.001238703 0.8450754 0.5346459 0.1760675 0.9253472 0.3357573 0.1820528 0.917193 0.3544204 0.3141252 0.870517 0.3788478 0.1104823 0.8607787 0.4968438 0.3541623 0.8124132 0.4631998 0.5356473 0.8145057 0.2228505 0.4782218 0.7776644 0.4080955 0.3652473 0.8039695 0.4692842 0.1610028 0.8061865 0.5693343 0.5518475 0.6835922 0.4776673 0.784023 0.6038397 0.1438248 0.6989336 0.6469267 0.3049226 0.9058268 0.3861722 0.1742097 0.8622745 0.4373818 0.255304 0.6663709 0.6031377 0.4383773 0.7606012 0.4380779 0.4791383 0.7743443 0.4256363 0.4682142 0.9217677 0.2101121 0.3258792 0.9752827 0.1602072 0.1521754 0.4841799 0.4330469 0.7602896 0.4898866 0.4324557 0.7569632 0.3293092 0.3003552 0.8951773 0.5709571 0.2189499 0.7912452 0.47319 0.1695731 0.8644862 0.3700054 0.1707717 0.9131993 0.2289334 0.08364498 0.9698418 0.08800953 0.07804077 0.9930579 0.5560142 0.3786801 0.7398985 0.8089931 0.2734879 0.5203217 0.1371416 0.7029374 0.697905 0.6645284 0.6110656 0.4301174 0.3086701 0.5782211 0.7552372 0.2914347 0.5698513 0.7683328 0.6490805 0.7411978 0.1712315 0.2050424 0.5835949 0.7857319 0.123198 0.5173844 0.8468387 0.07053107 0.2564639 0.963977 0.05466347 0.2445554 0.9680932 0.6228138 0.2045331 0.7551618 0.8234272 0.2585099 0.5051144 0.9207414 0.212143 0.3274609 0.4142915 0.549191 0.7257767 0.2207172 0.2833331 0.9332772 0.1774259 0.248835 0.9521561 -0.7854807 0.03373485 -0.6179662 -0.9849408 0.03273248 0.1697649 0.3027163 0.03671401 0.9523734 0.3234418 0.03936934 0.9454287 0.3825744 0.03437018 0.9232853 0.1303251 0.03388571 0.9908921 0.1545256 0.03715324 0.98729 0.2107926 0.03565055 0.9768805 -0.03346014 0.03500169 0.998827 -0.01647728 0.0367912 0.9991872 -0.1870414 0.03616809 0.981686 -0.3695059 0.03481692 0.9285759 -0.3521351 0.03608274 0.9352535 -0.2145511 0.0334742 0.976139 -0.5012536 0.03614139 0.8645455 -0.5068299 0.03568273 0.8613073 -0.6395364 0.03347915 0.7680315 -0.6408816 0.03404629 0.7668844 -0.6226764 0.03637826 0.7816335 -0.7942736 0.03851914 0.6063379 -0.724792 0.03449803 0.6881036 -0.7014269 0.02599614 0.7122672 -0.7487101 0.03117245 0.6621642 -0.8035417 0.03519791 0.5942069 -0.8642096 0.03447902 0.5019491 -0.8634962 0.03457838 0.5031688 -0.9205834 0.0343284 0.3890346 -0.9474874 0.03370028 0.3180127 -0.9586778 0.0411067 0.281509 -0.9231329 0.02979582 0.3833249 -0.983859 0.03535574 0.1754187 -0.964106 0.03507572 0.2631907 -0.9993636 0.03468382 0.008336722 -0.9988893 0.03765922 -0.02831971 -0.9835137 0.03522336 0.1773704 -0.9962348 0.03447359 0.07954859 -0.9860573 0.03507184 -0.1626686 -0.9834034 0.03631651 -0.1777611 -0.8735995 0.03601413 -0.4853113 -0.8812181 0.03447902 -0.4714509 -0.9437137 0.03585088 -0.3288148 -0.9463872 0.035169 -0.3211142 -0.6161311 0.04619443 -0.7862879 -0.7017616 0.03464227 -0.7115691 -0.7777809 0.03542405 -0.6275367 -0.6579796 0.03432434 -0.7522531 -0.7213105 0.6855902 0.09837281 -0.7240769 0.2249957 -0.6519891 -0.8755379 0.3723185 -0.3079165 -0.7777858 0.2051315 -0.5941131 -0.8298473 0.555206 0.05567866 -0.7699512 0.5861902 0.2521038 -0.7704094 0.6374708 -0.01001977 -0.7597929 0.6445337 -0.08538877 -0.8602191 0.4506897 -0.2385413 -0.8595061 0.5111008 -0.005039393 -0.7790929 0.2359961 -0.5807926 -0.8006914 0.3945674 -0.4507881 -0.8370019 0.4308758 -0.3373039 -0.6727589 0.7254079 0.1455296 -0.6951519 0.7179071 -0.0370568 -0.681744 0.7252951 -0.09577155 -0.6844939 0.3459897 -0.6416848 -0.6653263 0.5228491 -0.5328881 -0.6524027 0.7239425 -0.2242278 -0.5801354 0.7939423 -0.1819307 -0.411401 0.9053152 -0.1056117 -0.5470661 0.8362959 0.03644126 -0.3909701 0.920237 -0.01749962 -0.7133813 0.5505266 -0.4335984 -0.732212 0.5078184 -0.4538572 -0.6835501 0.3007916 -0.6650441 -0.48987 0.8622925 -0.128371 -0.524447 0.7915055 -0.3138066 -0.5740036 0.7293559 -0.3722364 -0.6129916 0.5937602 -0.5212392 -0.6111349 0.5867024 -0.531314 -0.6352766 0.3978929 -0.661895 -0.5975695 0.2376748 -0.7657817 0.1167895 -0.4785299 -0.8702697 0.3715025 -0.5398573 -0.7553411 0.2834254 -0.6357566 -0.717972 0.2126173 -0.6315733 -0.7455931 0.1471553 -0.6128674 -0.7763627 0.07165086 -0.6336545 -0.770291 -0.06082582 -0.6384956 -0.7672181 -0.1039142 -0.5311642 -0.8408725 -0.1441471 -0.5975521 -0.7887668 -0.2053253 -0.6443198 -0.7366774 -0.2834106 -0.6166921 -0.7344177 -0.3422811 -0.6332474 -0.6941481 -0.4263643 -0.4772099 -0.7684299 -0.4090219 -0.6316117 -0.6586105 -0.494692 -0.6759424 -0.5462433 -0.5805502 -0.6827591 -0.4436233 -0.8017507 -0.4763717 -0.3609236 -0.6792238 -0.6487993 -0.3430957 -0.7397816 -0.6086466 -0.286832 -0.7499948 -0.6254492 -0.2152235 -0.7603817 -0.6343699 -0.1392649 -0.7782148 -0.6239635 -0.07107156 -0.8421481 -0.5391855 0.008096098 -0.8093761 -0.5872346 -0.008123159 -0.6087222 -0.7933128 -0.01058429 -0.3142608 -0.9493227 -0.005169928 0.1001669 -0.9743989 -0.2012792 0.2747845 -0.7810218 -0.5608016 0.3295689 -0.6595707 -0.6755375 -0.3235465 -0.9462058 -0.003510296 -0.334266 -0.9419386 -0.031906 -0.3518641 -0.9353544 -0.03610855 -0.3507293 -0.9342527 -0.06450349 -0.3529654 -0.9333488 -0.06538772 -0.3443652 -0.9338874 -0.09626531 -0.3494642 -0.9317169 -0.09888643 -0.3311983 -0.9349741 -0.1270086 -0.334128 -0.9336625 -0.1289685 -0.3094454 -0.9390155 -0.1499783 -0.3227021 -0.9328324 -0.1602717 -0.301703 -0.93533 -0.1847517 -0.3067735 -0.9327068 -0.1895998 -0.280473 -0.9366925 -0.2096241 -0.2854543 -0.933902 -0.2152738 -0.2608382 -0.9359537 -0.2365462 -0.263184 -0.9344881 -0.2397214 -0.2412451 -0.934122 -0.2630908 -0.2439056 -0.9321995 -0.2674211 -0.217639 -0.932414 -0.288509 -0.2172011 -0.9328023 -0.2875823 -0.1871578 -0.9356458 -0.2992306 -0.1897969 -0.9327113 -0.3066381 -0.1557877 -0.9373985 -0.3114713 -0.1568536 -0.9359457 -0.3152819 -0.129557 -0.9329401 -0.3359132 -0.1292309 -0.9336267 -0.3341267 -0.09825503 -0.9322518 -0.3482136 -0.09804308 -0.9332542 -0.345578 -0.0650748 -0.9342585 -0.3506085 -0.06508147 -0.9344682 -0.3500483 -0.03277558 -0.9343563 -0.3548297 -0.03262329 -0.9337759 -0.3563683 5.97414e-5 -0.9330986 -0.3596209 4.90526e-4 -0.932264 -0.3617784 0.03489017 -0.9340319 -0.3554819 0.03288626 -0.9365376 -0.3490211 0.06411528 -0.936336 -0.3452016 0.06607049 -0.9343963 -0.3500546 0.09723484 -0.9349697 -0.3411407 0.09844535 -0.9339914 -0.3434654 0.1278845 -0.9349516 -0.330925 0.1177451 -0.9417689 -0.3149723 0.1402676 -0.9447966 -0.2961159 0.1587409 -0.9324308 -0.324614 -0.4897493 -0.8718499 -0.004867374 -0.4970643 -0.867693 -0.006014645 -0.4954869 -0.8676648 -0.04062628 0.1850307 -0.8675922 -0.4615706 0.217862 -0.867623 -0.4469525 0.2202088 -0.8653137 -0.4502668 -0.6374369 -0.7704839 -0.005392313 -0.6346449 -0.7702548 -0.06271725 -0.6136831 -0.7875409 -0.05632483 -0.60317 -0.7897468 -0.111741 -0.6058481 -0.787539 -0.1128292 -0.5902667 -0.789739 -0.1670263 -0.59283 -0.7875331 -0.1683583 -0.5722959 -0.7897337 -0.2209035 -0.5746869 -0.7875624 -0.2224421 -0.5493696 -0.789774 -0.2728558 -0.5516259 -0.7875871 -0.2746189 -0.521763 -0.7897995 -0.3224596 -0.5238759 -0.7875818 -0.3244519 -0.4897211 -0.7897952 -0.3693195 -0.4917133 -0.7874885 -0.371591 -0.4535472 -0.7896945 -0.4131317 -0.4551886 -0.7875674 -0.4153805 -0.4133555 -0.7897751 -0.4532027 -0.4148386 -0.7875601 -0.4556955 -0.3696883 -0.7897594 -0.4895004 -0.3709394 -0.7875382 -0.4921256 -0.3228452 -0.7897439 -0.5216086 -0.3238431 -0.7875397 -0.5243157 -0.2732354 -0.7897381 -0.5492323 -0.273963 -0.787567 -0.5519807 -0.2212618 -0.7897769 -0.5720978 -0.2217341 -0.787586 -0.5749281 -0.1674174 -0.7898073 -0.5900644 -0.1676369 -0.7875348 -0.593032 -0.1121351 -0.7897287 -0.6031206 -0.1115219 -0.7674447 -0.6313411 -0.05796617 -0.7717251 -0.6333092 -0.06159192 -0.7871344 -0.6136986 8.22036e-4 -0.7897212 -0.6134655 0.001404285 -0.7875379 -0.6162646 0.0575577 -0.789736 -0.6107407 0.05839335 -0.7875583 -0.6134673 0.1137582 -0.789771 -0.602761 0.114858 -0.7875576 -0.6054427 0.1690132 -0.7897583 -0.589675 0.1703611 -0.7875442 -0.5922427 0.2203246 -0.78971 -0.5725516 0.2321444 -0.7704065 -0.5937869 0.2784579 -0.7705718 -0.5733065 -0.7307429 -0.6826242 -0.006269037 -0.7581288 -0.6520128 -0.01095652 -0.7618675 -0.6439476 -0.06992506 -0.7637352 -0.6416773 -0.07041972 -0.7613424 -0.6326566 -0.1417868 -0.7487489 -0.648633 -0.1365661 -0.7308148 -0.6502572 -0.2075462 -0.7434562 -0.6337551 -0.2136059 -0.7130933 -0.6444488 -0.2760143 -0.7085692 -0.6506703 -0.2730529 -0.679758 -0.6507005 -0.3384052 -0.6971856 -0.6250838 -0.3510023 -0.650166 -0.644316 -0.4026675 -0.6438021 -0.6545127 -0.3963991 -0.6157 -0.6359434 -0.4652845 -0.626069 -0.6171294 -0.4766435 -0.560509 -0.6513147 -0.5114869 -0.5606701 -0.6509959 -0.5117162 -0.5205907 -0.6340103 -0.5718535 -0.5267269 -0.619585 -0.5819563 -0.4506746 -0.662878 -0.5979007 -0.4576528 -0.6439898 -0.6130506 -0.4056956 -0.6355786 -0.6568494 -0.4011973 -0.6507397 -0.6446539 -0.3375506 -0.6508008 -0.6800867 -0.3413627 -0.6355335 -0.692509 -0.2760244 -0.6415501 -0.7156983 -0.2751578 -0.6479443 -0.710251 -0.2067164 -0.6499745 -0.7313014 -0.2082654 -0.632335 -0.7461757 -0.1418509 -0.6485466 -0.7478407 -0.06399333 -0.6199194 -0.7820517 0.00172913 -0.6510968 -0.7589927 0.002304255 -0.6482597 -0.7614159 0.07300108 -0.6375486 -0.7669438 0.06986129 -0.6506537 -0.7561543 0.1415299 -0.6506912 -0.7460365 0.1435984 -0.6436685 -0.7517117 0.2132154 -0.6365007 -0.7412194 0.2078517 -0.6500756 -0.7308894 0.276995 -0.6490665 -0.7085101 0.2843549 -0.632248 -0.7206974 0.3354718 -0.6333848 -0.6973395 -0.3110044 -0.9493109 -0.04566532 0.1274344 0.02203762 0.9916022 0.314307 0.03372323 0.9487223 0.6343924 0.02850425 0.7724855 0.456416 0.03245902 0.8891744 0.2399725 0.02764075 0.9703862 0.4194383 0.02924883 0.9073125 0.9186949 0.03246515 0.3936316 0.9163228 0.03308898 0.3990711 0.9904821 0.02793109 0.1347783 0.9471633 0.04698807 0.3172914 0.7877206 0.05035829 0.6139712 0.520066 0.03785294 0.8532869 0.7251822 0.03979444 0.6874063 0.8576468 0.05040317 0.5117633 0.816758 0.03555226 0.575884 0.7766783 0.031502 0.6291094 0.6933742 0.0347138 0.7197412 0.9531209 0.04905468 0.2985873 0.8642607 0.05398601 0.500139 0.9171687 0.04313641 0.3961577 0.6893854 0.04451048 0.723026 0.619373 0.0441606 0.783854 0.7824218 0.02595263 0.6222079 0.7169464 0.03225952 0.6963815 0.5462061 0.02544027 0.8372645 0.535594 0.02402335 0.844134 0.2470335 0.0234254 0.9687238 0.2308458 0.02475881 0.9726753 0.5491278 -0.02296262 0.8354229 0.6664874 -0.03128653 0.7448596 0.7824413 -0.0259279 0.6221844 0.8634989 -0.03108811 0.5033918 0.1253388 -0.02311998 0.9918446 0.2133046 -0.02528637 0.9766585 0.275016 -0.02805149 0.9610304 0.5609708 -0.03453481 0.8271149 0.6111077 -0.04406881 0.7903198 0.387022 -0.03270113 0.9214904 0.8026846 -0.05004131 0.5943008 0.8982581 -0.04715198 0.4369314 0.8768038 -0.04952895 0.4782907 0.9592376 -0.04706311 0.2786546 0.8026602 -0.03564304 0.5953708 0.9615012 -0.04853111 0.2704817 0.5603257 -0.03449553 0.8275538 0.6387124 -0.02876049 0.768908 0.9939588 -0.02049726 0.1078239 0.8984352 -0.04626852 0.436662 0.9587612 -0.02373766 0.2832201 0.7960643 -0.03692317 0.6040847 0.6563786 -0.04343342 0.7531805 0.1605755 -0.9830875 0.0880602 0.2346348 -0.9672837 0.09648185 0.3490087 -0.933899 0.07762509 0.2831774 -0.9535953 0.1023063 0.4583255 -0.8858794 0.07180255 0.523933 -0.8478289 0.081734 0.5611887 -0.8241525 0.07641935 0.6396853 -0.7633978 0.08959096 0.7098097 -0.7010228 0.06882929 0.7744594 -0.6288449 0.06904298 0.7951188 -0.6036517 0.05823189 0.8725792 -0.4846311 0.06114107 0.8822146 -0.4680596 0.05116355 0.9605296 -0.2762004 0.03311073 0.9647952 -0.2588629 0.04647904 0.9973711 -0.07199269 0.00824058 -0.002053499 -0.9945548 0.1041952 7.38407e-7 -0.9958841 0.09063684 -0.2106652 -0.9737923 0.08572614 -0.231344 -0.9684618 0.09252953 -0.4225741 -0.9008605 0.09940594 -0.3655038 -0.9265919 0.08851325 -0.5085518 -0.8570205 0.08301264 -0.510978 -0.8554961 0.08383262 -0.6305556 -0.7716362 0.08353054 -0.6914445 -0.7205432 0.05217409 -0.7861892 -0.6131629 0.07705789 -0.8945086 -0.4443697 0.04888683 -0.8307662 -0.5546921 0.0463081 -0.9787849 -0.1979717 0.05279785 -0.9104197 -0.4075089 0.07122194 -0.9656347 -0.2581529 0.03011405 -0.4307434 -0.03486514 0.9018008 -0.08612406 -0.02168643 0.9960484 -0.06323516 -0.02097004 0.9977783 -0.7994938 -0.0262773 0.6000995 -0.6688283 -0.03876471 0.7424056 -0.9030854 -0.04217326 0.4273852 -0.9462341 -0.0364623 0.3214215 -0.9854615 -0.04433947 0.1640111 -0.9452585 -0.05774772 0.3211724 -0.2489545 -0.03007715 0.9680482 -0.5554731 -0.03665864 0.8307262 -0.8751683 -0.05589139 0.4805794 -0.3714414 -0.03481549 0.9278034 -0.6531362 -0.04481041 0.7559135 -0.5685167 -0.04370963 0.8215097 -0.6693949 -0.05101549 0.7411532 -0.8980324 -0.04147487 0.43797 -0.7411561 -0.06309431 0.6683613 -0.8453523 -0.0222699 0.5337448 -0.6333196 -0.02692681 0.773422 -0.3586627 -0.02877217 0.9330238 -0.6396252 -0.02556765 0.7682617 -0.861306 -0.04972338 0.5056478 -0.2369973 -0.01906913 0.9713231 -0.9039639 -0.03987056 0.4257461 -0.6494132 -0.03684979 0.7595425 -0.7575329 -0.04927116 0.6509349 -0.2358404 0.01663696 0.9716495 -0.6294127 0.01699602 0.7768855 -0.7534804 0.03226161 0.6566783 -0.4503223 0.03147858 0.8923111 -0.4548259 0.03397244 0.8899322 -0.9819481 0.01397132 0.1886339 -0.7224987 0.04278588 0.6900472 -0.657648 0.03701192 0.7524157 -0.7388507 0.0494126 0.6720552 -0.8676589 0.05516088 0.4940906 -0.8190472 0.03767681 0.5724877 -0.8212547 0.03739708 0.5693349 -0.9212796 0.03585582 0.3872447 -0.9595464 0.04040682 0.2786362 -0.8963373 0.04042702 0.4415261 -0.420469 0.03331917 0.9066949 -0.4229462 0.03673619 0.9054099 -0.4474916 0.03649806 0.8935431 -0.2327096 0.02984982 0.9720881 -0.09617906 0.02139651 0.9951341 -0.6421261 0.05125206 0.7648839 -0.8087582 0.0546379 0.5855979 -0.9164462 0.05804556 0.3959257 -0.9701421 0.0531376 0.2366447 -0.6508182 0.03792363 0.7582859 -0.9893224 0.1356412 0.05331796 -0.9503477 0.3096289 0.03113526 -0.952947 0.3021796 0.02407473 -0.885473 0.4626636 0.04335856 -0.8963193 0.4402712 0.05265784 -0.8243756 0.5609227 0.0759651 -0.8010651 0.595137 0.06408309 -0.7100375 0.6991527 0.08385944 -0.6702278 0.7388059 0.07043164 -0.5891472 0.803749 0.08302658 -0.5543493 0.8286526 0.0776652 -0.4677045 0.8791725 0.09115004 -0.4166103 0.9050994 0.08503627 -0.3315057 0.9385734 0.09583425 -0.2808536 0.955709 0.08798617 -0.1018199 0.9903814 0.09368824 -0.1667491 0.9808394 0.1007418 -2.63731e-4 0.9950386 0.09949064 6.68717e-4 0.9945434 0.1043213 0.9740852 0.224533 -0.0272569 0.9887033 0.137163 0.06043392 0.9423924 0.3317211 0.04310107 0.9236088 0.3786557 0.059722 0.8967553 0.4419623 0.02234882 0.7886317 0.6107689 0.07086235 0.7548752 0.6535877 0.05464911 0.6681384 0.7400341 0.07707661 0.6182725 0.7832629 0.06510347 0.4892141 0.8677988 0.08714842 0.4566891 0.8859239 0.08107912 0.3529909 0.930508 0.09773612 0.2213276 0.9716186 0.08349561 0.2406917 0.9664406 0.08977878 0.1525752 0.984339 0.08830374 -0.5755941 0.3760389 0.7261448 -0.9289246 0.1996734 -0.3118168 -0.95003 0.1416539 -0.2781674 -0.5818545 0.2693167 0.7674073 -0.1403184 0.178428 0.9738965 -0.833723 0.1534007 -0.5304474 -0.9424158 0.1641967 -0.2913621 -0.8004539 0.05198967 -0.5971354 -0.9127641 0.01575195 -0.4081835 -0.9721654 0.1363669 -0.1905218 -0.9763491 0.1800612 0.1196683 -0.9715568 0.2276831 0.06509888 -0.9588754 -0.004410088 -0.2837935 -0.9909033 0.1323752 -0.02423822 -0.9745821 0.1097496 -0.195307 -0.8961469 0.07113862 -0.4380183 -0.8776959 0.1045838 -0.467667 -0.8314606 0.0970447 -0.5470426 -0.7577363 0.09385657 -0.6457762 -0.9110271 0.1451597 0.3859513 -0.860509 0.1716008 0.4796641 -0.3735723 0.3329706 0.8657796 -0.3653512 0.281057 0.8874263 -0.4712677 0.1839995 0.862584 -0.1973479 0.2406408 0.9503398 -0.2739133 0.2915526 0.9164981 -0.3200272 0.2396489 0.9165976 -0.7801356 0.1446287 0.6086633 -0.8106659 0.1217926 0.5727018 -0.866417 0.1319272 0.4815774 -0.5890419 0.1088936 0.8007321 -0.3532565 0.005784034 0.9355086 -0.1423068 0.05837255 0.9880999 -0.3941947 0.2164542 0.893173 -0.4392336 0.2362006 0.8667659 -0.18135 -0.01512598 0.9833023 -0.310041 0.05448812 0.9491605 -0.4454813 0.08824521 0.8909317 -0.214365 0.1328337 0.9676792 -0.3101621 0.1129925 0.943945 0.2289064 0.01501023 0.9733327 -0.02720779 0.1563083 0.9873335 0.01441091 0.06945103 0.9974813 -0.1275452 0.1315288 0.983073 0.01329267 0.1257437 0.9919737 -0.7288075 0.2889301 0.620773 -0.7871897 0.2647215 0.5570055 -0.7381367 -0.05550545 0.6723641 -0.5310218 0.4238233 0.7337505 -0.5794144 0.379377 0.7213544 -0.6122815 0.2318865 0.7558703 -0.6642615 0.1598469 0.7302093 -0.6844168 0.1026714 0.7218257 -0.573256 0.4347226 0.6945458 -0.6358274 0.398213 0.6611733 -0.6353244 0.3304493 0.697973 -0.6649492 0.3446407 0.6626202 -0.9029144 -0.2227377 -0.3676052 -0.9739835 0.1509963 0.1689866 -0.9354671 0.2015185 0.2903305 -0.9550504 0.0546813 0.2913566 -0.6819974 0.2914518 0.6707723 -0.8508154 0.4555179 0.2619478 -0.8906123 0.4412631 0.1099851 -0.9249595 0.3690878 -0.09068667 -0.8483408 0.1437594 -0.5095599 -0.9030552 0.2562977 -0.3446781 -0.9245809 0.3509331 -0.1483114 -0.9455091 0.2976754 -0.1319158 -0.9384213 0.343176 -0.0399481 -0.9502622 0.3114324 -0.003411889 -0.9634512 0.2677877 0.007180809 -0.9516084 0.3067665 -0.01832562 -0.4988724 0.2132539 0.8400292 -0.5500291 0.1569681 0.8202617 -0.2507371 -0.2112017 0.9447354 -0.7056897 0.1583081 0.6906089 -0.9488279 0.2075319 0.2380254 -0.9502619 0.2533428 0.1811621 -0.9707809 0.2295817 0.06983381 -0.9626774 0.2702672 0.01442158 -0.9579876 0.2010773 -0.2045184 -0.9354178 0.2488024 -0.2511793 -0.9239842 0.1985932 -0.326824 -0.8761077 0.2226543 -0.427622 -0.2897026 0.9516627 0.1020325 -0.2916322 0.9510353 0.102385 -0.4387616 0.8855925 0.1523619 -0.4733151 0.8662756 0.1598109 -0.590045 0.7814097 0.203091 -0.685806 0.6880092 0.2373046 -0.550888 0.8144139 0.1823529 -0.7084991 0.6628834 0.2421047 -0.7601185 0.5935726 0.2643699 -0.7623424 0.6445999 0.05766475 -0.6122751 0.7893218 0.04572039 -0.7805894 0.6222373 0.05917072 -0.7599117 0.6477794 0.05400162 -0.2927983 0.9558768 0.02384865 -0.4250567 0.9048335 0.02455711 -0.3571965 0.9334885 0.0317803 -0.7361027 0.6647807 0.1273561 -0.7661579 0.6300999 0.1263976 -0.6067581 0.7886101 0.09969377 -0.6216973 0.7769306 0.09935492 -0.4931384 0.8658162 0.08471554 -0.4209352 0.9045993 0.06718432 -0.2817389 0.9581913 0.04992812 -0.3028923 0.951689 0.050444 -0.5055826 0.8620867 0.03453582 -0.6229305 0.7807824 0.0483393 -0.7449044 0.6399323 0.1886908 -0.7528589 0.6298744 0.1909496 -0.7467913 0.6372089 0.1904406 -0.609715 0.777388 0.1546469 -0.6050258 0.7811542 0.1540848 -0.4863721 0.8648449 0.1244416 -0.4785519 0.8693324 0.1234882 -0.3054454 0.9489591 0.07861125 -0.2941805 0.9526149 0.07734906 -0.9099371 0.4147434 0.001622676 -0.8700568 0.4587869 -0.1803212 -0.6722428 0.4584834 -0.5812768 0.1473623 0.4585148 -0.8763839 0.2283251 -0.4587846 -0.858711 -0.2187787 -0.4584794 -0.8613552 -0.8496188 -0.4585102 -0.2606078 -0.883003 -0.4692803 0.00903958 -0.8965338 -0.4389395 -0.05966025 -0.8844804 -0.4618993 -0.06590658 -0.8949493 -0.4357993 -0.09562861 -0.8880956 -0.458451 -0.03330069 -0.8816009 -0.4500092 -0.1423782 -0.8793581 -0.452902 -0.1470009 -0.8728739 -0.444145 -0.2020559 -0.8649837 -0.4524225 -0.2170647 -0.8661934 -0.4549472 -0.2067174 -0.8399019 -0.4592768 -0.2891878 -0.8416938 -0.442723 -0.3091087 -0.8166729 -0.449372 -0.3620916 -0.8129597 -0.4527691 -0.3661925 -0.7829703 -0.4486968 -0.4308465 -0.7867115 -0.4550911 -0.4171056 -0.7262187 -0.4571752 -0.5134173 -0.742622 -0.4500423 -0.4959582 -0.7526593 -0.4623971 -0.468714 -0.6957073 -0.4488691 -0.56081 -0.6970483 -0.4510006 -0.5574246 -0.6467736 -0.4509849 -0.6150581 -0.6539302 -0.4593783 -0.6011214 -0.5899458 -0.4562221 -0.6662023 -0.5772782 -0.4381474 -0.6890405 -0.6149978 -0.4584976 -0.6415277 -0.5340636 -0.4568159 -0.7114039 -0.5314758 -0.4537781 -0.7152755 -0.4699584 -0.4474689 -0.7608619 -0.4824478 -0.4566794 -0.7474545 -0.3324614 -0.4515372 -0.8279999 -0.333272 -0.452257 -0.8272808 -0.4002551 -0.4596472 -0.7927929 -0.3821625 -0.4380717 -0.8136615 -0.4312698 -0.4581106 -0.7772653 -0.2818753 -0.4414493 -0.851862 -0.2599889 -0.4538373 -0.8523132 -0.2719214 -0.455878 -0.8474869 -0.1856145 -0.4580714 -0.8693203 -0.1743924 -0.4469483 -0.8773965 -0.1109748 -0.4501128 -0.8860492 -0.1088482 -0.4514921 -0.8856111 -0.03472286 -0.4485712 -0.8930724 -0.05271804 -0.4558376 -0.8885005 0.06137663 -0.4567027 -0.8874997 0.04185968 -0.4492407 -0.8924297 0.00533384 -0.4624133 -0.8866485 0.1187784 -0.4504841 -0.884848 0.1180201 -0.4509901 -0.8846917 0.1935074 -0.4494136 -0.8721138 0.1790003 -0.4563387 -0.8716158 0.2935234 -0.4388533 -0.8492654 0.2668879 -0.4533473 -0.8504393 0.2832737 -0.4566296 -0.8433537 0.3390825 -0.4515375 -0.8253104 0.3411195 -0.4503043 -0.8251447 0.3813509 -0.4572557 -0.8034232 0.3863766 -0.4614337 -0.7986188 0.4081572 -0.4111642 -0.8150779 0.4142644 -0.3651559 -0.8336943 0.3960844 -0.3240624 -0.8591279 0.3841103 -0.1790531 -0.905759 0.4369215 -0.2189952 -0.8724337 0.307053 -0.01477462 -0.9515778 0.4492738 -0.06519693 -0.8910121 0.3988839 0.03611779 -0.9162899 0.4418481 0.1359862 -0.8867232 0.3897851 0.1823026 -0.9026812 0.4239186 0.2903807 -0.8578882 0.4109482 0.3349751 -0.8478876 0.4026185 0.3801863 -0.8326805 0.4059174 0.4213223 -0.8109986 0.4007701 0.4619214 -0.7912092 0.3239771 0.4463021 -0.8341782 0.3370629 0.4618907 -0.8203936 0.3831429 0.4553556 -0.8036497 0.3725848 0.4574988 -0.8073881 0.267396 0.4499997 -0.8520562 0.2622505 0.4528984 -0.8521196 0.2100942 0.444154 -0.8709695 0.1931791 0.4524127 -0.8706347 0.2030039 0.4549437 -0.8670731 0.1174578 0.4592975 -0.8804826 0.1004134 0.4427151 -0.8910222 0.04185795 0.4493966 -0.8923513 0.03654474 0.4527821 -0.890872 -0.03472012 0.4487063 -0.8930046 -0.02075231 0.4551036 -0.8901968 -0.1339893 0.4571871 -0.8792195 -0.1109806 0.4500379 -0.8860865 -0.08211654 0.4623941 -0.8828639 -0.1899424 0.4488934 -0.8731648 -0.1863709 0.4509944 -0.8728517 -0.260411 0.4509721 -0.8537039 -0.2447309 0.4593729 -0.8538638 -0.3315709 0.4562286 -0.8257822 -0.3576868 0.4381363 -0.8246798 -0.2983213 0.458487 -0.8371345 -0.3969777 0.4568214 -0.7960671 -0.4016148 0.4537744 -0.7954838 -0.4699586 0.4474685 -0.7608621 -0.4523729 0.4566766 -0.7660321 -0.5915212 0.4515565 -0.6679816 -0.5905326 0.4522665 -0.6683759 -0.5296747 0.4596608 -0.7128512 -0.5564795 0.4380489 -0.7060055 -0.5018967 0.4581079 -0.7336463 -0.6355479 0.4414786 -0.6333843 -0.6457271 0.4538342 -0.6140612 -0.635985 0.4558969 -0.6226406 -0.6942303 0.4580706 -0.5551717 -0.7064745 0.4469479 -0.5487545 -0.7425938 0.4501097 -0.4959393 -0.7431545 0.4514907 -0.4938396 -0.7830212 0.4485808 -0.4308748 -0.7708899 0.4558388 -0.4449045 -0.8210496 0.4566872 -0.3425117 -0.816731 0.449245 -0.362118 -0.7952049 0.4624212 -0.3921936 -0.8444043 0.4504634 -0.2899385 -0.8439104 0.4509834 -0.2905671 -0.8664552 0.4494196 -0.2174338 -0.8595252 0.4563346 -0.2301635 -0.8908127 0.4388479 -0.1177516 -0.8799334 0.4533455 -0.1421091 -0.8809344 0.4566282 -0.1242797 -0.8896425 0.4518206 -0.06629121 -0.890623 0.4502379 -0.06384712 -0.8841027 0.467259 -0.005637705 -0.8891147 0.4572112 -0.0208081 -0.9630219 0.2692394 -0.009957611 -0.9304481 0.3664238 1.47699e-4 -0.9758877 0.2182738 -1.56359e-4 -0.9906225 -0.1366259 -7.21669e-4 -0.9578058 -0.2874166 1.57403e-4 -0.9414474 -0.3369904 -0.01068466 -0.8863642 -0.4627478 0.01494073 -0.8960791 -0.4421601 -0.03920024 0.3843611 0.3907629 -0.8364037 0.3498836 0.3904581 -0.8515422 0.3498598 0.3904745 -0.8515443 0.2756534 0.3904745 -0.8783763 0.2756547 0.390473 -0.8783767 0.1994124 0.3904718 -0.8987584 0.1994191 0.390465 -0.8987599 0.1217511 0.3904647 -0.9125317 0.1217332 0.3904765 -0.9125289 0.04313826 0.3904767 -0.9196017 0.04313427 0.3904788 -0.919601 -0.03578561 0.3904785 -0.9199163 -0.03576648 0.3904638 -0.9199233 -0.1144148 0.3904643 -0.9134808 -0.1144097 0.3904608 -0.9134829 -0.1922114 0.3904616 -0.9003303 -0.1922339 0.3904802 -0.9003174 -0.2686099 0.3904796 -0.8805536 -0.2686047 0.3904737 -0.8805577 -0.3430296 0.390474 -0.854319 -0.343029 0.3904736 -0.8543194 -0.4149267 0.3904751 -0.8218061 -0.4149116 0.3904597 -0.821821 -0.4837714 0.3904594 -0.7832667 -0.4837847 0.390477 -0.7832497 -0.5490656 0.390476 -0.7389557 -0.5490686 0.3904798 -0.7389514 -0.6103308 0.3904796 -0.6892184 -0.6103298 0.390477 -0.6892208 -0.6671147 0.3904766 -0.6344178 -0.6671198 0.3904876 -0.6344057 -0.7190006 0.3904865 -0.5749422 -0.7189894 0.3904628 -0.5749722 -0.7655881 0.3904652 -0.5112845 -0.7655855 0.3904582 -0.5112937 -0.8065506 0.3904579 -0.4438683 -0.8065581 0.3904889 -0.4438272 -0.8415987 0.3904882 -0.3731362 -0.8415976 0.3904833 -0.3731437 -0.870463 0.3904841 -0.2996937 -0.8704629 0.390472 -0.29971 -0.8929277 0.390473 -0.2240786 -0.8929277 0.3904736 -0.2240769 -0.9088382 0.3904744 -0.1467751 -0.9088391 0.3904717 -0.1467772 -0.9180694 0.390474 -0.06840062 -0.9180726 0.3904651 -0.0684098 -0.9199298 0.3907677 -0.03209489 0.3878083 0.3226038 -0.8634418 0.3597513 0.3223541 -0.8755952 0.3597666 0.3223425 -0.8755932 0.2834441 0.3223437 -0.9031911 0.2834396 0.3223473 -0.9031912 0.2050461 0.3223465 -0.9241477 0.2050459 0.322348 -0.9241471 0.1251737 0.3223478 -0.9383088 0.1251879 0.322335 -0.9383113 0.04435801 0.3223358 -0.9455856 0.04435622 0.322336 -0.9455856 -0.03677994 0.322336 -0.9459106 -0.03679502 0.3223494 -0.9459054 -0.1176419 0.3223497 -0.9392822 -0.1176443 0.3223547 -0.9392802 -0.197646 0.3223543 -0.9257558 -0.1976391 0.3223496 -0.9257589 -0.2761992 0.3223499 -0.9054307 -0.2762 0.3223496 -0.9054306 -0.3527149 0.322349 -0.8784552 -0.3527185 0.3223534 -0.8784521 -0.4266542 0.3223522 -0.8450179 -0.4266477 0.3223464 -0.8450235 -0.4974297 0.3223479 -0.8053915 -0.4974324 0.3223528 -0.805388 -0.5645923 0.3223534 -0.7598183 -0.5645785 0.3223369 -0.7598356 -0.627577 0.3223379 -0.7086928 -0.6275781 0.3223357 -0.7086927 -0.6859627 0.3223367 -0.6523452 -0.6859626 0.3223384 -0.6523444 -0.7393001 0.3223388 -0.5912133 -0.7393123 0.3223639 -0.5911844 -0.7872133 0.3223635 -0.5257157 -0.7872105 0.3223558 -0.5257248 -0.8293427 0.3223552 -0.4563746 -0.8293344 0.3223293 -0.4564082 -0.8653737 0.3223295 -0.3837085 -0.8653776 0.3223528 -0.3836799 -0.8950533 0.3223528 -0.3081696 -0.8950541 0.3223586 -0.308161 -0.9181538 0.3223593 -0.2303872 -0.9181538 0.3223433 -0.2304092 -0.9345167 0.3223412 -0.1509132 -0.9345178 0.3223338 -0.1509224 -0.9440099 0.3223318 -0.07034021 -0.9440071 0.3223413 -0.07033306 -0.9461904 0.322604 -0.02550363 -0.9468994 0.3195686 -0.03546094 0.3910882 0.2516833 -0.8852715 0.3701227 0.2504729 -0.8945797 0.3677228 0.2525037 -0.8949983 0.2897198 0.2525027 -0.9232036 0.2897242 0.2524982 -0.9232034 0.2096068 0.2524979 -0.9446216 0.2095877 0.2525125 -0.9446219 0.1279397 0.2525122 -0.9590981 0.1279448 0.2525059 -0.9590991 0.04534786 0.2525065 -0.9665321 0.04534006 0.2525122 -0.9665309 -0.03760176 0.2525122 -0.9668629 -0.0375939 0.2525063 -0.9668647 -0.1202505 0.2525062 -0.960094 -0.1202468 0.252502 -0.9600956 -0.2020341 0.2525019 -0.946269 -0.2020268 0.2524922 -0.9462732 -0.2823024 0.2524926 -0.9255015 -0.2823204 0.2525073 -0.9254919 -0.360548 0.2525083 -0.8979113 -0.3605326 0.2524915 -0.8979223 -0.4360972 0.2524921 -0.8637518 -0.4361072 0.2525036 -0.8637433 -0.5084584 0.2525041 -0.8232325 -0.508451 0.252498 -0.823239 -0.5770895 0.2524973 -0.7766678 -0.5771006 0.2525123 -0.7766548 -0.6414892 0.2525122 -0.724382 -0.6414805 0.2525007 -0.7243937 -0.7011591 0.2525014 -0.6667975 -0.701159 0.2525013 -0.6667978 -0.755679 0.2524978 -0.6043131 -0.755678 0.2525015 -0.6043128 -0.8046607 0.2524988 -0.5373691 -0.8046605 0.2525019 -0.537368 -0.8477236 0.2525011 -0.4664846 -0.8477221 0.2524979 -0.4664894 -0.8845507 0.2524984 -0.3921921 -0.8845471 0.2524823 -0.3922108 -0.9148882 0.2524831 -0.315011 -0.9148896 0.2524927 -0.3149992 -0.9385043 0.2524945 -0.2354913 -0.9385049 0.2524902 -0.235494 -0.9552223 0.2524936 -0.1542647 -0.9552224 0.2524981 -0.1542565 -0.9649223 0.2524973 -0.07190442 -0.9649206 0.2525051 -0.07189834 -0.9661158 0.2526566 -0.05277204 0.3736225 0.183023 -0.9093453 0.3754426 0.1813017 -0.9089405 0.2944531 0.1813158 -0.9383081 0.2944579 0.1813106 -0.9383077 0.2130339 0.181311 -0.9600745 0.2130342 0.1813095 -0.9600747 0.1300409 0.1813107 -0.9747901 0.1300322 0.1813176 -0.97479 0.04608464 0.1813178 -0.9823442 0.04608798 0.1813133 -0.9823449 -0.03822761 0.1813133 -0.9826821 -0.03821605 0.1813045 -0.9826842 -0.1222004 0.1813035 -0.9758054 -0.122217 0.1813193 -0.9758003 -0.2053385 0.1813192 -0.9617482 -0.2053408 0.1813209 -0.9617473 -0.2869413 0.1813207 -0.9406315 -0.2869233 0.1813015 -0.9406406 -0.3664191 0.1813009 -0.9126155 -0.3664466 0.1813272 -0.9125993 -0.4432419 0.1813254 -0.8778712 -0.4432307 0.1813133 -0.8778794 -0.5167852 0.1813114 -0.8366954 -0.5167779 0.1812994 -0.8367026 -0.5865259 0.1813013 -0.7893777 -0.5865299 0.1813075 -0.7893733 -0.6519765 0.181308 -0.7362433 -0.6519847 0.1813172 -0.7362337 -0.7126255 0.1813166 -0.6777088 -0.7126281 0.1813204 -0.6777051 -0.7680472 0.1813223 -0.6141871 -0.7680408 0.1813087 -0.6141991 -0.817825 0.1813094 -0.5461587 -0.8178238 0.1813088 -0.5461608 -0.8615825 0.1813091 -0.4741337 -0.8615891 0.1813253 -0.4741154 -0.8990164 0.1813279 -0.3986097 -0.8990172 0.18133 -0.3986071 -0.9298506 0.1813297 -0.3201522 -0.9298484 0.1813232 -0.3201623 -0.9538545 0.1813201 -0.2393425 -0.953854 0.181322 -0.2393428 -0.9708466 0.1813207 -0.1567795 -0.9708465 0.1813138 -0.156788 -0.9810186 0.1812783 -0.0688529 -0.981455 0.1771925 -0.07313638 -0.9819255 0.1781482 -0.06391805 0.3671471 0.1063336 -0.9240651 0.3805206 0.1065857 -0.9186096 0.3777714 0.1091786 -0.9194394 0.2976342 0.1091784 -0.9484165 0.2976267 0.1091846 -0.9484182 0.2153279 0.1091836 -0.9704189 0.2153277 0.109183 -0.9704191 0.1314259 0.1091829 -0.9852951 0.1314418 0.1091697 -0.9852945 0.04659289 0.1091692 -0.9929306 0.04658108 0.1091808 -0.9929299 -0.03862977 0.1091808 -0.993271 -0.03863936 0.1091891 -0.9932698 -0.1235414 0.1091899 -0.9863139 -0.1235166 0.1091666 -0.9863197 -0.207549 0.1091676 -0.9721142 -0.207552 0.1091709 -0.9721131 -0.2900202 0.1091708 -0.9507735 -0.2900345 0.1091825 -0.9507678 -0.3703767 0.1091836 -0.9224425 -0.3703687 0.1091743 -0.9224469 -0.4480035 0.1091759 -0.8873407 -0.4480184 0.1091901 -0.8873315 -0.5223672 0.1091911 -0.8457008 -0.5223556 0.1091784 -0.8457096 -0.5928384 0.1091766 -0.7978868 -0.5928442 0.1091822 -0.7978816 -0.659006 0.1091824 -0.7441709 -0.6590022 0.1091766 -0.7441751 -0.7203025 0.1091783 -0.6850142 -0.7203044 0.1091814 -0.6850116 -0.776328 0.1091817 -0.6208012 -0.7763247 0.1091755 -0.6208065 -0.8266286 0.1091762 -0.552056 -0.8266358 0.1091894 -0.5520426 -0.8708714 0.1091904 -0.4792291 -0.8708654 0.1091763 -0.4792432 -0.9087108 0.1091778 -0.4028958 -0.9087075 0.1091639 -0.4029069 -0.9398756 0.1091672 -0.3235991 -0.9398749 0.1091601 -0.3236038 -0.964134 0.1091606 -0.2419288 -0.9641351 0.1091655 -0.2419222 -0.9813055 0.1091657 -0.1585001 -0.9813073 0.1091955 -0.1584687 -0.9912727 0.1091955 -0.07385718 -0.9911964 0.1117042 -0.07107734 -0.9911174 0.1117973 -0.07202571 0.3797864 0.0363754 -0.9243588 0.3797104 0.03645271 -0.924387 0.299216 0.036453 -0.9534888 0.2992253 0.03644639 -0.9534863 0.2164891 0.03644603 -0.9756045 0.2164785 0.03645557 -0.9756066 0.1321318 0.03645449 -0.9905616 0.1321303 0.03645747 -0.9905617 0.04683685 0.03645777 -0.9982371 0.0468437 0.03645306 -0.998237 -0.03882646 0.03645306 -0.9985809 -0.03883421 0.03646361 -0.9985802 -0.1242019 0.03646373 -0.9915868 -0.1242049 0.03646373 -0.9915863 -0.2086637 0.03646284 -0.9773075 -0.2086583 0.03645426 -0.977309 -0.2915561 0.03645479 -0.9558589 -0.2915714 0.03646975 -0.9558537 -0.3723801 0.03646993 -0.9273635 -0.3723564 0.03644633 -0.927374 -0.4503969 0.03644609 -0.8920844 -0.4503974 0.03645044 -0.892084 -0.5251475 0.03645014 -0.8502303 -0.5251594 0.03646582 -0.8502224 -0.5960147 0.03646743 -0.802145 -0.5960069 0.03645777 -0.8021513 -0.6625354 0.03645843 -0.7481428 -0.6625307 0.03644937 -0.7481474 -0.7241532 0.03644913 -0.6886753 -0.7241523 0.03644812 -0.6886763 -0.7804769 0.03644764 -0.6241214 -0.7804784 0.0364477 -0.6241196 -0.8310391 0.03644794 -0.5550185 -0.8310467 0.0364601 -0.5550065 -0.875525 0.03646159 -0.4817953 -0.8755269 0.03646427 -0.4817916 -0.9135654 0.03646534 -0.4050539 -0.9135673 0.03646779 -0.4050493 -0.9448961 0.03647124 -0.3253325 -0.9448976 0.03647422 -0.3253279 -0.9692867 0.03647458 -0.2432135 -0.9692851 0.03646701 -0.2432212 -0.9865523 0.03646916 -0.1593256 -0.9865496 0.03644853 -0.1593472 -0.9965724 0.0364511 -0.07426172 -0.9965728 0.03645628 -0.07425457 -0.9992989 0.03644794 0.008566021 -0.9893908 0.01623177 -0.1443696 0.4561525 -0.03646588 -0.8891542 0.3797966 -0.03646457 -0.9243511 0.3797851 -0.036453 -0.9243562 0.2992235 -0.03645288 -0.9534866 0.2992178 -0.03644651 -0.9534886 0.2164785 -0.03644603 -0.9756069 0.2164891 -0.03645551 -0.9756042 0.1321285 -0.03645443 -0.9905621 0.1321337 -0.03645747 -0.9905613 0.04684185 -0.03645783 -0.9982368 0.04683876 -0.03645306 -0.9982371 -0.03883606 -0.03645306 -0.9985805 -0.03882461 -0.03646361 -0.9985805 -0.1242032 -0.03646373 -0.9915866 -0.1242038 -0.03646373 -0.9915865 -0.2086565 -0.0364629 -0.977309 -0.2086656 -0.03645426 -0.9773074 -0.2915716 -0.03645467 -0.9558541 -0.291556 -0.03646981 -0.9558583 -0.3723577 -0.03646981 -0.9273726 -0.3723788 -0.03644651 -0.9273649 -0.4504004 -0.03644621 -0.8920826 -0.4503939 -0.03645026 -0.8920857 -0.525161 -0.03645044 -0.850222 -0.5251458 -0.0364654 -0.8502306 -0.5960067 -0.03646731 -0.802151 -0.5960149 -0.03645795 -0.8021453 -0.6625295 -0.03645837 -0.748148 -0.6625366 -0.03644943 -0.7481422 -0.7241514 -0.03644871 -0.6886772 -0.7241541 -0.03644847 -0.6886744 -0.7804777 -0.03644764 -0.6241205 -0.7804777 -0.0364477 -0.6241204 -0.831047 -0.03644824 -0.5550067 -0.8310388 -0.03645974 -0.5550183 -0.8755272 -0.03646105 -0.4817912 -0.8755246 -0.03646475 -0.4817956 -0.9135677 -0.03646183 -0.4050492 -0.913565 -0.0364713 -0.4050541 -0.9448977 -0.03647059 -0.3253279 -0.944896 -0.03647482 -0.3253324 -0.9692848 -0.03647452 -0.2432212 -0.969287 -0.03646707 -0.2432135 -0.9865489 -0.03646886 -0.159347 -0.986553 -0.03644889 -0.1593257 -0.9965254 -0.03645253 -0.07489073 -0.9965953 -0.03581988 -0.07426345 -0.9981113 -0.03489398 -0.05056202 0.382405 -0.1104456 -0.9173704 0.3791458 -0.1105793 -0.918706 0.3777767 -0.1091784 -0.9194372 0.2976269 -0.1091783 -0.9484189 0.297634 -0.1091849 -0.9484159 0.2153276 -0.1091836 -0.970419 0.2153279 -0.109183 -0.970419 0.1314416 -0.109183 -0.985293 0.131426 -0.1091698 -0.9852966 0.04657924 -0.1091691 -0.9929314 0.04659467 -0.1091808 -0.9929293 -0.03863936 -0.1091808 -0.9932706 -0.03862971 -0.109189 -0.9932701 -0.1235163 -0.1091901 -0.9863171 -0.1235417 -0.1091668 -0.9863164 -0.2075521 -0.1091676 -0.9721136 -0.207549 -0.1091709 -0.9721138 -0.2900332 -0.1091706 -0.9507695 -0.2900215 -0.1091826 -0.9507718 -0.3703683 -0.1091835 -0.9224459 -0.3703771 -0.1091744 -0.9224434 -0.448019 -0.1091752 -0.8873329 -0.4480028 -0.1091905 -0.8873394 -0.5223549 -0.1091917 -0.8457084 -0.5223679 -0.109178 -0.8457021 -0.5928434 -0.1091771 -0.7978829 -0.5928392 -0.1091822 -0.7978854 -0.6590007 -0.1091822 -0.7441756 -0.6590076 -0.1091768 -0.7441704 -0.7203052 -0.1091786 -0.6850113 -0.7203018 -0.109181 -0.6850144 -0.7763243 -0.1091811 -0.6208061 -0.7763285 -0.1091761 -0.6208016 -0.826637 -0.109176 -0.5520434 -0.8266274 -0.1091895 -0.5520552 -0.8708641 -0.1091897 -0.4792425 -0.8708726 -0.1091772 -0.4792298 -0.9087064 -0.1091755 -0.4029063 -0.9087119 -0.1091664 -0.4028964 -0.9398742 -0.1091659 -0.3236038 -0.9398763 -0.1091615 -0.3235991 -0.9641358 -0.1091586 -0.2419226 -0.9641333 -0.1091674 -0.2419285 -0.9813104 -0.1091681 -0.1584692 -0.9813027 -0.1091929 -0.1584996 -0.9912714 -0.1091943 -0.07387679 -0.9917259 -0.1067858 -0.07125031 -0.9906613 -0.106191 -0.08552086 0.3739367 -0.178534 -0.9101082 0.3765499 -0.1812918 -0.9084842 0.2944594 -0.1813158 -0.9383062 0.2944516 -0.1813108 -0.9383095 0.213036 -0.1813109 -0.960074 0.2130321 -0.1813095 -0.9600751 0.1300324 -0.1813106 -0.9747913 0.1300407 -0.1813176 -0.9747889 0.04608792 -0.1813178 -0.9823441 0.0460847 -0.1813134 -0.982345 -0.03821599 -0.1813133 -0.9826826 -0.03822767 -0.1813046 -0.9826837 -0.1222193 -0.1813034 -0.9758031 -0.1221982 -0.1813192 -0.9758028 -0.2053409 -0.1813192 -0.9617477 -0.2053385 -0.181321 -0.9617478 -0.2869206 -0.1813207 -0.9406378 -0.286944 -0.1813018 -0.9406343 -0.3664468 -0.1813006 -0.9126045 -0.3664188 -0.1813271 -0.9126105 -0.4432295 -0.1813256 -0.8778773 -0.443243 -0.181313 -0.8778732 -0.5167752 -0.1813114 -0.8367016 -0.5167879 -0.1812996 -0.8366963 -0.5865306 -0.1813015 -0.7893742 -0.5865253 -0.1813072 -0.7893769 -0.6519848 -0.1813077 -0.736236 -0.6519765 -0.1813169 -0.7362411 -0.7126281 -0.1813178 -0.6777058 -0.7126256 -0.1813192 -0.6777081 -0.7680389 -0.1813223 -0.6141974 -0.768049 -0.1813089 -0.6141888 -0.8178237 -0.1813091 -0.5461608 -0.817825 -0.181309 -0.5461588 -0.8615926 -0.1813071 -0.4741162 -0.8615792 -0.181326 -0.474133 -0.899018 -0.1813263 -0.398607 -0.8990157 -0.1813316 -0.3986098 -0.929847 -0.1813313 -0.3201617 -0.929852 -0.1813217 -0.3201528 -0.9538543 -0.1813198 -0.2393428 -0.9538541 -0.1813222 -0.2393425 -0.9708452 -0.1813209 -0.1567878 -0.9708479 -0.1813136 -0.1567797 -0.98097 -0.1812857 -0.0695219 -0.9800279 -0.1849616 -0.07303881 -0.9814158 -0.1831052 -0.05740785 0.3823932 -0.254342 -0.888305 0.3703134 -0.2551303 -0.8931834 0.3677275 -0.2525033 -0.8949965 0.2897256 -0.2525028 -0.9232018 0.2897185 -0.2524982 -0.9232053 0.2095904 -0.2524977 -0.9446252 0.2096042 -0.2525124 -0.9446183 0.1279465 -0.2525123 -0.9590971 0.1279381 -0.252506 -0.9590999 0.04534208 -0.2525064 -0.9665323 0.0453459 -0.2525122 -0.9665306 -0.03759384 -0.2525123 -0.9668632 -0.03760182 -0.2525063 -0.9668644 -0.1202447 -0.2525062 -0.9600948 -0.1202526 -0.2525022 -0.9600949 -0.2020226 -0.2525022 -0.9462714 -0.2020383 -0.2524921 -0.9462707 -0.2823197 -0.2524922 -0.9254962 -0.282303 -0.2525072 -0.9254972 -0.3605293 -0.2525086 -0.8979187 -0.3605512 -0.2524915 -0.8979148 -0.4361088 -0.2524918 -0.8637459 -0.4360957 -0.2525034 -0.8637492 -0.5084517 -0.2525035 -0.8232369 -0.5084578 -0.2524986 -0.8232347 -0.5771031 -0.2524967 -0.7766579 -0.5770871 -0.2525125 -0.7766648 -0.6414794 -0.252512 -0.7243907 -0.6414899 -0.252502 -0.724385 -0.7011592 -0.2525008 -0.6667977 -0.701159 -0.2525019 -0.6667976 -0.7556789 -0.2524998 -0.6043123 -0.7556779 -0.2525004 -0.6043131 -0.8046616 -0.2525001 -0.5373673 -0.8046597 -0.2525005 -0.5373698 -0.8477212 -0.2525029 -0.4664881 -0.8477244 -0.2524971 -0.4664856 -0.8845435 -0.2524973 -0.3922089 -0.8845543 -0.2524828 -0.3921939 -0.9148918 -0.2524835 -0.3150003 -0.9148861 -0.2524921 -0.31501 -0.9385041 -0.252493 -0.2354938 -0.9385051 -0.2524917 -0.2354915 -0.9552237 -0.2524927 -0.1542568 -0.9552209 -0.2524989 -0.1542645 -0.9649218 -0.2525008 -0.07189834 -0.9663506 -0.2483217 -0.06710386 -0.9667772 -0.2501313 -0.0526905 0.3599392 -0.3209994 -0.8760156 0.3611289 -0.3223234 -0.8750392 0.2834399 -0.3223433 -0.9031925 0.2834436 -0.3223477 -0.9031898 0.205044 -0.3223462 -0.9241483 0.2050479 -0.3223481 -0.9241468 0.1251873 -0.3223478 -0.938307 0.1251742 -0.3223352 -0.9383131 0.04435622 -0.3223353 -0.9455859 0.04435795 -0.3223365 -0.9455853 -0.03679519 -0.3223358 -0.94591 -0.03677976 -0.3223492 -0.9459061 -0.1176465 -0.3223491 -0.9392818 -0.1176397 -0.322355 -0.9392808 -0.1976388 -0.322354 -0.9257574 -0.1976463 -0.32235 -0.9257573 -0.2762002 -0.3223495 -0.9054305 -0.276199 -0.32235 -0.9054307 -0.3527189 -0.3223486 -0.8784536 -0.3527145 -0.3223536 -0.8784536 -0.4266486 -0.3223515 -0.8450211 -0.4266532 -0.3223475 -0.8450202 -0.4974344 -0.3223475 -0.8053887 -0.4974278 -0.3223528 -0.8053908 -0.5645765 -0.3223531 -0.7598302 -0.5645942 -0.3223375 -0.7598236 -0.6275774 -0.3223364 -0.7086931 -0.6275776 -0.3223378 -0.7086924 -0.6859635 -0.3223355 -0.652345 -0.6859619 -0.322339 -0.652345 -0.739319 -0.3223387 -0.5911898 -0.7392935 -0.3223631 -0.5912083 -0.7872081 -0.3223631 -0.5257238 -0.7872157 -0.3223565 -0.5257166 -0.8293272 -0.3223548 -0.4564031 -0.8293496 -0.3223305 -0.4563797 -0.8653854 -0.3223282 -0.3836829 -0.8653661 -0.3223533 -0.3837056 -0.8950567 -0.3223508 -0.3081616 -0.8950513 -0.3223585 -0.3081692 -0.9181482 -0.32236 -0.230408 -0.9181591 -0.3223432 -0.2303882 -0.9345152 -0.3223413 -0.1509222 -0.9345192 -0.3223339 -0.1509133 -0.9440098 -0.3223333 -0.07033348 -0.9440072 -0.3223395 -0.07033973 -0.94565 -0.3225852 -0.04105007 0.3823211 -0.3907589 -0.8373399 0.3498626 -0.3904574 -0.8515511 0.3498807 -0.3904743 -0.8515359 0.2756564 -0.3904747 -0.8783754 0.2756518 -0.390473 -0.8783776 0.1994224 -0.3904721 -0.898756 0.1994092 -0.390465 -0.8987621 0.1217359 -0.3904643 -0.9125338 0.1217484 -0.3904764 -0.9125271 0.04313427 -0.3904763 -0.919602 0.0431382 -0.390479 -0.9196007 -0.03576624 -0.3904786 -0.9199171 -0.03578585 -0.3904643 -0.9199222 -0.1144096 -0.3904638 -0.9134815 -0.1144149 -0.3904613 -0.913482 -0.1922357 -0.3904606 -0.9003255 -0.1922097 -0.3904804 -0.9003224 -0.2686018 -0.3904796 -0.8805559 -0.2686126 -0.3904741 -0.8805552 -0.3430289 -0.3904737 -0.8543193 -0.3430297 -0.3904739 -0.854319 -0.4149088 -0.3904752 -0.821815 -0.4149295 -0.3904603 -0.8218117 -0.4837905 -0.3904584 -0.7832555 -0.4837659 -0.3904771 -0.7832614 -0.5490707 -0.3904742 -0.7389528 -0.5490636 -0.3904814 -0.7389543 -0.6103284 -0.3904803 -0.6892202 -0.6103321 -0.3904768 -0.6892189 -0.6671224 -0.3904777 -0.634409 -0.6671118 -0.3904865 -0.6344149 -0.7189812 -0.3904868 -0.5749662 -0.7190086 -0.3904635 -0.5749478 -0.7655832 -0.3904653 -0.5112917 -0.7655905 -0.3904587 -0.5112861 -0.8065698 -0.3904582 -0.443833 -0.8065394 -0.3904874 -0.4438627 -0.8415964 -0.3904873 -0.3731424 -0.8415999 -0.3904843 -0.3731375 -0.8704589 -0.3904826 -0.299708 -0.870467 -0.390474 -0.2996956 -0.8929282 -0.3904727 -0.2240767 -0.8929271 -0.3904738 -0.224079 -0.9088385 -0.390473 -0.1467772 -0.9088387 -0.3904732 -0.1467753 -0.9180696 -0.3904724 -0.06840956 -0.9180724 -0.3904671 -0.06840103 -0.9201402 -0.3907644 -0.02540487 -0.921847 -0.387149 -0.01771426 0.9326848 0.05281728 0.3568045 0.9718679 0.06023007 0.2276955 0.9984886 0.03344601 0.04361355 0.742995 0.07268631 0.6653384 0.8099491 0.1170262 0.5747065 0.8740822 0.04622191 0.4835742 0.9052274 0.0652166 0.4198931 0.9534192 0.07542163 0.2920675 0.903876 0.08956974 0.4183129 0.2242143 0.1770808 0.9583165 0.2391893 0.1778073 0.9545538 -0.1511763 0.09944832 0.9834916 0.1596767 0.1287044 0.9787434 -0.1193495 0.1745653 0.9773857 0.4590585 0.09374207 0.8834466 0.4563498 0.167887 0.8738186 0.4357109 0.1674822 0.8843675 0.357997 0.1041331 0.9278979 0.2318147 0.09780591 0.9678305 0.6690835 0.1420218 0.7294911 0.7411531 0.1379545 0.657009 0.6599746 0.09042811 0.745826 0.3797462 0.03499156 0.9244287 0.3540674 0.03030675 0.9347288 0.6652763 0.03081202 0.7459612 0.6772192 0.03330987 0.735027 0.8633192 0.03172165 0.5036604 0.8735155 0.02838772 0.4859681 0.8633765 -0.03110015 0.503601 0.82338 -0.02389639 0.5669873 0.6769067 -0.0382238 0.7350757 0.5770666 -0.02593886 0.8162851 0.3831517 -0.0417962 0.9227393 0.2552245 -0.02697318 0.9665056 0.5746391 -0.09363436 0.8130331 0.9971119 -0.03282505 0.06848728 0.9540504 -0.07453733 0.2902275 0.9264428 -0.05261069 0.3727412 0.3046312 -0.09597718 0.9476225 0.2531369 -0.1018281 0.9620566 0.5716622 -0.1557133 0.805578 0.5626536 -0.1556889 0.8119002 0.3073479 -0.1780507 0.9347916 0.9154358 -0.08709144 0.3929282 0.9494309 -0.07793307 0.3041505 0.8244649 -0.07702249 0.5606473 0.1333763 -0.1516595 0.9793928 -0.1940533 -0.1718155 0.9658276 0.265358 -0.1751502 0.9481074 -0.1031951 -0.09693872 0.989926 0.784746 -0.1233844 0.6074127 0.7630068 -0.131029 0.6329709 0.5755136 -0.09369832 0.8124068 0.7549327 -0.07525449 0.6514703 0.06318432 -0.2819949 0.9573332 0.2239095 -0.2716562 0.9359849 0.1005128 -0.3634428 0.9261786 0.9768986 -0.177091 0.119616 0.5875239 -0.3781635 0.7154076 0.3789429 -0.4220857 0.8235569 0.2920417 -0.4031966 0.8672624 0.2315189 -0.529914 0.8158372 0.3528053 -0.6017513 0.716536 0.3800163 -0.6713435 0.6363062 0.01561433 -0.7245925 0.6890007 0.3499615 -0.4036415 0.8453405 0.243322 -0.2782623 0.9291742 0.1660233 -0.4127243 0.8955975 0.1579954 -0.7450818 0.6479897 0.1648032 -0.6794679 0.7149569 0.09377986 -0.4970138 0.8626602 0.09407532 -0.4973939 0.8624089 0.2161183 -0.6392587 0.7379982 0.3285449 -0.7894387 0.5185024 0.4685078 -0.704957 0.5324811 0.4671826 -0.5336024 0.7049886 0.3874573 -0.5311532 0.753494 0.5385034 -0.3981575 0.7426202 0.3526083 -0.3104714 0.8827656 0.424793 -0.2342789 0.874451 0.1170357 -0.9410883 0.3172625 0.2379861 -0.7957136 0.5569582 0.3013774 -0.8818966 0.3625331 0.1562834 -0.9142168 0.3738759 0.1409256 -0.8817961 0.4500841 0.178578 -0.8038033 0.5674594 0.332269 -0.7842885 0.523917 0.5635158 -0.7828799 0.2637217 0.5751112 -0.7731486 0.2673733 0.7183794 -0.6461952 0.2576101 0.7849967 -0.5860878 0.2007018 0.8341799 -0.496821 0.2394007 0.3896027 -0.8997059 0.1968223 0.7406589 -0.3989422 0.5406196 0.7723519 -0.2783689 0.5709495 0.8858536 -0.2479922 0.3921266 0.5769407 -0.2701986 0.7707998 0.5859634 -0.2623107 0.7667073 0.7890852 -0.2564505 0.5581915 0.6192628 -0.6424401 0.4514247 0.4631762 -0.7336465 0.4972231 0.9751768 -0.1751467 0.1354765 0.7628894 -0.484409 0.4281916 0.7633696 -0.5155659 0.3891769 0.7030958 -0.4267034 0.5688413 0.9592973 -0.1187776 0.2562042 0.8952898 -0.3718459 0.2453302 0.8790143 -0.4343294 0.1967026 0.6064532 -0.6135353 0.505756 0.5423299 -0.4056073 0.7357724 0.5701279 -0.7794116 0.2597534 0.4384226 -0.8118413 0.3856152 0.2457129 -0.9395926 0.2383084 0.6125707 -0.6124421 0.4996718 0.5998604 -0.5389462 0.5913583 0.8593512 -0.3567938 0.366352 0.8589133 -0.3551719 0.3689458 3.93425e-4 -0.9863953 0.1643902 0.002355635 -0.9430412 0.3326677 0.002420485 -0.9426431 0.333794 0.006269931 -0.8494065 0.5277019 0.001887619 -0.889003 0.4578977 0.007818639 -0.4950734 0.868816 0.007496178 -0.5023281 0.8646446 0.008237421 -0.6643956 0.7473357 0.005056321 -0.7426275 0.6696856 0.008203566 -0.7145637 0.6995223 0.004735708 -0.7688109 0.6394587 -0.2391195 -0.8207241 0.5188775 -0.233236 -0.9593564 0.1588598 -0.06940644 -0.4659318 0.8820943 -0.263013 -0.6616076 0.7022106 -0.1022588 -0.5881254 0.8022791 -0.07618117 -0.5431216 0.8361911 -0.1154505 -0.4337185 0.8936216 -0.182753 -0.4548282 0.8716264 -0.5482468 -0.443211 0.7092175 -0.4500294 -0.5593482 0.6961345 -0.37176 -0.6103333 0.6994912 -0.576718 -0.4755157 0.66429 -0.6541987 -0.3349325 0.6781183 -0.6399109 -0.2565938 0.7243437 -0.6870217 -0.3665575 0.6274049 -0.4346266 -0.5212885 0.7344101 -0.2633497 -0.5911738 0.7623389 -0.4985345 -0.1786861 0.8482539 -0.4900174 -0.3354624 0.8045794 -0.4694573 -0.3411887 0.8143711 -0.3477821 -0.4310476 0.8326137 -0.2125926 -0.2968499 0.9309589 -0.1381821 -0.3544991 0.9247899 -0.2459301 -0.3236358 0.9136621 -0.5515261 -0.3624624 0.7512922 -0.2526091 -0.2844407 0.9248148 -0.3860428 -0.5097641 0.7688379 -0.8879327 -0.4048273 0.2183819 -0.9751297 -0.2098847 0.07120758 -0.9363633 -0.2700951 0.2242151 -0.9109442 -0.3121685 0.2696878 -0.972363 -0.2333694 0.00700432 -0.8926914 -0.167135 0.4185307 -0.7080518 -0.4400758 0.5522645 -0.7870491 -0.2720729 0.5536518 -0.8226231 -0.3211851 0.4691817 -0.8241434 -0.3469688 0.4476612 -0.7562837 -0.5092628 0.4107147 -0.7591433 -0.6034168 0.2441101 -0.7619404 -0.5953308 0.2550064 -0.6369507 -0.7287033 0.2515658 -0.5822964 -0.7588478 0.2916867 -0.4470953 -0.863732 0.2325357 -0.1125374 -0.8389697 0.5324146 -0.3656247 -0.7782924 0.51047 -0.4930318 -0.6999617 0.5166947 -0.4970396 -0.6792348 0.5399926 -0.3665205 -0.7750461 0.5147489 -0.209589 -0.8700659 0.446159 -0.4738628 -0.8161951 0.3305748 -0.3067099 -0.9035443 0.2992269 -0.3124085 -0.8995713 0.3052415 -0.1936147 -0.9127085 0.3598285 -0.1211156 -0.9521584 0.2805806 -0.1054432 -0.7827348 0.6133581 -0.151698 -0.6918909 0.7058858 -0.268105 -0.6653627 0.6967153 -0.2679011 -0.6557844 0.7058157 -0.6021487 -0.5956023 0.5316718 -0.6025503 -0.6020813 0.523862 -0.835293 -0.4830683 0.2625466 -0.9449077 -0.05778932 0.3221954 -0.9958248 -0.03781586 0.08308404 -0.8450711 -0.0816546 0.5283818 -0.8410308 -0.08157849 0.534801 -0.7000969 -0.1446261 0.6992479 -0.8001164 -0.1237132 0.5869487 -0.8422757 -0.1184349 0.5258754 -0.8725242 -0.1069724 0.4767163 -0.9679874 -0.06932157 0.2412363 -0.9634153 -0.0750125 0.2573017 -0.2121456 -0.1844765 0.959668 -0.6360151 -0.1122666 0.7634665 -0.6506544 -0.1077651 0.7516884 -0.3187361 -0.1920982 0.9281732 -0.3151744 -0.1240691 0.940889 -0.3504313 -0.1288402 0.9276843 -0.5124465 -0.1677544 0.842174 -0.4840604 -0.1703061 0.8583015 -0.628859 -0.1634232 0.7601508 -0.3209739 -0.02126324 0.9468494 -0.3893007 -0.03606224 0.9204046 -0.6719808 -0.02456349 0.7401611 -0.7403747 -0.02901303 0.671568 -0.3177049 -0.07513278 0.9452083 -0.6518544 -0.06305593 0.755718 -0.6446323 -0.06150305 0.7620149 -0.6387476 -0.03455621 0.76864 -0.857369 -0.05545872 0.5117058 -0.3535785 -0.06778508 0.9329456 -0.8698799 0.05476307 0.4902145 -0.7664566 0.03021579 0.641585 -0.8419923 0.03577107 0.5383024 -0.6778953 0.03538984 0.7343062 -0.6222969 0.07117503 0.7795389 -0.6216744 0.0241425 0.7829036 -0.3996568 0.03541803 0.9159805 -0.7130325 0.05498367 0.6989718 -0.3055126 0.08198815 0.9486517 -0.318364 0.02049922 0.947747 -0.238395 0.07126456 0.9685502 -0.5409675 0.06395465 0.8386085 -0.5632953 0.1190972 0.8176273 -0.9931791 0.03262406 0.1119422 -0.9811813 0.05579984 0.1848506 -0.5586328 0.1639505 0.8130497 -0.5523749 0.1637545 0.8173534 -0.3038542 0.123008 0.9447443 -0.2482764 0.183829 0.9510867 -0.2357097 0.132506 0.9627477 -0.297223 0.1884164 0.936033 -0.8993487 0.06756889 0.4319795 -0.8555043 0.08346825 0.5110239 -0.8956127 0.1018978 0.4330068 -0.8825956 0.1088291 0.4573633 -0.9745346 0.05986416 0.2160984 -0.5327856 0.1162347 0.8382297 -0.7346272 0.1013347 0.6708608 -0.7204105 0.1004126 0.6862406 -0.7696921 0.1296072 0.6251208 -0.7359424 0.1414764 0.6620977 -0.9248433 0.3230538 0.2007516 -0.9900566 0.1308932 0.05152666 -0.05637478 0.2867513 0.956345 -0.1658552 0.2550849 0.952588 -0.1392541 0.3882642 0.9109661 -0.5467244 0.3835147 0.7443178 -0.373442 0.4288803 0.8225587 -0.2785551 0.4041553 0.8712436 -0.2181869 0.5317792 0.8182942 -0.3669359 0.6161964 0.6968932 -0.3347226 0.4043973 0.8511309 -0.2311335 0.2768902 0.9326892 -0.1353302 0.385927 0.9125493 -0.1524252 0.7726812 0.6162227 -0.1298602 0.622758 0.7715626 -0.05704915 0.4700539 0.8807922 -0.08855825 0.5055869 0.8582187 -0.2061842 0.6211643 0.7560707 -0.3763772 0.8332267 0.4050599 -0.3913285 0.7754771 0.4954769 -0.3521878 0.7748606 0.5249333 -0.3698029 0.627736 0.6849769 -0.5402926 0.5370292 0.6478299 -0.3823854 0.5419004 0.7484152 -0.4917407 0.4028435 0.7719509 -0.3513946 0.2997843 0.8869336 -0.412509 0.2348267 0.8801664 -0.2723687 0.7784579 0.5655252 -0.2479071 0.8458667 0.4722836 -0.1578053 0.9387318 0.3063989 -0.154582 0.9384937 0.3087621 -0.1083083 0.8599709 0.4987177 -0.1106261 0.8562527 0.5045723 -0.1028273 0.7259532 0.6800137 -0.4523168 0.8578293 0.2440052 -0.6346526 0.7190609 0.2831388 -0.6239329 0.7507351 0.2170359 -0.7476184 0.5812242 0.3213178 -0.7531833 0.6304807 0.1876409 -0.7821224 0.2417999 0.5742974 -0.587713 0.4840821 0.6482732 -0.8990714 0.2292042 0.3730095 -0.558227 0.2719798 0.783843 -0.6169615 0.2248736 0.7541821 -0.947094 0.2742626 0.1667125 -0.7745723 0.4971345 0.3910179 -0.7814374 0.5609885 0.2732174 -0.6565766 0.543682 0.5227975 -0.5281043 0.7082911 0.4684332 -0.733235 0.3358522 0.5912443 -0.707018 0.311476 0.634908 -0.8693023 0.4807124 0.1150189 -0.8513181 0.4507899 0.2684136 -0.477131 0.8238921 0.3058559 -0.3652367 0.8736731 0.3213993 -0.1749938 0.9286902 0.3269737 -0.3162266 0.9088146 0.272134 -0.5141391 0.6606981 0.5469361 -0.5658778 0.5732274 0.5926153 -0.7412992 0.4116808 0.530089 -0.8005499 0.4660072 0.3767721 -0.8420118 0.3192828 0.4348272 -0.9489616 0.1487974 0.2780852 0.00309509 0.9525568 0.3043452 0.00238955 0.9460602 0.3239822 0.003648877 0.8590596 0.5118627 0.004001855 0.86634 0.4994387 0.006496667 0.6457158 0.7635504 0.006944239 0.6617875 0.7496594 0.008084833 0.4915555 0.8708088 0.008157432 0.4937264 0.8695791 0.005227386 0.7897288 0.6134339 0.004449546 0.7693877 0.6387667 0.1584758 0.3247609 0.9324247 0.08185487 0.5087668 0.8570042 0.1871462 0.463633 0.8660374 0.347901 0.48139 0.8045052 0.5222244 0.359915 0.7731385 0.5061805 0.3388184 0.7930848 0.3692739 0.4563589 0.8095514 0.3826872 0.4878768 0.7845552 0.2255159 0.2526748 0.9409029 0.4470217 0.2803741 0.8494481 0.1237903 0.2749628 0.9534524 0.4417648 0.2785219 0.852801 0.2697786 0.3296342 0.9047436 0.2819078 0.3591404 0.8896888 0.6083899 0.6309068 0.4814752 0.7476729 0.5605025 0.3561211 0.6011759 0.6342601 0.4861088 0.5469987 0.5484455 0.6324555 0.8261637 0.4979028 0.2637169 0.8868781 0.3942407 0.2408772 0.9539286 0.2222235 0.2015859 0.9431419 0.3098464 0.1203274 0.6922506 0.3859151 0.6098022 0.8278722 0.3963332 0.3969225 0.8222413 0.3751617 0.4279872 0.900192 0.2442747 0.3605334 0.8567205 0.2258023 0.4637277 0.8005396 0.2658506 0.5370845 0.7113522 0.2428261 0.6595556 0.7142942 0.3626702 0.5985434 0.9368316 0.2041532 0.2840215 0.5680128 0.4264054 0.7039459 0.4575242 0.5583624 0.6920282 0.2579829 0.5042551 0.8241189 0.1498581 0.3590035 0.921227 0.5531537 0.226171 0.8017904 0.1235527 0.9389706 0.3210434 0.2327276 0.9326912 0.2755451 0.2588632 0.9324257 0.2521352 0.2093931 0.8962738 0.3909576 0.4041711 0.875195 0.2658561 0.08475983 0.873851 0.4787488 0.1140972 0.5826175 0.804698 0.1252678 0.7538051 0.6450474 0.07857716 0.7290615 0.6799228 0.08257675 0.8756954 0.4757509 0.2437888 0.8122394 0.5299379 0.5303018 0.8091609 0.2530587 0.5571917 0.7426723 0.3714502 0.3674601 0.8795104 0.3023815 0.048698 0.9669768 0.2501689 0.368751 0.7967128 0.4788232 0.3512606 0.7900041 0.5025033 0.2909403 0.6417477 0.709587 0.2871326 0.6699762 0.684607 0.1566043 0.7088645 0.68774 0.6715782 0.2747569 0.6881071 0.6808986 0.4817857 0.5515974 0.6460123 0.5077207 0.5699893 0.6885974 0.6842955 0.2399445 0.08205878 0.5263131 0.8463221 0.1392089 0.4363357 0.8889501 0.2408428 0.6336123 0.7352077 0.3948365 0.6033346 0.6928865 0.4165399 0.6692621 0.6152908 0.4486092 0.6683295 0.5933681 0.5686357 0.7373709 0.3646064 0.6821839 0.6882118 0.2469611 0.8339354 0.5191671 0.187129 -0.02497845 0.8351908 -0.5493928 -0.01986593 0.8625271 -0.5056207 -0.02951312 0.9968258 -0.07394319 -0.02021729 0.9810464 -0.1927152 -0.0293914 0.9523399 -0.3036199 -0.01480579 0.5756306 -0.8175759 -0.009360134 0.6064883 -0.7950373 -6.86255e-4 0.3217087 -0.9468385 -0.01294505 0.4082834 -0.9127635 0.3438987 0.9380209 0.04301834 0.3293181 0.93865 0.1024003 0.9224157 0.2931587 -0.2514106 0.7403715 0.6381493 -0.2112243 0.6553128 0.7446331 0.1268333 0.4304217 0.8609957 0.2709682 0.8366755 0.3897452 0.3848024 0.5850248 0.8077832 -0.07233619 0.6106507 0.7757303 -0.1592115 0.7900532 0.4403355 -0.4265215 0.810705 0.3944574 -0.432621 0.8642268 0.4967862 -0.07947188 0.8602103 0.5094387 0.0225929 0.7843526 0.5886862 0.1955494 0.7853242 0.548455 0.2871637 0.3209366 0.1831213 -0.9292289 0.05460321 0.8524286 -0.5199846 0.01240181 0.6122547 -0.7905635 0.003317058 0.6060813 -0.7953959 0.3259838 0.5924624 -0.7366973 0.4619336 0.5153462 -0.7218281 0.05470353 0.3572989 -0.9323868 0.2074554 0.8786427 -0.4300575 0.63922 0.579573 -0.5054631 0.1946806 0.9619556 -0.1916798 0.2663765 0.8938975 -0.3605424 0.5035402 0.804382 -0.3153046 0.5242213 0.2375325 -0.8177838</float_array>
          <technique_common>
            <accessor source="#Link_3_001-mesh-normals-array" count="9971" stride="3">
              <param name="X" type="float"/>
              <param name="Y" type="float"/>
              <param name="Z" type="float"/>
            </accessor>
          </technique_common>
        </source>
        <vertices id="Link_3_001-mesh-vertices">
          <input semantic="POSITION" source="#Link_3_001-mesh-positions"/>
        </vertices>
        <triangles material="link_01_part_000_mtl_001-material" count="10220">
          <input semantic="VERTEX" source="#Link_3_001-mesh-vertices" offset="0"/>
          <input semantic="NORMAL" source="#Link_3_001-mesh-normals" offset="1"/>
          <p>0 0 1 0 2 0 3 1 4 1 5 1 2 2 6 2 7 2 8 3 5 3 9 3 4 4 10 4 5 4 3 5 5 5 8 5 11 6 12 6 13 6 11 7 14 7 12 7 4 8 15 8 14 8 11 9 4 9 14 9 6 10 2 10 1 10 11 11 13 11 10 11 10 12 13 12 2 12 2 13 13 13 0 13 10 14 4 14 11 14 2 15 7 15 10 15 7 16 9 16 5 16 7 17 5 17 10 17 15 18 16 18 17 18 14 19 18 19 12 19 15 20 17 20 14 20 14 21 17 21 18 21 16 22 4 22 19 22 19 23 4 23 3 23 19 24 3 24 20 24 20 25 3 25 8 25 16 26 15 26 4 26 21 27 22 27 23 27 24 28 25 28 21 28 26 29 27 29 28 29 23 30 29 30 21 30 21 31 29 31 24 31 30 32 29 32 26 32 29 33 31 33 26 33 29 34 30 34 24 34 31 35 27 35 26 35 24 36 32 36 25 36 33 37 34 37 35 37 36 38 34 38 32 38 34 39 36 39 35 39 26 40 28 40 30 40 30 41 28 41 36 41 30 42 32 42 24 42 36 43 32 43 30 43 37 44 35 44 36 44 35 45 38 45 33 45 38 46 35 46 37 46 39 47 28 47 27 47 39 48 27 48 40 48 37 49 36 49 39 49 39 50 36 50 28 50 41 51 42 51 38 51 41 52 43 52 42 52 43 53 41 53 44 53 45 54 46 54 47 54 48 55 46 55 45 55 49 56 45 56 47 56 50 57 49 57 47 57 43 58 44 58 48 58 48 59 44 59 46 59 42 60 33 60 38 60 50 61 47 61 51 61 39 62 40 62 52 62 39 63 52 63 53 63 39 64 53 64 37 64 37 65 53 65 54 65 37 66 54 66 38 66 38 67 54 67 41 67 54 68 53 68 55 68 54 69 55 69 41 69 41 70 55 70 44 70 46 71 44 71 47 71 52 72 56 72 53 72 53 73 56 73 57 73 53 74 57 74 55 74 44 75 55 75 51 75 44 76 51 76 47 76 55 77 57 77 58 77 55 78 58 78 51 78 50 79 59 79 49 79 49 80 59 80 60 80 61 81 62 81 22 81 22 82 62 82 63 82 64 83 27 83 31 83 64 84 31 84 65 84 31 85 29 85 65 85 65 86 29 86 66 86 66 87 29 87 67 87 67 88 29 88 23 88 67 89 23 89 63 89 63 90 23 90 22 90 62 91 61 91 68 91 62 92 68 92 69 92 69 93 68 93 70 93 70 94 71 94 69 94 69 95 71 95 72 95 72 96 71 96 73 96 73 97 71 97 74 97 74 98 75 98 73 98 73 99 75 99 76 99 76 100 75 100 60 100 60 101 75 101 49 101 27 102 64 102 40 102 40 103 64 103 77 103 78 104 79 104 80 104 81 105 82 105 83 105 84 106 81 106 85 106 81 107 84 107 78 107 86 108 72 108 73 108 83 109 85 109 81 109 82 110 86 110 73 110 82 111 73 111 83 111 83 112 73 112 76 112 83 113 76 113 87 113 87 114 76 114 60 114 81 115 78 115 88 115 88 116 78 116 80 116 89 117 90 117 91 117 92 118 62 118 69 118 91 119 92 119 69 119 91 120 69 120 89 120 92 121 91 121 62 121 80 122 89 122 88 122 88 123 86 123 82 123 80 124 79 124 93 124 80 125 93 125 90 125 80 126 90 126 89 126 69 127 72 127 86 127 87 128 85 128 83 128 82 129 81 129 88 129 88 130 89 130 86 130 86 131 89 131 69 131 94 132 95 132 96 132 96 133 97 133 98 133 96 134 98 134 99 134 99 135 100 135 96 135 94 136 96 136 100 136 101 137 66 137 102 137 102 138 66 138 67 138 102 139 67 139 63 139 98 140 102 140 103 140 98 141 103 141 99 141 65 142 104 142 64 142 105 143 97 143 95 143 97 144 104 144 101 144 101 145 104 145 65 145 65 146 66 146 101 146 101 147 102 147 97 147 95 148 97 148 96 148 103 149 102 149 63 149 105 150 104 150 97 150 98 151 97 151 102 151 79 152 94 152 100 152 79 153 100 153 93 153 93 154 100 154 99 154 93 155 99 155 90 155 90 156 99 156 103 156 90 157 103 157 91 157 91 158 103 158 63 158 91 159 63 159 62 159 59 160 50 160 106 160 107 161 106 161 51 161 51 162 106 162 50 162 58 163 107 163 51 163 57 164 108 164 107 164 57 165 107 165 58 165 108 166 57 166 109 166 109 167 57 167 56 167 52 168 109 168 56 168 110 169 52 169 40 169 52 170 110 170 109 170 110 171 40 171 77 171 111 172 84 172 85 172 111 173 85 173 112 173 112 174 85 174 113 174 113 175 85 175 87 175 60 176 59 176 87 176 87 177 59 177 113 177 105 178 95 178 114 178 114 179 95 179 115 179 105 180 114 180 116 180 105 181 116 181 104 181 104 182 116 182 77 182 104 183 77 183 64 183 111 184 117 184 118 184 119 185 120 185 121 185 121 186 120 186 122 186 123 187 124 187 125 187 125 188 124 188 126 188 95 189 94 189 121 189 118 190 117 190 127 190 127 191 117 191 128 191 121 192 124 192 123 192 129 193 78 193 130 193 130 194 78 194 84 194 127 195 128 195 115 195 130 196 84 196 111 196 130 197 111 197 118 197 79 198 78 198 129 198 123 199 131 199 121 199 121 200 131 200 119 200 131 201 132 201 133 201 121 202 94 202 79 202 121 203 79 203 129 203 95 204 121 204 122 204 133 205 119 205 131 205 127 206 115 206 122 206 122 207 115 207 95 207 8 208 134 208 135 208 8 209 135 209 20 209 9 210 136 210 134 210 134 211 8 211 9 211 136 212 9 212 7 212 136 213 7 213 137 213 6 214 138 214 137 214 137 215 7 215 6 215 138 216 6 216 1 216 138 217 1 217 139 217 140 218 141 218 142 218 142 219 141 219 139 219 142 220 139 220 1 220 143 221 144 221 145 221 145 222 144 222 146 222 147 223 148 223 149 223 150 224 151 224 152 224 153 225 154 225 155 225 156 226 157 226 158 226 158 227 157 227 159 227 160 228 161 228 162 228 160 229 162 229 163 229 163 230 162 230 164 230 165 231 152 231 164 231 163 232 164 232 152 232 152 233 165 233 166 233 152 234 166 234 156 234 156 235 166 235 167 235 168 236 169 236 170 236 171 237 170 237 172 237 171 238 172 238 160 238 173 239 174 239 175 239 175 240 174 240 176 240 177 241 176 241 178 241 177 242 178 242 169 242 169 243 178 243 179 243 159 244 157 244 180 244 159 245 180 245 181 245 159 246 181 246 148 246 148 247 181 247 182 247 148 248 182 248 149 248 183 249 173 249 175 249 183 250 175 250 182 250 184 251 185 251 186 251 186 252 185 252 187 252 186 253 187 253 188 253 188 254 189 254 186 254 189 255 190 255 186 255 191 256 192 256 190 256 190 257 192 257 186 257 184 258 186 258 193 258 193 259 186 259 194 259 195 260 196 260 148 260 148 261 196 261 197 261 148 262 197 262 198 262 193 263 194 263 199 263 199 264 194 264 200 264 148 265 198 265 199 265 201 266 200 266 202 266 201 267 199 267 200 267 199 268 201 268 148 268 201 269 203 269 148 269 148 270 203 270 159 270 159 271 203 271 204 271 205 272 206 272 18 272 18 273 206 273 12 273 18 274 207 274 205 274 192 275 191 275 208 275 208 276 209 276 192 276 209 277 210 277 192 277 192 278 210 278 211 278 192 279 211 279 212 279 192 280 212 280 213 280 214 281 207 281 192 281 214 282 192 282 213 282 215 283 214 283 216 283 215 284 216 284 217 284 217 285 218 285 219 285 219 286 218 286 220 286 219 287 220 287 221 287 222 288 223 288 215 288 215 289 223 289 224 289 215 290 224 290 225 290 205 291 207 291 214 291 205 292 214 292 215 292 205 293 215 293 225 293 226 294 227 294 228 294 226 295 228 295 222 295 222 296 228 296 223 296 159 297 204 297 158 297 158 298 204 298 229 298 230 299 231 299 229 299 229 300 231 300 158 300 158 301 231 301 232 301 232 302 231 302 233 302 232 303 233 303 227 303 234 304 235 304 236 304 234 305 236 305 237 305 236 306 238 306 237 306 237 307 238 307 239 307 237 308 239 308 240 308 240 309 241 309 215 309 215 310 241 310 242 310 215 311 242 311 243 311 215 312 243 312 222 312 243 313 244 313 245 313 245 314 244 314 246 314 246 315 244 315 247 315 247 316 244 316 248 316 247 317 248 317 234 317 234 318 248 318 235 318 232 319 227 319 226 319 232 320 226 320 249 320 249 321 226 321 250 321 249 322 250 322 251 322 250 323 226 323 245 323 245 324 226 324 222 324 245 325 222 325 243 325 252 326 253 326 237 326 237 327 253 327 234 327 253 328 252 328 254 328 254 329 252 329 255 329 254 330 255 330 256 330 257 331 258 331 255 331 255 332 258 332 256 332 259 333 257 333 260 333 261 334 262 334 259 334 263 335 264 335 262 335 265 336 266 336 264 336 267 337 268 337 266 337 269 338 270 338 271 338 271 339 270 339 272 339 272 340 270 340 273 340 274 341 272 341 275 341 275 342 272 342 273 342 276 343 277 343 278 343 278 344 277 344 274 344 278 345 274 345 275 345 279 346 280 346 276 346 279 347 276 347 278 347 281 348 282 348 283 348 283 349 282 349 279 349 279 350 282 350 280 350 284 351 285 351 281 351 284 352 281 352 283 352 285 353 284 353 286 353 287 354 288 354 286 354 287 355 286 355 284 355 288 356 287 356 289 356 288 357 289 357 290 357 291 358 290 358 292 358 292 359 290 359 289 359 293 360 291 360 292 360 292 361 294 361 293 361 295 362 296 362 284 362 284 363 296 363 287 363 297 364 298 364 283 364 283 365 298 365 284 365 284 366 298 366 295 366 279 367 299 367 297 367 279 368 297 368 283 368 299 369 279 369 300 369 278 370 301 370 300 370 278 371 300 371 279 371 275 372 302 372 278 372 278 373 302 373 301 373 303 374 304 374 305 374 303 375 305 375 306 375 307 376 308 376 309 376 307 377 309 377 303 377 303 378 309 378 304 378 310 379 311 379 312 379 312 380 311 380 313 380 314 381 315 381 310 381 315 382 311 382 310 382 316 383 317 383 318 383 318 384 314 384 316 384 316 385 314 385 310 385 319 386 320 386 321 386 322 387 323 387 324 387 325 388 322 388 324 388 324 389 323 389 320 389 320 390 323 390 321 390 326 391 327 391 328 391 326 392 329 392 327 392 327 393 329 393 325 393 325 394 329 394 322 394 330 395 331 395 332 395 331 396 328 396 327 396 333 397 334 397 335 397 334 398 330 398 332 398 336 399 337 399 338 399 338 400 337 400 339 400 340 401 336 401 341 401 342 402 343 402 344 402 340 403 345 403 344 403 340 404 344 404 343 404 346 405 343 405 342 405 346 406 347 406 348 406 348 407 347 407 349 407 348 408 349 408 350 408 351 409 352 409 350 409 351 410 350 410 349 410 352 411 351 411 353 411 352 412 353 412 354 412 352 413 354 413 355 413 346 414 342 414 356 414 346 415 356 415 347 415 345 416 357 416 344 416 344 417 357 417 356 417 344 418 356 418 342 418 357 419 345 419 358 419 358 420 345 420 359 420 360 421 358 421 359 421 361 422 362 422 363 422 361 423 363 423 364 423 364 424 363 424 365 424 364 425 365 425 366 425 366 426 365 426 367 426 368 427 369 427 370 427 368 428 370 428 367 428 367 429 370 429 366 429 371 430 372 430 368 430 368 431 372 431 369 431 372 432 371 432 373 432 373 433 371 433 374 433 375 434 376 434 374 434 374 435 376 435 373 435 377 436 378 436 375 436 375 437 378 437 376 437 376 438 378 438 379 438 380 439 381 439 153 439 382 440 383 440 380 440 380 441 383 441 381 441 384 442 385 442 386 442 384 443 386 443 382 443 382 444 386 444 383 444 152 445 151 445 387 445 152 446 387 446 163 446 163 447 387 447 385 447 388 448 150 448 158 448 158 449 150 449 152 449 158 450 152 450 156 450 249 451 389 451 232 451 232 452 389 452 158 452 389 453 390 453 158 453 158 454 390 454 388 454 391 455 392 455 393 455 391 456 393 456 147 456 147 457 393 457 394 457 394 458 395 458 147 458 395 459 396 459 147 459 147 460 396 460 195 460 147 461 195 461 148 461 397 462 398 462 399 462 397 463 399 463 391 463 391 464 399 464 392 464 219 465 221 465 400 465 219 466 400 466 401 466 401 467 400 467 402 467 401 468 402 468 403 468 403 469 404 469 401 469 404 470 405 470 401 470 401 471 405 471 398 471 332 472 331 472 327 472 332 473 327 473 406 473 406 474 327 474 325 474 341 475 336 475 407 475 407 476 336 476 338 476 407 477 338 477 408 477 335 478 334 478 332 478 335 479 332 479 409 479 409 480 332 480 406 480 409 481 406 481 410 481 339 482 333 482 411 482 411 483 333 483 335 483 411 484 335 484 412 484 412 485 335 485 409 485 412 486 409 486 413 486 413 487 409 487 410 487 413 488 410 488 414 488 414 489 410 489 415 489 149 490 182 490 175 490 149 491 175 491 177 491 177 492 175 492 176 492 171 493 160 493 384 493 384 494 160 494 163 494 384 495 163 495 385 495 382 496 416 496 384 496 384 497 416 497 417 497 384 498 417 498 171 498 171 499 417 499 168 499 171 500 168 500 170 500 338 501 339 501 411 501 338 502 411 502 408 502 408 503 411 503 418 503 418 504 411 504 412 504 418 505 412 505 419 505 419 506 412 506 413 506 419 507 413 507 420 507 420 508 413 508 414 508 420 509 414 509 421 509 421 510 414 510 415 510 421 511 415 511 168 511 421 512 145 512 146 512 421 513 146 513 420 513 420 514 146 514 422 514 420 515 422 515 419 515 419 516 422 516 423 516 419 517 423 517 418 517 418 518 423 518 424 518 418 519 424 519 408 519 408 520 424 520 425 520 408 521 425 521 407 521 407 522 425 522 359 522 407 523 359 523 341 523 341 524 359 524 345 524 341 525 345 525 340 525 153 526 155 526 380 526 380 527 155 527 426 527 380 528 426 528 382 528 382 529 426 529 427 529 382 530 427 530 416 530 360 531 359 531 428 531 428 532 359 532 425 532 428 533 425 533 429 533 429 534 425 534 424 534 429 535 424 535 430 535 430 536 424 536 423 536 430 537 423 537 431 537 431 538 423 538 422 538 431 539 422 539 432 539 432 540 422 540 146 540 432 541 146 541 433 541 433 542 146 542 144 542 433 543 144 543 434 543 434 544 144 544 143 544 434 545 143 545 435 545 154 546 377 546 435 546 435 547 377 547 375 547 435 548 375 548 434 548 434 549 375 549 374 549 434 550 374 550 433 550 433 551 374 551 371 551 433 552 371 552 432 552 432 553 371 553 368 553 432 554 368 554 431 554 431 555 368 555 367 555 431 556 367 556 430 556 430 557 367 557 365 557 430 558 365 558 429 558 429 559 365 559 363 559 429 560 363 560 428 560 428 561 363 561 362 561 428 562 362 562 360 562 265 563 264 563 263 563 265 564 263 564 436 564 436 565 263 565 437 565 436 566 437 566 438 566 438 567 437 567 439 567 438 568 439 568 440 568 440 569 439 569 441 569 440 570 441 570 442 570 442 571 441 571 443 571 442 572 443 572 320 572 320 573 443 573 444 573 320 574 444 574 324 574 410 575 406 575 445 575 410 576 445 576 415 576 169 577 168 577 177 577 177 578 168 578 445 578 177 579 445 579 149 579 397 580 391 580 444 580 397 581 444 581 446 581 155 582 154 582 435 582 155 583 435 583 426 583 426 584 435 584 143 584 426 585 143 585 427 585 427 586 143 586 145 586 427 587 145 587 416 587 416 588 145 588 421 588 416 589 421 589 417 589 417 590 421 590 168 590 168 591 415 591 445 591 149 592 445 592 406 592 149 593 406 593 147 593 147 594 406 594 325 594 147 595 325 595 391 595 391 596 325 596 324 596 391 597 324 597 444 597 446 598 444 598 443 598 446 599 443 599 447 599 447 600 443 600 441 600 447 601 441 601 448 601 448 602 441 602 439 602 448 603 439 603 449 603 449 604 439 604 437 604 449 605 437 605 261 605 261 606 437 606 263 606 261 607 263 607 262 607 401 608 398 608 397 608 401 609 397 609 219 609 219 610 397 610 446 610 219 611 446 611 450 611 450 612 446 612 447 612 450 613 447 613 451 613 451 614 447 614 448 614 451 615 448 615 452 615 452 616 448 616 449 616 452 617 449 617 260 617 260 618 449 618 261 618 260 619 261 619 259 619 260 620 257 620 255 620 260 621 255 621 452 621 452 622 255 622 252 622 452 623 252 623 451 623 451 624 252 624 237 624 451 625 237 625 450 625 450 626 237 626 240 626 450 627 240 627 219 627 219 628 240 628 215 628 219 629 215 629 217 629 270 630 307 630 273 630 273 631 307 631 303 631 273 632 303 632 275 632 275 633 303 633 306 633 275 634 306 634 302 634 313 635 308 635 312 635 312 636 308 636 307 636 307 637 270 637 267 637 267 638 270 638 269 638 267 639 269 639 268 639 319 640 317 640 320 640 320 641 317 641 316 641 320 642 316 642 442 642 442 643 316 643 310 643 442 644 310 644 440 644 440 645 310 645 312 645 440 646 312 646 438 646 438 647 312 647 307 647 438 648 307 648 436 648 436 649 307 649 267 649 436 650 267 650 265 650 265 651 267 651 266 651 453 652 140 652 142 652 13 653 12 653 454 653 206 654 225 654 454 654 454 655 225 655 455 655 454 656 12 656 206 656 206 657 205 657 225 657 0 658 142 658 1 658 142 659 0 659 454 659 453 660 142 660 454 660 453 661 454 661 455 661 454 662 0 662 13 662 456 663 18 663 17 663 456 664 17 664 457 664 458 665 192 665 207 665 459 666 460 666 461 666 18 667 456 667 207 667 462 668 460 668 463 668 462 669 464 669 460 669 462 670 465 670 464 670 463 671 466 671 465 671 463 672 465 672 462 672 465 673 467 673 464 673 20 674 468 674 469 674 457 675 469 675 463 675 457 676 463 676 459 676 19 677 469 677 457 677 19 678 457 678 16 678 16 679 457 679 17 679 468 680 466 680 469 680 469 681 466 681 463 681 463 682 460 682 459 682 461 683 458 683 459 683 459 684 458 684 207 684 459 685 207 685 456 685 456 686 457 686 459 686 469 687 19 687 20 687 470 688 471 688 472 688 473 689 471 689 119 689 471 690 120 690 119 690 474 691 475 691 476 691 476 692 475 692 122 692 476 693 122 693 120 693 137 694 138 694 474 694 474 695 476 695 470 695 470 696 476 696 120 696 470 697 120 697 471 697 134 698 136 698 472 698 477 699 472 699 478 699 478 700 472 700 473 700 479 701 474 701 470 701 137 702 474 702 479 702 479 703 470 703 472 703 471 704 473 704 472 704 137 705 479 705 136 705 136 706 479 706 472 706 474 707 139 707 480 707 480 708 475 708 474 708 477 709 134 709 472 709 474 710 138 710 139 710 135 711 481 711 20 711 20 712 481 712 468 712 468 713 481 713 482 713 468 714 482 714 466 714 466 715 482 715 483 715 484 716 465 716 483 716 483 717 465 717 466 717 485 718 465 718 484 718 465 719 485 719 467 719 135 720 134 720 486 720 486 721 134 721 477 721 486 722 477 722 478 722 486 723 478 723 487 723 478 724 473 724 487 724 487 725 473 725 133 725 133 726 473 726 119 726 225 727 224 727 488 727 489 728 140 728 490 728 491 729 490 729 453 729 491 730 453 730 492 730 453 731 455 731 492 731 493 732 494 732 495 732 489 733 490 733 496 733 496 734 491 734 497 734 496 735 497 735 498 735 499 736 498 736 500 736 500 737 498 737 497 737 501 738 491 738 492 738 455 739 225 739 492 739 492 740 225 740 488 740 492 741 488 741 501 741 497 742 501 742 494 742 497 743 494 743 500 743 496 744 490 744 491 744 488 745 224 745 495 745 488 746 495 746 501 746 501 747 495 747 494 747 494 748 493 748 500 748 490 749 140 749 453 749 497 750 491 750 501 750 502 751 464 751 503 751 503 752 464 752 504 752 504 753 464 753 467 753 186 754 192 754 458 754 186 755 458 755 505 755 505 756 458 756 461 756 505 757 461 757 502 757 502 758 461 758 460 758 502 759 460 759 464 759 506 760 395 760 394 760 506 761 394 761 507 761 395 762 506 762 508 762 395 763 508 763 396 763 396 764 508 764 509 764 396 765 509 765 195 765 510 766 195 766 509 766 195 767 510 767 196 767 196 768 510 768 511 768 196 769 511 769 197 769 512 770 197 770 511 770 513 771 199 771 198 771 513 772 198 772 512 772 512 773 198 773 197 773 514 774 184 774 193 774 514 775 193 775 515 775 515 776 193 776 513 776 513 777 193 777 199 777 516 778 187 778 185 778 516 779 185 779 517 779 517 780 185 780 514 780 514 781 185 781 184 781 518 782 188 782 516 782 516 783 188 783 187 783 188 784 518 784 189 784 189 785 518 785 519 785 520 786 190 786 519 786 519 787 190 787 189 787 190 788 520 788 191 788 191 789 520 789 521 789 522 790 208 790 191 790 522 791 191 791 521 791 208 792 522 792 209 792 209 793 522 793 523 793 524 794 210 794 523 794 523 795 210 795 209 795 525 796 211 796 524 796 524 797 211 797 210 797 211 798 525 798 212 798 212 799 525 799 526 799 212 800 526 800 213 800 213 801 526 801 527 801 528 802 214 802 527 802 527 803 214 803 213 803 214 804 528 804 216 804 216 805 528 805 529 805 530 806 217 806 529 806 529 807 217 807 216 807 531 808 218 808 530 808 530 809 218 809 217 809 218 810 531 810 220 810 220 811 531 811 532 811 220 812 532 812 221 812 221 813 532 813 533 813 402 814 400 814 534 814 534 815 400 815 533 815 533 816 400 816 221 816 535 817 403 817 402 817 535 818 402 818 534 818 403 819 535 819 536 819 403 820 536 820 404 820 537 821 405 821 404 821 537 822 404 822 536 822 398 823 538 823 539 823 398 824 539 824 399 824 538 825 398 825 537 825 537 826 398 826 405 826 392 827 540 827 541 827 392 828 541 828 393 828 540 829 392 829 539 829 539 830 392 830 399 830 507 831 394 831 541 831 541 832 394 832 393 832 390 833 389 833 542 833 542 834 389 834 543 834 542 835 543 835 544 835 544 836 543 836 545 836 544 837 545 837 546 837 546 838 545 838 547 838 546 839 547 839 548 839 548 840 547 840 549 840 548 841 549 841 550 841 550 842 549 842 551 842 550 843 551 843 552 843 552 844 551 844 553 844 552 845 553 845 251 845 251 846 553 846 249 846 389 847 249 847 553 847 547 848 545 848 389 848 547 849 389 849 549 849 545 850 543 850 389 850 389 851 553 851 551 851 389 852 551 852 549 852 542 853 554 853 379 853 544 848 555 848 556 848 544 854 556 854 542 854 250 855 550 855 552 855 557 848 558 848 559 848 250 856 552 856 251 856 560 848 561 848 562 848 562 857 561 857 563 857 562 848 563 848 564 848 555 858 544 858 546 858 555 859 546 859 565 859 565 860 546 860 566 860 567 848 568 848 569 848 569 861 568 861 570 861 569 862 570 862 571 862 561 863 560 863 572 863 561 864 572 864 573 864 573 865 572 865 574 865 153 866 381 866 542 866 386 867 385 867 542 867 575 868 576 868 577 868 379 869 378 869 542 869 542 870 378 870 377 870 381 848 383 848 542 848 542 871 383 871 386 871 542 872 385 872 387 872 387 848 151 848 542 848 542 873 151 873 150 873 150 874 388 874 542 874 542 848 388 848 390 848 578 875 554 875 579 875 579 848 554 848 542 848 579 876 542 876 580 876 580 877 542 877 581 877 581 878 542 878 556 878 582 848 583 848 584 848 377 848 154 848 542 848 542 848 154 848 153 848 578 879 585 879 554 879 554 848 585 848 586 848 554 880 586 880 571 880 554 881 571 881 587 881 587 882 571 882 570 882 574 848 567 848 573 848 573 848 567 848 569 848 588 848 589 848 590 848 591 883 592 883 593 883 593 884 592 884 559 884 593 885 559 885 558 885 575 886 577 886 594 886 594 887 577 887 595 887 596 848 597 848 598 848 596 848 598 848 575 848 575 888 598 888 576 888 599 848 600 848 601 848 601 848 600 848 563 848 563 889 600 889 564 889 590 890 589 890 602 890 602 848 589 848 603 848 602 891 603 891 604 891 594 892 595 892 557 892 594 848 557 848 559 848 583 893 605 893 584 893 584 894 605 894 596 894 596 895 605 895 597 895 606 848 607 848 258 848 599 848 601 848 608 848 608 896 601 896 609 896 608 897 609 897 610 897 611 898 612 898 613 898 611 848 613 848 609 848 609 899 613 899 610 899 614 848 615 848 616 848 616 848 615 848 617 848 616 848 617 848 618 848 619 900 620 900 621 900 621 901 620 901 622 901 621 848 622 848 623 848 624 848 625 848 626 848 626 902 625 902 627 902 628 903 629 903 630 903 628 904 630 904 631 904 628 848 631 848 627 848 627 905 631 905 632 905 627 848 632 848 626 848 592 906 591 906 633 906 592 848 633 848 628 848 628 907 633 907 629 907 258 848 607 848 634 848 258 908 634 908 256 908 635 909 636 909 620 909 635 910 620 910 619 910 637 911 638 911 639 911 637 912 639 912 640 912 637 848 640 848 641 848 642 913 643 913 637 913 637 848 643 848 638 848 625 848 624 848 644 848 582 848 584 848 645 848 645 914 584 914 646 914 606 848 647 848 607 848 607 848 647 848 646 848 646 915 647 915 645 915 566 916 234 916 253 916 566 917 253 917 254 917 566 918 254 918 634 918 634 919 254 919 256 919 250 848 245 848 566 848 615 848 614 848 648 848 615 848 648 848 611 848 611 848 648 848 612 848 649 848 650 848 651 848 649 920 651 920 652 920 652 848 651 848 653 848 652 848 653 848 654 848 625 921 644 921 642 921 642 922 644 922 655 922 642 923 655 923 643 923 589 924 588 924 656 924 589 925 656 925 617 925 617 848 656 848 618 848 636 926 635 926 657 926 636 927 657 927 603 927 603 928 657 928 604 928 658 929 659 929 660 929 658 930 660 930 622 930 622 848 660 848 623 848 652 848 654 848 661 848 652 848 661 848 658 848 658 931 661 931 659 931 640 932 662 932 641 932 641 848 662 848 649 848 649 848 662 848 650 848 546 933 548 933 566 933 566 848 548 848 250 848 250 934 548 934 550 934 566 935 245 935 246 935 566 848 246 848 247 848 566 936 247 936 234 936 663 937 664 937 665 937 666 938 667 938 668 938 669 939 670 939 666 939 671 940 672 940 673 940 674 941 675 941 676 941 675 942 674 942 677 942 677 943 674 943 678 943 677 944 678 944 679 944 680 945 679 945 678 945 681 946 682 946 680 946 376 947 379 947 683 947 684 948 373 948 683 948 683 949 373 949 376 949 372 950 373 950 684 950 685 951 369 951 372 951 369 952 685 952 370 952 370 953 685 953 366 953 667 954 686 954 668 954 668 955 686 955 687 955 364 956 366 956 678 956 364 957 678 957 674 957 361 958 364 958 674 958 664 959 688 959 689 959 689 960 688 960 690 960 689 961 690 961 691 961 692 962 693 962 694 962 691 963 690 963 351 963 691 964 351 964 693 964 693 965 351 965 349 965 693 966 349 966 694 966 694 967 349 967 356 967 694 968 356 968 695 968 674 969 696 969 361 969 361 970 696 970 360 970 361 971 360 971 362 971 688 972 354 972 690 972 690 973 354 973 353 973 690 974 353 974 351 974 349 975 347 975 356 975 695 976 356 976 357 976 695 977 357 977 697 977 697 978 357 978 358 978 668 979 687 979 665 979 668 980 665 980 666 980 666 981 665 981 698 981 666 982 698 982 699 982 666 983 699 983 669 983 669 984 699 984 692 984 669 985 692 985 700 985 700 986 692 986 701 986 700 987 701 987 672 987 687 988 663 988 665 988 673 989 672 989 697 989 673 990 697 990 696 990 665 991 664 991 689 991 665 992 689 992 698 992 698 993 689 993 691 993 698 994 691 994 699 994 699 995 691 995 693 995 699 996 693 996 692 996 701 997 692 997 694 997 701 998 694 998 672 998 672 999 694 999 695 999 672 1000 695 1000 697 1000 696 1001 697 1001 358 1001 696 1002 358 1002 360 1002 372 1003 684 1003 702 1003 372 1004 702 1004 685 1004 685 1005 702 1005 681 1005 685 1006 681 1006 366 1006 366 1007 681 1007 680 1007 366 1008 680 1008 678 1008 696 1009 674 1009 676 1009 696 1010 676 1010 673 1010 703 1011 704 1011 705 1011 703 1012 705 1012 706 1012 355 1013 354 1013 707 1013 355 1014 707 1014 708 1014 708 1015 707 1015 703 1015 703 1016 707 1016 704 1016 706 1017 705 1017 709 1017 706 1018 709 1018 710 1018 711 1019 712 1019 713 1019 714 1020 715 1020 713 1020 713 1021 715 1021 711 1021 710 1022 709 1022 714 1022 714 1023 709 1023 715 1023 716 1024 717 1024 718 1024 718 1025 717 1025 719 1025 713 1026 712 1026 720 1026 720 1027 712 1027 718 1027 718 1028 712 1028 716 1028 721 1029 722 1029 723 1029 724 1030 725 1030 721 1030 724 1031 721 1031 723 1031 719 1032 717 1032 722 1032 722 1033 717 1033 726 1033 722 1034 726 1034 723 1034 727 1035 728 1035 729 1035 725 1036 730 1036 727 1036 727 1037 730 1037 728 1037 725 1038 724 1038 730 1038 731 1039 732 1039 733 1039 728 1040 734 1040 729 1040 729 1041 734 1041 733 1041 733 1042 734 1042 731 1042 733 1043 732 1043 735 1043 735 1044 732 1044 736 1044 732 1045 737 1045 736 1045 736 1046 737 1046 738 1046 738 1047 737 1047 739 1047 738 1048 739 1048 740 1048 738 1049 740 1049 741 1049 742 1050 743 1050 744 1050 742 1051 744 1051 745 1051 746 1052 747 1052 744 1052 744 1053 747 1053 745 1053 741 1054 740 1054 747 1054 741 1055 747 1055 746 1055 748 1056 749 1056 750 1056 751 1057 752 1057 753 1057 754 1058 755 1058 756 1058 757 1059 758 1059 759 1059 760 1060 761 1060 762 1060 763 1061 764 1061 765 1061 766 1062 763 1062 767 1062 766 1063 767 1063 768 1063 768 1064 767 1064 762 1064 769 1065 770 1065 760 1065 771 1066 770 1066 769 1066 772 1067 770 1067 771 1067 750 1068 749 1068 773 1068 774 1069 775 1069 776 1069 775 1070 774 1070 777 1070 778 1071 776 1071 779 1071 778 1072 779 1072 780 1072 781 1073 782 1073 780 1073 780 1074 782 1074 778 1074 783 1075 784 1075 781 1075 781 1076 784 1076 782 1076 785 1077 784 1077 783 1077 786 1078 787 1078 788 1078 786 1079 788 1079 789 1079 786 1080 789 1080 790 1080 790 1081 789 1081 791 1081 792 1082 793 1082 794 1082 794 1083 793 1083 795 1083 794 1084 795 1084 796 1084 794 1085 796 1085 797 1085 755 1086 754 1086 798 1086 798 1087 754 1087 757 1087 799 1088 800 1088 801 1088 802 1089 801 1089 803 1089 802 1090 803 1090 804 1090 804 1091 803 1091 805 1091 806 1092 807 1092 808 1092 809 1093 810 1093 811 1093 811 1094 810 1094 812 1094 809 1095 813 1095 810 1095 814 1096 815 1096 816 1096 815 1097 814 1097 817 1097 815 1098 817 1098 818 1098 818 1099 817 1099 819 1099 818 1100 819 1100 820 1100 820 1101 819 1101 821 1101 820 1102 821 1102 822 1102 823 1103 824 1103 825 1103 826 1104 827 1104 828 1104 828 1105 827 1105 823 1105 823 1106 827 1106 824 1106 829 1107 830 1107 826 1107 826 1108 830 1108 827 1108 831 1109 830 1109 829 1109 352 1110 355 1110 832 1110 832 1111 350 1111 352 1111 833 1112 350 1112 832 1112 350 1113 833 1113 348 1113 343 1114 834 1114 340 1114 835 1115 330 1115 334 1115 313 1116 836 1116 308 1116 308 1117 836 1117 309 1117 289 1118 287 1118 837 1118 838 1119 287 1119 296 1119 764 1120 294 1120 765 1120 765 1121 294 1121 292 1121 761 1122 768 1122 762 1122 839 1123 748 1123 750 1123 840 1124 839 1124 841 1124 841 1125 839 1125 750 1125 842 1126 843 1126 777 1126 777 1127 843 1127 844 1127 777 1128 844 1128 775 1128 775 1129 844 1129 845 1129 846 1130 847 1130 848 1130 846 1131 848 1131 849 1131 849 1132 769 1132 762 1132 762 1133 769 1133 760 1133 848 1134 771 1134 849 1134 849 1135 771 1135 769 1135 752 1136 840 1136 753 1136 753 1137 840 1137 841 1137 753 1138 847 1138 846 1138 753 1139 846 1139 751 1139 751 1140 846 1140 849 1140 850 1141 749 1141 851 1141 851 1142 749 1142 748 1142 852 1143 853 1143 854 1143 853 1144 852 1144 855 1144 855 1145 852 1145 856 1145 855 1146 856 1146 857 1146 857 1147 856 1147 858 1147 857 1148 858 1148 859 1148 859 1149 858 1149 860 1149 859 1150 860 1150 861 1150 861 1151 860 1151 862 1151 861 1152 862 1152 863 1152 864 1153 865 1153 866 1153 864 1154 866 1154 867 1154 852 1155 791 1155 856 1155 858 1156 856 1156 788 1156 858 1157 788 1157 860 1157 863 1158 862 1158 783 1158 863 1159 783 1159 865 1159 865 1160 783 1160 781 1160 865 1161 781 1161 866 1161 867 1162 866 1162 779 1162 867 1163 779 1163 845 1163 868 1164 869 1164 870 1164 871 1165 872 1165 873 1165 871 1166 873 1166 874 1166 875 1167 876 1167 877 1167 875 1168 877 1168 878 1168 878 1169 877 1169 879 1169 878 1170 879 1170 854 1170 870 1171 869 1171 880 1171 870 1172 880 1172 872 1172 872 1173 880 1173 881 1173 872 1174 881 1174 873 1174 874 1175 873 1175 882 1175 874 1176 882 1176 883 1176 883 1177 882 1177 884 1177 883 1178 884 1178 885 1178 885 1179 884 1179 886 1179 885 1180 886 1180 876 1180 876 1181 886 1181 887 1181 876 1182 887 1182 877 1182 854 1183 879 1183 888 1183 869 1184 889 1184 880 1184 873 1185 881 1185 890 1185 873 1186 890 1186 882 1186 856 1187 791 1187 789 1187 856 1188 789 1188 788 1188 860 1189 788 1189 787 1189 860 1190 787 1190 862 1190 862 1191 787 1191 785 1191 862 1192 785 1192 783 1192 866 1193 781 1193 780 1193 866 1194 780 1194 779 1194 845 1195 779 1195 776 1195 845 1196 776 1196 775 1196 842 1197 777 1197 891 1197 889 1198 759 1198 880 1198 880 1199 759 1199 892 1199 880 1200 892 1200 881 1200 881 1201 892 1201 893 1201 881 1202 893 1202 890 1202 890 1203 893 1203 894 1203 890 1204 894 1204 882 1204 879 1205 793 1205 895 1205 879 1206 895 1206 896 1206 894 1207 893 1207 897 1207 897 1208 893 1208 892 1208 897 1209 892 1209 758 1209 758 1210 892 1210 759 1210 882 1211 894 1211 898 1211 882 1212 898 1212 884 1212 884 1213 898 1213 797 1213 884 1214 797 1214 796 1214 895 1215 793 1215 792 1215 886 1216 884 1216 796 1216 886 1217 796 1217 887 1217 887 1218 796 1218 795 1218 887 1219 795 1219 877 1219 877 1220 795 1220 793 1220 877 1221 793 1221 879 1221 888 1222 879 1222 896 1222 868 1223 899 1223 900 1223 900 1224 899 1224 901 1224 901 1225 899 1225 902 1225 901 1226 902 1226 903 1226 904 1227 903 1227 905 1227 904 1228 905 1228 906 1228 906 1229 905 1229 907 1229 906 1230 907 1230 908 1230 908 1231 907 1231 909 1231 908 1232 909 1232 910 1232 911 1233 912 1233 913 1233 911 1234 913 1234 914 1234 915 1235 901 1235 903 1235 915 1236 903 1236 904 1236 916 1237 908 1237 910 1237 916 1238 910 1238 917 1238 917 1239 910 1239 912 1239 917 1240 912 1240 911 1240 918 1241 900 1241 919 1241 919 1242 900 1242 901 1242 919 1243 901 1243 915 1243 920 1244 915 1244 904 1244 920 1245 904 1245 921 1245 921 1246 904 1246 906 1246 921 1247 906 1247 922 1247 922 1248 906 1248 908 1248 922 1249 908 1249 916 1249 923 1250 917 1250 911 1250 923 1251 911 1251 924 1251 924 1252 911 1252 914 1252 924 1253 914 1253 925 1253 925 1254 914 1254 926 1254 925 1255 926 1255 927 1255 928 1256 919 1256 915 1256 928 1257 915 1257 920 1257 929 1258 922 1258 916 1258 929 1259 916 1259 930 1259 930 1260 916 1260 917 1260 930 1261 917 1261 923 1261 931 1262 932 1262 933 1262 931 1263 933 1263 934 1263 934 1264 933 1264 935 1264 934 1265 935 1265 936 1265 936 1266 935 1266 937 1266 936 1267 937 1267 938 1267 938 1268 937 1268 939 1268 938 1269 939 1269 940 1269 941 1270 942 1270 943 1270 944 1271 945 1271 946 1271 946 1272 945 1272 947 1272 946 1273 947 1273 948 1273 948 1274 947 1274 949 1274 948 1275 949 1275 950 1275 950 1276 949 1276 951 1276 950 1277 951 1277 952 1277 952 1278 951 1278 953 1278 952 1279 953 1279 954 1279 954 1280 953 1280 955 1280 954 1281 955 1281 956 1281 956 1282 955 1282 957 1282 956 1283 957 1283 942 1283 958 1284 959 1284 960 1284 958 1285 960 1285 961 1285 961 1286 960 1286 962 1286 961 1287 962 1287 932 1287 932 1288 962 1288 963 1288 932 1289 963 1289 933 1289 964 1290 940 1290 965 1290 964 1291 965 1291 966 1291 933 1292 963 1292 967 1292 933 1293 967 1293 935 1293 935 1294 967 1294 968 1294 935 1295 968 1295 937 1295 937 1296 968 1296 969 1296 937 1297 969 1297 939 1297 939 1298 969 1298 970 1298 939 1299 970 1299 940 1299 940 1300 970 1300 971 1300 940 1301 971 1301 965 1301 945 1302 972 1302 947 1302 947 1303 972 1303 973 1303 947 1304 973 1304 949 1304 949 1305 973 1305 826 1305 949 1306 826 1306 951 1306 951 1307 826 1307 828 1307 951 1308 828 1308 953 1308 953 1309 828 1309 823 1309 953 1310 823 1310 955 1310 955 1311 823 1311 974 1311 955 1312 974 1312 957 1312 957 1313 974 1313 975 1313 941 1314 819 1314 976 1314 976 1315 819 1315 817 1315 976 1316 817 1316 959 1316 959 1317 817 1317 814 1317 959 1318 814 1318 960 1318 928 1319 977 1319 756 1319 928 1320 756 1320 755 1320 798 1321 918 1321 755 1321 755 1322 918 1322 919 1322 755 1323 919 1323 928 1323 977 1324 928 1324 920 1324 977 1325 920 1325 799 1325 799 1326 920 1326 921 1326 799 1327 921 1327 800 1327 800 1328 921 1328 922 1328 800 1329 922 1329 929 1329 978 1330 930 1330 923 1330 978 1331 923 1331 979 1331 979 1332 923 1332 924 1332 979 1333 924 1333 807 1333 807 1334 924 1334 925 1334 807 1335 925 1335 980 1335 980 1336 925 1336 927 1336 980 1337 927 1337 981 1337 801 1338 800 1338 929 1338 801 1339 929 1339 803 1339 803 1340 929 1340 930 1340 803 1341 930 1341 978 1341 982 1342 980 1342 981 1342 982 1343 981 1343 983 1343 868 1344 900 1344 869 1344 869 1345 900 1345 918 1345 869 1346 918 1346 889 1346 889 1347 918 1347 798 1347 889 1348 798 1348 759 1348 759 1349 798 1349 757 1349 805 1350 803 1350 978 1350 805 1351 978 1351 806 1351 806 1352 978 1352 979 1352 806 1353 979 1353 807 1353 808 1354 807 1354 980 1354 808 1355 980 1355 982 1355 812 1356 983 1356 984 1356 812 1357 984 1357 811 1357 941 1358 943 1358 821 1358 941 1359 821 1359 819 1359 968 1360 967 1360 809 1360 968 1361 809 1361 969 1361 969 1362 809 1362 811 1362 969 1363 811 1363 970 1363 970 1364 811 1364 984 1364 970 1365 984 1365 971 1365 826 1366 973 1366 829 1366 829 1367 973 1367 972 1367 821 1368 975 1368 822 1368 822 1369 975 1369 974 1369 822 1370 974 1370 825 1370 825 1371 974 1371 823 1371 829 1372 972 1372 831 1372 942 1373 957 1373 943 1373 943 1374 957 1374 975 1374 943 1375 975 1375 821 1375 960 1376 814 1376 816 1376 960 1377 816 1377 962 1377 962 1378 816 1378 985 1378 962 1379 985 1379 963 1379 963 1380 985 1380 986 1380 963 1381 986 1381 967 1381 913 1382 987 1382 914 1382 914 1383 987 1383 926 1383 926 1384 966 1384 927 1384 927 1385 966 1385 965 1385 927 1386 965 1386 981 1386 981 1387 965 1387 971 1387 981 1388 971 1388 983 1388 983 1389 971 1389 984 1389 809 1390 967 1390 813 1390 813 1391 967 1391 986 1391 988 1392 323 1392 322 1392 988 1393 322 1393 989 1393 989 1394 322 1394 329 1394 990 1395 334 1395 333 1395 333 1396 339 1396 990 1396 990 1397 339 1397 991 1397 991 1398 339 1398 337 1398 337 1399 336 1399 992 1399 336 1400 340 1400 834 1400 993 1401 348 1401 994 1401 994 1402 348 1402 833 1402 994 1403 833 1403 995 1403 995 1404 833 1404 832 1404 995 1405 832 1405 996 1405 996 1406 832 1406 355 1406 996 1407 355 1407 997 1407 766 1408 764 1408 763 1408 765 1409 292 1409 289 1409 315 1410 314 1410 998 1410 998 1411 314 1411 318 1411 998 1412 318 1412 999 1412 318 1413 317 1413 1000 1413 1000 1414 317 1414 319 1414 1001 1415 1002 1415 1003 1415 287 1416 838 1416 837 1416 763 1417 765 1417 1004 1417 763 1418 1004 1418 1005 1418 1005 1419 1004 1419 751 1419 1005 1420 751 1420 1006 1420 1006 1421 762 1421 767 1421 1006 1422 767 1422 1005 1422 1005 1423 767 1423 763 1423 837 1424 765 1424 289 1424 296 1425 295 1425 1007 1425 296 1426 1007 1426 838 1426 837 1427 838 1427 1008 1427 837 1428 1008 1428 1009 1428 1009 1429 1008 1429 840 1429 1009 1430 840 1430 752 1430 1007 1431 1010 1431 1011 1431 1007 1432 1011 1432 1012 1432 1012 1433 1011 1433 1013 1433 1012 1434 1013 1434 839 1434 839 1435 840 1435 1008 1435 839 1436 1008 1436 1012 1436 1012 1437 1008 1437 838 1437 1012 1438 838 1438 1007 1438 1010 1439 1007 1439 295 1439 1010 1440 295 1440 298 1440 752 1441 751 1441 1004 1441 752 1442 1004 1442 1009 1442 1009 1443 1004 1443 765 1443 1009 1444 765 1444 837 1444 1010 1445 1001 1445 1014 1445 1014 1446 1001 1446 1003 1446 1014 1447 1003 1447 1015 1447 1002 1448 1016 1448 1017 1448 1002 1449 1017 1449 1003 1449 1018 1450 1019 1450 844 1450 1018 1451 844 1451 843 1451 841 1452 750 1452 773 1452 841 1453 773 1453 1020 1453 1017 1454 1018 1454 843 1454 1017 1455 843 1455 842 1455 753 1456 841 1456 1020 1456 753 1457 1020 1457 847 1457 1015 1458 1013 1458 1011 1458 1015 1459 1011 1459 1014 1459 1014 1460 1011 1460 1010 1460 1010 1461 298 1461 1001 1461 1001 1462 298 1462 297 1462 1001 1463 297 1463 1002 1463 1002 1464 297 1464 1016 1464 1016 1465 297 1465 299 1465 1016 1466 299 1466 1021 1466 1021 1467 299 1467 300 1467 1021 1468 300 1468 1022 1468 1022 1469 300 1469 301 1469 1022 1470 301 1470 302 1470 1022 1471 302 1471 1023 1471 1023 1472 302 1472 306 1472 1023 1473 306 1473 1024 1473 1024 1474 306 1474 305 1474 1024 1475 305 1475 1025 1475 1025 1476 305 1476 304 1476 1025 1477 304 1477 309 1477 1025 1478 309 1478 1026 1478 1026 1479 309 1479 836 1479 1026 1480 836 1480 1027 1480 1027 1481 836 1481 313 1481 849 1482 762 1482 1006 1482 849 1483 1006 1483 751 1483 748 1484 839 1484 1013 1484 748 1485 1013 1485 851 1485 851 1486 1013 1486 1015 1486 851 1487 1015 1487 842 1487 842 1488 1015 1488 1003 1488 842 1489 1003 1489 1017 1489 1018 1490 1017 1490 1016 1490 1018 1491 1016 1491 1019 1491 1019 1492 1016 1492 1021 1492 1019 1493 1021 1493 1028 1493 1028 1494 1021 1494 1022 1494 1028 1495 1022 1495 864 1495 864 1496 1022 1496 1029 1496 1029 1497 1022 1497 1023 1497 1029 1498 1023 1498 861 1498 861 1499 1023 1499 1024 1499 861 1500 1024 1500 859 1500 859 1501 1024 1501 857 1501 857 1502 1024 1502 1025 1502 857 1503 1025 1503 855 1503 855 1504 1025 1504 853 1504 853 1505 1025 1505 1026 1505 853 1506 1026 1506 1030 1506 1030 1507 1026 1507 1027 1507 1031 1508 1027 1508 313 1508 1031 1509 313 1509 1032 1509 1032 1510 313 1510 311 1510 1032 1511 311 1511 1033 1511 1033 1512 311 1512 315 1512 1033 1513 315 1513 998 1513 1034 1514 999 1514 318 1514 1034 1515 318 1515 1000 1515 1035 1516 989 1516 329 1516 1035 1517 329 1517 1036 1517 1036 1518 329 1518 326 1518 1036 1519 326 1519 328 1519 1037 1520 331 1520 330 1520 1037 1521 330 1521 1038 1521 1038 1522 330 1522 835 1522 1038 1523 835 1523 1039 1523 1039 1524 835 1524 334 1524 1039 1525 334 1525 990 1525 1040 1526 991 1526 337 1526 1040 1527 337 1527 992 1527 992 1528 336 1528 1041 1528 1041 1529 336 1529 834 1529 1041 1530 834 1530 1042 1530 1042 1531 834 1531 1043 1531 1043 1532 834 1532 343 1532 1043 1533 343 1533 993 1533 993 1534 343 1534 348 1534 348 1535 343 1535 346 1535 997 1536 1044 1536 996 1536 996 1537 1044 1537 1045 1537 996 1538 1045 1538 948 1538 996 1539 948 1539 995 1539 995 1540 948 1540 950 1540 995 1541 950 1541 952 1541 995 1542 952 1542 994 1542 994 1543 952 1543 954 1543 994 1544 954 1544 956 1544 994 1545 956 1545 993 1545 993 1546 956 1546 942 1546 993 1547 942 1547 1046 1547 993 1548 1046 1548 1043 1548 1043 1549 1046 1549 1047 1549 1043 1550 1047 1550 1048 1550 1043 1551 1048 1551 1042 1551 1042 1552 1048 1552 1049 1552 1042 1553 1049 1553 1050 1553 1042 1554 1050 1554 1041 1554 1041 1555 1050 1555 1051 1555 1041 1556 1051 1556 1052 1556 1041 1557 1052 1557 992 1557 992 1558 1052 1558 1053 1558 1040 1559 1053 1559 1054 1559 1040 1560 1054 1560 1055 1560 1039 1561 1056 1561 1057 1561 1039 1562 1057 1562 1038 1562 1038 1563 1057 1563 1058 1563 1038 1564 1058 1564 1037 1564 1037 1565 1058 1565 1059 1565 1037 1566 1059 1566 1060 1566 1036 1567 1061 1567 1062 1567 1036 1568 1062 1568 1035 1568 1035 1569 1062 1569 1063 1569 1035 1570 1063 1570 1064 1570 1044 1571 944 1571 1045 1571 1045 1572 944 1572 946 1572 1045 1573 946 1573 948 1573 1052 1574 1051 1574 931 1574 1052 1575 931 1575 934 1575 1052 1576 934 1576 1053 1576 1053 1577 934 1577 936 1577 1053 1578 936 1578 1054 1578 1054 1579 936 1579 938 1579 1054 1580 938 1580 1065 1580 1057 1581 1066 1581 987 1581 1057 1582 987 1582 1058 1582 1058 1583 987 1583 913 1583 1058 1584 913 1584 1059 1584 1062 1585 909 1585 907 1585 1062 1586 907 1586 1063 1586 1063 1587 907 1587 905 1587 1063 1588 905 1588 1067 1588 1034 1589 1068 1589 871 1589 1034 1590 871 1590 1069 1590 1033 1591 883 1591 885 1591 1033 1592 885 1592 1032 1592 1032 1593 885 1593 876 1593 1032 1594 876 1594 1031 1594 1031 1595 876 1595 875 1595 1031 1596 875 1596 878 1596 1055 1597 1054 1597 1065 1597 1055 1598 1065 1598 1070 1598 1070 1599 1065 1599 1071 1599 1070 1600 1071 1600 1072 1600 1072 1601 1071 1601 1073 1601 1072 1602 1073 1602 1056 1602 1056 1603 1073 1603 1066 1603 1056 1604 1066 1604 1057 1604 1060 1605 1059 1605 1074 1605 1060 1606 1074 1606 1061 1606 1061 1607 1074 1607 909 1607 1061 1608 909 1608 1062 1608 1064 1609 1063 1609 1067 1609 1064 1610 1067 1610 1075 1610 1075 1611 1067 1611 902 1611 1075 1612 902 1612 1076 1612 1076 1613 902 1613 899 1613 1076 1614 899 1614 1077 1614 1077 1615 899 1615 868 1615 1077 1616 868 1616 1078 1616 1078 1617 868 1617 1079 1617 1078 1618 1079 1618 1080 1618 1080 1619 1079 1619 1068 1619 1080 1620 1068 1620 1034 1620 999 1621 1034 1621 1069 1621 999 1622 1069 1622 998 1622 998 1623 1069 1623 883 1623 998 1624 883 1624 1033 1624 1027 1625 1031 1625 878 1625 1027 1626 878 1626 1030 1626 1030 1627 878 1627 854 1627 1029 1628 861 1628 863 1628 1029 1629 863 1629 865 1629 1029 1630 865 1630 864 1630 1028 1631 864 1631 867 1631 1028 1632 867 1632 1019 1632 1019 1633 867 1633 845 1633 1019 1634 845 1634 844 1634 851 1635 842 1635 891 1635 851 1636 891 1636 850 1636 854 1637 853 1637 1030 1637 1080 1638 1034 1638 1000 1638 1080 1639 1000 1639 1078 1639 1078 1640 1000 1640 319 1640 1078 1641 319 1641 1077 1641 1077 1642 319 1642 321 1642 1077 1643 321 1643 1076 1643 1076 1644 321 1644 323 1644 1076 1645 323 1645 1075 1645 1075 1646 323 1646 988 1646 1075 1647 988 1647 1064 1647 1064 1648 988 1648 989 1648 1064 1649 989 1649 1035 1649 1061 1650 1036 1650 328 1650 1061 1651 328 1651 1060 1651 1060 1652 328 1652 331 1652 1060 1653 331 1653 1037 1653 1056 1654 1039 1654 990 1654 1056 1655 990 1655 1072 1655 1072 1656 990 1656 1070 1656 1070 1657 990 1657 991 1657 1070 1658 991 1658 1055 1658 1055 1659 991 1659 1040 1659 1053 1660 1040 1660 992 1660 1046 1661 942 1661 941 1661 1046 1662 941 1662 1047 1662 1047 1663 941 1663 976 1663 1047 1664 976 1664 1048 1664 1048 1665 976 1665 959 1665 1048 1666 959 1666 1049 1666 1049 1667 959 1667 958 1667 1049 1668 958 1668 1050 1668 1050 1669 958 1669 961 1669 1050 1670 961 1670 1051 1670 1051 1671 961 1671 932 1671 1051 1672 932 1672 931 1672 1065 1673 938 1673 940 1673 1065 1674 940 1674 1071 1674 1071 1675 940 1675 964 1675 1071 1676 964 1676 1073 1676 1073 1677 964 1677 966 1677 1073 1678 966 1678 1066 1678 1066 1679 966 1679 926 1679 1066 1680 926 1680 987 1680 1059 1681 913 1681 912 1681 1059 1682 912 1682 1074 1682 1074 1683 912 1683 910 1683 1074 1684 910 1684 909 1684 1067 1685 905 1685 903 1685 1067 1686 903 1686 902 1686 1079 1687 868 1687 870 1687 1079 1688 870 1688 1068 1688 1068 1689 870 1689 872 1689 1068 1690 872 1690 871 1690 1069 1691 871 1691 874 1691 1069 1692 874 1692 883 1692 852 1693 854 1693 888 1693 852 1694 888 1694 791 1694 791 1695 888 1695 896 1695 791 1696 896 1696 790 1696 1081 1697 1082 1697 1083 1697 1081 1698 1083 1698 1084 1698 1084 1699 1083 1699 1085 1699 1085 1700 1083 1700 1086 1700 1085 1701 1086 1701 1087 1701 1087 1702 1086 1702 1088 1702 1087 1703 1088 1703 1089 1703 1089 1704 1088 1704 1090 1704 1089 1705 1090 1705 1091 1705 1091 1706 1090 1706 294 1706 294 1707 1090 1707 293 1707 1092 1708 280 1708 282 1708 277 1709 276 1709 274 1709 1093 1710 272 1710 274 1710 1094 1711 272 1711 1093 1711 271 1712 1094 1712 269 1712 1094 1713 271 1713 272 1713 262 1714 1095 1714 259 1714 1096 1715 1097 1715 1098 1715 1097 1716 1096 1716 1099 1716 1100 1717 1101 1717 1102 1717 1103 1718 1104 1718 1102 1718 1105 1719 1103 1719 1106 1719 1107 1720 1108 1720 1106 1720 1106 1721 1108 1721 1105 1721 1094 1722 1109 1722 269 1722 269 1723 1109 1723 1110 1723 269 1724 1110 1724 268 1724 268 1725 1110 1725 1111 1725 268 1726 1111 1726 266 1726 266 1727 1111 1727 1112 1727 266 1728 1112 1728 264 1728 264 1729 1112 1729 1113 1729 264 1730 1113 1730 262 1730 262 1731 1113 1731 1095 1731 1114 1732 1115 1732 1116 1732 1114 1733 1116 1733 1117 1733 1118 1734 1119 1734 1120 1734 1118 1735 1120 1735 1121 1735 1121 1736 1120 1736 1122 1736 1121 1737 1122 1737 1123 1737 1123 1738 1122 1738 1124 1738 1123 1739 1124 1739 1125 1739 1115 1740 1107 1740 1116 1740 1117 1741 1116 1741 1103 1741 1117 1742 1103 1742 1126 1742 1126 1743 1103 1743 1102 1743 1126 1744 1102 1744 1127 1744 1127 1745 1102 1745 1101 1745 1127 1746 1101 1746 1128 1746 1128 1747 1101 1747 1099 1747 1128 1748 1099 1748 1129 1748 1129 1749 1099 1749 1096 1749 1129 1750 1096 1750 1130 1750 1130 1751 1096 1751 1098 1751 1130 1752 1098 1752 1119 1752 1119 1753 1098 1753 1131 1753 1119 1754 1131 1754 1120 1754 1093 1755 1132 1755 1133 1755 1133 1756 1132 1756 1134 1756 1133 1757 1134 1757 1135 1757 1132 1758 1125 1758 1136 1758 1132 1759 1136 1759 1134 1759 1116 1760 1107 1760 1106 1760 1116 1761 1106 1761 1103 1761 1120 1762 1131 1762 1137 1762 1120 1763 1137 1763 1122 1763 1122 1764 1137 1764 1138 1764 1122 1765 1138 1765 1124 1765 1125 1766 1124 1766 1139 1766 1125 1767 1139 1767 1136 1767 293 1768 1140 1768 1141 1768 293 1769 1141 1769 291 1769 291 1770 1141 1770 1142 1770 291 1771 1142 1771 290 1771 290 1772 1142 1772 1143 1772 290 1773 1143 1773 288 1773 288 1774 1143 1774 1144 1774 288 1775 1144 1775 1145 1775 288 1776 1145 1776 286 1776 286 1777 1145 1777 1146 1777 286 1778 1146 1778 285 1778 285 1779 1146 1779 1147 1779 285 1780 1147 1780 281 1780 282 1781 281 1781 1148 1781 1148 1782 281 1782 1147 1782 1140 1783 1114 1783 1141 1783 1141 1784 1114 1784 1142 1784 1142 1785 1114 1785 1117 1785 1142 1786 1117 1786 1143 1786 1143 1787 1117 1787 1126 1787 1143 1788 1126 1788 1144 1788 1144 1789 1126 1789 1127 1789 1144 1790 1127 1790 1145 1790 1145 1791 1127 1791 1128 1791 1145 1792 1128 1792 1146 1792 1146 1793 1128 1793 1129 1793 1146 1794 1129 1794 1147 1794 1147 1795 1129 1795 1130 1795 1147 1796 1130 1796 1148 1796 1148 1797 1130 1797 1119 1797 1148 1798 1119 1798 1118 1798 1094 1799 1093 1799 1133 1799 1094 1800 1133 1800 1109 1800 282 1801 1148 1801 1118 1801 282 1802 1118 1802 1092 1802 1092 1803 1118 1803 1121 1803 1092 1804 1121 1804 280 1804 280 1805 1121 1805 1123 1805 280 1806 1123 1806 276 1806 276 1807 1123 1807 1125 1807 276 1808 1125 1808 274 1808 274 1809 1125 1809 1132 1809 274 1810 1132 1810 1093 1810 1149 1811 1150 1811 1151 1811 1151 1812 1150 1812 1152 1812 1151 1813 1152 1813 1153 1813 1153 1814 1152 1814 1154 1814 1155 1815 1156 1815 1157 1815 1157 1816 1156 1816 1158 1816 1154 1817 1159 1817 1158 1817 1158 1818 1159 1818 1160 1818 1158 1819 1160 1819 1157 1819 238 1820 236 1820 1149 1820 1149 1821 236 1821 1150 1821 1152 1822 1159 1822 1154 1822 1151 1823 1153 1823 1161 1823 1151 1824 1161 1824 1149 1824 1153 1825 1162 1825 1161 1825 1163 1826 1164 1826 1165 1826 1161 1827 1165 1827 1164 1827 1164 1828 1163 1828 1166 1828 1167 1829 240 1829 239 1829 238 1830 1161 1830 239 1830 239 1831 1161 1831 1164 1831 239 1832 1164 1832 1167 1832 1167 1833 1164 1833 1166 1833 1149 1834 1161 1834 238 1834 1158 1835 1156 1835 1168 1835 1168 1836 1169 1836 1170 1836 1170 1837 1169 1837 1171 1837 1171 1838 1172 1838 1173 1838 1174 1839 1158 1839 1168 1839 1174 1840 1168 1840 1170 1840 1173 1841 1163 1841 1175 1841 1175 1842 1163 1842 1165 1842 1175 1843 1165 1843 1170 1843 1170 1844 1165 1844 1162 1844 1154 1845 1158 1845 1174 1845 1154 1846 1174 1846 1162 1846 1162 1847 1174 1847 1170 1847 1175 1848 1170 1848 1171 1848 1175 1849 1171 1849 1173 1849 1165 1850 1161 1850 1162 1850 1162 1851 1153 1851 1154 1851 1166 1852 1176 1852 1167 1852 1167 1853 1176 1853 241 1853 1173 1854 1177 1854 1178 1854 1172 1855 1177 1855 1173 1855 1167 1856 241 1856 240 1856 1173 1857 1178 1857 1163 1857 1163 1858 1178 1858 1179 1858 1163 1859 1179 1859 1166 1859 1166 1860 1179 1860 1176 1860 1180 1861 1181 1861 1182 1861 1181 1862 1180 1862 242 1862 1181 1863 242 1863 1183 1863 1178 1864 1177 1864 1179 1864 1184 1865 1185 1865 1181 1865 1184 1866 1181 1866 1183 1866 1179 1867 1184 1867 1183 1867 241 1868 1176 1868 1183 1868 1183 1869 1176 1869 1179 1869 1184 1870 1179 1870 1177 1870 1181 1871 1185 1871 1186 1871 1181 1872 1186 1872 1182 1872 1182 1873 1187 1873 1180 1873 1177 1874 1185 1874 1184 1874 241 1875 1183 1875 242 1875 1187 1876 1188 1876 1189 1876 243 1877 242 1877 1190 1877 1190 1878 242 1878 1191 1878 1191 1879 242 1879 1180 1879 1191 1880 1180 1880 1189 1880 1187 1881 1189 1881 1180 1881 1192 1882 244 1882 1190 1882 244 1883 243 1883 1190 1883 1190 1884 1191 1884 1193 1884 1193 1885 1191 1885 1189 1885 1192 1886 1190 1886 1193 1886 1192 1887 1193 1887 1194 1887 244 1888 1192 1888 1195 1888 1195 1889 1192 1889 1196 1889 1196 1890 1192 1890 1197 1890 1197 1891 1192 1891 1194 1891 1189 1892 1188 1892 1198 1892 1189 1893 1198 1893 1193 1893 1199 1894 1197 1894 1200 1894 1200 1895 1194 1895 1198 1895 1193 1896 1198 1896 1194 1896 1200 1897 1197 1897 1194 1897 1201 1898 1196 1898 1197 1898 1202 1899 1201 1899 1199 1899 1199 1900 1201 1900 1197 1900 1196 1901 1203 1901 1204 1901 1196 1902 1204 1902 1195 1902 1195 1903 1204 1903 1205 1903 1195 1904 1205 1904 248 1904 1195 1905 248 1905 244 1905 1202 1906 1206 1906 1203 1906 1202 1907 1203 1907 1201 1907 1201 1908 1203 1908 1196 1908 1204 1909 1207 1909 1208 1909 1208 1910 1205 1910 1204 1910 1208 1911 1207 1911 1209 1911 1208 1912 248 1912 1205 1912 1210 1913 1208 1913 1211 1913 1211 1914 1208 1914 1209 1914 1208 1915 235 1915 248 1915 1212 1916 1157 1916 1213 1916 1211 1917 1152 1917 1150 1917 1159 1918 1152 1918 1211 1918 1211 1919 1150 1919 1210 1919 1208 1920 1210 1920 235 1920 1214 1921 1206 1921 1215 1921 1214 1922 1215 1922 1216 1922 1216 1923 1215 1923 1212 1923 1212 1924 1215 1924 1217 1924 1214 1925 1216 1925 1207 1925 1207 1926 1216 1926 1213 1926 1213 1927 1216 1927 1212 1927 1157 1928 1160 1928 1213 1928 1214 1929 1207 1929 1204 1929 1214 1930 1204 1930 1203 1930 1209 1931 1207 1931 1213 1931 1203 1932 1206 1932 1214 1932 1210 1933 1150 1933 236 1933 1210 1934 236 1934 235 1934 1213 1935 1160 1935 1159 1935 1213 1936 1159 1936 1209 1936 1209 1937 1159 1937 1211 1937 1218 1938 202 1938 200 1938 1219 1939 1220 1939 1221 1939 1222 1940 1221 1940 1223 1940 1224 1941 1218 1941 1219 1941 1219 1942 1218 1942 200 1942 1219 1943 1221 1943 1224 1943 1223 1944 1225 1944 1222 1944 1222 1945 1226 1945 1224 1945 1222 1946 1225 1946 1226 1946 1227 1947 1228 1947 1223 1947 1227 1948 1223 1948 1221 1948 504 1949 1228 1949 503 1949 503 1950 1228 1950 1227 1950 1220 1951 505 1951 1221 1951 1221 1952 505 1952 1227 1952 502 1953 503 1953 1227 1953 502 1954 1227 1954 505 1954 186 1955 505 1955 1220 1955 186 1956 1220 1956 194 1956 1221 1957 1222 1957 1224 1957 1224 1958 1229 1958 1218 1958 1219 1959 200 1959 194 1959 1219 1960 194 1960 1220 1960 1230 1961 1218 1961 1231 1961 1230 1962 202 1962 1218 1962 1231 1963 1229 1963 1232 1963 1226 1964 1233 1964 1224 1964 1224 1965 1233 1965 1232 1965 1224 1966 1232 1966 1229 1966 1231 1967 1218 1967 1229 1967 1234 1968 1235 1968 1236 1968 1236 1969 1237 1969 202 1969 202 1970 1237 1970 1238 1970 202 1971 1238 1971 201 1971 1236 1972 1235 1972 1237 1972 1239 1973 1240 1973 1241 1973 1241 1974 1240 1974 1242 1974 1241 1975 1242 1975 1234 1975 1234 1976 1242 1976 1235 1976 1243 1977 1244 1977 1245 1977 1246 1978 1247 1978 1248 1978 1249 1979 1243 1979 1246 1979 1246 1980 1243 1980 1245 1980 1250 1981 1251 1981 1244 1981 1244 1982 1252 1982 1245 1982 1244 1983 1251 1983 1252 1983 1245 1984 1252 1984 1246 1984 1242 1985 1253 1985 1235 1985 1240 1986 1250 1986 1253 1986 1243 1987 1237 1987 1244 1987 1244 1988 1237 1988 1253 1988 1253 1989 1242 1989 1240 1989 1253 1990 1250 1990 1244 1990 1235 1991 1253 1991 1237 1991 1238 1992 1237 1992 1243 1992 1238 1993 1243 1993 201 1993 1252 1994 1247 1994 1246 1994 1246 1995 1248 1995 1249 1995 1249 1996 203 1996 1243 1996 1243 1997 203 1997 201 1997 203 1998 1249 1998 1254 1998 1254 1999 1249 1999 1255 1999 203 2000 1254 2000 204 2000 1255 2001 1249 2001 1248 2001 1255 2002 1248 2002 1256 2002 1256 2003 1248 2003 1257 2003 1257 2004 1248 2004 1247 2004 1258 2005 229 2005 204 2005 1259 2006 1260 2006 1261 2006 1260 2007 1262 2007 1261 2007 1263 2008 1258 2008 1259 2008 1260 2009 1264 2009 1262 2009 1259 2010 1258 2010 1265 2010 1259 2011 1265 2011 1260 2011 1256 2012 1266 2012 1255 2012 1267 2013 1255 2013 1265 2013 1265 2014 1255 2014 1266 2014 1266 2015 1256 2015 1257 2015 1255 2016 1267 2016 1254 2016 1254 2017 1267 2017 204 2017 204 2018 1267 2018 1258 2018 1266 2019 1268 2019 1265 2019 1264 2020 1260 2020 1265 2020 1264 2021 1265 2021 1268 2021 1258 2022 1263 2022 229 2022 1258 2023 1267 2023 1265 2023 1269 2024 1259 2024 1270 2024 1259 2025 1269 2025 1263 2025 230 2026 229 2026 1263 2026 230 2027 1263 2027 1269 2027 1271 2028 1261 2028 1262 2028 1271 2029 1270 2029 1261 2029 1261 2030 1270 2030 1259 2030 1272 2031 1273 2031 230 2031 1274 2032 1275 2032 1276 2032 1274 2033 1276 2033 1277 2033 230 2034 1273 2034 231 2034 1274 2035 1277 2035 1278 2035 1278 2036 1277 2036 1272 2036 1272 2037 1277 2037 1273 2037 233 2038 231 2038 1279 2038 1279 2039 231 2039 1280 2039 1279 2040 1280 2040 1281 2040 1282 2041 1283 2041 1284 2041 1279 2042 1282 2042 1285 2042 1285 2043 1286 2043 1279 2043 233 2044 1279 2044 1286 2044 1282 2045 1284 2045 1285 2045 1279 2046 1281 2046 1282 2046 1287 2047 1277 2047 1276 2047 1280 2048 231 2048 1273 2048 1280 2049 1273 2049 1288 2049 1288 2050 1273 2050 1289 2050 1289 2051 1273 2051 1277 2051 1289 2052 1287 2052 1281 2052 1281 2053 1287 2053 1282 2053 1282 2054 1287 2054 1283 2054 1280 2055 1288 2055 1281 2055 1281 2056 1288 2056 1289 2056 1289 2057 1277 2057 1287 2057 1290 2058 233 2058 1286 2058 1291 2059 1285 2059 1284 2059 1291 2060 1284 2060 1292 2060 227 2061 233 2061 1290 2061 1290 2062 1286 2062 1293 2062 1293 2063 1286 2063 1291 2063 1291 2064 1286 2064 1285 2064 1292 2065 1294 2065 1291 2065 1295 2066 1294 2066 1296 2066 1294 2067 1295 2067 1291 2067 1295 2068 1290 2068 1293 2068 1295 2069 1293 2069 1291 2069 1297 2070 1298 2070 1299 2070 1300 2071 1299 2071 1298 2071 228 2072 227 2072 1298 2072 1298 2073 227 2073 1290 2073 1298 2074 1297 2074 228 2074 228 2075 1297 2075 223 2075 1294 2076 1301 2076 1296 2076 1298 2077 1290 2077 1300 2077 1300 2078 1290 2078 1295 2078 1300 2079 1295 2079 1296 2079 1300 2080 1296 2080 1301 2080 1301 2081 1302 2081 1303 2081 1301 2082 1303 2082 1300 2082 1300 2083 1303 2083 1299 2083 1304 2084 1305 2084 1306 2084 1305 2085 223 2085 1297 2085 1307 2086 1308 2086 1309 2086 1307 2087 1309 2087 1310 2087 1307 2088 1310 2088 1306 2088 1306 2089 1310 2089 1304 2089 1299 2090 1303 2090 1306 2090 1306 2091 1305 2091 1297 2091 1302 2092 1308 2092 1307 2092 1302 2093 1307 2093 1303 2093 1303 2094 1307 2094 1306 2094 1299 2095 1306 2095 1297 2095 495 2096 1305 2096 493 2096 493 2097 1305 2097 1304 2097 1310 2098 499 2098 500 2098 1309 2099 499 2099 1310 2099 224 2100 223 2100 495 2100 495 2101 223 2101 1305 2101 493 2102 1304 2102 500 2102 500 2103 1304 2103 1310 2103 1311 2104 1312 2104 1313 2104 1313 2105 1312 2105 1314 2105 1315 2106 1313 2106 1316 2106 1317 2107 1318 2107 1316 2107 1316 2108 1318 2108 1319 2108 1316 2109 1319 2109 1320 2109 1321 2110 1317 2110 1322 2110 1322 2111 1317 2111 1316 2111 1322 2112 1316 2112 1313 2112 1322 2113 1323 2113 1321 2113 1321 2114 1323 2114 1324 2114 1325 2115 1323 2115 1322 2115 1325 2116 1322 2116 1326 2116 1325 2117 1326 2117 157 2117 157 2118 1326 2118 180 2118 1315 2119 1316 2119 1320 2119 1313 2120 1315 2120 1311 2120 1314 2121 1312 2121 180 2121 1314 2122 180 2122 1326 2122 1314 2123 1326 2123 1313 2123 1313 2124 1326 2124 1322 2124 1312 2125 1311 2125 1327 2125 181 2126 180 2126 1312 2126 181 2127 1312 2127 1327 2127 1327 2128 1311 2128 1328 2128 1328 2129 1311 2129 1315 2129 1328 2130 1315 2130 1329 2130 1329 2131 1315 2131 1320 2131 1330 2132 181 2132 1327 2132 1330 2133 1327 2133 1331 2133 1332 2134 1333 2134 1334 2134 1335 2135 1336 2135 1337 2135 1334 2136 1336 2136 1335 2136 1334 2137 1335 2137 1338 2137 1337 2138 1339 2138 1335 2138 1329 2139 1337 2139 1331 2139 182 2140 181 2140 1330 2140 1329 2141 1340 2141 1337 2141 1330 2142 1336 2142 1333 2142 1328 2143 1329 2143 1331 2143 1328 2144 1331 2144 1327 2144 1334 2145 1333 2145 1336 2145 1339 2146 1337 2146 1340 2146 1333 2147 1332 2147 182 2147 1333 2148 182 2148 1330 2148 1330 2149 1331 2149 1336 2149 1336 2150 1331 2150 1337 2150 183 2151 182 2151 1332 2151 183 2152 1332 2152 1341 2152 1342 2153 1334 2153 1338 2153 1342 2154 1338 2154 1343 2154 1341 2155 1332 2155 1342 2155 1332 2156 1334 2156 1342 2156 1344 2157 1345 2157 1346 2157 1345 2158 1347 2158 1346 2158 1346 2159 1347 2159 183 2159 1348 2160 1349 2160 1350 2160 1347 2161 173 2161 183 2161 1349 2162 1351 2162 1350 2162 1350 2163 1351 2163 1344 2163 1344 2164 1351 2164 1345 2164 1352 2165 1353 2165 1354 2165 173 2166 1355 2166 174 2166 1356 2167 1347 2167 1345 2167 1357 2168 1354 2168 1358 2168 1358 2169 1354 2169 1359 2169 1360 2170 1359 2170 1354 2170 1353 2171 1361 2171 1354 2171 1354 2172 1361 2172 1360 2172 1352 2173 1362 2173 1353 2173 1361 2174 1363 2174 1360 2174 1356 2175 1351 2175 1364 2175 1349 2176 1362 2176 1364 2176 1364 2177 1362 2177 1352 2177 1355 2178 173 2178 1347 2178 1355 2179 1347 2179 1356 2179 1365 2180 1356 2180 1364 2180 1357 2181 1355 2181 1354 2181 1354 2182 1355 2182 1365 2182 1354 2183 1365 2183 1352 2183 1345 2184 1351 2184 1356 2184 1357 2185 1358 2185 174 2185 1357 2186 174 2186 1355 2186 1355 2187 1356 2187 1365 2187 1352 2188 1365 2188 1364 2188 1364 2189 1351 2189 1349 2189 176 2190 174 2190 1366 2190 1366 2191 174 2191 1358 2191 1366 2192 1358 2192 1367 2192 1363 2193 1368 2193 1360 2193 1360 2194 1368 2194 1369 2194 1360 2195 1369 2195 1359 2195 1359 2196 1369 2196 1367 2196 1359 2197 1367 2197 1358 2197 1370 2198 1371 2198 1372 2198 1373 2199 1374 2199 1375 2199 178 2200 1376 2200 1377 2200 1378 2201 1379 2201 1380 2201 1373 2202 1372 2202 1379 2202 1370 2203 1372 2203 1375 2203 1375 2204 1372 2204 1373 2204 1378 2205 1380 2205 1381 2205 1367 2206 1369 2206 1371 2206 1369 2207 1382 2207 1371 2207 1367 2208 1371 2208 1366 2208 1379 2209 1372 2209 1380 2209 1381 2210 1380 2210 1382 2210 1372 2211 1371 2211 1380 2211 1376 2212 178 2212 176 2212 1376 2213 176 2213 1366 2213 1379 2214 1383 2214 1373 2214 1375 2215 1377 2215 1370 2215 1370 2216 1377 2216 1376 2216 1370 2217 1376 2217 1366 2217 1370 2218 1366 2218 1371 2218 1368 2219 1382 2219 1369 2219 1380 2220 1371 2220 1382 2220 1381 2221 1382 2221 1368 2221 1383 2222 1384 2222 1373 2222 1383 2223 1385 2223 1384 2223 1373 2224 1384 2224 1386 2224 1373 2225 1386 2225 1374 2225 1374 2226 1386 2226 1375 2226 1375 2227 1386 2227 179 2227 1375 2228 179 2228 1377 2228 1377 2229 179 2229 178 2229 1387 2230 1388 2230 1389 2230 1389 2231 1388 2231 1390 2231 1391 2232 1392 2232 1393 2232 1390 2233 1388 2233 169 2233 1390 2234 169 2234 179 2234 1387 2235 1389 2235 1393 2235 1387 2236 1393 2236 1392 2236 1388 2237 1387 2237 1394 2237 1395 2238 169 2238 1388 2238 1388 2239 1394 2239 1395 2239 1396 2240 1397 2240 1398 2240 1398 2241 1397 2241 1399 2241 1398 2242 1400 2242 1396 2242 1400 2243 1395 2243 1396 2243 1396 2244 1395 2244 1394 2244 1400 2245 170 2245 169 2245 169 2246 1395 2246 1400 2246 1398 2247 170 2247 1400 2247 1401 2248 1392 2248 1402 2248 1401 2249 1402 2249 1403 2249 1387 2250 1392 2250 1401 2250 1396 2251 1401 2251 1403 2251 1396 2252 1403 2252 1397 2252 1404 2253 1399 2253 1397 2253 1401 2254 1396 2254 1394 2254 1401 2255 1394 2255 1387 2255 1397 2256 1403 2256 1405 2256 1397 2257 1405 2257 1404 2257 1404 2258 1405 2258 1406 2258 1404 2259 1407 2259 1408 2259 1406 2260 1407 2260 1404 2260 172 2261 170 2261 1409 2261 1409 2262 170 2262 1398 2262 1409 2263 1398 2263 1410 2263 1410 2264 1398 2264 1399 2264 1410 2265 1399 2265 1408 2265 1408 2266 1399 2266 1404 2266 1411 2267 1412 2267 1409 2267 1413 2268 160 2268 1414 2268 1414 2269 160 2269 172 2269 1415 2270 1413 2270 1414 2270 1416 2271 1417 2271 1418 2271 1418 2272 1417 2272 1415 2272 172 2273 1409 2273 1412 2273 172 2274 1412 2274 1414 2274 1418 2275 1415 2275 1414 2275 1418 2276 1414 2276 1411 2276 1411 2277 1414 2277 1412 2277 1419 2278 1420 2278 1421 2278 1407 2279 1422 2279 1408 2279 1408 2280 1422 2280 1423 2280 1408 2281 1423 2281 1410 2281 1419 2282 1424 2282 1416 2282 1421 2283 1420 2283 1422 2283 1422 2284 1420 2284 1423 2284 1420 2285 1418 2285 1411 2285 1411 2286 1409 2286 1410 2286 1411 2287 1410 2287 1423 2287 1419 2288 1416 2288 1420 2288 1416 2289 1425 2289 1417 2289 1423 2290 1420 2290 1411 2290 1418 2291 1420 2291 1416 2291 1425 2292 1416 2292 1424 2292 1426 2293 1415 2293 1417 2293 161 2294 1413 2294 1426 2294 1426 2295 1413 2295 1415 2295 1427 2296 1425 2296 1424 2296 161 2297 160 2297 1413 2297 1425 2298 1427 2298 1428 2298 1425 2299 1428 2299 1417 2299 1417 2300 1428 2300 1426 2300 1429 2301 1430 2301 1431 2301 162 2302 161 2302 1432 2302 1431 2303 1430 2303 1432 2303 1431 2304 1432 2304 161 2304 1433 2305 1434 2305 1435 2305 1435 2306 1436 2306 1437 2306 1435 2307 1434 2307 1436 2307 1437 2308 1436 2308 1429 2308 1429 2309 1436 2309 1430 2309 162 2310 1432 2310 1438 2310 1438 2311 1432 2311 1439 2311 1440 2312 1441 2312 1442 2312 1443 2313 1440 2313 1442 2313 1440 2314 1444 2314 1441 2314 1442 2315 1441 2315 1445 2315 1442 2316 1445 2316 1446 2316 1446 2317 1445 2317 1447 2317 1448 2318 1449 2318 1443 2318 1443 2319 1449 2319 1440 2319 1450 2320 1439 2320 1430 2320 1434 2321 1450 2321 1436 2321 1436 2322 1450 2322 1430 2322 1450 2323 1448 2323 1443 2323 1434 2324 1448 2324 1450 2324 1432 2325 1430 2325 1439 2325 1439 2326 1443 2326 1442 2326 1439 2327 1442 2327 1438 2327 1438 2328 1442 2328 1446 2328 1446 2329 1447 2329 164 2329 1446 2330 164 2330 162 2330 1446 2331 162 2331 1438 2331 1443 2332 1439 2332 1450 2332 1447 2333 1451 2333 1452 2333 1445 2334 1451 2334 1447 2334 1447 2335 1452 2335 1453 2335 1447 2336 1453 2336 164 2336 1444 2337 1454 2337 1441 2337 1441 2338 1454 2338 1455 2338 1441 2339 1455 2339 1451 2339 164 2340 1453 2340 165 2340 1451 2341 1445 2341 1441 2341 166 2342 165 2342 1453 2342 1456 2343 1457 2343 1458 2343 1459 2344 1458 2344 1460 2344 1460 2345 1458 2345 1461 2345 1461 2346 1462 2346 1460 2346 1459 2347 1456 2347 1458 2347 1463 2348 1464 2348 1465 2348 1465 2349 1464 2349 1459 2349 1455 2350 1465 2350 1451 2350 1453 2351 1452 2351 1466 2351 1466 2352 1452 2352 1451 2352 1466 2353 1451 2353 1465 2353 1459 2354 1460 2354 1466 2354 1466 2355 1460 2355 1453 2355 1453 2356 1460 2356 1462 2356 1453 2357 1462 2357 166 2357 1456 2358 1459 2358 1464 2358 1459 2359 1466 2359 1465 2359 1463 2360 1465 2360 1455 2360 1463 2361 1455 2361 1454 2361 1467 2362 1461 2362 1468 2362 1467 2363 1462 2363 1461 2363 1468 2364 1458 2364 1469 2364 1469 2365 1458 2365 1470 2365 1470 2366 1458 2366 1457 2366 167 2367 1462 2367 1467 2367 167 2368 166 2368 1462 2368 1468 2369 1461 2369 1458 2369 1323 2370 1325 2370 1471 2370 157 2371 1471 2371 1325 2371 1472 2372 1324 2372 1323 2372 1472 2373 1473 2373 1324 2373 1471 2374 157 2374 167 2374 167 2375 157 2375 156 2375 1323 2376 1471 2376 1472 2376 1474 2377 1475 2377 498 2377 1476 2378 1474 2378 499 2378 499 2379 1474 2379 498 2379 498 2380 1475 2380 496 2380 496 2381 1475 2381 1477 2381 1478 2382 489 2382 1477 2382 1477 2383 489 2383 496 2383 141 2384 489 2384 1478 2384 489 2385 141 2385 140 2385 139 2386 141 2386 480 2386 480 2387 141 2387 1479 2387 480 2388 1479 2388 475 2388 475 2389 1479 2389 1480 2389 122 2390 475 2390 127 2390 127 2391 475 2391 1480 2391 135 2392 486 2392 481 2392 485 2393 484 2393 1481 2393 1481 2394 1482 2394 1483 2394 1483 2395 1482 2395 133 2395 484 2396 483 2396 1484 2396 484 2397 1484 2397 1481 2397 1481 2398 1484 2398 1482 2398 1482 2399 487 2399 133 2399 1484 2400 1485 2400 1482 2400 1482 2401 1485 2401 487 2401 483 2402 482 2402 1485 2402 483 2403 1485 2403 1484 2403 1485 2404 486 2404 487 2404 482 2405 481 2405 1485 2405 1485 2406 481 2406 486 2406 467 2407 485 2407 504 2407 504 2408 485 2408 1486 2408 1487 2409 1488 2409 1489 2409 1487 2410 1489 2410 1490 2410 1491 2411 1492 2411 1493 2411 1493 2412 1492 2412 1494 2412 1494 2413 1492 2413 1495 2413 1494 2414 1495 2414 1496 2414 1489 2415 1497 2415 1490 2415 1490 2416 1497 2416 1498 2416 1498 2417 1497 2417 1499 2417 1498 2418 1499 2418 1500 2418 1488 2419 1487 2419 1501 2419 1488 2420 1501 2420 1502 2420 1502 2421 1501 2421 1503 2421 1502 2422 1503 2422 1504 2422 1504 2423 1503 2423 1505 2423 1504 2424 1505 2424 1506 2424 1506 2425 1505 2425 1507 2425 1506 2426 1507 2426 1508 2426 1508 2427 1507 2427 1509 2427 1508 2428 1509 2428 1510 2428 1510 2429 1509 2429 1511 2429 1510 2430 1511 2430 1512 2430 1512 2431 1511 2431 1513 2431 1512 2432 1513 2432 1514 2432 1514 2433 1513 2433 1515 2433 1514 2434 1515 2434 1516 2434 1516 2435 1515 2435 1517 2435 1516 2436 1517 2436 1518 2436 1518 2437 1517 2437 1519 2437 1518 2438 1519 2438 1520 2438 1520 2439 1519 2439 1521 2439 1520 2440 1521 2440 1522 2440 1522 2441 1521 2441 1523 2441 1522 2442 1523 2442 1524 2442 1524 2443 1523 2443 1525 2443 1524 2444 1525 2444 1526 2444 1526 2445 1525 2445 1527 2445 1526 2446 1527 2446 1496 2446 1496 2447 1527 2447 1528 2447 1496 2448 1528 2448 1494 2448 1491 2449 1493 2449 1529 2449 1491 2450 1529 2450 1530 2450 1530 2451 1529 2451 1531 2451 1530 2452 1531 2452 1532 2452 1532 2453 1531 2453 1533 2453 1532 2454 1533 2454 1534 2454 1534 2455 1533 2455 1535 2455 1534 2456 1535 2456 1536 2456 1536 2457 1535 2457 1537 2457 1536 2458 1537 2458 1538 2458 1539 2459 1540 2459 1541 2459 1539 2460 1541 2460 1542 2460 1542 2461 1541 2461 1543 2461 1542 2462 1543 2462 1544 2462 1544 2463 1543 2463 1545 2463 1544 2464 1545 2464 1546 2464 1547 2465 1548 2465 1549 2465 1547 2466 1549 2466 1550 2466 1550 2467 1549 2467 1551 2467 1550 2468 1551 2468 1552 2468 1552 2469 1551 2469 1553 2469 1552 2470 1553 2470 1500 2470 1494 2471 1528 2471 1554 2471 1494 2472 1554 2472 1493 2472 1538 2473 1537 2473 1555 2473 1538 2474 1555 2474 1540 2474 1540 2475 1555 2475 1556 2475 1540 2476 1556 2476 1541 2476 1546 2477 1545 2477 1557 2477 1546 2478 1557 2478 1548 2478 1548 2479 1557 2479 1558 2479 1548 2480 1558 2480 1549 2480 1500 2481 1553 2481 1559 2481 1500 2482 1559 2482 1498 2482 1490 2483 522 2483 1487 2483 1487 2484 522 2484 521 2484 1487 2485 521 2485 1501 2485 1501 2486 521 2486 520 2486 1501 2487 520 2487 1503 2487 1503 2488 520 2488 519 2488 1503 2489 519 2489 1505 2489 1505 2490 519 2490 518 2490 1505 2491 518 2491 1507 2491 1507 2492 518 2492 1560 2492 1507 2493 1560 2493 1509 2493 1509 2494 1560 2494 517 2494 1509 2495 517 2495 1511 2495 1511 2496 517 2496 1561 2496 1511 2497 1561 2497 1513 2497 1513 2498 1561 2498 515 2498 1513 2499 515 2499 1515 2499 1515 2500 515 2500 1562 2500 1515 2501 1562 2501 1517 2501 1517 2502 1562 2502 512 2502 1517 2503 512 2503 1519 2503 1519 2504 512 2504 511 2504 1519 2505 511 2505 1521 2505 1521 2506 511 2506 510 2506 1521 2507 510 2507 1523 2507 1523 2508 510 2508 509 2508 1523 2509 509 2509 1525 2509 1525 2510 509 2510 508 2510 1525 2511 508 2511 1527 2511 1527 2512 508 2512 506 2512 1527 2513 506 2513 1528 2513 1528 2514 506 2514 507 2514 1528 2515 507 2515 1554 2515 1493 2516 1554 2516 1563 2516 1493 2517 1563 2517 1529 2517 1529 2518 1563 2518 539 2518 1529 2519 539 2519 1531 2519 1531 2520 539 2520 1564 2520 1531 2521 1564 2521 1533 2521 1533 2522 1564 2522 537 2522 1533 2523 537 2523 1535 2523 1535 2524 537 2524 536 2524 1535 2525 536 2525 1537 2525 1537 2526 536 2526 535 2526 1537 2527 535 2527 1555 2527 1541 2528 1556 2528 532 2528 1541 2529 532 2529 1543 2529 1543 2530 532 2530 531 2530 1543 2531 531 2531 1545 2531 1545 2532 531 2532 530 2532 1545 2533 530 2533 1557 2533 1549 2534 1558 2534 527 2534 1549 2535 527 2535 1551 2535 1551 2536 527 2536 526 2536 1551 2537 526 2537 1553 2537 1553 2538 526 2538 525 2538 1553 2539 525 2539 1559 2539 1498 2540 1559 2540 523 2540 1498 2541 523 2541 1490 2541 1490 2542 523 2542 522 2542 1554 2543 507 2543 541 2543 1554 2544 541 2544 1563 2544 1555 2545 535 2545 534 2545 1555 2546 534 2546 1556 2546 1556 2547 534 2547 533 2547 1556 2548 533 2548 532 2548 1557 2549 530 2549 529 2549 1557 2550 529 2550 1558 2550 1558 2551 529 2551 528 2551 1558 2552 528 2552 527 2552 1559 2553 525 2553 524 2553 1559 2554 524 2554 523 2554 1560 2555 518 2555 516 2555 1560 2556 516 2556 517 2556 1561 2557 517 2557 514 2557 1561 2558 514 2558 515 2558 1562 2559 515 2559 513 2559 1562 2560 513 2560 512 2560 1563 2561 541 2561 540 2561 1563 2562 540 2562 539 2562 1564 2563 539 2563 538 2563 1564 2564 538 2564 537 2564 1565 2565 1566 2565 1567 2565 1568 2566 1569 2566 1570 2566 1571 2567 1572 2567 1573 2567 1574 2568 1575 2568 1576 2568 1577 2569 1578 2569 1579 2569 1580 2570 1581 2570 1582 2570 1583 2571 1584 2571 1585 2571 1586 2572 1587 2572 1588 2572 1589 2573 1590 2573 1591 2573 1592 2574 1589 2574 1591 2574 1592 2575 1591 2575 1593 2575 1594 2576 1595 2576 1596 2576 1597 2577 1598 2577 1599 2577 1600 2578 1597 2578 1601 2578 1602 2579 1600 2579 1603 2579 1604 2580 1605 2580 1606 2580 1604 2581 1607 2581 1608 2581 1609 2582 1610 2582 1611 2582 1612 2583 1613 2583 1614 2583 1612 2584 1615 2584 1616 2584 1617 2585 1618 2585 1619 2585 1619 2586 1618 2586 1616 2586 1620 2587 1621 2587 1622 2587 1623 2588 1624 2588 1622 2588 1622 2589 1624 2589 1625 2589 1624 2590 1623 2590 1626 2590 1626 2591 1623 2591 1627 2591 1628 2592 1629 2592 1630 2592 1630 2593 1629 2593 1631 2593 1629 2594 1628 2594 1627 2594 1627 2595 1628 2595 1626 2595 1630 2596 1631 2596 1632 2596 1632 2597 1631 2597 1633 2597 1588 2598 1587 2598 1634 2598 1588 2599 1634 2599 1635 2599 1588 2600 1635 2600 1633 2600 1633 2601 1635 2601 1632 2601 1636 2602 1637 2602 1638 2602 1638 2603 1637 2603 1639 2603 1586 2604 1640 2604 1639 2604 1639 2605 1640 2605 1638 2605 1641 2606 1642 2606 1643 2606 1643 2607 1642 2607 1636 2607 1644 2608 1642 2608 1641 2608 1645 2609 1646 2609 1647 2609 1647 2610 1646 2610 1641 2610 1641 2611 1646 2611 1644 2611 1648 2612 1649 2612 1650 2612 1648 2613 1650 2613 1647 2613 1647 2614 1650 2614 1645 2614 1584 2615 1583 2615 1651 2615 1651 2616 1652 2616 1584 2616 1584 2617 1652 2617 1649 2617 1105 2618 1108 2618 1653 2618 1105 2619 1653 2619 1654 2619 1654 2620 1653 2620 1583 2620 1655 2621 1104 2621 1103 2621 1655 2622 1103 2622 1654 2622 1654 2623 1103 2623 1105 2623 1104 2624 1655 2624 1102 2624 1102 2625 1655 2625 1656 2625 1102 2626 1656 2626 1100 2626 1657 2627 1099 2627 1101 2627 1657 2628 1101 2628 1656 2628 1656 2629 1101 2629 1100 2629 1099 2630 1657 2630 1658 2630 1099 2631 1658 2631 1097 2631 1659 2632 1098 2632 1097 2632 1659 2633 1097 2633 1658 2633 1660 2634 1131 2634 1659 2634 1659 2635 1131 2635 1098 2635 1131 2636 1660 2636 1137 2636 1137 2637 1660 2637 1661 2637 1124 2638 1138 2638 1662 2638 1662 2639 1138 2639 1661 2639 1661 2640 1138 2640 1137 2640 1663 2641 1139 2641 1124 2641 1136 2642 1139 2642 1664 2642 1134 2643 1136 2643 1665 2643 1135 2644 1666 2644 1133 2644 1667 2645 1109 2645 1666 2645 1666 2646 1109 2646 1133 2646 1110 2647 1109 2647 1667 2647 1112 2648 1111 2648 1668 2648 1668 2649 1111 2649 1669 2649 1669 2650 1111 2650 1110 2650 1670 2651 1095 2651 1671 2651 1095 2652 1113 2652 1672 2652 257 2653 259 2653 1673 2653 606 2654 258 2654 1673 2654 1673 2655 258 2655 257 2655 1673 2656 647 2656 606 2656 645 2657 1674 2657 582 2657 582 2658 1674 2658 1675 2658 582 2659 1675 2659 583 2659 583 2660 1675 2660 1676 2660 583 2661 1676 2661 605 2661 1677 2662 1678 2662 605 2662 1676 2663 1677 2663 605 2663 1678 2664 1679 2664 605 2664 605 2665 1679 2665 597 2665 1679 2666 1680 2666 597 2666 1680 2667 1681 2667 597 2667 597 2668 1681 2668 1682 2668 597 2669 1682 2669 598 2669 598 2670 1682 2670 1683 2670 598 2671 1683 2671 576 2671 576 2672 1683 2672 577 2672 1683 2673 1684 2673 577 2673 577 2674 1684 2674 1685 2674 577 2675 1685 2675 595 2675 595 2676 1685 2676 1686 2676 595 2677 1686 2677 557 2677 557 2678 1686 2678 1687 2678 557 2679 1687 2679 1688 2679 593 2680 558 2680 1688 2680 557 2681 1688 2681 558 2681 1689 2682 1690 2682 591 2682 1688 2683 1691 2683 593 2683 593 2684 1691 2684 1689 2684 593 2685 1689 2685 591 2685 1690 2686 1692 2686 591 2686 591 2687 1692 2687 633 2687 633 2688 1692 2688 629 2688 629 2689 1692 2689 1693 2689 1693 2690 1694 2690 629 2690 629 2691 1694 2691 1695 2691 629 2692 1695 2692 630 2692 630 2693 1695 2693 1696 2693 1697 2694 632 2694 1696 2694 1696 2695 632 2695 631 2695 1696 2696 631 2696 630 2696 1698 2697 624 2697 626 2697 1699 2698 644 2698 1698 2698 1698 2699 644 2699 624 2699 1699 2700 1698 2700 1700 2700 1700 2701 1698 2701 1701 2701 1702 2702 1703 2702 1704 2702 1705 2703 1706 2703 1707 2703 1707 2704 1706 2704 1702 2704 1708 2705 1709 2705 1710 2705 1708 2706 1710 2706 1705 2706 1705 2707 1710 2707 1706 2707 1709 2708 1708 2708 1711 2708 1709 2709 1711 2709 1712 2709 1582 2710 1581 2710 1711 2710 1711 2711 1581 2711 1712 2711 1580 2712 1582 2712 1713 2712 1580 2713 1713 2713 1714 2713 1715 2714 1714 2714 1716 2714 1717 2715 1718 2715 1715 2715 1719 2716 1720 2716 1721 2716 1722 2717 1723 2717 1724 2717 1722 2718 1724 2718 1725 2718 1726 2719 1727 2719 1725 2719 1726 2720 1725 2720 1724 2720 1727 2721 1726 2721 1728 2721 1729 2722 1730 2722 1731 2722 1731 2723 1730 2723 1728 2723 1728 2724 1730 2724 1727 2724 1729 2725 1731 2725 1732 2725 1733 2726 1734 2726 1735 2726 1735 2727 1734 2727 1732 2727 1732 2728 1734 2728 1729 2728 1733 2729 1735 2729 1736 2729 1737 2730 1738 2730 1736 2730 1736 2731 1738 2731 1733 2731 1739 2732 1740 2732 1737 2732 1737 2733 1740 2733 1738 2733 1740 2734 1739 2734 1741 2734 1741 2735 1739 2735 1742 2735 1741 2736 1742 2736 1743 2736 1743 2737 1742 2737 1744 2737 1745 2738 1746 2738 1744 2738 1744 2739 1746 2739 1743 2739 1746 2740 1745 2740 1747 2740 1747 2741 1745 2741 1748 2741 1591 2742 1590 2742 1748 2742 1748 2743 1590 2743 1747 2743 1749 2744 1750 2744 1751 2744 1751 2745 1750 2745 1752 2745 1750 2746 1749 2746 1753 2746 1753 2747 1754 2747 1750 2747 1750 2748 1754 2748 1676 2748 1676 2749 1754 2749 1677 2749 1751 2750 1752 2750 1755 2750 1751 2751 1755 2751 1756 2751 1579 2752 1578 2752 1755 2752 1755 2753 1578 2753 1757 2753 1755 2754 1757 2754 1756 2754 1758 2755 1759 2755 1760 2755 1760 2756 1759 2756 1577 2756 1761 2757 1758 2757 1762 2757 1694 2758 1763 2758 1764 2758 1764 2759 1763 2759 1765 2759 1765 2760 1761 2760 1764 2760 1643 2761 1636 2761 1638 2761 1643 2762 1638 2762 1766 2762 1766 2763 1638 2763 1640 2763 1766 2764 1640 2764 1767 2764 1767 2765 1640 2765 1768 2765 1767 2766 1768 2766 1769 2766 1769 2767 1768 2767 1770 2767 1769 2768 1770 2768 1771 2768 1771 2769 1770 2769 1772 2769 1771 2770 1772 2770 1773 2770 1773 2771 1772 2771 1774 2771 1773 2772 1774 2772 1775 2772 1775 2773 1774 2773 1621 2773 1775 2774 1621 2774 1617 2774 1617 2775 1621 2775 1620 2775 1640 2776 1586 2776 1588 2776 1640 2777 1588 2777 1768 2777 1768 2778 1588 2778 1633 2778 1768 2779 1633 2779 1770 2779 1770 2780 1633 2780 1631 2780 1770 2781 1631 2781 1772 2781 1772 2782 1631 2782 1629 2782 1772 2783 1629 2783 1774 2783 1774 2784 1629 2784 1627 2784 1774 2785 1627 2785 1621 2785 1621 2786 1627 2786 1623 2786 1621 2787 1623 2787 1622 2787 1609 2788 1608 2788 1610 2788 1610 2789 1608 2789 1607 2789 1610 2790 1607 2790 1776 2790 1776 2791 1607 2791 1777 2791 1776 2792 1777 2792 1778 2792 1778 2793 1777 2793 1779 2793 1778 2794 1779 2794 1780 2794 1780 2795 1779 2795 1781 2795 1780 2796 1781 2796 1782 2796 1782 2797 1781 2797 1783 2797 1782 2798 1783 2798 1784 2798 1784 2799 1783 2799 1785 2799 1784 2800 1785 2800 1786 2800 1786 2801 1785 2801 1787 2801 1786 2802 1787 2802 1788 2802 1788 2803 1787 2803 1789 2803 1788 2804 1789 2804 1790 2804 1790 2805 1789 2805 1791 2805 1790 2806 1791 2806 1792 2806 1792 2807 1791 2807 1793 2807 1792 2808 1793 2808 1794 2808 1794 2809 1793 2809 1795 2809 1794 2810 1795 2810 1796 2810 1796 2811 1795 2811 1797 2811 1796 2812 1797 2812 1798 2812 1798 2813 1797 2813 1799 2813 1798 2814 1799 2814 1800 2814 1800 2815 1799 2815 1801 2815 1800 2816 1801 2816 1802 2816 1802 2817 1801 2817 1803 2817 1802 2818 1803 2818 1804 2818 1804 2819 1803 2819 1805 2819 1804 2820 1805 2820 1806 2820 1806 2821 1805 2821 1807 2821 1806 2822 1807 2822 1808 2822 1808 2823 1807 2823 1809 2823 1808 2824 1809 2824 1810 2824 1810 2825 1809 2825 1811 2825 1810 2826 1811 2826 1812 2826 1812 2827 1811 2827 1813 2827 1812 2828 1813 2828 1814 2828 1815 2829 1816 2829 1817 2829 1817 2830 1816 2830 1814 2830 1817 2831 1814 2831 1818 2831 1818 2832 1814 2832 1813 2832 1815 2833 1819 2833 1820 2833 1820 2834 1819 2834 1821 2834 1820 2835 1821 2835 1822 2835 1816 2836 1815 2836 1820 2836 1816 2837 1820 2837 1814 2837 1814 2838 1820 2838 1822 2838 1814 2839 1822 2839 1812 2839 1812 2840 1822 2840 1823 2840 1812 2841 1823 2841 1810 2841 1810 2842 1823 2842 1824 2842 1810 2843 1824 2843 1808 2843 1808 2844 1824 2844 1825 2844 1808 2845 1825 2845 1806 2845 1806 2846 1825 2846 1826 2846 1806 2847 1826 2847 1804 2847 1804 2848 1826 2848 1827 2848 1804 2849 1827 2849 1802 2849 1802 2850 1827 2850 1828 2850 1802 2851 1828 2851 1800 2851 1800 2852 1828 2852 1829 2852 1800 2853 1829 2853 1798 2853 1798 2854 1829 2854 1830 2854 1798 2855 1830 2855 1796 2855 1796 2856 1830 2856 1831 2856 1796 2857 1831 2857 1794 2857 1794 2858 1831 2858 1832 2858 1794 2859 1832 2859 1792 2859 1792 2860 1832 2860 1833 2860 1792 2861 1833 2861 1790 2861 1790 2862 1833 2862 1834 2862 1790 2863 1834 2863 1788 2863 1788 2864 1834 2864 1835 2864 1788 2865 1835 2865 1786 2865 1786 2866 1835 2866 1836 2866 1786 2867 1836 2867 1784 2867 1784 2868 1836 2868 1837 2868 1784 2869 1837 2869 1782 2869 1782 2870 1837 2870 1838 2870 1782 2871 1838 2871 1780 2871 1780 2872 1838 2872 1839 2872 1780 2873 1839 2873 1778 2873 1778 2874 1839 2874 1840 2874 1778 2875 1840 2875 1776 2875 1776 2876 1840 2876 1841 2876 1776 2877 1841 2877 1610 2877 1610 2878 1841 2878 1614 2878 1610 2879 1614 2879 1611 2879 1611 2880 1614 2880 1613 2880 1842 2881 1843 2881 1844 2881 1845 2882 1846 2882 1847 2882 1619 2883 1616 2883 1615 2883 1619 2884 1615 2884 1848 2884 1848 2885 1615 2885 1849 2885 1848 2886 1849 2886 1850 2886 1850 2887 1849 2887 1851 2887 1850 2888 1851 2888 1852 2888 1852 2889 1851 2889 1853 2889 1852 2890 1853 2890 1854 2890 1854 2891 1853 2891 1855 2891 1854 2892 1855 2892 1856 2892 1856 2893 1855 2893 1857 2893 1856 2894 1857 2894 1858 2894 1858 2895 1857 2895 1859 2895 1858 2896 1859 2896 1860 2896 1860 2897 1859 2897 1861 2897 1860 2898 1861 2898 1862 2898 1862 2899 1861 2899 1863 2899 1862 2900 1863 2900 1864 2900 1864 2901 1863 2901 1865 2901 1864 2902 1865 2902 1866 2902 1866 2903 1865 2903 1867 2903 1866 2904 1867 2904 1868 2904 1868 2905 1867 2905 1869 2905 1868 2906 1869 2906 1870 2906 1870 2907 1869 2907 1871 2907 1870 2908 1871 2908 1872 2908 1872 2909 1871 2909 1873 2909 1872 2910 1873 2910 1874 2910 1874 2911 1873 2911 1875 2911 1874 2912 1875 2912 1876 2912 1876 2913 1875 2913 1877 2913 1876 2914 1877 2914 1878 2914 1878 2915 1877 2915 1879 2915 1878 2916 1879 2916 1880 2916 1880 2917 1879 2917 1881 2917 1880 2918 1881 2918 1882 2918 1882 2919 1881 2919 1883 2919 1882 2920 1883 2920 1884 2920 1885 2921 1886 2921 1887 2921 1887 2922 1886 2922 1888 2922 1889 2923 1890 2923 1891 2923 1891 2924 1890 2924 1847 2924 1891 2925 1847 2925 1846 2925 1575 2926 1846 2926 1845 2926 1575 2927 1845 2927 1576 2927 1892 2928 1893 2928 1894 2928 1894 2929 1893 2929 1895 2929 1894 2930 1895 2930 1896 2930 1897 2931 1898 2931 1899 2931 1899 2932 1898 2932 1574 2932 1899 2933 1574 2933 1888 2933 1888 2934 1574 2934 1576 2934 1888 2935 1576 2935 1887 2935 1775 2936 1617 2936 1619 2936 1775 2937 1619 2937 1773 2937 1773 2938 1619 2938 1848 2938 1773 2939 1848 2939 1771 2939 1771 2940 1848 2940 1850 2940 1771 2941 1850 2941 1769 2941 1769 2942 1850 2942 1852 2942 1769 2943 1852 2943 1767 2943 1767 2944 1852 2944 1854 2944 1767 2945 1854 2945 1766 2945 1766 2946 1854 2946 1856 2946 1766 2947 1856 2947 1643 2947 1643 2948 1856 2948 1858 2948 1643 2949 1858 2949 1641 2949 1641 2950 1858 2950 1860 2950 1641 2951 1860 2951 1647 2951 1647 2952 1860 2952 1862 2952 1647 2953 1862 2953 1648 2953 1648 2954 1862 2954 1864 2954 1648 2955 1864 2955 1900 2955 1900 2956 1864 2956 1866 2956 1900 2957 1866 2957 1901 2957 1901 2958 1866 2958 1868 2958 1901 2959 1868 2959 1902 2959 1902 2960 1868 2960 1870 2960 1902 2961 1870 2961 1903 2961 1903 2962 1870 2962 1872 2962 1903 2963 1872 2963 1904 2963 1904 2964 1872 2964 1874 2964 1904 2965 1874 2965 1905 2965 1905 2966 1874 2966 1876 2966 1905 2967 1876 2967 1906 2967 1906 2968 1876 2968 1878 2968 1906 2969 1878 2969 1907 2969 1907 2970 1878 2970 1880 2970 1907 2971 1880 2971 1908 2971 1908 2972 1880 2972 1882 2972 1908 2973 1882 2973 1909 2973 1909 2974 1882 2974 1884 2974 1909 2975 1884 2975 1910 2975 1911 2976 1912 2976 1889 2976 1889 2977 1912 2977 1910 2977 1889 2978 1910 2978 1844 2978 1844 2979 1910 2979 1884 2979 1844 2980 1884 2980 1842 2980 1842 2981 1884 2981 1883 2981 1654 2982 1583 2982 1585 2982 1654 2983 1585 2983 1655 2983 1655 2984 1585 2984 1913 2984 1655 2985 1913 2985 1656 2985 1656 2986 1913 2986 1914 2986 1656 2987 1914 2987 1657 2987 1657 2988 1914 2988 1915 2988 1657 2989 1915 2989 1658 2989 1658 2990 1915 2990 1916 2990 1658 2991 1916 2991 1659 2991 1659 2992 1916 2992 1917 2992 1659 2993 1917 2993 1660 2993 1660 2994 1917 2994 1918 2994 1660 2995 1918 2995 1661 2995 1661 2996 1918 2996 1919 2996 1661 2997 1919 2997 1662 2997 1662 2998 1919 2998 1920 2998 1662 2999 1920 2999 1921 2999 1663 3000 1124 3000 1662 3000 1663 3001 1662 3001 1922 3001 1922 3002 1662 3002 1921 3002 1922 3003 1921 3003 1923 3003 1911 3004 1924 3004 1925 3004 1911 3005 1925 3005 1912 3005 1912 3006 1925 3006 1926 3006 1912 3007 1926 3007 1923 3007 1927 3008 1926 3008 1928 3008 1928 3009 1926 3009 1925 3009 1928 3010 1925 3010 1929 3010 1929 3011 1925 3011 1930 3011 1929 3012 1930 3012 1931 3012 1139 3013 1663 3013 1664 3013 1664 3014 1663 3014 1922 3014 1664 3015 1922 3015 1927 3015 1927 3016 1922 3016 1923 3016 1927 3017 1923 3017 1926 3017 1930 3018 1925 3018 1924 3018 1930 3019 1924 3019 1931 3019 1931 3020 1924 3020 1932 3020 1931 3021 1932 3021 1933 3021 1934 3022 1935 3022 1936 3022 1936 3023 1935 3023 1933 3023 1936 3024 1933 3024 1937 3024 1937 3025 1933 3025 1932 3025 1938 3026 1134 3026 1665 3026 1938 3027 1665 3027 1939 3027 1939 3028 1665 3028 1940 3028 1939 3029 1940 3029 1941 3029 1941 3030 1940 3030 1942 3030 1941 3031 1942 3031 1943 3031 1669 3032 1110 3032 1667 3032 1669 3033 1667 3033 1944 3033 1944 3034 1667 3034 1666 3034 1945 3035 1946 3035 1947 3035 1947 3036 1946 3036 1948 3036 1947 3037 1948 3037 1949 3037 1897 3038 1892 3038 1898 3038 1898 3039 1892 3039 1894 3039 1898 3040 1894 3040 1574 3040 1574 3041 1894 3041 1896 3041 1574 3042 1896 3042 1575 3042 1575 3043 1896 3043 1950 3043 1575 3044 1950 3044 1846 3044 1846 3045 1950 3045 1951 3045 1846 3046 1951 3046 1891 3046 1952 3047 1953 3047 1954 3047 1955 3048 1956 3048 1957 3048 1957 3049 1956 3049 1958 3049 1957 3050 1958 3050 1959 3050 1937 3051 1959 3051 1960 3051 1960 3052 1959 3052 1958 3052 1960 3053 1958 3053 1961 3053 1961 3054 1958 3054 1956 3054 1961 3055 1956 3055 1962 3055 1934 3056 1945 3056 1935 3056 1935 3057 1945 3057 1947 3057 1935 3058 1947 3058 1933 3058 1933 3059 1947 3059 1949 3059 1933 3060 1949 3060 1931 3060 1931 3061 1949 3061 1943 3061 1931 3062 1943 3062 1929 3062 1929 3063 1943 3063 1942 3063 1929 3064 1942 3064 1928 3064 1928 3065 1942 3065 1940 3065 1928 3066 1940 3066 1927 3066 1927 3067 1940 3067 1665 3067 1927 3068 1665 3068 1664 3068 1664 3069 1665 3069 1136 3069 1937 3070 1960 3070 1936 3070 1936 3071 1960 3071 1961 3071 1936 3072 1961 3072 1934 3072 1934 3073 1961 3073 1962 3073 1934 3074 1962 3074 1945 3074 1945 3075 1962 3075 1963 3075 1945 3076 1963 3076 1946 3076 1946 3077 1963 3077 1964 3077 1946 3078 1964 3078 1948 3078 1948 3079 1964 3079 1965 3079 1948 3080 1965 3080 1949 3080 1949 3081 1965 3081 1668 3081 1949 3082 1668 3082 1943 3082 1943 3083 1668 3083 1669 3083 1943 3084 1669 3084 1941 3084 1941 3085 1669 3085 1944 3085 1941 3086 1944 3086 1939 3086 1939 3087 1944 3087 1666 3087 1939 3088 1666 3088 1938 3088 1938 3089 1666 3089 1135 3089 1938 3090 1135 3090 1134 3090 1966 3091 1967 3091 1968 3091 1968 3092 1967 3092 1969 3092 1968 3093 1969 3093 1970 3093 1671 3094 1095 3094 1672 3094 1671 3095 1672 3095 1971 3095 1971 3096 1672 3096 1113 3096 1971 3097 1113 3097 1112 3097 645 3098 647 3098 1674 3098 1674 3099 647 3099 1673 3099 1674 3100 1673 3100 1670 3100 1670 3101 1673 3101 259 3101 1670 3102 259 3102 1095 3102 1971 3103 1966 3103 1671 3103 1671 3104 1966 3104 1968 3104 1671 3105 1968 3105 1670 3105 1670 3106 1968 3106 1970 3106 1670 3107 1970 3107 1674 3107 1674 3108 1970 3108 1675 3108 1675 3109 1972 3109 1676 3109 1676 3110 1972 3110 1973 3110 1676 3111 1973 3111 1750 3111 1750 3112 1973 3112 1974 3112 1750 3113 1974 3113 1752 3113 1752 3114 1974 3114 1975 3114 1752 3115 1975 3115 1755 3115 1755 3116 1975 3116 1976 3116 1755 3117 1976 3117 1579 3117 1579 3118 1976 3118 1760 3118 1579 3119 1760 3119 1577 3119 1707 3120 1702 3120 1704 3120 1707 3121 1704 3121 1977 3121 1977 3122 1704 3122 1703 3122 1977 3123 1703 3123 1701 3123 1701 3124 1703 3124 1700 3124 1978 3125 1979 3125 1980 3125 1980 3126 1979 3126 1981 3126 1980 3127 1981 3127 1982 3127 1982 3128 1981 3128 1983 3128 1982 3129 1983 3129 1984 3129 1985 3130 1978 3130 1986 3130 1986 3131 1978 3131 1987 3131 1986 3132 1987 3132 1988 3132 1988 3133 1987 3133 1989 3133 1988 3134 1989 3134 1990 3134 1990 3135 1989 3135 1991 3135 1990 3136 1991 3136 1992 3136 1978 3137 1980 3137 1987 3137 1987 3138 1980 3138 1982 3138 1987 3139 1982 3139 1989 3139 1989 3140 1982 3140 1984 3140 1989 3141 1984 3141 1991 3141 1979 3142 1696 3142 1981 3142 1981 3143 1696 3143 1993 3143 1981 3144 1993 3144 1983 3144 1983 3145 1993 3145 1994 3145 1983 3146 1994 3146 1984 3146 1984 3147 1994 3147 1995 3147 1984 3148 1995 3148 1991 3148 1991 3149 1995 3149 1996 3149 1991 3150 1996 3150 1992 3150 1992 3151 1996 3151 1997 3151 1764 3152 1761 3152 1762 3152 1764 3153 1762 3153 1998 3153 1998 3154 1762 3154 1999 3154 1998 3155 1999 3155 2000 3155 2000 3156 1999 3156 1953 3156 2000 3157 1953 3157 2001 3157 2001 3158 1953 3158 1952 3158 2001 3159 1952 3159 2002 3159 2002 3160 1952 3160 2003 3160 2002 3161 2003 3161 2004 3161 1695 3162 1694 3162 1764 3162 1695 3163 1764 3163 2005 3163 2005 3164 1764 3164 1998 3164 2005 3165 1998 3165 2006 3165 2006 3166 1998 3166 2000 3166 2006 3167 2000 3167 2007 3167 2007 3168 2000 3168 2001 3168 2007 3169 2001 3169 2008 3169 2008 3170 2001 3170 2002 3170 2008 3171 2002 3171 2009 3171 2009 3172 2002 3172 2004 3172 2009 3173 1997 3173 2008 3173 2008 3174 1997 3174 1996 3174 2008 3175 1996 3175 2007 3175 2007 3176 1996 3176 1995 3176 2007 3177 1995 3177 2006 3177 2006 3178 1995 3178 1994 3178 2006 3179 1994 3179 2005 3179 2005 3180 1994 3180 1993 3180 2005 3181 1993 3181 1695 3181 1695 3182 1993 3182 1696 3182 1696 3183 1979 3183 1697 3183 1762 3184 1758 3184 1760 3184 1762 3185 1760 3185 1999 3185 1999 3186 1760 3186 1976 3186 1999 3187 1976 3187 1953 3187 1953 3188 1976 3188 1975 3188 1953 3189 1975 3189 1954 3189 1954 3190 1975 3190 1974 3190 1954 3191 1974 3191 1955 3191 1955 3192 1974 3192 1973 3192 1955 3193 1973 3193 1956 3193 1956 3194 1973 3194 1972 3194 1956 3195 1972 3195 1962 3195 1962 3196 1972 3196 1675 3196 1962 3197 1675 3197 1963 3197 1963 3198 1675 3198 1970 3198 1963 3199 1970 3199 1964 3199 1964 3200 1970 3200 1969 3200 1964 3201 1969 3201 1965 3201 1965 3202 1969 3202 1967 3202 1965 3203 1967 3203 1668 3203 1668 3204 1967 3204 1966 3204 1668 3205 1966 3205 1112 3205 1112 3206 1966 3206 1971 3206 2010 3207 1594 3207 1596 3207 2010 3208 1596 3208 2011 3208 2011 3209 1596 3209 2012 3209 2011 3210 2012 3210 2013 3210 2013 3211 2012 3211 2014 3211 2013 3212 2014 3212 2015 3212 2015 3213 2014 3213 2016 3213 2015 3214 2016 3214 2017 3214 2017 3215 2016 3215 2018 3215 2017 3216 2018 3216 2019 3216 2019 3217 2018 3217 2020 3217 2019 3218 2020 3218 2021 3218 2021 3219 2020 3219 2022 3219 2021 3220 2022 3220 2023 3220 2023 3221 2022 3221 2024 3221 2023 3222 2024 3222 2025 3222 2025 3223 2024 3223 2026 3223 2025 3224 2026 3224 2027 3224 2027 3225 2026 3225 2028 3225 2027 3226 2028 3226 2029 3226 2029 3227 2028 3227 2030 3227 2029 3228 2030 3228 2031 3228 2031 3229 2030 3229 2032 3229 2031 3230 2032 3230 2033 3230 2033 3231 2032 3231 2034 3231 2033 3232 2034 3232 2035 3232 2035 3233 2034 3233 2036 3233 2035 3234 2036 3234 2037 3234 2037 3235 2036 3235 2038 3235 2037 3236 2038 3236 2039 3236 2039 3237 2038 3237 2040 3237 2039 3238 2040 3238 2041 3238 1595 3239 1593 3239 1596 3239 1596 3240 1593 3240 1591 3240 1596 3241 1591 3241 2012 3241 2012 3242 1591 3242 1748 3242 2012 3243 1748 3243 2014 3243 2014 3244 1748 3244 1745 3244 2014 3245 1745 3245 2016 3245 2016 3246 1745 3246 1744 3246 2016 3247 1744 3247 2018 3247 2018 3248 1744 3248 1742 3248 2018 3249 1742 3249 2020 3249 2020 3250 1742 3250 1739 3250 2020 3251 1739 3251 2022 3251 2022 3252 1739 3252 1737 3252 2022 3253 1737 3253 2024 3253 2024 3254 1737 3254 1736 3254 2024 3255 1736 3255 2026 3255 2026 3256 1736 3256 1735 3256 2026 3257 1735 3257 2028 3257 2028 3258 1735 3258 1732 3258 2028 3259 1732 3259 2030 3259 2030 3260 1732 3260 1731 3260 2030 3261 1731 3261 2032 3261 2032 3262 1731 3262 1728 3262 2032 3263 1728 3263 2034 3263 2034 3264 1728 3264 1726 3264 2034 3265 1726 3265 2036 3265 2036 3266 1726 3266 1724 3266 2036 3267 1724 3267 2038 3267 2038 3268 1724 3268 1723 3268 2038 3269 1723 3269 2040 3269 2042 3270 1717 3270 2043 3270 2043 3271 1717 3271 1715 3271 2044 3272 2045 3272 2046 3272 2046 3273 2045 3273 2047 3273 2046 3274 2047 3274 1571 3274 1571 3275 2047 3275 2048 3275 1571 3276 2048 3276 1572 3276 2043 3277 1715 3277 1716 3277 2043 3278 1716 3278 2042 3278 2042 3279 1716 3279 2049 3279 2042 3280 2049 3280 2050 3280 2050 3281 2049 3281 2051 3281 2050 3282 2051 3282 2052 3282 2052 3283 2051 3283 2053 3283 2052 3284 2053 3284 2054 3284 2055 3285 2054 3285 1705 3285 1705 3286 2054 3286 2053 3286 1705 3287 2053 3287 1708 3287 1708 3288 2053 3288 2051 3288 1708 3289 2051 3289 1711 3289 1711 3290 2051 3290 2049 3290 1711 3291 2049 3291 1582 3291 1582 3292 2049 3292 1716 3292 1582 3293 1716 3293 1713 3293 1713 3294 1716 3294 1714 3294 2056 3295 2057 3295 2058 3295 2058 3296 2057 3296 2059 3296 2058 3297 2059 3297 2060 3297 2061 3298 1573 3298 2056 3298 2056 3299 1573 3299 1572 3299 2056 3300 1572 3300 2057 3300 2057 3301 1572 3301 2048 3301 2057 3302 2048 3302 2059 3302 2062 3303 2063 3303 2064 3303 2064 3304 2063 3304 2065 3304 2064 3305 2065 3305 2066 3305 2066 3306 2065 3306 2067 3306 2066 3307 2067 3307 2068 3307 2069 3308 2070 3308 2071 3308 2071 3309 2070 3309 2072 3309 2071 3310 2072 3310 2073 3310 2073 3311 2072 3311 2074 3311 2073 3312 2074 3312 2075 3312 2068 3313 2069 3313 2066 3313 2066 3314 2069 3314 2071 3314 2066 3315 2071 3315 2064 3315 2064 3316 2071 3316 2073 3316 2064 3317 2073 3317 2062 3317 2062 3318 2073 3318 2075 3318 1598 3319 1594 3319 1599 3319 1599 3320 1594 3320 2010 3320 1599 3321 2010 3321 2076 3321 2076 3322 2010 3322 2011 3322 2076 3323 2011 3323 2077 3323 2077 3324 2011 3324 2013 3324 2077 3325 2013 3325 2078 3325 2078 3326 2013 3326 2015 3326 2078 3327 2015 3327 2079 3327 2079 3328 2015 3328 2017 3328 2079 3329 2017 3329 2080 3329 2080 3330 2017 3330 2019 3330 2080 3331 2019 3331 2081 3331 2081 3332 2019 3332 2021 3332 2081 3333 2021 3333 2082 3333 2082 3334 2021 3334 2023 3334 2082 3335 2023 3335 2083 3335 2083 3336 2023 3336 2025 3336 2083 3337 2025 3337 2084 3337 2084 3338 2025 3338 2027 3338 2084 3339 2027 3339 2085 3339 2085 3340 2027 3340 2029 3340 2085 3341 2029 3341 2086 3341 2086 3342 2029 3342 2031 3342 2086 3343 2031 3343 2087 3343 2087 3344 2031 3344 2033 3344 2087 3345 2033 3345 2088 3345 2088 3346 2033 3346 2035 3346 2088 3347 2035 3347 2089 3347 2089 3348 2035 3348 2037 3348 2089 3349 2037 3349 2090 3349 2090 3350 2037 3350 2039 3350 2090 3351 2039 3351 2091 3351 2091 3352 2039 3352 2041 3352 2091 3353 2041 3353 2092 3353 1601 3354 1597 3354 1599 3354 1601 3355 1599 3355 2093 3355 2093 3356 1599 3356 2076 3356 2093 3357 2076 3357 2094 3357 2094 3358 2076 3358 2077 3358 2094 3359 2077 3359 2095 3359 2095 3360 2077 3360 2078 3360 2095 3361 2078 3361 2096 3361 2096 3362 2078 3362 2079 3362 2096 3363 2079 3363 2097 3363 2097 3364 2079 3364 2080 3364 2097 3365 2080 3365 2098 3365 2098 3366 2080 3366 2081 3366 2098 3367 2081 3367 2099 3367 2099 3368 2081 3368 2082 3368 2099 3369 2082 3369 2100 3369 2100 3370 2082 3370 2083 3370 2100 3371 2083 3371 2101 3371 2101 3372 2083 3372 2084 3372 2101 3373 2084 3373 2102 3373 2102 3374 2084 3374 2085 3374 2102 3375 2085 3375 2103 3375 2103 3376 2085 3376 2086 3376 2103 3377 2086 3377 2104 3377 2104 3378 2086 3378 2087 3378 2104 3379 2087 3379 2105 3379 2105 3380 2087 3380 2088 3380 2105 3381 2088 3381 2106 3381 2106 3382 2088 3382 2089 3382 2106 3383 2089 3383 2107 3383 2107 3384 2089 3384 2090 3384 2107 3385 2090 3385 2108 3385 2108 3386 2090 3386 2091 3386 2108 3387 2091 3387 2109 3387 2109 3388 2091 3388 2092 3388 2109 3389 2092 3389 2110 3389 2074 3390 2111 3390 2075 3390 2075 3391 2111 3391 2061 3391 2075 3392 2061 3392 2062 3392 2062 3393 2061 3393 2056 3393 2062 3394 2056 3394 2063 3394 2063 3395 2056 3395 2058 3395 2063 3396 2058 3396 2065 3396 2065 3397 2058 3397 2060 3397 2065 3398 2060 3398 2067 3398 1720 3399 2044 3399 1721 3399 1721 3400 2044 3400 2046 3400 1721 3401 2046 3401 2112 3401 2112 3402 2046 3402 1571 3402 2112 3403 1571 3403 2113 3403 2113 3404 1571 3404 1573 3404 2113 3405 1573 3405 2114 3405 2114 3406 1573 3406 2061 3406 2114 3407 2061 3407 2115 3407 2115 3408 2061 3408 2111 3408 2116 3409 1719 3409 1721 3409 2116 3410 1721 3410 2117 3410 2117 3411 1721 3411 2112 3411 2117 3412 2112 3412 2118 3412 2118 3413 2112 3413 2113 3413 2118 3414 2113 3414 2119 3414 2119 3415 2113 3415 2114 3415 2119 3416 2114 3416 2120 3416 2120 3417 2114 3417 2115 3417 2120 3418 2115 3418 2121 3418 1603 3419 1600 3419 1601 3419 1603 3420 1601 3420 2122 3420 2122 3421 1601 3421 2093 3421 2122 3422 2093 3422 2123 3422 2123 3423 2093 3423 2094 3423 2123 3424 2094 3424 2124 3424 2124 3425 2094 3425 2095 3425 2124 3426 2095 3426 2125 3426 2125 3427 2095 3427 2096 3427 2125 3428 2096 3428 2126 3428 2126 3429 2096 3429 2097 3429 2126 3430 2097 3430 2127 3430 2127 3431 2097 3431 2098 3431 2127 3432 2098 3432 2128 3432 2128 3433 2098 3433 2099 3433 2128 3434 2099 3434 2129 3434 2129 3435 2099 3435 2100 3435 2129 3436 2100 3436 2130 3436 2130 3437 2100 3437 2101 3437 2130 3438 2101 3438 2131 3438 2131 3439 2101 3439 2102 3439 2131 3440 2102 3440 2132 3440 2132 3441 2102 3441 2103 3441 2132 3442 2103 3442 2133 3442 2133 3443 2103 3443 2104 3443 2133 3444 2104 3444 2134 3444 2134 3445 2104 3445 2105 3445 2134 3446 2105 3446 2135 3446 2135 3447 2105 3447 2106 3447 2135 3448 2106 3448 2136 3448 2136 3449 2106 3449 2107 3449 2136 3450 2107 3450 2137 3450 2137 3451 2107 3451 2108 3451 2137 3452 2108 3452 2138 3452 2138 3453 2108 3453 2109 3453 2138 3454 2109 3454 2139 3454 2139 3455 2109 3455 2110 3455 2139 3456 2110 3456 2140 3456 1570 3457 1565 3457 2141 3457 2141 3458 1565 3458 1567 3458 2141 3459 1567 3459 2142 3459 2142 3460 1567 3460 2143 3460 1570 3461 1569 3461 1565 3461 1565 3462 1569 3462 2144 3462 1565 3463 2144 3463 1566 3463 2145 3464 2144 3464 2146 3464 2146 3465 2144 3465 1569 3465 2146 3466 1569 3466 2147 3466 2147 3467 1569 3467 1568 3467 2147 3468 1568 3468 2148 3468 2149 3469 2150 3469 2151 3469 2151 3470 2150 3470 2152 3470 2151 3471 2152 3471 2153 3471 2153 3472 2152 3472 2154 3472 2153 3473 2154 3473 2143 3473 1605 3474 1602 3474 1606 3474 1606 3475 1602 3475 1603 3475 1606 3476 1603 3476 2155 3476 2155 3477 1603 3477 2122 3477 2155 3478 2122 3478 2156 3478 2156 3479 2122 3479 2123 3479 2156 3480 2123 3480 2157 3480 2157 3481 2123 3481 2124 3481 2157 3482 2124 3482 2158 3482 2158 3483 2124 3483 2125 3483 2158 3484 2125 3484 2159 3484 2159 3485 2125 3485 2126 3485 2159 3486 2126 3486 2160 3486 2160 3487 2126 3487 2127 3487 2160 3488 2127 3488 2161 3488 2161 3489 2127 3489 2128 3489 2161 3490 2128 3490 2162 3490 2162 3491 2128 3491 2129 3491 2162 3492 2129 3492 2163 3492 2163 3493 2129 3493 2130 3493 2163 3494 2130 3494 2164 3494 2164 3495 2130 3495 2131 3495 2164 3496 2131 3496 2165 3496 2165 3497 2131 3497 2132 3497 2165 3498 2132 3498 2166 3498 2166 3499 2132 3499 2133 3499 2166 3500 2133 3500 2167 3500 2167 3501 2133 3501 2134 3501 2167 3502 2134 3502 2168 3502 2168 3503 2134 3503 2135 3503 2168 3504 2135 3504 2169 3504 2169 3505 2135 3505 2136 3505 2169 3506 2136 3506 2170 3506 2170 3507 2136 3507 2137 3507 2170 3508 2137 3508 2171 3508 2171 3509 2137 3509 2138 3509 2171 3510 2138 3510 2172 3510 2172 3511 2138 3511 2139 3511 2172 3512 2139 3512 2173 3512 2173 3513 2139 3513 2140 3513 2173 3514 2140 3514 2174 3514 2175 3515 2176 3515 2177 3515 1722 3516 1719 3516 1723 3516 1723 3517 1719 3517 2116 3517 1723 3518 2116 3518 2040 3518 2040 3519 2116 3519 2117 3519 2040 3520 2117 3520 2041 3520 2041 3521 2117 3521 2118 3521 2041 3522 2118 3522 2092 3522 2092 3523 2118 3523 2119 3523 2092 3524 2119 3524 2110 3524 2110 3525 2119 3525 2120 3525 2110 3526 2120 3526 2140 3526 2140 3527 2120 3527 2121 3527 2140 3528 2121 3528 2174 3528 2174 3529 2121 3529 2178 3529 2174 3530 2178 3530 2179 3530 2179 3531 2178 3531 2180 3531 2143 3532 1567 3532 2153 3532 2153 3533 1567 3533 1566 3533 2153 3534 1566 3534 2151 3534 2151 3535 1566 3535 2144 3535 2151 3536 2144 3536 2149 3536 2149 3537 2144 3537 2145 3537 2149 3538 2145 3538 2181 3538 2182 3539 2176 3539 2183 3539 2183 3540 2176 3540 2175 3540 2183 3541 2175 3541 2184 3541 1951 3542 1911 3542 1891 3542 1891 3543 1911 3543 1889 3543 1889 3544 1844 3544 1890 3544 1890 3545 1844 3545 1843 3545 1890 3546 1843 3546 2185 3546 1890 3547 2185 3547 1847 3547 1847 3548 2185 3548 1819 3548 1847 3549 1819 3549 1845 3549 1845 3550 1819 3550 2186 3550 1845 3551 2186 3551 1576 3551 1576 3552 2186 3552 2182 3552 1576 3553 2182 3553 1887 3553 1887 3554 2182 3554 2183 3554 1887 3555 2183 3555 1885 3555 1885 3556 2183 3556 2184 3556 1818 3557 2177 3557 1817 3557 1817 3558 2177 3558 2176 3558 1817 3559 2176 3559 1815 3559 1815 3560 2176 3560 2182 3560 1815 3561 2182 3561 2186 3561 1815 3562 2186 3562 1819 3562 1821 3563 1819 3563 2185 3563 1821 3564 2185 3564 1822 3564 1822 3565 2185 3565 1843 3565 1822 3566 1843 3566 1823 3566 1823 3567 1843 3567 1842 3567 1823 3568 1842 3568 1824 3568 1824 3569 1842 3569 1883 3569 1824 3570 1883 3570 1825 3570 1825 3571 1883 3571 1881 3571 1825 3572 1881 3572 1826 3572 1826 3573 1881 3573 1879 3573 1826 3574 1879 3574 1827 3574 1827 3575 1879 3575 1877 3575 1827 3576 1877 3576 1828 3576 1828 3577 1877 3577 1875 3577 1828 3578 1875 3578 1829 3578 1829 3579 1875 3579 1873 3579 1829 3580 1873 3580 1830 3580 1830 3581 1873 3581 1871 3581 1830 3582 1871 3582 1831 3582 1831 3583 1871 3583 1869 3583 1831 3584 1869 3584 1832 3584 1832 3585 1869 3585 1867 3585 1832 3586 1867 3586 1833 3586 1833 3587 1867 3587 1865 3587 1833 3588 1865 3588 1834 3588 1834 3589 1865 3589 1863 3589 1834 3590 1863 3590 1835 3590 1835 3591 1863 3591 1861 3591 1835 3592 1861 3592 1836 3592 1836 3593 1861 3593 1859 3593 1836 3594 1859 3594 1837 3594 1837 3595 1859 3595 1857 3595 1837 3596 1857 3596 1838 3596 1838 3597 1857 3597 1855 3597 1838 3598 1855 3598 1839 3598 1839 3599 1855 3599 1853 3599 1839 3600 1853 3600 1840 3600 1840 3601 1853 3601 1851 3601 1840 3602 1851 3602 1841 3602 1841 3603 1851 3603 1849 3603 1841 3604 1849 3604 1614 3604 1614 3605 1849 3605 1615 3605 1614 3606 1615 3606 1612 3606 1607 3607 1604 3607 1606 3607 1607 3608 1606 3608 1777 3608 1777 3609 1606 3609 2155 3609 1777 3610 2155 3610 1779 3610 1779 3611 2155 3611 2156 3611 1779 3612 2156 3612 1781 3612 1781 3613 2156 3613 2157 3613 1781 3614 2157 3614 1783 3614 1783 3615 2157 3615 2158 3615 1783 3616 2158 3616 1785 3616 1785 3617 2158 3617 2159 3617 1785 3618 2159 3618 1787 3618 1787 3619 2159 3619 2160 3619 1787 3620 2160 3620 1789 3620 1789 3621 2160 3621 2161 3621 1789 3622 2161 3622 1791 3622 1791 3623 2161 3623 2162 3623 1791 3624 2162 3624 1793 3624 1793 3625 2162 3625 2163 3625 1793 3626 2163 3626 1795 3626 1795 3627 2163 3627 2164 3627 1795 3628 2164 3628 1797 3628 1797 3629 2164 3629 2165 3629 1797 3630 2165 3630 1799 3630 1799 3631 2165 3631 2166 3631 1799 3632 2166 3632 1801 3632 1801 3633 2166 3633 2167 3633 1801 3634 2167 3634 1803 3634 1803 3635 2167 3635 2168 3635 1803 3636 2168 3636 1805 3636 1805 3637 2168 3637 2169 3637 1805 3638 2169 3638 1807 3638 1807 3639 2169 3639 2170 3639 1807 3640 2170 3640 1809 3640 1809 3641 2170 3641 2171 3641 1809 3642 2171 3642 1811 3642 1811 3643 2171 3643 2172 3643 1811 3644 2172 3644 1813 3644 1813 3645 2172 3645 2173 3645 1813 3646 2173 3646 1818 3646 1818 3647 2173 3647 2174 3647 1818 3648 2174 3648 2177 3648 2177 3649 2174 3649 2179 3649 2177 3650 2179 3650 2175 3650 2175 3651 2179 3651 2180 3651 2175 3652 2180 3652 2184 3652 2004 3653 2181 3653 2009 3653 2009 3654 2181 3654 2145 3654 2009 3655 2145 3655 1997 3655 1997 3656 2145 3656 2146 3656 1997 3657 2146 3657 1992 3657 1992 3658 2146 3658 2147 3658 1992 3659 2147 3659 1990 3659 1990 3660 2147 3660 2148 3660 1990 3661 2148 3661 1988 3661 1988 3662 2148 3662 2055 3662 1988 3663 2055 3663 1986 3663 1986 3664 2055 3664 1705 3664 1986 3665 1705 3665 1985 3665 1985 3666 1705 3666 1707 3666 1985 3667 1707 3667 1977 3667 1985 3668 1977 3668 1978 3668 1978 3669 1977 3669 1701 3669 1978 3670 1701 3670 1979 3670 1979 3671 1701 3671 1698 3671 1979 3672 1698 3672 1697 3672 1697 3673 1698 3673 626 3673 1697 3674 626 3674 632 3674 2045 3675 1718 3675 2047 3675 2047 3676 1718 3676 1717 3676 2047 3677 1717 3677 2048 3677 2048 3678 1717 3678 2042 3678 2048 3679 2042 3679 2059 3679 2059 3680 2042 3680 2050 3680 2059 3681 2050 3681 2060 3681 2060 3682 2050 3682 2052 3682 2060 3683 2052 3683 2067 3683 2067 3684 2052 3684 2054 3684 2067 3685 2054 3685 2068 3685 2068 3686 2054 3686 2055 3686 2068 3687 2055 3687 2069 3687 2069 3688 2055 3688 2148 3688 2069 3689 2148 3689 2070 3689 2070 3690 2148 3690 1568 3690 2070 3691 1568 3691 2072 3691 2072 3692 1568 3692 1570 3692 2072 3693 1570 3693 2074 3693 2074 3694 1570 3694 2141 3694 2074 3695 2141 3695 2111 3695 2111 3696 2141 3696 2142 3696 2111 3697 2142 3697 2115 3697 2115 3698 2142 3698 2143 3698 2115 3699 2143 3699 2121 3699 2121 3700 2143 3700 2154 3700 2121 3701 2154 3701 2178 3701 2178 3702 2154 3702 2152 3702 2178 3703 2152 3703 2180 3703 2180 3704 2152 3704 2150 3704 2180 3705 2150 3705 2184 3705 2184 3706 2150 3706 2149 3706 2184 3707 2149 3707 1885 3707 1885 3708 2149 3708 2181 3708 1885 3709 2181 3709 1886 3709 1886 3710 2181 3710 2004 3710 1886 3711 2004 3711 1888 3711 1888 3712 2004 3712 2003 3712 1888 3713 2003 3713 1899 3713 1899 3714 2003 3714 1952 3714 1899 3715 1952 3715 1897 3715 1897 3716 1952 3716 1954 3716 1897 3717 1954 3717 1892 3717 1892 3718 1954 3718 1955 3718 1892 3719 1955 3719 1893 3719 1893 3720 1955 3720 1957 3720 1893 3721 1957 3721 1895 3721 1895 3722 1957 3722 1959 3722 1895 3723 1959 3723 1896 3723 1896 3724 1959 3724 1937 3724 1896 3725 1937 3725 1950 3725 1950 3726 1937 3726 1932 3726 1950 3727 1932 3727 1951 3727 1951 3728 1932 3728 1924 3728 1951 3729 1924 3729 1911 3729 1910 3730 1912 3730 1923 3730 1910 3731 1923 3731 1909 3731 1909 3732 1923 3732 1921 3732 1909 3733 1921 3733 1908 3733 1908 3734 1921 3734 1920 3734 1908 3735 1920 3735 1907 3735 1907 3736 1920 3736 1919 3736 1907 3737 1919 3737 1906 3737 1906 3738 1919 3738 1918 3738 1906 3739 1918 3739 1905 3739 1905 3740 1918 3740 1917 3740 1905 3741 1917 3741 1904 3741 1904 3742 1917 3742 1916 3742 1904 3743 1916 3743 1903 3743 1903 3744 1916 3744 1915 3744 1903 3745 1915 3745 1902 3745 1902 3746 1915 3746 1914 3746 1902 3747 1914 3747 1901 3747 1901 3748 1914 3748 1913 3748 1901 3749 1913 3749 1900 3749 1900 3750 1913 3750 1585 3750 1900 3751 1585 3751 1648 3751 1648 3752 1585 3752 1584 3752 1648 3753 1584 3753 1649 3753 2187 3754 2188 3754 2189 3754 1581 3755 1580 3755 2190 3755 2190 3756 1712 3756 1581 3756 2191 3757 1700 3757 1703 3757 2191 3758 1703 3758 1702 3758 1699 3759 1700 3759 2192 3759 644 3760 1699 3760 2192 3760 2192 3761 1700 3761 2193 3761 2191 3762 2193 3762 1700 3762 2194 3763 2195 3763 2196 3763 2197 3764 2198 3764 2199 3764 2197 3765 2199 3765 2195 3765 2200 3766 2201 3766 2198 3766 2202 3767 2201 3767 2200 3767 2203 3768 2202 3768 2204 3768 2205 3769 2206 3769 2204 3769 2204 3770 2206 3770 2203 3770 2207 3771 2206 3771 2205 3771 2208 3772 2209 3772 2210 3772 2189 3773 2188 3773 2211 3773 2189 3774 2211 3774 2212 3774 2212 3775 2211 3775 2213 3775 2212 3776 2213 3776 2214 3776 2214 3777 2213 3777 2215 3777 2214 3778 2215 3778 2216 3778 2216 3779 2215 3779 2217 3779 2216 3780 2217 3780 2218 3780 2218 3781 2217 3781 2219 3781 2218 3782 2219 3782 2220 3782 2220 3783 2219 3783 2221 3783 2220 3784 2221 3784 2222 3784 2222 3785 2221 3785 2223 3785 2222 3786 2223 3786 2224 3786 2224 3787 2223 3787 2225 3787 2224 3788 2225 3788 2226 3788 2226 3789 2225 3789 2227 3789 2226 3790 2227 3790 2228 3790 2228 3791 2227 3791 2229 3791 2228 3792 2229 3792 2230 3792 2231 3793 2232 3793 2233 3793 2233 3794 2232 3794 2234 3794 2233 3795 2234 3795 2235 3795 2235 3796 2234 3796 2207 3796 2235 3797 2207 3797 2236 3797 2236 3798 2207 3798 2205 3798 2237 3799 2208 3799 2211 3799 2211 3800 2208 3800 2210 3800 2211 3801 2210 3801 2213 3801 2213 3802 2210 3802 2215 3802 2215 3803 2210 3803 2238 3803 2215 3804 2238 3804 2217 3804 2217 3805 2238 3805 2239 3805 2217 3806 2239 3806 2219 3806 2219 3807 2239 3807 2240 3807 2219 3808 2240 3808 2221 3808 2221 3809 2240 3809 2241 3809 2221 3810 2241 3810 2223 3810 2223 3811 2241 3811 2242 3811 2223 3812 2242 3812 2225 3812 2225 3813 2242 3813 2243 3813 2225 3814 2243 3814 2227 3814 2227 3815 2243 3815 2244 3815 2227 3816 2244 3816 2229 3816 2229 3817 2244 3817 2245 3817 2229 3818 2245 3818 2246 3818 2231 3819 2247 3819 2248 3819 2231 3820 2248 3820 2232 3820 2188 3821 2237 3821 2211 3821 2230 3822 2229 3822 2246 3822 2230 3823 2246 3823 2249 3823 2249 3824 2246 3824 2250 3824 2249 3825 2250 3825 2251 3825 2251 3826 2250 3826 2252 3826 2251 3827 2252 3827 2253 3827 2253 3828 2252 3828 2254 3828 2253 3829 2254 3829 2255 3829 2255 3830 2254 3830 2247 3830 2255 3831 2247 3831 2231 3831 2256 3832 2204 3832 2202 3832 2256 3833 2202 3833 2200 3833 2257 3834 2187 3834 2258 3834 1719 3835 2259 3835 2255 3835 1719 3836 2255 3836 2260 3836 1709 3837 2190 3837 2197 3837 1709 3838 2197 3838 1710 3838 1710 3839 2197 3839 2195 3839 1710 3840 2195 3840 1706 3840 1706 3841 2195 3841 2194 3841 1706 3842 2194 3842 1702 3842 1702 3843 2194 3843 2196 3843 1702 3844 2196 3844 2191 3844 2257 3845 1590 3845 1589 3845 1590 3846 2257 3846 2258 3846 1590 3847 2258 3847 1747 3847 1747 3848 2258 3848 2261 3848 1747 3849 2261 3849 1746 3849 1746 3850 2261 3850 2262 3850 1746 3851 2262 3851 1743 3851 1743 3852 2262 3852 2263 3852 1743 3853 2263 3853 1741 3853 1741 3854 2263 3854 2264 3854 1741 3855 2264 3855 1740 3855 1740 3856 2264 3856 2265 3856 1740 3857 2265 3857 1738 3857 1738 3858 2265 3858 2266 3858 1738 3859 2266 3859 1733 3859 1733 3860 2266 3860 2267 3860 1733 3861 2267 3861 1734 3861 1734 3862 2267 3862 2226 3862 1734 3863 2226 3863 1729 3863 1729 3864 2226 3864 2228 3864 1729 3865 2228 3865 1730 3865 1730 3866 2228 3866 2268 3866 1730 3867 2268 3867 1727 3867 1727 3868 2268 3868 2269 3868 1727 3869 2269 3869 1725 3869 1725 3870 2269 3870 2270 3870 1725 3871 2270 3871 1722 3871 1722 3872 2270 3872 2259 3872 1722 3873 2259 3873 1719 3873 1720 3874 1719 3874 2260 3874 1720 3875 2260 3875 2044 3875 2044 3876 2260 3876 2271 3876 2044 3877 2271 3877 2045 3877 2045 3878 2271 3878 2272 3878 2045 3879 2272 3879 1718 3879 1718 3880 2272 3880 2273 3880 1718 3881 2273 3881 1715 3881 1715 3882 2273 3882 2274 3882 1715 3883 2274 3883 1714 3883 1712 3884 2190 3884 1709 3884 2258 3885 2187 3885 2189 3885 2258 3886 2189 3886 2261 3886 2261 3887 2189 3887 2212 3887 2261 3888 2212 3888 2262 3888 2262 3889 2212 3889 2214 3889 2262 3890 2214 3890 2263 3890 2263 3891 2214 3891 2216 3891 2263 3892 2216 3892 2264 3892 2264 3893 2216 3893 2218 3893 2264 3894 2218 3894 2265 3894 2265 3895 2218 3895 2220 3895 2265 3896 2220 3896 2266 3896 2266 3897 2220 3897 2222 3897 2266 3898 2222 3898 2267 3898 2267 3899 2222 3899 2224 3899 2267 3900 2224 3900 2226 3900 2268 3901 2228 3901 2230 3901 2268 3902 2230 3902 2269 3902 2269 3903 2230 3903 2249 3903 2269 3904 2249 3904 2270 3904 2270 3905 2249 3905 2251 3905 2270 3906 2251 3906 2259 3906 2259 3907 2251 3907 2253 3907 2259 3908 2253 3908 2255 3908 2260 3909 2255 3909 2231 3909 2260 3910 2231 3910 2271 3910 2271 3911 2231 3911 2233 3911 2271 3912 2233 3912 2272 3912 2272 3913 2233 3913 2235 3913 2272 3914 2235 3914 2273 3914 2273 3915 2235 3915 2236 3915 2273 3916 2236 3916 2274 3916 2274 3917 2236 3917 2205 3917 2274 3918 2205 3918 1714 3918 1714 3919 2205 3919 2204 3919 1714 3920 2204 3920 1580 3920 1580 3921 2204 3921 2256 3921 1580 3922 2256 3922 2190 3922 2190 3923 2256 3923 2200 3923 2190 3924 2200 3924 2197 3924 2197 3925 2200 3925 2198 3925 2275 3926 2276 3926 2277 3926 2202 3927 2203 3927 2278 3927 2279 3928 2280 3928 2245 3928 2245 3929 2280 3929 2246 3929 2281 3930 2282 3930 2283 3930 2284 3931 588 3931 2285 3931 2285 3932 588 3932 590 3932 2286 3933 2284 3933 2285 3933 2286 3934 2287 3934 2284 3934 2288 3935 2289 3935 2290 3935 2290 3936 2289 3936 2291 3936 2289 3937 2288 3937 2286 3937 2286 3938 2288 3938 2287 3938 2292 3939 2293 3939 2294 3939 2294 3940 2295 3940 2292 3940 2292 3941 2295 3941 2291 3941 2291 3942 2295 3942 2290 3942 2296 3943 2297 3943 2293 3943 2293 3944 2297 3944 2294 3944 2298 3945 2296 3945 2299 3945 2300 3946 2301 3946 2302 3946 2302 3947 2301 3947 2298 3947 2303 3948 2300 3948 2304 3948 2303 3949 2305 3949 2306 3949 2306 3950 2305 3950 2307 3950 2306 3951 2307 3951 2308 3951 2308 3952 2307 3952 2309 3952 2310 3953 2311 3953 2309 3953 2309 3954 2311 3954 2308 3954 2311 3955 2310 3955 2312 3955 2312 3956 2310 3956 2313 3956 2312 3957 2313 3957 2314 3957 2313 3958 2315 3958 2314 3958 2314 3959 2315 3959 2316 3959 2316 3960 2315 3960 2317 3960 2318 3961 2310 3961 2309 3961 2318 3962 2309 3962 2307 3962 2319 3963 2320 3963 2321 3963 2321 3964 2320 3964 2305 3964 2305 3965 2320 3965 2307 3965 2307 3966 2320 3966 2318 3966 2322 3967 2323 3967 2319 3967 2324 3968 2325 3968 2326 3968 2326 3969 2325 3969 2323 3969 2327 3970 2328 3970 2282 3970 2282 3971 2328 3971 2283 3971 2329 3972 2330 3972 2331 3972 2331 3973 2330 3973 2283 3973 2283 3974 2330 3974 2281 3974 2332 3975 2329 3975 2331 3975 2333 3976 2334 3976 2335 3976 2335 3977 2334 3977 2336 3977 2337 3978 2333 3978 2338 3978 2339 3979 2340 3979 2341 3979 2341 3980 2340 3980 2342 3980 2338 3981 2342 3981 2337 3981 2343 3982 2344 3982 2345 3982 2345 3983 2344 3983 2346 3983 2347 3984 2348 3984 2349 3984 2343 3985 2350 3985 2349 3985 2349 3986 2350 3986 2347 3986 2351 3987 2348 3987 2352 3987 2353 3988 2351 3988 2354 3988 2354 3989 2351 3989 2352 3989 2354 3990 2355 3990 2353 3990 2356 3991 2357 3991 2278 3991 2278 3992 2357 3992 2358 3992 2359 3993 2360 3993 2356 3993 2356 3994 2360 3994 2357 3994 2361 3995 2362 3995 2363 3995 2363 3996 2362 3996 2359 3996 2364 3997 2362 3997 2361 3997 2365 3998 2366 3998 2367 3998 2367 3999 2366 3999 2364 3999 2368 4000 2369 4000 2365 4000 2365 4001 2369 4001 2366 4001 2370 4002 2369 4002 2368 4002 2279 4003 2245 4003 2244 4003 2279 4004 2244 4004 2243 4004 2279 4005 2243 4005 2371 4005 2371 4006 2243 4006 2242 4006 2371 4007 2242 4007 2372 4007 2372 4008 2242 4008 2241 4008 2372 4009 2241 4009 2373 4009 2240 4010 2373 4010 2241 4010 2373 4011 2240 4011 2374 4011 2374 4012 2240 4012 2239 4012 2374 4013 2239 4013 2375 4013 2375 4014 2239 4014 2238 4014 2238 4015 2210 4015 2375 4015 2375 4016 2210 4016 2376 4016 2209 4017 2376 4017 2210 4017 2252 4018 2250 4018 2377 4018 2377 4019 2250 4019 2280 4019 2280 4020 2250 4020 2246 4020 2370 4021 2368 4021 2247 4021 2370 4022 2247 4022 2254 4022 2370 4023 2254 4023 2377 4023 2377 4024 2254 4024 2252 4024 2365 4025 2248 4025 2368 4025 2368 4026 2248 4026 2247 4026 2364 4027 2361 4027 2367 4027 2367 4028 2361 4028 2234 4028 2367 4029 2234 4029 2232 4029 2367 4030 2232 4030 2365 4030 2365 4031 2232 4031 2248 4031 2363 4032 2207 4032 2234 4032 2363 4033 2234 4033 2361 4033 2359 4034 2356 4034 2363 4034 2363 4035 2356 4035 2206 4035 2363 4036 2206 4036 2207 4036 2278 4037 2203 4037 2356 4037 2203 4038 2206 4038 2356 4038 2378 4039 2198 4039 2379 4039 2379 4040 2198 4040 2201 4040 2379 4041 2201 4041 2278 4041 2278 4042 2201 4042 2202 4042 2195 4043 2199 4043 2380 4043 2380 4044 2199 4044 2378 4044 2378 4045 2199 4045 2198 4045 2381 4046 2196 4046 2380 4046 2380 4047 2196 4047 2195 4047 2381 4048 2191 4048 2196 4048 2193 4049 2191 4049 2382 4049 2192 4050 2193 4050 2383 4050 644 4051 2192 4051 2384 4051 2385 4052 643 4052 655 4052 2385 4053 655 4053 644 4053 643 4054 2385 4054 2386 4054 643 4055 2386 4055 638 4055 2387 4056 639 4056 2386 4056 2386 4057 639 4057 638 4057 639 4058 2387 4058 640 4058 640 4059 2387 4059 2388 4059 640 4060 2388 4060 662 4060 2389 4061 650 4061 662 4061 662 4062 2388 4062 2390 4062 662 4063 2390 4063 2389 4063 651 4064 650 4064 2389 4064 2391 4065 2392 4065 2393 4065 2393 4066 2392 4066 653 4066 661 4067 654 4067 2392 4067 2392 4068 654 4068 653 4068 661 4069 2394 4069 659 4069 659 4070 2394 4070 2395 4070 659 4071 2395 4071 660 4071 660 4072 2395 4072 2396 4072 660 4073 2396 4073 623 4073 623 4074 2396 4074 2397 4074 623 4075 2397 4075 621 4075 621 4076 2397 4076 619 4076 619 4077 2397 4077 2398 4077 619 4078 2398 4078 635 4078 657 4079 635 4079 2399 4079 604 4080 2400 4080 602 4080 2328 4081 2327 4081 2324 4081 2328 4082 2324 4082 2326 4082 2303 4083 2304 4083 2305 4083 2305 4084 2304 4084 2321 4084 2304 4085 2401 4085 2321 4085 2321 4086 2401 4086 2322 4086 2321 4087 2322 4087 2319 4087 2326 4088 2323 4088 2402 4088 2402 4089 2323 4089 2322 4089 2402 4090 2322 4090 2403 4090 2403 4091 2322 4091 2401 4091 2403 4092 2401 4092 2302 4092 2302 4093 2401 4093 2304 4093 2302 4094 2304 4094 2300 4094 2302 4095 2298 4095 2299 4095 2302 4096 2299 4096 2403 4096 2403 4097 2299 4097 2404 4097 2403 4098 2404 4098 2402 4098 2402 4099 2404 4099 2405 4099 2402 4100 2405 4100 2326 4100 2326 4101 2405 4101 2406 4101 2326 4102 2406 4102 2328 4102 2328 4103 2406 4103 2407 4103 2328 4104 2407 4104 2283 4104 2283 4105 2407 4105 2408 4105 2283 4106 2408 4106 2331 4106 2331 4107 2408 4107 2409 4107 2331 4108 2409 4108 2332 4108 2332 4109 2409 4109 2410 4109 2332 4110 2410 4110 2336 4110 2411 4111 2412 4111 2413 4111 2414 4112 2415 4112 2416 4112 2416 4113 2415 4113 2417 4113 2416 4114 2417 4114 2418 4114 2418 4115 2417 4115 2419 4115 2412 4116 2411 4116 2420 4116 2421 4117 2422 4117 2411 4117 2411 4118 2422 4118 2420 4118 2299 4119 2423 4119 2404 4119 2404 4120 2423 4120 2424 4120 2404 4121 2424 4121 2405 4121 2405 4122 2424 4122 2425 4122 2405 4123 2425 4123 2406 4123 2406 4124 2425 4124 2426 4124 2406 4125 2426 4125 2407 4125 2407 4126 2426 4126 2408 4126 2410 4127 2335 4127 2336 4127 2427 4128 2428 4128 2429 4128 2429 4129 2428 4129 2430 4129 2429 4130 2430 4130 2431 4130 2427 4131 2432 4131 2428 4131 2428 4132 2432 4132 2399 4132 2428 4133 2399 4133 2398 4133 2398 4134 2399 4134 635 4134 604 4135 657 4135 2399 4135 604 4136 2399 4136 2400 4136 2400 4137 2399 4137 2432 4137 2400 4138 2432 4138 2433 4138 2433 4139 2432 4139 2427 4139 2433 4140 2427 4140 2434 4140 2434 4141 2427 4141 2429 4141 2434 4142 2429 4142 2435 4142 2435 4143 2429 4143 2431 4143 2435 4144 2431 4144 2436 4144 590 4145 602 4145 2285 4145 2285 4146 602 4146 2400 4146 2285 4147 2400 4147 2286 4147 2286 4148 2400 4148 2433 4148 2286 4149 2433 4149 2289 4149 2289 4150 2433 4150 2434 4150 2289 4151 2434 4151 2291 4151 2291 4152 2434 4152 2435 4152 2291 4153 2435 4153 2292 4153 2292 4154 2435 4154 2436 4154 2292 4155 2436 4155 2293 4155 2382 4156 2191 4156 2381 4156 2382 4157 2381 4157 2437 4157 2383 4158 2193 4158 2382 4158 2383 4159 2382 4159 2437 4159 2338 4160 2333 4160 2335 4160 2335 4161 2410 4161 2438 4161 2438 4162 2410 4162 2409 4162 2409 4163 2408 4163 2439 4163 2439 4164 2408 4164 2426 4164 2439 4165 2426 4165 2440 4165 2440 4166 2426 4166 2425 4166 2440 4167 2425 4167 2441 4167 2441 4168 2425 4168 2424 4168 2441 4169 2424 4169 2442 4169 2442 4170 2424 4170 2423 4170 2384 4171 2192 4171 2383 4171 2384 4172 2383 4172 2386 4172 2386 4173 2383 4173 2437 4173 2386 4174 2437 4174 2443 4174 2443 4175 2437 4175 2444 4175 2443 4176 2444 4176 2445 4176 2385 4177 644 4177 2384 4177 2385 4178 2384 4178 2386 4178 2387 4179 2386 4179 2443 4179 2387 4180 2443 4180 2388 4180 2388 4181 2443 4181 2445 4181 2388 4182 2445 4182 2390 4182 2446 4183 2276 4183 2391 4183 2391 4184 2276 4184 2447 4184 2391 4185 2447 4185 2392 4185 2392 4186 2447 4186 2394 4186 2392 4187 2394 4187 661 4187 2276 4188 2275 4188 2448 4188 2448 4189 2275 4189 2438 4189 2448 4190 2438 4190 2414 4190 2414 4191 2438 4191 2449 4191 2414 4192 2449 4192 2415 4192 2415 4193 2449 4193 2417 4193 2352 4194 2348 4194 2347 4194 2352 4195 2347 4195 2450 4195 2450 4196 2347 4196 2350 4196 2450 4197 2350 4197 2451 4197 2451 4198 2350 4198 2452 4198 2451 4199 2452 4199 2453 4199 2453 4200 2452 4200 2454 4200 2453 4201 2454 4201 2455 4201 2455 4202 2454 4202 2456 4202 2455 4203 2456 4203 2446 4203 653 4204 651 4204 2393 4204 2393 4205 651 4205 2389 4205 2393 4206 2389 4206 2391 4206 2391 4207 2389 4207 2390 4207 2391 4208 2390 4208 2446 4208 2446 4209 2390 4209 2445 4209 2446 4210 2445 4210 2455 4210 2455 4211 2445 4211 2444 4211 2455 4212 2444 4212 2453 4212 2453 4213 2444 4213 2437 4213 2453 4214 2437 4214 2451 4214 2451 4215 2437 4215 2381 4215 2451 4216 2381 4216 2450 4216 2450 4217 2381 4217 2380 4217 2450 4218 2380 4218 2352 4218 2352 4219 2380 4219 2378 4219 2352 4220 2378 4220 2354 4220 2354 4221 2378 4221 2379 4221 2354 4222 2379 4222 2355 4222 2355 4223 2379 4223 2278 4223 2355 4224 2278 4224 2358 4224 2346 4225 2339 4225 2345 4225 2345 4226 2339 4226 2341 4226 2345 4227 2341 4227 2457 4227 2457 4228 2341 4228 2458 4228 2457 4229 2458 4229 2456 4229 2456 4230 2458 4230 2338 4230 2456 4231 2338 4231 2277 4231 2277 4232 2338 4232 2275 4232 2449 4233 2439 4233 2417 4233 2417 4234 2439 4234 2421 4234 2417 4235 2421 4235 2419 4235 2419 4236 2421 4236 2411 4236 2419 4237 2411 4237 2413 4237 2419 4238 2413 4238 2418 4238 2442 4239 2422 4239 2441 4239 2441 4240 2422 4240 2421 4240 2441 4241 2421 4241 2440 4241 2440 4242 2421 4242 2439 4242 2439 4243 2449 4243 2409 4243 2409 4244 2449 4244 2438 4244 2438 4245 2275 4245 2335 4245 2335 4246 2275 4246 2338 4246 2338 4247 2458 4247 2342 4247 2342 4248 2458 4248 2341 4248 2299 4249 2296 4249 2293 4249 2299 4250 2293 4250 2423 4250 2423 4251 2293 4251 2436 4251 2423 4252 2436 4252 2442 4252 2442 4253 2436 4253 2431 4253 2442 4254 2431 4254 2422 4254 2422 4255 2431 4255 2430 4255 2422 4256 2430 4256 2428 4256 2422 4257 2428 4257 2420 4257 2420 4258 2428 4258 2398 4258 2420 4259 2398 4259 2412 4259 2412 4260 2398 4260 2397 4260 2412 4261 2397 4261 2413 4261 2413 4262 2397 4262 2396 4262 2413 4263 2396 4263 2418 4263 2418 4264 2396 4264 2395 4264 2418 4265 2395 4265 2416 4265 2416 4266 2395 4266 2394 4266 2416 4267 2394 4267 2414 4267 2414 4268 2394 4268 2447 4268 2414 4269 2447 4269 2448 4269 2448 4270 2447 4270 2276 4270 2276 4271 2446 4271 2277 4271 2277 4272 2446 4272 2456 4272 2456 4273 2454 4273 2457 4273 2457 4274 2454 4274 2452 4274 2457 4275 2452 4275 2345 4275 2345 4276 2452 4276 2350 4276 2345 4277 2350 4277 2343 4277 2459 4278 2460 4278 2461 4278 2316 4279 2462 4279 2314 4279 2306 4280 2308 4280 2303 4280 2296 4281 2298 4281 2301 4281 2295 4282 2294 4282 2297 4282 2287 4283 2463 4283 2284 4283 2284 4284 2463 4284 2464 4284 2463 4285 2287 4285 2465 4285 2465 4286 2287 4286 2466 4286 2467 4287 2468 4287 2469 4287 2470 4288 2471 4288 2472 4288 2473 4289 2470 4289 2474 4289 2473 4290 2474 4290 2475 4290 2476 4291 2475 4291 2474 4291 2477 4292 2478 4292 2479 4292 2479 4293 2480 4293 2477 4293 2481 4294 2480 4294 2482 4294 2314 4295 2462 4295 2461 4295 2314 4296 2461 4296 2483 4296 2314 4297 2483 4297 2312 4297 2312 4298 2483 4298 2484 4298 2312 4299 2484 4299 2311 4299 2311 4300 2484 4300 2308 4300 2461 4301 2460 4301 2485 4301 2461 4302 2485 4302 2483 4302 2483 4303 2485 4303 2486 4303 2483 4304 2486 4304 2484 4304 2484 4305 2486 4305 2487 4305 2484 4306 2487 4306 2488 4306 2484 4307 2488 4307 2489 4307 2462 4308 2459 4308 2461 4308 2308 4309 2484 4309 2489 4309 2308 4310 2489 4310 2303 4310 2303 4311 2489 4311 2490 4311 2303 4312 2490 4312 2300 4312 2300 4313 2490 4313 2491 4313 2300 4314 2491 4314 2301 4314 2301 4315 2491 4315 2492 4315 2301 4316 2492 4316 2296 4316 2296 4317 2492 4317 2472 4317 2296 4318 2472 4318 2297 4318 2288 4319 2290 4319 2466 4319 2288 4320 2466 4320 2287 4320 588 4321 2284 4321 2464 4321 2493 4322 2494 4322 2495 4322 2494 4323 2496 4323 2497 4323 2486 4324 2496 4324 2498 4324 2486 4325 2498 4325 2487 4325 2487 4326 2498 4326 2488 4326 2488 4327 2498 4327 2479 4327 2488 4328 2479 4328 2499 4328 2500 4329 2472 4329 2501 4329 2471 4330 2501 4330 2472 4330 2470 4331 2472 4331 2492 4331 2470 4332 2492 4332 2474 4332 2478 4333 2476 4333 2499 4333 2478 4334 2499 4334 2479 4334 2480 4335 2479 4335 2498 4335 2480 4336 2498 4336 2482 4336 2482 4337 2498 4337 2493 4337 2493 4338 2498 4338 2496 4338 2493 4339 2496 4339 2494 4339 2469 4340 2466 4340 2290 4340 2469 4341 2290 4341 2467 4341 2467 4342 2290 4342 2295 4342 2467 4343 2295 4343 2500 4343 2500 4344 2295 4344 2297 4344 2500 4345 2297 4345 2472 4345 2474 4346 2492 4346 2491 4346 2474 4347 2491 4347 2476 4347 2476 4348 2491 4348 2490 4348 2476 4349 2490 4349 2499 4349 2499 4350 2490 4350 2489 4350 2499 4351 2489 4351 2488 4351 2496 4352 2486 4352 2485 4352 2496 4353 2485 4353 2497 4353 2497 4354 2485 4354 2460 4354 2502 4355 2503 4355 686 4355 2504 4356 2503 4356 2502 4356 2505 4357 2506 4357 2507 4357 2508 4358 2509 4358 2510 4358 2511 4359 2512 4359 2513 4359 2514 4360 2515 4360 2516 4360 2516 4361 2515 4361 2517 4361 2516 4362 2517 4362 2518 4362 2519 4363 2520 4363 2518 4363 2519 4364 2518 4364 2517 4364 2521 4365 2522 4365 2519 4365 2519 4366 2522 4366 2520 4366 2523 4367 2524 4367 2521 4367 2521 4368 2524 4368 2522 4368 2523 4369 2525 4369 2524 4369 2526 4370 2527 4370 2528 4370 2528 4371 2527 4371 2529 4371 2529 4372 2527 4372 2530 4372 2531 4373 2493 4373 2526 4373 2526 4374 2493 4374 2495 4374 2526 4375 2528 4375 2531 4375 2531 4376 2528 4376 2532 4376 2531 4377 2532 4377 2493 4377 2481 4378 2482 4378 2532 4378 2532 4379 2482 4379 2493 4379 2480 4380 2481 4380 2533 4380 2475 4381 2476 4381 2534 4381 2470 4382 2473 4382 2535 4382 2535 4383 2473 4383 2475 4383 2536 4384 2500 4384 2501 4384 2467 4385 2500 4385 2536 4385 2469 4386 2468 4386 2537 4386 2538 4387 2466 4387 2469 4387 2539 4388 2463 4388 2465 4388 2540 4389 2464 4389 2463 4389 588 4390 2464 4390 656 4390 656 4391 2464 4391 2540 4391 656 4392 2540 4392 618 4392 618 4393 2540 4393 2541 4393 618 4394 2541 4394 616 4394 2542 4395 614 4395 2541 4395 2541 4396 614 4396 616 4396 2543 4397 612 4397 648 4397 2543 4398 648 4398 2542 4398 2542 4399 648 4399 614 4399 612 4400 2543 4400 613 4400 613 4401 2543 4401 2544 4401 2545 4402 610 4402 2544 4402 2544 4403 610 4403 613 4403 610 4404 2545 4404 608 4404 608 4405 2545 4405 2546 4405 608 4406 2546 4406 599 4406 564 4407 600 4407 2547 4407 2547 4408 600 4408 2546 4408 2546 4409 600 4409 599 4409 2548 4410 560 4410 562 4410 2549 4411 567 4411 574 4411 568 4412 567 4412 2550 4412 2551 4413 554 4413 587 4413 379 4414 554 4414 683 4414 683 4415 554 4415 2551 4415 683 4416 2551 4416 684 4416 684 4417 2551 4417 2552 4417 2553 4418 702 4418 2552 4418 2552 4419 702 4419 684 4419 681 4420 702 4420 2553 4420 2554 4421 680 4421 682 4421 2554 4422 682 4422 2555 4422 2555 4423 682 4423 2553 4423 2553 4424 682 4424 681 4424 2556 4425 679 4425 2554 4425 2554 4426 679 4426 680 4426 679 4427 2556 4427 677 4427 677 4428 2556 4428 2557 4428 677 4429 2557 4429 675 4429 673 4430 676 4430 2558 4430 676 4431 675 4431 2557 4431 700 4432 672 4432 2559 4432 669 4433 700 4433 2560 4433 2561 4434 670 4434 669 4434 2562 4435 667 4435 666 4435 2562 4436 666 4436 670 4436 2563 4437 2521 4437 2564 4437 2564 4438 2521 4438 2519 4438 2564 4439 2519 4439 2565 4439 2565 4440 2519 4440 2517 4440 2565 4441 2517 4441 2566 4441 2566 4442 2517 4442 2515 4442 2533 4443 2481 4443 2532 4443 2533 4444 2532 4444 2567 4444 2567 4445 2532 4445 2528 4445 2567 4446 2528 4446 2568 4446 2568 4447 2528 4447 2529 4447 2568 4448 2529 4448 2569 4448 2569 4449 2570 4449 2568 4449 2568 4450 2570 4450 2571 4450 2568 4451 2571 4451 2567 4451 2567 4452 2571 4452 2572 4452 2567 4453 2572 4453 2533 4453 2533 4454 2572 4454 2573 4454 2533 4455 2573 4455 2480 4455 2480 4456 2573 4456 2477 4456 2478 4457 2477 4457 2574 4457 2574 4458 2477 4458 2573 4458 2574 4459 2573 4459 2575 4459 2575 4460 2573 4460 2572 4460 2575 4461 2572 4461 2576 4461 2576 4462 2572 4462 2571 4462 2576 4463 2571 4463 2577 4463 2577 4464 2571 4464 2570 4464 2530 4465 2525 4465 2529 4465 2529 4466 2525 4466 2523 4466 2529 4467 2523 4467 2569 4467 2569 4468 2523 4468 2521 4468 2569 4469 2521 4469 2570 4469 2570 4470 2521 4470 2563 4470 2570 4471 2563 4471 2577 4471 2577 4472 2563 4472 2578 4472 2577 4473 2578 4473 2576 4473 2576 4474 2578 4474 2579 4474 2576 4475 2579 4475 2575 4475 2575 4476 2579 4476 2580 4476 2575 4477 2580 4477 2574 4477 2574 4478 2580 4478 2534 4478 2574 4479 2534 4479 2478 4479 2478 4480 2534 4480 2476 4480 2535 4481 2475 4481 2534 4481 2535 4482 2534 4482 2581 4482 2581 4483 2534 4483 2580 4483 2581 4484 2580 4484 2582 4484 2582 4485 2580 4485 2579 4485 2582 4486 2579 4486 2583 4486 2583 4487 2579 4487 2578 4487 2583 4488 2578 4488 2584 4488 2584 4489 2578 4489 2563 4489 2584 4490 2563 4490 2585 4490 2585 4491 2563 4491 2564 4491 2585 4492 2564 4492 2586 4492 2586 4493 2564 4493 2565 4493 2586 4494 2565 4494 2587 4494 2587 4495 2565 4495 2566 4495 2588 4496 2589 4496 2590 4496 2591 4497 2592 4497 2593 4497 2594 4498 2595 4498 2596 4498 2588 4499 2590 4499 2597 4499 2597 4500 2590 4500 2598 4500 2597 4501 2598 4501 2599 4501 2599 4502 2598 4502 2600 4502 2599 4503 2600 4503 2601 4503 2601 4504 2600 4504 2602 4504 2601 4505 2602 4505 2603 4505 2603 4506 2602 4506 2604 4506 2603 4507 2604 4507 2605 4507 2605 4508 2604 4508 2606 4508 2605 4509 2606 4509 2607 4509 2607 4510 2606 4510 2536 4510 2607 4511 2536 4511 2608 4511 2608 4512 2536 4512 2501 4512 2608 4513 2501 4513 2471 4513 2467 4514 2536 4514 2609 4514 2609 4515 2536 4515 2606 4515 2609 4516 2606 4516 2610 4516 2610 4517 2606 4517 2604 4517 2610 4518 2604 4518 2611 4518 2611 4519 2604 4519 2602 4519 2611 4520 2602 4520 2612 4520 2612 4521 2602 4521 2600 4521 2612 4522 2600 4522 2613 4522 2613 4523 2600 4523 2598 4523 2613 4524 2598 4524 2614 4524 2614 4525 2598 4525 2590 4525 2614 4526 2590 4526 2615 4526 2615 4527 2590 4527 2589 4527 2615 4528 2589 4528 2591 4528 2591 4529 2593 4529 2615 4529 2615 4530 2593 4530 2616 4530 2615 4531 2616 4531 2614 4531 2614 4532 2616 4532 2617 4532 2614 4533 2617 4533 2613 4533 2613 4534 2617 4534 2618 4534 2613 4535 2618 4535 2612 4535 2612 4536 2618 4536 2619 4536 2612 4537 2619 4537 2611 4537 2611 4538 2619 4538 2620 4538 2611 4539 2620 4539 2610 4539 2610 4540 2620 4540 2537 4540 2610 4541 2537 4541 2609 4541 2609 4542 2537 4542 2468 4542 2609 4543 2468 4543 2467 4543 2469 4544 2537 4544 2538 4544 2538 4545 2537 4545 2620 4545 2538 4546 2620 4546 2621 4546 2621 4547 2620 4547 2619 4547 2621 4548 2619 4548 2622 4548 2622 4549 2619 4549 2618 4549 2622 4550 2618 4550 2623 4550 2623 4551 2618 4551 2617 4551 2623 4552 2617 4552 2624 4552 2624 4553 2617 4553 2616 4553 2624 4554 2616 4554 2625 4554 2625 4555 2616 4555 2593 4555 2625 4556 2593 4556 2626 4556 2626 4557 2593 4557 2592 4557 2626 4558 2592 4558 2594 4558 2594 4559 2596 4559 2626 4559 2626 4560 2596 4560 2627 4560 2626 4561 2627 4561 2625 4561 2625 4562 2627 4562 2628 4562 2625 4563 2628 4563 2624 4563 2624 4564 2628 4564 2629 4564 2624 4565 2629 4565 2623 4565 2623 4566 2629 4566 2630 4566 2623 4567 2630 4567 2622 4567 2622 4568 2630 4568 2631 4568 2622 4569 2631 4569 2621 4569 2621 4570 2631 4570 2539 4570 2621 4571 2539 4571 2538 4571 2538 4572 2539 4572 2465 4572 2538 4573 2465 4573 2466 4573 2463 4574 2539 4574 2540 4574 2540 4575 2539 4575 2631 4575 2540 4576 2631 4576 2541 4576 2541 4577 2631 4577 2630 4577 2541 4578 2630 4578 2542 4578 2542 4579 2630 4579 2629 4579 2542 4580 2629 4580 2543 4580 2543 4581 2629 4581 2628 4581 2543 4582 2628 4582 2544 4582 2544 4583 2628 4583 2627 4583 2544 4584 2627 4584 2545 4584 2545 4585 2627 4585 2596 4585 2545 4586 2596 4586 2546 4586 2546 4587 2596 4587 2595 4587 2546 4588 2595 4588 2547 4588 2558 4589 676 4589 2557 4589 2558 4590 2557 4590 2632 4590 2632 4591 2557 4591 2556 4591 2632 4592 2556 4592 2633 4592 2633 4593 2556 4593 2554 4593 2633 4594 2554 4594 2634 4594 2634 4595 2554 4595 2555 4595 2634 4596 2555 4596 2635 4596 2635 4597 2555 4597 2553 4597 2635 4598 2553 4598 2636 4598 2636 4599 2553 4599 2552 4599 2636 4600 2552 4600 2637 4600 2637 4601 2552 4601 2551 4601 2637 4602 2551 4602 2638 4602 2638 4603 2551 4603 587 4603 2638 4604 587 4604 570 4604 672 4605 671 4605 2559 4605 2559 4606 671 4606 2639 4606 2559 4607 2639 4607 2640 4607 2640 4608 2639 4608 2641 4608 2640 4609 2641 4609 2642 4609 2642 4610 2641 4610 2643 4610 2642 4611 2643 4611 2644 4611 2644 4612 2643 4612 2645 4612 2644 4613 2645 4613 2646 4613 2646 4614 2645 4614 2647 4614 2646 4615 2647 4615 2648 4615 2648 4616 2647 4616 2649 4616 2648 4617 2649 4617 2650 4617 2650 4618 2649 4618 2651 4618 2650 4619 2651 4619 2652 4619 2652 4620 2651 4620 2653 4620 2652 4621 2653 4621 2654 4621 2654 4622 2653 4622 2550 4622 2654 4623 2550 4623 2549 4623 2549 4624 2550 4624 567 4624 671 4625 673 4625 2639 4625 2639 4626 673 4626 2558 4626 2639 4627 2558 4627 2641 4627 2641 4628 2558 4628 2632 4628 2641 4629 2632 4629 2643 4629 2643 4630 2632 4630 2633 4630 2643 4631 2633 4631 2645 4631 2645 4632 2633 4632 2634 4632 2645 4633 2634 4633 2647 4633 2647 4634 2634 4634 2635 4634 2647 4635 2635 4635 2649 4635 2649 4636 2635 4636 2636 4636 2649 4637 2636 4637 2651 4637 2651 4638 2636 4638 2637 4638 2651 4639 2637 4639 2653 4639 2653 4640 2637 4640 2638 4640 2653 4641 2638 4641 2550 4641 2550 4642 2638 4642 570 4642 2550 4643 570 4643 568 4643 2655 4644 2656 4644 2657 4644 2657 4645 2656 4645 2507 4645 2657 4646 2507 4646 2658 4646 2658 4647 2507 4647 2506 4647 2658 4648 2506 4648 2504 4648 2504 4649 2502 4649 2658 4649 2658 4650 2502 4650 2659 4650 2658 4651 2659 4651 2657 4651 2657 4652 2659 4652 2660 4652 2657 4653 2660 4653 2655 4653 2661 4654 2662 4654 2655 4654 2655 4655 2662 4655 2508 4655 2655 4656 2508 4656 2656 4656 2656 4657 2508 4657 2510 4657 2656 4658 2510 4658 2507 4658 2507 4659 2510 4659 2505 4659 686 4660 667 4660 2502 4660 2502 4661 667 4661 2562 4661 2502 4662 2562 4662 2659 4662 2659 4663 2562 4663 2663 4663 2659 4664 2663 4664 2660 4664 2660 4665 2663 4665 2664 4665 2660 4666 2664 4666 2655 4666 2655 4667 2664 4667 2665 4667 2655 4668 2665 4668 2661 4668 2561 4669 669 4669 2560 4669 2561 4670 2560 4670 2666 4670 2666 4671 2560 4671 2667 4671 2666 4672 2667 4672 2668 4672 2668 4673 2667 4673 2669 4673 2668 4674 2669 4674 2670 4674 2670 4675 2669 4675 2671 4675 2670 4676 2671 4676 2672 4676 2672 4677 2671 4677 2673 4677 2672 4678 2673 4678 2674 4678 2674 4679 2673 4679 2675 4679 2674 4680 2675 4680 2676 4680 2676 4681 2675 4681 2677 4681 2676 4682 2677 4682 2678 4682 2678 4683 2677 4683 2679 4683 2678 4684 2679 4684 2680 4684 2680 4685 2679 4685 2681 4685 2680 4686 2681 4686 2682 4686 2682 4687 2681 4687 2683 4687 2682 4688 2683 4688 2684 4688 2684 4689 2683 4689 2685 4689 2684 4690 2685 4690 2548 4690 2548 4691 2685 4691 572 4691 2548 4692 572 4692 560 4692 2562 4693 670 4693 2561 4693 2562 4694 2561 4694 2663 4694 2663 4695 2561 4695 2666 4695 2663 4696 2666 4696 2664 4696 2664 4697 2666 4697 2668 4697 2664 4698 2668 4698 2665 4698 2665 4699 2668 4699 2670 4699 2665 4700 2670 4700 2661 4700 2661 4701 2670 4701 2672 4701 2661 4702 2672 4702 2686 4702 2686 4703 2672 4703 2674 4703 2686 4704 2674 4704 2687 4704 2687 4705 2674 4705 2676 4705 2687 4706 2676 4706 2688 4706 2688 4707 2676 4707 2678 4707 2688 4708 2678 4708 2689 4708 2689 4709 2678 4709 2680 4709 2689 4710 2680 4710 2690 4710 2690 4711 2680 4711 2682 4711 2690 4712 2682 4712 2691 4712 2691 4713 2682 4713 2684 4713 2691 4714 2684 4714 2692 4714 2692 4715 2684 4715 2548 4715 2692 4716 2548 4716 2693 4716 2693 4717 2548 4717 562 4717 2693 4718 562 4718 564 4718 2694 4719 2470 4719 2535 4719 2694 4720 2535 4720 2695 4720 2695 4721 2535 4721 2581 4721 2695 4722 2581 4722 2696 4722 2696 4723 2581 4723 2582 4723 2696 4724 2582 4724 2697 4724 2697 4725 2582 4725 2583 4725 2697 4726 2583 4726 2698 4726 2698 4727 2583 4727 2584 4727 2698 4728 2584 4728 2699 4728 2699 4729 2584 4729 2585 4729 2699 4730 2585 4730 2700 4730 2700 4731 2585 4731 2586 4731 2700 4732 2586 4732 2701 4732 2701 4733 2586 4733 2587 4733 2701 4734 2587 4734 2702 4734 2702 4735 2587 4735 2566 4735 2702 4736 2566 4736 2703 4736 2703 4737 2566 4737 2515 4737 2703 4738 2515 4738 2511 4738 2511 4739 2515 4739 2514 4739 2511 4740 2514 4740 2512 4740 2560 4741 700 4741 2559 4741 2560 4742 2559 4742 2667 4742 2667 4743 2559 4743 2640 4743 2667 4744 2640 4744 2669 4744 2669 4745 2640 4745 2642 4745 2669 4746 2642 4746 2671 4746 2671 4747 2642 4747 2644 4747 2671 4748 2644 4748 2673 4748 2673 4749 2644 4749 2646 4749 2673 4750 2646 4750 2675 4750 2675 4751 2646 4751 2648 4751 2675 4752 2648 4752 2677 4752 2677 4753 2648 4753 2650 4753 2677 4754 2650 4754 2679 4754 2679 4755 2650 4755 2652 4755 2679 4756 2652 4756 2681 4756 2681 4757 2652 4757 2654 4757 2681 4758 2654 4758 2683 4758 2683 4759 2654 4759 2549 4759 2683 4760 2549 4760 2685 4760 2685 4761 2549 4761 574 4761 2685 4762 574 4762 572 4762 564 4763 2547 4763 2693 4763 2693 4764 2547 4764 2595 4764 2693 4765 2595 4765 2692 4765 2692 4766 2595 4766 2594 4766 2692 4767 2594 4767 2691 4767 2691 4768 2594 4768 2592 4768 2691 4769 2592 4769 2690 4769 2690 4770 2592 4770 2591 4770 2690 4771 2591 4771 2689 4771 2689 4772 2591 4772 2589 4772 2689 4773 2589 4773 2688 4773 2688 4774 2589 4774 2588 4774 2688 4775 2588 4775 2687 4775 2687 4776 2588 4776 2704 4776 2687 4777 2704 4777 2686 4777 2686 4778 2704 4778 2705 4778 2686 4779 2705 4779 2661 4779 2661 4780 2705 4780 2706 4780 2661 4781 2706 4781 2662 4781 2662 4782 2706 4782 2707 4782 2662 4783 2707 4783 2508 4783 2508 4784 2707 4784 2708 4784 2508 4785 2708 4785 2509 4785 2471 4786 2470 4786 2608 4786 2608 4787 2470 4787 2694 4787 2608 4788 2694 4788 2607 4788 2607 4789 2694 4789 2695 4789 2607 4790 2695 4790 2605 4790 2605 4791 2695 4791 2696 4791 2605 4792 2696 4792 2603 4792 2603 4793 2696 4793 2697 4793 2603 4794 2697 4794 2601 4794 2601 4795 2697 4795 2698 4795 2601 4796 2698 4796 2599 4796 2599 4797 2698 4797 2699 4797 2599 4798 2699 4798 2597 4798 2597 4799 2699 4799 2700 4799 2597 4800 2700 4800 2588 4800 2588 4801 2700 4801 2701 4801 2588 4802 2701 4802 2704 4802 2704 4803 2701 4803 2702 4803 2704 4804 2702 4804 2705 4804 2705 4805 2702 4805 2703 4805 2705 4806 2703 4806 2706 4806 2706 4807 2703 4807 2511 4807 2706 4808 2511 4808 2707 4808 2707 4809 2511 4809 2513 4809 2707 4810 2513 4810 2708 4810 2709 4811 2710 4811 563 4811 563 4812 2710 4812 2711 4812 563 4813 2711 4813 601 4813 601 4814 2711 4814 2712 4814 601 4815 2712 4815 609 4815 609 4816 2712 4816 2713 4816 609 4817 2713 4817 611 4817 611 4818 2713 4818 2714 4818 611 4819 2714 4819 615 4819 615 4820 2714 4820 2715 4820 615 4821 2715 4821 617 4821 617 4822 2715 4822 2716 4822 617 4823 2716 4823 589 4823 589 4824 2716 4824 2717 4824 589 4825 2717 4825 603 4825 603 4826 2717 4826 2718 4826 603 4827 2718 4827 636 4827 636 4828 2718 4828 2719 4828 636 4829 2719 4829 620 4829 620 4830 2719 4830 2720 4830 620 4831 2720 4831 622 4831 622 4832 2720 4832 2721 4832 622 4833 2721 4833 658 4833 658 4834 2721 4834 2722 4834 658 4835 2722 4835 652 4835 652 4836 2722 4836 2723 4836 652 4837 2723 4837 649 4837 649 4837 2723 4837 2724 4837 649 4838 2724 4838 641 4838 641 4838 2724 4838 2725 4838 641 4839 2725 4839 637 4839 637 4840 2725 4840 2726 4840 637 4841 2726 4841 642 4841 642 4841 2726 4841 2727 4841 642 4842 2727 4842 625 4842 625 4843 2727 4843 2728 4843 625 4844 2728 4844 627 4844 627 4845 2728 4845 2729 4845 627 4846 2729 4846 628 4846 628 4847 2729 4847 2730 4847 628 4848 2730 4848 592 4848 592 4849 2730 4849 2731 4849 592 4850 2731 4850 559 4850 559 4850 2731 4850 2732 4850 559 4851 2732 4851 594 4851 594 4851 2732 4851 2733 4851 594 4852 2733 4852 575 4852 575 4852 2733 4852 2734 4852 575 4853 2734 4853 596 4853 596 4853 2734 4853 2735 4853 596 4854 2735 4854 584 4854 584 4855 2735 4855 2736 4855 584 4856 2736 4856 646 4856 646 4857 2736 4857 2737 4857 646 4858 2737 4858 607 4858 607 4859 2737 4859 2738 4859 607 4860 2738 4860 634 4860 634 4861 2738 4861 2739 4861 634 4862 2739 4862 566 4862 566 4862 2739 4862 2740 4862 566 4863 2740 4863 565 4863 565 4864 2740 4864 2741 4864 565 4865 2741 4865 555 4865 555 4865 2741 4865 2742 4865 555 4866 2742 4866 556 4866 556 4866 2742 4866 2743 4866 556 4867 2743 4867 581 4867 581 4868 2743 4868 2744 4868 581 4869 2744 4869 580 4869 580 4870 2744 4870 2745 4870 580 4871 2745 4871 579 4871 579 4872 2745 4872 2746 4872 579 4873 2746 4873 578 4873 578 4874 2746 4874 2747 4874 578 4875 2747 4875 585 4875 585 4876 2747 4876 2748 4876 585 4877 2748 4877 586 4877 586 4878 2748 4878 2749 4878 586 4879 2749 4879 571 4879 571 4880 2749 4880 2750 4880 571 4881 2750 4881 569 4881 569 4882 2750 4882 2751 4882 569 4883 2751 4883 573 4883 573 4884 2751 4884 2752 4884 573 4885 2752 4885 561 4885 561 4886 2752 4886 2709 4886 561 4887 2709 4887 563 4887 2753 4888 2754 4888 2755 4888 2756 4889 2757 4889 2758 4889 2759 4890 2760 4890 2761 4890 2762 4891 2763 4891 2761 4891 2755 4892 2754 4892 2762 4892 2753 4893 2755 4893 2764 4893 2765 4894 2766 4894 2767 4894 2765 4895 2767 4895 2768 4895 2769 4896 2768 4896 2767 4896 2770 4897 2769 4897 2771 4897 2772 4898 2773 4898 2771 4898 2774 4899 2772 4899 2775 4899 2774 4900 2775 4900 2776 4900 2777 4901 2776 4901 2775 4901 2778 4902 2779 4902 2780 4902 2781 4903 2782 4903 2783 4903 2784 4904 2785 4904 2786 4904 2786 4905 2785 4905 2787 4905 2788 4906 2784 4906 2786 4906 2789 4907 2790 4907 2788 4907 2791 4908 2792 4908 2789 4908 686 4909 2793 4909 687 4909 687 4910 2793 4910 2794 4910 687 4911 2794 4911 663 4911 2795 4912 688 4912 664 4912 707 4913 354 4913 2796 4913 707 4914 2796 4914 704 4914 704 4915 2796 4915 2797 4915 704 4916 2797 4916 705 4916 705 4917 2797 4917 2798 4917 705 4918 2798 4918 709 4918 709 4919 2798 4919 2799 4919 709 4920 2799 4920 715 4920 715 4921 2799 4921 2800 4921 715 4922 2800 4922 711 4922 711 4923 2800 4923 2801 4923 711 4924 2801 4924 712 4924 712 4925 2801 4925 2802 4925 712 4926 2802 4926 716 4926 716 4927 2802 4927 2803 4927 716 4928 2803 4928 717 4928 717 4929 2803 4929 2804 4929 717 4930 2804 4930 726 4930 726 4931 2804 4931 2805 4931 726 4932 2805 4932 723 4932 723 4933 2805 4933 2806 4933 723 4934 2806 4934 724 4934 724 4935 2806 4935 2807 4935 724 4936 2807 4936 730 4936 730 4937 2807 4937 2808 4937 730 4938 2808 4938 728 4938 728 4939 2808 4939 2809 4939 728 4940 2809 4940 734 4940 734 4941 2809 4941 2810 4941 734 4942 2810 4942 731 4942 731 4943 2810 4943 2811 4943 731 4944 2811 4944 732 4944 732 4945 2811 4945 2812 4945 732 4946 2812 4946 737 4946 737 4947 2812 4947 2813 4947 737 4948 2813 4948 739 4948 739 4949 2813 4949 2814 4949 739 4950 2814 4950 740 4950 740 4951 2814 4951 2815 4951 740 4952 2815 4952 747 4952 747 4953 2815 4953 2816 4953 747 4954 2816 4954 745 4954 745 4955 2816 4955 2817 4955 745 4956 2817 4956 742 4956 742 4957 2817 4957 2818 4957 354 4958 688 4958 2796 4958 2796 4959 688 4959 2795 4959 2796 4960 2795 4960 2797 4960 2817 4961 2816 4961 2758 4961 2817 4962 2758 4962 2818 4962 2818 4963 2758 4963 2757 4963 2797 4964 2795 4964 2819 4964 2797 4965 2819 4965 2798 4965 2798 4966 2819 4966 2820 4966 2798 4967 2820 4967 2799 4967 2799 4968 2820 4968 2821 4968 2799 4969 2821 4969 2800 4969 2800 4970 2821 4970 2822 4970 2800 4971 2822 4971 2801 4971 2801 4972 2822 4972 2823 4972 2801 4973 2823 4973 2802 4973 2802 4974 2823 4974 2824 4974 2802 4975 2824 4975 2803 4975 2803 4976 2824 4976 2825 4976 2803 4977 2825 4977 2804 4977 2804 4978 2825 4978 2826 4978 2804 4979 2826 4979 2805 4979 2805 4980 2826 4980 2827 4980 2805 4981 2827 4981 2806 4981 2806 4982 2827 4982 2828 4982 2806 4983 2828 4983 2807 4983 2807 4984 2828 4984 2829 4984 2807 4985 2829 4985 2808 4985 2808 4986 2829 4986 2830 4986 2808 4987 2830 4987 2809 4987 2809 4988 2830 4988 2831 4988 2809 4989 2831 4989 2810 4989 2810 4990 2831 4990 2832 4990 2810 4991 2832 4991 2811 4991 2811 4992 2832 4992 2767 4992 2811 4993 2767 4993 2812 4993 2812 4994 2767 4994 2833 4994 2812 4995 2833 4995 2813 4995 2813 4996 2833 4996 2834 4996 2813 4997 2834 4997 2814 4997 2814 4998 2834 4998 2835 4998 2814 4999 2835 4999 2815 4999 2815 5000 2835 5000 2836 5000 2815 5001 2836 5001 2816 5001 2816 5002 2836 5002 2837 5002 2816 5003 2837 5003 2758 5003 2758 5004 2837 5004 2838 5004 2758 5005 2838 5005 2756 5005 664 5006 663 5006 2795 5006 2795 5007 663 5007 2794 5007 2795 5008 2794 5008 2819 5008 2819 5009 2794 5009 2791 5009 2819 5010 2791 5010 2820 5010 2820 5011 2791 5011 2789 5011 2820 5012 2789 5012 2821 5012 2821 5013 2789 5013 2788 5013 2821 5014 2788 5014 2822 5014 2822 5015 2788 5015 2786 5015 2822 5016 2786 5016 2823 5016 2823 5017 2786 5017 2787 5017 2823 5018 2787 5018 2824 5018 2824 5019 2787 5019 2781 5019 2824 5020 2781 5020 2825 5020 2825 5021 2781 5021 2783 5021 2825 5022 2783 5022 2826 5022 2826 5023 2783 5023 2778 5023 2826 5024 2778 5024 2827 5024 2827 5025 2778 5025 2780 5025 2827 5026 2780 5026 2828 5026 2828 5027 2780 5027 2777 5027 2828 5028 2777 5028 2829 5028 2829 5029 2777 5029 2775 5029 2829 5030 2775 5030 2830 5030 2830 5031 2775 5031 2772 5031 2830 5032 2772 5032 2831 5032 2831 5033 2772 5033 2771 5033 2831 5034 2771 5034 2832 5034 2832 5035 2771 5035 2769 5035 2832 5036 2769 5036 2767 5036 2833 5037 2767 5037 2766 5037 2833 5038 2766 5038 2834 5038 2834 5039 2766 5039 2764 5039 2834 5040 2764 5040 2835 5040 2835 5041 2764 5041 2755 5041 2835 5042 2755 5042 2836 5042 2836 5043 2755 5043 2762 5043 2836 5044 2762 5044 2837 5044 2837 5045 2762 5045 2761 5045 2837 5046 2761 5046 2838 5046 2838 5047 2761 5047 2760 5047 2838 5048 2760 5048 2756 5048 2756 5049 2760 5049 1625 5049 2839 5050 2840 5050 2841 5050 2841 5051 2840 5051 2842 5051 2841 5052 2842 5052 2843 5052 2843 5053 2842 5053 2844 5053 2843 5054 2844 5054 2845 5054 2845 5055 2844 5055 743 5055 2845 5056 743 5056 742 5056 708 5057 997 5057 355 5057 1044 5058 997 5058 2846 5058 944 5059 1044 5059 2846 5059 2847 5060 945 5060 944 5060 2848 5061 972 5061 945 5061 831 5062 972 5062 2848 5062 2849 5063 2850 5063 2851 5063 2852 5064 2850 5064 2853 5064 2854 5065 2852 5065 2853 5065 2854 5066 2855 5066 2856 5066 2857 5067 2858 5067 2856 5067 2859 5068 2860 5068 2858 5068 744 5069 743 5069 2860 5069 831 5070 2848 5070 2861 5070 2861 5071 2848 5071 2862 5071 2861 5072 2862 5072 2863 5072 2863 5073 2862 5073 2864 5073 2863 5074 2864 5074 2865 5074 2865 5075 2864 5075 2866 5075 2865 5076 2866 5076 2867 5076 2867 5077 2866 5077 2868 5077 2867 5078 2868 5078 2869 5078 2869 5079 2868 5079 2870 5079 2869 5080 2870 5080 2871 5080 2871 5081 2870 5081 2872 5081 2871 5082 2872 5082 2873 5082 2873 5083 2872 5083 2874 5083 2873 5084 2874 5084 2875 5084 2875 5085 2874 5085 2876 5085 2875 5086 2876 5086 2877 5086 2877 5087 2876 5087 2878 5087 2877 5088 2878 5088 2879 5088 2879 5089 2878 5089 2880 5089 2879 5090 2880 5090 2881 5090 2881 5091 2880 5091 2882 5091 2882 5092 2883 5092 2884 5092 2884 5093 2883 5093 2885 5093 2884 5094 2885 5094 2886 5094 2886 5095 2885 5095 2887 5095 2886 5096 2887 5096 2888 5096 2888 5097 2887 5097 2889 5097 2888 5098 2889 5098 2890 5098 2890 5099 2889 5099 2891 5099 2890 5100 2891 5100 2892 5100 2892 5101 2891 5101 2893 5101 2892 5102 2893 5102 2894 5102 2894 5103 2893 5103 2895 5103 2894 5104 2895 5104 2896 5104 2896 5105 2895 5105 2897 5105 2896 5106 2897 5106 2898 5106 2898 5107 2897 5107 2849 5107 2898 5108 2849 5108 2899 5108 2899 5109 2849 5109 2851 5109 2880 5110 2900 5110 2882 5110 2882 5111 2900 5111 2883 5111 2895 5112 2901 5112 2897 5112 2897 5113 2901 5113 2853 5113 2897 5114 2853 5114 2849 5114 2849 5115 2853 5115 2850 5115 945 5116 2847 5116 2848 5116 2848 5117 2847 5117 2902 5117 2848 5118 2902 5118 2862 5118 2862 5119 2902 5119 2903 5119 2862 5120 2903 5120 2864 5120 2864 5121 2903 5121 2904 5121 2864 5122 2904 5122 2866 5122 2866 5123 2904 5123 2905 5123 2866 5124 2905 5124 2868 5124 2868 5125 2905 5125 2906 5125 2868 5126 2906 5126 2870 5126 2870 5127 2906 5127 2907 5127 2870 5128 2907 5128 2872 5128 2872 5129 2907 5129 2908 5129 2872 5130 2908 5130 2874 5130 2874 5131 2908 5131 2909 5131 2874 5132 2909 5132 2876 5132 2876 5133 2909 5133 2910 5133 2876 5134 2910 5134 2878 5134 2878 5135 2910 5135 2911 5135 2878 5136 2911 5136 2880 5136 2880 5137 2911 5137 2900 5137 2900 5138 2912 5138 2883 5138 2883 5139 2912 5139 2913 5139 2883 5140 2913 5140 2885 5140 2885 5141 2913 5141 2914 5141 2885 5142 2914 5142 2887 5142 2887 5143 2914 5143 2915 5143 2887 5144 2915 5144 2889 5144 2889 5145 2915 5145 2916 5145 2889 5146 2916 5146 2891 5146 2891 5147 2916 5147 2917 5147 2891 5148 2917 5148 2893 5148 2893 5149 2917 5149 2918 5149 2893 5150 2918 5150 2895 5150 2895 5151 2918 5151 2901 5151 2901 5152 2855 5152 2853 5152 2853 5153 2855 5153 2854 5153 2911 5154 2919 5154 2900 5154 2900 5155 2919 5155 2912 5155 2918 5156 2920 5156 2901 5156 2901 5157 2920 5157 2855 5157 944 5158 2846 5158 2847 5158 2847 5159 2846 5159 2921 5159 2847 5160 2921 5160 2902 5160 2902 5161 2921 5161 2922 5161 2902 5162 2922 5162 2903 5162 2903 5163 2922 5163 2923 5163 2903 5164 2923 5164 2904 5164 2904 5165 2923 5165 2924 5165 2904 5166 2924 5166 2905 5166 2905 5167 2924 5167 2925 5167 2905 5168 2925 5168 2906 5168 2906 5169 2925 5169 2926 5169 2906 5170 2926 5170 2907 5170 2907 5171 2926 5171 2927 5171 2907 5172 2927 5172 2908 5172 2908 5173 2927 5173 2928 5173 2908 5174 2928 5174 2909 5174 2909 5175 2928 5175 2929 5175 2909 5176 2929 5176 2910 5176 2910 5177 2929 5177 2930 5177 2910 5178 2930 5178 2911 5178 2911 5179 2930 5179 2931 5179 2911 5180 2931 5180 2919 5180 2919 5181 2931 5181 2932 5181 2919 5182 2932 5182 2912 5182 2912 5183 2932 5183 2933 5183 2912 5184 2933 5184 2913 5184 2913 5185 2933 5185 2934 5185 2913 5186 2934 5186 2914 5186 2914 5187 2934 5187 2935 5187 2914 5188 2935 5188 2915 5188 2915 5189 2935 5189 2936 5189 2915 5190 2936 5190 2916 5190 2916 5191 2936 5191 2937 5191 2916 5192 2937 5192 2917 5192 2917 5193 2937 5193 2938 5193 2917 5194 2938 5194 2918 5194 2918 5195 2938 5195 2939 5195 2918 5196 2939 5196 2920 5196 2920 5197 2939 5197 2857 5197 2920 5198 2857 5198 2855 5198 2855 5199 2857 5199 2856 5199 2939 5200 2859 5200 2857 5200 2857 5201 2859 5201 2858 5201 997 5202 708 5202 2846 5202 2846 5203 708 5203 703 5203 2846 5204 703 5204 2921 5204 2921 5205 703 5205 706 5205 2921 5206 706 5206 2922 5206 2922 5207 706 5207 710 5207 2922 5208 710 5208 2923 5208 2923 5209 710 5209 714 5209 2923 5210 714 5210 2924 5210 2924 5211 714 5211 713 5211 2924 5212 713 5212 2925 5212 2925 5213 713 5213 720 5213 2925 5214 720 5214 2926 5214 2926 5215 720 5215 718 5215 2926 5216 718 5216 2927 5216 2927 5217 718 5217 719 5217 2927 5218 719 5218 2928 5218 2928 5219 719 5219 722 5219 2928 5220 722 5220 2929 5220 2929 5221 722 5221 721 5221 2929 5222 721 5222 2930 5222 2930 5223 721 5223 725 5223 2930 5224 725 5224 2931 5224 2931 5225 725 5225 727 5225 2931 5226 727 5226 2932 5226 2932 5227 727 5227 729 5227 2932 5228 729 5228 2933 5228 2933 5229 729 5229 733 5229 2933 5230 733 5230 2934 5230 2934 5231 733 5231 735 5231 2934 5232 735 5232 2935 5232 2935 5233 735 5233 736 5233 2935 5234 736 5234 2936 5234 2936 5235 736 5235 738 5235 2936 5236 738 5236 2937 5236 2937 5237 738 5237 741 5237 2937 5238 741 5238 2938 5238 2938 5239 741 5239 746 5239 2938 5240 746 5240 2939 5240 2939 5241 746 5241 744 5241 2939 5242 744 5242 2859 5242 2859 5243 744 5243 2860 5243 810 5244 813 5244 2940 5244 820 5245 822 5245 2941 5245 2851 5246 2942 5246 2943 5246 2943 5247 2942 5247 2944 5247 2851 5248 2943 5248 2899 5248 2899 5249 2943 5249 2945 5249 2899 5250 2945 5250 2898 5250 2898 5251 2945 5251 2946 5251 2898 5252 2946 5252 2896 5252 2947 5253 2894 5253 2946 5253 2946 5254 2894 5254 2896 5254 2948 5255 2890 5255 2892 5255 2948 5256 2892 5256 2947 5256 2947 5257 2892 5257 2894 5257 2949 5258 2884 5258 2886 5258 2949 5259 2886 5259 2950 5259 2950 5260 2886 5260 2948 5260 2948 5261 2886 5261 2888 5261 2948 5262 2888 5262 2890 5262 2951 5263 2881 5263 2949 5263 2949 5264 2881 5264 2882 5264 2949 5265 2882 5265 2884 5265 2952 5266 2879 5266 2951 5266 2951 5267 2879 5267 2881 5267 2953 5268 2875 5268 2877 5268 2953 5269 2877 5269 2952 5269 2952 5270 2877 5270 2879 5270 2875 5271 2953 5271 2873 5271 2873 5272 2953 5272 2954 5272 2873 5273 2954 5273 2871 5273 2871 5274 2954 5274 2955 5274 2871 5275 2955 5275 2869 5275 2956 5276 2867 5276 2955 5276 2955 5277 2867 5277 2869 5277 2957 5278 2865 5278 2956 5278 2956 5279 2865 5279 2867 5279 2958 5280 2861 5280 2863 5280 2958 5281 2863 5281 2957 5281 2957 5282 2863 5282 2865 5282 2959 5283 830 5283 2958 5283 2958 5284 830 5284 831 5284 2958 5285 831 5285 2861 5285 824 5286 827 5286 2960 5286 2960 5287 827 5287 2959 5287 2959 5288 827 5288 830 5288 825 5289 824 5289 2960 5289 2941 5290 822 5290 2960 5290 2960 5291 822 5291 825 5291 815 5292 818 5292 2961 5292 2961 5293 818 5293 2941 5293 2941 5294 818 5294 820 5294 2962 5295 816 5295 2961 5295 2961 5296 816 5296 815 5296 986 5297 985 5297 2962 5297 2940 5298 813 5298 2962 5298 2962 5299 813 5299 986 5299 2962 5300 985 5300 816 5300 812 5301 810 5301 2963 5301 2963 5302 810 5302 2940 5302 983 5303 812 5303 2963 5303 2964 5304 982 5304 2963 5304 2963 5305 982 5305 983 5305 2965 5306 806 5306 2964 5306 2964 5307 806 5307 808 5307 2964 5308 808 5308 982 5308 804 5309 805 5309 2965 5309 2965 5310 805 5310 806 5310 2966 5311 2967 5311 2968 5311 2966 5312 2968 5312 2969 5312 2969 5313 2968 5313 2970 5313 2971 5314 2966 5314 2969 5314 2944 5315 2942 5315 2972 5315 2944 5316 2972 5316 2971 5316 2944 5317 2971 5317 2969 5317 804 5318 2965 5318 2973 5318 2974 5319 2975 5319 2976 5319 2977 5320 2970 5320 2978 5320 2978 5321 2970 5321 2979 5321 2980 5318 2969 5318 2977 5318 2977 5322 2969 5322 2970 5322 799 5323 801 5323 2981 5323 2981 5324 801 5324 802 5324 2982 5325 757 5325 754 5325 2974 5318 2976 5318 2983 5318 2983 5326 2976 5326 2984 5326 2983 5318 2984 5318 2985 5318 2985 5318 2984 5318 2986 5318 2985 5318 2986 5318 2987 5318 2987 5318 2986 5318 2988 5318 2987 5318 2988 5318 2989 5318 2989 5327 2988 5327 2990 5327 2989 5318 2990 5318 2991 5318 2991 5318 2990 5318 2992 5318 2991 5318 2992 5318 2993 5318 2993 5328 2992 5328 2994 5328 2993 5318 2994 5318 2995 5318 2995 5318 2994 5318 2996 5318 2995 5318 2996 5318 2997 5318 2997 5329 2996 5329 2998 5329 2997 5330 2998 5330 2999 5330 2999 5318 2998 5318 3000 5318 2999 5318 3000 5318 3001 5318 3001 5318 3000 5318 3002 5318 3001 5318 3002 5318 3003 5318 3003 5318 3002 5318 3004 5318 3003 5318 3004 5318 2982 5318 2982 5318 3004 5318 3005 5318 2982 5331 3005 5331 757 5331 2973 5318 2965 5318 3006 5318 3006 5332 2965 5332 2964 5332 3006 5333 2964 5333 3007 5333 3007 5334 2964 5334 2963 5334 3007 5318 2963 5318 3008 5318 3008 5318 2963 5318 2940 5318 3008 5318 2940 5318 3009 5318 3009 5335 2940 5335 2962 5335 3009 5336 2962 5336 3010 5336 3010 5337 2962 5337 2961 5337 3010 5318 2961 5318 3011 5318 3011 5318 2961 5318 2941 5318 3011 5338 2941 5338 3012 5338 3012 5339 2941 5339 2960 5339 3012 5318 2960 5318 3013 5318 3013 5318 2960 5318 2959 5318 3013 5318 2959 5318 3014 5318 3014 5318 2959 5318 2958 5318 3014 5318 2958 5318 3015 5318 3015 5318 2958 5318 2957 5318 3015 5318 2957 5318 3016 5318 3016 5318 2957 5318 2956 5318 3016 5318 2956 5318 3017 5318 3017 5318 2956 5318 2955 5318 3017 5340 2955 5340 3018 5340 3018 5341 2955 5341 2954 5341 3018 5342 2954 5342 3019 5342 3019 5318 2954 5318 2953 5318 3019 5343 2953 5343 3020 5343 3020 5344 2953 5344 2952 5344 3020 5345 2952 5345 3021 5345 3021 5318 2952 5318 2951 5318 3021 5346 2951 5346 3022 5346 3022 5318 2951 5318 2949 5318 3022 5347 2949 5347 3023 5347 3023 5318 2949 5318 2950 5318 3023 5318 2950 5318 3024 5318 3024 5318 2950 5318 2948 5318 3024 5318 2948 5318 3025 5318 3025 5318 2948 5318 2947 5318 3025 5348 2947 5348 3026 5348 3026 5349 2947 5349 2946 5349 3026 5350 2946 5350 3027 5350 3027 5351 2946 5351 2945 5351 3027 5352 2945 5352 3028 5352 3028 5353 2945 5353 2943 5353 3028 5318 2943 5318 2980 5318 2980 5354 2943 5354 2944 5354 2980 5355 2944 5355 2969 5355 756 5356 977 5356 3029 5356 3029 5357 799 5357 2981 5357 2982 5358 754 5358 3029 5358 3029 5359 754 5359 756 5359 2978 5360 3030 5360 2975 5360 3029 5361 977 5361 799 5361 2978 5362 2975 5362 2974 5362 2981 5363 802 5363 2973 5363 2973 5364 802 5364 804 5364 2978 5365 3031 5365 3030 5365 2979 5366 3032 5366 2978 5366 2978 5367 3032 5367 3033 5367 3033 5368 3034 5368 2978 5368 2978 5369 3034 5369 3035 5369 2978 5370 3035 5370 3031 5370 758 5371 757 5371 3005 5371 3004 5372 894 5372 897 5372 897 5373 758 5373 3004 5373 3004 5374 758 5374 3005 5374 797 5375 898 5375 3002 5375 3002 5376 898 5376 3004 5376 3004 5377 898 5377 894 5377 792 5378 794 5378 3000 5378 3000 5379 794 5379 3002 5379 3002 5380 794 5380 797 5380 790 5381 896 5381 2998 5381 896 5382 895 5382 2998 5382 2998 5383 895 5383 3000 5383 3000 5384 895 5384 792 5384 787 5385 786 5385 2996 5385 2996 5386 786 5386 2998 5386 2998 5387 786 5387 790 5387 2994 5388 784 5388 785 5388 2994 5389 785 5389 2996 5389 2996 5390 785 5390 787 5390 2992 5391 778 5391 782 5391 2992 5392 782 5392 784 5392 2992 5393 784 5393 2994 5393 774 5394 776 5394 2990 5394 2990 5395 776 5395 2992 5395 2992 5396 776 5396 778 5396 777 5397 774 5397 2990 5397 2988 5398 891 5398 2990 5398 2990 5399 891 5399 777 5399 2986 5400 749 5400 850 5400 2986 5401 850 5401 2988 5401 2988 5402 850 5402 891 5402 2986 5403 773 5403 749 5403 2984 5404 847 5404 1020 5404 2984 5405 1020 5405 2986 5405 2986 5406 1020 5406 773 5406 771 5407 848 5407 2976 5407 2976 5408 848 5408 2984 5408 2984 5409 848 5409 847 5409 2975 5410 3036 5410 2976 5410 2976 5411 3036 5411 771 5411 771 5412 3036 5412 772 5412 3037 5413 3038 5413 1081 5413 3039 5414 3037 5414 1081 5414 3039 5415 1081 5415 1084 5415 3040 5416 3041 5416 3042 5416 3042 5417 3041 5417 3043 5417 3042 5418 3043 5418 3038 5418 3044 5419 3040 5419 3045 5419 3037 5420 3039 5420 3042 5420 3042 5421 3039 5421 3046 5421 3042 5422 3046 5422 3040 5422 3040 5423 3046 5423 3045 5423 3045 5424 3046 5424 3047 5424 3045 5425 3047 5425 3048 5425 770 5426 772 5426 3049 5426 760 5427 770 5427 3044 5427 3044 5428 770 5428 3049 5428 3044 5429 3049 5429 3040 5429 3049 5430 3050 5430 3041 5430 3049 5431 3041 5431 3040 5431 772 5432 3050 5432 3049 5432 766 5433 768 5433 3048 5433 3048 5434 768 5434 761 5434 3048 5435 761 5435 3045 5435 3045 5436 761 5436 760 5436 3045 5437 760 5437 3044 5437 294 5438 764 5438 1091 5438 1091 5439 764 5439 3051 5439 1087 5440 1089 5440 1091 5440 764 5441 766 5441 3051 5441 3051 5442 766 5442 3052 5442 3039 5443 1084 5443 3053 5443 3039 5444 3053 5444 3047 5444 3047 5445 3053 5445 3051 5445 3047 5446 3051 5446 3052 5446 3053 5447 1084 5447 1085 5447 3053 5448 1085 5448 1087 5448 3053 5449 1087 5449 3051 5449 3051 5450 1087 5450 1091 5450 3052 5451 766 5451 3048 5451 3038 5452 3037 5452 3042 5452 3046 5453 3039 5453 3047 5453 3047 5454 3052 5454 3048 5454 1140 5455 1090 5455 3054 5455 3054 5456 1090 5456 1088 5456 3054 5457 1088 5457 3055 5457 1140 5458 293 5458 1090 5458 3054 5459 3055 5459 3056 5459 1114 5460 1140 5460 3054 5460 1114 5461 3054 5461 3056 5461 3055 5462 1088 5462 1086 5462 1083 5463 1082 5463 3057 5463 1083 5464 3057 5464 1086 5464 1086 5465 3057 5465 3058 5465 1086 5466 3058 5466 3055 5466 3055 5467 3058 5467 3056 5467 3059 5468 1082 5468 1081 5468 3060 5469 3061 5469 3038 5469 3038 5470 3061 5470 3062 5470 3038 5471 3062 5471 3059 5471 3059 5472 1081 5472 3038 5472 3063 5473 3064 5473 3065 5473 3065 5474 3064 5474 3057 5474 3065 5475 3057 5475 1082 5475 1107 5476 1115 5476 3066 5476 3067 5477 1115 5477 1114 5477 3067 5478 1114 5478 3056 5478 3066 5479 1115 5479 3067 5479 3068 5480 3067 5480 3056 5480 3057 5481 3064 5481 3068 5481 3068 5482 3064 5482 3069 5482 3068 5483 3069 5483 3070 5483 3068 5484 3070 5484 3067 5484 3067 5485 3070 5485 3066 5485 3070 5486 3071 5486 1107 5486 1107 5487 3071 5487 1108 5487 3064 5488 3072 5488 3069 5488 3069 5489 3072 5489 3073 5489 3069 5490 3073 5490 3070 5490 3070 5491 3073 5491 3071 5491 3063 5492 3072 5492 3064 5492 3057 5493 3068 5493 3058 5493 3058 5494 3068 5494 3056 5494 1107 5495 3066 5495 3070 5495 1156 5496 1155 5496 3074 5496 3075 5497 1168 5497 1156 5497 3075 5498 1156 5498 3074 5498 3076 5499 1168 5499 3075 5499 1168 5500 3076 5500 1169 5500 1169 5501 3076 5501 3077 5501 3078 5502 1171 5502 3077 5502 3077 5503 1171 5503 1169 5503 3079 5504 1172 5504 3078 5504 3078 5505 1172 5505 1171 5505 1172 5506 3079 5506 3080 5506 1172 5507 3080 5507 1177 5507 1177 5508 3080 5508 1185 5508 1185 5509 3080 5509 3081 5509 3082 5510 1186 5510 3081 5510 3081 5511 1186 5511 1185 5511 3083 5512 1182 5512 3082 5512 3082 5513 1182 5513 1186 5513 1182 5514 3083 5514 1187 5514 1187 5515 3083 5515 1188 5515 1188 5516 3083 5516 3084 5516 1188 5517 3084 5517 3085 5517 3085 5518 1198 5518 1188 5518 3086 5519 1200 5519 3085 5519 3085 5520 1200 5520 1198 5520 3086 5521 3087 5521 1200 5521 1200 5522 3087 5522 1199 5522 1199 5523 3087 5523 3088 5523 3088 5524 1202 5524 1199 5524 1202 5525 3088 5525 3089 5525 1202 5526 3089 5526 1206 5526 1215 5527 1206 5527 3089 5527 3090 5528 1215 5528 3089 5528 3091 5529 1215 5529 3090 5529 3092 5530 1217 5530 3091 5530 1215 5531 3091 5531 1217 5531 3092 5532 1212 5532 1217 5532 1212 5533 3092 5533 1155 5533 1212 5534 1155 5534 1157 5534 1228 5535 504 5535 3093 5535 3093 5536 504 5536 1486 5536 1223 5537 1228 5537 3093 5537 1223 5538 3093 5538 3094 5538 1223 5539 3094 5539 1225 5539 1225 5540 3094 5540 3095 5540 3096 5541 1226 5541 3095 5541 3095 5542 1226 5542 1225 5542 3097 5543 1239 5543 1241 5543 3098 5544 3097 5544 1241 5544 3098 5545 1241 5545 1234 5545 1232 5546 3099 5546 1231 5546 1231 5547 3099 5547 3098 5547 1231 5548 3098 5548 1230 5548 1230 5549 3098 5549 1236 5549 1230 5550 1236 5550 202 5550 1233 5551 3099 5551 1232 5551 3098 5552 1234 5552 1236 5552 3099 5553 3097 5553 3098 5553 1226 5554 3096 5554 1233 5554 1233 5555 3096 5555 3100 5555 3101 5556 1240 5556 3102 5556 3102 5557 1240 5557 1239 5557 3101 5558 1250 5558 1240 5558 3103 5559 1251 5559 3104 5559 3104 5560 1251 5560 3101 5560 3101 5561 1251 5561 1250 5561 3103 5562 1252 5562 1251 5562 3105 5563 1247 5563 3103 5563 3103 5564 1247 5564 1252 5564 1247 5565 3105 5565 1257 5565 1257 5566 3105 5566 3106 5566 3107 5567 1268 5567 1266 5567 3107 5568 1266 5568 3106 5568 3106 5569 1266 5569 1257 5569 3107 5570 3108 5570 1268 5570 3109 5571 1264 5571 3108 5571 3108 5572 1264 5572 1268 5572 1264 5573 3109 5573 1262 5573 1262 5574 3109 5574 3110 5574 1262 5575 3110 5575 1271 5575 1271 5576 3110 5576 3111 5576 3112 5577 3113 5577 1271 5577 3113 5578 3114 5578 1271 5578 1271 5579 3114 5579 1270 5579 3115 5580 3114 5580 3113 5580 1275 5581 1278 5581 3115 5581 3115 5582 1278 5582 3114 5582 3114 5583 1269 5583 1270 5583 1275 5584 1274 5584 1278 5584 3114 5585 1278 5585 1272 5585 3114 5586 1272 5586 1269 5586 1269 5587 1272 5587 230 5587 1275 5588 3116 5588 1276 5588 1276 5589 3116 5589 3117 5589 1283 5590 1287 5590 3118 5590 1276 5591 3117 5591 3118 5591 1276 5592 3118 5592 1287 5592 3119 5593 1283 5593 3118 5593 3120 5594 1283 5594 3119 5594 3120 5595 1284 5595 1283 5595 3121 5596 1292 5596 3120 5596 3120 5597 1292 5597 1284 5597 1292 5598 3121 5598 3122 5598 3122 5599 1294 5599 1292 5599 1294 5600 3122 5600 1301 5600 1301 5601 3122 5601 3123 5601 1301 5602 3123 5602 1302 5602 3124 5603 1308 5603 1302 5603 3124 5604 1302 5604 3123 5604 1308 5605 3124 5605 3125 5605 1308 5606 3125 5606 1309 5606 3125 5607 3126 5607 1309 5607 1309 5608 3126 5608 499 5608 499 5609 3126 5609 1476 5609 1324 5610 3127 5610 1321 5610 1321 5611 3127 5611 1317 5611 1317 5612 3127 5612 3128 5612 3128 5613 1318 5613 1317 5613 3129 5614 1319 5614 3130 5614 3130 5615 1319 5615 1318 5615 3130 5616 1318 5616 3128 5616 3129 5617 1320 5617 1319 5617 3129 5618 3131 5618 1320 5618 1320 5619 3131 5619 1329 5619 1329 5620 3131 5620 3132 5620 1329 5621 3132 5621 3133 5621 1329 5622 3133 5622 1340 5622 1340 5623 3133 5623 3134 5623 1340 5624 3134 5624 1339 5624 1339 5625 3134 5625 3135 5625 1339 5626 3135 5626 1335 5626 1335 5627 3135 5627 1338 5627 1338 5628 3135 5628 3136 5628 3137 5629 1343 5629 3136 5629 3136 5630 1343 5630 1338 5630 1348 5631 1350 5631 3138 5631 3138 5632 1350 5632 3139 5632 3138 5633 3139 5633 3140 5633 1350 5634 1344 5634 3139 5634 1344 5635 1346 5635 3139 5635 3139 5636 1346 5636 3141 5636 3139 5637 3141 5637 3140 5637 3140 5638 3141 5638 3142 5638 3140 5639 3142 5639 1343 5639 1346 5640 183 5640 1341 5640 1346 5641 1341 5641 3141 5641 3141 5642 1341 5642 1342 5642 3141 5643 1342 5643 3142 5643 3142 5644 1342 5644 1343 5644 1348 5645 3143 5645 1349 5645 1349 5646 3143 5646 3144 5646 3145 5647 1349 5647 3144 5647 3146 5648 1362 5648 3145 5648 3145 5649 1362 5649 1349 5649 3146 5650 1353 5650 1362 5650 1361 5651 1353 5651 3147 5651 3147 5652 1353 5652 3146 5652 1361 5653 3147 5653 3148 5653 1361 5654 3148 5654 1363 5654 1363 5655 3148 5655 1368 5655 1368 5656 3148 5656 3149 5656 3150 5657 1379 5657 1378 5657 3150 5658 1378 5658 3151 5658 3151 5659 1378 5659 3152 5659 3152 5660 1378 5660 1381 5660 3152 5661 1381 5661 3149 5661 3149 5662 1381 5662 1368 5662 3153 5663 1379 5663 3150 5663 1379 5664 3153 5664 1383 5664 1383 5665 3153 5665 1385 5665 1385 5666 3153 5666 3154 5666 1389 5667 3155 5667 1393 5667 1393 5668 3155 5668 1391 5668 179 5669 1386 5669 1390 5669 1389 5670 1390 5670 3156 5670 1389 5671 3156 5671 3155 5671 1390 5672 1386 5672 3156 5672 1391 5673 3155 5673 3157 5673 3156 5674 3158 5674 3155 5674 3155 5675 3158 5675 3157 5675 1386 5676 1384 5676 3156 5676 3156 5677 1384 5677 3159 5677 3156 5678 3159 5678 3158 5678 3157 5679 3158 5679 3160 5679 3158 5680 3159 5680 3160 5680 1384 5681 1385 5681 3159 5681 3159 5682 1385 5682 3161 5682 3159 5683 3161 5683 3160 5683 3162 5684 1392 5684 3163 5684 3163 5685 1392 5685 1391 5685 3164 5686 1406 5686 3165 5686 3165 5687 1406 5687 1405 5687 3165 5688 1405 5688 3166 5688 3166 5689 1405 5689 1403 5689 3166 5690 1403 5690 1402 5690 3166 5691 1402 5691 3162 5691 3162 5692 1402 5692 1392 5692 1406 5693 3164 5693 1407 5693 1407 5694 3164 5694 3167 5694 3167 5695 1422 5695 1407 5695 3168 5696 1421 5696 3167 5696 3167 5697 1421 5697 1422 5697 1421 5698 3168 5698 1419 5698 1419 5699 3168 5699 3169 5699 1424 5700 1419 5700 3170 5700 3170 5701 1419 5701 3169 5701 1424 5702 3170 5702 3171 5702 1424 5703 3171 5703 1427 5703 1427 5704 3172 5704 1428 5704 1428 5705 3172 5705 3173 5705 1428 5706 3173 5706 1426 5706 1426 5707 3173 5707 1431 5707 1426 5708 1431 5708 161 5708 3172 5709 3174 5709 3173 5709 3173 5710 3174 5710 3175 5710 3173 5711 3175 5711 1431 5711 1431 5712 3175 5712 1429 5712 3174 5713 1437 5713 3175 5713 3175 5714 1437 5714 1429 5714 3174 5715 3176 5715 1437 5715 1437 5716 3176 5716 1435 5716 3176 5717 1433 5717 1435 5717 1433 5718 3177 5718 1434 5718 1434 5719 3177 5719 3178 5719 3179 5720 1449 5720 1448 5720 3179 5721 1448 5721 3178 5721 3178 5722 1448 5722 1434 5722 1449 5723 3179 5723 3180 5723 1449 5724 3180 5724 1440 5724 1440 5725 3180 5725 3181 5725 1440 5726 3181 5726 1444 5726 1444 5727 3181 5727 1454 5727 1454 5728 3181 5728 3182 5728 3183 5729 1454 5729 3182 5729 3184 5730 1463 5730 3183 5730 3183 5731 1463 5731 1454 5731 1463 5732 3184 5732 1464 5732 1464 5733 3184 5733 3185 5733 3186 5734 1456 5734 3185 5734 3185 5735 1456 5735 1464 5735 3186 5736 1457 5736 1456 5736 1470 5737 3187 5737 3188 5737 1470 5738 3188 5738 1469 5738 1469 5739 3188 5739 1468 5739 3187 5740 3189 5740 3190 5740 3187 5741 3190 5741 3188 5741 3188 5742 3190 5742 1467 5742 3188 5743 1467 5743 1468 5743 3189 5744 1472 5744 3190 5744 3190 5745 1472 5745 1471 5745 3190 5746 1471 5746 1467 5746 3189 5747 1473 5747 1472 5747 1467 5748 1471 5748 167 5748 1457 5749 3186 5749 1470 5749 1470 5750 3186 5750 3191 5750 1473 5751 3192 5751 1324 5751 1324 5752 3192 5752 3127 5752 112 5753 3193 5753 111 5753 111 5754 3193 5754 3194 5754 111 5755 3194 5755 117 5755 117 5756 3195 5756 3196 5756 128 5757 117 5757 3196 5757 128 5758 3196 5758 3197 5758 3195 5759 117 5759 3194 5759 3198 5760 3194 5760 3193 5760 115 5761 128 5761 3197 5761 114 5762 115 5762 3199 5762 114 5763 3199 5763 116 5763 109 5764 110 5764 3200 5764 116 5765 3199 5765 110 5765 110 5766 77 5766 116 5766 59 5767 106 5767 113 5767 113 5768 106 5768 3193 5768 109 5769 3195 5769 108 5769 112 5770 113 5770 3193 5770 115 5771 3197 5771 3199 5771 3193 5772 107 5772 3198 5772 3198 5773 107 5773 108 5773 3198 5774 108 5774 3195 5774 3193 5775 106 5775 107 5775 3195 5776 109 5776 3196 5776 3196 5777 109 5777 3200 5777 3200 5778 110 5778 3199 5778 3197 5779 3200 5779 3199 5779 3194 5780 3198 5780 3195 5780 3196 5781 3200 5781 3197 5781 118 5782 127 5782 3201 5782 118 5783 3201 5783 3202 5783 3202 5784 3201 5784 3203 5784 3202 5785 3203 5785 3204 5785 3204 5786 3203 5786 3205 5786 3204 5787 3205 5787 3126 5787 3126 5788 3205 5788 1476 5788 3123 5789 3122 5789 3206 5789 3206 5790 3122 5790 3207 5790 3207 5791 3208 5791 3206 5791 3208 5792 3207 5792 3209 5792 3208 5793 3209 5793 3210 5793 3210 5794 3209 5794 3211 5794 3210 5795 3211 5795 118 5795 118 5796 3211 5796 130 5796 3121 5797 3120 5797 3209 5797 3209 5798 3120 5798 3212 5798 3209 5799 3212 5799 3213 5799 3209 5800 3213 5800 3211 5800 3211 5801 3213 5801 130 5801 130 5802 3213 5802 129 5802 3117 5803 3116 5803 3214 5803 3214 5804 3116 5804 3215 5804 121 5805 129 5805 3216 5805 3216 5806 129 5806 3217 5806 3216 5807 3217 5807 3215 5807 3215 5808 3217 5808 3214 5808 3218 5809 3219 5809 3216 5809 3219 5810 121 5810 3216 5810 3218 5811 3220 5811 3221 5811 3221 5812 3220 5812 3222 5812 3219 5813 3221 5813 121 5813 121 5814 3221 5814 124 5814 3221 5815 3219 5815 3218 5815 3220 5816 3223 5816 3222 5816 3223 5817 3224 5817 3111 5817 3225 5818 3222 5818 3223 5818 3215 5819 3116 5819 3226 5819 3218 5820 3215 5820 3227 5820 3226 5821 3227 5821 3215 5821 3228 5822 3227 5822 3226 5822 3220 5823 3227 5823 3228 5823 3216 5824 3215 5824 3218 5824 3223 5825 3228 5825 3224 5825 3223 5826 3111 5826 3225 5826 3220 5827 3218 5827 3227 5827 3220 5828 3228 5828 3223 5828 3111 5829 3110 5829 3225 5829 3225 5830 3110 5830 3229 5830 3225 5831 3229 5831 3222 5831 3221 5832 3222 5832 3229 5832 126 5833 3221 5833 3229 5833 3221 5834 126 5834 124 5834 125 5835 126 5835 3230 5835 3230 5836 126 5836 3231 5836 3230 5837 3231 5837 3232 5837 3232 5838 3231 5838 3233 5838 3232 5839 3233 5839 3105 5839 3105 5840 3233 5840 3106 5840 3234 5841 3235 5841 3236 5841 3236 5842 3235 5842 3237 5842 3237 5843 3235 5843 3102 5843 3102 5844 3235 5844 3101 5844 3234 5845 3236 5845 3238 5845 3234 5846 3238 5846 125 5846 125 5847 3238 5847 123 5847 3239 5848 3240 5848 3241 5848 123 5849 3241 5849 131 5849 3240 5850 3242 5850 3241 5850 3241 5851 3242 5851 3243 5851 3241 5852 3243 5852 131 5852 3239 5853 3244 5853 3240 5853 3240 5854 3245 5854 3242 5854 3240 5855 3246 5855 3247 5855 3240 5856 3247 5856 3245 5856 123 5857 3238 5857 3239 5857 3239 5858 3238 5858 3244 5858 3102 5859 3246 5859 3244 5859 3102 5860 3244 5860 3237 5860 3237 5861 3244 5861 3236 5861 3236 5862 3244 5862 3238 5862 3244 5863 3246 5863 3240 5863 3245 5864 3100 5864 3242 5864 3241 5865 123 5865 3239 5865 131 5866 3243 5866 132 5866 3100 5867 3096 5867 3248 5867 3100 5868 3248 5868 3242 5868 3242 5869 3248 5869 3249 5869 132 5870 3243 5870 3249 5870 3249 5871 3243 5871 3242 5871 1481 5872 3250 5872 1486 5872 1481 5873 1486 5873 485 5873 133 5874 132 5874 1483 5874 1483 5875 132 5875 3250 5875 1483 5876 3250 5876 1481 5876 1489 5877 1495 5877 1497 5877 1497 5878 1495 5878 1499 5878 1491 5879 1499 5879 1492 5879 1492 5880 1499 5880 1495 5880 1495 5881 1489 5881 3251 5881 3252 5882 3253 5882 3254 5882 1495 5883 3251 5883 3254 5883 3254 5884 3251 5884 3255 5884 3254 5885 3255 5885 3252 5885 3256 5886 1499 5886 1491 5886 1491 5887 3257 5887 3256 5887 3256 5888 3257 5888 3258 5888 3256 5889 3258 5889 3259 5889 3259 5890 3258 5890 3260 5890 3251 5891 3261 5891 3262 5891 3256 5892 1500 5892 1499 5892 1488 5893 3251 5893 1489 5893 3251 5894 3262 5894 3255 5894 3255 5895 3262 5895 3263 5895 3255 5896 3263 5896 3252 5896 3252 5897 3263 5897 3264 5897 3252 5898 3264 5898 3253 5898 3253 5899 3264 5899 3265 5899 3253 5900 3265 5900 3254 5900 3265 5901 1496 5901 3254 5901 3254 5902 1496 5902 1495 5902 1491 5903 1530 5903 3257 5903 1500 5904 3256 5904 3266 5904 3266 5905 3256 5905 3259 5905 3266 5906 3259 5906 3267 5906 3267 5907 3259 5907 3260 5907 3267 5908 3260 5908 3268 5908 3268 5909 3260 5909 3258 5909 3268 5910 3258 5910 3269 5910 3269 5911 3258 5911 3257 5911 3269 5912 3257 5912 3270 5912 3265 5913 1524 5913 1526 5913 3265 5914 1526 5914 1496 5914 1522 5915 3271 5915 1520 5915 1520 5916 3271 5916 1518 5916 3272 5917 1516 5917 3271 5917 3271 5918 1516 5918 1518 5918 3273 5919 1512 5919 3272 5919 3272 5920 1512 5920 1514 5920 3272 5921 1514 5921 1516 5921 3273 5922 1506 5922 1508 5922 1508 5923 1510 5923 3273 5923 3273 5924 1510 5924 1512 5924 3251 5925 1488 5925 3261 5925 3261 5926 1488 5926 1502 5926 3266 5927 1550 5927 1552 5927 3266 5928 1552 5928 1500 5928 1547 5929 3274 5929 1548 5929 1548 5930 3274 5930 1546 5930 3275 5931 1544 5931 3274 5931 3274 5932 1544 5932 1546 5932 3276 5933 1539 5933 3275 5933 3275 5934 1539 5934 1542 5934 3275 5935 1542 5935 1544 5935 3276 5936 1536 5936 1538 5936 1538 5937 1540 5937 3276 5937 3276 5938 1540 5938 1539 5938 3257 5939 1530 5939 3270 5939 3270 5940 1530 5940 1532 5940 1522 5941 1524 5941 3265 5941 1522 5942 3265 5942 3271 5942 3271 5943 3265 5943 3264 5943 3271 5944 3264 5944 3272 5944 3272 5945 3264 5945 3263 5945 3272 5946 3263 5946 3273 5946 3273 5947 3263 5947 3262 5947 3273 5948 3262 5948 1506 5948 1506 5949 3262 5949 3261 5949 1506 5950 3261 5950 1504 5950 1504 5951 3261 5951 1502 5951 1532 5952 1534 5952 3270 5952 3270 5953 1534 5953 1536 5953 3270 5954 1536 5954 3269 5954 3269 5955 1536 5955 3276 5955 3269 5956 3276 5956 3268 5956 3268 5957 3276 5957 3275 5957 3268 5958 3275 5958 3267 5958 3267 5959 3275 5959 3274 5959 3267 5960 3274 5960 3266 5960 3266 5961 3274 5961 1547 5961 3266 5962 1547 5962 1550 5962 3277 5963 3278 5963 3279 5963 3279 5964 3278 5964 3280 5964 3279 5965 3280 5965 3281 5965 3282 5966 3283 5966 3279 5966 3279 5967 3283 5967 3284 5967 3279 5968 3284 5968 3277 5968 3285 5966 3286 5966 3279 5966 3279 5969 3286 5969 3287 5969 3279 5970 3287 5970 3282 5970 3288 5966 3289 5966 3279 5966 3279 5971 3289 5971 3290 5971 3279 5972 3290 5972 3285 5972 3291 5973 3292 5973 3279 5973 3279 5974 3292 5974 3293 5974 3279 5975 3293 5975 3288 5975 3294 5966 3295 5966 3279 5966 3279 5976 3295 5976 3296 5976 3279 5977 3296 5977 3291 5977 3297 5978 3298 5978 3279 5978 3279 5976 3298 5976 3299 5976 3279 5966 3299 5966 3294 5966 3300 5966 3301 5966 3279 5966 3279 5974 3301 5974 3302 5974 3279 5979 3302 5979 3297 5979 3303 5966 3304 5966 3279 5966 3279 5971 3304 5971 3305 5971 3279 5980 3305 5980 3300 5980 3306 5966 3307 5966 3279 5966 3279 5969 3307 5969 3308 5969 3279 5966 3308 5966 3303 5966 3309 5966 3310 5966 3279 5966 3279 5967 3310 5967 3311 5967 3279 5981 3311 5981 3306 5981 3312 5966 3313 5966 3279 5966 3279 5964 3313 5964 3314 5964 3279 5982 3314 5982 3309 5982 3315 5983 3316 5983 3317 5983 3318 5984 3319 5984 3320 5984 3321 5985 3317 5985 3322 5985 3323 5986 3324 5986 3321 5986 3316 5987 3325 5987 3137 5987 3317 5988 3316 5988 3322 5988 3326 5989 3327 5989 3315 5989 3320 5990 3328 5990 3329 5990 3324 5991 3319 5991 3321 5991 3321 5992 3319 5992 3318 5992 3318 5993 3320 5993 3330 5993 3330 5994 3320 5994 3329 5994 3329 5995 3328 5995 3143 5995 3143 5996 3326 5996 3329 5996 3329 5997 3315 5997 3330 5997 3330 5998 3315 5998 3317 5998 3330 5999 3317 5999 3318 5999 3318 6000 3317 6000 3321 6000 3329 6001 3326 6001 3315 6001 3316 6002 3315 6002 3325 6002 3327 6003 3325 6003 3315 6003 3322 6004 3323 6004 3321 6004 3331 6005 3332 6005 3333 6005 3331 6006 3334 6006 3332 6006 3333 6007 3335 6007 3336 6007 3331 6008 3336 6008 3337 6008 3338 6009 3337 6009 3339 6009 3338 6010 3331 6010 3337 6010 3340 6011 3341 6011 3342 6011 3340 6012 3342 6012 3343 6012 3341 6013 3154 6013 3342 6013 3342 6014 3154 6014 3344 6014 3337 6015 3342 6015 3339 6015 3342 6016 3344 6016 3339 6016 3336 6017 3345 6017 3163 6017 3345 6018 3336 6018 3335 6018 3340 6019 3343 6019 3346 6019 3163 6020 3346 6020 3336 6020 3333 6021 3336 6021 3331 6021 3334 6022 3331 6022 3338 6022 3336 6023 3346 6023 3343 6023 3336 6024 3343 6024 3337 6024 3337 6025 3343 6025 3342 6025 3347 6026 3348 6026 3349 6026 3350 6027 3347 6027 3349 6027 3351 6028 3352 6028 3353 6028 3354 6029 3355 6029 3351 6029 3351 6030 3355 6030 3356 6030 3357 6031 3354 6031 3351 6031 3358 6032 3350 6032 3349 6032 3359 6033 3349 6033 3348 6033 3359 6034 3348 6034 3357 6034 3357 6035 3348 6035 3360 6035 3361 6036 3362 6036 3354 6036 3361 6037 3354 6037 3357 6037 3357 6038 3351 6038 3359 6038 3359 6039 3351 6039 3353 6039 3362 6040 3363 6040 3354 6040 3356 6041 3352 6041 3351 6041 3177 6042 3361 6042 3360 6042 3360 6043 3361 6043 3357 6043 3349 6044 3359 6044 3353 6044 3349 6045 3353 6045 3358 6045 3358 6046 3353 6046 3352 6046 3171 6047 3356 6047 3355 6047 3355 6048 3354 6048 3363 6048 3364 6049 3365 6049 3366 6049 3366 6050 3365 6050 3367 6050 3368 6051 3364 6051 3366 6051 3364 6052 3368 6052 3369 6052 3369 6053 3368 6053 3370 6053 3371 6054 3372 6054 3368 6054 3191 6055 3373 6055 3372 6055 3374 6056 3367 6056 3192 6056 3375 6057 3367 6057 3365 6057 3374 6058 3371 6058 3367 6058 3374 6059 3376 6059 3371 6059 3371 6060 3376 6060 3372 6060 3372 6061 3376 6061 3191 6061 3370 6062 3368 6062 3373 6062 3373 6063 3368 6063 3372 6063 3368 6064 3366 6064 3371 6064 3371 6065 3366 6065 3367 6065 3367 6066 3375 6066 3192 6066 3324 6067 3369 6067 3319 6067 3334 6068 3369 6068 3332 6068 3369 6069 3334 6069 3319 6069 3370 6070 3350 6070 3369 6070 3358 6071 3332 6071 3369 6071 3358 6072 3369 6072 3350 6072 3319 6073 3334 6073 3377 6073 3377 6074 3334 6074 3378 6074 3369 6075 3324 6075 3379 6075 3379 6076 3324 6076 3380 6076 3381 6077 3382 6077 3370 6077 3370 6078 3382 6078 3350 6078 3332 6079 3358 6079 3383 6079 3383 6080 3358 6080 3384 6080 3385 6081 3386 6081 3387 6081 3387 6082 3386 6082 3388 6082 3389 6083 3390 6083 3391 6083 3391 6084 3390 6084 3392 6084 3391 6085 3392 6085 3393 6085 3394 5318 3395 5318 3391 5318 3391 6086 3395 6086 3396 6086 3391 5318 3396 5318 3389 5318 3397 6087 3398 6087 3391 6087 3391 6088 3398 6088 3399 6088 3391 6089 3399 6089 3394 6089 3400 5318 3401 5318 3391 5318 3391 6090 3401 6090 3402 6090 3391 6091 3402 6091 3397 6091 3403 5318 3404 5318 3391 5318 3391 6092 3404 6092 3405 6092 3391 6093 3405 6093 3400 6093 3406 5318 3407 5318 3391 5318 3391 5318 3407 5318 3408 5318 3391 6094 3408 6094 3403 6094 3409 6095 3410 6095 3391 6095 3391 5318 3410 5318 3411 5318 3391 5318 3411 5318 3406 5318 3391 5318 3412 5318 3409 5318 3413 6096 3414 6096 3391 6096 3391 5318 3414 5318 3415 5318 3391 5318 3415 5318 3416 5318 3417 5318 3418 5318 3391 5318 3391 6097 3418 6097 3419 6097 3391 5318 3419 5318 3413 5318 3420 6098 3421 6098 3391 6098 3391 6099 3421 6099 3422 6099 3391 6100 3422 6100 3417 6100 3423 5318 3424 5318 3391 5318 3391 6101 3424 6101 3425 6101 3391 6102 3425 6102 3420 6102 3426 5318 3427 5318 3391 5318 3391 6103 3427 6103 3428 6103 3391 6104 3428 6104 3423 6104 3393 6105 3429 6105 3391 6105 3391 6106 3429 6106 3430 6106 3391 6107 3430 6107 3426 6107 3061 6108 3060 6108 3431 6108 3432 6109 3061 6109 3431 6109 3061 6110 3432 6110 3433 6110 3434 6111 3433 6111 3432 6111 3433 6112 3434 6112 3435 6112 3436 6113 3435 6113 3437 6113 3437 6114 3435 6114 3434 6114 3436 6115 3438 6115 3435 6115 3436 6116 3439 6116 3438 6116 3440 6117 3441 6117 3442 6117 3441 6118 3443 6118 3442 6118 3444 6119 3443 6119 3441 6119 3445 6120 3446 6120 3444 6120 3444 6121 3446 6121 3443 6121 3447 6122 3446 6122 3445 6122 3446 6123 3447 6123 3448 6123 3449 6124 3448 6124 3447 6124 3450 6125 3281 6125 3451 6125 3451 6126 3281 6126 3280 6126 3451 6127 3280 6127 3452 6127 3452 6128 3280 6128 3278 6128 3452 6129 3278 6129 3453 6129 3453 6130 3278 6130 3277 6130 3453 6130 3277 6130 3454 6130 3454 6131 3277 6131 3284 6131 3454 6132 3284 6132 3455 6132 3455 6133 3284 6133 3283 6133 3455 6134 3283 6134 3456 6134 3456 6135 3283 6135 3282 6135 3456 6136 3282 6136 3457 6136 3457 6137 3282 6137 3287 6137 3457 6138 3287 6138 3458 6138 3458 6139 3287 6139 3286 6139 3458 6140 3286 6140 3459 6140 3459 848 3286 848 3285 848 3459 848 3285 848 3460 848 3460 6141 3285 6141 3290 6141 3460 6142 3290 6142 3461 6142 3461 6143 3290 6143 3289 6143 3461 6144 3289 6144 3462 6144 3462 6145 3289 6145 3288 6145 3462 6146 3288 6146 3463 6146 3463 6147 3288 6147 3293 6147 3463 6148 3293 6148 3464 6148 3464 6149 3293 6149 3292 6149 3464 6150 3292 6150 3465 6150 3465 6151 3292 6151 3291 6151 3465 6151 3291 6151 3466 6151 3466 6152 3291 6152 3296 6152 3466 6153 3296 6153 3467 6153 3467 6154 3296 6154 3295 6154 3467 6155 3295 6155 3468 6155 3468 6156 3295 6156 3294 6156 3468 6157 3294 6157 3469 6157 3469 6158 3294 6158 3299 6158 3469 6159 3299 6159 3470 6159 3470 6160 3299 6160 3298 6160 3470 6161 3298 6161 3471 6161 3471 6162 3298 6162 3297 6162 3471 6163 3297 6163 3472 6163 3472 6164 3297 6164 3302 6164 3472 6164 3302 6164 3473 6164 3473 6165 3302 6165 3301 6165 3473 6166 3301 6166 3474 6166 3474 6167 3301 6167 3300 6167 3474 6168 3300 6168 3475 6168 3475 6169 3300 6169 3305 6169 3475 6170 3305 6170 3476 6170 3476 6171 3305 6171 3304 6171 3476 6172 3304 6172 3477 6172 3477 6173 3304 6173 3303 6173 3477 6174 3303 6174 3478 6174 3478 6175 3303 6175 3308 6175 3478 6175 3308 6175 3479 6175 3479 6176 3308 6176 3307 6176 3479 6177 3307 6177 3480 6177 3480 6178 3307 6178 3306 6178 3480 6179 3306 6179 3481 6179 3481 6180 3306 6180 3311 6180 3481 6181 3311 6181 3482 6181 3482 6182 3311 6182 3310 6182 3482 6183 3310 6183 3483 6183 3483 6184 3310 6184 3309 6184 3483 6185 3309 6185 3484 6185 3484 6186 3309 6186 3314 6186 3484 6186 3314 6186 3485 6186 3485 6187 3314 6187 3313 6187 3485 6188 3313 6188 3486 6188 3486 6189 3313 6189 3312 6189 3486 6190 3312 6190 3487 6190 3487 6191 3312 6191 3279 6191 3487 6192 3279 6192 3450 6192 3450 6193 3279 6193 3281 6193 3488 6194 3136 6194 3135 6194 3489 6195 3488 6195 3490 6195 3490 6196 3488 6196 3135 6196 3490 6197 3135 6197 3134 6197 3491 6198 3490 6198 3134 6198 3491 6199 3134 6199 3132 6199 3132 6200 3134 6200 3133 6200 3380 6201 3489 6201 3490 6201 3492 6202 3380 6202 3490 6202 3492 6203 3490 6203 3491 6203 3316 6204 3137 6204 3488 6204 3137 6205 3136 6205 3488 6205 3316 6206 3488 6206 3489 6206 3316 6207 3489 6207 3322 6207 3322 6208 3489 6208 3323 6208 3323 6209 3489 6209 3380 6209 3323 6210 3380 6210 3324 6210 3138 6211 3326 6211 3143 6211 3138 6212 3143 6212 1348 6212 3326 6213 3138 6213 3140 6213 3326 6214 3140 6214 3327 6214 1343 6215 3325 6215 3140 6215 3140 6216 3325 6216 3327 6216 1343 6217 3137 6217 3325 6217 3144 6218 3143 6218 3493 6218 3493 6219 3143 6219 3328 6219 3493 6220 3328 6220 3494 6220 3319 6221 3495 6221 3320 6221 3320 6222 3495 6222 3328 6222 3328 6223 3495 6223 3494 6223 3495 6224 3319 6224 3377 6224 3496 6225 3146 6225 3145 6225 3496 6226 3147 6226 3146 6226 3497 6227 3148 6227 3147 6227 3497 6228 3147 6228 3496 6228 3498 6229 3497 6229 3496 6229 3493 6230 3145 6230 3144 6230 3377 6231 3497 6231 3498 6231 3494 6232 3498 6232 3496 6232 3494 6233 3496 6233 3493 6233 3493 6234 3496 6234 3145 6234 3495 6235 3377 6235 3498 6235 3495 6236 3498 6236 3494 6236 3149 6237 3148 6237 3499 6237 3499 6238 3148 6238 3497 6238 3499 6239 3497 6239 3500 6239 3500 6240 3497 6240 3377 6240 3500 6241 3377 6241 3378 6241 3152 6242 3149 6242 3499 6242 3501 6243 3152 6243 3499 6243 3502 6244 3153 6244 3150 6244 3503 6245 3150 6245 3151 6245 3503 6246 3151 6246 3501 6246 3501 6247 3151 6247 3152 6247 3502 6248 3150 6248 3503 6248 3500 6249 3501 6249 3499 6249 3504 6250 3502 6250 3503 6250 3505 6251 3503 6251 3501 6251 3505 6252 3501 6252 3500 6252 3504 6253 3503 6253 3505 6253 3378 6254 3505 6254 3500 6254 3154 6255 3153 6255 3344 6255 3344 6256 3153 6256 3502 6256 3344 6257 3502 6257 3504 6257 3344 6258 3504 6258 3339 6258 3339 6259 3504 6259 3505 6259 3339 6260 3505 6260 3338 6260 3338 6261 3505 6261 3334 6261 3334 6262 3505 6262 3378 6262 3163 6263 1391 6263 3346 6263 3157 6264 3340 6264 3346 6264 3157 6265 3346 6265 1391 6265 3341 6266 3340 6266 3160 6266 3160 6267 3340 6267 3157 6267 3154 6268 3341 6268 3161 6268 3161 6269 3341 6269 3160 6269 3154 6270 3161 6270 1385 6270 3162 6271 3163 6271 3506 6271 3506 6272 3163 6272 3345 6272 3506 6273 3345 6273 3507 6273 3507 6274 3345 6274 3335 6274 3333 6275 3383 6275 3335 6275 3335 6276 3383 6276 3507 6276 3383 6277 3333 6277 3332 6277 3508 6278 3165 6278 3166 6278 3508 6279 3166 6279 3162 6279 3508 6280 3162 6280 3506 6280 3509 6281 3164 6281 3165 6281 3510 6282 3165 6282 3508 6282 3511 6283 3508 6283 3507 6283 3507 6284 3508 6284 3506 6284 3510 6285 3509 6285 3165 6285 3511 6286 3510 6286 3508 6286 3512 6287 3510 6287 3511 6287 3383 6288 3511 6288 3507 6288 3512 6289 3511 6289 3383 6289 3167 6290 3164 6290 3513 6290 3513 6291 3164 6291 3509 6291 3513 6292 3509 6292 3510 6292 3513 6293 3510 6293 3514 6293 3514 6294 3510 6294 3512 6294 3514 6295 3512 6295 3515 6295 3515 6296 3512 6296 3383 6296 3515 6297 3383 6297 3384 6297 3167 6298 3513 6298 3168 6298 3514 6299 3516 6299 3513 6299 3513 6300 3516 6300 3169 6300 3513 6301 3169 6301 3168 6301 3514 6302 3515 6302 3516 6302 3516 6303 3517 6303 3169 6303 3169 6304 3517 6304 3170 6304 3515 6305 3384 6305 3518 6305 3515 6306 3518 6306 3516 6306 3516 6307 3518 6307 3517 6307 3171 6308 3170 6308 3356 6308 3170 6309 3517 6309 3356 6309 3356 6310 3517 6310 3352 6310 3352 6311 3517 6311 3518 6311 3352 6312 3518 6312 3384 6312 3352 6313 3384 6313 3358 6313 3177 6314 1433 6314 3361 6314 3361 6315 3176 6315 3362 6315 3361 6316 1433 6316 3176 6316 3362 6317 3176 6317 3174 6317 3174 6318 3363 6318 3362 6318 3172 6319 3363 6319 3174 6319 3172 6320 3355 6320 3363 6320 1427 6321 3171 6321 3172 6321 3172 6322 3171 6322 3355 6322 3360 6323 3519 6323 3520 6323 3360 6324 3520 6324 3177 6324 3177 6325 3520 6325 3178 6325 3360 6326 3348 6326 3519 6326 3519 6327 3348 6327 3521 6327 3521 6328 3348 6328 3347 6328 3521 6329 3347 6329 3382 6329 3382 6330 3347 6330 3350 6330 3520 6331 3522 6331 3179 6331 3520 6332 3179 6332 3178 6332 3520 6333 3519 6333 3522 6333 3179 6334 3522 6334 3180 6334 3519 6335 3521 6335 3522 6335 3522 6336 3521 6336 3523 6336 3522 6337 3523 6337 3180 6337 3521 6338 3382 6338 3523 6338 3523 6339 3524 6339 3180 6339 3180 6340 3524 6340 3181 6340 3182 6341 3181 6341 3524 6341 3382 6342 3381 6342 3523 6342 3523 6343 3381 6343 3525 6343 3523 6344 3525 6344 3524 6344 3524 6345 3525 6345 3182 6345 3183 6346 3182 6346 3526 6346 3183 6347 3526 6347 3184 6347 3182 6348 3525 6348 3526 6348 3184 6349 3526 6349 3527 6349 3184 6350 3527 6350 3185 6350 3185 6351 3527 6351 3186 6351 3527 6352 3528 6352 3529 6352 3525 6353 3381 6353 3528 6353 3525 6354 3528 6354 3527 6354 3527 6355 3529 6355 3186 6355 3526 6356 3525 6356 3527 6356 3191 6357 3186 6357 3529 6357 3191 6358 3529 6358 3373 6358 3373 6359 3529 6359 3528 6359 3373 6360 3528 6360 3370 6360 3370 6361 3528 6361 3381 6361 3189 6362 3374 6362 1473 6362 1473 6363 3374 6363 3192 6363 3189 6364 3187 6364 3376 6364 3189 6365 3376 6365 3374 6365 3376 6366 3187 6366 1470 6366 1470 6367 3191 6367 3376 6367 3127 6368 3192 6368 3530 6368 3530 6369 3192 6369 3375 6369 3530 6370 3375 6370 3531 6370 3531 6371 3375 6371 3365 6371 3531 6372 3365 6372 3364 6372 3531 6373 3364 6373 3379 6373 3379 6374 3364 6374 3369 6374 3127 6375 3530 6375 3532 6375 3128 6376 3127 6376 3130 6376 3130 6377 3532 6377 3533 6377 3127 6378 3532 6378 3130 6378 3533 6379 3534 6379 3535 6379 3531 6380 3379 6380 3534 6380 3531 6381 3534 6381 3533 6381 3129 6382 3535 6382 3131 6382 3530 6383 3531 6383 3532 6383 3532 6384 3531 6384 3533 6384 3130 6385 3533 6385 3535 6385 3130 6386 3535 6386 3129 6386 3132 6387 3131 6387 3491 6387 3491 6388 3131 6388 3535 6388 3491 6389 3535 6389 3492 6389 3492 6390 3535 6390 3534 6390 3492 6391 3534 6391 3379 6391 3379 6392 3380 6392 3492 6392 3103 6393 3232 6393 3105 6393 3103 6394 3104 6394 3234 6394 3103 6395 3234 6395 3232 6395 3232 6396 3234 6396 3230 6396 3101 6397 3235 6397 3104 6397 3104 6398 3235 6398 3234 6398 3230 6399 3234 6399 125 6399 3106 6400 3233 6400 3107 6400 3233 6401 3231 6401 3536 6401 3233 6402 3536 6402 3107 6402 3107 6403 3536 6403 3229 6403 3107 6404 3229 6404 3108 6404 3108 6405 3229 6405 3109 6405 3229 6406 3110 6406 3109 6406 3231 6407 126 6407 3536 6407 3536 6408 126 6408 3229 6408 3116 6409 1275 6409 3226 6409 3115 6410 3228 6410 1275 6410 1275 6411 3228 6411 3226 6411 3228 6412 3115 6412 3224 6412 3112 6413 3224 6413 3113 6413 3113 6414 3224 6414 3115 6414 3224 6415 3112 6415 3111 6415 3111 6416 3112 6416 1271 6416 3117 6417 3214 6417 3118 6417 3214 6418 3217 6418 3118 6418 3118 6419 3217 6419 3119 6419 3217 6420 3213 6420 3119 6420 3217 6421 129 6421 3213 6421 3213 6422 3212 6422 3119 6422 3119 6423 3212 6423 3120 6423 3209 6424 3207 6424 3121 6424 3121 6425 3207 6425 3122 6425 3210 6426 118 6426 3202 6426 3210 6427 3202 6427 3537 6427 3537 6428 3202 6428 3204 6428 3538 6429 3537 6429 3204 6429 3539 6430 3538 6430 3204 6430 3539 6431 3204 6431 3126 6431 3208 6432 3210 6432 3537 6432 3208 6433 3537 6433 3538 6433 3125 6434 3539 6434 3126 6434 3206 6435 3208 6435 3538 6435 3206 6436 3538 6436 3539 6436 3123 6437 3206 6437 3124 6437 3124 6438 3206 6438 3539 6438 3124 6439 3539 6439 3125 6439 1480 6440 3201 6440 127 6440 141 6441 1478 6441 3540 6441 141 6442 3540 6442 1479 6442 1479 6443 3540 6443 1480 6443 3540 6444 3203 6444 1480 6444 1480 6445 3203 6445 3201 6445 1478 6446 1477 6446 3540 6446 3540 6447 1477 6447 3541 6447 3540 6448 3541 6448 3203 6448 1477 6449 1475 6449 3541 6449 3541 6450 3205 6450 3203 6450 1475 6451 1474 6451 3205 6451 1475 6452 3205 6452 3541 6452 1474 6453 1476 6453 3205 6453 3094 6454 3093 6454 3542 6454 3096 6455 3095 6455 3248 6455 3095 6456 3543 6456 3248 6456 3543 6457 3249 6457 3248 6457 3094 6458 3542 6458 3095 6458 3095 6459 3542 6459 3543 6459 3542 6460 3250 6460 3543 6460 3543 6461 3250 6461 3249 6461 3249 6462 3250 6462 132 6462 3093 6463 1486 6463 3542 6463 3542 6464 1486 6464 3250 6464 3102 6465 1239 6465 3246 6465 3246 6466 1239 6466 3097 6466 3246 6467 3097 6467 3247 6467 3247 6468 3097 6468 3099 6468 3099 6469 3245 6469 3247 6469 3245 6470 3099 6470 1233 6470 3245 6471 1233 6471 3100 6471 3387 6472 3388 6472 3544 6472 3387 6473 3544 6473 3545 6473 3545 6474 3544 6474 3546 6474 3545 6475 3546 6475 3547 6475 3547 6476 3546 6476 3080 6476 3080 6477 3079 6477 3547 6477 3082 6478 3081 6478 3548 6478 3082 6479 3548 6479 3083 6479 3083 6480 3548 6480 3549 6480 3548 6481 3544 6481 3549 6481 3549 6482 3544 6482 3388 6482 3081 6483 3080 6483 3546 6483 3081 6484 3546 6484 3548 6484 3548 6485 3546 6485 3544 6485 3084 6486 3083 6486 3549 6486 3084 6487 3549 6487 3550 6487 3550 6488 3549 6488 3388 6488 3550 6489 3388 6489 3386 6489 3084 6490 3086 6490 3085 6490 3084 6491 3550 6491 3086 6491 3550 6492 3551 6492 3086 6492 3086 6493 3551 6493 3087 6493 3550 6494 3386 6494 3551 6494 3087 6495 3551 6495 3088 6495 3386 6496 3385 6496 3552 6496 3386 6497 3552 6497 3551 6497 3551 6498 3552 6498 3553 6498 3551 6499 3553 6499 3554 6499 3551 6500 3554 6500 3088 6500 3088 6501 3554 6501 3089 6501 3555 6502 3556 6502 3557 6502 3385 6503 3558 6503 3552 6503 3552 6504 3558 6504 3553 6504 3385 6505 3559 6505 3558 6505 3553 6506 3560 6506 3554 6506 3554 6507 3560 6507 3090 6507 3554 6508 3090 6508 3089 6508 3558 6509 3561 6509 3553 6509 3553 6510 3561 6510 3560 6510 3559 6511 3562 6511 3558 6511 3558 6512 3562 6512 3561 6512 3561 6513 3563 6513 3560 6513 3560 6514 3563 6514 3090 6514 3563 6515 3092 6515 3090 6515 3090 6516 3092 6516 3091 6516 3562 6517 3556 6517 3561 6517 3561 6518 3556 6518 3563 6518 3563 6519 3556 6519 3555 6519 3563 6520 3555 6520 3092 6520 3092 6521 3555 6521 1155 6521 1155 6522 3555 6522 3557 6522 3074 6523 1155 6523 3557 6523 3074 6524 3557 6524 3564 6524 3564 6525 3557 6525 3556 6525 3564 6526 3556 6526 3565 6526 3565 6527 3556 6527 3562 6527 3565 6528 3562 6528 3566 6528 3566 6529 3562 6529 3559 6529 3566 6530 3559 6530 3567 6530 3567 6531 3559 6531 3385 6531 3567 6532 3385 6532 3387 6532 3079 6533 3078 6533 3547 6533 3545 6534 3567 6534 3387 6534 3078 6535 3077 6535 3568 6535 3078 6536 3568 6536 3547 6536 3547 6537 3568 6537 3545 6537 3545 6538 3568 6538 3567 6538 3567 6539 3568 6539 3566 6539 3076 6540 3569 6540 3077 6540 3077 6541 3569 6541 3568 6541 3568 6542 3569 6542 3566 6542 3076 6543 3075 6543 3569 6543 3569 6544 3565 6544 3566 6544 3569 6545 3075 6545 3564 6545 3569 6546 3564 6546 3565 6546 3075 6547 3074 6547 3564 6547 3016 6548 3017 6548 3392 6548 3392 6549 3017 6549 3393 6549 3017 6550 3018 6550 3393 6550 3393 6551 3018 6551 3019 6551 3393 6552 3019 6552 3429 6552 3429 6553 3019 6553 3020 6553 3429 6554 3020 6554 3430 6554 3430 6555 3020 6555 3021 6555 3430 6556 3021 6556 3426 6556 3426 6557 3021 6557 3022 6557 3426 6558 3022 6558 3427 6558 3427 6559 3022 6559 3023 6559 3427 6560 3023 6560 3428 6560 3428 6561 3023 6561 3024 6561 3428 6562 3024 6562 3423 6562 3423 6563 3024 6563 3025 6563 3423 6564 3025 6564 3424 6564 3424 6565 3025 6565 3026 6565 3424 6566 3026 6566 3425 6566 3425 6567 3026 6567 3027 6567 3425 6568 3027 6568 3420 6568 3420 6569 3027 6569 3028 6569 3420 6570 3028 6570 3421 6570 3421 6571 3028 6571 2980 6571 3421 6572 2980 6572 3422 6572 3422 6573 2980 6573 2977 6573 3422 6573 2977 6573 3417 6573 3417 6574 2977 6574 2978 6574 3417 6575 2978 6575 3418 6575 3418 6576 2978 6576 2974 6576 3418 6577 2974 6577 3419 6577 3419 6578 2974 6578 2983 6578 3419 6579 2983 6579 3413 6579 3413 6580 2983 6580 2985 6580 3413 6580 2985 6580 3414 6580 3414 6581 2985 6581 2987 6581 3414 6582 2987 6582 3415 6582 3415 6583 2987 6583 2989 6583 3415 6584 2989 6584 3416 6584 3416 6585 2989 6585 2991 6585 3416 6586 2991 6586 3391 6586 3391 6587 2991 6587 2993 6587 3391 6587 2993 6587 3412 6587 3412 6588 2993 6588 2995 6588 3412 6588 2995 6588 3409 6588 3409 6589 2995 6589 2997 6589 3409 6590 2997 6590 3410 6590 3410 6591 2997 6591 2999 6591 3410 6592 2999 6592 3411 6592 3411 6593 2999 6593 3001 6593 3411 6594 3001 6594 3406 6594 3406 6595 3001 6595 3003 6595 3406 6595 3003 6595 3407 6595 3407 6596 3003 6596 2982 6596 3407 6597 2982 6597 3408 6597 3408 6598 2982 6598 3029 6598 3408 6599 3029 6599 3403 6599 3403 6600 3029 6600 2981 6600 3403 6601 2981 6601 3404 6601 3404 6602 2981 6602 2973 6602 3404 6602 2973 6602 3405 6602 3405 6603 2973 6603 3006 6603 3405 6604 3006 6604 3400 6604 3400 6605 3006 6605 3007 6605 3400 6606 3007 6606 3401 6606 3401 6607 3007 6607 3008 6607 3401 6608 3008 6608 3402 6608 3402 6609 3008 6609 3009 6609 3402 6609 3009 6609 3397 6609 3397 6610 3009 6610 3010 6610 3397 6611 3010 6611 3398 6611 3398 6612 3010 6612 3011 6612 3398 6613 3011 6613 3399 6613 3399 6614 3011 6614 3012 6614 3399 6615 3012 6615 3394 6615 3394 6616 3012 6616 3013 6616 3394 6617 3013 6617 3395 6617 3395 6618 3013 6618 3014 6618 3395 6619 3014 6619 3396 6619 3396 6620 3014 6620 3015 6620 3396 6621 3015 6621 3389 6621 3389 6622 3015 6622 3016 6622 3389 6623 3016 6623 3390 6623 3390 6624 3016 6624 3392 6624 3031 6625 3570 6625 3571 6625 3572 6626 3030 6626 3031 6626 3572 6627 3031 6627 3573 6627 3572 6628 3573 6628 3574 6628 3431 6629 3060 6629 3575 6629 3575 6630 3060 6630 3576 6630 3575 6631 3576 6631 3577 6631 3432 6632 3431 6632 3578 6632 3578 6633 3431 6633 3575 6633 3434 6634 3432 6634 3579 6634 3579 6635 3432 6635 3578 6635 3578 6636 3575 6636 3577 6636 3571 6637 3573 6637 3031 6637 3574 6638 3437 6638 3434 6638 3574 6639 3434 6639 3579 6639 3579 6640 3578 6640 3580 6640 3573 6641 3571 6641 3436 6641 3436 6642 3571 6642 3439 6642 3436 6643 3574 6643 3573 6643 3439 6644 3571 6644 3570 6644 3577 6645 3576 6645 3581 6645 3577 6646 3581 6646 3582 6646 3583 6647 3577 6647 3582 6647 3583 6648 3582 6648 3036 6648 3580 6649 3578 6649 3577 6649 3580 6650 3577 6650 3583 6650 3583 6651 3036 6651 2975 6651 3436 6652 3437 6652 3574 6652 3574 6653 3579 6653 3580 6653 3574 6654 3580 6654 3572 6654 3572 6655 3580 6655 3583 6655 3572 6656 3583 6656 3030 6656 3030 6657 3583 6657 2975 6657 3031 6658 3035 6658 3570 6658 3570 6659 3035 6659 3584 6659 3570 6660 3584 6660 3439 6660 3440 6661 3585 6661 3586 6661 3586 6662 3585 6662 3034 6662 3586 6663 3034 6663 3033 6663 3035 6664 3034 6664 3584 6664 3584 6665 3034 6665 3585 6665 3440 6666 3442 6666 3585 6666 3585 6667 3442 6667 3587 6667 3585 6668 3587 6668 3584 6668 3584 6669 3587 6669 3438 6669 3584 6670 3438 6670 3439 6670 3588 6671 3449 6671 3447 6671 3589 6672 2979 6672 2970 6672 3033 6673 3032 6673 3590 6673 3590 6674 3591 6674 3033 6674 3032 6675 3592 6675 3590 6675 3586 6676 3033 6676 3591 6676 3444 6677 3441 6677 3591 6677 3591 6678 3441 6678 3586 6678 3586 6679 3441 6679 3440 6679 3591 6680 3590 6680 3593 6680 3444 6681 3593 6681 3445 6681 3593 6682 3444 6682 3591 6682 3590 6683 3592 6683 3593 6683 3593 6684 3594 6684 3445 6684 3594 6685 3595 6685 3447 6685 3594 6686 3447 6686 3445 6686 2979 6687 3589 6687 3592 6687 3592 6688 3589 6688 3596 6688 3592 6689 3596 6689 3594 6689 3594 6690 3596 6690 3595 6690 3597 6691 3589 6691 2968 6691 3589 6692 3597 6692 3598 6692 3589 6693 3598 6693 3596 6693 2970 6694 2968 6694 3589 6694 3595 6695 3596 6695 3588 6695 3596 6696 3598 6696 3588 6696 3595 6697 3588 6697 3447 6697 3594 6698 3593 6698 3592 6698 3592 6699 3032 6699 2979 6699 3473 5966 3599 5966 3472 5966 3472 5966 3599 5966 3600 5966 3472 5966 3600 5966 3471 5966 3471 5966 3600 5966 3601 5966 3471 5966 3601 5966 3470 5966 3470 5966 3601 5966 3602 5966 3470 5966 3602 5966 3469 5966 3469 5966 3602 5966 3603 5966 3469 5966 3603 5966 3468 5966 3468 5966 3603 5966 3604 5966 3468 6700 3604 6700 3467 6700 3467 5966 3604 5966 3605 5966 3467 5966 3605 5966 3466 5966 3454 5966 3606 5966 3453 5966 3453 5966 3606 5966 3607 5966 3453 5966 3607 5966 3452 5966 3452 5966 3607 5966 3608 5966 3452 5966 3608 5966 3451 5966 3451 5966 3608 5966 3609 5966 3451 5966 3609 5966 3450 5966 3450 5966 3609 5966 3610 5966 3450 5966 3610 5966 3487 5966 3487 5966 3610 5966 3611 5966 3487 6701 3611 6701 3486 6701 3486 5966 3611 5966 3612 5966 3486 5966 3612 5966 3485 5966 3479 5966 3613 5966 3478 5966 3478 6702 3613 6702 3614 6702 3478 5966 3614 5966 3477 5966 3477 5966 3614 5966 3615 5966 3477 5966 3615 5966 3476 5966 3476 6703 3615 6703 3616 6703 3476 6704 3616 6704 3475 6704 3475 6705 3616 6705 3617 6705 3475 5966 3617 5966 3474 5966 3474 6706 3617 6706 3618 6706 3474 5966 3618 5966 3473 5966 3473 5966 3618 5966 3619 5966 3473 5966 3619 5966 3599 5966 3460 5966 3620 5966 3459 5966 3459 6707 3620 6707 3621 6707 3459 5966 3621 5966 3458 5966 3458 5966 3621 5966 3622 5966 3458 5966 3622 5966 3457 5966 3457 6708 3622 6708 3623 6708 3457 6709 3623 6709 3456 6709 3456 6710 3623 6710 3624 6710 3456 5966 3624 5966 3455 5966 3455 6711 3624 6711 3625 6711 3455 5966 3625 5966 3454 5966 3454 5966 3625 5966 3626 5966 3454 5966 3626 5966 3606 5966 3612 6712 3627 6712 3485 6712 3485 5966 3627 5966 3628 5966 3485 5966 3628 5966 3484 5966 3484 5966 3628 5966 3629 5966 3484 6713 3629 6713 3483 6713 3483 6714 3629 6714 3630 6714 3483 5966 3630 5966 3482 5966 3482 6715 3630 6715 3631 6715 3482 5966 3631 5966 3481 5966 3481 5966 3631 5966 3632 5966 3481 6716 3632 6716 3480 6716 3480 6717 3632 6717 3633 6717 3480 5966 3633 5966 3479 5966 3479 5966 3633 5966 3634 5966 3479 6707 3634 6707 3613 6707 3605 6718 3635 6718 3466 6718 3466 5966 3635 5966 3636 5966 3466 5966 3636 5966 3465 5966 3465 5966 3636 5966 3637 5966 3465 6719 3637 6719 3464 6719 3464 6720 3637 6720 3638 6720 3464 5966 3638 5966 3463 5966 3463 6721 3638 6721 3639 6721 3463 5966 3639 5966 3462 5966 3462 5966 3639 5966 3640 5966 3462 6722 3640 6722 3461 6722 3461 6723 3640 6723 3641 6723 3461 5966 3641 5966 3460 5966 3460 5966 3641 5966 3642 5966 3460 6702 3642 6702 3620 6702 3643 6724 3644 6724 3645 6724 3645 6725 3644 6725 3646 6725 3647 6726 3643 6726 3645 6726 3648 6727 3647 6727 3645 6727 3645 6728 3649 6728 3648 6728 3650 6726 3651 6726 3645 6726 3645 6729 3652 6729 3650 6729 3645 6730 3653 6730 3652 6730 3654 6726 3655 6726 3645 6726 3645 6731 3655 6731 3653 6731 3656 6726 3654 6726 3645 6726 3657 6726 3656 6726 3645 6726 3645 6726 3646 6726 3657 6726 3658 6726 3659 6726 3660 6726 3660 6732 3659 6732 3661 6732 3662 6726 3658 6726 3660 6726 3660 6733 3663 6733 3662 6733 3660 6734 3664 6734 3663 6734 3665 6726 3666 6726 3660 6726 3660 6735 3666 6735 3664 6735 3667 6726 3665 6726 3660 6726 3660 6736 3668 6736 3667 6736 3660 6737 3669 6737 3668 6737 3660 6738 3670 6738 3671 6738 3672 6739 3673 6739 3660 6739 3660 6726 3673 6726 3670 6726 3660 6740 3661 6740 3672 6740 3038 6741 3576 6741 3060 6741 3041 6742 3581 6742 3043 6742 3043 6743 3581 6743 3576 6743 3043 6744 3576 6744 3038 6744 772 6745 3036 6745 3050 6745 3050 6746 3036 6746 3582 6746 3050 6747 3582 6747 3041 6747 3041 6748 3582 6748 3581 6748 3674 6749 3675 6749 3676 6749 3676 6750 3675 6750 3677 6750 3676 6751 3677 6751 3678 6751 3676 6752 3678 6752 3679 6752 3679 6753 3680 6753 3676 6753 3679 6754 3681 6754 3682 6754 3682 6755 3683 6755 3679 6755 3679 6756 3683 6756 3680 6756 3443 6757 3448 6757 3684 6757 3435 6758 3061 6758 3433 6758 3446 6759 3448 6759 3443 6759 3442 6760 3443 6760 3684 6760 3442 6761 3684 6761 3587 6761 3587 6762 3684 6762 3685 6762 3587 6763 3685 6763 3438 6763 3438 6764 3685 6764 3062 6764 3438 6765 3062 6765 3435 6765 3435 6766 3062 6766 3061 6766 3686 6767 3588 6767 3687 6767 2968 6768 2967 6768 3597 6768 3597 6769 2967 6769 3688 6769 3689 6770 3449 6770 3686 6770 3686 6771 3449 6771 3588 6771 3687 6772 3588 6772 3598 6772 3687 6773 3598 6773 3688 6773 3688 6774 3598 6774 3597 6774 3690 6775 3691 6775 3692 6775 3693 6776 3694 6776 3689 6776 3686 6777 3695 6777 3696 6777 3686 6778 3696 6778 3693 6778 3693 6779 3696 6779 3697 6779 3698 6780 3699 6780 3697 6780 3700 6781 3699 6781 3691 6781 3697 6782 3699 6782 3694 6782 3694 6783 3699 6783 3700 6783 3701 6784 3702 6784 3698 6784 3701 6785 3698 6785 3703 6785 3702 6786 3701 6786 3704 6786 3705 6787 3690 6787 3692 6787 3697 6788 3696 6788 3703 6788 3697 6789 3703 6789 3698 6789 3699 6790 3698 6790 3702 6790 3699 6791 3702 6791 3691 6791 3691 6792 3702 6792 3692 6792 3692 6793 3702 6793 3705 6793 3688 6794 2967 6794 3706 6794 3707 6795 3706 6795 2967 6795 3708 6796 3709 6796 3710 6796 3708 6797 3710 6797 3711 6797 3707 6798 3709 6798 3712 6798 3687 6799 3688 6799 3695 6799 3706 6800 3712 6800 3695 6800 3706 6801 3695 6801 3688 6801 3708 6802 3703 6802 3713 6802 3686 6803 3687 6803 3695 6803 3706 6804 3707 6804 3712 6804 3713 6805 3712 6805 3709 6805 3713 6806 3709 6806 3708 6806 3701 6807 3708 6807 3711 6807 3701 6808 3711 6808 3704 6808 3697 6809 3694 6809 3693 6809 2840 6810 3705 6810 3714 6810 3714 6811 3705 6811 3702 6811 3714 6812 3702 6812 3704 6812 3708 6813 3701 6813 3703 6813 3713 6814 3703 6814 3696 6814 3713 6815 3696 6815 3712 6815 3712 6816 3696 6816 3695 6816 3689 6817 3686 6817 3693 6817 3715 6818 3716 6818 3606 6818 3717 6819 3718 6819 3607 6819 3719 6820 3720 6820 3611 6820 3635 6821 3721 6821 3636 6821 3636 6822 3721 6822 3722 6822 3636 6823 3722 6823 3723 6823 3605 6824 3724 6824 3635 6824 3635 6825 3724 6825 3721 6825 3604 6826 3725 6826 3605 6826 3605 6827 3725 6827 3724 6827 3603 6828 3726 6828 3727 6828 3603 6829 3727 6829 3604 6829 3604 6830 3727 6830 3725 6830 3726 6831 3603 6831 3728 6831 3728 6832 3603 6832 3602 6832 3728 6833 3602 6833 3729 6833 3729 6834 3602 6834 3601 6834 3729 6835 3601 6835 3730 6835 3600 6836 3731 6836 3732 6836 3600 6837 3732 6837 3601 6837 3601 6838 3732 6838 3730 6838 3731 6839 3600 6839 3733 6839 3733 6840 3600 6840 3599 6840 3733 6841 3599 6841 3734 6841 3734 6842 3599 6842 3619 6842 3734 6843 3619 6843 3735 6843 3618 6844 3736 6844 3619 6844 3619 6845 3736 6845 3735 6845 3617 6846 3737 6846 3738 6846 3617 6847 3738 6847 3618 6847 3618 6848 3738 6848 3736 6848 3737 6849 3617 6849 3739 6849 3739 6850 3617 6850 3616 6850 3739 6851 3616 6851 3740 6851 3740 6852 3616 6852 3615 6852 3740 6853 3615 6853 3741 6853 3741 6854 3615 6854 3614 6854 3741 6855 3614 6855 3742 6855 3742 6856 3614 6856 3613 6856 3742 6857 3613 6857 3743 6857 3634 6858 3744 6858 3745 6858 3634 6859 3745 6859 3746 6859 3634 6860 3746 6860 3613 6860 3613 6861 3746 6861 3743 6861 3747 6862 3748 6862 3633 6862 3633 6863 3748 6863 3634 6863 3634 6864 3748 6864 3744 6864 3749 6865 3750 6865 3632 6865 3632 6866 3750 6866 3633 6866 3633 6867 3750 6867 3747 6867 3751 6868 3749 6868 3632 6868 3631 6869 3752 6869 3632 6869 3632 6870 3752 6870 3751 6870 3630 6871 3753 6871 3754 6871 3630 6872 3754 6872 3631 6872 3631 6873 3754 6873 3752 6873 3629 6874 3755 6874 3756 6874 3629 6875 3756 6875 3630 6875 3630 6876 3756 6876 3753 6876 3628 6877 3757 6877 3758 6877 3628 6878 3758 6878 3759 6878 3628 6879 3759 6879 3629 6879 3629 6880 3759 6880 3755 6880 3627 6881 3760 6881 3757 6881 3627 6882 3757 6882 3628 6882 3761 6883 3762 6883 3612 6883 3627 6884 3763 6884 3760 6884 3612 6885 3762 6885 3764 6885 3612 6886 3764 6886 3627 6886 3627 6887 3764 6887 3763 6887 3611 6888 3720 6888 3612 6888 3612 6889 3720 6889 3761 6889 3765 6890 3766 6890 3610 6890 3610 6891 3766 6891 3611 6891 3611 6892 3766 6892 3719 6892 3609 6893 3767 6893 3610 6893 3610 6894 3767 6894 3765 6894 3609 6895 3608 6895 3768 6895 3768 6896 3769 6896 3609 6896 3609 6897 3769 6897 3770 6897 3609 6898 3770 6898 3767 6898 3771 6899 3768 6899 3608 6899 3607 6900 3718 6900 3608 6900 3608 6901 3718 6901 3771 6901 3606 6902 3716 6902 3607 6902 3607 6903 3716 6903 3717 6903 3772 6904 3773 6904 3626 6904 3626 6905 3773 6905 3606 6905 3606 6906 3773 6906 3715 6906 3774 6907 3626 6907 3625 6907 3774 6908 3772 6908 3626 6908 3625 6909 3775 6909 3774 6909 3624 6910 3776 6910 3777 6910 3624 6911 3777 6911 3625 6911 3625 6912 3777 6912 3775 6912 3623 6913 3778 6913 3779 6913 3623 6914 3779 6914 3624 6914 3624 6915 3779 6915 3776 6915 3780 6916 3781 6916 3622 6916 3622 6917 3781 6917 3782 6917 3622 6918 3782 6918 3623 6918 3623 6919 3782 6919 3778 6919 3621 6920 3783 6920 3784 6920 3621 6921 3784 6921 3622 6921 3622 6922 3784 6922 3780 6922 3785 6923 3786 6923 3620 6923 3620 6924 3786 6924 3621 6924 3621 6925 3786 6925 3783 6925 3787 6926 3788 6926 3642 6926 3642 6927 3788 6927 3620 6927 3620 6928 3788 6928 3785 6928 3789 6929 3790 6929 3641 6929 3641 6930 3790 6930 3642 6930 3642 6931 3790 6931 3787 6931 3791 6932 3792 6932 3640 6932 3792 6933 3793 6933 3640 6933 3640 6934 3793 6934 3641 6934 3641 6935 3793 6935 3789 6935 3794 6936 3795 6936 3639 6936 3639 6937 3795 6937 3640 6937 3640 6938 3795 6938 3791 6938 3796 6939 3797 6939 3638 6939 3638 6940 3797 6940 3639 6940 3639 6941 3797 6941 3794 6941 3798 6942 3799 6942 3637 6942 3637 6943 3799 6943 3638 6943 3638 6944 3799 6944 3796 6944 3723 6945 3800 6945 3636 6945 3800 6946 3801 6946 3636 6946 3636 6947 3801 6947 3637 6947 3637 6948 3801 6948 3798 6948 3802 6949 3803 6949 2376 6949 3804 6950 3803 6950 3802 6950 3805 6951 3806 6951 3804 6951 3807 6952 3808 6952 3806 6952 3809 6953 3810 6953 3808 6953 3746 6954 3810 6954 3809 6954 3811 6955 3812 6955 3813 6955 3813 6956 3812 6956 3814 6956 3814 6957 3815 6957 3816 6957 3815 6958 3817 6958 3816 6958 3818 6959 3819 6959 3817 6959 3820 6960 2317 6960 3819 6960 3746 6961 3809 6961 3743 6961 3743 6962 3809 6962 3821 6962 3743 6963 3821 6963 3742 6963 3742 6964 3821 6964 3822 6964 3742 6965 3822 6965 3741 6965 3741 6966 3822 6966 3823 6966 3741 6967 3823 6967 3740 6967 3740 6968 3823 6968 3824 6968 3740 6969 3824 6969 3739 6969 3739 6970 3824 6970 3825 6970 3739 6971 3825 6971 3737 6971 3737 6972 3825 6972 3826 6972 3737 6973 3826 6973 3738 6973 3738 6974 3826 6974 3827 6974 3738 6975 3827 6975 3736 6975 3736 6976 3827 6976 3735 6976 3735 6977 3828 6977 3734 6977 3734 6978 3828 6978 3829 6978 3734 6979 3829 6979 3733 6979 3733 6980 3829 6980 3830 6980 3733 6981 3830 6981 3731 6981 3731 6982 3830 6982 3831 6982 3731 6983 3831 6983 3732 6983 3732 6984 3831 6984 3832 6984 3732 6985 3832 6985 3730 6985 3730 6986 3832 6986 3833 6986 3730 6987 3833 6987 3729 6987 3729 6988 3833 6988 3728 6988 3728 6989 3834 6989 3726 6989 3726 6990 3834 6990 3835 6990 3726 6991 3835 6991 3727 6991 3727 6992 3835 6992 3836 6992 3727 6993 3836 6993 3725 6993 3725 6994 3836 6994 3837 6994 3725 6995 3837 6995 3724 6995 3724 6996 3837 6996 3838 6996 3724 6997 3838 6997 3721 6997 3721 6998 3838 6998 3811 6998 3721 6999 3811 6999 3722 6999 3809 7000 3839 7000 3821 7000 3821 7001 3839 7001 3822 7001 3827 7002 3840 7002 3735 7002 3735 7003 3840 7003 3828 7003 3833 7004 3841 7004 3728 7004 3728 7005 3841 7005 3842 7005 3728 7006 3842 7006 3834 7006 3834 7007 3842 7007 3835 7007 3837 7008 3812 7008 3838 7008 3838 7009 3812 7009 3811 7009 3808 7010 3807 7010 3809 7010 3809 7011 3807 7011 3839 7011 3839 7012 3843 7012 3822 7012 3822 7013 3843 7013 3844 7013 3822 7014 3844 7014 3823 7014 3823 7015 3844 7015 3845 7015 3823 7016 3845 7016 3824 7016 3824 7017 3845 7017 3846 7017 3824 7018 3846 7018 3825 7018 3825 7019 3846 7019 3847 7019 3825 7020 3847 7020 3826 7020 3826 7021 3847 7021 3848 7021 3826 7022 3848 7022 3827 7022 3827 7023 3848 7023 3840 7023 3840 7024 3849 7024 3828 7024 3828 7025 3849 7025 3850 7025 3828 7026 3850 7026 3829 7026 3829 7027 3850 7027 3851 7027 3829 7028 3851 7028 3830 7028 3830 7029 3851 7029 3852 7029 3830 7030 3852 7030 3831 7030 3831 7031 3852 7031 3853 7031 3831 7032 3853 7032 3832 7032 3832 7033 3853 7033 3854 7033 3832 7034 3854 7034 3833 7034 3833 7035 3854 7035 3841 7035 3842 7036 3855 7036 3835 7036 3835 7037 3855 7037 3856 7037 3835 7038 3856 7038 3836 7038 3836 7039 3856 7039 3857 7039 3836 7040 3857 7040 3837 7040 3837 7041 3857 7041 3812 7041 3807 7042 3858 7042 3839 7042 3839 7043 3858 7043 3843 7043 3848 7044 3859 7044 3840 7044 3840 7045 3859 7045 3849 7045 3854 7046 3860 7046 3841 7046 3841 7047 3860 7047 3861 7047 3841 7048 3861 7048 3842 7048 3842 7049 3861 7049 3855 7049 3857 7050 3815 7050 3812 7050 3812 7051 3815 7051 3814 7051 3806 7052 3805 7052 3807 7052 3807 7053 3805 7053 3862 7053 3807 7054 3862 7054 3858 7054 3858 7055 3862 7055 3863 7055 3858 7056 3863 7056 3843 7056 3843 7057 3863 7057 3864 7057 3843 7058 3864 7058 3844 7058 3844 7059 3864 7059 3865 7059 3844 7060 3865 7060 3845 7060 3845 7061 3865 7061 3866 7061 3845 7062 3866 7062 3846 7062 3846 7063 3866 7063 3867 7063 3846 7064 3867 7064 3847 7064 3847 7065 3867 7065 3868 7065 3847 7066 3868 7066 3848 7066 3848 7067 3868 7067 3869 7067 3848 7068 3869 7068 3859 7068 3859 7069 3869 7069 3870 7069 3859 7070 3870 7070 3849 7070 3849 7071 3870 7071 3871 7071 3849 7072 3871 7072 3850 7072 3850 7073 3871 7073 3872 7073 3850 7074 3872 7074 3851 7074 3851 7075 3872 7075 3873 7075 3851 7076 3873 7076 3852 7076 3852 7077 3873 7077 3874 7077 3852 7078 3874 7078 3853 7078 3853 7079 3874 7079 3875 7079 3853 7080 3875 7080 3854 7080 3854 7081 3875 7081 3876 7081 3854 7082 3876 7082 3860 7082 3860 7083 3876 7083 3877 7083 3860 7084 3877 7084 3861 7084 3861 7085 3877 7085 3878 7085 3861 7086 3878 7086 3855 7086 3855 7087 3878 7087 3879 7087 3855 7088 3879 7088 3856 7088 3856 7089 3879 7089 3880 7089 3856 7090 3880 7090 3857 7090 3857 7091 3880 7091 3815 7091 3804 7092 3802 7092 3805 7092 3805 7093 3802 7093 3862 7093 3880 7094 3818 7094 3815 7094 3815 7095 3818 7095 3817 7095 2376 7096 3881 7096 3802 7096 3802 7097 3881 7097 3882 7097 3802 7098 3882 7098 3862 7098 3862 7099 3882 7099 3883 7099 3862 7100 3883 7100 3863 7100 3863 7101 3883 7101 3884 7101 3863 7102 3884 7102 3864 7102 3864 7103 3884 7103 3885 7103 3864 7104 3885 7104 3865 7104 3865 7105 3885 7105 3886 7105 3865 7106 3886 7106 3866 7106 3866 7107 3886 7107 3887 7107 3866 7108 3887 7108 3867 7108 3867 7109 3887 7109 3888 7109 3867 7110 3888 7110 3868 7110 3868 7111 3888 7111 3889 7111 3868 7112 3889 7112 3869 7112 3869 7113 3889 7113 3890 7113 3869 7114 3890 7114 3870 7114 3870 7115 3890 7115 3891 7115 3870 7116 3891 7116 3871 7116 3871 7117 3891 7117 3892 7117 3871 7118 3892 7118 3872 7118 3872 7119 3892 7119 3893 7119 3872 7120 3893 7120 3873 7120 3873 7121 3893 7121 3894 7121 3873 7122 3894 7122 3874 7122 3874 7123 3894 7123 3895 7123 3874 7124 3895 7124 3875 7124 3875 7125 3895 7125 3896 7125 3875 7126 3896 7126 3876 7126 3876 7127 3896 7127 3897 7127 3876 7128 3897 7128 3877 7128 3877 7129 3897 7129 3898 7129 3877 7130 3898 7130 3878 7130 3878 7131 3898 7131 3899 7131 3878 7132 3899 7132 3879 7132 3879 7133 3899 7133 3900 7133 3879 7134 3900 7134 3880 7134 3880 7135 3900 7135 3820 7135 3880 7136 3820 7136 3818 7136 3818 7137 3820 7137 3819 7137 3656 7138 3901 7138 3654 7138 3901 7139 3656 7139 3902 7139 3902 7140 3656 7140 3657 7140 3902 7141 3657 7141 3903 7141 3903 7142 3657 7142 3646 7142 3903 7143 3646 7143 3904 7143 3904 7144 3646 7144 3644 7144 3904 7145 3644 7145 3905 7145 3905 7146 3644 7146 3643 7146 3905 7147 3643 7147 3906 7147 3906 7148 3643 7148 3647 7148 3906 7149 3647 7149 3907 7149 3907 7150 3647 7150 3908 7150 3908 7151 3647 7151 3648 7151 3908 7152 3648 7152 3909 7152 3909 7153 3648 7153 3649 7153 3909 7154 3649 7154 3910 7154 3910 7155 3649 7155 3645 7155 3910 7156 3645 7156 3651 7156 3910 7157 3651 7157 3911 7157 3911 7158 3651 7158 3912 7158 3912 7159 3651 7159 3650 7159 3912 7160 3650 7160 3913 7160 3913 7161 3650 7161 3652 7161 3913 7162 3652 7162 3914 7162 3914 7163 3652 7163 3653 7163 3914 7164 3653 7164 3915 7164 3655 7165 3915 7165 3653 7165 3655 7166 3654 7166 3916 7166 3655 7167 3916 7167 3915 7167 3901 7168 3917 7168 3654 7168 3654 7169 3917 7169 3916 7169 3918 7170 3664 7170 3666 7170 3918 7171 3666 7171 3919 7171 3919 7172 3666 7172 3665 7172 3919 7173 3665 7173 3920 7173 3920 7174 3665 7174 3921 7174 3921 7175 3665 7175 3667 7175 3921 7176 3667 7176 3922 7176 3922 7177 3667 7177 3668 7177 3922 7178 3668 7178 3923 7178 3923 7179 3668 7179 3669 7179 3923 7180 3669 7180 3924 7180 3924 7181 3669 7181 3660 7181 3924 7182 3660 7182 3925 7182 3925 7183 3660 7183 3671 7183 3925 7184 3671 7184 3926 7184 3926 7185 3671 7185 3670 7185 3926 7186 3670 7186 3927 7186 3927 7187 3670 7187 3673 7187 3927 7188 3673 7188 3928 7188 3928 7189 3673 7189 3672 7189 3928 7190 3672 7190 3929 7190 3929 7191 3672 7191 3661 7191 3929 7192 3661 7192 3930 7192 3930 7193 3661 7193 3659 7193 3930 7194 3659 7194 3931 7194 3931 7195 3659 7195 3658 7195 3931 7196 3658 7196 3932 7196 3932 7197 3658 7197 3662 7197 3932 7198 3662 7198 3933 7198 3663 7199 3934 7199 3662 7199 3662 7200 3934 7200 3933 7200 3918 7201 3935 7201 3664 7201 3664 7202 3935 7202 3663 7202 3663 7203 3935 7203 3934 7203 2711 848 2710 848 2752 848 2711 848 2752 848 2712 848 2715 848 2714 848 2752 848 2752 848 2714 848 2713 848 2752 7204 2713 7204 2712 7204 2718 848 2717 848 2752 848 2752 848 2717 848 2716 848 2752 7205 2716 7205 2715 7205 2721 848 2720 848 2752 848 2752 7206 2720 7206 2719 7206 2752 7207 2719 7207 2718 7207 2724 848 2723 848 2752 848 2752 7208 2723 7208 2722 7208 2752 7209 2722 7209 2721 7209 2727 848 2726 848 2752 848 2752 7210 2726 7210 2725 7210 2752 7211 2725 7211 2724 7211 2730 7212 2729 7212 2752 7212 2752 7213 2729 7213 2728 7213 2752 7214 2728 7214 2727 7214 2733 848 2732 848 2752 848 2752 7215 2732 7215 2731 7215 2752 7216 2731 7216 2730 7216 2736 848 2735 848 2752 848 2752 7217 2735 7217 2734 7217 2752 7218 2734 7218 2733 7218 2739 7219 2738 7219 2752 7219 2752 7220 2738 7220 2737 7220 2752 7221 2737 7221 2736 7221 2742 848 2741 848 2752 848 2752 7222 2741 7222 2740 7222 2752 7223 2740 7223 2739 7223 2745 848 2744 848 2752 848 2752 7224 2744 7224 2743 7224 2752 7225 2743 7225 2742 7225 2748 848 2747 848 2752 848 2752 7226 2747 7226 2746 7226 2752 7227 2746 7227 2745 7227 2751 848 2750 848 2752 848 2752 848 2750 848 2749 848 2752 7228 2749 7228 2748 7228 2710 7229 2709 7229 2752 7229 3675 7230 3936 7230 3677 7230 3677 7231 3936 7231 3937 7231 3938 7232 3936 7232 3675 7232 3938 7233 3675 7233 3939 7233 3940 5318 3059 5318 3674 5318 3674 5318 3059 5318 3062 5318 3941 5318 3942 5318 3675 5318 3685 5318 3684 5318 3943 5318 3062 7234 3685 7234 3674 7234 3674 5318 3685 5318 3943 5318 3674 5318 3943 5318 3675 5318 3675 5318 3943 5318 3941 5318 3942 5318 3944 5318 3675 5318 3675 7235 3944 7235 3945 7235 3675 7236 3945 7236 3939 7236 3946 7237 3947 7237 3674 7237 3674 5318 3947 5318 3948 5318 3674 7238 3948 7238 3949 7238 3949 7239 3950 7239 3674 7239 3674 7240 3950 7240 3951 7240 3674 5318 3951 5318 3940 5318 3946 7241 3674 7241 3952 7241 3952 7242 3674 7242 3676 7242 3952 7243 3676 7243 3953 7243 3953 7244 3676 7244 3680 7244 3953 7245 3680 7245 3954 7245 3954 7246 3680 7246 3683 7246 3954 7247 3683 7247 3955 7247 3955 7248 3683 7248 3682 7248 3955 7249 3682 7249 3681 7249 3955 7250 3681 7250 3956 7250 3956 7251 3681 7251 3679 7251 3956 7252 3679 7252 3957 7252 3957 7253 3679 7253 3678 7253 3957 7254 3678 7254 3958 7254 3958 7255 3678 7255 3677 7255 3958 7256 3677 7256 3937 7256 3959 7257 3960 7257 3943 7257 3943 7258 3694 7258 3959 7258 3448 7259 3449 7259 3684 7259 3684 7260 3449 7260 3689 7260 3684 7261 3689 7261 3943 7261 3943 7262 3689 7262 3694 7262 3961 7263 3700 7263 3962 7263 3963 7264 3962 7264 3691 7264 3691 7265 3962 7265 3700 7265 3700 7266 3961 7266 3694 7266 3964 7267 2840 7267 2839 7267 3965 7268 3690 7268 3964 7268 3964 7269 3690 7269 3705 7269 3964 7270 3705 7270 2840 7270 3959 7271 3694 7271 3961 7271 3963 7272 3690 7272 3965 7272 3691 7273 3690 7273 3963 7273 3966 7274 3707 7274 2967 7274 3707 7275 3966 7275 3967 7275 3968 7276 3707 7276 3967 7276 3968 7277 3709 7277 3707 7277 3969 7278 3710 7278 3709 7278 3969 7279 3709 7279 3968 7279 3970 7280 3711 7280 3969 7280 3969 7281 3711 7281 3710 7281 3970 7282 3704 7282 3711 7282 3704 7283 3970 7283 3714 7283 3714 7284 3970 7284 3971 7284 3714 7285 3971 7285 2840 7285 2842 7286 2840 7286 3971 7286 2844 7287 2842 7287 3972 7287 3973 7288 2860 7288 743 7288 3973 7289 743 7289 2844 7289 2858 7290 2860 7290 3974 7290 3974 7291 2860 7291 3973 7291 2858 7292 3974 7292 3975 7292 2854 7293 2856 7293 3976 7293 3976 7294 2856 7294 3975 7294 3975 7295 2856 7295 2858 7295 2854 7296 3976 7296 3977 7296 2854 7297 3977 7297 2852 7297 2852 7298 3977 7298 3978 7298 2852 7299 3978 7299 2850 7299 2942 7300 2851 7300 3979 7300 2942 7301 3979 7301 3978 7301 2942 7302 3978 7302 2972 7302 3980 7303 2971 7303 3981 7303 3966 7304 2967 7304 2966 7304 3966 7305 2966 7305 3967 7305 3979 7306 2851 7306 2850 7306 3979 7307 2850 7307 3978 7307 2966 7308 2971 7308 3967 7308 3967 7309 2971 7309 3980 7309 3967 7310 3980 7310 3981 7310 3967 7311 3981 7311 3982 7311 3967 7312 3982 7312 3968 7312 3968 7313 3982 7313 3969 7313 3969 7314 3982 7314 3983 7314 3969 7315 3983 7315 3970 7315 3970 7316 3983 7316 3971 7316 3971 7317 3983 7317 3972 7317 3971 7318 3972 7318 2842 7318 3981 7319 2971 7319 2972 7319 3981 7320 2972 7320 3978 7320 3981 7321 3978 7321 3982 7321 3982 7322 3978 7322 3977 7322 3982 7323 3977 7323 3976 7323 3982 7324 3976 7324 3983 7324 3983 7325 3976 7325 3975 7325 3983 7326 3975 7326 3974 7326 3983 7327 3974 7327 3972 7327 3972 7328 3974 7328 3973 7328 3972 7329 3973 7329 2844 7329 3984 7330 3985 7330 3986 7330 3987 7331 3988 7331 2348 7331 3762 7332 3761 7332 3989 7332 3814 7333 3816 7333 3990 7333 3816 7334 3817 7334 3991 7334 3992 7335 2375 7335 3993 7335 3993 7336 2375 7336 2376 7336 2375 7337 3992 7337 2374 7337 2374 7338 3992 7338 3994 7338 2372 7339 2373 7339 3995 7339 3995 7340 2373 7340 3994 7340 3994 7341 2373 7341 2374 7341 2372 7342 3995 7342 3996 7342 3997 7343 2371 7343 3996 7343 3996 7344 2371 7344 2372 7344 3998 7345 2279 7345 3997 7345 3997 7346 2279 7346 2371 7346 3999 7347 2279 7347 3998 7347 4000 7348 2280 7348 3999 7348 3999 7349 2280 7349 2279 7349 4001 7350 2280 7350 4000 7350 4002 7351 2377 7351 4001 7351 4001 7352 2377 7352 2280 7352 4003 7353 2370 7353 4002 7353 4002 7354 2370 7354 2377 7354 4003 7355 2369 7355 2370 7355 2348 7356 2351 7356 4004 7356 2342 7357 2340 7357 4005 7357 2342 7358 4005 7358 2337 7358 4006 7359 2310 7359 2318 7359 2313 7360 2310 7360 4007 7360 4007 7361 2310 7361 4006 7361 4008 7362 2315 7362 2313 7362 4008 7363 2313 7363 4007 7363 2315 7364 4008 7364 4009 7364 2315 7365 4009 7365 2317 7365 4009 7366 3817 7366 3819 7366 3723 7367 3722 7367 4010 7367 3800 7368 4010 7368 4011 7368 4010 7369 3800 7369 3723 7369 4012 7370 3798 7370 3801 7370 4012 7371 3801 7371 4011 7371 4011 7372 3801 7372 3800 7372 3798 7373 4012 7373 4013 7373 3798 7374 4013 7374 3799 7374 3799 7375 4013 7375 4014 7375 3799 7376 4014 7376 3796 7376 4015 7377 3796 7377 4014 7377 3794 7378 3797 7378 4015 7378 4015 7379 3797 7379 3796 7379 4016 7380 3792 7380 3791 7380 4016 7381 3791 7381 4017 7381 4017 7382 3791 7382 3795 7382 3792 7383 4016 7383 4018 7383 3792 7384 4018 7384 3793 7384 3793 7385 4018 7385 4019 7385 3793 7386 4019 7386 3789 7386 4020 7387 3790 7387 3789 7387 4020 7388 3789 7388 4019 7388 3790 7389 4020 7389 4021 7389 3790 7390 4021 7390 3787 7390 4022 7391 3788 7391 3787 7391 4022 7392 3787 7392 4021 7392 4023 7393 3785 7393 3788 7393 4024 7394 3785 7394 4023 7394 4025 7395 3783 7395 3786 7395 4025 7396 3786 7396 4024 7396 4024 7397 3786 7397 3785 7397 3783 7398 4025 7398 4026 7398 3783 7399 4026 7399 3784 7399 3784 7400 4026 7400 4027 7400 3784 7401 4027 7401 3780 7401 3780 7402 4027 7402 4028 7402 3782 7403 3781 7403 4028 7403 4028 7404 3781 7404 3780 7404 4029 7405 3778 7405 3782 7405 3778 7406 4029 7406 3779 7406 3772 7407 3774 7407 4030 7407 4030 7408 3774 7408 3775 7408 3717 7409 4031 7409 3718 7409 3718 7410 4031 7410 4032 7410 4032 7411 3771 7411 3718 7411 4033 7412 3768 7412 3771 7412 3763 7413 3764 7413 4034 7413 4035 7414 3760 7414 4034 7414 4034 7415 3760 7415 3763 7415 3760 7416 4035 7416 3757 7416 3757 7417 4035 7417 4036 7417 4037 7418 3758 7418 4036 7418 4036 7419 3758 7419 3757 7419 3758 7420 4037 7420 3759 7420 3759 7421 4037 7421 4038 7421 3759 7422 4038 7422 3755 7422 3755 7423 4038 7423 4039 7423 4040 7424 3756 7424 4039 7424 4039 7425 3756 7425 3755 7425 4040 7426 3753 7426 3756 7426 4041 7427 3749 7427 3751 7427 4041 7428 3750 7428 3749 7428 3993 7429 2376 7429 3803 7429 4011 7430 4010 7430 4042 7430 4042 7431 4010 7431 3722 7431 4042 7432 3722 7432 3811 7432 4017 7433 3795 7433 4043 7433 3794 7434 4015 7434 4044 7434 4017 7435 4043 7435 4045 7435 4017 7436 4045 7436 4016 7436 4016 7437 4045 7437 4046 7437 4016 7438 4046 7438 4018 7438 4018 7439 4046 7439 4047 7439 4018 7440 4047 7440 4019 7440 4019 7441 4047 7441 4048 7441 4019 7442 4048 7442 4020 7442 4020 7443 4048 7443 4049 7443 4020 7444 4049 7444 4021 7444 4021 7445 4049 7445 4050 7445 4021 7446 4050 7446 4022 7446 4022 7447 4050 7447 4051 7447 4022 7448 4051 7448 4023 7448 4023 7449 4051 7449 4052 7449 4023 7450 4052 7450 4024 7450 4024 7451 4052 7451 4053 7451 4024 7452 4053 7452 4025 7452 4025 7453 4053 7453 4054 7453 4025 7454 4054 7454 4026 7454 4026 7455 4054 7455 4055 7455 4026 7456 4055 7456 4027 7456 4027 7457 4055 7457 4056 7457 4027 7458 4056 7458 4028 7458 4028 7459 4056 7459 4057 7459 4028 7460 4057 7460 4058 7460 4058 7461 4057 7461 4059 7461 4058 7462 4059 7462 4029 7462 4029 7463 4059 7463 4060 7463 4029 7464 4060 7464 4061 7464 4061 7465 4060 7465 4062 7465 4061 7466 4062 7466 4063 7466 4063 7467 4062 7467 4064 7467 4063 7468 4064 7468 4065 7468 3795 7469 3794 7469 4044 7469 3795 7470 4044 7470 4043 7470 4066 7471 4067 7471 4068 7471 4066 7472 4068 7472 4069 7472 4069 7473 4068 7473 4030 7473 4069 7474 4030 7474 4070 7474 4070 7475 4030 7475 4071 7475 4070 7476 4071 7476 4072 7476 3788 7477 4022 7477 4023 7477 3782 7478 4028 7478 4058 7478 3782 7479 4058 7479 4029 7479 3779 7480 4029 7480 4061 7480 3779 7481 4061 7481 3776 7481 3776 7482 4061 7482 4063 7482 3776 7483 4063 7483 3777 7483 3777 7484 4063 7484 4065 7484 3777 7485 4065 7485 3775 7485 3775 7486 4065 7486 4071 7486 3775 7487 4071 7487 4030 7487 4073 7488 4074 7488 4075 7488 4073 7489 4075 7489 4076 7489 4076 7490 4075 7490 4077 7490 4076 7491 4077 7491 4078 7491 4078 7492 4077 7492 4079 7492 4078 7493 4079 7493 4080 7493 4080 7494 4079 7494 4081 7494 4080 7495 4081 7495 4082 7495 4082 7496 4081 7496 4083 7496 4082 7497 4083 7497 4084 7497 4084 7498 4083 7498 4085 7498 4084 7499 4085 7499 4086 7499 4087 7500 4088 7500 4089 7500 4087 7501 4089 7501 4090 7501 4090 7502 4089 7502 4091 7502 4090 7503 4091 7503 4092 7503 4092 7504 4091 7504 4093 7504 4092 7505 4093 7505 4094 7505 4094 7506 4093 7506 4095 7506 4094 7507 4095 7507 4096 7507 4096 7508 4095 7508 4097 7508 4096 7509 4097 7509 4098 7509 4098 7510 4097 7510 4099 7510 4098 7511 4099 7511 4100 7511 4101 7512 4102 7512 4103 7512 4101 7513 4103 7513 4104 7513 4104 7514 4103 7514 4105 7514 4104 7515 4105 7515 4106 7515 4106 7516 4105 7516 4046 7516 4106 7517 4046 7517 4107 7517 4107 7518 4046 7518 4045 7518 4107 7519 4045 7519 4108 7519 4109 7520 4108 7520 4110 7520 4109 7521 4110 7521 4111 7521 3990 7522 4112 7522 4113 7522 3990 7523 4113 7523 3814 7523 4114 7524 4115 7524 4116 7524 4114 7525 4116 7525 4117 7525 4074 7526 4118 7526 4119 7526 4074 7527 4119 7527 4075 7527 4100 7528 4099 7528 4051 7528 4100 7529 4051 7529 4120 7529 4120 7530 4051 7530 4050 7530 4120 7531 4050 7531 4102 7531 4102 7532 4050 7532 4049 7532 4102 7533 4049 7533 4103 7533 3814 7534 4113 7534 3813 7534 4121 7535 4122 7535 4123 7535 4124 7536 4125 7536 3984 7536 3984 7537 4125 7537 4126 7537 3984 7538 4126 7538 3985 7538 3985 7539 4126 7539 4127 7539 3985 7540 4127 7540 4128 7540 4128 7541 4127 7541 4129 7541 4075 7542 4119 7542 4130 7542 4075 7543 4130 7543 4077 7543 4077 7544 4130 7544 4067 7544 4077 7545 4067 7545 4079 7545 4079 7546 4067 7546 4066 7546 4079 7547 4066 7547 4081 7547 4081 7548 4066 7548 4069 7548 4081 7549 4069 7549 4083 7549 4083 7550 4069 7550 4070 7550 4083 7551 4070 7551 4085 7551 4085 7552 4070 7552 4072 7552 4085 7553 4072 7553 4086 7553 4086 7554 4072 7554 4064 7554 4086 7555 4064 7555 4131 7555 4131 7556 4064 7556 4062 7556 4131 7557 4062 7557 4132 7557 4132 7558 4062 7558 4060 7558 4132 7559 4060 7559 4088 7559 4088 7560 4060 7560 4059 7560 4088 7561 4059 7561 4089 7561 4089 7562 4059 7562 4057 7562 4089 7563 4057 7563 4091 7563 4091 7564 4057 7564 4056 7564 4091 7565 4056 7565 4093 7565 4093 7566 4056 7566 4055 7566 4093 7567 4055 7567 4095 7567 4095 7568 4055 7568 4054 7568 4095 7569 4054 7569 4097 7569 4097 7570 4054 7570 4053 7570 4097 7571 4053 7571 4099 7571 4099 7572 4053 7572 4052 7572 4099 7573 4052 7573 4051 7573 4103 7574 4049 7574 4048 7574 4103 7575 4048 7575 4105 7575 4105 7576 4048 7576 4047 7576 4105 7577 4047 7577 4046 7577 4113 7578 4112 7578 4042 7578 4113 7579 4042 7579 3813 7579 3806 7580 3808 7580 4133 7580 4133 7581 3808 7581 4134 7581 4133 7582 4134 7582 4135 7582 4135 7583 4134 7583 4136 7583 4135 7584 4136 7584 4137 7584 4137 7585 4136 7585 4138 7585 4137 7586 4138 7586 4139 7586 4139 7587 4138 7587 4140 7587 4139 7588 4140 7588 4141 7588 4141 7589 4140 7589 4142 7589 4141 7590 4142 7590 4143 7590 4143 7591 4142 7591 4144 7591 4143 7592 4144 7592 4145 7592 4145 7593 4144 7593 4146 7593 4145 7594 4146 7594 4147 7594 4147 7595 4146 7595 4148 7595 4147 7596 4148 7596 4149 7596 4150 7597 4151 7597 4152 7597 4150 7598 4152 7598 4153 7598 4153 7599 4152 7599 4154 7599 4153 7600 4154 7600 4155 7600 4149 7601 4148 7601 4156 7601 4149 7602 4156 7602 4157 7602 4157 7603 4156 7603 4158 7603 4157 7604 4158 7604 4159 7604 4136 7605 4160 7605 4161 7605 4136 7606 4161 7606 4138 7606 4138 7607 4161 7607 4162 7607 4138 7608 4162 7608 4140 7608 4140 7609 4162 7609 4163 7609 4140 7610 4163 7610 4142 7610 4142 7611 4163 7611 4164 7611 4142 7612 4164 7612 4144 7612 4144 7613 4164 7613 4041 7613 4144 7614 4041 7614 4146 7614 4146 7615 4041 7615 4165 7615 4146 7616 4165 7616 4148 7616 4148 7617 4165 7617 4166 7617 4148 7618 4166 7618 4156 7618 4159 7619 4158 7619 4040 7619 4159 7620 4040 7620 4167 7620 4167 7621 4040 7621 4039 7621 4167 7622 4039 7622 4151 7622 4151 7623 4039 7623 4038 7623 4151 7624 4038 7624 4152 7624 4152 7625 4038 7625 4037 7625 4152 7626 4037 7626 4154 7626 4154 7627 4037 7627 4036 7627 4154 7628 4036 7628 4155 7628 4155 7629 4036 7629 4035 7629 4155 7630 4035 7630 4034 7630 3808 7631 3810 7631 4134 7631 4134 7632 3810 7632 4160 7632 4134 7633 4160 7633 4136 7633 4168 7634 4155 7634 4034 7634 4130 7635 4119 7635 3716 7635 3716 7636 4119 7636 4031 7636 4032 7637 4116 7637 3771 7637 3771 7638 4116 7638 4033 7638 4169 7639 3720 7639 4121 7639 4121 7640 3720 7640 3719 7640 4121 7641 3719 7641 4122 7641 4122 7642 3719 7642 3766 7642 3764 7643 3762 7643 4170 7643 4170 7644 3762 7644 3989 7644 4125 7645 3765 7645 4126 7645 4126 7646 3765 7646 3767 7646 4126 7647 3767 7647 4127 7647 4127 7648 3767 7648 3770 7648 4127 7649 3770 7649 4129 7649 4129 7650 3770 7650 3769 7650 4129 7651 3769 7651 4033 7651 4033 7652 3769 7652 3768 7652 4064 7653 4072 7653 4065 7653 4065 7654 4072 7654 4071 7654 4030 7655 4068 7655 3772 7655 3772 7656 4068 7656 4067 7656 3772 7657 4067 7657 3773 7657 3773 7658 4067 7658 4130 7658 3773 7659 4130 7659 3715 7659 3715 7660 4130 7660 3716 7660 3716 7661 4031 7661 3717 7661 3810 7662 3745 7662 4160 7662 4160 7663 3745 7663 4161 7663 4034 7664 4171 7664 4168 7664 4170 7665 4171 7665 3764 7665 3764 7666 4171 7666 4034 7666 4040 7667 4158 7667 3753 7667 3753 7668 4158 7668 4156 7668 3753 7669 4156 7669 3754 7669 3754 7670 4156 7670 4166 7670 3754 7671 4166 7671 3752 7671 3752 7672 4166 7672 4165 7672 3752 7673 4165 7673 3751 7673 3751 7674 4165 7674 4041 7674 4041 7675 4164 7675 3750 7675 3750 7676 4164 7676 4163 7676 3750 7677 4163 7677 3747 7677 3747 7678 4163 7678 4162 7678 3747 7679 4162 7679 3748 7679 3748 7680 4162 7680 4161 7680 3748 7681 4161 7681 3744 7681 3744 7682 4161 7682 3745 7682 3745 7683 3810 7683 3746 7683 4172 7684 2344 7684 4173 7684 4173 7685 2344 7685 2343 7685 4173 7686 2343 7686 4174 7686 4174 7687 2343 7687 4175 7687 2360 7688 2359 7688 4176 7688 4176 7689 2359 7689 4177 7689 3986 7690 3985 7690 3987 7690 3987 7691 3985 7691 4128 7691 3987 7692 4128 7692 4115 7692 4115 7693 4128 7693 4129 7693 3986 7694 4004 7694 4178 7694 4178 7695 4179 7695 4124 7695 4124 7696 4179 7696 4123 7696 2355 7697 2358 7697 4180 7697 4180 7698 2358 7698 4181 7698 4004 7699 2351 7699 4178 7699 4178 7700 2351 7700 4179 7700 4179 7701 4182 7701 4123 7701 4123 7702 4182 7702 4183 7702 4123 7703 4183 7703 4121 7703 4121 7704 4183 7704 4184 7704 4184 7705 4185 7705 3989 7705 3989 7706 4185 7706 4186 7706 4180 7707 4182 7707 2355 7707 2355 7708 4182 7708 2353 7708 2351 7709 2353 7709 4179 7709 4179 7710 2353 7710 4182 7710 4182 7711 4180 7711 4183 7711 4183 7712 4180 7712 4181 7712 4183 7713 4181 7713 4184 7713 4184 7714 4181 7714 4187 7714 4184 7715 4187 7715 4185 7715 4185 7716 4187 7716 4176 7716 4185 7717 4176 7717 4186 7717 4186 7718 4176 7718 4177 7718 4186 7719 4177 7719 4188 7719 4188 7720 4177 7720 4189 7720 2348 7721 4004 7721 3987 7721 3987 7722 4004 7722 3986 7722 3986 7723 4178 7723 3984 7723 3984 7724 4178 7724 4124 7724 4124 7725 4123 7725 4125 7725 4125 7726 4123 7726 4122 7726 4115 7727 4129 7727 4033 7727 4115 7728 4033 7728 4116 7728 4117 7729 4116 7729 4032 7729 4117 7730 4032 7730 4118 7730 4118 7731 4032 7731 4031 7731 4118 7732 4031 7732 4119 7732 4108 7733 4045 7733 4043 7733 4108 7734 4043 7734 4110 7734 4110 7735 4043 7735 4044 7735 4110 7736 4044 7736 4111 7736 4111 7737 4044 7737 4015 7737 4111 7738 4015 7738 4190 7738 4190 7739 4015 7739 4014 7739 4190 7740 4014 7740 4191 7740 4191 7741 4014 7741 4013 7741 4191 7742 4013 7742 4192 7742 4192 7743 4013 7743 4012 7743 4192 7744 4012 7744 4112 7744 4112 7745 4012 7745 4011 7745 4112 7746 4011 7746 4042 7746 3813 7747 4042 7747 3811 7747 2362 7748 2364 7748 4193 7748 4193 7749 2364 7749 2366 7749 4193 7750 2366 7750 4194 7750 4194 7751 2366 7751 2369 7751 4194 7752 2369 7752 4195 7752 4195 7753 2369 7753 4003 7753 3995 7754 3994 7754 4196 7754 4196 7755 3994 7755 4197 7755 4197 7756 3994 7756 3992 7756 4197 7757 3992 7757 4198 7757 4198 7758 3992 7758 4199 7758 4199 7759 3992 7759 3993 7759 2359 7760 2362 7760 4177 7760 4177 7761 2362 7761 4193 7761 4001 7762 4000 7762 4200 7762 4200 7763 4000 7763 3999 7763 4200 7764 3999 7764 4201 7764 4201 7765 3999 7765 3998 7765 4201 7766 3998 7766 4202 7766 4202 7767 3998 7767 3997 7767 4001 7768 4203 7768 4002 7768 4002 7769 4203 7769 4150 7769 4002 7770 4150 7770 4003 7770 4003 7771 4150 7771 4195 7771 4194 7772 4189 7772 4193 7772 4193 7773 4189 7773 4177 7773 4176 7774 4187 7774 2360 7774 2360 7775 4187 7775 2357 7775 2358 7776 2357 7776 4181 7776 4181 7777 2357 7777 4187 7777 4189 7778 4194 7778 4204 7778 4204 7779 4194 7779 4195 7779 3803 7780 3804 7780 3993 7780 3993 7781 3804 7781 4205 7781 3993 7782 4205 7782 4199 7782 3995 7783 4196 7783 4143 7783 3995 7784 4143 7784 3996 7784 3996 7785 4143 7785 4145 7785 3996 7786 4145 7786 3997 7786 3997 7787 4145 7787 4147 7787 3997 7788 4147 7788 4202 7788 4001 7789 4200 7789 4206 7789 4001 7790 4206 7790 4203 7790 4202 7791 4147 7791 4149 7791 4202 7792 4149 7792 4201 7792 4201 7793 4149 7793 4157 7793 4201 7794 4157 7794 4200 7794 4200 7795 4157 7795 4159 7795 4200 7796 4159 7796 4206 7796 4206 7797 4159 7797 4167 7797 4206 7798 4167 7798 4203 7798 4203 7799 4167 7799 4151 7799 4203 7800 4151 7800 4150 7800 4204 7801 4153 7801 4155 7801 4204 7802 4155 7802 4168 7802 4188 7803 4168 7803 4171 7803 4188 7804 4171 7804 4170 7804 4169 7805 3989 7805 3761 7805 4169 7806 3761 7806 3720 7806 3804 7807 3806 7807 4205 7807 4205 7808 3806 7808 4133 7808 4205 7809 4133 7809 4199 7809 4199 7810 4133 7810 4135 7810 4199 7811 4135 7811 4198 7811 4198 7812 4135 7812 4137 7812 4198 7813 4137 7813 4197 7813 4197 7814 4137 7814 4139 7814 4197 7815 4139 7815 4196 7815 4196 7816 4139 7816 4141 7816 4196 7817 4141 7817 4143 7817 4195 7818 4150 7818 4153 7818 4195 7819 4153 7819 4204 7819 4189 7820 4204 7820 4168 7820 4189 7821 4168 7821 4188 7821 4186 7822 4188 7822 4170 7822 4186 7823 4170 7823 3989 7823 4184 7824 3989 7824 4169 7824 4184 7825 4169 7825 4121 7825 4125 7826 4122 7826 3766 7826 4125 7827 3766 7827 3765 7827 4006 7828 4207 7828 4007 7828 4007 7829 4208 7829 4008 7829 4009 7830 3819 7830 2317 7830 2333 7831 2337 7831 4209 7831 2333 7832 4209 7832 2334 7832 2334 7833 4209 7833 4210 7833 2334 7834 4210 7834 2336 7834 2336 7835 4210 7835 4211 7835 2336 7836 4211 7836 2332 7836 2332 7837 4211 7837 4212 7837 2332 7838 4212 7838 2329 7838 2324 7839 2327 7839 4213 7839 2324 7840 4213 7840 2325 7840 2323 7841 2325 7841 4214 7841 2323 7842 4214 7842 2319 7842 2319 7843 4214 7843 4215 7843 2319 7844 4215 7844 2320 7844 2318 7845 4216 7845 4006 7845 4006 7846 4216 7846 4217 7846 4216 7847 2318 7847 4218 7847 4218 7848 2318 7848 2320 7848 4218 7849 2320 7849 4219 7849 4219 7850 2320 7850 4215 7850 4220 7851 4214 7851 2325 7851 4220 7852 2325 7852 4213 7852 4221 7853 4213 7853 2327 7853 4221 7854 2327 7854 2282 7854 4222 7855 2337 7855 4005 7855 4222 7856 4005 7856 4223 7856 4223 7857 4005 7857 2340 7857 4223 7858 2340 7858 4224 7858 4224 7859 2340 7859 2339 7859 4224 7860 2339 7860 4172 7860 4006 7861 4217 7861 4225 7861 4006 7862 4225 7862 4207 7862 4207 7863 4225 7863 4226 7863 4207 7864 4226 7864 4007 7864 4007 7865 4226 7865 4227 7865 4007 7866 4227 7866 4208 7866 4208 7867 4227 7867 4228 7867 4208 7868 4228 7868 4008 7868 4008 7869 4228 7869 4229 7869 4008 7870 4229 7870 4009 7870 4009 7871 4229 7871 3991 7871 4009 7872 3991 7872 3817 7872 4217 7873 4109 7873 4225 7873 3991 7874 4229 7874 3990 7874 3991 7875 3990 7875 3816 7875 4107 7876 4230 7876 4216 7876 4107 7877 4216 7877 4106 7877 4106 7878 4216 7878 4218 7878 4106 7879 4218 7879 4104 7879 4104 7880 4218 7880 4231 7880 4231 7881 4218 7881 4219 7881 4232 7882 4233 7882 4220 7882 4232 7883 4220 7883 4234 7883 4235 7884 4234 7884 4221 7884 4235 7885 4221 7885 4236 7885 4237 7886 4238 7886 4222 7886 4237 7887 4222 7887 4239 7887 4239 7888 4222 7888 4223 7888 4239 7889 4223 7889 4240 7889 4240 7890 4223 7890 4224 7890 4240 7891 4224 7891 4172 7891 4175 7892 3988 7892 4114 7892 4175 7893 4114 7893 4174 7893 4240 7894 4074 7894 4073 7894 4240 7895 4073 7895 4239 7895 4239 7896 4073 7896 4076 7896 4239 7897 4076 7897 4237 7897 4237 7898 4076 7898 4078 7898 4237 7899 4078 7899 4238 7899 4238 7900 4078 7900 4080 7900 4238 7901 4080 7901 4241 7901 4241 7902 4080 7902 4082 7902 4241 7903 4082 7903 4242 7903 4242 7904 4082 7904 4084 7904 4242 7905 4084 7905 4243 7905 4235 7906 4090 7906 4092 7906 4235 7907 4092 7907 4094 7907 4232 7908 4094 7908 4096 7908 4232 7909 4096 7909 4098 7909 4231 7910 4244 7910 4101 7910 4231 7911 4101 7911 4104 7911 4172 7912 4173 7912 4074 7912 4172 7913 4074 7913 4240 7913 4245 7914 4242 7914 4243 7914 4245 7915 4243 7915 4246 7915 4246 7916 4243 7916 4247 7916 4246 7917 4247 7917 4248 7917 4248 7918 4247 7918 4249 7918 4248 7919 4249 7919 4250 7919 4250 7920 4249 7920 4251 7920 4250 7921 4251 7921 4252 7921 4252 7922 4251 7922 4087 7922 4252 7923 4087 7923 4236 7923 4236 7924 4087 7924 4090 7924 4236 7925 4090 7925 4235 7925 4234 7926 4235 7926 4094 7926 4234 7927 4094 7927 4232 7927 4233 7928 4232 7928 4098 7928 4233 7929 4098 7929 4253 7929 4253 7930 4098 7930 4254 7930 4253 7931 4254 7931 4255 7931 4255 7932 4254 7932 4256 7932 4255 7933 4256 7933 4219 7933 4219 7934 4256 7934 4244 7934 4219 7935 4244 7935 4231 7935 2337 7936 4222 7936 4238 7936 2337 7937 4238 7937 4209 7937 4209 7938 4238 7938 4241 7938 4209 7939 4241 7939 4210 7939 4210 7940 4241 7940 4242 7940 4210 7941 4242 7941 4211 7941 4211 7942 4242 7942 4245 7942 4211 7943 4245 7943 4212 7943 4212 7944 4245 7944 4246 7944 4212 7945 4246 7945 2329 7945 2329 7946 4246 7946 4248 7946 2329 7947 4248 7947 2330 7947 2330 7948 4248 7948 4250 7948 2330 7949 4250 7949 2281 7949 2281 7950 4250 7950 4252 7950 2281 7951 4252 7951 2282 7951 2282 7952 4252 7952 4236 7952 2282 7953 4236 7953 4221 7953 4213 7954 4221 7954 4234 7954 4213 7955 4234 7955 4220 7955 4214 7956 4220 7956 4233 7956 4214 7957 4233 7957 4253 7957 4214 7958 4253 7958 4215 7958 4215 7959 4253 7959 4255 7959 4215 7960 4255 7960 4219 7960 4216 7961 4230 7961 4217 7961 4217 7962 4230 7962 4109 7962 2339 7963 2346 7963 4172 7963 4172 7964 2346 7964 2344 7964 2343 7965 2349 7965 4175 7965 4175 7966 2349 7966 2348 7966 4175 7967 2348 7967 3988 7967 3988 7968 3987 7968 4115 7968 3988 7969 4115 7969 4114 7969 4174 7970 4114 7970 4117 7970 4174 7971 4117 7971 4173 7971 4173 7972 4117 7972 4118 7972 4173 7973 4118 7973 4074 7973 4243 7974 4084 7974 4086 7974 4243 7975 4086 7975 4247 7975 4247 7976 4086 7976 4131 7976 4247 7977 4131 7977 4249 7977 4249 7978 4131 7978 4132 7978 4249 7979 4132 7979 4251 7979 4251 7980 4132 7980 4088 7980 4251 7981 4088 7981 4087 7981 4254 7982 4098 7982 4100 7982 4254 7983 4100 7983 4256 7983 4256 7984 4100 7984 4120 7984 4256 7985 4120 7985 4244 7985 4244 7986 4120 7986 4102 7986 4244 7987 4102 7987 4101 7987 4230 7988 4107 7988 4108 7988 4230 7989 4108 7989 4109 7989 4225 7990 4109 7990 4111 7990 4225 7991 4111 7991 4226 7991 4226 7992 4111 7992 4190 7992 4226 7993 4190 7993 4227 7993 4227 7994 4190 7994 4191 7994 4227 7995 4191 7995 4228 7995 4228 7996 4191 7996 4192 7996 4228 7997 4192 7997 4229 7997 4229 7998 4192 7998 4112 7998 4229 7999 4112 7999 3990 7999 4257 8000 3882 8000 3881 8000 4257 8001 3881 8001 2376 8001 4257 8002 2376 8002 2209 8002 3883 8003 4258 8003 3884 8003 3884 8004 4258 8004 4259 8004 4259 8005 4260 8005 3884 8005 4257 8006 4261 8006 3882 8006 3882 8007 4261 8007 3883 8007 3883 8008 4261 8008 4258 8008 3886 8009 3885 8009 4260 8009 3884 8010 4260 8010 3885 8010 4260 8011 4262 8011 3886 8011 3886 8012 4262 8012 3887 8012 4262 8013 4263 8013 3887 8013 3887 8014 4263 8014 4264 8014 3889 8015 4265 8015 3890 8015 3890 8016 4265 8016 4266 8016 3890 8017 4266 8017 4267 8017 3887 8018 4264 8018 3888 8018 3888 8019 4264 8019 4265 8019 3888 8020 4265 8020 3889 8020 3891 8021 4268 8021 3892 8021 3890 8022 4267 8022 3891 8022 3891 8023 4267 8023 4268 8023 3895 8024 4269 8024 3896 8024 4269 8025 3895 8025 4270 8025 4270 8026 3895 8026 3894 8026 3893 8027 4271 8027 3894 8027 3894 8028 4271 8028 4270 8028 4268 8029 4272 8029 3892 8029 3892 8030 4272 8030 3893 8030 3893 8031 4272 8031 4271 8031 4273 8032 4274 8032 3897 8032 3897 8033 4274 8033 3898 8033 3896 8034 4275 8034 3897 8034 3897 8035 4275 8035 4273 8035 3896 8036 4269 8036 4275 8036 2316 8037 2317 8037 3820 8037 2316 8038 3820 8038 4276 8038 4276 8039 3820 8039 4277 8039 4277 8040 3820 8040 3900 8040 4277 8041 3900 8041 3899 8041 4277 8042 3899 8042 4278 8042 4274 8043 3899 8043 3898 8043 4274 8044 4278 8044 3899 8044 4279 8045 4280 8045 4281 8045 4282 8046 4283 8046 4281 8046 4281 8047 4283 8047 4284 8047 4285 8048 4279 8048 4284 8048 4284 8049 4279 8049 4281 8049 4281 8050 4280 8050 4286 8050 4281 8051 4286 8051 4282 8051 4287 8052 4288 8052 4289 8052 4289 8053 4288 8053 4290 8053 4289 8054 4290 8054 4284 8054 4291 8055 4292 8055 4293 8055 4291 8056 4293 8056 4294 8056 4295 8057 4296 8057 4297 8057 4298 8058 4299 8058 4296 8058 4296 8059 4300 8059 4297 8059 4297 8060 4300 8060 4289 8060 4300 8061 4299 8061 4287 8061 4287 8062 4289 8062 4300 8062 4300 8063 4296 8063 4299 8063 4284 8064 4301 8064 4289 8064 4297 8065 4293 8065 4295 8065 4295 8066 4293 8066 4292 8066 4295 8067 4292 8067 4302 8067 4295 8068 4302 8068 4296 8068 4296 8069 4302 8069 4298 8069 4291 8070 4294 8070 4303 8070 4304 8071 4303 8071 4305 8071 4306 8072 4307 8072 4308 8072 4308 8073 4307 8073 4309 8073 4282 8074 4309 8074 4307 8074 4294 8075 4293 8075 4301 8075 4303 8076 4294 8076 4310 8076 4294 8077 4301 8077 4283 8077 4309 8078 4282 8078 4286 8078 4303 8079 4310 8079 4305 8079 4307 8080 4310 8080 4282 8080 4283 8081 4301 8081 4284 8081 4284 8082 4290 8082 4285 8082 4306 8083 4305 8083 4307 8083 4307 8084 4305 8084 4310 8084 4282 8085 4310 8085 4294 8085 4282 8086 4294 8086 4283 8086 4289 8087 4301 8087 4297 8087 4297 8088 4301 8088 4293 8088 4311 8089 4280 8089 4279 8089 4280 8090 4311 8090 4312 8090 4280 8091 4312 8091 4286 8091 4286 8092 4312 8092 4313 8092 4314 8093 4308 8093 4313 8093 4313 8094 4308 8094 4309 8094 4313 8095 4309 8095 4286 8095 4315 8096 4306 8096 4314 8096 4314 8097 4306 8097 4308 8097 4312 8098 4311 8098 4316 8098 4317 8099 4318 8099 4319 8099 4320 8100 4321 8100 4322 8100 4323 8101 4324 8101 4321 8101 4321 8102 4324 8102 4325 8102 4321 8103 4325 8103 4322 8103 4322 8104 4325 8104 4326 8104 4327 8105 4328 8105 4329 8105 4330 8106 4329 8106 4331 8106 4327 8107 4312 8107 4316 8107 4327 8108 4316 8108 4328 8108 4330 8109 4318 8109 4332 8109 4333 8110 4319 8110 4334 8110 4334 8111 4319 8111 4318 8111 4314 8112 4313 8112 4335 8112 4332 8113 4314 8113 4335 8113 4332 8114 4335 8114 4330 8114 4335 8115 4313 8115 4327 8115 4327 8116 4313 8116 4312 8116 4336 8117 4337 8117 4338 8117 4318 8118 4317 8118 4332 8118 4332 8119 4339 8119 4314 8119 4317 8120 4340 8120 4332 8120 4332 8121 4340 8121 4339 8121 4339 8122 4315 8122 4314 8122 4341 8123 4324 8123 4323 8123 4342 8124 4324 8124 4336 8124 4336 8125 4324 8125 4341 8125 4336 8126 4341 8126 4337 8126 4328 8127 4326 8127 4325 8127 4325 8128 4324 8128 4331 8128 4331 8129 4324 8129 4343 8129 4338 8130 4333 8130 4342 8130 4342 8131 4334 8131 4343 8131 4331 8132 4343 8132 4330 8132 4342 8133 4343 8133 4324 8133 4342 8134 4333 8134 4334 8134 4334 8135 4318 8135 4343 8135 4343 8136 4318 8136 4330 8136 4330 8137 4335 8137 4329 8137 4329 8138 4335 8138 4327 8138 4329 8139 4328 8139 4325 8139 4329 8140 4325 8140 4331 8140 4342 8141 4336 8141 4338 8141 4338 8142 4337 8142 4344 8142 4279 8143 3914 8143 3915 8143 3911 8144 4285 8144 4345 8144 3911 8145 4345 8145 3910 8145 3917 8146 4311 8146 4279 8146 3917 8147 4279 8147 3916 8147 4311 8148 3917 8148 3901 8148 3903 8149 4328 8149 4316 8149 3909 8150 4345 8150 3908 8150 3908 8151 4345 8151 4346 8151 3915 8152 3916 8152 4279 8152 3901 8153 3902 8153 4311 8153 4311 8154 3902 8154 3903 8154 4311 8155 3903 8155 4316 8155 3914 8156 4279 8156 4285 8156 3907 8157 3908 8157 4346 8157 3911 8158 3912 8158 4285 8158 4328 8159 3903 8159 3904 8159 4328 8160 3904 8160 4346 8160 3914 8161 4285 8161 3913 8161 3913 8162 4285 8162 3912 8162 3904 8163 3905 8163 4346 8163 4346 8164 3905 8164 3906 8164 4346 8165 3906 8165 3907 8165 3909 8166 3910 8166 4345 8166 4347 8167 3932 8167 3933 8167 4345 8168 4348 8168 3923 8168 3926 8169 4346 8169 3925 8169 3925 8170 4346 8170 4345 8170 4347 8171 3934 8171 3935 8171 4347 8172 3935 8172 4349 8172 4349 8173 3920 8173 4350 8173 3924 8174 3925 8174 4345 8174 4348 8175 4350 8175 3920 8175 4346 8176 3929 8176 4351 8176 3932 8177 4347 8177 4351 8177 4349 8178 3935 8178 3918 8178 4351 8179 3931 8179 3932 8179 3933 8180 3934 8180 4347 8180 3921 8181 4348 8181 3920 8181 4348 8182 3921 8182 3922 8182 4348 8183 3922 8183 3923 8183 3929 8184 3930 8184 4351 8184 4351 8185 3930 8185 3931 8185 4349 8186 3918 8186 3919 8186 3923 8187 3924 8187 4345 8187 3926 8188 3927 8188 4346 8188 4346 8189 3927 8189 3928 8189 4346 8190 3928 8190 3929 8190 4349 8191 3919 8191 3920 8191 4352 8192 4353 8192 4354 8192 4355 8193 4356 8193 4357 8193 4355 8194 4354 8194 4358 8194 4355 8195 4358 8195 4356 8195 4359 8196 4358 8196 4354 8196 4360 8197 4361 8197 4362 8197 4360 8198 4362 8198 4363 8198 4355 8199 4352 8199 4354 8199 4364 8200 4359 8200 4360 8200 4360 8201 4359 8201 4354 8201 4353 8202 4361 8202 4354 8202 4360 8203 4363 8203 4365 8203 4363 8204 4366 8204 4365 8204 4365 8205 4366 8205 4367 8205 4367 8206 4366 8206 4368 8206 4369 8207 4370 8207 4371 8207 4371 8208 4370 8208 4372 8208 4373 8209 4368 8209 4371 8209 4371 8210 4368 8210 4366 8210 4363 8211 4369 8211 4366 8211 4366 8212 4369 8212 4371 8212 4347 8213 4374 8213 4375 8213 4347 8214 4375 8214 4376 8214 4369 8215 4362 8215 4377 8215 4377 8216 4362 8216 4376 8216 4375 8217 4374 8217 4378 8217 4375 8218 4378 8218 4377 8218 4377 8219 4378 8219 4370 8219 4376 8220 4351 8220 4347 8220 4379 8221 4362 8221 4361 8221 4361 8222 4380 8222 4379 8222 4353 8223 4380 8223 4361 8223 4354 8224 4361 8224 4360 8224 4360 8225 4365 8225 4364 8225 4370 8226 4369 8226 4377 8226 4375 8227 4377 8227 4376 8227 4381 8228 4373 8228 4372 8228 4372 8229 4373 8229 4371 8229 4369 8230 4363 8230 4362 8230 4376 8231 4362 8231 4379 8231 4376 8232 4379 8232 4351 8232 4347 8233 4349 8233 4374 8233 4349 8234 4382 8234 4374 8234 4374 8235 4382 8235 4378 8235 4378 8236 4382 8236 4383 8236 4384 8237 4370 8237 4385 8237 4385 8238 4370 8238 4383 8238 4383 8239 4370 8239 4378 8239 4386 8240 4381 8240 4384 8240 4384 8241 4381 8241 4372 8241 4384 8242 4372 8242 4370 8242 4387 8243 4386 8243 4384 8243 4387 8244 4384 8244 4388 8244 4389 8245 4387 8245 4388 8245 4384 8246 4385 8246 4388 8246 4388 8247 4390 8247 4389 8247 4391 8248 4389 8248 4392 8248 4392 8249 4389 8249 4393 8249 4393 8250 4389 8250 4390 8250 4390 8251 4388 8251 4385 8251 4394 8252 4392 8252 4393 8252 4395 8253 4396 8253 4397 8253 4397 8254 4396 8254 4392 8254 4398 8255 4395 8255 4399 8255 4399 8256 4395 8256 4397 8256 4400 8257 4397 8257 4394 8257 4400 8258 4401 8258 4397 8258 4397 8259 4401 8259 4399 8259 4402 8260 4403 8260 4398 8260 4398 8261 4403 8261 4404 8261 4400 8262 4394 8262 4405 8262 4405 8263 4394 8263 4406 8263 4405 8264 4406 8264 4407 8264 4408 8265 4401 8265 4405 8265 4408 8266 4405 8266 4409 8266 4409 8267 4405 8267 4407 8267 4409 8268 4407 8268 4348 8268 4350 8269 4348 8269 4407 8269 4405 8270 4401 8270 4400 8270 4401 8271 4410 8271 4399 8271 4390 8272 4385 8272 4383 8272 4397 8273 4392 8273 4394 8273 4393 8274 4390 8274 4406 8274 4406 8275 4390 8275 4411 8275 4396 8276 4391 8276 4392 8276 4390 8277 4383 8277 4411 8277 4411 8278 4383 8278 4382 8278 4411 8279 4382 8279 4350 8279 4350 8280 4382 8280 4349 8280 4408 8281 4410 8281 4401 8281 4410 8282 4402 8282 4399 8282 4399 8283 4402 8283 4398 8283 4394 8284 4393 8284 4406 8284 4407 8285 4406 8285 4411 8285 4407 8286 4411 8286 4350 8286 4412 8287 4413 8287 3942 8287 3937 8288 3936 8288 3938 8288 3940 8289 3063 8289 3065 8289 3940 8290 3065 8290 3059 8290 3059 8291 3065 8291 1082 8291 4414 8292 4415 8292 3951 8292 3951 8293 4415 8293 3940 8293 3940 8294 4415 8294 3063 8294 3950 8295 4416 8295 4414 8295 3950 8296 4414 8296 3951 8296 4416 8297 3950 8297 3949 8297 4417 8298 4418 8298 3948 8298 3948 8299 4418 8299 3949 8299 3949 8300 4418 8300 4416 8300 4419 8301 4417 8301 3947 8301 3947 8302 4417 8302 3948 8302 3946 8303 3952 8303 3947 8303 3947 8304 3952 8304 4419 8304 4419 8305 3952 8305 4420 8305 4421 8306 3952 8306 4422 8306 4421 8307 4420 8307 3952 8307 3952 8308 3953 8308 4422 8308 4422 8309 3953 8309 3954 8309 4422 8310 3954 8310 3955 8310 3956 8311 4423 8311 4422 8311 4422 8312 3955 8312 3956 8312 3956 8313 1644 8313 4423 8313 3958 8314 4424 8314 3957 8314 1644 8315 3956 8315 4424 8315 4424 8316 3956 8316 3957 8316 3937 8317 4425 8317 4424 8317 3958 8318 3937 8318 4424 8318 3939 8319 4426 8319 3938 8319 3938 8320 4426 8320 4427 8320 4425 8321 3937 8321 3938 8321 4425 8322 3938 8322 4427 8322 3945 8323 4428 8323 3939 8323 3939 8324 4428 8324 4426 8324 3942 8325 4413 8325 3944 8325 4413 8326 4429 8326 3944 8326 3944 8327 4429 8327 3945 8327 3945 8328 4429 8328 4428 8328 3960 8329 4430 8329 3941 8329 3941 8330 4430 8330 4412 8330 3941 8331 4412 8331 3942 8331 3941 8332 3943 8332 3960 8332 4431 8333 4432 8333 4433 8333 4434 8334 3960 8334 4435 8334 4434 8335 4436 8335 4437 8335 4434 8336 4437 8336 4430 8336 4438 8337 4433 8337 1635 8337 1635 8338 4433 8338 4432 8338 4431 8339 4433 8339 4439 8339 4433 8340 4440 8340 4439 8340 4436 8341 4440 8341 4438 8341 4440 8342 4433 8342 4438 8342 4430 8343 3960 8343 4434 8343 4434 8344 4435 8344 4436 8344 4436 8345 4435 8345 4439 8345 4436 8346 4439 8346 4440 8346 4439 8347 4441 8347 4431 8347 4431 8348 4441 8348 4442 8348 3960 8349 3959 8349 4443 8349 4441 8350 4443 8350 4444 8350 4441 8351 4444 8351 4445 8351 4441 8352 4445 8352 4442 8352 3964 8353 2839 8353 4446 8353 4446 8354 4442 8354 4445 8354 4446 8355 4445 8355 3964 8355 4441 8356 4439 8356 4435 8356 4441 8357 4435 8357 4443 8357 4443 8358 4435 8358 3960 8358 3964 8359 4445 8359 3965 8359 3965 8360 4445 8360 4444 8360 3965 8361 4444 8361 3963 8361 3963 8362 4444 8362 3962 8362 3962 8363 4444 8363 4443 8363 3962 8364 4443 8364 3961 8364 3961 8365 4443 8365 3959 8365 4447 8366 4448 8366 4449 8366 2495 8367 2494 8367 4450 8367 4451 8368 4450 8368 4452 8368 4453 8369 4454 8369 4452 8369 4449 8370 4448 8370 4453 8370 4447 8371 4449 8371 4455 8371 4456 8372 4457 8372 4458 8372 4456 8373 4458 8373 4459 8373 4460 8374 4459 8374 4458 8374 4461 8375 4460 8375 4462 8375 4463 8376 4464 8376 4462 8376 4465 8377 4463 8377 4466 8377 4465 8378 4466 8378 4467 8378 4468 8379 4467 8379 4466 8379 4469 8380 4470 8380 4471 8380 4472 8381 4473 8381 4474 8381 4475 8382 4476 8382 4477 8382 4477 8383 4476 8383 4478 8383 4479 8384 4475 8384 4477 8384 4480 8385 4481 8385 4479 8385 4482 8386 4483 8386 4480 8386 4484 8387 4482 8387 4485 8387 1589 8388 4486 8388 2257 8388 2257 8389 4486 8389 4485 8389 2188 8390 2187 8390 4487 8390 2209 8391 2237 8391 4488 8391 2316 8392 4276 8392 2462 8392 2497 8393 2460 8393 4489 8393 2494 8394 2497 8394 4490 8394 4257 8395 2209 8395 4488 8395 4257 8396 4488 8396 4261 8396 4261 8397 4488 8397 4491 8397 4261 8398 4491 8398 4258 8398 4258 8399 4491 8399 4492 8399 4258 8400 4492 8400 4259 8400 4259 8401 4492 8401 4493 8401 4259 8402 4493 8402 4260 8402 4260 8403 4493 8403 4494 8403 4260 8404 4494 8404 4262 8404 4262 8405 4494 8405 4495 8405 4262 8406 4495 8406 4263 8406 4263 8407 4495 8407 4496 8407 4263 8408 4496 8408 4264 8408 4264 8409 4496 8409 4497 8409 4264 8410 4497 8410 4265 8410 4265 8411 4497 8411 4498 8411 4265 8412 4498 8412 4266 8412 4266 8413 4498 8413 4499 8413 4266 8414 4499 8414 4267 8414 4267 8415 4499 8415 4500 8415 4267 8416 4500 8416 4268 8416 4268 8417 4500 8417 4501 8417 4268 8418 4501 8418 4272 8418 4272 8419 4501 8419 4502 8419 4272 8420 4502 8420 4271 8420 4271 8421 4502 8421 4503 8421 4271 8422 4503 8422 4270 8422 4270 8423 4503 8423 4504 8423 4270 8424 4504 8424 4269 8424 4269 8425 4504 8425 4505 8425 4269 8426 4505 8426 4275 8426 4275 8427 4505 8427 4506 8427 4275 8428 4506 8428 4273 8428 4273 8429 4506 8429 4507 8429 4273 8430 4507 8430 4274 8430 4274 8431 4507 8431 4508 8431 4274 8432 4508 8432 4278 8432 4278 8433 4508 8433 4509 8433 4278 8434 4509 8434 4277 8434 4277 8435 4509 8435 4510 8435 4277 8436 4510 8436 4276 8436 4276 8437 4510 8437 4511 8437 4276 8438 4511 8438 2462 8438 2462 8439 4511 8439 2459 8439 2237 8440 2188 8440 4488 8440 4488 8441 2188 8441 4512 8441 4488 8442 4512 8442 4491 8442 4511 8443 4510 8443 4489 8443 4511 8444 4489 8444 2459 8444 2459 8445 4489 8445 2460 8445 4512 8446 2188 8446 4487 8446 4512 8447 4487 8447 4491 8447 4491 8448 4487 8448 4513 8448 4491 8449 4513 8449 4492 8449 4492 8450 4513 8450 4514 8450 4492 8451 4514 8451 4493 8451 4493 8452 4514 8452 4515 8452 4493 8453 4515 8453 4494 8453 4494 8454 4515 8454 4516 8454 4494 8455 4516 8455 4495 8455 4495 8456 4516 8456 4517 8456 4495 8457 4517 8457 4496 8457 4496 8458 4517 8458 4518 8458 4496 8459 4518 8459 4497 8459 4497 8460 4518 8460 4519 8460 4497 8461 4519 8461 4498 8461 4498 8462 4519 8462 4520 8462 4498 8463 4520 8463 4499 8463 4499 8464 4520 8464 4521 8464 4499 8465 4521 8465 4500 8465 4500 8466 4521 8466 4522 8466 4500 8467 4522 8467 4501 8467 4501 8468 4522 8468 4523 8468 4501 8469 4523 8469 4502 8469 4502 8470 4523 8470 4524 8470 4502 8471 4524 8471 4503 8471 4503 8472 4524 8472 4525 8472 4503 8473 4525 8473 4504 8473 4504 8474 4525 8474 4526 8474 4504 8475 4526 8475 4505 8475 4505 8476 4526 8476 4458 8476 4505 8477 4458 8477 4506 8477 4506 8478 4458 8478 4527 8478 4506 8479 4527 8479 4507 8479 4507 8480 4527 8480 4528 8480 4507 8481 4528 8481 4508 8481 4508 8482 4528 8482 4529 8482 4508 8483 4529 8483 4509 8483 4509 8484 4529 8484 4530 8484 4509 8485 4530 8485 4510 8485 4510 8486 4530 8486 4531 8486 4510 8487 4531 8487 4489 8487 4489 8488 4531 8488 4490 8488 4489 8489 4490 8489 2497 8489 2187 8490 2257 8490 4487 8490 4487 8491 2257 8491 4485 8491 4487 8492 4485 8492 4513 8492 4513 8493 4485 8493 4482 8493 4513 8494 4482 8494 4514 8494 4514 8495 4482 8495 4480 8495 4514 8496 4480 8496 4515 8496 4515 8497 4480 8497 4479 8497 4515 8498 4479 8498 4516 8498 4516 8499 4479 8499 4477 8499 4516 8500 4477 8500 4517 8500 4517 8501 4477 8501 4478 8501 4517 8502 4478 8502 4518 8502 4518 8503 4478 8503 4472 8503 4518 8504 4472 8504 4519 8504 4519 8505 4472 8505 4474 8505 4519 8506 4474 8506 4520 8506 4520 8507 4474 8507 4469 8507 4520 8508 4469 8508 4521 8508 4521 8509 4469 8509 4471 8509 4521 8510 4471 8510 4522 8510 4522 8511 4471 8511 4468 8511 4522 8512 4468 8512 4523 8512 4523 8513 4468 8513 4466 8513 4523 8514 4466 8514 4524 8514 4524 8515 4466 8515 4463 8515 4524 8516 4463 8516 4525 8516 4525 8517 4463 8517 4462 8517 4525 8518 4462 8518 4526 8518 4526 8519 4462 8519 4460 8519 4526 8520 4460 8520 4458 8520 4527 8521 4458 8521 4457 8521 4527 8522 4457 8522 4528 8522 4528 8523 4457 8523 4455 8523 4528 8524 4455 8524 4529 8524 4529 8525 4455 8525 4449 8525 4529 8526 4449 8526 4530 8526 4530 8527 4449 8527 4453 8527 4530 8528 4453 8528 4531 8528 4531 8529 4453 8529 4452 8529 4531 8530 4452 8530 4490 8530 4490 8531 4452 8531 4450 8531 4490 8532 4450 8532 2494 8532 2208 8533 2237 8533 2209 8533 4348 8534 4345 8534 4532 8534 4533 8535 4534 8535 4532 8535 4408 8536 4534 8536 4535 8536 4534 8537 4408 8537 4409 8537 4348 8538 4532 8538 4409 8538 4532 8539 4534 8539 4409 8539 4402 8540 4536 8540 4403 8540 4403 8541 4536 8541 4537 8541 4403 8542 4537 8542 4404 8542 4404 8543 4537 8543 4538 8543 4536 8544 4535 8544 4539 8544 4534 8545 4533 8545 4540 8545 4539 8546 4540 8546 4541 8546 4539 8547 4541 8547 4542 8547 4536 8548 4402 8548 4410 8548 4536 8549 4410 8549 4535 8549 4535 8550 4410 8550 4408 8550 4542 8551 4538 8551 4537 8551 4542 8552 4537 8552 4539 8552 4539 8553 4537 8553 4536 8553 4540 8554 4539 8554 4535 8554 4540 8555 4535 8555 4534 8555 4543 8556 4541 8556 4544 8556 4544 8557 4541 8557 4540 8557 4544 8558 4540 8558 4533 8558 4544 8559 4533 8559 4545 8559 4532 8560 4345 8560 4533 8560 4533 8561 4345 8561 4545 8561 4545 8562 4546 8562 4544 8562 4544 8563 4546 8563 4547 8563 4544 8564 4547 8564 4543 8564 4548 8565 4543 8565 4547 8565 4345 8566 4285 8566 4290 8566 4345 8567 4290 8567 4545 8567 4545 8568 4290 8568 4288 8568 4545 8569 4288 8569 4549 8569 4549 8570 4550 8570 4546 8570 4545 8571 4549 8571 4546 8571 4547 8572 4550 8572 4551 8572 4547 8573 4551 8573 4552 8573 4547 8574 4552 8574 4548 8574 4553 8575 4552 8575 4554 8575 4299 8576 4550 8576 4287 8576 4552 8577 4553 8577 4548 8577 4549 8578 4288 8578 4287 8578 4549 8579 4287 8579 4550 8579 4554 8580 4552 8580 4298 8580 4298 8581 4552 8581 4551 8581 4298 8582 4551 8582 4299 8582 4299 8583 4551 8583 4550 8583 4546 8584 4550 8584 4547 8584 4306 8585 4555 8585 4556 8585 4306 8586 4556 8586 4305 8586 4305 8587 4556 8587 4304 8587 4304 8588 4556 8588 4557 8588 4304 8589 4557 8589 4558 8589 4304 8590 4558 8590 4303 8590 4303 8591 4558 8591 4559 8591 4303 8592 4559 8592 4291 8592 4291 8593 4559 8593 4560 8593 4291 8594 4560 8594 4292 8594 4292 8595 4560 8595 4561 8595 4292 8596 4561 8596 4302 8596 4561 8597 4562 8597 4302 8597 4302 8598 4562 8598 4563 8598 4302 8599 4563 8599 4298 8599 4298 8600 4563 8600 4554 8600 4555 8601 4306 8601 4564 8601 4564 8602 4306 8602 4315 8602 4564 8603 4315 8603 4565 8603 4565 8604 4315 8604 4339 8604 4565 8605 4339 8605 4566 8605 4566 8606 4339 8606 4340 8606 4566 8607 4340 8607 4567 8607 4567 8608 4340 8608 4317 8608 4317 8609 4319 8609 4567 8609 4567 8610 4319 8610 4568 8610 4568 8611 4319 8611 4333 8611 4569 8612 4570 8612 4333 8612 4333 8613 4570 8613 4568 8613 4571 8614 4338 8614 4344 8614 4569 8615 4333 8615 4338 8615 4569 8616 4338 8616 4571 8616 4320 8617 4322 8617 4572 8617 4346 8618 4572 8618 4326 8618 4346 8619 4326 8619 4328 8619 4341 8620 4323 8620 4573 8620 4573 8621 4323 8621 4321 8621 4341 8622 4574 8622 4337 8622 4337 8623 4574 8623 4575 8623 4337 8624 4575 8624 4344 8624 4576 8625 4575 8625 4574 8625 4572 8626 4322 8626 4326 8626 4321 8627 4320 8627 4573 8627 4576 8628 4574 8628 4577 8628 4572 8629 4578 8629 4320 8629 4320 8630 4578 8630 4573 8630 4573 8631 4578 8631 4579 8631 4341 8632 4573 8632 4579 8632 4341 8633 4579 8633 4574 8633 4574 8634 4579 8634 4577 8634 4580 8635 4581 8635 4582 8635 4580 8636 4582 8636 4583 8636 4572 8637 4583 8637 4578 8637 4578 8638 4583 8638 4582 8638 4582 8639 4576 8639 4577 8639 4583 8640 4572 8640 4346 8640 4581 8641 4576 8641 4582 8641 4579 8642 4578 8642 4582 8642 4579 8643 4582 8643 4577 8643 4346 8644 4584 8644 4583 8644 4583 8645 4585 8645 4580 8645 4580 8646 4585 8646 4586 8646 4584 8647 4587 8647 4585 8647 4584 8648 4585 8648 4583 8648 4588 8649 4580 8649 4586 8649 4585 8650 4587 8650 4586 8650 4589 8651 4380 8651 4353 8651 4587 8652 4590 8652 4586 8652 4591 8653 4588 8653 4586 8653 4590 8654 4353 8654 4352 8654 4590 8655 4352 8655 4591 8655 4591 8656 4355 8656 4592 8656 4592 8657 4355 8657 4357 8657 4352 8658 4355 8658 4591 8658 4380 8659 4589 8659 4379 8659 4589 8660 4587 8660 4584 8660 4379 8661 4589 8661 4584 8661 4379 8662 4584 8662 4351 8662 4351 8663 4584 8663 4346 8663 4587 8664 4589 8664 4590 8664 4586 8665 4590 8665 4591 8665 4591 8666 4592 8666 4588 8666 4588 8667 4592 8667 4593 8667 4589 8668 4353 8668 4590 8668 4594 8669 4357 8669 4356 8669 4594 8670 4356 8670 4595 8670 4595 8671 4356 8671 4358 8671 4595 8672 4358 8672 4359 8672 4595 8673 4359 8673 4596 8673 4359 8674 4364 8674 4596 8674 4596 8675 4364 8675 4597 8675 4597 8676 4364 8676 4365 8676 4597 8677 4365 8677 4598 8677 4598 8678 4365 8678 4367 8678 4598 8679 4367 8679 4599 8679 4599 8680 4367 8680 4368 8680 4599 8681 4368 8681 4600 8681 4600 8682 4368 8682 4373 8682 4600 8683 4373 8683 4601 8683 4381 8684 4602 8684 4601 8684 4381 8685 4601 8685 4373 8685 4602 8686 4381 8686 4603 8686 4603 8687 4381 8687 4386 8687 4404 8688 4604 8688 4398 8688 4398 8689 4604 8689 4605 8689 4398 8690 4605 8690 4606 8690 4398 8691 4606 8691 4395 8691 4395 8692 4606 8692 4607 8692 4395 8693 4607 8693 4396 8693 4396 8694 4607 8694 4608 8694 4396 8695 4608 8695 4391 8695 4391 8696 4608 8696 4609 8696 4391 8697 4609 8697 4389 8697 4389 8698 4609 8698 4610 8698 4389 8699 4610 8699 4387 8699 4387 8700 4610 8700 4386 8700 4386 8701 4610 8701 4611 8701 4386 8702 4611 8702 4603 8702 4612 8703 1583 8703 1653 8703 4412 8704 4613 8704 4413 8704 4614 8705 4429 8705 4413 8705 4418 8706 4615 8706 4416 8706 4616 8707 4415 8707 4414 8707 4617 8708 4430 8708 4437 8708 4618 8709 4619 8709 4614 8709 4613 8710 4617 8710 4618 8710 4620 8711 4429 8711 4614 8711 4620 8712 4614 8712 4619 8712 4427 8713 4621 8713 1637 8713 4620 8714 1637 8714 4621 8714 4620 8715 4621 8715 4428 8715 4428 8716 4621 8716 4426 8716 4620 8717 4428 8717 4429 8717 4618 8718 4614 8718 4413 8718 4618 8719 4413 8719 4613 8719 4617 8720 4613 8720 4412 8720 4617 8721 4412 8721 4430 8721 4423 8722 1644 8722 1646 8722 4423 8723 1646 8723 1645 8723 3071 8724 3073 8724 4622 8724 4612 8725 4622 8725 4623 8725 4624 8726 4625 8726 4626 8726 3073 8727 3072 8727 4627 8727 4622 8728 3073 8728 4627 8728 4622 8729 4627 8729 4623 8729 1650 8730 4420 8730 4421 8730 1645 8731 4421 8731 4422 8731 1645 8732 4422 8732 4423 8732 4417 8733 4419 8733 4628 8733 4417 8734 4628 8734 4625 8734 4416 8735 4624 8735 4623 8735 4623 8736 4624 8736 4626 8736 4623 8737 4626 8737 4612 8737 4624 8738 4615 8738 4625 8738 4625 8739 4615 8739 4418 8739 4625 8740 4418 8740 4417 8740 4623 8741 4414 8741 4416 8741 4624 8742 4416 8742 4615 8742 4415 8743 4616 8743 3063 8743 4616 8744 3072 8744 3063 8744 4616 8745 4414 8745 4623 8745 4616 8746 4623 8746 4627 8746 4616 8747 4627 8747 3072 8747 1649 8748 1652 8748 4629 8748 1649 8749 4629 8749 1650 8749 1650 8750 4421 8750 1645 8750 1653 8751 3071 8751 4622 8751 1653 8752 4622 8752 4612 8752 1652 8753 4630 8753 4628 8753 1652 8754 4628 8754 4629 8754 1650 8755 4629 8755 4420 8755 1108 8756 3071 8756 1653 8756 1583 8757 4612 8757 4626 8757 1583 8758 4626 8758 1651 8758 1651 8759 4626 8759 4630 8759 4426 8760 4621 8760 4427 8760 4425 8761 4427 8761 1642 8761 4425 8762 1642 8762 4424 8762 4424 8763 1642 8763 1644 8763 4630 8764 1652 8764 1651 8764 1587 8765 4438 8765 1634 8765 1634 8766 4438 8766 1635 8766 4436 8767 4438 8767 4631 8767 4631 8768 4438 8768 1587 8768 4437 8769 4436 8769 4632 8769 4632 8770 4436 8770 4631 8770 4633 8771 4632 8771 4631 8771 4633 8772 4631 8772 1587 8772 4633 8773 1587 8773 1586 8773 1586 8774 1639 8774 4619 8774 1586 8775 4619 8775 4633 8775 4630 8776 4626 8776 4625 8776 4630 8777 4625 8777 4628 8777 4629 8778 4628 8778 4419 8778 4629 8779 4419 8779 4420 8779 1636 8780 1642 8780 4427 8780 1636 8781 4427 8781 1637 8781 1639 8782 1637 8782 4620 8782 1639 8783 4620 8783 4619 8783 4633 8784 4619 8784 4618 8784 4633 8785 4618 8785 4632 8785 4632 8786 4618 8786 4617 8786 4632 8787 4617 8787 4437 8787 2839 8788 2841 8788 4446 8788 4446 8789 2841 8789 4634 8789 4442 8790 4446 8790 4634 8790 4442 8791 4634 8791 4635 8791 4636 8792 4442 8792 4635 8792 4636 8793 4432 8793 4431 8793 4636 8794 4431 8794 4442 8794 4432 8795 4636 8795 1632 8795 4432 8796 1632 8796 1635 8796 1625 8797 1624 8797 1626 8797 2756 8798 4637 8798 4638 8798 1625 8799 1626 8799 4637 8799 1625 8800 4637 8800 2756 8800 2845 8801 742 8801 4639 8801 4639 8802 742 8802 4638 8802 4638 8803 742 8803 2818 8803 1626 8804 1628 8804 4637 8804 4637 8805 1628 8805 4640 8805 4637 8806 4640 8806 4638 8806 4638 8807 4640 8807 4641 8807 4638 8808 4641 8808 4642 8808 4638 8809 4642 8809 4639 8809 4639 8810 4642 8810 2845 8810 2845 8811 4642 8811 2843 8811 4638 8812 2818 8812 2757 8812 4638 8813 2757 8813 2756 8813 1628 8814 1630 8814 1632 8814 1628 8815 1632 8815 4640 8815 4640 8816 1632 8816 4636 8816 4640 8817 4636 8817 4641 8817 4641 8818 4636 8818 4635 8818 4641 8819 4635 8819 4642 8819 4642 8820 4635 8820 4634 8820 4642 8821 4634 8821 2843 8821 2843 8822 4634 8822 2841 8822 1620 8823 1622 8823 4643 8823 2763 8824 2762 8824 4644 8824 2769 8825 2770 8825 4645 8825 2788 8826 2790 8826 4646 8826 4454 8827 4453 8827 4647 8827 4460 8828 4461 8828 4648 8828 4479 8829 4481 8829 4649 8829 1589 8830 1592 8830 4486 8830 4486 8831 1592 8831 1593 8831 4650 8832 4482 8832 4651 8832 4651 8833 4482 8833 4484 8833 4651 8834 4484 8834 4485 8834 4482 8835 4650 8835 4652 8835 4482 8836 4652 8836 4483 8836 4649 8837 4481 8837 4480 8837 4649 8838 4480 8838 4652 8838 4652 8839 4480 8839 4483 8839 4653 8840 4475 8840 4649 8840 4649 8841 4475 8841 4479 8841 4475 8842 4653 8842 4654 8842 4475 8843 4654 8843 4476 8843 4655 8844 4478 8844 4654 8844 4654 8845 4478 8845 4476 8845 4656 8846 4473 8846 4472 8846 4656 8847 4472 8847 4655 8847 4655 8848 4472 8848 4478 8848 4473 8849 4656 8849 4474 8849 4474 8850 4656 8850 4657 8850 4658 8851 4469 8851 4657 8851 4657 8852 4469 8852 4474 8852 4659 8853 4471 8853 4658 8853 4658 8854 4471 8854 4470 8854 4658 8855 4470 8855 4469 8855 4471 8856 4659 8856 4468 8856 4468 8857 4659 8857 4660 8857 4661 8858 4467 8858 4660 8858 4660 8859 4467 8859 4468 8859 4662 8860 4464 8860 4663 8860 4663 8861 4464 8861 4463 8861 4663 8862 4463 8862 4661 8862 4661 8863 4463 8863 4465 8863 4661 8864 4465 8864 4467 8864 4648 8865 4461 8865 4462 8865 4648 8866 4462 8866 4662 8866 4662 8867 4462 8867 4464 8867 4664 8868 4459 8868 4648 8868 4648 8869 4459 8869 4460 8869 4459 8870 4664 8870 4665 8870 4459 8871 4665 8871 4456 8871 4666 8872 4457 8872 4665 8872 4665 8873 4457 8873 4456 8873 4667 8874 4447 8874 4455 8874 4667 8875 4455 8875 4666 8875 4666 8876 4455 8876 4457 8876 4447 8877 4667 8877 4448 8877 4448 8878 4667 8878 4668 8878 4647 8879 4453 8879 4668 8879 4668 8880 4453 8880 4448 8880 4454 8881 4647 8881 4452 8881 4452 8882 4647 8882 4669 8882 4452 8883 4669 8883 4451 8883 4670 8884 4450 8884 4669 8884 4669 8885 4450 8885 4451 8885 4670 8886 2526 8886 4450 8886 4450 8887 2526 8887 2495 8887 4670 8888 2527 8888 2526 8888 4671 8889 2530 8889 2527 8889 2525 8890 2530 8890 4671 8890 2520 8891 2522 8891 4672 8891 4672 8892 2522 8892 2524 8892 2514 8893 2516 8893 4673 8893 2516 8894 2518 8894 4673 8894 2512 8895 2514 8895 4674 8895 2708 8896 2513 8896 4675 8896 2509 8897 2708 8897 4675 8897 4676 8898 2505 8898 2510 8898 4677 8899 2506 8899 2505 8899 4677 8900 2504 8900 2506 8900 4678 8901 2503 8901 2504 8901 2503 8902 2793 8902 686 8902 2794 8903 4678 8903 2791 8903 2791 8904 4678 8904 4679 8904 2793 8905 2503 8905 4678 8905 2793 8906 4678 8906 2794 8906 2791 8907 4679 8907 4680 8907 2791 8908 4680 8908 2792 8908 4646 8909 2790 8909 2789 8909 4646 8910 2789 8910 4680 8910 4680 8911 2789 8911 2792 8911 4681 8912 2784 8912 4646 8912 4646 8913 2784 8913 2788 8913 2784 8914 4681 8914 4682 8914 2784 8915 4682 8915 2785 8915 4683 8916 2787 8916 4682 8916 4682 8917 2787 8917 2785 8917 4684 8918 2782 8918 2781 8918 4684 8919 2781 8919 4683 8919 4683 8920 2781 8920 2787 8920 2782 8921 4684 8921 2783 8921 2783 8922 4684 8922 4685 8922 4686 8923 2778 8923 4685 8923 4685 8924 2778 8924 2783 8924 4687 8925 2780 8925 4686 8925 4686 8926 2780 8926 2779 8926 4686 8927 2779 8927 2778 8927 2780 8928 4687 8928 2777 8928 2777 8929 4687 8929 4688 8929 4689 8930 2776 8930 4688 8930 4688 8931 2776 8931 2777 8931 4690 8932 2773 8932 4691 8932 4691 8933 2773 8933 2772 8933 4691 8934 2772 8934 4689 8934 4689 8935 2772 8935 2774 8935 4689 8936 2774 8936 2776 8936 4645 8937 2770 8937 2771 8937 4645 8938 2771 8938 4690 8938 4690 8939 2771 8939 2773 8939 4692 8940 2768 8940 4645 8940 4645 8941 2768 8941 2769 8941 2768 8942 4692 8942 4693 8942 2768 8943 4693 8943 2765 8943 4694 8944 2766 8944 4693 8944 4693 8945 2766 8945 2765 8945 4695 8946 2753 8946 2764 8946 4695 8947 2764 8947 4694 8947 4694 8948 2764 8948 2766 8948 2753 8949 4695 8949 2754 8949 2754 8950 4695 8950 4696 8950 4644 8951 2762 8951 4696 8951 4696 8952 2762 8952 2754 8952 2763 8953 4644 8953 2761 8953 2761 8954 4644 8954 4697 8954 2761 8955 4697 8955 2759 8955 4643 8956 2760 8956 4697 8956 4697 8957 2760 8957 2759 8957 1625 8958 2760 8958 1622 8958 1622 8959 2760 8959 4643 8959 1616 8960 1618 8960 4698 8960 4699 8961 1617 8961 1620 8961 4700 8962 1612 8962 1616 8962 4701 8963 1600 8963 1602 8963 4702 8964 1594 8964 1598 8964 4703 8965 1595 8965 1594 8965 1593 8966 4651 8966 4485 8966 1593 8967 4485 8967 4486 8967 2504 8968 4677 8968 4678 8968 4678 8969 4677 8969 4704 8969 4678 8970 4704 8970 4679 8970 4679 8971 4704 8971 4705 8971 4679 8972 4705 8972 4680 8972 4680 8973 4705 8973 4706 8973 4680 8974 4706 8974 4646 8974 4646 8975 4706 8975 4707 8975 4646 8976 4707 8976 4681 8976 4681 8977 4707 8977 4708 8977 4681 8978 4708 8978 4682 8978 4682 8979 4708 8979 4709 8979 4682 8980 4709 8980 4683 8980 4683 8981 4709 8981 4710 8981 4683 8982 4710 8982 4684 8982 4684 8983 4710 8983 4711 8983 4684 8984 4711 8984 4685 8984 4685 8985 4711 8985 4712 8985 4685 8986 4712 8986 4686 8986 4686 8987 4712 8987 4713 8987 4686 8988 4713 8988 4687 8988 4687 8989 4713 8989 4714 8989 4687 8990 4714 8990 4688 8990 4688 8991 4714 8991 4715 8991 4688 8992 4715 8992 4689 8992 4689 8993 4715 8993 4716 8993 4689 8994 4716 8994 4691 8994 4691 8995 4716 8995 4717 8995 4691 8996 4717 8996 4690 8996 4690 8997 4717 8997 4718 8997 4690 8998 4718 8998 4645 8998 4645 8999 4718 8999 4719 8999 4645 9000 4719 9000 4692 9000 4692 9001 4719 9001 4720 9001 4692 9002 4720 9002 4693 9002 4693 9003 4720 9003 4721 9003 4693 9004 4721 9004 4694 9004 4694 9005 4721 9005 4722 9005 4694 9006 4722 9006 4695 9006 4695 9007 4722 9007 4723 9007 4695 9008 4723 9008 4696 9008 4696 9009 4723 9009 4724 9009 4696 9010 4724 9010 4644 9010 4644 9011 4724 9011 4725 9011 4644 9012 4725 9012 4697 9012 4697 9013 4725 9013 4699 9013 4697 9014 4699 9014 4643 9014 4643 9015 4699 9015 1620 9015 2505 9016 4676 9016 4677 9016 4677 9017 4676 9017 4726 9017 4677 9018 4726 9018 4704 9018 4704 9019 4726 9019 4727 9019 4704 9020 4727 9020 4705 9020 4705 9021 4727 9021 4728 9021 4705 9022 4728 9022 4706 9022 4706 9023 4728 9023 4729 9023 4706 9024 4729 9024 4707 9024 4707 9025 4729 9025 4730 9025 4707 9026 4730 9026 4708 9026 4708 9027 4730 9027 4731 9027 4708 9028 4731 9028 4709 9028 4709 9029 4731 9029 4732 9029 4709 9030 4732 9030 4710 9030 4710 9031 4732 9031 4733 9031 4710 9032 4733 9032 4711 9032 4711 9033 4733 9033 4734 9033 4711 9034 4734 9034 4712 9034 4712 9035 4734 9035 4735 9035 4712 9036 4735 9036 4713 9036 4713 9037 4735 9037 4736 9037 4713 9038 4736 9038 4714 9038 4714 9039 4736 9039 4737 9039 4714 9040 4737 9040 4715 9040 4715 9041 4737 9041 4738 9041 4715 9042 4738 9042 4716 9042 4716 9043 4738 9043 4739 9043 4716 9044 4739 9044 4717 9044 4717 9045 4739 9045 4740 9045 4717 9046 4740 9046 4718 9046 4718 9047 4740 9047 4741 9047 4718 9048 4741 9048 4719 9048 4719 9049 4741 9049 4742 9049 4719 9050 4742 9050 4720 9050 4720 9051 4742 9051 4743 9051 4720 9052 4743 9052 4721 9052 4721 9053 4743 9053 4744 9053 4721 9054 4744 9054 4722 9054 4722 9055 4744 9055 4745 9055 4722 9056 4745 9056 4723 9056 4723 9057 4745 9057 4746 9057 4723 9058 4746 9058 4724 9058 4724 9059 4746 9059 4747 9059 4724 9060 4747 9060 4725 9060 4725 9061 4747 9061 4698 9061 4725 9062 4698 9062 4699 9062 4699 9063 4698 9063 1618 9063 4699 9064 1618 9064 1617 9064 2510 9065 2509 9065 4676 9065 4676 9066 2509 9066 4748 9066 4676 9067 4748 9067 4726 9067 4726 9068 4748 9068 4749 9068 4726 9069 4749 9069 4727 9069 4727 9070 4749 9070 4750 9070 4727 9071 4750 9071 4728 9071 4728 9072 4750 9072 4751 9072 4728 9073 4751 9073 4729 9073 4729 9074 4751 9074 4752 9074 4729 9075 4752 9075 4730 9075 4730 9076 4752 9076 4753 9076 4730 9077 4753 9077 4731 9077 4731 9078 4753 9078 4754 9078 4731 9079 4754 9079 4732 9079 4732 9080 4754 9080 4755 9080 4732 9081 4755 9081 4733 9081 4733 9082 4755 9082 4756 9082 4733 9083 4756 9083 4734 9083 4734 9084 4756 9084 4757 9084 4734 9085 4757 9085 4735 9085 4735 9086 4757 9086 4758 9086 4735 9087 4758 9087 4736 9087 4736 9088 4758 9088 4759 9088 4736 9089 4759 9089 4737 9089 4737 9090 4759 9090 4760 9090 4737 9091 4760 9091 4738 9091 4738 9092 4760 9092 4761 9092 4738 9093 4761 9093 4739 9093 4739 9094 4761 9094 4762 9094 4739 9095 4762 9095 4740 9095 4740 9096 4762 9096 4763 9096 4740 9097 4763 9097 4741 9097 4741 9098 4763 9098 4764 9098 4741 9099 4764 9099 4742 9099 4742 9100 4764 9100 4765 9100 4742 9101 4765 9101 4743 9101 4743 9102 4765 9102 4766 9102 4743 9103 4766 9103 4744 9103 4744 9104 4766 9104 4767 9104 4744 9105 4767 9105 4745 9105 4745 9106 4767 9106 4768 9106 4745 9107 4768 9107 4746 9107 4746 9108 4768 9108 4769 9108 4746 9109 4769 9109 4747 9109 4747 9110 4769 9110 4700 9110 4747 9111 4700 9111 4698 9111 4698 9112 4700 9112 1616 9112 2509 9113 4675 9113 4770 9113 2509 9114 4770 9114 4748 9114 4748 9115 4770 9115 4771 9115 4748 9116 4771 9116 4749 9116 4749 9117 4771 9117 4772 9117 4749 9118 4772 9118 4750 9118 4750 9119 4772 9119 4773 9119 4750 9120 4773 9120 4751 9120 4751 9121 4773 9121 4774 9121 4751 9122 4774 9122 4752 9122 4752 9123 4774 9123 4775 9123 4752 9124 4775 9124 4753 9124 4753 9125 4775 9125 4776 9125 4753 9126 4776 9126 4754 9126 4754 9127 4776 9127 4777 9127 4754 9128 4777 9128 4755 9128 4755 9129 4777 9129 4778 9129 4755 9130 4778 9130 4756 9130 4756 9131 4778 9131 4779 9131 4756 9132 4779 9132 4757 9132 4757 9133 4779 9133 4780 9133 4757 9134 4780 9134 4758 9134 4758 9135 4780 9135 4781 9135 4758 9136 4781 9136 4759 9136 4759 9137 4781 9137 4782 9137 4759 9138 4782 9138 4760 9138 4760 9139 4782 9139 4783 9139 4760 9140 4783 9140 4761 9140 4761 9141 4783 9141 4784 9141 4761 9142 4784 9142 4762 9142 4762 9143 4784 9143 4785 9143 4762 9144 4785 9144 4763 9144 4763 9145 4785 9145 4786 9145 4763 9146 4786 9146 4764 9146 4764 9147 4786 9147 4787 9147 4764 9148 4787 9148 4765 9148 4765 9149 4787 9149 4788 9149 4765 9150 4788 9150 4766 9150 4766 9151 4788 9151 4789 9151 4766 9152 4789 9152 4767 9152 4767 9153 4789 9153 4790 9153 4767 9154 4790 9154 4768 9154 4768 9155 4790 9155 4791 9155 4768 9156 4791 9156 4769 9156 4769 9157 4791 9157 1613 9157 4769 9158 1613 9158 4700 9158 4700 9159 1613 9159 1612 9159 2513 9160 2512 9160 4675 9160 4675 9161 2512 9161 4792 9161 4675 9162 4792 9162 4770 9162 4770 9163 4792 9163 4793 9163 4770 9164 4793 9164 4771 9164 4771 9165 4793 9165 4794 9165 4771 9166 4794 9166 4772 9166 4772 9167 4794 9167 4795 9167 4772 9168 4795 9168 4773 9168 4773 9169 4795 9169 4796 9169 4773 9170 4796 9170 4774 9170 4774 9171 4796 9171 4797 9171 4774 9172 4797 9172 4775 9172 4775 9173 4797 9173 4798 9173 4775 9174 4798 9174 4776 9174 4776 9175 4798 9175 4799 9175 4776 9176 4799 9176 4777 9176 4777 9177 4799 9177 4800 9177 4777 9178 4800 9178 4778 9178 4778 9179 4800 9179 4801 9179 4778 9180 4801 9180 4779 9180 4779 9181 4801 9181 4802 9181 4779 9182 4802 9182 4780 9182 4780 9183 4802 9183 4803 9183 4780 9184 4803 9184 4781 9184 4781 9185 4803 9185 4804 9185 4781 9186 4804 9186 4782 9186 4782 9187 4804 9187 4805 9187 4782 9188 4805 9188 4783 9188 4783 9189 4805 9189 4806 9189 4783 9190 4806 9190 4784 9190 4784 9191 4806 9191 4807 9191 4784 9192 4807 9192 4785 9192 4785 9193 4807 9193 4808 9193 4785 9194 4808 9194 4786 9194 4786 9195 4808 9195 4809 9195 4786 9196 4809 9196 4787 9196 4787 9197 4809 9197 4810 9197 4787 9198 4810 9198 4788 9198 4788 9199 4810 9199 4811 9199 4788 9200 4811 9200 4789 9200 4789 9201 4811 9201 4812 9201 4789 9202 4812 9202 4790 9202 4790 9203 4812 9203 4813 9203 4790 9204 4813 9204 4791 9204 4791 9205 4813 9205 1609 9205 4791 9206 1609 9206 1613 9206 1613 9207 1609 9207 1611 9207 2512 9208 4674 9208 4814 9208 2512 9209 4814 9209 4792 9209 4792 9210 4814 9210 4815 9210 4792 9211 4815 9211 4793 9211 4793 9212 4815 9212 4816 9212 4793 9213 4816 9213 4794 9213 4794 9214 4816 9214 4817 9214 4794 9215 4817 9215 4795 9215 4795 9216 4817 9216 4818 9216 4795 9217 4818 9217 4796 9217 4796 9218 4818 9218 4819 9218 4796 9219 4819 9219 4797 9219 4797 9220 4819 9220 4820 9220 4797 9221 4820 9221 4798 9221 4798 9222 4820 9222 4821 9222 4798 9223 4821 9223 4799 9223 4799 9224 4821 9224 4822 9224 4799 9225 4822 9225 4800 9225 4800 9226 4822 9226 4823 9226 4800 9227 4823 9227 4801 9227 4801 9228 4823 9228 4824 9228 4801 9229 4824 9229 4802 9229 4802 9230 4824 9230 4825 9230 4802 9231 4825 9231 4803 9231 4803 9232 4825 9232 4826 9232 4803 9233 4826 9233 4804 9233 4804 9234 4826 9234 4827 9234 4804 9235 4827 9235 4805 9235 4805 9236 4827 9236 4828 9236 4805 9237 4828 9237 4806 9237 4806 9238 4828 9238 4829 9238 4806 9239 4829 9239 4807 9239 4807 9240 4829 9240 4830 9240 4807 9241 4830 9241 4808 9241 4808 9242 4830 9242 4831 9242 4808 9243 4831 9243 4809 9243 4809 9244 4831 9244 4832 9244 4809 9245 4832 9245 4810 9245 4810 9246 4832 9246 4833 9246 4810 9247 4833 9247 4811 9247 4811 9248 4833 9248 4834 9248 4811 9249 4834 9249 4812 9249 4812 9250 4834 9250 4835 9250 4812 9251 4835 9251 4813 9251 4813 9252 4835 9252 4836 9252 4813 9253 4836 9253 1609 9253 1609 9254 4836 9254 1604 9254 1609 9255 1604 9255 1608 9255 2514 9256 4673 9256 4674 9256 4674 9257 4673 9257 4837 9257 4674 9258 4837 9258 4814 9258 4814 9259 4837 9259 4838 9259 4814 9260 4838 9260 4815 9260 4815 9261 4838 9261 4839 9261 4815 9262 4839 9262 4816 9262 4816 9263 4839 9263 4840 9263 4816 9264 4840 9264 4817 9264 4817 9265 4840 9265 4841 9265 4817 9266 4841 9266 4818 9266 4818 9267 4841 9267 4842 9267 4818 9268 4842 9268 4819 9268 4819 9269 4842 9269 4843 9269 4819 9270 4843 9270 4820 9270 4820 9271 4843 9271 4844 9271 4820 9272 4844 9272 4821 9272 4821 9273 4844 9273 4845 9273 4821 9274 4845 9274 4822 9274 4822 9275 4845 9275 4846 9275 4822 9276 4846 9276 4823 9276 4823 9277 4846 9277 4847 9277 4823 9278 4847 9278 4824 9278 4824 9279 4847 9279 4848 9279 4824 9280 4848 9280 4825 9280 4825 9281 4848 9281 4849 9281 4825 9282 4849 9282 4826 9282 4826 9283 4849 9283 4850 9283 4826 9284 4850 9284 4827 9284 4827 9285 4850 9285 4851 9285 4827 9286 4851 9286 4828 9286 4828 9287 4851 9287 4852 9287 4828 9288 4852 9288 4829 9288 4829 9289 4852 9289 4853 9289 4829 9290 4853 9290 4830 9290 4830 9291 4853 9291 4854 9291 4830 9292 4854 9292 4831 9292 4831 9293 4854 9293 4855 9293 4831 9294 4855 9294 4832 9294 4832 9295 4855 9295 4856 9295 4832 9296 4856 9296 4833 9296 4833 9297 4856 9297 4857 9297 4833 9298 4857 9298 4834 9298 4834 9299 4857 9299 4858 9299 4834 9300 4858 9300 4835 9300 4835 9301 4858 9301 1605 9301 4835 9302 1605 9302 4836 9302 4836 9303 1605 9303 1604 9303 2518 9304 2520 9304 4673 9304 4673 9305 2520 9305 4859 9305 4673 9306 4859 9306 4837 9306 4837 9307 4859 9307 4860 9307 4837 9308 4860 9308 4838 9308 4838 9309 4860 9309 4861 9309 4838 9310 4861 9310 4839 9310 4839 9311 4861 9311 4862 9311 4839 9312 4862 9312 4840 9312 4840 9313 4862 9313 4863 9313 4840 9314 4863 9314 4841 9314 4841 9315 4863 9315 4864 9315 4841 9316 4864 9316 4842 9316 4842 9317 4864 9317 4865 9317 4842 9318 4865 9318 4843 9318 4843 9319 4865 9319 4866 9319 4843 9320 4866 9320 4844 9320 4844 9321 4866 9321 4867 9321 4844 9322 4867 9322 4845 9322 4845 9323 4867 9323 4868 9323 4845 9324 4868 9324 4846 9324 4846 9325 4868 9325 4869 9325 4846 9326 4869 9326 4847 9326 4847 9327 4869 9327 4870 9327 4847 9328 4870 9328 4848 9328 4848 9329 4870 9329 4871 9329 4848 9330 4871 9330 4849 9330 4849 9331 4871 9331 4872 9331 4849 9332 4872 9332 4850 9332 4850 9333 4872 9333 4873 9333 4850 9334 4873 9334 4851 9334 4851 9335 4873 9335 4874 9335 4851 9336 4874 9336 4852 9336 4852 9337 4874 9337 4875 9337 4852 9338 4875 9338 4853 9338 4853 9339 4875 9339 4876 9339 4853 9340 4876 9340 4854 9340 4854 9341 4876 9341 4877 9341 4854 9342 4877 9342 4855 9342 4855 9343 4877 9343 4878 9343 4855 9344 4878 9344 4856 9344 4856 9345 4878 9345 4879 9345 4856 9346 4879 9346 4857 9346 4857 9347 4879 9347 4880 9347 4857 9348 4880 9348 4858 9348 4858 9349 4880 9349 4701 9349 4858 9350 4701 9350 1605 9350 1605 9351 4701 9351 1602 9351 2520 9352 4672 9352 4881 9352 2520 9353 4881 9353 4859 9353 4859 9354 4881 9354 4882 9354 4859 9355 4882 9355 4860 9355 4860 9356 4882 9356 4883 9356 4860 9357 4883 9357 4861 9357 4861 9358 4883 9358 4884 9358 4861 9359 4884 9359 4862 9359 4862 9360 4884 9360 4885 9360 4862 9361 4885 9361 4863 9361 4863 9362 4885 9362 4886 9362 4863 9363 4886 9363 4864 9363 4864 9364 4886 9364 4887 9364 4864 9365 4887 9365 4865 9365 4865 9366 4887 9366 4888 9366 4865 9367 4888 9367 4866 9367 4866 9368 4888 9368 4889 9368 4866 9369 4889 9369 4867 9369 4867 9370 4889 9370 4890 9370 4867 9371 4890 9371 4868 9371 4868 9372 4890 9372 4891 9372 4868 9373 4891 9373 4869 9373 4869 9374 4891 9374 4892 9374 4869 9375 4892 9375 4870 9375 4870 9376 4892 9376 4893 9376 4870 9377 4893 9377 4871 9377 4871 9378 4893 9378 4894 9378 4871 9379 4894 9379 4872 9379 4872 9380 4894 9380 4895 9380 4872 9381 4895 9381 4873 9381 4873 9382 4895 9382 4896 9382 4873 9383 4896 9383 4874 9383 4874 9384 4896 9384 4897 9384 4874 9385 4897 9385 4875 9385 4875 9386 4897 9386 4898 9386 4875 9387 4898 9387 4876 9387 4876 9388 4898 9388 4899 9388 4876 9389 4899 9389 4877 9389 4877 9390 4899 9390 4900 9390 4877 9391 4900 9391 4878 9391 4878 9392 4900 9392 4901 9392 4878 9393 4901 9393 4879 9393 4879 9394 4901 9394 4902 9394 4879 9395 4902 9395 4880 9395 4880 9396 4902 9396 1597 9396 4880 9397 1597 9397 4701 9397 4701 9398 1597 9398 1600 9398 2524 9399 2525 9399 4672 9399 4672 9400 2525 9400 4903 9400 4672 9401 4903 9401 4881 9401 4881 9402 4903 9402 4904 9402 4881 9403 4904 9403 4882 9403 4882 9404 4904 9404 4905 9404 4882 9405 4905 9405 4883 9405 4883 9406 4905 9406 4906 9406 4883 9407 4906 9407 4884 9407 4884 9408 4906 9408 4907 9408 4884 9409 4907 9409 4885 9409 4885 9410 4907 9410 4908 9410 4885 9411 4908 9411 4886 9411 4886 9412 4908 9412 4909 9412 4886 9413 4909 9413 4887 9413 4887 9414 4909 9414 4910 9414 4887 9415 4910 9415 4888 9415 4888 9416 4910 9416 4911 9416 4888 9417 4911 9417 4889 9417 4889 9418 4911 9418 4912 9418 4889 9419 4912 9419 4890 9419 4890 9420 4912 9420 4913 9420 4890 9421 4913 9421 4891 9421 4891 9422 4913 9422 4914 9422 4891 9423 4914 9423 4892 9423 4892 9424 4914 9424 4915 9424 4892 9425 4915 9425 4893 9425 4893 9426 4915 9426 4916 9426 4893 9427 4916 9427 4894 9427 4894 9428 4916 9428 4917 9428 4894 9429 4917 9429 4895 9429 4895 9430 4917 9430 4918 9430 4895 9431 4918 9431 4896 9431 4896 9432 4918 9432 4919 9432 4896 9433 4919 9433 4897 9433 4897 9434 4919 9434 4920 9434 4897 9435 4920 9435 4898 9435 4898 9436 4920 9436 4921 9436 4898 9437 4921 9437 4899 9437 4899 9438 4921 9438 4922 9438 4899 9439 4922 9439 4900 9439 4900 9440 4922 9440 4923 9440 4900 9441 4923 9441 4901 9441 4901 9442 4923 9442 4924 9442 4901 9443 4924 9443 4902 9443 4902 9444 4924 9444 4702 9444 4902 9445 4702 9445 1597 9445 1597 9446 4702 9446 1598 9446 2525 9447 4671 9447 4925 9447 2525 9448 4925 9448 4903 9448 4903 9449 4925 9449 4926 9449 4903 9450 4926 9450 4904 9450 4904 9451 4926 9451 4927 9451 4904 9452 4927 9452 4905 9452 4905 9453 4927 9453 4928 9453 4905 9454 4928 9454 4906 9454 4906 9455 4928 9455 4929 9455 4906 9456 4929 9456 4907 9456 4907 9457 4929 9457 4930 9457 4907 9458 4930 9458 4908 9458 4908 9459 4930 9459 4931 9459 4908 9460 4931 9460 4909 9460 4909 9461 4931 9461 4932 9461 4909 9462 4932 9462 4910 9462 4910 9463 4932 9463 4933 9463 4910 9464 4933 9464 4911 9464 4911 9465 4933 9465 4934 9465 4911 9466 4934 9466 4912 9466 4912 9467 4934 9467 4935 9467 4912 9468 4935 9468 4913 9468 4913 9469 4935 9469 4936 9469 4913 9470 4936 9470 4914 9470 4914 9471 4936 9471 4937 9471 4914 9472 4937 9472 4915 9472 4915 9473 4937 9473 4938 9473 4915 9474 4938 9474 4916 9474 4916 9475 4938 9475 4939 9475 4916 9476 4939 9476 4917 9476 4917 9477 4939 9477 4940 9477 4917 9478 4940 9478 4918 9478 4918 9479 4940 9479 4941 9479 4918 9480 4941 9480 4919 9480 4919 9481 4941 9481 4942 9481 4919 9482 4942 9482 4920 9482 4920 9483 4942 9483 4943 9483 4920 9484 4943 9484 4921 9484 4921 9485 4943 9485 4944 9485 4921 9486 4944 9486 4922 9486 4922 9487 4944 9487 4945 9487 4922 9488 4945 9488 4923 9488 4923 9489 4945 9489 4946 9489 4923 9490 4946 9490 4924 9490 4924 9491 4946 9491 4703 9491 4924 9492 4703 9492 4702 9492 4702 9493 4703 9493 1594 9493 2527 9494 4670 9494 4671 9494 4671 9495 4670 9495 4669 9495 4671 9496 4669 9496 4925 9496 4925 9497 4669 9497 4647 9497 4925 9498 4647 9498 4926 9498 4926 9499 4647 9499 4668 9499 4926 9500 4668 9500 4927 9500 4927 9501 4668 9501 4667 9501 4927 9502 4667 9502 4928 9502 4928 9503 4667 9503 4666 9503 4928 9504 4666 9504 4929 9504 4929 9505 4666 9505 4665 9505 4929 9506 4665 9506 4930 9506 4930 9507 4665 9507 4664 9507 4930 9508 4664 9508 4931 9508 4931 9509 4664 9509 4648 9509 4931 9510 4648 9510 4932 9510 4932 9511 4648 9511 4662 9511 4932 9512 4662 9512 4933 9512 4933 9513 4662 9513 4663 9513 4933 9514 4663 9514 4934 9514 4934 9515 4663 9515 4661 9515 4934 9516 4661 9516 4935 9516 4935 9517 4661 9517 4660 9517 4935 9518 4660 9518 4936 9518 4936 9519 4660 9519 4659 9519 4936 9520 4659 9520 4937 9520 4937 9521 4659 9521 4658 9521 4937 9522 4658 9522 4938 9522 4938 9523 4658 9523 4657 9523 4938 9524 4657 9524 4939 9524 4939 9525 4657 9525 4656 9525 4939 9526 4656 9526 4940 9526 4940 9527 4656 9527 4655 9527 4940 9528 4655 9528 4941 9528 4941 9529 4655 9529 4654 9529 4941 9530 4654 9530 4942 9530 4942 9531 4654 9531 4653 9531 4942 9532 4653 9532 4943 9532 4943 9533 4653 9533 4649 9533 4943 9534 4649 9534 4944 9534 4944 9535 4649 9535 4652 9535 4944 9536 4652 9536 4945 9536 4945 9537 4652 9537 4650 9537 4945 9538 4650 9538 4946 9538 4946 9539 4650 9539 4651 9539 4946 9540 4651 9540 4703 9540 4703 9541 4651 9541 1593 9541 4703 9542 1593 9542 1595 9542 4947 9543 4538 9543 4542 9543 4538 9544 4948 9544 4604 9544 4538 9545 4604 9545 4404 9545 4947 9546 4949 9546 4950 9546 4947 9547 4951 9547 4952 9547 4541 9548 4949 9548 4542 9548 4542 9549 4949 9549 4947 9549 4948 9550 4538 9550 4947 9550 4948 9551 4947 9551 4952 9551 4953 9552 1682 9552 4954 9552 4953 9553 4954 9553 4955 9553 1685 9554 1684 9554 4953 9554 4953 9555 1684 9555 1683 9555 1682 9556 4953 9556 1683 9556 4950 9557 4956 9557 4955 9557 4950 9558 4955 9558 4957 9558 4957 9559 4955 9559 4954 9559 4955 9560 4956 9560 1685 9560 4955 9561 1685 9561 4953 9561 4950 9562 4957 9562 4951 9562 4950 9563 4951 9563 4947 9563 4950 9564 4949 9564 4956 9564 4956 9565 4958 9565 1686 9565 4956 9566 1686 9566 1685 9566 4958 9567 4956 9567 4949 9567 4958 9568 4949 9568 4959 9568 4959 9569 4949 9569 4543 9569 4543 9570 4949 9570 4541 9570 4543 9571 4548 9571 4959 9571 4959 9572 4548 9572 4960 9572 4959 9573 4960 9573 4958 9573 4958 9574 4960 9574 4961 9574 4958 9575 4961 9575 1686 9575 1686 9576 4961 9576 1687 9576 4962 9577 4963 9577 4961 9577 4553 9578 4554 9578 4964 9578 4553 9579 4964 9579 4965 9579 4966 9580 4548 9580 4553 9580 4961 9581 4963 9581 4967 9581 4961 9582 4967 9582 1687 9582 4962 9583 4968 9583 4963 9583 4963 9584 4968 9584 4969 9584 4963 9585 4969 9585 4967 9585 4970 9586 4966 9586 4965 9586 4965 9587 4966 9587 4553 9587 4548 9588 4966 9588 4960 9588 1691 9589 1688 9589 4967 9589 1689 9590 1691 9590 4967 9590 1689 9591 4967 9591 4969 9591 4967 9592 1688 9592 1687 9592 4966 9593 4970 9593 4968 9593 4966 9594 4968 9594 4962 9594 4961 9595 4960 9595 4962 9595 4962 9596 4960 9596 4966 9596 4971 9597 1690 9597 4972 9597 4972 9598 1690 9598 1689 9598 1692 9599 1690 9599 4971 9599 4563 9600 4964 9600 4554 9600 4973 9601 4974 9601 4975 9601 4976 9602 4972 9602 4974 9602 4971 9603 4976 9603 4977 9603 4978 9604 4971 9604 4977 9604 4978 9605 4977 9605 4979 9605 4979 9606 4977 9606 4980 9606 4981 9607 4982 9607 4983 9607 4976 9608 4971 9608 4972 9608 4972 9609 1689 9609 4969 9609 4971 9610 4978 9610 1692 9610 4984 9611 4983 9611 4978 9611 4978 9612 4983 9612 4982 9612 4978 9613 4982 9613 1693 9613 1693 9614 1692 9614 4978 9614 4984 9615 4978 9615 4979 9615 4985 9616 4986 9616 4979 9616 4985 9617 4979 9617 4980 9617 4980 9618 4977 9618 4987 9618 4987 9619 4977 9619 4976 9619 4987 9620 4976 9620 4974 9620 4975 9621 4974 9621 4972 9621 4975 9622 4972 9622 4969 9622 4555 9623 4988 9623 4556 9623 4988 9624 4984 9624 4986 9624 4988 9625 4986 9625 4556 9625 4555 9626 4989 9626 4988 9626 4988 9627 4989 9627 4984 9627 4984 9628 4989 9628 4983 9628 4984 9629 4979 9629 4986 9629 4558 9630 4985 9630 4559 9630 4559 9631 4990 9631 4560 9631 4560 9632 4990 9632 4561 9632 4561 9633 4990 9633 4991 9633 4561 9634 4991 9634 4562 9634 4557 9635 4985 9635 4558 9635 4987 9636 4973 9636 4992 9636 4992 9637 4973 9637 4970 9637 4992 9638 4970 9638 4965 9638 4975 9639 4969 9639 4968 9639 4975 9640 4968 9640 4973 9640 4973 9641 4968 9641 4970 9641 4991 9642 4990 9642 4993 9642 4980 9643 4990 9643 4985 9643 4994 9644 4964 9644 4563 9644 4994 9645 4991 9645 4995 9645 4995 9646 4991 9646 4993 9646 4995 9647 4987 9647 4992 9647 4992 9648 4965 9648 4964 9648 4563 9649 4562 9649 4994 9649 4994 9650 4562 9650 4991 9650 4993 9651 4990 9651 4980 9651 4973 9652 4987 9652 4974 9652 4990 9653 4559 9653 4985 9653 4986 9654 4985 9654 4557 9654 4557 9655 4556 9655 4986 9655 4993 9656 4980 9656 4987 9656 4993 9657 4987 9657 4995 9657 4995 9658 4992 9658 4994 9658 4994 9659 4992 9659 4964 9659 4555 9660 4564 9660 4996 9660 4555 9661 4996 9661 4989 9661 4989 9662 4996 9662 4997 9662 4989 9663 4997 9663 4983 9663 4983 9664 4997 9664 4998 9664 1694 9665 1693 9665 4999 9665 4999 9666 1693 9666 4982 9666 4999 9667 4982 9667 5000 9667 5000 9668 4982 9668 4981 9668 4983 9669 4998 9669 4981 9669 4981 9670 4998 9670 5000 9670 5001 9671 5002 9671 5003 9671 4564 9672 4565 9672 4996 9672 4999 9673 1763 9673 1694 9673 5004 9674 5005 9674 5006 9674 5000 9675 5005 9675 4999 9675 4999 9676 5005 9676 1763 9676 1763 9677 5005 9677 5004 9677 1763 9678 5004 9678 1765 9678 5007 9679 5008 9679 5009 9679 5009 9680 5008 9680 5010 9680 5010 9681 5006 9681 5011 9681 5007 9682 5009 9682 5012 9682 5007 9683 5012 9683 5013 9683 5014 9684 5013 9684 5015 9684 5015 9685 5013 9685 5012 9685 5008 9686 5004 9686 5010 9686 5010 9687 5004 9687 5006 9687 5013 9688 5016 9688 5017 9688 5013 9689 5017 9689 5018 9689 5007 9690 5013 9690 5018 9690 5007 9691 5018 9691 5008 9691 5017 9692 5019 9692 5018 9692 1765 9693 5004 9693 5018 9693 1765 9694 5018 9694 5019 9694 1765 9695 5019 9695 1761 9695 5019 9696 5017 9696 1761 9696 5004 9697 5008 9697 5018 9697 5020 9698 5021 9698 4569 9698 4571 9699 4344 9699 5022 9699 5023 9700 5020 9700 5022 9700 5022 9701 5020 9701 4569 9701 5022 9702 4569 9702 4571 9702 5023 9703 5024 9703 5015 9703 5009 9704 5021 9704 5012 9704 5014 9705 5015 9705 5024 9705 5020 9706 5023 9706 5015 9706 5020 9707 5015 9707 5012 9707 5020 9708 5012 9708 5021 9708 4570 9709 5021 9709 4568 9709 4568 9710 5021 9710 5025 9710 4568 9711 5025 9711 5026 9711 4568 9712 5026 9712 4567 9712 4567 9713 5026 9713 4566 9713 4998 9714 4997 9714 5001 9714 5003 9715 5002 9715 5011 9715 5025 9716 5010 9716 5026 9716 5026 9717 5010 9717 5011 9717 5002 9718 5026 9718 5011 9718 5001 9719 5003 9719 4998 9719 5026 9720 5002 9720 4566 9720 4566 9721 5002 9721 4565 9721 4565 9722 5002 9722 5001 9722 4565 9723 5001 9723 4996 9723 4996 9724 5001 9724 4997 9724 5000 9725 4998 9725 5005 9725 5005 9726 4998 9726 5003 9726 5005 9727 5003 9727 5006 9727 5006 9728 5003 9728 5011 9728 5009 9729 5010 9729 5025 9729 5009 9730 5025 9730 5021 9730 5021 9731 4570 9731 4569 9731 4575 9732 4576 9732 5027 9732 4575 9733 5022 9733 4344 9733 5027 9734 4576 9734 5028 9734 5027 9735 5028 9735 5029 9735 5013 9736 5014 9736 5029 9736 5029 9737 5014 9737 5024 9737 5029 9738 5024 9738 5027 9738 5027 9739 5024 9739 5023 9739 5027 9740 5023 9740 4575 9740 4575 9741 5023 9741 5022 9741 5017 9742 1758 9742 1761 9742 5029 9743 5028 9743 5030 9743 5030 9744 5028 9744 5031 9744 1758 9745 5017 9745 5030 9745 1758 9746 5030 9746 1759 9746 1759 9747 5030 9747 5031 9747 5030 9748 5017 9748 5016 9748 5030 9749 5016 9749 5013 9749 5030 9750 5013 9750 5029 9750 1578 9751 1577 9751 5032 9751 1578 9752 5032 9752 5033 9752 4581 9753 5033 9753 5032 9753 4576 9754 4581 9754 5034 9754 1577 9755 1759 9755 5032 9755 5032 9756 5031 9756 5028 9756 5032 9757 5028 9757 5034 9757 5032 9758 5034 9758 4581 9758 5034 9759 5028 9759 4576 9759 1759 9760 5031 9760 5032 9760 4588 9761 5035 9761 5036 9761 5036 9762 4581 9762 4588 9762 4588 9763 4581 9763 4580 9763 4581 9764 5036 9764 5033 9764 5037 9765 5038 9765 5036 9765 5036 9766 5038 9766 5033 9766 5038 9767 1578 9767 5033 9767 5036 9768 5035 9768 5037 9768 5038 9769 5039 9769 1757 9769 5038 9770 1757 9770 1578 9770 1757 9771 5039 9771 1756 9771 5038 9772 5037 9772 5039 9772 5040 9773 5041 9773 5039 9773 4357 9774 5042 9774 4592 9774 5042 9775 4593 9775 4592 9775 5040 9776 5043 9776 5041 9776 5041 9777 5043 9777 5044 9777 1751 9778 5039 9778 5041 9778 1751 9779 5044 9779 1749 9779 1751 9780 1756 9780 5039 9780 5041 9781 5044 9781 1751 9781 4588 9782 4593 9782 5045 9782 4588 9783 5045 9783 5035 9783 5046 9784 5045 9784 4593 9784 5046 9785 4593 9785 5047 9785 5047 9786 4593 9786 5042 9786 5039 9787 5037 9787 5040 9787 5040 9788 5037 9788 5045 9788 5045 9789 5037 9789 5035 9789 5046 9790 5043 9790 5045 9790 5045 9791 5043 9791 5040 9791 4594 9792 4595 9792 5048 9792 4357 9793 4594 9793 5042 9793 5049 9794 1753 9794 5050 9794 5050 9795 1753 9795 1749 9795 5049 9796 1754 9796 1753 9796 5051 9797 5052 9797 5053 9797 5054 9798 5050 9798 5052 9798 5049 9799 5054 9799 5055 9799 5056 9800 5049 9800 5055 9800 5056 9801 5055 9801 5057 9801 5054 9802 5049 9802 5050 9802 5050 9803 1749 9803 5044 9803 5049 9804 5056 9804 1754 9804 5058 9805 5059 9805 5056 9805 5056 9806 5059 9806 5060 9806 5056 9807 5060 9807 1677 9807 1677 9808 1754 9808 5056 9808 5058 9809 5056 9809 5057 9809 5058 9810 5057 9810 5061 9810 5062 9811 5061 9811 5063 9811 5063 9812 5061 9812 5057 9812 5064 9813 5057 9813 5055 9813 5064 9814 5055 9814 5065 9814 5065 9815 5055 9815 5054 9815 5065 9816 5054 9816 5052 9816 5053 9817 5052 9817 5050 9817 5053 9818 5050 9818 5044 9818 5058 9819 5061 9819 5066 9819 5066 9820 5061 9820 5062 9820 4602 9821 5067 9821 4601 9821 5066 9822 4601 9822 5067 9822 5066 9823 5067 9823 5058 9823 5058 9824 5067 9824 5068 9824 5058 9825 5068 9825 5059 9825 4599 9826 5063 9826 4598 9826 4598 9827 5063 9827 5069 9827 4598 9828 5069 9828 4597 9828 4597 9829 5069 9829 5070 9829 4597 9830 5070 9830 4596 9830 5046 9831 5051 9831 5043 9831 5065 9832 5052 9832 5071 9832 5071 9833 5046 9833 5047 9833 5053 9834 5044 9834 5043 9834 5053 9835 5043 9835 5051 9835 5048 9836 5047 9836 4594 9836 5072 9837 5048 9837 5070 9837 5072 9838 5070 9838 5069 9838 5072 9839 5069 9839 5064 9839 5064 9840 5069 9840 5063 9840 5051 9841 5046 9841 5071 9841 5051 9842 5071 9842 5052 9842 4595 9843 4596 9843 5048 9843 5048 9844 4596 9844 5070 9844 5063 9845 4599 9845 5062 9845 5062 9846 4599 9846 4600 9846 4600 9847 4601 9847 5066 9847 4600 9848 5066 9848 5062 9848 5063 9849 5057 9849 5064 9849 5064 9850 5065 9850 5072 9850 5072 9851 5065 9851 5071 9851 5072 9852 5071 9852 5048 9852 5048 9853 5071 9853 5047 9853 4594 9854 5047 9854 5042 9854 4602 9855 4603 9855 5067 9855 5067 9856 4603 9856 5073 9856 5067 9857 5073 9857 5068 9857 5068 9858 5073 9858 5074 9858 5075 9859 5060 9859 5059 9859 5075 9860 5076 9860 5060 9860 5060 9861 5076 9861 1677 9861 1678 9862 1677 9862 5076 9862 5068 9863 5074 9863 5059 9863 5059 9864 5074 9864 5075 9864 5077 9865 1681 9865 1680 9865 1679 9866 1678 9866 5076 9866 5078 9867 1680 9867 1679 9867 5079 9868 5080 9868 5078 9868 5081 9869 5082 9869 5083 9869 5083 9870 5082 9870 5084 9870 5083 9871 5084 9871 5080 9871 5080 9872 5084 9872 5078 9872 1681 9873 4954 9873 1682 9873 5082 9874 4954 9874 5077 9874 5077 9875 4954 9875 1681 9875 4957 9876 4954 9876 5082 9876 5084 9877 5082 9877 5077 9877 5084 9878 5077 9878 1680 9878 5085 9879 5086 9879 5087 9879 5088 9880 5087 9880 5089 9880 5090 9881 5087 9881 5086 9881 5086 9882 5085 9882 5079 9882 5087 9883 4607 9883 5089 9883 5089 9884 4605 9884 5091 9884 4605 9885 4604 9885 4948 9885 5089 9886 4606 9886 4605 9886 5083 9887 5088 9887 5092 9887 5092 9888 5088 9888 5089 9888 5092 9889 5089 9889 5091 9889 5091 9890 4948 9890 4952 9890 5091 9891 4952 9891 5092 9891 5092 9892 4952 9892 4951 9892 5092 9893 4951 9893 5081 9893 5083 9894 5092 9894 5081 9894 5091 9895 4605 9895 4948 9895 5085 9896 5083 9896 5080 9896 5085 9897 5080 9897 5079 9897 5093 9898 5079 9898 5078 9898 1680 9899 5078 9899 5084 9899 4957 9900 5082 9900 5081 9900 4603 9901 5094 9901 5073 9901 5094 9902 4611 9902 4610 9902 5095 9903 5094 9903 4610 9903 5096 9904 5094 9904 5095 9904 5095 9905 4610 9905 4609 9905 5073 9906 5094 9906 5097 9906 5098 9907 5076 9907 5075 9907 5098 9908 5075 9908 5097 9908 5097 9909 5075 9909 5074 9909 5097 9910 5074 9910 5073 9910 5094 9911 5096 9911 5097 9911 4609 9912 4608 9912 5090 9912 4609 9913 5090 9913 5099 9913 4609 9914 5099 9914 5095 9914 4603 9915 4611 9915 5094 9915 5096 9916 5095 9916 5099 9916 5099 9917 5100 9917 5096 9917 5096 9918 5100 9918 5093 9918 5096 9919 5093 9919 5098 9919 5098 9920 5097 9920 5096 9920 5081 9921 4951 9921 4957 9921 5083 9922 5085 9922 5088 9922 5088 9923 5085 9923 5087 9923 4608 9924 4607 9924 5090 9924 1679 9925 5076 9925 5098 9925 1679 9926 5098 9926 5078 9926 5078 9927 5098 9927 5093 9927 5093 9928 5100 9928 5079 9928 5079 9929 5100 9929 5086 9929 5086 9930 5100 9930 5099 9930 5086 9931 5099 9931 5090 9931 5087 9932 5090 9932 4607 9932 5089 9933 4607 9933 4606 9933 32 9934 5101 9934 25 9934 32 9935 5102 9935 5101 9935 33 9936 42 9936 34 9936 34 9937 42 9937 5102 9937 5102 9938 32 9938 34 9938 5103 9939 21 9939 25 9939 5103 9940 25 9940 5101 9940 61 9941 22 9941 5103 9941 21 9942 5103 9942 22 9942 5104 9943 5105 9943 42 9943 5104 9944 42 9944 43 9944 5106 9945 74 9945 71 9945 5106 9946 5107 9946 5108 9946 5108 9947 5104 9947 48 9947 48 9948 5104 9948 43 9948 45 9949 49 9949 75 9949 5105 9950 5104 9950 5108 9950 5105 9951 5108 9951 5107 9951 5107 9952 5106 9952 70 9952 71 9953 70 9953 5106 9953 74 9954 5106 9954 5108 9954 74 9955 5108 9955 75 9955 75 9956 5108 9956 48 9956 75 9957 48 9957 45 9957 68 9958 61 9958 5109 9958 5102 9959 5110 9959 5101 9959 5101 9960 5110 9960 5109 9960 5101 9961 5109 9961 5103 9961 5109 9962 5110 9962 5111 9962 70 9963 5109 9963 5111 9963 61 9964 5103 9964 5109 9964 5110 9965 5102 9965 5111 9965 5111 9966 5107 9966 70 9966 42 9967 5105 9967 5102 9967 5102 9968 5105 9968 5111 9968 5111 9969 5105 9969 5107 9969 5109 9970 70 9970 68 9970</p>
        </triangles>
      </mesh>
    </geometry>
  </library_geometries>
  <library_visual_scenes>
    <visual_scene id="Scene" name="Scene">
      <node id="Link_3" name="Link 3" type="NODE">
        <matrix sid="transform">1 0 0 0 0 1 0 0 0 0 1 0 0 0 0 1</matrix>
        <instance_geometry url="#Link_3_001-mesh" name="Link 3">
          <bind_material>
            <technique_common>
              <instance_material symbol="link_01_part_000_mtl_001-material" target="#link_01_part_000_mtl_001-material"/>
            </technique_common>
          </bind_material>
        </instance_geometry>
      </node>
      <node id="Camera" name="Camera" type="NODE">
        <matrix sid="transform">0.6859207 -0.3240135 0.6515582 7.481132 0.7276763 0.3054209 -0.6141704 -6.50764 -4.01133e-9 0.8953956 0.4452714 5.343665 0 0 0 1</matrix>
        <instance_camera url="#Camera-camera"/>
      </node>
      <node id="Lamp" name="Lamp" type="NODE">
        <matrix sid="transform">-0.2908646 -0.7711008 0.5663933 4.076245 0.9551712 -0.1998833 0.2183912 1.005454 -0.05518904 0.6045247 0.7946723 5.903862 0 0 0 1</matrix>
        <instance_light url="#Lamp-light"/>
      </node>
    </visual_scene>
  </library_visual_scenes>
  <scene>
    <instance_visual_scene url="#Scene"/>
  </scene>
</COLLADA>