<?xml version="1.0" encoding="utf-8"?>
<COLLADA xmlns="http://www.collada.org/2005/11/COLLADASchema" version="1.4.1" xmlns:xsi="http://www.w3.org/2001/XMLSchema-instance">
  <asset>
    <contributor>
      <author>Blender User</author>
      <authoring_tool>Blender 2.82.7</authoring_tool>
    </contributor>
    <created>2023-09-20T11:34:21</created>
    <modified>2023-09-20T11:34:21</modified>
    <unit name="meter" meter="1"/>
    <up_axis>Z_UP</up_axis>
  </asset>
  <library_cameras>
    <camera id="Camera-camera" name="Camera.004">
      <optics>
        <technique_common>
          <perspective>
            <xfov sid="xfov">49.13434</xfov>
            <aspect_ratio>1.777778</aspect_ratio>
            <znear sid="znear">0.1</znear>
            <zfar sid="zfar">100</zfar>
          </perspective>
        </technique_common>
      </optics>
      <extra>
        <technique profile="blender">
          <shiftx sid="shiftx" type="float">0</shiftx>
          <shifty sid="shifty" type="float">0</shifty>
          <dof_distance sid="dof_distance" type="float">10</dof_distance>
        </technique>
      </extra>
    </camera>
  </library_cameras>
  <library_lights>
    <light id="Lamp-light" name="Lamp.002">
      <technique_common>
        <point>
          <color sid="color">1 1 1</color>
          <constant_attenuation>1</constant_attenuation>
          <linear_attenuation>0</linear_attenuation>
          <quadratic_attenuation>0.00111109</quadratic_attenuation>
        </point>
      </technique_common>
      <extra>
        <technique profile="blender">
          <type sid="type" type="int">0</type>
          <flag sid="flag" type="int">0</flag>
          <mode sid="mode" type="int">8192</mode>
          <gamma sid="blender_gamma" type="float">1</gamma>
          <red sid="red" type="float">1</red>
          <green sid="green" type="float">1</green>
          <blue sid="blue" type="float">1</blue>
          <shadow_r sid="blender_shadow_r" type="float">0</shadow_r>
          <shadow_g sid="blender_shadow_g" type="float">0</shadow_g>
          <shadow_b sid="blender_shadow_b" type="float">0</shadow_b>
          <energy sid="blender_energy" type="float">1</energy>
          <dist sid="blender_dist" type="float">29.99998</dist>
          <spotsize sid="spotsize" type="float">75</spotsize>
          <spotblend sid="spotblend" type="float">0.15</spotblend>
          <att1 sid="att1" type="float">0</att1>
          <att2 sid="att2" type="float">1</att2>
          <falloff_type sid="falloff_type" type="int">2</falloff_type>
          <clipsta sid="clipsta" type="float">1.000799</clipsta>
          <clipend sid="clipend" type="float">30.002</clipend>
          <bias sid="bias" type="float">1</bias>
          <soft sid="soft" type="float">3</soft>
          <bufsize sid="bufsize" type="int">2880</bufsize>
          <samp sid="samp" type="int">3</samp>
          <buffers sid="buffers" type="int">1</buffers>
          <area_shape sid="area_shape" type="int">1</area_shape>
          <area_size sid="area_size" type="float">0.1</area_size>
          <area_sizey sid="area_sizey" type="float">0.1</area_sizey>
          <area_sizez sid="area_sizez" type="float">1</area_sizez>
        </technique>
      </extra>
    </light>
  </library_lights>
  <library_effects>
    <effect id="link_06_part_000_mtl-effect">
      <profile_COMMON>
        <technique sid="common">
          <lambert>
            <emission>
              <color sid="emission">0 0 0 1</color>
            </emission>
            <diffuse>
              <color sid="diffuse">0.6 0.6 0.6 1</color>
            </diffuse>
            <index_of_refraction>
              <float sid="ior">1</float>
            </index_of_refraction>
          </lambert>
        </technique>
      </profile_COMMON>
    </effect>
  </library_effects>
  <library_images/>
  <library_materials>
    <material id="link_06_part_000_mtl-material" name="link_06_part_000_mtl">
      <instance_effect url="#link_06_part_000_mtl-effect"/>
    </material>
  </library_materials>
  <library_geometries>
    <geometry id="Link_6_001-mesh" name="Link 6.001">
      <mesh>
        <source id="Link_6_001-mesh-positions">
          <float_array id="Link_6_001-mesh-positions-array" count="9369">-0.006999969 0.00999999 0 -0.006999969 0.009863555 0.001645863 -0.006999969 -0.009863615 0.001645863 -0.006999969 0.009863555 -0.001645863 -0.006999969 0.007891356 -0.006142139 -0.006999969 0.008794724 -0.00475949 -0.006999969 0.009458124 -0.003246963 -0.006999969 0.004016876 -0.009157717 -0.006999969 0.005469441 -0.008371651 -0.006999969 0.006772816 -0.00735718 -0.006999969 -8.25793e-4 -0.009965837 -0.006999969 8.25793e-4 -0.009965837 -0.006999969 0.002454817 -0.00969398 -0.006999969 -0.005469441 -0.008371651 -0.006999969 -0.004016876 -0.009157717 -0.006999969 -0.002454817 -0.00969398 -0.006999969 -0.008794724 -0.00475949 -0.006999969 -0.007891356 -0.006142139 -0.006999969 -0.006772816 -0.00735718 -0.006999969 -0.00999999 0 -0.006999969 -0.009863555 -0.001645863 -0.006999969 -0.009458124 -0.003246963 -0.006999969 -0.008794724 0.00475949 -0.006999969 -0.009458124 0.003246963 -0.006999969 -0.005469441 0.008371651 -0.006999969 -0.006772816 0.00735718 -0.006999969 -0.007891356 0.006142139 -0.006999969 -8.25793e-4 0.009965837 -0.006999969 -0.002454817 0.00969398 -0.006999969 -0.004016876 0.009157717 -0.006999969 0.004016876 0.009157717 -0.006999969 0.002454817 0.00969398 -0.006999969 8.25793e-4 0.009965837 -0.006999969 0.007891356 0.006142139 -0.006999969 0.006772816 0.00735718 -0.006999969 0.005469441 0.008371651 -0.006999969 0.009458124 0.003246963 -0.006999969 0.008794724 0.00475949 -0.005499899 0.0203098 0.003109872 -0.005499899 0.02077281 0.002985775 -0.005499899 0.0217278 0.008402228 -0.005499899 0.0212503 0.002943933 -0.005499899 0.0217278 0.002985775 -0.005499899 0.0191437 0.003926277 -0.005499899 0.01948267 0.003587365 -0.005499899 0.01987528 0.003312468 -0.005499899 0.01854211 0.005216479 -0.005499899 0.01866614 0.00475347 -0.005499899 0.0188688 0.004319012 -0.005499899 0.01866614 0.006634593 -0.005499899 0.01854211 0.006171524 -0.005499899 0.01850026 0.005693972 -0.005499899 0.01948267 0.007800638 -0.005499899 0.0191437 0.007461667 -0.005499899 0.0188688 0.007068991 -0.005499899 0.02077281 0.008402228 -0.005499899 0.0203098 0.008278191 -0.005499899 0.01987528 0.008075594 -0.005499899 0.0212503 0.008444011 -0.005499899 0.02335697 0.007461667 -0.005499899 0.023018 0.007800638 -0.005499899 0.02262526 0.008075594 -0.005499899 0.02219086 0.008278191 -0.005499899 0.02395856 0.006171524 -0.005499899 0.02383446 0.006634593 -0.005499899 0.02363193 0.007068991 -0.005499899 0.02383446 0.00475347 -0.005499899 0.02395856 0.005216479 -0.005499899 0.02400028 0.005693972 -0.005499899 0.023018 0.003587365 -0.005499899 0.02335697 0.003926277 -0.005499899 0.02363193 0.004319012 -0.005499899 0.02219086 0.003109872 -0.005499899 0.02262526 0.003312468 -0.005499899 0.0203098 -0.008278191 -0.005499899 0.02077281 -0.008402228 -0.005499899 0.0217278 -0.008402228 -0.005499899 0.0212503 -0.008444011 -0.005499899 0.0191437 -0.007461667 -0.005499899 0.01948267 -0.007800638 -0.005499899 0.01987528 -0.008075594 -0.005499899 0.01854211 -0.006171524 -0.005499899 0.01866614 -0.006634593 -0.005499899 0.0188688 -0.007068991 -0.005499899 0.01866614 -0.00475347 -0.005499899 0.01854211 -0.005216479 -0.005499899 0.01850026 -0.005693972 -0.005499899 0.01948267 -0.003587365 -0.005499899 0.0191437 -0.003926277 -0.005499899 0.0188688 -0.004319012 -0.005499899 0.02077281 -0.002985775 -0.005499899 0.0203098 -0.003109872 -0.005499899 0.01987528 -0.003312468 -0.005499899 0.02219086 -0.003109872 -0.005499899 0.0217278 -0.002985775 -0.005499899 0.0212503 -0.002943933 -0.005499899 0.02335697 -0.003926277 -0.005499899 0.023018 -0.003587365 -0.005499899 0.02262526 -0.003312468 -0.005499899 0.02395856 -0.005216479 -0.005499899 0.02383446 -0.00475347 -0.005499899 0.02363193 -0.004319012 -0.005499899 0.02383446 -0.006634593 -0.005499899 0.02395856 -0.006171524 -0.005499899 0.02400028 -0.005693972 -0.005499899 0.023018 -0.007800638 -0.005499899 0.02335697 -0.007461667 -0.005499899 0.02363193 -0.007068991 -0.005499899 0.02219086 -0.008278191 -0.005499899 0.02262526 -0.008075594 -0.005499899 0.01461577 -0.01814049 -0.005499899 0.01507878 -0.01826459 -0.005499899 0.01603382 -0.01284807 -0.005499899 0.01555627 -0.01830637 -0.005499899 0.01603382 -0.01826459 -0.005499899 0.01344966 -0.01732403 -0.005499899 0.01378864 -0.01766294 -0.005499899 0.01418125 -0.01793783 -0.005499899 0.01284801 -0.01603382 -0.005499899 0.01297211 -0.01649683 -0.005499899 0.01317477 -0.01693135 -0.005499899 0.01297211 -0.01461577 -0.005499899 0.01284801 -0.01507884 -0.005499899 0.01280623 -0.01555627 -0.005499899 0.01378864 -0.01344966 -0.005499899 0.01344966 -0.0137887 -0.005499899 0.01317477 -0.01418131 -0.005499899 0.01507878 -0.01284807 -0.005499899 0.01461577 -0.01297211 -0.005499899 0.01418125 -0.01317477 -0.005499899 0.01555627 -0.01280629 -0.005499899 0.01766294 -0.0137887 -0.005499899 0.01732397 -0.01344966 -0.005499899 0.01693135 -0.01317477 -0.005499899 0.01649683 -0.01297211 -0.005499899 0.01826453 -0.01507884 -0.005499899 0.01814049 -0.01461577 -0.005499899 0.01793783 -0.01418131 -0.005499899 0.01814049 -0.01649683 -0.005499899 0.01826453 -0.01603382 -0.005499899 0.01830631 -0.01555627 -0.005499899 0.01732397 -0.01766294 -0.005499899 0.01766294 -0.01732403 -0.005499899 0.01793783 -0.01693135 -0.005499899 0.01649683 -0.01814049 -0.005499899 0.01693135 -0.01793783 -0.005499899 0.004753351 -0.02383446 -0.005499899 0.005216479 -0.02395856 -0.005499899 0.006171524 -0.02395856 -0.005499899 0.005693972 -0.02400028 -0.005499899 0.003587365 -0.02301806 -0.005499899 0.003926277 -0.02335697 -0.005499899 0.004319012 -0.02363193 -0.005499899 0.002985775 -0.02172785 -0.005499899 0.003109753 -0.02219086 -0.005499899 0.003312349 -0.02262532 -0.005499899 0.003109753 -0.0203098 -0.005499899 0.002985775 -0.02077281 -0.005499899 0.002943933 -0.0212503 -0.005499899 0.003926277 -0.01914376 -0.005499899 0.003587365 -0.01948273 -0.005499899 0.003312349 -0.01987528 -0.005499899 0.005216479 -0.01854217 -0.005499899 0.004753351 -0.01866614 -0.005499899 0.004319012 -0.0188688 -0.005499899 0.006634533 -0.01866614 -0.005499899 0.006171524 -0.01854217 -0.005499899 0.005693972 -0.01850032 -0.005499899 0.007800638 -0.01948273 -0.005499899 0.007461667 -0.01914376 -0.005499899 0.007068991 -0.0188688 -0.005499899 0.008402228 -0.02077281 -0.005499899 0.008278131 -0.0203098 -0.005499899 0.008075535 -0.01987528 -0.005499899 0.008278131 -0.02219086 -0.005499899 0.008402228 -0.02172785 -0.005499899 0.008444011 -0.0212503 -0.005499899 0.007461667 -0.02335697 -0.005499899 0.007800638 -0.02301806 -0.005499899 0.008075535 -0.02262532 -0.005499899 0.006634533 -0.02383446 -0.005499899 0.007068991 -0.02363193 -0.005499899 -0.006634533 -0.02383446 -0.005499899 -0.006171524 -0.02395856 -0.005499899 -0.006171524 -0.01854217 -0.005499899 -0.005693972 -0.02400028 -0.005499899 -0.005216479 -0.02395856 -0.005499899 -0.007800638 -0.02301806 -0.005499899 -0.007461667 -0.02335697 -0.005499899 -0.007068991 -0.02363193 -0.005499899 -0.008402228 -0.02172785 -0.005499899 -0.008278131 -0.02219086 -0.005499899 -0.008075535 -0.02262532 -0.005499899 -0.008278131 -0.0203098 -0.005499899 -0.008402228 -0.02077281 -0.005499899 -0.008444011 -0.0212503 -0.005499899 -0.007461667 -0.01914376 -0.005499899 -0.007800638 -0.01948273 -0.005499899 -0.008075535 -0.01987528 -0.005499899 -0.006634533 -0.01866614 -0.005499899 -0.007068991 -0.0188688 -0.005499899 -0.004753351 -0.01866614 -0.005499899 -0.005216479 -0.01854217 -0.005499899 -0.005693972 -0.01850032 -0.005499899 -0.003587365 -0.01948273 -0.005499899 -0.003926277 -0.01914376 -0.005499899 -0.004319012 -0.0188688 -0.005499899 -0.002985775 -0.02077281 -0.005499899 -0.003109753 -0.0203098 -0.005499899 -0.003312349 -0.01987528 -0.005499899 -0.003109753 -0.02219086 -0.005499899 -0.002985775 -0.02172785 -0.005499899 -0.002943933 -0.0212503 -0.005499899 -0.003926277 -0.02335697 -0.005499899 -0.003587365 -0.02301806 -0.005499899 -0.003312349 -0.02262532 -0.005499899 -0.004753351 -0.02383446 -0.005499899 -0.004319012 -0.02363193 -0.005499899 -0.01649683 -0.01814049 -0.005499899 -0.01603382 -0.01826459 -0.005499899 -0.01507878 -0.01284807 -0.005499899 -0.01555627 -0.01830637 -0.005499899 -0.01507878 -0.01826459 -0.005499899 -0.01766294 -0.01732403 -0.005499899 -0.01732397 -0.01766294 -0.005499899 -0.01693135 -0.01793783 -0.005499899 -0.01826453 -0.01603382 -0.005499899 -0.01814049 -0.01649683 -0.005499899 -0.01793783 -0.01693135 -0.005499899 -0.01814049 -0.01461577 -0.005499899 -0.01826453 -0.01507884 -0.005499899 -0.01830631 -0.01555627 -0.005499899 -0.01732397 -0.01344966 -0.005499899 -0.01766294 -0.0137887 -0.005499899 -0.01793783 -0.01418131 -0.005499899 -0.01603382 -0.01284807 -0.005499899 -0.01649683 -0.01297211 -0.005499899 -0.01693135 -0.01317477 -0.005499899 -0.01555627 -0.01280629 -0.005499899 -0.01344966 -0.0137887 -0.005499899 -0.01378864 -0.01344966 -0.005499899 -0.01418125 -0.01317477 -0.005499899 -0.01461577 -0.01297211 -0.005499899 -0.01284801 -0.01507884 -0.005499899 -0.01297211 -0.01461577 -0.005499899 -0.01317477 -0.01418131 -0.005499899 -0.01297211 -0.01649683 -0.005499899 -0.01284801 -0.01603382 -0.005499899 -0.01280623 -0.01555627 -0.005499899 -0.01378864 -0.01766294 -0.005499899 -0.01344966 -0.01732403 -0.005499899 -0.01317477 -0.01693135 -0.005499899 -0.01461577 -0.01814049 -0.005499899 -0.01418125 -0.01793783 -0.005499899 -0.0217278 -0.008402228 -0.005499899 -0.0212503 -0.008444011 -0.005499899 -0.02077281 -0.008402228 -0.005499899 -0.02335697 -0.007461667 -0.005499899 -0.023018 -0.007800638 -0.005499899 -0.02262526 -0.008075594 -0.005499899 -0.02219086 -0.008278191 -0.005499899 -0.02395856 -0.006171524 -0.005499899 -0.02383446 -0.006634593 -0.005499899 -0.02363193 -0.007068991 -0.005499899 -0.02383446 -0.00475347 -0.005499899 -0.02395856 -0.005216479 -0.005499899 -0.02400028 -0.005693972 -0.005499899 -0.023018 -0.003587365 -0.005499899 -0.02335697 -0.003926277 -0.005499899 -0.02363193 -0.004319012 -0.005499899 -0.0217278 -0.002985775 -0.005499899 -0.02219086 -0.003109872 -0.005499899 -0.02262526 -0.003312468 -0.005499899 -0.0203098 -0.003109872 -0.005499899 -0.02077281 -0.002985775 -0.005499899 -0.0212503 -0.002943933 -0.005499899 -0.0191437 -0.003926277 -0.005499899 -0.01948267 -0.003587365 -0.005499899 -0.01987528 -0.003312468 -0.005499899 -0.01854211 -0.005216479 -0.005499899 -0.01866614 -0.00475347 -0.005499899 -0.0188688 -0.004319012 -0.005499899 -0.01866614 -0.006634593 -0.005499899 -0.01854211 -0.006171524 -0.005499899 -0.01850026 -0.005693972 -0.005499899 -0.01948267 -0.007800638 -0.005499899 -0.0191437 -0.007461667 -0.005499899 -0.0188688 -0.007068991 -0.005499899 -0.0203098 -0.008278191 -0.005499899 -0.01987528 -0.008075594 -0.005499899 -0.02219086 0.003109872 -0.005499899 -0.0217278 0.002985775 -0.005499899 -0.0217278 0.008402228 -0.005499899 -0.0212503 0.002943933 -0.005499899 -0.02077281 0.002985775 -0.005499899 -0.02335697 0.003926277 -0.005499899 -0.023018 0.003587365 -0.005499899 -0.02262526 0.003312468 -0.005499899 -0.02395856 0.005216479 -0.005499899 -0.02383446 0.00475347 -0.005499899 -0.02363193 0.004319012 -0.005499899 -0.02383446 0.006634593 -0.005499899 -0.02395856 0.006171524 -0.005499899 -0.02400028 0.005693972 -0.005499899 -0.023018 0.007800638 -0.005499899 -0.02335697 0.007461667 -0.005499899 -0.02363193 0.007068991 -0.005499899 -0.02219086 0.008278191 -0.005499899 -0.02262526 0.008075594 -0.005499899 -0.0203098 0.008278191 -0.005499899 -0.02077281 0.008402228 -0.005499899 -0.0212503 0.008444011 -0.005499899 -0.0191437 0.007461667 -0.005499899 -0.01948267 0.007800638 -0.005499899 -0.01987528 0.008075594 -0.005499899 -0.01854211 0.006171524 -0.005499899 -0.01866614 0.006634593 -0.005499899 -0.0188688 0.007068991 -0.005499899 -0.01866614 0.00475347 -0.005499899 -0.01854211 0.005216479 -0.005499899 -0.01850026 0.005693972 -0.005499899 -0.01948267 0.003587365 -0.005499899 -0.0191437 0.003926277 -0.005499899 -0.0188688 0.004319012 -0.005499899 -0.0203098 0.003109872 -0.005499899 -0.01987528 0.003312468 -0.005499899 -0.01603382 0.01284807 -0.005499899 -0.01555627 0.01280629 -0.005499899 -0.01507878 0.01284807 -0.005499899 -0.01766294 0.0137887 -0.005499899 -0.01732397 0.01344966 -0.005499899 -0.01693135 0.01317477 -0.005499899 -0.01649683 0.01297211 -0.005499899 -0.01826453 0.01507884 -0.005499899 -0.01814049 0.01461577 -0.005499899 -0.01793783 0.01418131 -0.005499899 -0.01814049 0.01649683 -0.005499899 -0.01826453 0.01603382 -0.005499899 -0.01830631 0.01555627 -0.005499899 -0.01732397 0.01766294 -0.005499899 -0.01766294 0.01732403 -0.005499899 -0.01793783 0.01693135 -0.005499899 -0.01603382 0.01826459 -0.005499899 -0.01649683 0.01814049 -0.005499899 -0.01693135 0.01793783 -0.005499899 -0.01461577 0.01814049 -0.005499899 -0.01507878 0.01826459 -0.005499899 -0.01555627 0.01830637 -0.005499899 -0.01344966 0.01732403 -0.005499899 -0.01378864 0.01766294 -0.005499899 -0.01418125 0.01793783 -0.005499899 -0.01284801 0.01603382 -0.005499899 -0.01297211 0.01649683 -0.005499899 -0.01317477 0.01693135 -0.005499899 -0.01297211 0.01461577 -0.005499899 -0.01284801 0.01507884 -0.005499899 -0.01280623 0.01555627 -0.005499899 -0.01378864 0.01344966 -0.005499899 -0.01344966 0.0137887 -0.005499899 -0.01317477 0.01418131 -0.005499899 -0.01461577 0.01297211 -0.005499899 -0.01418125 0.01317477 -0.005499899 -0.006634533 0.01866614 -0.005499899 -0.006171524 0.01854217 -0.005499899 -0.005216479 0.02395856 -0.005499899 -0.005693972 0.01850032 -0.005499899 -0.005216479 0.01854217 -0.005499899 -0.007800638 0.01948273 -0.005499899 -0.007461667 0.01914376 -0.005499899 -0.007068991 0.0188688 -0.005499899 -0.008402228 0.02077281 -0.005499899 -0.008278131 0.0203098 -0.005499899 -0.008075535 0.01987528 -0.005499899 -0.008278131 0.02219086 -0.005499899 -0.008402228 0.02172785 -0.005499899 -0.008444011 0.0212503 -0.005499899 -0.007461667 0.02335697 -0.005499899 -0.007800638 0.02301806 -0.005499899 -0.008075535 0.02262532 -0.005499899 -0.006171524 0.02395856 -0.005499899 -0.006634533 0.02383446 -0.005499899 -0.007068991 0.02363193 -0.005499899 -0.005693972 0.02400028 -0.005499899 -0.003587365 0.02301806 -0.005499899 -0.003926277 0.02335697 -0.005499899 -0.004319012 0.02363193 -0.005499899 -0.004753351 0.02383446 -0.005499899 -0.002985775 0.02172785 -0.005499899 -0.003109753 0.02219086 -0.005499899 -0.003312349 0.02262532 -0.005499899 -0.003109753 0.0203098 -0.005499899 -0.002985775 0.02077281 -0.005499899 -0.002943933 0.0212503 -0.005499899 -0.003926277 0.01914376 -0.005499899 -0.003587365 0.01948273 -0.005499899 -0.003312349 0.01987528 -0.005499899 -0.004753351 0.01866614 -0.005499899 -0.004319012 0.0188688 -0.005499899 0.004753351 0.01866614 -0.005499899 0.005216479 0.01854217 -0.005499899 0.005216479 0.02395856 -0.005499899 0.005693972 0.01850032 -0.005499899 0.006171524 0.01854217 -0.005499899 0.003587365 0.01948273 -0.005499899 0.003926277 0.01914376 -0.005499899 0.004319012 0.0188688 -0.005499899 0.002985775 0.02077281 -0.005499899 0.003109753 0.0203098 -0.005499899 0.003312349 0.01987528 -0.005499899 0.003109753 0.02219086 -0.005499899 0.002985775 0.02172785 -0.005499899 0.002943933 0.0212503 -0.005499899 0.003926277 0.02335697 -0.005499899 0.003587365 0.02301806 -0.005499899 0.003312349 0.02262532 -0.005499899 0.004753351 0.02383446 -0.005499899 0.004319012 0.02363193 -0.005499899 0.006634533 0.02383446 -0.005499899 0.006171524 0.02395856 -0.005499899 0.005693972 0.02400028 -0.005499899 0.007800638 0.02301806 -0.005499899 0.007461667 0.02335697 -0.005499899 0.007068991 0.02363193 -0.005499899 0.008402228 0.02172785 -0.005499899 0.008278131 0.02219086 -0.005499899 0.008075535 0.02262532 -0.005499899 0.008278131 0.0203098 -0.005499899 0.008402228 0.02077281 -0.005499899 0.008444011 0.0212503 -0.005499899 0.007461667 0.01914376 -0.005499899 0.007800638 0.01948273 -0.005499899 0.008075535 0.01987528 -0.005499899 0.006634533 0.01866614 -0.005499899 0.007068991 0.0188688 -0.005499899 -0.002349138 0.01660501 -0.005499899 -0.00246191 0.01618409 -0.005499899 -8.55048e-4 0.01340079 -0.005499899 -0.002499938 0.01574999 -0.005499899 -0.00246191 0.01531589 -0.005499899 -0.001606941 0.01766502 -0.005499899 -0.001915097 0.01735699 -0.005499899 -0.002165019 0.01699995 -0.005499899 -4.3412e-4 0.01821202 -0.005499899 -8.5505e-4 0.01809918 -0.005499899 -0.001249969 0.01791507 -0.005499899 8.5505e-4 0.01809918 -0.005499899 4.3412e-4 0.01821202 -0.005499899 0 0.01824992 -0.005499899 0.001915097 0.01735699 -0.005499899 0.001606941 0.01766502 -0.005499899 0.001249969 0.01791507 -0.005499899 0.00246191 0.01618409 -0.005499899 0.002349138 0.01660501 -0.005499899 0.002165019 0.01699995 -0.005499899 0.002349138 0.01489496 -0.005499899 0.00246191 0.01531589 -0.005499899 0.002499938 0.01574999 -0.005499899 0.001606941 0.01383489 -0.005499899 0.001915097 0.01414299 -0.005499899 0.002165019 0.01450002 -0.005499899 4.3412e-4 0.01328796 -0.005499899 8.5505e-4 0.01340079 -0.005499899 0.001249969 0.01358491 -0.005499899 -4.3412e-4 0.01328796 -0.005499899 0 0.01324999 -0.005499899 -0.001915097 0.01414299 -0.005499899 -0.001606941 0.01383489 -0.005499899 -0.001249969 0.01358491 -0.005499899 -0.002349138 0.01489496 -0.005499899 -0.002165019 0.01450002 -0.004999995 0.008787691 -0.01028186 -0.004999995 0.00867486 -0.01070272 -0.004999995 0.00988692 -0.0133019 -0.004999995 0.008636891 -0.01113688 -0.004999995 0.00867486 -0.01157099 -0.004999995 0.009529948 -0.009221792 -0.004999995 0.009221792 -0.009529948 -0.004999995 0.00897181 -0.00988692 -0.004999995 0.01070272 -0.008674919 -0.004999995 0.01028186 -0.008787691 -0.004999995 0.00988692 -0.008971869 -0.004999995 0.01199191 -0.008787691 -0.004999995 0.01157099 -0.008674919 -0.004999995 0.01113682 -0.008636951 -0.004999995 0.01305198 -0.009529948 -0.004999995 0.01274389 -0.009221792 -0.004999995 0.01238685 -0.008971869 -0.004999995 0.01359885 -0.01070272 -0.004999995 0.01348608 -0.01028186 -0.004999995 0.0133019 -0.00988692 -0.004999995 0.01348608 -0.01199191 -0.004999995 0.01359885 -0.01157099 -0.004999995 0.01363682 -0.01113688 -0.004999995 0.01274389 -0.01305198 -0.004999995 0.01305198 -0.01274389 -0.004999995 0.0133019 -0.01238685 -0.004999995 0.01157099 -0.01359891 -0.004999995 0.01199191 -0.01348608 -0.004999995 0.01238685 -0.0133019 -0.004999995 0.01028186 -0.01348608 -0.004999995 0.01070272 -0.01359891 -0.004999995 0.01113682 -0.01363688 -0.004999995 0.009221792 -0.01274389 -0.004999995 0.009529948 -0.01305198 -0.004999995 0.008787691 -0.01199191 -0.004999995 0.00897181 -0.01238685 -0.004999995 -0.002349138 -0.01489496 -0.004999995 -0.00246191 -0.01531589 -0.004999995 8.55048e-4 -0.01340079 -0.004999995 -0.002499938 -0.01574999 -0.004999995 -0.00246191 -0.01618409 -0.004999995 -0.001606941 -0.01383489 -0.004999995 -0.001915097 -0.01414299 -0.004999995 -0.002165019 -0.01450002 -0.004999995 -4.3412e-4 -0.01328796 -0.004999995 -8.5505e-4 -0.01340079 -0.004999995 -0.001249969 -0.01358491 -0.004999995 4.3412e-4 -0.01328796 -0.004999995 0 -0.01324999 -0.004999995 0.001915097 -0.01414299 -0.004999995 0.001606941 -0.01383489 -0.004999995 0.001249969 -0.01358491 -0.004999995 0.00246191 -0.01531589 -0.004999995 0.002349138 -0.01489496 -0.004999995 0.002165019 -0.01450002 -0.004999995 0.002349138 -0.01660501 -0.004999995 0.00246191 -0.01618409 -0.004999995 0.002499938 -0.01574999 -0.004999995 0.001606941 -0.01766502 -0.004999995 0.001915097 -0.01735699 -0.004999995 0.002165019 -0.01699995 -0.004999995 4.3412e-4 -0.01821202 -0.004999995 8.5505e-4 -0.01809918 -0.004999995 0.001249969 -0.01791507 -0.004999995 -8.5505e-4 -0.01809918 -0.004999995 -4.3412e-4 -0.01821202 -0.004999995 0 -0.01824992 -0.004999995 -0.001915097 -0.01735699 -0.004999995 -0.001606941 -0.01766502 -0.004999995 -0.001249969 -0.01791507 -0.004999995 -0.002349138 -0.01660501 -0.004999995 -0.002165019 -0.01699995 -0.004999995 -0.01348608 -0.01028186 -0.004999995 -0.01359885 -0.01070272 -0.004999995 -0.00988692 -0.0133019 -0.004999995 -0.01363682 -0.01113688 -0.004999995 -0.01359885 -0.01157099 -0.004999995 -0.01274389 -0.009221792 -0.004999995 -0.01305198 -0.009529948 -0.004999995 -0.0133019 -0.00988692 -0.004999995 -0.01157099 -0.008674919 -0.004999995 -0.01199191 -0.008787691 -0.004999995 -0.01238685 -0.008971869 -0.004999995 -0.01028186 -0.008787691 -0.004999995 -0.01070272 -0.008674919 -0.004999995 -0.01113682 -0.008636951 -0.004999995 -0.009221792 -0.009529948 -0.004999995 -0.009529948 -0.009221792 -0.004999995 -0.00988692 -0.008971869 -0.004999995 -0.00867486 -0.01070272 -0.004999995 -0.008787691 -0.01028186 -0.004999995 -0.00897181 -0.00988692 -0.004999995 -0.008787691 -0.01199191 -0.004999995 -0.00867486 -0.01157099 -0.004999995 -0.008636891 -0.01113688 -0.004999995 -0.009529948 -0.01305198 -0.004999995 -0.009221792 -0.01274389 -0.004999995 -0.00897181 -0.01238685 -0.004999995 -0.01070272 -0.01359891 -0.004999995 -0.01028186 -0.01348608 -0.004999995 -0.01199191 -0.01348608 -0.004999995 -0.01157099 -0.01359891 -0.004999995 -0.01113682 -0.01363688 -0.004999995 -0.01305198 -0.01274389 -0.004999995 -0.01274389 -0.01305198 -0.004999995 -0.01238685 -0.0133019 -0.004999995 -0.01348608 -0.01199191 -0.004999995 -0.0133019 -0.01238685 -0.004999995 -0.01809912 8.55029e-4 -0.004999995 -0.01821202 4.34101e-4 -0.004999995 -0.01766502 -0.001606822 -0.004999995 -0.01824992 0 -0.004999995 -0.01821202 -4.34101e-4 -0.004999995 -0.01735693 0.001915097 -0.004999995 -0.01766502 0.001606941 -0.004999995 -0.01791501 0.001249969 -0.004999995 -0.01618409 0.002462029 -0.004999995 -0.01660495 0.002349257 -0.004999995 -0.0169999 0.002165079 -0.004999995 -0.0148949 0.002349257 -0.004999995 -0.01531583 0.002462029 -0.004999995 -0.01574999 0.002499938 -0.004999995 -0.01383489 0.001606941 -0.004999995 -0.01414299 0.001915097 -0.004999995 -0.01449996 0.002165079 -0.004999995 -0.01328796 4.34101e-4 -0.004999995 -0.01340073 8.55029e-4 -0.004999995 -0.01358491 0.001249969 -0.004999995 -0.01340073 -8.55029e-4 -0.004999995 -0.01328796 -4.34101e-4 -0.004999995 -0.01324999 0 -0.004999995 -0.01414299 -0.001915097 -0.004999995 -0.01383489 -0.001606941 -0.004999995 -0.01358491 -0.001249969 -0.004999995 -0.01531583 -0.002462029 -0.004999995 -0.0148949 -0.002349257 -0.004999995 -0.01449996 -0.002165079 -0.004999995 -0.01660495 -0.002349257 -0.004999995 -0.01618409 -0.002462029 -0.004999995 -0.01574999 -0.002499938 -0.004999995 -0.01735693 -0.001915097 -0.004999995 -0.0169999 -0.002165079 -0.004999995 -0.01809912 -8.55029e-4 -0.004999995 -0.01791501 -0.001249969 -0.004999995 -0.01348608 0.01199191 -0.004999995 -0.01359885 0.01157099 -0.004999995 -0.00988692 0.0133019 -0.004999995 -0.01363682 0.01113688 -0.004999995 -0.01359885 0.01070272 -0.004999995 -0.01274389 0.01305198 -0.004999995 -0.01305198 0.01274389 -0.004999995 -0.0133019 0.01238685 -0.004999995 -0.01157099 0.01359891 -0.004999995 -0.01199191 0.01348608 -0.004999995 -0.01238685 0.0133019 -0.004999995 -0.01028186 0.01348608 -0.004999995 -0.01070272 0.01359891 -0.004999995 -0.01113682 0.01363688 -0.004999995 -0.009221792 0.01274389 -0.004999995 -0.009529948 0.01305198 -0.004999995 -0.00867486 0.01157099 -0.004999995 -0.008787691 0.01199191 -0.004999995 -0.00897181 0.01238685 -0.004999995 -0.008787691 0.01028186 -0.004999995 -0.00867486 0.01070272 -0.004999995 -0.008636891 0.01113688 -0.004999995 -0.009529948 0.009221792 -0.004999995 -0.009221792 0.009529948 -0.004999995 -0.00897181 0.00988692 -0.004999995 -0.01070272 0.008674919 -0.004999995 -0.01028186 0.008787691 -0.004999995 -0.00988692 0.008971869 -0.004999995 -0.01199191 0.008787691 -0.004999995 -0.01157099 0.008674919 -0.004999995 -0.01113682 0.008636951 -0.004999995 -0.01305198 0.009529948 -0.004999995 -0.01274389 0.009221792 -0.004999995 -0.01238685 0.008971869 -0.004999995 -0.01348608 0.01028186 -0.004999995 -0.0133019 0.00988692 -0.004999995 0.008787691 0.01199191 -0.004999995 0.00867486 0.01157099 -0.004999995 0.00988692 0.0133019 -0.004999995 0.008636891 0.01113688 -0.004999995 0.00867486 0.01070272 -0.004999995 0.009529948 0.01305198 -0.004999995 0.009221792 0.01274389 -0.004999995 0.00897181 0.01238685 -0.004999995 0.01070272 0.01359891 -0.004999995 0.01028186 0.01348608 -0.004999995 0.01199191 0.01348608 -0.004999995 0.01157099 0.01359891 -0.004999995 0.01113682 0.01363688 -0.004999995 0.01305198 0.01274389 -0.004999995 0.01274389 0.01305198 -0.004999995 0.01238685 0.0133019 -0.004999995 0.01359885 0.01157099 -0.004999995 0.01348608 0.01199191 -0.004999995 0.0133019 0.01238685 -0.004999995 0.01348608 0.01028186 -0.004999995 0.01359885 0.01070272 -0.004999995 0.01363682 0.01113688 -0.004999995 0.01274389 0.009221792 -0.004999995 0.01305198 0.009529948 -0.004999995 0.0133019 0.00988692 -0.004999995 0.01157099 0.008674919 -0.004999995 0.01199191 0.008787691 -0.004999995 0.01238685 0.008971869 -0.004999995 0.01028186 0.008787691 -0.004999995 0.01070272 0.008674919 -0.004999995 0.01113682 0.008636951 -0.004999995 0.009221792 0.009529948 -0.004999995 0.009529948 0.009221792 -0.004999995 0.00988692 0.008971869 -0.004999995 0.008787691 0.01028186 -0.004999995 0.00897181 0.00988692 -0.004999995 0.01340073 8.55029e-4 -0.004999995 0.01328796 4.34101e-4 -0.004999995 0.01766502 -0.001606822 -0.004999995 0.01324999 0 -0.004999995 0.01328796 -4.34101e-4 -0.004999995 0.01414299 0.001915097 -0.004999995 0.01383489 0.001606941 -0.004999995 0.01358491 0.001249969 -0.004999995 0.01531583 0.002462029 -0.004999995 0.0148949 0.002349257 -0.004999995 0.01449996 0.002165079 -0.004999995 0.01660495 0.002349257 -0.004999995 0.01618409 0.002462029 -0.004999995 0.01574999 0.002499938 -0.004999995 0.01766502 0.001606941 -0.004999995 0.01735693 0.001915097 -0.004999995 0.0169999 0.002165079 -0.004999995 0.01821202 4.34101e-4 -0.004999995 0.01809912 8.55029e-4 -0.004999995 0.01791501 0.001249969 -0.004999995 0.01809912 -8.55029e-4 -0.004999995 0.01821202 -4.34101e-4 -0.004999995 0.01824992 0 -0.004999995 0.01791501 -0.001249969 -0.004999995 0.01618409 -0.002462029 -0.004999995 0.01660495 -0.002349257 -0.004999995 0.0169999 -0.002165079 -0.004999995 0.01735693 -0.001915097 -0.004999995 0.0148949 -0.002349257 -0.004999995 0.01531583 -0.002462029 -0.004999995 0.01574999 -0.002499938 -0.004999995 0.01383489 -0.001606941 -0.004999995 0.01414299 -0.001915097 -0.004999995 0.01449996 -0.002165079 -0.004999995 0.01340073 -8.55029e-4 -0.004999995 0.01358491 -0.001249969 -5.00003e-4 0.009870469 0.00160408 -5.00004e-4 0.009485363 0.003166675 -5.00003e-4 0.008854568 0.004647195 -5.00003e-4 0.007994413 0.006007373 -5.00001e-4 0.006927192 0.007211923 -5.00004e-4 0.00568062 0.008229851 -5.00006e-4 0.004286825 0.009034514 -5.00007e-4 0.002782106 0.009605169 -5.00004e-4 0.001205325 0.009927034 -5.00004e-4 -4.026e-4 0.009991884 -5.00004e-4 -0.002000272 0.009797871 -5.00005e-4 -0.003546059 0.009350121 -5.00004e-4 -0.004999935 0.008660256 -5.00004e-4 -0.00632441 0.007745981 -5.00003e-4 -0.007485032 0.006631255 -5.00004e-4 -0.008451879 0.005344569 -5.00004e-4 -0.009199738 0.003919661 -5.00004e-4 -0.009709358 0.002393186 -5.00004e-4 -0.009967565 8.04663e-4 -5.00004e-4 -0.009967565 -8.04663e-4 -5.00003e-4 -0.009709358 -0.002393186 -5.00004e-4 -0.009199738 -0.003919661 -5.00005e-4 -0.008451879 -0.005344569 -4.99999e-4 -0.007485032 -0.006631255 -5.00007e-4 -0.00632447 -0.007745981 -5.00005e-4 -0.004999935 -0.008660256 -5.00004e-4 -0.003546059 -0.009350121 -5.00006e-4 -0.002000272 -0.009797871 -5.00003e-4 -4.02596e-4 -0.009991884 -5.00001e-4 0.001205325 -0.009927034 -5.00007e-4 0.002782106 -0.009605169 -5.00006e-4 0.004286825 -0.009034514 -5.00003e-4 0.00568062 -0.008229851 -5.00001e-4 0.006927192 -0.007211923 -5.00003e-4 0.007994413 -0.006007373 -5.00003e-4 0.008854568 -0.004647195 -5.00004e-4 0.009485363 -0.003166675 -5.00003e-4 0.009870469 -0.00160408 -5.00004e-4 0.00999999 0 -0.005499899 0.01507878 0.01284807 -0.005499899 0.01555627 0.01280629 -0.005499899 0.01603382 0.01284807 -0.005499899 0.01344966 0.0137887 -0.005499899 0.01378864 0.01344966 -0.005499899 0.01418125 0.01317477 -0.005499899 0.01461577 0.01297211 -0.005499899 0.01284801 0.01507884 -0.005499899 0.01297211 0.01461577 -0.005499899 0.01317477 0.01418131 -0.005499899 0.01297211 0.01649683 -0.005499899 0.01284801 0.01603382 -0.005499899 0.01280623 0.01555627 -0.005499899 0.01378864 0.01766294 -0.005499899 0.01344966 0.01732403 -0.005499899 0.01317477 0.01693135 -0.005499899 0.01507878 0.01826459 -0.005499899 0.01461577 0.01814049 -0.005499899 0.01418125 0.01793783 -0.005499899 0.01649683 0.01814049 -0.005499899 0.01603382 0.01826459 -0.005499899 0.01555627 0.01830637 -0.005499899 0.01766294 0.01732403 -0.005499899 0.01732397 0.01766294 -0.005499899 0.01693135 0.01793783 -0.005499899 0.01826453 0.01603382 -0.005499899 0.01814049 0.01649683 -0.005499899 0.01793783 0.01693135 -0.005499899 0.01814049 0.01461577 -0.005499899 0.01826453 0.01507884 -0.005499899 0.01830631 0.01555627 -0.005499899 0.01732397 0.01344966 -0.005499899 0.01766294 0.0137887 -0.005499899 0.01793783 0.01418131 -0.005499899 0.01649683 0.01297211 -0.005499899 0.01693135 0.01317477 -0.008499979 0.0217278 0.002985775 -0.008499979 0.02219086 0.003109872 -0.008499979 0.02262526 0.003312468 -0.008499979 0.023018 0.003587365 -0.008499979 0.02335697 0.003926277 -0.008499979 0.02363193 0.004319012 -0.008499979 0.02383446 0.00475347 -0.008499979 0.02395856 0.005216479 -0.008499979 0.02400028 0.005693972 -0.008499979 0.02395856 0.006171524 -0.008499979 0.02383446 0.006634593 -0.008499979 0.02363193 0.007068991 -0.008499979 0.02335697 0.007461667 -0.008499979 0.023018 0.007800638 -0.008499979 0.02262526 0.008075594 -0.008499979 0.02219086 0.008278191 -0.008499979 0.0217278 0.008402228 -0.008499979 0.0212503 0.008444011 -0.008499979 0.02077281 0.008402228 -0.008499979 0.0203098 0.008278191 -0.008499979 0.01987528 0.008075594 -0.008499979 0.01948267 0.007800638 -0.008499979 0.0191437 0.007461667 -0.008499979 0.0188688 0.007068991 -0.008499979 0.01866614 0.006634593 -0.008499979 0.01854211 0.006171524 -0.008499979 0.01850026 0.005693972 -0.008499979 0.01854211 0.005216479 -0.008499979 0.01866614 0.00475347 -0.008499979 0.0188688 0.004319012 -0.008499979 0.0191437 0.003926277 -0.008499979 0.01948267 0.003587365 -0.008499979 0.01987528 0.003312468 -0.008499979 0.0203098 0.003109872 -0.008499979 0.02077281 0.002985775 -0.008499979 0.0212503 0.002943933 -0.008499979 0.0217278 -0.008402228 -0.008499979 0.02219086 -0.008278191 -0.008499979 0.02262526 -0.008075594 -0.008499979 0.023018 -0.007800638 -0.008499979 0.02335697 -0.007461667 -0.008499979 0.02363193 -0.007068991 -0.008499979 0.02383446 -0.006634593 -0.008499979 0.02395856 -0.006171524 -0.008499979 0.02400028 -0.005693972 -0.008499979 0.02395856 -0.005216479 -0.008499979 0.02383446 -0.00475347 -0.008499979 0.02363193 -0.004319012 -0.008499979 0.02335697 -0.003926277 -0.008499979 0.023018 -0.003587365 -0.008499979 0.02262526 -0.003312468 -0.008499979 0.02219086 -0.003109872 -0.008499979 0.0217278 -0.002985775 -0.008499979 0.0212503 -0.002943933 -0.008499979 0.02077281 -0.002985775 -0.008499979 0.0203098 -0.003109872 -0.008499979 0.01987528 -0.003312468 -0.008499979 0.01948267 -0.003587365 -0.008499979 0.0191437 -0.003926277 -0.008499979 0.0188688 -0.004319012 -0.008499979 0.01866614 -0.00475347 -0.008499979 0.01854211 -0.005216479 -0.008499979 0.01850026 -0.005693972 -0.008499979 0.01854211 -0.006171524 -0.008499979 0.01866614 -0.006634593 -0.008499979 0.0188688 -0.007068991 -0.008499979 0.0191437 -0.007461667 -0.008499979 0.01948267 -0.007800638 -0.008499979 0.01987528 -0.008075594 -0.008499979 0.0203098 -0.008278191 -0.008499979 0.02077281 -0.008402228 -0.008499979 0.0212503 -0.008444011 -0.008499979 0.01603382 -0.01826459 -0.008499979 0.01649683 -0.01814049 -0.008499979 0.01693135 -0.01793783 -0.008499979 0.01732397 -0.01766294 -0.008499979 0.01766294 -0.01732403 -0.008499979 0.01793783 -0.01693135 -0.008499979 0.01814049 -0.01649683 -0.008499979 0.01826453 -0.01603382 -0.008499979 0.01830631 -0.01555627 -0.008499979 0.01826453 -0.01507884 -0.008499979 0.01814049 -0.01461577 -0.008499979 0.01793783 -0.01418131 -0.008499979 0.01766294 -0.0137887 -0.008499979 0.01732397 -0.01344966 -0.008499979 0.01693135 -0.01317477 -0.008499979 0.01649683 -0.01297211 -0.008499979 0.01603382 -0.01284807 -0.008499979 0.01555627 -0.01280629 -0.008499979 0.01507878 -0.01284807 -0.008499979 0.01461577 -0.01297211 -0.008499979 0.01418125 -0.01317477 -0.008499979 0.01378864 -0.01344966 -0.008499979 0.01344966 -0.0137887 -0.008499979 0.01317477 -0.01418131 -0.008499979 0.01297211 -0.01461577 -0.008499979 0.01284801 -0.01507884 -0.008499979 0.01280623 -0.01555627 -0.008499979 0.01284801 -0.01603382 -0.008499979 0.01297211 -0.01649683 -0.008499979 0.01317477 -0.01693135 -0.008499979 0.01344966 -0.01732403 -0.008499979 0.01378864 -0.01766294 -0.008499979 0.01418125 -0.01793783 -0.008499979 0.01461577 -0.01814049 -0.008499979 0.01507878 -0.01826459 -0.008499979 0.01555627 -0.01830637 -0.008499979 0.006171524 -0.02395856 -0.008499979 0.006634533 -0.02383446 -0.008499979 0.007068991 -0.02363193 -0.008499979 0.007461667 -0.02335697 -0.008499979 0.007800638 -0.02301806 -0.008499979 0.008075535 -0.02262532 -0.008499979 0.008278131 -0.02219086 -0.008499979 0.008402228 -0.02172785 -0.008499979 0.008444011 -0.0212503 -0.008499979 0.008402228 -0.02077281 -0.008499979 0.008278131 -0.0203098 -0.008499979 0.008075535 -0.01987528 -0.008499979 0.007800638 -0.01948273 -0.008499979 0.007461667 -0.01914376 -0.008499979 0.007068991 -0.0188688 -0.008499979 0.006634533 -0.01866614 -0.008499979 0.006171524 -0.01854217 -0.008499979 0.005693972 -0.01850032 -0.008499979 0.005216479 -0.01854217 -0.008499979 0.004753351 -0.01866614 -0.008499979 0.004319012 -0.0188688 -0.008499979 0.003926277 -0.01914376 -0.008499979 0.003587365 -0.01948273 -0.008499979 0.003312349 -0.01987528 -0.008499979 0.003109753 -0.0203098 -0.008499979 0.002985775 -0.02077281 -0.008499979 0.002943933 -0.0212503 -0.008499979 0.002985775 -0.02172785 -0.008499979 0.003109753 -0.02219086 -0.008499979 0.003312349 -0.02262532 -0.008499979 0.003587365 -0.02301806 -0.008499979 0.003926277 -0.02335697 -0.008499979 0.004319012 -0.02363193 -0.008499979 0.004753351 -0.02383446 -0.008499979 0.005216479 -0.02395856 -0.008499979 0.005693972 -0.02400028 -0.008499979 -0.005216479 -0.02395856 -0.008499979 -0.004753351 -0.02383446 -0.008499979 -0.004319012 -0.02363193 -0.008499979 -0.003926277 -0.02335697 -0.008499979 -0.003587365 -0.02301806 -0.008499979 -0.003312349 -0.02262532 -0.008499979 -0.003109753 -0.02219086 -0.008499979 -0.002985775 -0.02172785 -0.008499979 -0.002943933 -0.0212503 -0.008499979 -0.002985775 -0.02077281 -0.008499979 -0.003109753 -0.0203098 -0.008499979 -0.003312349 -0.01987528 -0.008499979 -0.003587365 -0.01948273 -0.008499979 -0.003926277 -0.01914376 -0.008499979 -0.004319012 -0.0188688 -0.008499979 -0.004753351 -0.01866614 -0.008499979 -0.005216479 -0.01854217 -0.008499979 -0.005693972 -0.01850032 -0.008499979 -0.006171524 -0.01854217 -0.008499979 -0.006634533 -0.01866614 -0.008499979 -0.007068991 -0.0188688 -0.008499979 -0.007461667 -0.01914376 -0.008499979 -0.007800638 -0.01948273 -0.008499979 -0.008075535 -0.01987528 -0.008499979 -0.008278131 -0.0203098 -0.008499979 -0.008402228 -0.02077281 -0.008499979 -0.008444011 -0.0212503 -0.008499979 -0.008402228 -0.02172785 -0.008499979 -0.008278131 -0.02219086 -0.008499979 -0.008075535 -0.02262532 -0.008499979 -0.007800638 -0.02301806 -0.008499979 -0.007461667 -0.02335697 -0.008499979 -0.007068991 -0.02363193 -0.008499979 -0.006634533 -0.02383446 -0.008499979 -0.006171524 -0.02395856 -0.008499979 -0.005693972 -0.02400028 -0.008499979 -0.01507878 -0.01826459 -0.008499979 -0.01461577 -0.01814049 -0.008499979 -0.01418125 -0.01793783 -0.008499979 -0.01378864 -0.01766294 -0.008499979 -0.01344966 -0.01732403 -0.008499979 -0.01317477 -0.01693135 -0.008499979 -0.01297211 -0.01649683 -0.008499979 -0.01284801 -0.01603382 -0.008499979 -0.01280623 -0.01555627 -0.008499979 -0.01284801 -0.01507884 -0.008499979 -0.01297211 -0.01461577 -0.008499979 -0.01317477 -0.01418131 -0.008499979 -0.01344966 -0.0137887 -0.008499979 -0.01378864 -0.01344966 -0.008499979 -0.01418125 -0.01317477 -0.008499979 -0.01461577 -0.01297211 -0.008499979 -0.01507878 -0.01284807 -0.008499979 -0.01555627 -0.01280629 -0.008499979 -0.01603382 -0.01284807 -0.008499979 -0.01649683 -0.01297211 -0.008499979 -0.01693135 -0.01317477 -0.008499979 -0.01732397 -0.01344966 -0.008499979 -0.01766294 -0.0137887 -0.008499979 -0.01793783 -0.01418131 -0.008499979 -0.01814049 -0.01461577 -0.008499979 -0.01826453 -0.01507884 -0.008499979 -0.01830631 -0.01555627 -0.008499979 -0.01826453 -0.01603382 -0.008499979 -0.01814049 -0.01649683 -0.008499979 -0.01793783 -0.01693135 -0.008499979 -0.01766294 -0.01732403 -0.008499979 -0.01732397 -0.01766294 -0.008499979 -0.01693135 -0.01793783 -0.008499979 -0.01649683 -0.01814049 -0.008499979 -0.01603382 -0.01826459 -0.008499979 -0.01555627 -0.01830637 -0.008499979 -0.02077281 -0.008402228 -0.008499979 -0.0203098 -0.008278191 -0.008499979 -0.01987528 -0.008075594 -0.008499979 -0.01948267 -0.007800638 -0.008499979 -0.0191437 -0.007461667 -0.008499979 -0.0188688 -0.007068991 -0.008499979 -0.01866614 -0.006634593 -0.008499979 -0.01854211 -0.006171524 -0.008499979 -0.01850026 -0.005693972 -0.008499979 -0.01854211 -0.005216479 -0.008499979 -0.01866614 -0.00475347 -0.008499979 -0.0188688 -0.004319012 -0.008499979 -0.0191437 -0.003926277 -0.008499979 -0.01948267 -0.003587365 -0.008499979 -0.01987528 -0.003312468 -0.008499979 -0.0203098 -0.003109872 -0.008499979 -0.02077281 -0.002985775 -0.008499979 -0.0212503 -0.002943933 -0.008499979 -0.0217278 -0.002985775 -0.008499979 -0.02219086 -0.003109872 -0.008499979 -0.02262526 -0.003312468 -0.008499979 -0.023018 -0.003587365 -0.008499979 -0.02335697 -0.003926277 -0.008499979 -0.02363193 -0.004319012 -0.008499979 -0.02383446 -0.00475347 -0.008499979 -0.02395856 -0.005216479 -0.008499979 -0.02400028 -0.005693972 -0.008499979 -0.02395856 -0.006171524 -0.008499979 -0.02383446 -0.006634593 -0.008499979 -0.02363193 -0.007068991 -0.008499979 -0.02335697 -0.007461667 -0.008499979 -0.023018 -0.007800638 -0.008499979 -0.02262526 -0.008075594 -0.008499979 -0.02219086 -0.008278191 -0.008499979 -0.0217278 -0.008402228 -0.008499979 -0.0212503 -0.008444011 -0.008499979 -0.02077281 0.002985775 -0.008499979 -0.0203098 0.003109872 -0.008499979 -0.01987528 0.003312468 -0.008499979 -0.01948267 0.003587365 -0.008499979 -0.0191437 0.003926277 -0.008499979 -0.0188688 0.004319012 -0.008499979 -0.01866614 0.00475347 -0.008499979 -0.01854211 0.005216479 -0.008499979 -0.01850026 0.005693972 -0.008499979 -0.01854211 0.006171524 -0.008499979 -0.01866614 0.006634593 -0.008499979 -0.0188688 0.007068991 -0.008499979 -0.0191437 0.007461667 -0.008499979 -0.01948267 0.007800638 -0.008499979 -0.01987528 0.008075594 -0.008499979 -0.0203098 0.008278191 -0.008499979 -0.02077281 0.008402228 -0.008499979 -0.0212503 0.008444011 -0.008499979 -0.0217278 0.008402228 -0.008499979 -0.02219086 0.008278191 -0.008499979 -0.02262526 0.008075594 -0.008499979 -0.023018 0.007800638 -0.008499979 -0.02335697 0.007461667 -0.008499979 -0.02363193 0.007068991 -0.008499979 -0.02383446 0.006634593 -0.008499979 -0.02395856 0.006171524 -0.008499979 -0.02400028 0.005693972 -0.008499979 -0.02395856 0.005216479 -0.008499979 -0.02383446 0.00475347 -0.008499979 -0.02363193 0.004319012 -0.008499979 -0.02335697 0.003926277 -0.008499979 -0.023018 0.003587365 -0.008499979 -0.02262526 0.003312468 -0.008499979 -0.02219086 0.003109872 -0.008499979 -0.0217278 0.002985775 -0.008499979 -0.0212503 0.002943933 -0.008499979 -0.01507878 0.01284807 -0.008499979 -0.01461577 0.01297211 -0.008499979 -0.01418125 0.01317477 -0.008499979 -0.01378864 0.01344966 -0.008499979 -0.01344966 0.0137887 -0.008499979 -0.01317477 0.01418131 -0.008499979 -0.01297211 0.01461577 -0.008499979 -0.01284801 0.01507884 -0.008499979 -0.01280623 0.01555627 -0.008499979 -0.01284801 0.01603382 -0.008499979 -0.01297211 0.01649683 -0.008499979 -0.01317477 0.01693135 -0.008499979 -0.01344966 0.01732403 -0.008499979 -0.01378864 0.01766294 -0.008499979 -0.01418125 0.01793783 -0.008499979 -0.01461577 0.01814049 -0.008499979 -0.01507878 0.01826459 -0.008499979 -0.01555627 0.01830637 -0.008499979 -0.01603382 0.01826459 -0.008499979 -0.01649683 0.01814049 -0.008499979 -0.01693135 0.01793783 -0.008499979 -0.01732397 0.01766294 -0.008499979 -0.01766294 0.01732403 -0.008499979 -0.01793783 0.01693135 -0.008499979 -0.01814049 0.01649683 -0.008499979 -0.01826453 0.01603382 -0.008499979 -0.01830631 0.01555627 -0.008499979 -0.01826453 0.01507884 -0.008499979 -0.01814049 0.01461577 -0.008499979 -0.01793783 0.01418131 -0.008499979 -0.01766294 0.0137887 -0.008499979 -0.01732397 0.01344966 -0.008499979 -0.01693135 0.01317477 -0.008499979 -0.01649683 0.01297211 -0.008499979 -0.01603382 0.01284807 -0.008499979 -0.01555627 0.01280629 -0.008499979 -0.005216479 0.01854217 -0.008499979 -0.004753351 0.01866614 -0.008499979 -0.004319012 0.0188688 -0.008499979 -0.003926277 0.01914376 -0.008499979 -0.003587365 0.01948273 -0.008499979 -0.003312349 0.01987528 -0.008499979 -0.003109753 0.0203098 -0.008499979 -0.002985775 0.02077281 -0.008499979 -0.002943933 0.0212503 -0.008499979 -0.002985775 0.02172785 -0.008499979 -0.003109753 0.02219086 -0.008499979 -0.003312349 0.02262532 -0.008499979 -0.003587365 0.02301806 -0.008499979 -0.003926277 0.02335697 -0.008499979 -0.004319012 0.02363193 -0.008499979 -0.004753351 0.02383446 -0.008499979 -0.005216479 0.02395856 -0.008499979 -0.005693972 0.02400028 -0.008499979 -0.006171524 0.02395856 -0.008499979 -0.006634533 0.02383446 -0.008499979 -0.007068991 0.02363193 -0.008499979 -0.007461667 0.02335697 -0.008499979 -0.007800638 0.02301806 -0.008499979 -0.008075535 0.02262532 -0.008499979 -0.008278131 0.02219086 -0.008499979 -0.008402228 0.02172785 -0.008499979 -0.008444011 0.0212503 -0.008499979 -0.008402228 0.02077281 -0.008499979 -0.008278131 0.0203098 -0.008499979 -0.008075535 0.01987528 -0.008499979 -0.007800638 0.01948273 -0.008499979 -0.007461667 0.01914376 -0.008499979 -0.007068991 0.0188688 -0.008499979 -0.006634533 0.01866614 -0.008499979 -0.006171524 0.01854217 -0.008499979 -0.005693972 0.01850032 -0.008499979 0.006171524 0.01854217 -0.008499979 0.006634533 0.01866614 -0.008499979 0.007068991 0.0188688 -0.008499979 0.007461667 0.01914376 -0.008499979 0.007800638 0.01948273 -0.008499979 0.008075535 0.01987528 -0.008499979 0.008278131 0.0203098 -0.008499979 0.008402228 0.02077281 -0.008499979 0.008444011 0.0212503 -0.008499979 0.008402228 0.02172785 -0.008499979 0.008278131 0.02219086 -0.008499979 0.008075535 0.02262532 -0.008499979 0.007800638 0.02301806 -0.008499979 0.007461667 0.02335697 -0.008499979 0.007068991 0.02363193 -0.008499979 0.006634533 0.02383446 -0.008499979 0.006171524 0.02395856 -0.008499979 0.005693972 0.02400028 -0.008499979 0.005216479 0.02395856 -0.008499979 0.004753351 0.02383446 -0.008499979 0.004319012 0.02363193 -0.008499979 0.003926277 0.02335697 -0.008499979 0.003587365 0.02301806 -0.008499979 0.003312349 0.02262532 -0.008499979 0.003109753 0.02219086 -0.008499979 0.002985775 0.02172785 -0.008499979 0.002943933 0.0212503 -0.008499979 0.002985775 0.02077281 -0.008499979 0.003109753 0.0203098 -0.008499979 0.003312349 0.01987528 -0.008499979 0.003587365 0.01948273 -0.008499979 0.003926277 0.01914376 -0.008499979 0.004319012 0.0188688 -0.008499979 0.004753351 0.01866614 -0.008499979 0.005216479 0.01854217 -0.008499979 0.005693972 0.01850032 0 -0.002499938 0.01574999 0 -0.00246191 0.01618409 0 -0.002349138 0.01660501 0 -0.002165019 0.01699995 0 -0.001915097 0.01735699 0 -0.001606941 0.01766502 0 -0.001249969 0.01791507 0 -8.5505e-4 0.01809918 0 -4.3412e-4 0.01821202 0 0 0.01824992 0 4.3412e-4 0.01821202 0 8.5505e-4 0.01809918 0 0.001249969 0.01791507 0 0.001606941 0.01766502 0 0.001915097 0.01735699 0 0.002165019 0.01699995 0 0.002349138 0.01660501 0 0.00246191 0.01618409 0 0.002499938 0.01574999 0 0.00246191 0.01531589 0 0.002349138 0.01489496 0 0.002165019 0.01450002 0 0.001915097 0.01414299 0 0.001606941 0.01383489 0 0.001249969 0.01358491 0 8.5505e-4 0.01340079 0 4.3412e-4 0.01328796 0 0 0.01324999 0 -4.3412e-4 0.01328796 0 -8.5505e-4 0.01340079 0 -0.001249969 0.01358491 0 -0.001606941 0.01383489 0 -0.001915097 0.01414299 0 -0.002165019 0.01450002 0 -0.002349138 0.01489496 0 -0.00246191 0.01531589 0 0.01359885 -0.01157099 0 0.01363682 -0.01113688 0 0.01359885 -0.01070272 0 0.01348608 -0.01028186 0 0.0133019 -0.00988692 0 0.01305198 -0.009529948 0 0.01274389 -0.009221792 0 0.01238685 -0.008971869 0 0.01199191 -0.01348602 0 0.01238685 -0.0133019 0 0.01274389 -0.01305198 0 0.01305198 -0.01274389 0 0.0133019 -0.01238685 0 0.01348608 -0.01199191 0 0.00867486 -0.01157099 0 0.008787691 -0.01199191 0 0.00897181 -0.01238685 0 0.009221792 -0.01274389 0 0.009529948 -0.01305198 0 0.00988692 -0.0133019 0 0.01028186 -0.01348608 0 0.01070272 -0.01359891 0 0.01113682 -0.01363688 0 0.01157099 -0.01359891 0 0.01199185 -0.008787631 0 0.01157099 -0.008674919 0 0.01113682 -0.008636951 0 0.01070272 -0.008674919 0 0.01028186 -0.008787691 0 0.00988692 -0.008971869 0 0.009529948 -0.009221792 0 0.009221792 -0.009529948 0 0.00897181 -0.00988692 0 0.008787691 -0.01028186 0 0.00867486 -0.01070272 0 0.008636891 -0.01113688 0 0.002499938 -0.01574999 0 0.00246191 -0.01531589 0 0.002349138 -0.01489496 0 0.002165019 -0.01450002 0 0.001915097 -0.01414299 0 0.001606941 -0.01383489 0 0.001249969 -0.01358491 0 8.5505e-4 -0.01340079 0 4.3412e-4 -0.01328796 0 0 -0.01324999 0 -4.3412e-4 -0.01328796 0 -8.5505e-4 -0.01340079 0 -0.001249969 -0.01358491 0 -0.001606941 -0.01383489 0 -0.001915097 -0.01414299 0 -0.002165019 -0.01450002 0 -0.002349138 -0.01489496 0 -0.00246191 -0.01531589 0 -0.002499938 -0.01574999 0 -0.00246191 -0.01618409 0 -0.002349138 -0.01660501 0 -0.002165019 -0.01699995 0 -0.001915097 -0.01735699 0 -0.001606941 -0.01766502 0 -0.001249969 -0.01791507 0 -8.5505e-4 -0.01809918 0 -4.3412e-4 -0.01821202 0 0 -0.01824992 0 4.3412e-4 -0.01821202 0 8.5505e-4 -0.01809918 0 0.001249969 -0.01791507 0 0.001606941 -0.01766502 0 0.001915097 -0.01735699 0 0.002165019 -0.01699995 0 0.002349138 -0.01660501 0 0.00246191 -0.01618409 0 -0.00867486 -0.01157099 0 -0.008636891 -0.01113688 0 -0.00867486 -0.01070272 0 -0.008787691 -0.01028186 0 -0.00897181 -0.00988692 0 -0.009221792 -0.009529948 0 -0.009529948 -0.009221792 0 -0.00988692 -0.008971869 0 -0.01028186 -0.008787691 0 -0.01070272 -0.008674919 0 -0.01135528 -0.008640885 0 -0.01199191 -0.01348602 0 -0.01157099 -0.01359891 0 -0.01113682 -0.01363688 0 -0.01070272 -0.01359891 0 -0.01028186 -0.01348608 0 -0.00988692 -0.0133019 0 -0.009529948 -0.01305198 0 -0.009221792 -0.01274389 0 -0.008866071 -0.01219564 0 -0.01359885 -0.01157099 0 -0.01348608 -0.01199191 0 -0.0133019 -0.01238685 0 -0.01305198 -0.01274389 0 -0.01274389 -0.01305198 0 -0.01238685 -0.0133019 0 -0.01199185 -0.008787631 0 -0.01238685 -0.008971869 0 -0.01274389 -0.009221792 0 -0.01305198 -0.009529948 0 -0.0133019 -0.00988692 0 -0.01348608 -0.01028186 0 -0.01359885 -0.01070272 0 -0.01363682 -0.01113688 0 -0.01574993 -0.002499938 0 -0.01531583 -0.002462029 0 -0.0148949 -0.002349257 0 -0.01449996 -0.002165079 0 -0.01414299 -0.001915097 0 -0.01383489 -0.001606941 0 -0.01358491 -0.001249969 0 -0.01340073 -8.55029e-4 0 -0.01328796 -4.34101e-4 0 -0.01324999 0 0 -0.01328796 4.34101e-4 0 -0.01340073 8.55029e-4 0 -0.01358491 0.001249969 0 -0.01383489 0.001606941 0 -0.01414299 0.001915097 0 -0.01449996 0.002165079 0 -0.0148949 0.002349257 0 -0.01531583 0.002462029 0 -0.01574993 0.002499938 0 -0.01618409 0.002462029 0 -0.01660495 0.002349257 0 -0.0169999 0.002165079 0 -0.01735693 0.001915097 0 -0.01766502 0.001606941 0 -0.01791501 0.001249969 0 -0.01809912 8.55029e-4 0 -0.01821202 4.34101e-4 0 -0.01824992 0 0 -0.01821202 -4.34101e-4 0 -0.01809912 -8.55029e-4 0 -0.01791501 -0.001249969 0 -0.01766502 -0.001606941 0 -0.01735693 -0.001915097 0 -0.0169999 -0.002165079 0 -0.01660495 -0.002349257 0 -0.01618409 -0.002462029 0 -0.01199191 0.01348602 0 -0.01238685 0.0133019 0 -0.01274389 0.01305198 0 -0.01305198 0.01274389 0 -0.0133019 0.01238685 0 -0.00867486 0.01157099 0 -0.008787691 0.01199191 0 -0.00897181 0.01238685 0 -0.009221792 0.01274389 0 -0.009529948 0.01305198 0 -0.00988692 0.0133019 0 -0.01028186 0.01348608 0 -0.01070272 0.01359891 0 -0.01113682 0.01363688 0 -0.01157099 0.01359891 0 -0.01199185 0.008787631 0 -0.01157099 0.008674919 0 -0.01113682 0.008636951 0 -0.01070272 0.008674919 0 -0.01028186 0.008787691 0 -0.00988692 0.008971869 0 -0.009529948 0.009221792 0 -0.009221792 0.009529948 0 -0.00897181 0.00988692 0 -0.008787691 0.01028186 0 -0.00867486 0.01070272 0 -0.008636891 0.01113688 0 -0.01348608 0.01199191 0 -0.01359885 0.01157099 0 -0.01363682 0.01113688 0 -0.01359885 0.01070272 0 -0.01348608 0.01028186 0 -0.0133019 0.00988692 0 -0.01305198 0.009529948 0 -0.01274389 0.009221792 0 -0.01238685 0.008971869 0 0.01199191 0.01348602 0 0.01157099 0.01359891 0 0.01113682 0.01363688 0 0.01070272 0.01359891 0 0.01028186 0.01348608 0 0.00988692 0.0133019 0 0.009529948 0.01305198 0 0.009221792 0.01274389 0 0.008866071 0.01219564 0 0.01359885 0.01157099 0 0.01348608 0.01199191 0 0.0133019 0.01238685 0 0.01305198 0.01274389 0 0.01274389 0.01305198 0 0.01238685 0.0133019 0 0.01199185 0.008787631 0 0.01238685 0.008971869 0 0.01274389 0.009221792 0 0.01305198 0.009529948 0 0.0133019 0.00988692 0 0.01348608 0.01028186 0 0.01359885 0.01070272 0 0.01363682 0.01113688 0 0.00867486 0.01157099 0 0.008636891 0.01113688 0 0.00867486 0.01070272 0 0.008787691 0.01028186 0 0.00897181 0.00988692 0 0.009221792 0.009529948 0 0.009529948 0.009221792 0 0.00988692 0.008971869 0 0.01028186 0.008787691 0 0.01070272 0.008674919 0 0.01135528 0.008640885 0 0.01324999 0 0 0.01328796 4.34101e-4 0 0.01340073 8.55029e-4 0 0.01358491 0.001249969 0 0.01383489 0.001606941 0 0.01414299 0.001915097 0 0.01449996 0.002165079 0 0.0148949 0.002349257 0 0.01531583 0.002462029 0 0.01574999 0.002499938 0 0.01618409 0.002462029 0 0.01660495 0.002349257 0 0.0169999 0.002165079 0 0.01735693 0.001915097 0 0.01766502 0.001606941 0 0.01791501 0.001249969 0 0.01809912 8.55029e-4 0 0.01821202 4.34101e-4 0 0.01824992 0 0 0.01821202 -4.34101e-4 0 0.01809912 -8.55029e-4 0 0.01791501 -0.001249969 0 0.01766502 -0.001606941 0 0.01735693 -0.001915097 0 0.0169999 -0.002165079 0 0.01660495 -0.002349257 0 0.01618409 -0.002462029 0 0.01574999 -0.002499938 0 0.01531583 -0.002462029 0 0.0148949 -0.002349257 0 0.01449996 -0.002165079 0 0.01414299 -0.001915097 0 0.01383489 -0.001606941 0 0.01358491 -0.001249969 0 0.01340073 -8.55029e-4 0 0.01328796 -4.34101e-4 0 0.01771134 0.008158266 -2.51833e-6 0.01837182 0.00655961 -5.00032e-4 0.01865774 0.007203102 -5.00798e-4 0.01633656 0.01153832 -4.99981e-4 0.01556706 0.01255649 0 0.01592344 0.01125538 -2.06247e-6 0.0148614 0.0126329 -5.00868e-4 0.01816016 0.008380353 0 0.01688748 0.009750008 -5.00004e-4 0.01732051 0.00999999 -5.00797e-4 0.008378624 0.01816082 -4.99986e-4 0.007203221 0.0186578 0 0.008158206 0.0177114 -1.38811e-6 0.006552815 0.01837074 0 0.01125454 0.01592385 -2.51894e-6 0.01263058 0.01486665 -5.00015e-4 0.01255649 0.015567 -5.00863e-4 0.01153695 0.01633769 0 0.009749948 0.01688748 -5.00004e-4 0.00999999 0.01732051 -5.00796e-4 -0.0018242 0.01991707 -4.99986e-4 -0.00309062 0.01975971 0 -0.001790404 0.01941764 -1.39253e-6 -0.003510415 0.01918596 0 0.001790404 0.01941764 -2.52114e-6 0.003505051 0.01919025 -5.00039e-4 0.003090739 0.01975965 -5.00876e-4 0.001822352 0.0199173 0 0 0.01949995 -5.00004e-4 0 0.01999998 -5.00797e-4 -0.0115382 0.01633656 -4.99978e-4 -0.01255649 0.015567 0 -0.01125544 0.01592344 -2.06025e-6 -0.0126329 0.01486128 0 -0.008158206 0.0177114 -2.51619e-6 -0.00655961 0.01837176 -5.00037e-4 -0.007203102 0.0186578 -5.00866e-4 -0.008380234 0.01816022 0 -0.009749948 0.01688748 -5.00004e-4 -0.00999999 0.01732051 -5.00799e-4 -0.01816076 0.008378803 -4.99981e-4 -0.01865774 0.007203221 0 -0.01771134 0.008158266 -3.98814e-6 -0.01837199 0.00655663 0 -0.01592403 0.01125442 -7.13426e-6 -0.01487344 0.01262933 -5.00022e-4 -0.015567 0.01255649 -5.00922e-4 -0.01633745 0.01153731 0 -0.01688748 0.009750008 -5.00004e-4 -0.01732051 0.00999999 -5.00799e-4 -0.01991707 -0.00182408 -4.99984e-4 -0.01975971 -0.00309062 0 -0.01941758 -0.001790404 -1.38698e-6 -0.01918596 -0.003510475 0 -0.01941758 0.001790404 -2.51343e-6 -0.01919025 0.003505051 -5.00036e-4 -0.01975965 0.003090739 -5.00868e-4 -0.0199173 0.001822531 0 -0.01949989 0 -5.00004e-4 -0.01999998 0 0 -0.0159235 -0.01125532 -4.99982e-4 -0.01556706 -0.01255649 -2.06247e-6 -0.0148614 -0.0126329 0 -0.01771134 -0.008158266 -3.71886e-6 -0.01837241 -0.006561279 -5.00032e-4 -0.01865774 -0.007203102 -5.00847e-4 -0.01633644 -0.0115385 -5.00868e-4 -0.01816016 -0.008380413 0 -0.01688748 -0.009750008 -5.00004e-4 -0.01732051 -0.00999999 -5.00797e-4 -0.008378624 -0.01816082 -4.99986e-4 -0.007203221 -0.0186578 0 -0.008158206 -0.0177114 -3.97977e-6 -0.00655663 -0.01837199 0 -0.01125454 -0.01592391 -2.51894e-6 -0.01263058 -0.01486665 -5.00017e-4 -0.01255649 -0.015567 -5.00915e-4 -0.01153731 -0.01633751 0 -0.009749948 -0.01688748 -5.00004e-4 -0.00999999 -0.01732051 -5.00796e-4 0.0018242 -0.01991707 -4.99986e-4 0.00309062 -0.01975971 0 0.001790404 -0.01941764 -1.39253e-6 0.003510415 -0.01918596 0 -0.001790404 -0.01941764 -2.52114e-6 -0.003505051 -0.01919025 -5.00039e-4 -0.003090739 -0.01975965 -5.00876e-4 -0.001822352 -0.0199173 0 0 -0.01949995 -5.00004e-4 0 -0.01999998 0 0.01125544 -0.01592344 -4.99978e-4 0.01255649 -0.015567 -2.06025e-6 0.0126329 -0.01486128 0 0.008158206 -0.0177114 -3.71567e-6 0.006561279 -0.01837229 -5.00037e-4 0.007203102 -0.0186578 -5.00847e-4 0.01153844 -0.0163365 -5.00866e-4 0.008380234 -0.01816022 0 0.009749948 -0.01688748 -5.00004e-4 0.00999999 -0.01732051 -5.00799e-4 0.01816076 -0.008378803 -4.99982e-4 0.01865774 -0.007203221 0 0.01771134 -0.008158266 -1.39096e-6 0.01837074 -0.006552815 0 0.01592403 -0.01125442 -7.13426e-6 0.01487344 -0.01262933 -5.00022e-4 0.015567 -0.01255649 -5.00871e-4 0.01633769 -0.01153695 0 0.01688748 -0.009750008 -5.00004e-4 0.01732051 -0.00999999 -5.00799e-4 0.01991707 0.00182408 -4.99985e-4 0.01975971 0.00309062 0 0.01941758 0.001790404 -1.38698e-6 0.01918596 0.003510475 0 0.01941758 -0.001790404 -2.51343e-6 0.01919025 -0.003505051 -5.00036e-4 0.01975965 -0.003090739 -5.00868e-4 0.0199173 -0.001822531 0 0.01949989 0 -5.00004e-4 0.01999998 0 0 0.009959578 -0.003324985 0 0.01036393 -0.001684308 0 0.009297192 -0.004879713 0 0.008394122 -0.006307721 0 0.007273495 -0.007572591 0 0.005964577 -0.008641242 0 0.004501223 -0.009486258 0 0.002921283 -0.01008546 0 0.001265585 -0.01042342 0 -4.22792e-4 -0.01049149 0 -0.002100229 -0.01028782 0 -0.003723323 -0.009817659 0 -0.005249977 -0.009093225 0 -0.006640672 -0.008133351 0 -0.007859349 -0.006962776 0 -0.008874416 -0.005611896 0 -0.009659767 -0.004115641 0 -0.01019477 -0.002512753 0 -0.01046586 -8.44896e-4 0 -0.01046586 8.44896e-4 0 -0.01019477 0.002512753 0 -0.009659767 0.004115641 0 -0.008874416 0.005611896 0 -0.007859349 0.006962776 0 -0.006640672 0.008133351 0 -0.005249977 0.009093284 0 -0.003723323 0.009817659 0 -0.002100229 0.01028782 0 -4.22792e-4 0.01049149 0 0.001265585 0.01042342 0 0.002921283 0.01008546 0 0.004501223 0.009486258 0 0.005964577 0.008641302 0 0.007273495 0.007572591 0 0.008394122 0.006307721 0 0.009297251 0.004879534 0 0.009959578 0.003324985 0 0.01036393 0.001684308 0 0.01049995 0 -0.008499979 0.01603382 0.01284807 -0.008499979 0.01649683 0.01297211 -0.008499979 0.01693135 0.01317477 -0.008499979 0.01732397 0.01344966 -0.008499979 0.01766294 0.0137887 -0.008499979 0.01793783 0.01418131 -0.008499979 0.01814049 0.01461577 -0.008499979 0.01826453 0.01507884 -0.008499979 0.01830631 0.01555627 -0.008499979 0.01826453 0.01603382 -0.008499979 0.01814049 0.01649683 -0.008499979 0.01793783 0.01693135 -0.008499979 0.01766294 0.01732403 -0.008499979 0.01732397 0.01766294 -0.008499979 0.01693135 0.01793783 -0.008499979 0.01649683 0.01814049 -0.008499979 0.01603382 0.01826459 -0.008499979 0.01555627 0.01830637 -0.008499979 0.01507878 0.01826459 -0.008499979 0.01461577 0.01814049 -0.008499979 0.01418125 0.01793783 -0.008499979 0.01378864 0.01766294 -0.008499979 0.01344966 0.01732403 -0.008499979 0.01317477 0.01693135 -0.008499979 0.01297211 0.01649683 -0.008499979 0.01284801 0.01603382 -0.008499979 0.01280623 0.01555627 -0.008499979 0.01284801 0.01507884 -0.008499979 0.01297211 0.01461577 -0.008499979 0.01317477 0.01418131 -0.008499979 0.01344966 0.0137887 -0.008499979 0.01378864 0.01344966 -0.008499979 0.01418125 0.01317477 -0.008499979 0.01461577 0.01297211 -0.008499979 0.01507878 0.01284807 -0.008499979 0.01555627 0.01280629 -0.008499979 0.01829594 0.006214976 -0.008499979 0.01825034 0.005693972 -0.008499979 0.01829594 0.005173087 -0.008499979 0.01843124 0.004667878 -0.008499979 0.01865226 0.004194021 -0.008499979 0.01895219 0.003765583 -0.008499979 0.01932191 0.003395915 -0.008499979 0.01975029 0.003095865 -0.008499979 0.02022427 0.00287497 -0.008499979 0.02072942 0.002739608 -0.008499979 0.0212503 0.002693951 -0.008499979 0.02177131 0.002739608 -0.008499979 0.0222764 0.00287497 -0.008499979 0.02275025 0.003095865 -0.008499979 0.02317863 0.003395915 -0.008499979 0.02354848 0.003765583 -0.008499979 0.02384841 0.004194021 -0.008499979 0.02406936 0.004667878 -0.008499979 0.02420479 0.005173087 -0.008499979 0.02425026 0.005693972 -0.008499979 0.02420479 0.006214976 -0.008499979 0.02406936 0.006720066 -0.008499979 0.02384841 0.007194042 -0.008499979 0.02354848 0.007622361 -0.008499979 0.02317863 0.007992148 -0.008499979 0.02275025 0.008292078 -0.008499979 0.0222764 0.008513092 -0.008499979 0.02177131 0.008648455 -0.008499979 0.0212503 0.008693993 -0.008499979 0.02072942 0.008648455 -0.008499979 0.02022427 0.008513092 -0.008499979 0.01975029 0.008292078 -0.008499979 0.01932191 0.007992148 -0.008499979 0.01895219 0.007622361 -0.008499979 0.01865226 0.007194042 -0.008499979 0.01843124 0.006720066 -0.006031811 0.01977407 -0.003081798 -0.005967617 0.01994585 -0.001566112 -0.005975127 0.02000933 -3.23561e-5 -0.005974233 0.01994907 0.001528978 -0.006078839 0.01978355 0.003076255 -0.008499979 0.01865226 -0.007194042 -0.008499979 0.01895219 -0.007622361 -0.008499979 0.01932191 -0.007992148 -0.008499979 0.01975029 -0.008292078 -0.008499979 0.02022427 -0.008513092 -0.008499979 0.02072942 -0.008648455 -0.008499979 0.0212503 -0.008693993 -0.008499979 0.02177131 -0.008648455 -0.008499979 0.0222764 -0.008513092 -0.008499979 0.02275025 -0.008292078 -0.008499979 0.02317863 -0.007992148 -0.008499979 0.02354848 -0.007622361 -0.008499979 0.02384841 -0.007194042 -0.008499979 0.02406936 -0.006720066 -0.008499979 0.02420479 -0.006214976 -0.008499979 0.02425026 -0.005693972 -0.008499979 0.02420479 -0.005173087 -0.008499979 0.02406936 -0.004667878 -0.008499979 0.02384841 -0.004194021 -0.008499979 0.02354848 -0.003765583 -0.008499979 0.02317863 -0.003395915 -0.008499979 0.02275025 -0.003095865 -0.008499979 0.0222764 -0.00287497 -0.008499979 0.02177131 -0.002739608 -0.008499979 0.0212503 -0.002693951 -0.008499979 0.02072942 -0.002739608 -0.008499979 0.02022427 -0.00287497 -0.008499979 0.01975029 -0.003095865 -0.008499979 0.01932191 -0.003395915 -0.008499979 0.01895219 -0.003765583 -0.008499979 0.01865226 -0.004194021 -0.008499979 0.01843124 -0.004667878 -0.008499979 0.01829594 -0.005173087 -0.008499979 0.01825034 -0.005693972 -0.008499979 0.01829594 -0.006214976 -0.008499979 0.01843124 -0.006720066 -0.006031751 0.01558393 -0.01255595 -0.005967617 0.01649051 -0.01132929 -0.005975127 0.0173124 -0.01003271 -0.005974173 0.01804095 -0.008650362 -0.006078779 0.01867121 -0.007227599 -0.008499979 0.01295816 -0.01405632 -0.008499979 0.01273727 -0.0145303 -0.008499979 0.01260191 -0.01503539 -0.008499979 0.01255631 -0.01555627 -0.008499979 0.01260191 -0.01607728 -0.008499979 0.01273727 -0.01658236 -0.008499979 0.01295816 -0.01705634 -0.008499979 0.01325815 -0.01748472 -0.008499979 0.01362788 -0.01785451 -0.008499979 0.01405632 -0.01815444 -0.008499979 0.01453024 -0.01837545 -0.008499979 0.01503539 -0.01851069 -0.008499979 0.01555627 -0.01855635 -0.008499979 0.01607728 -0.01851069 -0.008499979 0.01658231 -0.01837545 -0.008499979 0.01705634 -0.01815444 -0.008499979 0.01748466 -0.01785451 -0.008499979 0.01785445 -0.01748472 -0.008499979 0.01815438 -0.01705634 -0.008499979 0.01837533 -0.01658236 -0.008499979 0.01851069 -0.01607728 -0.008499979 0.01855623 -0.01555627 -0.008499979 0.01851069 -0.01503539 -0.008499979 0.01837533 -0.0145303 -0.008499979 0.01815438 -0.01405632 -0.008499979 0.01785445 -0.01362794 -0.008499979 0.01748466 -0.01325815 -0.008499979 0.01705634 -0.01295822 -0.008499979 0.01658231 -0.01273727 -0.008499979 0.01607728 -0.01260191 -0.008499979 0.01555627 -0.01255637 -0.008499979 0.01503539 -0.01260191 -0.008499979 0.01453024 -0.01273727 -0.008499979 0.01405632 -0.01295822 -0.008499979 0.01362788 -0.01325815 -0.008499979 0.01325815 -0.01362794 -0.006078779 0.01255583 -0.01559484 -0.005974173 0.01129859 -0.01651185 -0.005975127 0.009976565 -0.01734483 -0.005967378 0.008616745 -0.01805663 -0.006031811 0.007218003 -0.01866579 -0.008499979 0.003095865 -0.02275031 -0.008499979 0.003395855 -0.02317875 -0.008499979 0.003765583 -0.02354848 -0.008499979 0.004193961 -0.02384847 -0.008499979 0.004667878 -0.02406936 -0.008499979 0.005173027 -0.02420479 -0.008499979 0.005693972 -0.02425032 -0.008499979 0.006214857 -0.02420479 -0.008499979 0.006720066 -0.02406936 -0.008499979 0.007193982 -0.02384847 -0.008499979 0.007622361 -0.02354848 -0.008499979 0.007992148 -0.02317875 -0.008499979 0.008292078 -0.02275031 -0.008499979 0.008513092 -0.0222764 -0.008499979 0.008648395 -0.02177131 -0.008499979 0.008693993 -0.0212503 -0.008499979 0.008648395 -0.02072942 -0.008499979 0.008513092 -0.02022433 -0.008499979 0.008292078 -0.01975029 -0.008499979 0.007992148 -0.01932191 -0.008499979 0.007622361 -0.01895225 -0.008499979 0.007193982 -0.01865226 -0.008499979 0.006720066 -0.0184313 -0.008499979 0.006214857 -0.01829594 -0.008499979 0.005693972 -0.01825034 -0.008499979 0.005173027 -0.01829594 -0.008499979 0.004667878 -0.0184313 -0.008499979 0.004193961 -0.01865226 -0.008499979 0.003765583 -0.01895225 -0.008499979 0.003395855 -0.01932191 -0.008499979 0.003095865 -0.01975029 -0.008499979 0.002874851 -0.02022433 -0.008499979 0.002739489 -0.02072942 -0.008499979 0.002693951 -0.0212503 -0.008499979 0.002739489 -0.02177131 -0.008499979 0.002874851 -0.0222764 -0.006078958 0.003076136 -0.01978355 -0.005974233 0.001529157 -0.01994901 -0.005974948 -3.23396e-5 -0.02000927 -0.005967617 -0.001566231 -0.0199458 -0.006031811 -0.003081798 -0.01977401 -0.008499979 -0.008292078 -0.02275031 -0.008499979 -0.007992148 -0.02317875 -0.008499979 -0.007622361 -0.02354848 -0.008499979 -0.007193982 -0.02384847 -0.008499979 -0.006720066 -0.02406936 -0.008499979 -0.006214857 -0.02420479 -0.008499979 -0.005693972 -0.02425032 -0.008499979 -0.005173027 -0.02420479 -0.008499979 -0.004667878 -0.02406936 -0.008499979 -0.004193961 -0.02384847 -0.008499979 -0.003765583 -0.02354848 -0.008499979 -0.003395855 -0.02317875 -0.008499979 -0.003095865 -0.02275031 -0.008499979 -0.002874851 -0.0222764 -0.008499979 -0.002739489 -0.02177131 -0.008499979 -0.002693951 -0.0212503 -0.008499979 -0.002739489 -0.02072942 -0.008499979 -0.002874851 -0.02022433 -0.008499979 -0.003095865 -0.01975029 -0.008499979 -0.003395855 -0.01932191 -0.008499979 -0.003765583 -0.01895225 -0.008499979 -0.004193961 -0.01865226 -0.008499979 -0.004667878 -0.0184313 -0.008499979 -0.005173027 -0.01829594 -0.008499979 -0.005693972 -0.01825034 -0.008499979 -0.006214857 -0.01829594 -0.008499979 -0.006720066 -0.0184313 -0.008499979 -0.007193982 -0.01865226 -0.008499979 -0.007622361 -0.01895225 -0.008499979 -0.007992148 -0.01932191 -0.008499979 -0.008292078 -0.01975029 -0.008499979 -0.008513092 -0.02022433 -0.008499979 -0.008648395 -0.02072942 -0.008499979 -0.008693993 -0.0212503 -0.008499979 -0.008648395 -0.02177131 -0.008499979 -0.008513092 -0.0222764 -0.006078839 -0.007227659 -0.01867121 -0.005973935 -0.008650481 -0.01804089 -0.005975067 -0.01003271 -0.0173124 -0.005967557 -0.01132917 -0.01649051 -0.006031811 -0.01255595 -0.01558393 -0.008499979 -0.01815438 -0.01705634 -0.008499979 -0.01785445 -0.01748472 -0.008499979 -0.01748466 -0.01785451 -0.008499979 -0.01705634 -0.01815444 -0.008499979 -0.01658231 -0.01837545 -0.008499979 -0.01607728 -0.01851069 -0.008499979 -0.01555627 -0.01855635 -0.008499979 -0.01503539 -0.01851069 -0.008499979 -0.01453024 -0.01837545 -0.008499979 -0.01405632 -0.01815444 -0.008499979 -0.01362788 -0.01785451 -0.008499979 -0.01325815 -0.01748472 -0.008499979 -0.01295816 -0.01705634 -0.008499979 -0.01273727 -0.01658236 -0.008499979 -0.01260191 -0.01607728 -0.008499979 -0.01255631 -0.01555627 -0.008499979 -0.01260191 -0.01503539 -0.008499979 -0.01273727 -0.0145303 -0.008499979 -0.01295816 -0.01405632 -0.008499979 -0.01325815 -0.01362794 -0.008499979 -0.01362788 -0.01325815 -0.008499979 -0.01405632 -0.01295822 -0.008499979 -0.01453024 -0.01273727 -0.008499979 -0.01503539 -0.01260191 -0.008499979 -0.01555627 -0.01255637 -0.008499979 -0.01607728 -0.01260191 -0.008499979 -0.01658231 -0.01273727 -0.008499979 -0.01705634 -0.01295822 -0.008499979 -0.01748466 -0.01325815 -0.008499979 -0.01785445 -0.01362794 -0.008499979 -0.01815438 -0.01405632 -0.008499979 -0.01837533 -0.0145303 -0.008499979 -0.01851069 -0.01503539 -0.008499979 -0.01855623 -0.01555627 -0.008499979 -0.01851069 -0.01607728 -0.008499979 -0.01837533 -0.01658236 -0.006031811 -0.01866579 -0.007218003 -0.005967676 -0.01805669 -0.008616685 -0.005975127 -0.01734483 -0.009976625 -0.005974233 -0.01651179 -0.01129877 -0.006078839 -0.01559484 -0.01255583 -0.008499979 -0.02420479 -0.005173087 -0.008499979 -0.02425026 -0.005693972 -0.008499979 -0.02420479 -0.006214976 -0.008499979 -0.02406936 -0.006720066 -0.008499979 -0.02384841 -0.007194042 -0.008499979 -0.02354848 -0.007622361 -0.008499979 -0.02317863 -0.007992148 -0.008499979 -0.02275025 -0.008292078 -0.008499979 -0.0222764 -0.008513092 -0.008499979 -0.02177131 -0.008648455 -0.008499979 -0.0212503 -0.008693993 -0.008499979 -0.02072942 -0.008648455 -0.008499979 -0.02022427 -0.008513092 -0.008499979 -0.01975029 -0.008292078 -0.008499979 -0.01932191 -0.007992148 -0.008499979 -0.01895219 -0.007622361 -0.008499979 -0.01865226 -0.007194042 -0.008499979 -0.01843124 -0.006720066 -0.008499979 -0.01829594 -0.006214976 -0.008499979 -0.01825034 -0.005693972 -0.008499979 -0.01829594 -0.005173087 -0.008499979 -0.01843124 -0.004667878 -0.008499979 -0.01865226 -0.004194021 -0.008499979 -0.01895219 -0.003765583 -0.008499979 -0.01932191 -0.003395915 -0.008499979 -0.01975029 -0.003095865 -0.008499979 -0.02022427 -0.00287497 -0.008499979 -0.02072942 -0.002739608 -0.008499979 -0.0212503 -0.002693951 -0.008499979 -0.02177131 -0.002739608 -0.008499979 -0.0222764 -0.00287497 -0.008499979 -0.02275025 -0.003095865 -0.008499979 -0.02317863 -0.003395915 -0.008499979 -0.02354848 -0.003765583 -0.008499979 -0.02384841 -0.004194021 -0.008499979 -0.02406936 -0.004667878 -0.006078839 -0.01978355 -0.003076255 -0.005974233 -0.01994907 -0.001528978 -0.005975127 -0.02000933 3.23561e-5 -0.005967617 -0.01994585 0.001566112 -0.006031811 -0.01977407 0.003081798 -0.008499979 -0.02384841 0.004194021 -0.008499979 -0.02354848 0.003765583 -0.008499979 -0.02317863 0.003395915 -0.008499979 -0.02275025 0.003095865 -0.008499979 -0.0222764 0.00287497 -0.008499979 -0.02177131 0.002739608 -0.008499979 -0.0212503 0.002693951 -0.008499979 -0.02072942 0.002739608 -0.008499979 -0.02022427 0.00287497 -0.008499979 -0.01975029 0.003095865 -0.008499979 -0.01932191 0.003395915 -0.008499979 -0.01895219 0.003765583 -0.008499979 -0.01865226 0.004194021 -0.008499979 -0.01843124 0.004667878 -0.008499979 -0.01829594 0.005173087 -0.008499979 -0.01825034 0.005693972 -0.008499979 -0.01829594 0.006214976 -0.008499979 -0.01843124 0.006720066 -0.008499979 -0.01865226 0.007194042 -0.008499979 -0.01895219 0.007622361 -0.008499979 -0.01932191 0.007992148 -0.008499979 -0.01975029 0.008292078 -0.008499979 -0.02022427 0.008513092 -0.008499979 -0.02072942 0.008648455 -0.008499979 -0.0212503 0.008693993 -0.008499979 -0.02177131 0.008648455 -0.008499979 -0.0222764 0.008513092 -0.008499979 -0.02275025 0.008292078 -0.008499979 -0.02317863 0.007992148 -0.008499979 -0.02354848 0.007622361 -0.008499979 -0.02384841 0.007194042 -0.008499979 -0.02406936 0.006720066 -0.008499979 -0.02420479 0.006214976 -0.008499979 -0.02425026 0.005693972 -0.008499979 -0.02420479 0.005173087 -0.008499979 -0.02406936 0.004667878 -0.006078779 -0.01867121 0.007227599 -0.005974173 -0.01804095 0.008650362 -0.005975127 -0.0173124 0.01003271 -0.005967617 -0.01649045 0.01132929 -0.006031751 -0.01558393 0.01255595 -0.008499979 -0.01815438 0.01405632 -0.008499979 -0.01785445 0.01362794 -0.008499979 -0.01748466 0.01325815 -0.008499979 -0.01705634 0.01295822 -0.008499979 -0.01658231 0.01273727 -0.008499979 -0.01607728 0.01260191 -0.008499979 -0.01555627 0.01255637 -0.008499979 -0.01503539 0.01260191 -0.008499979 -0.01453024 0.01273727 -0.008499979 -0.01405632 0.01295822 -0.008499979 -0.01362788 0.01325815 -0.008499979 -0.01325815 0.01362794 -0.008499979 -0.01295816 0.01405632 -0.008499979 -0.01273727 0.0145303 -0.008499979 -0.01260191 0.01503539 -0.008499979 -0.01255631 0.01555627 -0.008499979 -0.01260191 0.01607728 -0.008499979 -0.01273727 0.01658236 -0.008499979 -0.01295816 0.01705634 -0.008499979 -0.01325815 0.01748472 -0.008499979 -0.01362788 0.01785451 -0.008499979 -0.01405632 0.01815444 -0.008499979 -0.01453024 0.01837545 -0.008499979 -0.01503539 0.01851069 -0.008499979 -0.01555627 0.01855635 -0.008499979 -0.01607728 0.01851069 -0.008499979 -0.01658231 0.01837545 -0.008499979 -0.01705634 0.01815444 -0.008499979 -0.01748466 0.01785451 -0.008499979 -0.01785445 0.01748472 -0.008499979 -0.01815438 0.01705634 -0.008499979 -0.01837533 0.01658236 -0.008499979 -0.01851069 0.01607728 -0.008499979 -0.01855623 0.01555627 -0.008499979 -0.01851069 0.01503539 -0.008499979 -0.01837533 0.0145303 -0.006078779 -0.01255583 0.01559484 -0.005974173 -0.01129859 0.01651185 -0.005975127 -0.009976565 0.01734483 -0.005967378 -0.008616745 0.01805663 -0.006031811 -0.007218003 0.01866579 -0.008499979 -0.008648395 0.02177131 -0.008499979 -0.008693993 0.0212503 -0.008499979 -0.008648395 0.02072942 -0.008499979 -0.008513092 0.02022433 -0.008499979 -0.008292078 0.01975029 -0.008499979 -0.007992148 0.01932191 -0.008499979 -0.007622361 0.01895225 -0.008499979 -0.007193982 0.01865226 -0.008499979 -0.006720066 0.0184313 -0.008499979 -0.006214857 0.01829594 -0.008499979 -0.005693972 0.01825034 -0.008499979 -0.005173027 0.01829594 -0.008499979 -0.004667878 0.0184313 -0.008499979 -0.004193961 0.01865226 -0.008499979 -0.003765583 0.01895225 -0.008499979 -0.003395855 0.01932191 -0.008499979 -0.003095865 0.01975029 -0.008499979 -0.002874851 0.02022433 -0.008499979 -0.002739489 0.02072942 -0.008499979 -0.002693951 0.0212503 -0.008499979 -0.002739489 0.02177131 -0.008499979 -0.002874851 0.0222764 -0.008499979 -0.003095865 0.02275031 -0.008499979 -0.003395855 0.02317875 -0.008499979 -0.003765583 0.02354848 -0.008499979 -0.004193961 0.02384847 -0.008499979 -0.004667878 0.02406936 -0.008499979 -0.005173027 0.02420479 -0.008499979 -0.005693972 0.02425032 -0.008499979 -0.006214857 0.02420479 -0.008499979 -0.006720066 0.02406936 -0.008499979 -0.007193982 0.02384847 -0.008499979 -0.007622361 0.02354848 -0.008499979 -0.007992148 0.02317875 -0.008499979 -0.008292078 0.02275031 -0.008499979 -0.008513092 0.0222764 -0.006078958 -0.003076136 0.01978355 -0.005974233 -0.001529157 0.01994901 -0.005974948 3.23396e-5 0.02000927 -0.005967617 0.001566231 0.0199458 -0.006031811 0.003081798 0.01977401 -0.008499979 0.003095865 0.01975029 -0.008499979 0.003395855 0.01932191 -0.008499979 0.003765583 0.01895225 -0.008499979 0.004193961 0.01865226 -0.008499979 0.004667878 0.0184313 -0.008499979 0.005173027 0.01829594 -0.008499979 0.005693972 0.01825034 -0.008499979 0.006214857 0.01829594 -0.008499979 0.006720066 0.0184313 -0.008499979 0.007193982 0.01865226 -0.008499979 0.007622361 0.01895225 -0.008499979 0.007992148 0.01932191 -0.008499979 0.008292078 0.01975029 -0.008499979 0.008513092 0.02022433 -0.008499979 0.008648395 0.02072942 -0.008499979 0.008693993 0.0212503 -0.008499979 0.008648395 0.02177131 -0.008499979 0.008513092 0.0222764 -0.008499979 0.008292078 0.02275031 -0.008499979 0.007992148 0.02317875 -0.008499979 0.007622361 0.02354848 -0.008499979 0.007193982 0.02384847 -0.008499979 0.006720066 0.02406936 -0.008499979 0.006214857 0.02420479 -0.008499979 0.005693972 0.02425032 -0.008499979 0.005173027 0.02420479 -0.008499979 0.004667878 0.02406936 -0.008499979 0.004193961 0.02384847 -0.008499979 0.003765583 0.02354848 -0.008499979 0.003395855 0.02317875 -0.008499979 0.003095865 0.02275031 -0.008499979 0.002874851 0.0222764 -0.008499979 0.002739489 0.02177131 -0.008499979 0.002693951 0.0212503 -0.008499979 0.002739489 0.02072942 -0.008499979 0.002874851 0.02022433 -0.006031811 0.01255595 0.01558393 -0.005967557 0.01132917 0.01649051 -0.005975067 0.01003271 0.0173124 -0.005973935 0.008650481 0.01804089 -0.006078839 0.007227659 0.01867121 -0.005958974 0.01557701 0.01255625 -0.005970001 0.01650923 0.01130241 -0.005975127 0.01734483 0.009976625 -0.005967676 0.01805669 0.008616685 -0.006031811 0.01866579 0.007218003 0 -0.01453024 0.01273727 0 -0.01825034 0.005693972 0 0.01187497 -0.005568385 0 0.005568385 -0.01187497 0 0.01453024 -0.01273727 0 0.01405632 -0.01295822 0 0.01273727 -0.0145303 0 0.01295816 -0.01405632 0 0.01325815 -0.01362794 0 0.01362788 -0.01325815 0 0.01825034 -0.005693972 0 0.01829594 -0.006214976 0 -0.005568385 -0.01187497 0 -0.005173027 -0.01829594 0 -0.005694091 -0.01825034 0 0.004193961 -0.01865226 0 0.004667878 -0.0184313 0 -0.004667878 -0.0184313 0 -0.004193961 -0.01865226 0 0.003765583 -0.01895225 0 -0.003765583 -0.01895225 0 -0.01453024 -0.01273727 0 -0.01405632 -0.01295822 0 -0.01362788 -0.01325815 0 -0.01325815 -0.01362794 0 -0.01295816 -0.01405632 0 -0.01273727 -0.0145303 0 -0.01843124 -0.004667878 0 -0.01829594 -0.005173087 0 -0.01829594 0.005173087 0 -0.01895219 -0.003765583 0 -0.01865226 -0.004194021 0 -0.01843124 0.004667878 0 -0.01865226 0.004194021 0 -0.01895219 0.003765583 0 -0.01187497 0.005568385 0 -0.005568385 0.01187497 0 -0.005694091 0.01825034 0 -0.006214857 0.01829594 0 -0.01405632 0.01295822 0 -0.01273727 0.0145303 0 -0.01295816 0.01405632 0 -0.01325815 0.01362794 0 -0.01362788 0.01325815 0 0.005568385 0.01187497 0 0.01829594 0.006214976 0 0.01825034 0.005693972 0 0.01453024 0.01273727 0 0.01405632 0.01295822 0 0.01362788 0.01325815 0 0.01325815 0.01362794 0 0.01295816 0.01405632 0 0.01273727 0.0145303 0 0.005694091 0.01825034 0 0.006214857 0.01829594 0 0.005173027 -0.01829594 0 0.005694091 -0.01825034 0 0.006214857 -0.01829594 0 -0.006214857 -0.01829594 0 -0.01825034 -0.005693972 0 -0.01829594 -0.006214976 0 -0.01829594 0.006214976 0 0.005173027 0.01829594 0 0.004667878 0.0184313 0 0.004193961 0.01865226 0 0.003765583 0.01895225 0 -0.004193961 0.01865226 0 -0.003765583 0.01895225 0 -0.005173027 0.01829594 0 -0.004667878 0.0184313 0 0.01843124 0.004667878 0 0.01829594 0.005173087 0 0.01829594 -0.005173087 0 0.01895219 0.003765583 0 0.01865226 0.004194021 0 0.01843124 -0.004667878 0 0.01865226 -0.004194021 0 0.01895219 -0.003765583 -0.008499979 0.01295816 0.01705634 -0.008499979 0.01273727 0.01658236 -0.008499979 0.01260191 0.01607728 -0.008499979 0.01255631 0.01555627 -0.008499979 0.01260191 0.01503539 -0.008499979 0.01273727 0.0145303 -0.008499979 0.01295816 0.01405632 -0.008499979 0.01325815 0.01362794 -0.008499979 0.01362788 0.01325815 -0.008499979 0.01405632 0.01295822 -0.008499979 0.01453024 0.01273727 -0.008499979 0.01503539 0.01260191 -0.008499979 0.01555627 0.01255637 -0.008499979 0.01607728 0.01260191 -0.008499979 0.01658231 0.01273727 -0.008499979 0.01705634 0.01295822 -0.008499979 0.01748466 0.01325815 -0.008499979 0.01785445 0.01362794 -0.008499979 0.01815438 0.01405632 -0.008499979 0.01837533 0.0145303 -0.008499979 0.01851069 0.01503539 -0.008499979 0.01855623 0.01555627 -0.008499979 0.01851069 0.01607728 -0.008499979 0.01837533 0.01658236 -0.008499979 0.01815438 0.01705634 -0.008499979 0.01785445 0.01748472 -0.008499979 0.01748466 0.01785451 -0.008499979 0.01705634 0.01815444 -0.008499979 0.01658231 0.01837545 -0.008499979 0.01607728 0.01851069 -0.008499979 0.01555627 0.01855635 -0.008499979 0.01503539 0.01851069 -0.008499979 0.01453024 0.01837545 -0.008499979 0.01405632 0.01815444 -0.008499979 0.01362788 0.01785451 -0.008499979 0.01325815 0.01748472 -0.006309449 0.01568382 0.01255887 -0.006394565 0.01657092 0.01141786 -0.006631791 0.01587897 0.012573 -0.006730377 0.01675766 0.01151645 -0.006990194 0.01625722 0.01263618 -0.006997108 0.01699966 0.01163929 -0.007211506 0.01741701 0.01176565 -0.007206082 0.01667577 0.01276987 -0.0072968 0.01971328 0.008272886 -0.007210254 0.018884 0.009230911 -0.007194459 0.01937526 0.00803709 -0.00700891 0.01859307 0.008914709 -0.007030248 0.0191242 0.007811367 -0.006808996 0.01893389 0.007599711 -0.006730377 0.01835232 0.008754432 -0.006423175 0.01817715 0.008663773 -0.006505787 0.01877647 0.007391989 -0.007205784 0.01816266 0.01055055 -0.006998896 0.01783645 0.01031947 -0.006631255 0.01753658 0.01013261 -0.006287455 0.01739484 0.01004284 -0.007416248 0.02022427 0.008513092 -0.007527351 0.02072942 0.008648455 -0.007634282 0.0212503 0.008693993 -0.007734179 0.02177131 0.008648455 -0.00782448 0.02227646 0.008513033 -0.007916331 0.02283221 0.008247911 -0.007978677 0.02324962 0.007936537 -0.008057355 0.02389609 0.00711739 -0.008026063 0.02360862 0.007555246 -0.008072674 0.02414196 0.00652796 -0.008058488 0.02425026 0.005825102 -0.008028745 0.02422755 0.005302429 -0.007982611 0.02411437 0.004791319 -0.007914662 0.02389192 0.004261255 -0.007416248 0.02177131 0.002739608 -0.007527351 0.0222764 0.00287497 -0.007634282 0.02275025 0.003095865 -0.007734179 0.02317863 0.003395915 -0.007824242 0.0235483 0.003765404 -0.007209122 0.02083492 0.002720177 -0.00730437 0.0212503 0.002693951 -0.006858229 0.02024608 0.00286591 -0.007087171 0.02056491 0.002773404 -0.006523311 0.01996886 0.002981126 -0.00729686 0.021209 -0.002691984 -0.007213652 0.02097421 -0.001501858 -0.007194459 0.02079796 -0.00272721 -0.00700891 0.02055937 -0.001576066 -0.007030189 0.02046757 -0.002797186 -0.006808996 0.02019709 -0.002885282 -0.006730377 0.02027082 -0.001594603 -0.006423175 0.02007377 -0.001585423 -0.006505787 0.01995694 -0.00298655 -0.006401121 0.02006316 0.001583099 -0.006730377 0.02027082 0.001594603 -0.006998062 0.02054011 0.001646757 -0.007212281 0.02096104 0.001601636 -0.007209122 0.02101272 5.54118e-5 -0.006998896 0.02060645 1.87045e-5 -0.006631255 0.02025336 6.81549e-6 -0.006287455 0.02008581 0 -0.007416248 0.02177131 -0.002739608 -0.007527351 0.0222764 -0.00287497 -0.007634282 0.02275025 -0.003095865 -0.007734179 0.02317863 -0.003395915 -0.00782448 0.02354848 -0.003765583 -0.007916331 0.02389717 -0.004272997 -0.008026063 0.02422332 -0.005261123 -0.007978677 0.02410304 -0.004751384 -0.00807178 0.0241639 -0.006433129 -0.008058488 0.02425372 -0.005807161 -0.008058488 0.02391386 -0.007080674 -0.008028686 0.02363288 -0.007521748 -0.007982611 0.02327936 -0.007907629 -0.00791651 0.0228337 -0.008247196 -0.007416248 0.02022427 -0.008513092 -0.007527351 0.02072942 -0.008648455 -0.007634282 0.0212503 -0.008693993 -0.007734179 0.02177131 -0.008648455 -0.007824718 0.02227658 -0.008512973 -0.007209122 0.01940381 -0.008061707 -0.00730437 0.01975029 -0.008292078 -0.00685817 0.01896661 -0.007641017 -0.00708723 0.01919651 -0.007880568 -0.00652343 0.01878416 -0.007402777 -0.00729686 0.01702135 -0.01293581 -0.007211506 0.01743179 -0.01175093 -0.007194459 0.01664805 -0.01276081 -0.00700891 0.01701676 -0.01164466 -0.007030308 0.0163272 -0.01265645 -0.006809115 0.01604861 -0.01259732 -0.006730377 0.01675766 -0.01151645 -0.006423056 0.01659154 -0.01140981 -0.006505668 0.01578986 -0.01256483 -0.006401121 0.01816684 -0.008660495 -0.006730377 0.01835232 -0.008754432 -0.006998181 0.01861172 -0.008843839 -0.007210016 0.01893275 -0.009123086 -0.007205903 0.01820927 -0.01046973 -0.006998896 0.0178551 -0.01028698 -0.006631255 0.01754343 -0.01012074 -0.006287455 0.01739484 -0.01004284 -0.007416248 0.01748466 -0.01325815 -0.007527351 0.01785445 -0.01362794 -0.007634282 0.01815438 -0.01405632 -0.007734179 0.01837533 -0.0145303 -0.00782448 0.01851069 -0.01503539 -0.007916271 0.01855897 -0.01564908 -0.008026063 0.01834744 -0.01666808 -0.007978618 0.01849806 -0.01616644 -0.008062481 0.0180518 -0.01723819 -0.008058488 0.01716923 -0.01808923 -0.008070945 0.01756614 -0.01778471 -0.008028626 0.01670521 -0.01833075 -0.007982611 0.01620674 -0.01848793 -0.007912337 0.01562255 -0.01855808 -0.00782448 0.01503539 -0.01851069 -0.007416248 0.01325815 -0.01748472 -0.007527351 0.01362788 -0.01785451 -0.007634282 0.01405632 -0.01815444 -0.007734179 0.01453024 -0.01837545 -0.007209122 0.01277321 -0.01668339 -0.00730437 0.01295816 -0.01705634 -0.00685811 0.01260507 -0.01610058 -0.00708723 0.01268428 -0.01642298 -0.006523311 0.01256614 -0.01580291 -0.00700891 0.008914828 -0.01859289 -0.00703001 0.007811129 -0.01912403 -0.007194459 0.008037149 -0.01937526 -0.007196009 0.009119272 -0.01889604 -0.006808817 0.007599592 -0.01893383 -0.006730377 0.008754432 -0.01835232 -0.006423056 0.008663654 -0.01817715 -0.006505906 0.007391989 -0.01877659 -0.006401002 0.01140242 -0.01658368 -0.006730377 0.01151639 -0.01675778 -0.006998062 0.01169645 -0.01696479 -0.00720936 0.01182866 -0.01736927 -0.007208645 0.01050961 -0.01819831 -0.007065296 0.01035732 -0.01793938 -0.006830275 0.01021695 -0.01767385 -0.006408274 0.01006793 -0.0174297 -0.00729686 0.008272945 -0.01971334 -0.007416248 0.008513092 -0.02022433 -0.007527351 0.008648395 -0.02072942 -0.007634282 0.008693993 -0.0212503 -0.007734179 0.008648395 -0.02177131 -0.00782448 0.008513092 -0.0222764 -0.007916271 0.008248031 -0.02283197 -0.008029043 0.007528901 -0.02363145 -0.007978618 0.007936716 -0.02324938 -0.008071184 0.006636679 -0.02410304 -0.008058905 0.007049918 -0.02392536 -0.008066534 0.006018221 -0.02424204 -0.008028686 0.005302429 -0.02422755 -0.007981419 0.004779696 -0.02411109 -0.007416248 0.002739489 -0.02177131 -0.007527351 0.002874851 -0.0222764 -0.007634282 0.003095865 -0.02275031 -0.007734179 0.003395855 -0.02317875 -0.00782448 0.003765583 -0.02354848 -0.007912874 0.00424993 -0.02388483 -0.007209122 0.002720177 -0.02083492 -0.00730437 0.002693951 -0.0212503 -0.006858289 0.002865791 -0.02024626 -0.007087171 0.002773404 -0.02056491 -0.006523847 0.002981007 -0.01996916 -0.00700891 -0.001576066 -0.02055943 -0.007030248 -0.002797186 -0.02046769 -0.007194459 -0.00272721 -0.02079796 -0.007196009 -0.001550734 -0.02092403 -0.006808996 -0.002885282 -0.02019721 -0.006730377 -0.001594603 -0.02027088 -0.006423175 -0.001585662 -0.02007371 -0.006506145 -0.002986431 -0.01995712 -0.006401002 0.001583099 -0.0200631 -0.006730377 0.001594603 -0.02027088 -0.006998062 0.001646757 -0.02054017 -0.007208228 0.001556277 -0.02095395 -0.00720942 6.59684e-6 -0.02101701 -0.007065296 0 -0.02071464 -0.006830215 1.10932e-5 -0.02041441 -0.006408274 4.25532e-6 -0.02012854 -0.00729686 -0.002691984 -0.0212087 -0.007416248 -0.002739489 -0.02177131 -0.007527351 -0.002874851 -0.0222764 -0.007634282 -0.003095865 -0.02275031 -0.007734179 -0.003395855 -0.02317875 -0.00782448 -0.003765583 -0.02354848 -0.007916271 -0.004272878 -0.02389711 -0.00802648 -0.005265951 -0.02422428 -0.007978677 -0.004751563 -0.02410304 -0.008071541 -0.006294131 -0.02419459 -0.008053243 -0.005717873 -0.02425026 -0.008066534 -0.006909251 -0.0240032 -0.008028686 -0.007521629 -0.02363294 -0.007975399 -0.007951915 -0.02322942 -0.007903039 -0.008292078 -0.02275031 -0.007416248 -0.008513092 -0.02022433 -0.007527351 -0.008648395 -0.02072942 -0.007634282 -0.008693993 -0.0212503 -0.007734179 -0.008648395 -0.02177131 -0.00782448 -0.008513092 -0.0222764 -0.007197201 -0.008041083 -0.0193808 -0.007288217 -0.008251428 -0.01967555 -0.00685811 -0.007641017 -0.01896661 -0.00708723 -0.007880568 -0.01919651 -0.006523609 -0.007402837 -0.01878428 -0.00700891 -0.01164466 -0.01701688 -0.007030308 -0.01265645 -0.01632714 -0.007208466 -0.01277154 -0.01668041 -0.00721246 -0.0119493 -0.01729643 -0.006808996 -0.01259732 -0.01604849 -0.006730377 -0.01151639 -0.01675778 -0.006423056 -0.01140987 -0.01659154 -0.006505787 -0.01256483 -0.01578992 -0.006400883 -0.008660554 -0.01816672 -0.006730377 -0.008754432 -0.01835232 -0.006998062 -0.008843958 -0.01861155 -0.007212996 -0.008980035 -0.01900768 -0.007210791 -0.01049834 -0.01821047 -0.006998777 -0.0102871 -0.01785486 -0.006631076 -0.01012086 -0.01754325 -0.006287455 -0.01004284 -0.01739484 -0.00730437 -0.01295816 -0.01705634 -0.007416248 -0.01325815 -0.01748472 -0.007527351 -0.01362788 -0.01785451 -0.007634282 -0.01405632 -0.01815444 -0.007734179 -0.01453024 -0.01837545 -0.00782448 -0.01503539 -0.01851069 -0.007916331 -0.01564913 -0.01855897 -0.007991492 -0.01628345 -0.01847541 -0.008054137 -0.01706993 -0.01815485 -0.008071541 -0.01755541 -0.01779901 -0.008066534 -0.0179851 -0.01733297 -0.008027613 -0.01833707 -0.01669126 -0.007979273 -0.01849412 -0.01617491 -0.007416248 -0.01748466 -0.01325815 -0.007527351 -0.01785445 -0.01362794 -0.007634282 -0.01815438 -0.01405632 -0.007734179 -0.01837533 -0.0145303 -0.00782448 -0.01851069 -0.01503539 -0.0079149 -0.01856029 -0.0156365 -0.00719738 -0.01665461 -0.01276379 -0.007288277 -0.01698392 -0.01291394 -0.006857991 -0.01610046 -0.01260501 -0.007087171 -0.01642286 -0.01268428 -0.00652343 -0.01580297 -0.01256614 -0.00700891 -0.01859307 -0.008914709 -0.007030248 -0.0191242 -0.007811367 -0.007208466 -0.01940083 -0.008059918 -0.00721246 -0.01899111 -0.009016275 -0.006808996 -0.01893389 -0.007599711 -0.006730377 -0.01835232 -0.008754432 -0.006423175 -0.01817715 -0.008663773 -0.006505787 -0.01877647 -0.007391989 -0.006401002 -0.01658362 -0.01140248 -0.006730377 -0.01675766 -0.01151645 -0.006998062 -0.01696491 -0.01169615 -0.007213771 -0.01726859 -0.01199239 -0.007208943 -0.01817256 -0.0105558 -0.006998896 -0.01783645 -0.01031947 -0.006631255 -0.01753658 -0.01013261 -0.006287455 -0.01739484 -0.01004284 -0.00730437 -0.01975029 -0.008292078 -0.007416248 -0.02022427 -0.008513092 -0.007527351 -0.02072942 -0.008648455 -0.007634282 -0.0212503 -0.008693993 -0.007734179 -0.02177131 -0.008648455 -0.00782448 -0.0222764 -0.008513092 -0.007916331 -0.02283215 -0.008247911 -0.008024454 -0.02360033 -0.00755912 -0.007980525 -0.02326226 -0.007926285 -0.008071482 -0.0241031 -0.006636381 -0.008056759 -0.02389341 -0.007123172 -0.008066475 -0.0242421 -0.006018221 -0.008022487 -0.02421551 -0.005222976 -0.007416248 -0.02177131 -0.002739608 -0.007527351 -0.0222764 -0.00287497 -0.007634282 -0.02275025 -0.003095865 -0.007734179 -0.02317863 -0.003395915 -0.00782448 -0.02354848 -0.003765583 -0.007903039 -0.02384841 -0.004194021 -0.007959604 -0.02404409 -0.004587948 -0.007197618 -0.02080577 -0.002726376 -0.007288277 -0.0211656 -0.002691805 -0.006858229 -0.02024608 -0.00286591 -0.007087171 -0.02056491 -0.002773404 -0.006523311 -0.01996886 -0.002981126 -0.00700891 -0.02055937 0.001576066 -0.007030189 -0.02046757 0.002797186 -0.007206857 -0.02082884 0.002720654 -0.007213652 -0.02095919 0.001681745 -0.006808996 -0.02019709 0.002885282 -0.006730377 -0.02027082 0.001594603 -0.006423175 -0.02007377 0.001585423 -0.006505787 -0.01995694 0.00298655 -0.006401121 -0.02006316 -0.001583099 -0.006730377 -0.02027082 -0.001594603 -0.006998062 -0.02054011 -0.001646757 -0.007214725 -0.02095139 -0.001775801 -0.007205963 -0.02100533 -9.49349e-5 -0.006998896 -0.02060645 -1.87045e-5 -0.006631255 -0.02025336 -6.81549e-6 -0.006287455 -0.02008581 0 -0.00730437 -0.0212503 0.002693951 -0.007935881 -0.02396649 0.004402995 -0.00782448 -0.02354848 0.003765583 -0.007734179 -0.02317863 0.003395915 -0.007634282 -0.02275025 0.003095865 -0.007527351 -0.0222764 0.00287497 -0.007416248 -0.02177131 0.002739608 -0.008021831 -0.02421611 0.00520277 -0.008072853 -0.02417194 0.006408691 -0.008057057 -0.0242533 0.005784392 -0.008057653 -0.02390331 0.007102549 -0.008024036 -0.02359449 0.007568538 -0.007982492 -0.0232793 0.007907688 -0.007416248 -0.02022427 0.008513092 -0.007527351 -0.02072942 0.008648455 -0.007634282 -0.0212503 0.008693993 -0.007734179 -0.02177131 0.008648455 -0.00782448 -0.0222764 0.008513092 -0.007914721 -0.02282178 0.008255481 -0.007198572 -0.01938325 0.00804305 -0.007276058 -0.01963472 0.008225977 -0.00685817 -0.01896661 0.007641017 -0.00708723 -0.01919651 0.007880568 -0.00652343 -0.01878416 0.007402777 -0.007210731 -0.01826602 0.01040196 -0.007131159 -0.01883977 0.008868813 -0.00700891 -0.01701676 0.01164466 -0.007030308 -0.0163272 0.01265645 -0.007206857 -0.01667797 0.01277065 -0.007212162 -0.01729995 0.01194459 -0.006809115 -0.01604861 0.01259732 -0.006730377 -0.01675766 0.01151645 -0.006423056 -0.01659154 0.01140981 -0.006505668 -0.01578986 0.01256483 -0.006401121 -0.01816684 0.008660495 -0.006730377 -0.01835232 0.008754432 -0.006914079 -0.01851153 0.008830368 -0.006998896 -0.0178551 0.01028698 -0.006631255 -0.01754343 0.01012074 -0.006287455 -0.01739484 0.01004284 -0.00730437 -0.01705634 0.01295822 -0.007416248 -0.01748466 0.01325815 -0.007527351 -0.01785445 0.01362794 -0.007634282 -0.01815438 0.01405632 -0.007734179 -0.01837533 0.0145303 -0.00782448 -0.01851069 0.01503539 -0.007919847 -0.01855909 0.01567488 -0.008025765 -0.01834911 0.0166645 -0.007980644 -0.01848781 0.01619374 -0.008071541 -0.01779896 0.01755553 -0.008057296 -0.018112 0.01713579 -0.008067548 -0.01737797 0.01794868 -0.00798273 -0.0162068 0.01848787 -0.008032679 -0.01675826 0.01830691 -0.007416248 -0.01325815 0.01748472 -0.007527351 -0.01362788 0.01785451 -0.007634282 -0.01405632 0.01815444 -0.007734179 -0.01453024 0.01837545 -0.00782448 -0.01503539 0.01851069 -0.007914721 -0.01563662 0.01856034 -0.007198572 -0.01276481 0.01665711 -0.007288217 -0.01291376 0.01698362 -0.00685811 -0.01260507 0.01610058 -0.00708723 -0.01268428 0.01642298 -0.006523311 -0.01256614 0.01580291 -0.007179737 -0.009016454 0.01890176 -0.007206976 -0.008058309 0.01939874 -0.0072878 -0.008251547 0.01967781 -0.00700891 -0.008914828 0.01859289 -0.00703001 -0.007811129 0.01912403 -0.006808817 -0.007599592 0.01893383 -0.006730377 -0.008754432 0.01835232 -0.006423056 -0.008663654 0.01817715 -0.006505906 -0.007391989 0.01877659 -0.006401002 -0.01140242 0.01658368 -0.006730377 -0.01151639 0.01675778 -0.006998062 -0.01169645 0.01696479 -0.007214844 -0.01193588 0.01730746 -0.007212579 -0.01064133 0.0181334 -0.007065296 -0.01035732 0.01793938 -0.006830275 -0.01021695 0.01767385 -0.006408274 -0.01006793 0.0174297 -0.007416248 -0.008513092 0.02022433 -0.007527351 -0.008648395 0.02072942 -0.007634282 -0.008693993 0.0212503 -0.007734179 -0.008648395 0.02177131 -0.00782448 -0.008513092 0.0222764 -0.007903039 -0.008292078 0.02275031 -0.007974147 -0.007966101 0.02321749 -0.008026003 -0.007555425 0.02360856 -0.008071601 -0.006636321 0.0241031 -0.008057296 -0.007117331 0.02389615 -0.0080446 -0.005518019 0.02425521 -0.008069276 -0.006214857 0.02420479 -0.007982671 -0.004791438 0.02411437 -0.007734179 -0.003395855 0.02317875 -0.00782448 -0.003765583 0.02354848 -0.007914721 -0.004261374 0.02389204 -0.007416248 -0.002739489 0.02177131 -0.007527351 -0.002874851 0.0222764 -0.007634282 -0.003095865 0.02275031 -0.007209122 -0.002720177 0.02083492 -0.007295906 -0.002692759 0.02120572 -0.006858289 -0.002865791 0.02024626 -0.007087171 -0.002773404 0.02056491 -0.006523847 -0.002981007 0.01996916 -0.00721538 -1.45165e-4 0.02103215 -0.007179737 -0.001642346 0.02087759 -0.0072968 0.002691984 0.0212084 -0.00720787 0.001447141 0.02096349 -0.007194459 0.00272721 0.02079796 -0.00700891 0.001576066 0.02055943 -0.007030248 0.002797186 0.02046769 -0.006808996 0.002885282 0.02019721 -0.006730377 0.001594603 0.02027088 -0.006423175 0.001585662 0.02007371 -0.006506145 0.002986431 0.01995712 -0.006401002 -0.001583099 0.0200631 -0.006730377 -0.001594603 0.02027088 -0.006998062 -0.001646757 0.02054017 -0.007065296 0 0.02071464 -0.006830215 -1.10932e-5 0.02041441 -0.006408274 -4.25529e-6 0.02012854 -0.007416248 0.002739489 0.02177131 -0.007527351 0.002874851 0.0222764 -0.007634282 0.003095865 0.02275031 -0.007734179 0.003395855 0.02317875 -0.00782448 0.003765583 0.02354848 -0.00791341 0.004256546 0.02388733 -0.008025884 0.005261361 0.02422332 -0.007978379 0.004748821 0.02410233 -0.008071362 0.006304085 0.02419209 -0.008057236 0.005783796 0.0242533 -0.008066415 0.006909966 0.02400296 -0.008028626 0.007521748 0.02363288 -0.007982611 0.007907629 0.02327936 -0.00782448 0.008513092 0.0222764 -0.007914662 0.0082556 0.0228216 -0.007416248 0.008513092 0.02022433 -0.007527351 0.008648395 0.02072942 -0.007634282 0.008693993 0.0212503 -0.007734179 0.008648395 0.02177131 -0.007209122 0.008061766 0.01940381 -0.007295966 0.008270859 0.01971119 -0.00685811 0.007641017 0.01896661 -0.00708723 0.007880568 0.01919651 -0.006523609 0.007402837 0.01878428 -0.007214963 0.0103845 0.01828908 -0.007179737 0.009016454 0.01890176 -0.0072968 0.01293569 0.01702111 -0.007209241 0.01173388 0.01743632 -0.007194459 0.01276081 0.01664799 -0.00700891 0.01164466 0.01701688 -0.007030308 0.01265645 0.01632714 -0.006808996 0.01259732 0.01604849 -0.006730377 0.01151639 0.01675778 -0.006423056 0.01140987 0.01659154 -0.006505787 0.01256483 0.01578992 -0.006400883 0.008660554 0.01816672 -0.006730377 0.008754432 0.01835232 -0.006998062 0.008843958 0.01861155 -0.006998777 0.0102871 0.01785486 -0.006631076 0.01012086 0.01754325 -0.006287455 0.01004284 0.01739484 -0.007416248 0.01325815 0.01748472 -0.007527351 0.01362788 0.01785451 -0.007634282 0.01405632 0.01815444 -0.007734179 0.01453024 0.01837545 -0.00782448 0.01503539 0.01851069 -0.00791347 0.01562643 0.01856094 -0.007978618 0.01616621 0.01849806 -0.008057236 0.01713597 0.01811188 -0.008026063 0.01666748 0.01834768 -0.008071959 0.01758217 0.01777744 -0.008028626 0.01833057 0.01670563 -0.008062899 0.01802617 0.01726299 -0.007982611 0.01848793 0.01620662 -0.007914721 0.01856029 0.01563644 -0.007416248 0.01748466 0.01325815 -0.007527351 0.01785445 0.01362794 -0.007634282 0.01815438 0.01405632 -0.007734179 0.01837533 0.0145303 -0.00782448 0.01851069 0.01503539 -0.00730437 0.01705634 0.01295822 -0.008395195 0.02480679 -0.009351849 -0.00839591 0.01023471 0.02445977 -0.008399426 0.007681608 0.02538019 -0.008398115 0.01270765 0.02327281 -0.008397579 0.005035877 0.02603304 -0.008397698 0.002326548 0.02641355 -0.008399307 -0.005810797 0.02587252 -0.00839591 -0.003135502 0.02632874 -0.008397221 -0.008436322 0.02513754 -0.0083974 -0.01098167 0.02413469 -0.00839585 -0.015697 0.02136909 -0.008398115 -0.01780003 0.01965367 -0.008397996 -0.01972132 0.01772469 -0.008396863 -0.02143341 0.01560956 -0.008396029 -0.02418327 0.01087248 -0.008399486 -0.0251705 0.008343338 -0.008397579 -0.02589249 0.005715072 -0.00839734 -0.02634233 0.003025949 -0.008395195 -0.02637058 -0.002725899 -0.008396744 -0.02601724 -0.005113959 -0.008398652 -0.0253573 -0.007754743 -0.008396565 -0.02442771 -0.01031064 -0.008398175 -0.0201267 -0.01726365 -0.00839436 -0.02178817 -0.01510721 -0.008398175 -0.01825106 -0.01923555 -0.008396804 -0.01617699 -0.02100831 -0.008395075 -0.01152133 -0.02387994 -0.008396387 -0.009014129 -0.02493566 -0.008399426 -0.006417155 -0.025729 -0.008396625 -0.003751516 -0.02624779 -0.008397281 -0.001026511 -0.02649539 -0.008395195 0.004752874 -0.02608156 -0.008395195 0.003364324 -0.02626127 -0.008395254 0.001735091 -0.02645742 -0.008398771 0.007086098 -0.02555239 -0.008396863 0.009663999 -0.0246911 -0.008398294 0.01215916 -0.0235641 -0.008395195 0.01898592 -0.01850318 -0.008395195 0.01794892 -0.01946312 -0.008395195 0.01698279 -0.02035737 -0.008395195 0.01585423 -0.02120417 -0.008395195 0.01479965 -0.02199566 -0.0083974 0.02057284 -0.0167281 -0.008398413 0.02218741 -0.0145204 -0.008395195 0.02423757 -0.01065444 -0.008395195 0.02371376 -0.01185292 -0.008395195 0.02563697 -0.006751537 -0.008395195 0.02520394 -0.00810796 -0.008395195 0.02619522 -0.004079759 -0.008395195 0.02590358 -0.00547558 -0.008399426 0.02646148 -0.001733422 -0.008389472 0.02649778 3.15659e-5 -0.008395195 0.0264759 0.001364707 -0.008396327 0.02622348 0.003918409 -0.008399188 0.02571129 0.006486356 -0.008397221 0.02490824 0.00909084 -0.008397817 0.02384012 0.01160758 -0.008397102 0.0225144 0.01400625 -0.008396267 0.0209552 0.01624566 -0.008399009 0.01918363 0.01830655 -0.008397281 0.01720184 0.02017825 -0.008397638 0.01503306 0.02184242 -0.008396506 0.02651262 -7.22251e-5 -0.008397877 -0.02323347 -0.01277905 -0.008399248 -0.0139392 -0.02255749 -0.008395195 0.01359182 -0.02272087 -0.008395195 0.02301466 -0.01308822 -0.008399605 -3.85827e-4 0.02651429 -0.008396148 -0.01339954 0.02287966 -0.008396565 -0.02293115 0.01331198 -0.0083974 -0.02651405 2.97189e-4 -0.008395195 -0.02644079 -0.001361846 -0.01599329 0.02650648 -5.7765e-5 -0.01599782 0.02650272 4.93226e-5 -0.009000003 0.0269851 -8.9395e-4 -0.01549988 0.0269851 -8.9395e-4 -0.009005248 0.02684855 -0.002845883 -0.009000003 0.0269851 8.9395e-4 -0.008993387 0.02683794 0.002933979 -0.008993268 0.02640014 0.005652427 -0.008993327 0.02568078 0.008331418 -0.008993327 0.02469027 0.01092255 -0.008993387 0.02343893 0.01339858 -0.008993446 0.02193999 0.01573348 -0.008993566 0.02020937 0.01790207 -0.008993625 0.018265 0.01988178 -0.008993744 0.016128 0.02165138 -0.008993923 0.01382029 0.02319258 -0.008994042 0.01136648 0.02448862 -0.008994221 0.008792757 0.0255261 -0.0089944 0.006125688 0.02629393 -0.008994579 0.003394186 0.02678388 -0.008994817 6.2652e-4 0.02699083 -0.008995056 -0.002147674 0.02691251 -0.008995294 -0.004898965 0.02654999 -0.008995532 -0.007598996 0.0259068 -0.008995831 -0.01021862 0.02498984 -0.008996129 -0.01273024 0.02380865 -0.008996427 -0.01510733 0.02237606 -0.008996784 -0.01732474 0.02070695 -0.008997082 -0.01935917 0.01881897 -0.00899744 -0.02118879 0.01673239 -0.008997797 -0.02279472 0.01446872 -0.008998155 -0.02415972 0.01205229 -0.008998572 -0.02526944 0.009508669 -0.00899893 -0.02611219 0.006864488 -0.008999347 -0.02667909 0.004147887 -0.008999645 -0.02696406 0.001387417 -0.008999824 -0.02696406 -0.001388013 -0.009000003 -0.02667897 -0.004148185 -0.009000062 -0.02611196 -0.006865084 -0.009000122 -0.02526891 -0.009509682 -0.009000182 -0.02415871 -0.0120539 -0.009000241 -0.02279305 -0.01447093 -0.00900036 -0.02118629 -0.01673501 -0.00900048 -0.01935553 -0.01882225 -0.009000599 -0.01731979 -0.02071046 -0.009000778 -0.01510095 -0.02237981 -0.009000957 -0.01272231 -0.02381247 -0.009001135 -0.01020896 -0.0249933 -0.009001314 -0.007587492 -0.02590966 -0.009001553 -0.004885733 -0.02655202 -0.009001791 -0.002132356 -0.02691334 -0.009002029 6.43478e-4 -0.02698999 -0.009002327 0.003412604 -0.02678108 -0.009002625 0.006145656 -0.02628874 -0.009002923 0.008813738 -0.02551835 -0.009003221 0.01138842 -0.02447801 -0.009003579 0.01384258 -0.02317881 -0.009003937 0.01615011 -0.02163434 -0.009004294 0.01828682 -0.01986122 -0.009004652 0.02023005 -0.01787805 -0.009005069 0.02195918 -0.01570594 -0.009005486 0.02345603 -0.01336777 -0.009005904 0.02470487 -0.01088845 -0.009006321 0.02569234 -0.008294343 -0.009006738 0.02640825 -0.005612671 -0.01549988 0.0269851 8.9395e-4 -0.01549929 0.02686142 -0.002737224 -0.01549875 0.02644538 -0.005447745 -0.01549845 0.02575755 -0.008099198 -0.01549822 0.02480447 -0.01066762 -0.01549786 0.0235958 -0.01312637 -0.0154975 0.02214407 -0.01545035 -0.0154972 0.02046412 -0.01761543 -0.01549685 0.01857274 -0.01959967 -0.01549655 0.0164898 -0.02138203 -0.01549619 0.01423662 -0.02294409 -0.01549577 0.01183629 -0.02426975 -0.01549541 0.009313285 -0.02534544 -0.01549518 0.006694495 -0.02615952 -0.01549476 0.004005432 -0.02670395 -0.01549434 0.001275122 -0.02697271 -0.01549404 -0.001469135 -0.02696293 -0.01549369 -0.00419867 -0.02667462 -0.01549333 -0.006884634 -0.0261107 -0.01549291 -0.009500265 -0.02527683 -0.01549255 -0.0120176 -0.02418178 -0.01549226 -0.01441133 -0.02283632 -0.0154919 -0.01665657 -0.02125436 -0.0154916 -0.01872909 -0.01945286 -0.01549112 -0.02060943 -0.01744848 -0.01549988 -0.02216053 -0.01542425 -0.01549988 -0.02283877 -0.01433616 -0.01549988 -0.02360731 -0.01310306 -0.01549988 -0.0241788 -0.01193815 -0.01549988 -0.02481186 -0.01064759 -0.01549988 -0.02526783 -0.009416222 -0.01549988 -0.02576172 -0.008082807 -0.01549988 -0.02609479 -0.006796479 -0.01549988 -0.02644729 -0.005435049 -0.01549988 -0.02665084 -0.004106283 -0.01549988 -0.02686136 -0.002731502 -0.01549988 -0.02693033 -0.001373529 -0.01549988 -0.02699995 0 -0.01549929 0.02686101 0.002740025 -0.01549917 0.02644628 0.005443215 -0.01549893 0.02575922 0.008093476 -0.01549875 0.02480733 0.01066058 -0.01549857 0.02360016 0.01311838 -0.01549839 0.02215003 0.01544153 -0.01549828 0.02047204 0.01760596 -0.0154981 0.01858299 0.01958966 -0.01549792 0.01650273 0.02137172 -0.01549774 0.01425242 0.02293401 -0.0154975 0.01185506 0.02426034 -0.01549732 0.009335398 0.02533704 -0.01549714 0.006719589 0.02615272 -0.01549696 0.004034161 0.0266993 -0.01549685 0.001306891 0.02697086 -0.01549673 -0.001433908 0.02696448 -0.01549661 -0.004160046 0.02668035 -0.01549643 -0.006843686 0.02612113 -0.01549631 -0.00945723 0.02529263 -0.01549613 -0.01197314 0.02420336 -0.01549595 -0.01436591 0.02286458 -0.01549583 -0.01661068 0.02128976 -0.01549988 -0.01860207 0.01956933 -0.01549988 -0.01946395 0.01866269 -0.01549988 -0.02048647 0.01758706 -0.01549988 -0.02126169 0.01658546 -0.01549988 -0.02216053 0.01542425 -0.01549988 -0.02283877 0.01433616 -0.01549988 -0.02360731 0.01310306 -0.01549988 -0.0241788 0.01193815 -0.01549988 -0.02481186 0.01064759 -0.01549988 -0.02526783 0.009416222 -0.01549988 -0.02576172 0.008082807 -0.01549988 -0.02609479 0.006796479 -0.01549988 -0.02644729 0.005435049 -0.01549988 -0.02665084 0.004106283 -0.01549988 -0.02686136 0.002731502 -0.01599997 0.02636396 0.002680957 -0.01599997 0.02636396 -0.002680957 -0.01599997 0.02595752 -0.005334377 -0.01599997 0.02528458 -0.007933139 -0.01599997 0.02435237 -0.01045042 -0.01599997 0.02317017 -0.01286041 -0.01599997 0.02175021 -0.01513856 -0.01599997 0.02010709 -0.01726138 -0.01599997 0.01825755 -0.019207 -0.01599997 0.01622074 -0.02095556 -0.01599997 0.01401752 -0.02248907 -0.01599997 0.01167041 -0.02379179 -0.01599997 0.009203553 -0.02485036 -0.01599997 0.006642282 -0.02565395 -0.01599997 0.004012823 -0.02619439 -0.01599997 0.001342177 -0.02646601 -0.01599997 -0.001342177 -0.02646601 -0.01599997 -0.004012823 -0.02619439 -0.01599997 -0.006642282 -0.02565395 -0.01599997 -0.009203553 -0.02485036 -0.01599997 -0.01167041 -0.02379179 -0.01599997 -0.01401752 -0.02248907 -0.01599997 -0.01622074 -0.02095556 -0.01599997 -0.01825755 -0.019207 -0.01599997 -0.02010709 -0.01726138 -0.01599997 -0.02175021 -0.01513856 -0.01599997 -0.02317017 -0.01286041 -0.01599997 -0.02435237 -0.01045042 -0.01599997 -0.02528458 -0.007933139 -0.01599997 -0.02595752 -0.005334377 -0.01599997 -0.02636396 -0.002680957 -0.01599997 -0.02649992 0 -0.01599997 -0.02636396 0.002680957 -0.01599997 -0.02595752 0.005334377 -0.01599997 -0.02528458 0.007933139 -0.01599997 -0.02435237 0.01045042 -0.01599997 -0.02317017 0.01286041 -0.01599997 -0.02175021 0.01513856 -0.01599997 -0.02010709 0.01726138 -0.01599997 -0.01825755 0.019207 -0.01599997 -0.01622074 0.02095556 -0.01599997 -0.01401752 0.02248907 -0.01599997 -0.01167041 0.02379179 -0.01599997 -0.009203553 0.02485036 -0.01599997 -0.006642282 0.02565395 -0.01599997 -0.004012823 0.02619439 -0.01599997 -0.001342177 0.02646601 -0.01599997 0.001342177 0.02646601 -0.01599997 0.004012823 0.02619439 -0.01599997 0.006642282 0.02565395 -0.01599997 0.009203553 0.02485036 -0.01599997 0.01167041 0.02379179 -0.01599997 0.01401752 0.02248907 -0.01599997 0.01622074 0.02095556 -0.01599997 0.01825755 0.019207 -0.01599997 0.02010709 0.01726138 -0.01599997 0.02175021 0.01513856 -0.01599997 0.02317017 0.01286041 -0.01599997 0.02435237 0.01045042 -0.01599997 0.02528458 0.007933139 -0.01599997 0.02595752 0.005334377 -0.01599997 -0.02496457 0.001330554 -0.01599997 -0.02468162 0.003976583 -0.01599997 -0.02411913 0.006577551 -0.01599997 -0.02328336 0.009104013 -0.01599997 -0.02218377 0.01152724 -0.01599997 -0.02083277 0.01381999 -0.01599997 -0.0192458 0.0159561 -0.01599997 -0.01744073 0.01791143 -0.01599997 -0.01543802 0.01966381 -0.01599997 -0.01326048 0.02119338 -0.01599997 -0.01093268 0.02248281 -0.01599997 -0.008480966 0.02351742 -0.01599997 -0.005933165 0.02428573 -0.01599997 -0.003318071 0.02477884 -0.01599997 -6.65513e-4 0.02499115 -0.01599997 0.00199455 0.02492028 -0.01599997 0.004632115 0.02456706 -0.01599997 0.007217288 0.02393555 -0.01599997 0.009720563 0.02303278 -0.01599997 0.01211369 0.02186906 -0.01599997 0.01211369 -0.02186906 -0.01599997 0.009720563 -0.02303278 -0.01599997 0.007217288 -0.02393555 -0.01599997 0.004632115 -0.02456706 -0.01599997 0.00199455 -0.02492028 -0.01599997 -6.65513e-4 -0.02499115 -0.01599997 -0.003318071 -0.02477884 -0.01599997 -0.005933165 -0.02428573 -0.01599997 -0.008480966 -0.02351742 -0.01599997 -0.01093268 -0.02248281 -0.01599997 -0.01326048 -0.02119338 -0.01599997 -0.01543802 -0.01966381 -0.01599997 -0.01744073 -0.01791143 -0.01599997 -0.0192458 -0.0159561 -0.01599997 -0.02083277 -0.01381999 -0.01599997 -0.02218377 -0.01152724 -0.01599997 -0.02328336 -0.009104013 -0.01599997 -0.02411913 -0.006577551 -0.01599997 -0.02468162 -0.003976583 -0.01599997 -0.02496457 -0.001330554 -0.01599997 0.0143696 0.02045756 -0.01599997 0.01646274 0.01881426 -0.01599997 0.01836925 0.01695775 -0.01599997 0.02006775 0.01490914 -0.01599997 0.02153885 0.01269155 -0.01599997 0.02276587 0.01033025 -0.01599997 0.02373486 0.007851898 -0.01599997 0.02443504 0.005284488 -0.01599997 0.02485835 0.002657294 -0.01599997 0.02499997 0 -0.01599997 0.02485835 -0.002657294 -0.01599997 0.02443504 -0.005284488 -0.01599997 0.02373486 -0.007851898 -0.01599997 0.02276587 -0.01033025 -0.01599997 0.02153885 -0.01269155 -0.01599997 0.02006775 -0.01490914 -0.01599997 0.01836925 -0.01695775 -0.01599997 0.01646274 -0.01881426 -0.01599997 0.0143696 -0.02045756 -0.01099991 0.02499997 0 -0.01099991 0.02485835 0.002657294 -0.01099991 0.02443504 0.005284488 -0.01099991 0.02373486 0.007851898 -0.01099991 0.02276587 0.01033025 -0.01099991 0.02153885 0.01269155 -0.01099991 0.02006775 0.01490914 -0.01099991 0.01836925 0.01695775 -0.01099991 0.01646274 0.01881426 -0.01099991 0.0143696 0.02045756 -0.01099991 0.01211369 0.02186906 -0.01099991 0.009720563 0.02303278 -0.01099991 0.007217288 0.02393555 -0.01099991 0.004632115 0.02456706 -0.01099991 0.00199455 0.02492028 -0.01099991 -6.65513e-4 0.02499115 -0.01099991 -0.003318071 0.02477884 -0.01099991 -0.005933165 0.02428573 -0.01099991 -0.008480966 0.02351742 -0.01099991 -0.01093268 0.02248281 -0.01099991 -0.01326048 0.02119338 -0.01099991 -0.01543802 0.01966381 -0.01099991 -0.01744073 0.01791143 -0.01099991 -0.0192458 0.0159561 -0.01099991 -0.02083277 0.01381999 -0.01099991 -0.02218377 0.01152724 -0.01099991 -0.02328336 0.009104013 -0.01099991 -0.02411913 0.006577551 -0.01099991 -0.02468162 0.003976583 -0.01099991 -0.02496457 0.001330554 -0.01099991 -0.02496457 -0.001330554 -0.01099991 -0.02468162 -0.003976583 -0.01099991 -0.02411913 -0.006577551 -0.01099991 -0.02328336 -0.009104013 -0.01099991 -0.02218377 -0.01152724 -0.01099991 -0.02083277 -0.01381999 -0.01099991 -0.0192458 -0.0159561 -0.01099991 -0.01744073 -0.01791143 -0.01099991 -0.01543802 -0.01966381 -0.01099991 -0.01326048 -0.02119338 -0.01099991 -0.01093268 -0.02248281 -0.01099991 -0.008480966 -0.02351742 -0.01099991 -0.005933165 -0.02428573 -0.01099991 -0.003318071 -0.02477884 -0.01099991 -6.65513e-4 -0.02499115 -0.01099991 0.00199455 -0.02492028 -0.01099991 0.004632115 -0.02456706 -0.01099991 0.007217288 -0.02393555 -0.01099991 0.009720563 -0.02303278 -0.01099991 0.01211369 -0.02186906 -0.01099991 0.0143696 -0.02045756 -0.01099991 0.01646274 -0.01881426 -0.01099991 0.01836925 -0.01695775 -0.01099991 0.02006775 -0.01490914 -0.01099991 0.02153885 -0.01269155 -0.01099991 0.02276587 -0.01033025 -0.01099991 0.02373486 -0.007851898 -0.01099991 0.02443504 -0.005284488 -0.01099991 0.02485835 -0.002657294</float_array>
          <technique_common>
            <accessor source="#Link_6_001-mesh-positions-array" count="3123" stride="3">
              <param name="X" type="float"/>
              <param name="Y" type="float"/>
              <param name="Z" type="float"/>
            </accessor>
          </technique_common>
        </source>
        <source id="Link_6_001-mesh-normals">
          <float_array id="Link_6_001-mesh-normals-array" count="13323">1 0 0 1 2.30366e-7 0 1 0 0 1 0 0 1 -5.46995e-7 0 1 0 0 1 3.00309e-7 0 1 5.52236e-7 0 1 -1.86984e-7 0 1 1.3114e-6 0 1 3.30937e-7 0 1 -7.32179e-7 0 1 -1.68873e-6 0 1 -1.44027e-6 0 1 -2.11531e-7 0 1 2.72605e-6 0 1 1.38185e-6 0 1 4.83644e-6 0 1 -4.08824e-6 0 1 -6.55708e-7 0 1 5.2884e-7 0 1 -7.20101e-7 0 1 -3.79392e-7 0 1 2.901e-7 0 1 -5.46998e-7 0 1 0 0 1 2.0839e-7 0 1 1.90732e-7 0 1 1.38517e-6 0 1 1.70972e-6 0 1 -1.73631e-6 0 1 1.52026e-6 0 1 -3.62644e-7 0 1 -1.40647e-6 0 1 1.94508e-6 0 1 -4.39498e-7 0 1 -8.10183e-7 0 1 3.18462e-7 0 1 -5.49713e-7 0 1 -6.0138e-7 0 1 -4.67918e-7 0 1 1.94833e-6 0 1 8.16381e-7 0 1 1.19325e-6 0 1 -2.5476e-6 0 1 7.5894e-7 0 1 -4.67869e-7 0 1 -1.75805e-6 0 1 9.7251e-7 0 1 5.49724e-7 0 1 -1.45044e-6 0 1 1.52037e-6 0 1 4.05045e-7 0 1 -8.16231e-7 0 1 1.52026e-6 0 1 -1.75805e-6 0 1 -1.38516e-6 0 1 7.89932e-7 0 1 -8.02119e-7 0 1 8.15945e-7 0 1 -6.59237e-7 0 1 8.10095e-7 0 1 -1.51782e-6 0 1 1.09943e-6 0 1 4.679e-7 0 1 -9.74097e-7 0 1 5.96622e-7 0 1 -1.91852e-6 0 1 5.69671e-6 0 1 2.40528e-6 0 1 -8.16436e-7 0 1 -1.51792e-6 0 1 -9.7254e-7 0 1 8.24579e-7 0 1 1.45063e-6 0 1 -9.11478e-7 0 1 -4.67804e-7 0 1 1.09944e-6 0 1 8.10158e-7 0 1 -6.59237e-7 0 1 -3.62638e-7 0 1 -5.82366e-7 0 1 5.73586e-7 0 1 4.05049e-7 0 1 8.24583e-7 0 1 -9.7272e-7 0 1 -1.51787e-6 0 1 8.1624e-7 0 1 -1.45064e-6 0 1 2.85689e-7 0 1 -2.81383e-7 0 1 -4.05049e-7 0 1 1.23516e-6 0 1 -8.2459e-7 0 1 9.7265e-7 0 1 -2.406e-6 0 1 1.51787e-6 0 1 8.16249e-7 0 1 1.51792e-6 0 1 -4.67811e-7 0 1 -1.09943e-6 0 1 -8.10084e-7 0 1 6.59244e-7 0 1 1.38504e-6 0 1 -1.1429e-6 0 1 3.62638e-7 0 1 -1.38516e-6 0 1 7.89931e-7 0 1 -8.0212e-7 0 1 8.16027e-7 0 1 -6.59238e-7 0 1 8.10096e-7 0 1 -1.5177e-6 0 1 1.09945e-6 0 1 4.67901e-7 0 1 -9.74112e-7 0 1 5.96592e-7 0 1 -1.91883e-6 0 1 5.69645e-6 0 1 2.40562e-6 0 1 -8.16438e-7 0 1 -1.51787e-6 0 1 -9.72539e-7 0 1 8.24578e-7 0 1 1.45062e-6 0 1 -9.11374e-7 0 1 -1.94833e-6 0 1 -8.16381e-7 0 1 -1.19325e-6 0 1 2.5476e-6 0 1 -7.5894e-7 0 1 4.67869e-7 0 1 1.75805e-6 0 1 -9.7251e-7 0 1 -5.49724e-7 0 1 1.45044e-6 0 1 -1.52037e-6 0 1 -4.05045e-7 0 1 -1.38517e-6 0 1 -1.70972e-6 0 1 1.73631e-6 0 1 -1.52026e-6 0 1 3.62644e-7 0 1 1.40647e-6 0 1 -1.94508e-6 0 1 4.39498e-7 0 1 8.10183e-7 0 1 -3.18462e-7 0 1 5.49713e-7 0 1 6.0138e-7 0 1 4.67918e-7 0 1 1.75805e-6 0 1 8.16231e-7 0 1 -1.52026e-6 0 1 1.91852e-6 0 1 -5.69671e-6 0 1 -2.40528e-6 0 1 8.16436e-7 0 1 1.51792e-6 0 1 9.7254e-7 0 1 -8.24579e-7 0 1 -1.45063e-6 0 1 9.11478e-7 0 1 1.38516e-6 0 1 -7.89932e-7 0 1 8.02119e-7 0 1 -8.15945e-7 0 1 6.59237e-7 0 1 -8.10095e-7 0 1 1.51782e-6 0 1 -1.09943e-6 0 1 -4.679e-7 0 1 9.74097e-7 0 1 -5.96622e-7 0 1 5.73516e-7 0 1 -5.82437e-7 0 1 -3.62639e-7 0 1 -6.59246e-7 0 1 8.10254e-7 0 1 1.09945e-6 0 1 -4.67819e-7 0 1 8.16205e-7 0 1 -1.51787e-6 0 1 -9.72583e-7 0 1 8.24568e-7 0 1 4.05049e-7 0 1 5.82437e-7 0 1 -5.73516e-7 0 1 -4.05049e-7 0 1 -8.24568e-7 0 1 9.72583e-7 0 1 1.51787e-6 0 1 -8.16205e-7 0 1 4.67819e-7 0 1 -1.09945e-6 0 1 -8.10254e-7 0 1 6.59246e-7 0 1 3.62639e-7 0 1 -3.67338e-6 0 1 2.83012e-6 0 1 -1.45579e-6 0 1 -2.32836e-6 0 1 2.69707e-6 0 1 1.83948e-6 0 1 4.90159e-7 0 1 -5.31807e-7 0 1 -1.67604e-6 0 1 1.11688e-6 0 1 -1.15186e-6 0 1 4.25453e-7 0 1 -4.19034e-7 0 1 2.12713e-6 0 1 -1.71543e-6 0 1 1.60962e-6 0 1 6.65275e-7 0 1 -1.47095e-6 0 1 5.66042e-7 0 1 4.59206e-7 0 1 -4.93769e-7 0 1 -8.61309e-7 0 1 2.90217e-7 0 1 4.64365e-6 0 1 6.89104e-6 0 1 -1.44407e-6 0 1 -2.35728e-6 0 1 7.27697e-7 0 1 -9.87646e-7 0 1 5.77889e-7 0 1 9.18507e-7 0 1 -2.65915e-7 0 1 7.40428e-7 0 1 -7.7607e-7 0 1 2.09506e-7 0 1 -4.59872e-7 0 1 -3.2912e-7 0 1 2.9421e-7 0 1 -2.65889e-7 0 1 5.66057e-7 0 1 3.60867e-7 0 1 -6.89731e-6 0 1 8.70457e-7 0 1 -4.42031e-7 0 1 -6.89313e-6 0 1 -2.94191e-7 0 1 2.83021e-7 0 1 -2.58393e-6 0 1 8.70651e-7 0 1 -1.97533e-6 0 1 -1.17864e-6 0 1 1.83669e-6 0 1 5.66024e-7 0 1 8.31558e-7 0 1 -7.70591e-7 0 1 1.04159e-6 0 1 -3.98855e-7 0 1 -6.51512e-7 0 1 6.71917e-7 0 1 3.1909e-7 0 1 -8.90446e-7 0 1 4.90124e-7 0 1 -5.74864e-7 0 1 2.65889e-7 0 1 -2.9421e-7 0 1 3.2912e-7 0 1 4.59872e-7 0 1 -2.09506e-7 0 1 7.7607e-7 0 1 -7.40428e-7 0 1 2.65915e-7 0 1 -9.18507e-7 0 1 -5.77889e-7 0 1 9.87646e-7 0 1 -7.27697e-7 0 1 1.37863e-5 0 1 3.44875e-6 0 1 -7.21734e-7 0 1 4.42031e-7 0 1 -8.70457e-7 0 1 -2.83028e-7 0 1 4.3323e-6 0 1 -7.07192e-6 0 1 -1.98152e-6 0 1 -7.2774e-7 0 1 1.41361e-6 0 1 -9.6325e-7 0 1 6.73881e-7 0 1 -7.31282e-7 0 1 5.31819e-7 0 1 -9.32468e-7 0 1 2.12713e-7 0 1 7.33316e-7 0 1 -5.31807e-7 0 1 7.3521e-7 0 1 -6.89844e-7 0 1 0 0 1 7.27728e-7 0 1 -1.41507e-7 0 1 1.80461e-6 0 1 -1.23448e-6 0 1 1.16063e-6 0 1 4.64574e-6 0 1 -5.66057e-7 0 1 -3.60867e-7 0 1 6.89731e-6 0 1 6.89313e-6 0 1 -1.37863e-5 0 1 -3.44875e-6 0 1 7.21734e-7 0 1 2.83028e-7 0 1 6.89844e-7 0 1 -7.3521e-7 0 1 -7.33316e-7 0 1 -2.12713e-7 0 1 9.32468e-7 0 1 -5.31819e-7 0 1 7.31282e-7 0 1 -6.73881e-7 0 1 9.6325e-7 0 1 -1.41361e-6 0 1 7.2774e-7 0 1 1.98152e-6 0 1 -9.29149e-6 0 1 7.07192e-6 0 1 -4.3323e-6 0 1 2.357e-6 0 1 -1.16063e-6 0 1 1.23448e-6 0 1 -1.80461e-6 0 1 1.41507e-7 0 1 2.65903e-7 0 5.28162e-4 -0.9965819 -0.08260941 -5.0773e-4 -0.9709475 -0.2392924 0.00102812 -0.9694029 -0.245473 -9.89887e-4 -0.9199782 -0.3919687 0.001491904 -0.9157791 -0.4016795 -0.001452267 -0.8451807 -0.5344787 0.00193274 -0.8371545 -0.5469632 -0.001881361 -0.7485017 -0.6631303 0.002339303 -0.7357332 -0.6772675 -0.002289593 -0.6324759 -0.7745767 0.002738773 -0.6141932 -0.789151 -0.002649068 -0.4999777 -0.8660343 0.003092586 -0.4759492 -0.8794674 -0.002999126 -0.3545981 -0.9350141 0.003426015 -0.3246906 -0.9458141 -0.003316223 -0.2000097 -0.9797884 0.003724753 -0.1646056 -0.9863525 -0.003611385 -0.04029685 -0.9991813 0.004007399 0 -0.9999921 -0.003870189 0.1205484 -0.9927 0.004254281 0.1646053 -0.9863504 -0.004103899 0.2782194 -0.9605088 0.004475176 0.3246893 -0.9458101 -0.004312276 0.4286848 -0.9034438 0.004670441 0.4759461 -0.8794621 -0.004493415 0.5680826 -0.8229593 0.004825711 0.6141883 -0.7891448 -0.004652619 0.6926956 -0.7212151 0.004971742 0.7357263 -0.6772607 -0.004770874 0.7994437 -0.600722 0.005077362 0.8371451 -0.5469573 -0.004872381 0.8854433 -0.4647219 0.005163133 0.915768 -0.4016747 -0.004935562 0.9485233 -0.316669 0.005218803 0.9693818 -0.2455029 -0.00497961 0.9870333 -0.1604384 0.005250513 0.9965713 -0.08257192 -0.004988551 0.9999876 0 0.005254983 0.9965683 0.08260828 -0.00497055 0.9870336 0.1604371 0.005223631 0.9693902 0.2454698 -0.004935562 0.9485233 0.316669 0.005163133 0.915768 0.4016747 -0.004872381 0.885443 0.4647225 0.005077362 0.8371451 0.5469573 -0.004767656 0.7994571 0.6007043 0.004977762 0.7357262 0.6772608 -0.004646182 0.6926952 0.7212156 0.004831373 0.6141887 0.7891445 -0.004491627 0.568065 0.8229715 0.004670441 0.4759462 0.879462 -0.004312276 0.4286849 0.9034438 0.004475176 0.3246893 0.9458101 -0.004103839 0.2782194 0.9605088 0.004254162 0.1646053 0.9863504 -0.003870368 0.1205481 0.9927 0.00400722 0 0.9999921 -0.003611326 -0.04029697 0.9991813 0.003724813 -0.1646056 0.9863525 -0.003316044 -0.2000097 0.9797884 0.003426015 -0.3246906 0.9458141 -0.002999067 -0.3545981 0.9350141 0.003092646 -0.4759492 0.8794674 -0.002649068 -0.4999775 0.8660343 0.002738773 -0.6141932 0.789151 -0.002289593 -0.6324758 0.7745767 0.002339303 -0.7357332 0.6772676 -0.001881301 -0.7485017 0.6631302 0.00193274 -0.8371545 0.5469632 -0.001452326 -0.8451807 0.5344787 0.001491844 -0.9157791 0.4016795 -9.8988e-4 -0.9199782 0.3919684 0.00102812 -0.9694029 0.245473 -5.0773e-4 -0.9709473 0.2392928 5.28162e-4 -0.9965819 0.08260941 0 -0.9967559 0.08048367 0 -0.9967559 -0.08048367 1 1.91883e-6 0 1 -5.69645e-6 0 1 -2.40562e-6 0 1 8.16438e-7 0 1 1.51787e-6 0 1 9.72539e-7 0 1 -8.24578e-7 0 1 -1.45062e-6 0 1 9.11374e-7 0 1 1.38516e-6 0 1 -7.89931e-7 0 1 8.0212e-7 0 1 -8.16027e-7 0 1 6.59238e-7 0 1 -8.10096e-7 0 1 1.5177e-6 0 1 -1.09945e-6 0 1 -4.67901e-7 0 1 9.74112e-7 0 1 -5.96592e-7 0 0 0.0871728 -0.9961932 0 0.2588549 -0.9659163 0 0.258855 -0.9659163 0 0.4226723 -0.9062826 0 0.5735736 -0.8191542 0 0.5735738 -0.819154 0 0.7070462 -0.7071673 0 0.7070461 -0.7071675 0 0.8191458 -0.5735855 0 0.8191505 -0.5735787 0 0.9063083 -0.4226172 0 0.9063084 -0.4226171 0 0.965938 -0.2587738 0 0.965938 -0.2587739 0 0.9961943 -0.08716136 0 0.9961951 -0.08715128 0 0.9961942 0.08716195 0 0.9961933 0.08717203 0 0.9659463 0.2587426 0 0.9062861 0.4226648 0 0.8191502 0.5735792 0 0.8191454 0.5735859 0 0.7071081 0.7071056 0 0.707108 0.7071056 0 0.5735734 0.8191543 0 0.5735735 0.8191542 0 0.4226743 0.9062817 0 0.4226744 0.9062816 0 0.2587385 0.9659475 0 0.2587385 0.9659475 0 0.08717226 0.9961934 0 0.08717143 0.9961934 0 -0.08716088 0.9961943 0 -0.08716088 0.9961943 0 -0.2587713 0.9659387 0 -0.2587676 0.9659397 0 -0.4226258 0.9063043 0 -0.4226279 0.9063033 0 -0.5735876 0.8191443 0 -0.5735806 0.8191491 0 -0.7071106 0.707103 0 -0.7071055 0.7071081 0 -0.8192073 0.5734977 0 -0.8192048 0.5735011 0 -0.9062784 0.4226815 0 -0.9659198 0.2588418 0 -0.9659211 0.2588371 0 -0.996192 0.08718705 0 -0.996192 0.08718705 0 -0.996193 -0.08717644 0 -0.9659127 -0.2588682 0 -0.9659114 -0.2588731 0 -0.9063006 -0.4226338 0 -0.9063006 -0.4226337 0 -0.8192052 -0.5735006 0 -0.8192076 -0.5734972 0 -0.7070437 -0.7071699 0 -0.7070486 -0.707165 0 -0.5735807 -0.8191491 0 -0.573588 -0.819144 0 -0.4226258 -0.9063043 0 -0.4226239 -0.9063052 0 -0.258884 -0.9659084 0 -0.2588878 -0.9659074 0 -0.08716136 -0.9961943 0 0.08717191 -0.9961933 0 0.08717232 -0.9961934 0 0.2587385 -0.9659475 0 0.2587385 -0.9659475 0 0.4226743 -0.9062817 0 0.4226744 -0.9062816 0 0.5735734 -0.8191543 0 0.5735735 -0.8191542 0 0.7071081 -0.7071056 0 0.707108 -0.7071056 0 0.8191454 -0.5735859 0 0.8191502 -0.5735792 0 0.9062861 -0.4226648 0 0.9659463 -0.2587426 0 0.9961933 -0.08717197 0 0.9961942 -0.08716195 0 0.9961951 0.08715128 0 0.9961943 0.08716136 0 0.965938 0.2587738 0 0.965938 0.2587739 0 0.9063083 0.4226172 0 0.9063084 0.4226171 0 0.8191505 0.5735787 0 0.8191458 0.5735855 0 0.7070462 0.7071673 0 0.7070461 0.7071675 0 0.5735736 0.8191542 0 0.5735738 0.819154 0 0.4226723 0.9062826 0 0.2588549 0.9659163 0 0.258855 0.9659163 0 0.0871728 0.9961932 0 0.08717191 0.9961933 0 -0.08716136 0.9961943 0 -0.2588878 0.9659074 0 -0.2588841 0.9659084 0 -0.4226239 0.9063052 0 -0.5735878 0.8191441 0 -0.5735809 0.819149 0 -0.7070488 0.7071648 0 -0.7070435 0.7071701 0 -0.8192076 0.5734972 0 -0.8192052 0.5735006 0 -0.9063006 0.4226338 0 -0.9063006 0.4226337 0 -0.9659114 0.2588729 0 -0.9659126 0.2588683 0 -0.996193 0.08717644 0 -0.996192 -0.08718705 0 -0.996192 -0.08718705 0 -0.9659211 -0.2588371 0 -0.9659198 -0.2588418 0 -0.9062784 -0.4226815 0 -0.8192048 -0.5735011 0 -0.8192073 -0.5734977 0 -0.7071056 -0.7071081 0 -0.7071105 -0.7071031 0 -0.5735805 -0.8191493 0 -0.5735878 -0.8191443 0 -0.4226278 -0.9063034 0 -0.422626 -0.9063042 0 -0.2587676 -0.9659397 0 -0.2587714 -0.9659386 0 -0.08716088 -0.9961943 0 -0.08716088 -0.9961943 0 0.08717143 -0.9961934 0 0.08715701 -0.9961946 0 0.2588921 -0.9659063 0 0.2588934 -0.9659059 0 0.4226326 -0.9063012 0 0.4226307 -0.906302 0 0.573623 -0.8191195 0 0.5736205 -0.8191212 0 0.707042 -0.7071716 0 0.7070469 -0.7071666 0 0.8191609 -0.5735639 0 0.9063014 -0.422632 0 0.9063014 -0.4226319 0 0.9659367 -0.2587786 0 0.9961951 -0.08715158 0 0.9961946 -0.08715659 0 0.9961938 0.08716756 0 0.9961941 0.08716255 0 0.9659451 0.2587471 0 0.9659464 0.2587423 0 0.9062793 0.4226797 0 0.9062793 0.4226796 0 0.8191533 0.5735748 0 0.8191531 0.5735749 0 0.7071198 0.7070938 0 0.7071148 0.7070989 0 0.5736219 0.8191203 0 0.5736243 0.8191186 0 0.4226323 0.9063013 0 0.4226342 0.9063004 0 0.2587738 0.965938 0 0.2587725 0.9659383 0 0.0871551 0.9961948 0 0.08715558 0.9961947 0 -0.08715552 0.9961947 0 -0.08715558 0.9961947 0 -0.2587713 0.9659386 0 -0.2587725 0.9659383 0 -0.4226343 0.9063003 0 -0.4226322 0.9063013 0 -0.5735744 0.8191536 0 -0.5735768 0.8191519 0 -0.7071679 0.7070458 0 -0.7071704 0.7070432 0 -0.8191533 0.5735748 0 -0.8191531 0.5735749 0 -0.9062793 0.4226797 0 -0.9062773 0.4226836 0 -0.965916 0.2588557 0 -0.9659148 0.2588603 0 -0.9961938 0.08716756 0 -0.9961946 -0.08715659 0 -0.9659063 -0.2588918 0 -0.9659076 -0.2588872 0 -0.9062994 -0.4226362 0 -0.9063014 -0.4226319 0 -0.8191609 -0.5735639 0 -0.7070977 -0.707116 0 -0.707095 -0.7071186 0 -0.5735755 -0.8191528 0 -0.573573 -0.8191545 0 -0.4226307 -0.906302 0 -0.4226326 -0.9063012 0 -0.2588921 -0.9659063 0 -0.2588909 -0.9659067 0 -0.08715742 -0.9961946 0 -0.08715748 -0.9961946 0 0.08715742 -0.9961946 0 0.08715319 -0.996195 0 0.2587767 -0.9659373 0 0.2587761 -0.9659374 0 0.4226144 -0.9063097 0 0.4226136 -0.9063101 0 0.5735838 -0.8191469 0 0.5735841 -0.8191468 0 0.7070432 -0.7071704 0 0.7070432 -0.7071704 0 0.819212 -0.5734909 0 0.9063053 -0.4226237 0 0.9063054 -0.4226236 0 0.9659076 -0.2588871 0 0.9659076 -0.2588872 0 0.9961945 -0.08715909 0 0.9961943 -0.0871616 0 0.9961943 0.0871616 0 0.9961945 0.08715909 0 0.9659076 0.2588871 0 0.9659076 0.2588872 0 0.9063053 0.4226237 0 0.9063054 0.4226236 0 0.8191634 0.5735603 0 0.7071054 0.7071082 0 0.7071053 0.7071083 0 0.5735838 0.8191469 0 0.5735841 0.8191468 0 0.4226326 0.9063012 0 0.4226336 0.9063007 0 0.2587543 0.9659432 0 0.258755 0.965943 0 0.08717632 0.996193 0 0.08717608 0.9961929 0 -0.08718711 0.996192 0 -0.08718687 0.996192 0 -0.258723 0.9659516 0 -0.2587237 0.9659514 0 -0.4226816 0.9062784 0 -0.5735833 0.8191473 0 -0.5735834 0.8191472 0 -0.707106 0.7071076 0 -0.7071053 0.7071083 0 -0.8191052 0.5736435 0 -0.8191046 0.5736443 0 -0.9063043 0.4226258 0 -0.9063049 0.4226247 0 -0.9659395 0.2587679 0 -0.9659393 0.2587692 0 -0.9961943 0.0871616 0 -0.9961943 -0.0871616 0 -0.9659393 -0.2587691 0 -0.9659396 -0.258768 0 -0.9063048 -0.4226248 0 -0.9063044 -0.4226257 0 -0.8191532 -0.573575 0 -0.8191537 -0.5735741 0 -0.7070432 -0.7071704 0 -0.7070438 -0.7071698 0 -0.5735833 -0.8191473 0 -0.5735834 -0.8191472 0 -0.4226623 -0.9062873 0 -0.4226624 -0.9062873 0 -0.2587454 -0.9659456 0 -0.2587448 -0.9659457 0 -0.08716374 -0.996194 0 -0.08716392 -0.996194 0 0.08715295 -0.996195 0 0.08716374 -0.996194 0 0.2587448 -0.9659457 0 0.2587454 -0.9659456 0 0.4226623 -0.9062873 0 0.4226624 -0.9062873 0 0.5735833 -0.8191473 0 0.5735834 -0.8191472 0 0.7070438 -0.7071697 0 0.8191537 -0.5735741 0 0.8191532 -0.573575 0 0.9063043 -0.4226258 0 0.9063049 -0.4226247 0 0.9659395 -0.2587679 0 0.9659393 -0.2587692 0 0.9659393 0.2587691 0 0.9659396 0.258768 0 0.9063048 0.4226248 0 0.9063044 0.4226257 0 0.8191046 0.5736443 0 0.8191052 0.5736435 0 0.7071059 0.7071077 0 0.5735833 0.8191473 0 0.5735834 0.8191472 0 0.4226816 0.9062784 0 0.2587237 0.9659514 0 0.258723 0.9659516 0 0.08718687 0.996192 0 0.08718711 0.996192 0 -0.08717608 0.9961929 0 -0.08717632 0.996193 0 -0.258755 0.965943 0 -0.2587543 0.9659432 0 -0.4226336 0.9063007 0 -0.4226326 0.9063012 0 -0.5735838 0.8191469 0 -0.5735841 0.8191468 0 -0.7071054 0.7071082 0 -0.8191634 0.5735603 0 -0.9063053 0.4226237 0 -0.9063054 0.4226236 0 -0.9659076 0.2588871 0 -0.9659076 0.2588872 0 -0.9961945 0.08715909 0 -0.9961945 -0.08715909 0 -0.9659076 -0.2588871 0 -0.9063053 -0.4226237 0 -0.9063054 -0.4226236 0 -0.819212 -0.5734909 0 -0.7070432 -0.7071704 0 -0.5735838 -0.8191469 0 -0.5735841 -0.8191468 0 -0.4226134 -0.9063101 0 -0.4226145 -0.9063096 0 -0.2587761 -0.9659374 0 -0.2587767 -0.9659373 0 -0.08715319 -0.996195 0 -0.08715295 -0.996195 0 0.08716392 -0.996194 0 0.08715748 -0.9961946 0 0.2588908 -0.9659067 0 0.2588921 -0.9659063 0 0.5735731 -0.8191545 0 0.5735754 -0.8191528 0 0.7070951 -0.7071185 0 0.7070975 -0.7071161 0 0.9062996 -0.4226361 0 0.9659064 -0.2588919 0 0.9659149 0.2588604 0 0.9659161 0.2588556 0 0.9062773 0.4226838 0 0.7071704 0.7070432 0 0.7071679 0.7070457 0 0.5735768 0.8191519 0 0.5735744 0.8191536 0 0.2587726 0.9659383 0 0.2587713 0.9659387 0 0.08715552 0.9961947 0 -0.08715516 0.9961948 0 -0.2587726 0.9659383 0 -0.2587738 0.965938 0 -0.5736243 0.8191186 0 -0.5736219 0.8191203 0 -0.7071147 0.7070989 0 -0.7071199 0.7070938 0 -0.9062793 0.4226796 0 -0.9659464 0.2587424 0 -0.9659452 0.2587471 0 -0.9961941 0.08716255 0 -0.9961951 -0.08715158 0 -0.9659367 -0.2587785 0 -0.965938 -0.2587739 0 -0.9063014 -0.422632 0 -0.707047 -0.7071666 0 -0.7070419 -0.7071717 0 -0.5736206 -0.8191211 0 -0.5736229 -0.8191195 0 -0.2588933 -0.965906 0 -0.2588921 -0.9659063 0 -0.08715701 -0.9961946 0 0.08716088 -0.9961943 0 0.2587713 -0.9659387 0 0.2587676 -0.9659397 0 0.4226258 -0.9063043 0 0.4226279 -0.9063033 0 0.5735876 -0.8191443 0 0.5735806 -0.8191491 0 0.7071106 -0.707103 0 0.7071055 -0.7071081 0 0.8192073 -0.5734977 0 0.8192048 -0.5735011 0 0.9062784 -0.4226815 0 0.9659198 -0.2588418 0 0.9659211 -0.2588371 0 0.996192 -0.08718705 0 0.996192 -0.08718705 0 0.996193 0.08717644 0 0.9659127 0.2588682 0 0.9659114 0.2588731 0 0.9063006 0.4226338 0 0.9063006 0.4226337 0 0.8192052 0.5735006 0 0.8192076 0.5734972 0 0.7070437 0.7071699 0 0.7070486 0.707165 0 0.5735807 0.8191491 0 0.573588 0.819144 0 0.4226258 0.9063043 0 0.4226239 0.9063052 0 0.258884 0.9659084 0 0.2588878 0.9659074 0 0.08716136 0.9961943 0 -0.08717191 0.9961933 0 -0.0871728 0.9961932 0 -0.2588549 0.9659163 0 -0.258855 0.9659163 0 -0.4226723 0.9062826 0 -0.5735736 0.8191542 0 -0.5735738 0.819154 0 -0.7070462 0.7071673 0 -0.7070461 0.7071675 0 -0.8191458 0.5735855 0 -0.8191505 0.5735787 0 -0.9063083 0.4226172 0 -0.9063084 0.4226171 0 -0.965938 0.2587738 0 -0.965938 0.2587739 0 -0.9961943 0.08716136 0 -0.9961951 0.08715128 0 -0.9961942 -0.08716195 0 -0.9961933 -0.08717203 0 -0.9659463 -0.2587426 0 -0.9062861 -0.4226648 0 -0.8191502 -0.5735792 0 -0.8191454 -0.5735859 0 -0.7071081 -0.7071056 0 -0.707108 -0.7071056 0 -0.5735734 -0.8191543 0 -0.5735735 -0.8191542 0 -0.4226743 -0.9062817 0 -0.4226744 -0.9062816 0 -0.2587385 -0.9659475 0 -0.2587385 -0.9659475 0 -0.08717226 -0.9961934 0 -0.08717143 -0.9961934 0 0.08716088 -0.9961943 0 0.08716136 -0.9961943 0 0.2588878 -0.9659074 0 0.2588841 -0.9659084 0 0.4226239 -0.9063052 0 0.5735878 -0.8191441 0 0.5735809 -0.819149 0 0.7070488 -0.7071648 0 0.7070435 -0.7071701 0 0.8192076 -0.5734972 0 0.8192052 -0.5735006 0 0.9063006 -0.4226338 0 0.9063006 -0.4226337 0 0.9659114 -0.2588729 0 0.9659126 -0.2588683 0 0.996193 -0.08717644 0 0.996192 0.08718705 0 0.996192 0.08718705 0 0.9659211 0.2588371 0 0.9659198 0.2588418 0 0.9062784 0.4226815 0 0.8192048 0.5735011 0 0.8192073 0.5734977 0 0.7071056 0.7071081 0 0.7071105 0.7071031 0 0.5735805 0.8191493 0 0.5735878 0.8191443 0 0.4226278 0.9063034 0 0.422626 0.9063042 0 0.2587676 0.9659397 0 0.2587714 0.9659386 0 0.08716088 0.9961943 0 0.08716088 0.9961943 0 -0.08717143 0.9961934 0 -0.08717232 0.9961934 0 -0.2587385 0.9659475 0 -0.2587385 0.9659475 0 -0.4226743 0.9062817 0 -0.4226744 0.9062816 0 -0.5735734 0.8191543 0 -0.5735735 0.8191542 0 -0.7071081 0.7071056 0 -0.707108 0.7071056 0 -0.8191454 0.5735859 0 -0.8191502 0.5735792 0 -0.9062861 0.4226648 0 -0.9659463 0.2587426 0 -0.9961933 0.08717197 0 -0.9961942 0.08716195 0 -0.9961951 -0.08715128 0 -0.9961943 -0.08716136 0 -0.965938 -0.2587738 0 -0.9063083 -0.4226172 0 -0.9063084 -0.4226171 0 -0.8191505 -0.5735787 0 -0.8191458 -0.5735855 0 -0.7070462 -0.7071673 0 -0.7070461 -0.7071675 0 -0.5735736 -0.8191542 0 -0.5735738 -0.819154 0 -0.4226723 -0.9062826 0 -0.2588549 -0.9659163 0 -0.258855 -0.9659163 0 -0.0871728 -0.9961932 0 -0.08717191 -0.9961933 0 0.08715558 -0.9961947 0 0.2587713 -0.9659386 0 0.2587725 -0.9659383 0 0.4226343 -0.9063003 0 0.4226322 -0.9063013 0 0.5735744 -0.8191536 0 0.5735768 -0.8191519 0 0.7071679 -0.7070458 0 0.7071704 -0.7070432 0 0.8191533 -0.5735748 0 0.8191531 -0.5735749 0 0.9062793 -0.4226797 0 0.9062773 -0.4226836 0 0.965916 -0.2588557 0 0.9659148 -0.2588603 0 0.9961938 -0.08716756 0 0.9961946 0.08715659 0 0.9659063 0.2588918 0 0.9062994 0.4226362 0 0.9063014 0.4226319 0 0.8191609 0.5735639 0 0.7070977 0.707116 0 0.707095 0.7071186 0 0.5735755 0.8191528 0 0.573573 0.8191545 0 0.4226307 0.906302 0 0.2588921 0.9659063 0 0.2588909 0.9659067 0 0.08715742 0.9961946 0 0.08715748 0.9961946 0 -0.08715742 0.9961946 0 -0.08715701 0.9961946 0 -0.2588921 0.9659063 0 -0.2588934 0.9659059 0 -0.4226307 0.906302 0 -0.573623 0.8191195 0 -0.5736205 0.8191212 0 -0.707042 0.7071716 0 -0.7070469 0.7071666 0 -0.8191609 0.5735639 0 -0.9063014 0.422632 0 -0.9063014 0.4226319 0 -0.9659367 0.2587786 0 -0.9961951 0.08715158 0 -0.9961946 0.08715659 0 -0.9961938 -0.08716756 0 -0.9961941 -0.08716255 0 -0.9659451 -0.2587471 0 -0.9659464 -0.2587423 0 -0.9062793 -0.4226797 0 -0.9062793 -0.4226796 0 -0.8191533 -0.5735748 0 -0.8191531 -0.5735749 0 -0.7071198 -0.7070938 0 -0.7071148 -0.7070989 0 -0.5736219 -0.8191203 0 -0.5736243 -0.8191186 0 -0.4226323 -0.9063013 0 -0.4226342 -0.9063004 0 -0.2587738 -0.965938 0 -0.2587725 -0.9659383 0 -0.0871551 -0.9961948 0 -0.08715558 -0.9961947 0 0.08715552 -0.9961947 0 0.08718687 -0.996192 0 0.258723 -0.9659516 0 0.2587237 -0.9659514 0 0.4226816 -0.9062784 0 0.707106 -0.7071076 0 0.7071053 -0.7071083 0 0.8191052 -0.5736435 0 0.8191046 -0.5736443 0 0.8191532 0.573575 0 0.8191537 0.5735741 0 0.7070432 0.7071704 0 0.7070438 0.7071698 0 0.4226623 0.9062873 0 0.4226624 0.9062873 0 0.2587454 0.9659456 0 0.2587448 0.9659457 0 0.08716374 0.996194 0 0.08716392 0.996194 0 -0.08715295 0.996195 0 -0.08715319 0.996195 0 -0.2587767 0.9659373 0 -0.2587761 0.9659374 0 -0.4226144 0.9063097 0 -0.4226136 0.9063101 0 -0.7070432 0.7071704 0 -0.7070432 0.7071704 0 -0.819212 0.5734909 0 -0.8191634 -0.5735603 0 -0.7071054 -0.7071082 0 -0.7071053 -0.7071083 0 -0.4226336 -0.9063007 0 -0.2587543 -0.9659432 0 -0.258755 -0.965943 0 -0.08717632 -0.996193 0 -0.08717608 -0.9961929 0 0.08718711 -0.996192 0 0.08717632 -0.996193 0 0.258755 -0.965943 0 0.2587543 -0.9659432 0 0.4226336 -0.9063007 0 0.7071054 -0.7071082 0 0.8191634 -0.5735603 0 0.819212 0.5734909 0 0.7070432 0.7071704 0 0.4226134 0.9063101 0 0.4226145 0.9063096 0 0.2587761 0.9659374 0 0.2587767 0.9659373 0 0.08715319 0.996195 0 0.08715295 0.996195 0 -0.08716392 0.996194 0 -0.08716374 0.996194 0 -0.2587448 0.9659457 0 -0.2587454 0.9659456 0 -0.4226623 0.9062873 0 -0.4226624 0.9062873 0 -0.7070438 0.7071697 0 -0.8191537 0.5735741 0 -0.8191532 0.573575 0 -0.8191046 -0.5736443 0 -0.8191052 -0.5736435 0 -0.7071059 -0.7071077 0 -0.4226816 -0.9062784 0 -0.2587237 -0.9659514 0 -0.258723 -0.9659516 0 -0.08718687 -0.996192 0 -0.08718711 -0.996192 0 0.08717608 -0.9961929 0 0.9961849 -0.08726775 0 0.9659427 -0.2587562 0 0.9062955 -0.4226446 0 0.9062953 -0.4226453 0 0.8191928 -0.5735183 0 0.8191932 -0.5735179 0 0.707032 -0.7071816 0 0.57363 -0.8191146 0 0.5736302 -0.8191145 0 0.4226471 -0.9062944 0 0.258805 -0.9659296 0 0.08710622 -0.9961991 0 -0.08710622 -0.9961991 0 -0.258805 -0.9659296 0 -0.4226471 -0.9062944 0 -0.5736302 -0.8191145 0 -0.57363 -0.8191146 0 -0.707032 -0.7071816 0 -0.8191932 -0.5735179 0 -0.8191928 -0.5735183 0 -0.9062953 -0.4226453 0 -0.9062955 -0.4226446 0 -0.9659427 -0.2587562 0 -0.9961849 -0.08726775 0 -0.9961849 0.08726811 0 -0.9659349 0.258785 0 -0.9062955 0.4226446 0 -0.9062953 0.4226453 0 -0.8191928 0.5735183 0 -0.8191932 0.5735179 0 -0.7071004 0.7071133 0 -0.5736156 0.8191246 0 -0.5736158 0.8191245 0 -0.422554 0.9063377 0 -0.2589107 0.9659014 0 -0.08713167 0.9961968 0 0.08713167 0.9961968 0 0.2589107 0.9659014 0 0.2589119 0.965901 3.7951e-7 0.4225542 0.9063377 0 0.4225521 0.9063387 0 0.5736158 0.8191245 0 0.5736156 0.8191246 0 0.7071004 0.7071133 0 0.8191932 0.5735179 0 0.8191928 0.5735183 0 0.9062953 0.4226453 0 0.9062955 0.4226446 0 0.9659349 0.258785 0 0.9961849 0.08726811 -2.60885e-6 -0.9659368 0.2587782 -8.60953e-7 -0.9961967 0.08713299 0 -0.9961958 0.087143 0 -0.9961977 -0.0871213 0 -0.9659354 -0.2587835 0 -0.9659337 -0.2587897 0 -0.906295 -0.4226459 0 -0.9062924 -0.4226514 0 -0.8191887 -0.5735241 0 -0.7071118 -0.7071018 0 -0.7071152 -0.7070985 0 -0.5735206 -0.8191912 0 -0.5735174 -0.8191934 0 -0.422648 -0.9062939 -1.12698e-5 -0.2589084 0.9659019 -1.08528e-5 -0.4226503 0.9062929 0 -0.4225375 0.9063456 0 -0.5735131 0.8191965 0 -0.5735162 0.8191942 0 -0.7071077 0.7071059 0 -0.7071043 0.7071093 0 -0.819195 0.5735151 0 -0.9062924 0.4226514 0 -0.906295 0.4226459 0 -0.9659429 0.2587555 -2.60875e-6 0.9659001 0.2589153 0 0.9659096 0.2588801 0 0.9063462 0.4225362 0 0.9063474 0.4225335 0 0.8191276 0.5736114 0 0.8191292 0.5736092 0 0.7070993 0.7071143 0 0.5735241 0.8191887 0 0.422649 0.9062935 0 0.4226515 0.9062923 0 0.2589142 0.9659004 0 0.08713567 0.9961965 0 -0.08712375 0.9961975 0 -0.08712351 0.9961975 0 -0.2590388 0.9658669 5.76487e-6 -0.4227066 -0.9062666 8.34827e-6 -0.2587839 -0.9659353 0 -0.258693 -0.9659596 0 -0.08711713 -0.9961981 0 -0.08711743 -0.9961981 0 0.08712929 -0.996197 0 0.2587906 -0.9659335 0 0.422648 -0.9062939 0 0.4226455 -0.9062951 0 0.5735284 -0.8191858 0 0.7071068 -0.7071068 0 0.8191228 -0.5736182 0 0.8191213 -0.5736205 0 0.9063474 -0.4225335 0 0.9063462 -0.4225362 0 0.9659004 -0.2589144 0 0.9658986 -0.2589206 0 0.996198 -0.08711796 0 0.9961974 -0.08712458 0 0.9961965 0.08713626 -8.61052e-7 0.9961962 0.08713966 0 -0.996185 0.08726799 0 -0.996185 -0.08726841 0 -0.996185 -0.08726757 0 -0.9659349 -0.2587851 0 -0.9062957 -0.4226444 0 -0.9062953 -0.4226451 0 -0.8191924 -0.5735189 0 -0.8191932 -0.5735177 0 -0.7071004 -0.7071132 0 -0.5736159 -0.8191245 0 -0.5736157 -0.8191247 0 -0.4225524 -0.9063386 4.17458e-7 -0.422554 -0.9063377 0 -0.2589119 -0.965901 0 -0.2589107 -0.9659014 0 -0.08713167 -0.9961969 0 0.08713167 -0.9961969 0 0.2589107 -0.9659014 0 0.2589107 -0.9659013 0 0.4225539 -0.9063378 0 0.4225542 -0.9063377 0 0.5736157 -0.8191247 0 0.5736159 -0.8191245 0 0.7071004 -0.7071132 0 0.8191932 -0.5735177 0 0.8191924 -0.5735189 0 0.9062953 -0.4226451 0 0.9062957 -0.4226444 0 0.9659349 -0.2587851 0 0.996185 -0.08726757 0 0.996185 -0.08726841 0 0.996185 0.08726799 0 0.996185 0.08726716 0 0.9659427 0.2587563 0 0.9062957 0.4226444 0 0.9062953 0.4226451 0 0.8191924 0.5735189 0 0.8191932 0.5735177 0 0.707032 0.7071816 0 0.5736302 0.8191144 0 0.57363 0.8191146 0 0.4226473 0.9062944 0 0.4226469 0.9062945 0 0.258805 0.9659296 0 0.258805 0.9659296 0 0.08710622 0.9961991 0 -0.08710622 0.9961991 0 -0.258805 0.9659296 0 -0.258805 0.9659296 0 -0.4226469 0.9062945 0 -0.4226473 0.9062944 0 -0.57363 0.8191146 0 -0.5736302 0.8191144 0 -0.707032 0.7071816 0 -0.8191932 0.5735177 0 -0.8191924 0.5735189 0 -0.9062953 0.4226451 0 -0.9062957 0.4226444 0 -0.9659427 0.2587563 0 -0.996185 0.08726716 -2.60875e-6 -0.9659001 0.2589153 -8.60953e-7 -0.996197 0.08712965 0 -0.9961956 0.08714628 0 -0.9961974 -0.08712458 0 -0.996198 -0.08711796 0 -0.9658986 -0.2589206 0 -0.9659004 -0.2589144 0 -0.9063462 -0.4225362 0 -0.9063474 -0.4225335 0 -0.8191213 -0.5736205 0 -0.8191228 -0.5736182 0 -0.7071068 -0.7071068 0 -0.5735284 -0.8191858 0 -0.4226455 -0.9062951 0 -0.2587906 -0.9659335 0 -0.08712929 -0.996197 -0.003061175 -0.05208742 -0.9986379 0.003021657 0.08711671 -0.9961936 -1.12698e-5 0.2589084 0.9659019 0 0.2590388 0.9658669 0 0.08712351 0.9961975 0 0.08712375 0.9961975 0 -0.08713567 0.9961965 0 -0.2589142 0.9659004 0 -0.4226515 0.9062923 0 -0.422649 0.9062935 0 -0.5735241 0.8191887 0 -0.7070993 0.7071143 0 -0.8191292 0.5736092 -0.003076553 -0.8388613 0.5443366 0.003008425 -0.9063407 0.422537 -0.003064274 -0.9562076 0.2926734 -2.60885e-6 0.9659368 0.2587782 0 0.9659429 0.2587555 0 0.906295 0.4226459 0 0.9062924 0.4226514 0 0.819195 0.5735151 0 0.7071043 0.7071093 0 0.7071077 0.7071059 0 0.5735162 0.8191942 0 0.5735131 0.8191965 -1.08534e-5 0.4225361 0.9063461 -0.003059804 0.2246131 -0.9744432 8.42618e-6 0.2587839 -0.9659353 5.84385e-6 0.422648 -0.9062939 0 0.4227066 -0.9062666 0 0.5735174 -0.8191934 0 0.5735206 -0.8191912 0 0.7071152 -0.7070985 0 0.7071118 -0.7071018 0 0.8191887 -0.5735241 0 0.9062924 -0.4226514 0 0.906295 -0.4226459 0 0.9659337 -0.2587897 0 0.9659354 -0.2587835 0 0.9961977 -0.0871213 0 0.9961967 0.08713299 -8.61052e-7 0.9961958 0.087143 -1.2805e-5 0.0871306 0.996197 -1.07474e-5 -0.08711898 0.9961979 0 -0.08699703 0.9962086 0 -0.2587856 0.9659349 0 -0.4226438 0.906296 0 -0.4226464 0.9062948 0 -0.5736203 0.8191214 0 -0.5736234 0.8191192 0 -0.7071686 0.707045 0 -0.7071719 0.7070417 0 -0.8190813 0.5736777 0 -0.819078 0.5736821 0 -0.9063168 0.422599 0 -0.9063194 0.4225935 0 -0.9659348 0.2587854 0 -0.9659365 0.2587792 0 -0.9961962 0.08713954 0 -0.9961967 0.08713287 0 -0.9961967 -0.08713287 0 -0.9961962 -0.08713954 0 -0.9659365 -0.2587792 0 -0.9659348 -0.2587854 0 -0.9063194 -0.4225935 0 -0.9063168 -0.422599 0 -0.819078 -0.5736821 0 -0.8190813 -0.5736777 0 -0.7071719 -0.7070417 0 -0.7071686 -0.707045 0 -0.5736234 -0.8191192 0 -0.5736203 -0.8191214 0 -0.4226464 -0.9062948 0 -0.4226438 -0.906296 0 -0.2587856 -0.9659349 0 -0.08711898 -0.9961979 -1.078e-5 -0.08699703 -0.9962086 -1.2836e-5 0.0871306 -0.996197 0 0.08698487 -0.9962097 0 0.4226438 -0.906296 0 0.4226464 -0.9062948 0 0.5736109 -0.819128 0 0.7071085 -0.7071052 0 0.7071185 -0.7070951 0 0.8191315 -0.573606 0 0.8191345 -0.5736014 0 0.906327 -0.422577 0 0.9658948 -0.258935 0 0.9658965 -0.2589288 0 0.9961985 -0.08711302 0 0.9961991 -0.0871064 0 0.9961991 0.0871064 0 0.9961985 0.08711302 0 0.9658965 0.2589288 0 0.9658948 0.258935 0 0.906327 0.422577 0 0.8190893 0.5736661 6.86211e-6 0.8191315 0.573606 8.50369e-6 0.7071873 0.7070263 0 0.7071085 0.7071052 0 0.5736109 0.819128 0 0.4226464 0.9062948 0 0.4226438 0.906296 0 0.2587906 0.9659335 0 0.08698487 0.9962097 -1.12698e-5 0.2589084 -0.9659019 -1.08528e-5 0.4226503 -0.9062929 0 0.4225375 -0.9063456 0 0.5735131 -0.8191965 0 0.5735162 -0.8191942 0 0.7071077 -0.7071059 0 0.7071043 -0.7071093 0 0.819195 -0.5735151 -2.60875e-6 -0.9659001 -0.2589153 0 -0.9659096 -0.2588801 0 -0.8191276 -0.5736114 0 -0.8191292 -0.5736092 0 -0.7070993 -0.7071143 0 -0.5735241 -0.8191887 0 -0.422649 -0.9062935 0 -0.4226515 -0.9062923 0 -0.2589142 -0.9659004 0 -0.08713567 -0.9961965 0 0.08712375 -0.9961975 0 0.08712351 -0.9961975 0 0.2590388 -0.9658669 8.34827e-6 0.2587839 0.9659353 0 0.258693 0.9659596 0 0.08711713 0.9961981 0 0.08711743 0.9961981 0 -0.08712929 0.996197 0 -0.2587906 0.9659335 0 -0.422648 0.9062939 0 -0.4226455 0.9062951 0 -0.5735284 0.8191858 0 -0.7071068 0.7071068 0 -0.8191228 0.5736182 0 -0.8191213 0.5736205 0 -0.9063474 0.4225335 0 -0.9063462 0.4225362 0 -0.9659004 0.2589144 0 -0.9658986 0.2589206 0 -0.996198 0.08711796 0 -0.9961974 0.08712458 0 -0.9961965 -0.08713626 -8.61052e-7 -0.9961962 -0.08713966 0 0.9659429 -0.2587555 -2.60885e-6 0.9659368 -0.2587782 -8.60953e-7 0.9961967 -0.08713299 0 0.9961958 -0.087143 0 0.9961977 0.0871213 0 0.9659354 0.2587835 0 0.9659337 0.2587897 0 0.8191887 0.5735241 0 0.7071118 0.7071018 0 0.7071152 0.7070985 0 0.5735206 0.8191912 0 0.5735174 0.8191934 0 0.422648 0.9062939 5.84277e-6 0.4227066 0.9062666 -1.12698e-5 -0.2589084 -0.9659019 0 -0.2590388 -0.9658669 0 -0.08712351 -0.9961975 0 -0.08712375 -0.9961975 0 0.08713567 -0.9961965 0 0.2589142 -0.9659004 0 0.4226515 -0.9062923 0 0.422649 -0.9062935 0 0.5735241 -0.8191887 0 0.7070993 -0.7071143 0 0.8191292 -0.5736092 -0.003076553 0.8388613 -0.5443366 0.003008425 0.9063407 -0.422537 -2.60885e-6 -0.9659368 -0.2587782 0 -0.9659429 -0.2587555 0 -0.819195 -0.5735151 0 -0.7071043 -0.7071093 0 -0.7071077 -0.7071059 0 -0.5735162 -0.8191942 0 -0.5735131 -0.8191965 -1.08534e-5 -0.4225361 -0.9063461 8.42618e-6 -0.2587839 0.9659353 5.84385e-6 -0.422648 0.9062939 0 -0.4227066 0.9062666 0 -0.5735174 0.8191934 0 -0.5735206 0.8191912 0 -0.7071152 0.7070985 0 -0.7071118 0.7071018 0 -0.8191887 0.5735241 0 -0.9659337 0.2587897 0 -0.9659354 0.2587835 0 -0.9961977 0.0871213 0 -0.9961967 -0.08713299 -8.61052e-7 -0.9961958 -0.087143 -0.003064274 0.9562076 -0.2926734 -2.60875e-6 0.9659001 -0.2589153 -8.60953e-7 0.996197 -0.08712965 0 0.9961956 -0.08714628 0 0.9961974 0.08712458 0 0.996198 0.08711796 0 0.9658986 0.2589206 0 0.9659004 0.2589144 0 0.8191213 0.5736205 0 0.8191228 0.5736182 0 0.7071068 0.7071068 0 0.5735284 0.8191858 0 0.4226455 0.9062951 0 0.08712929 0.996197 -0.003061175 0.05208742 0.9986379 0.003021657 -0.08711671 0.9961936 -0.003059804 -0.2246131 0.9744432 0 0.9961967 -0.08713287 0 0.9961962 -0.08713954 0 0.9659365 -0.2587792 0 0.9659348 -0.2587854 0 0.9063194 -0.4225935 0 0.9063168 -0.422599 0 0.819078 -0.5736821 0 0.8190813 -0.5736777 0 0.7071719 -0.7070417 0 0.7071686 -0.707045 0 0.5736234 -0.8191192 0 0.5736203 -0.8191214 0 0.2587856 -0.9659349 0 0.08711898 -0.9961979 0 -0.0871312 -0.9961969 0 -0.0871306 -0.996197 0 -0.5736109 -0.819128 0 -0.7071085 -0.7071052 0 -0.7071185 -0.7070951 0 -0.8191315 -0.573606 0 -0.8191345 -0.5736014 0 -0.906327 -0.422577 0 -0.9658948 -0.258935 0 -0.9658965 -0.2589288 0 -0.9961985 -0.08711302 0 -0.9961991 -0.0871064 0 -0.9961991 0.0871064 0 -0.9961985 0.08711302 0 -0.9658965 0.2589288 0 -0.9658948 0.258935 0 -0.906327 0.422577 0 -0.8191345 0.5736014 6.86288e-6 -0.8190862 0.5736706 8.50452e-6 -0.7071185 0.7070951 0 -0.7071773 0.7070364 0 -0.5736109 0.819128 0 -0.0871306 0.996197 0 -0.0871312 0.9961969 0 0.08711898 0.9961979 0 0.2587856 0.9659349 0 0.5736203 0.8191214 0 0.5736234 0.8191192 0 0.7071686 0.707045 0 0.7071719 0.7070417 0 0.8190813 0.5736777 0 0.819078 0.5736821 0 0.9063168 0.422599 0 0.9063194 0.4225935 0 0.9659348 0.2587854 0 0.9659365 0.2587792 0 0.9961962 0.08713954 0 0.9961967 0.08713287 0.7152968 0.6462664 0.2658767 0.7067036 0.5647024 0.4262408 0.716603 0.5518633 0.4265293 0.7064176 0.6517736 0.2759809 0.7069748 0.6280949 0.3250902 0.7067381 0.6282441 0.3253164 0.7067322 0.5957827 0.38154 0.7069045 0.5956897 0.3813659 0.706401 0.2760612 0.6517576 0.7165479 0.2644926 0.6454478 0.7154521 0.4264921 0.553383 0.7067768 0.4262383 0.5646127 0.7070309 0.381376 0.5955331 0.7067582 0.3813967 0.5958435 0.7067516 0.3252123 0.6282827 0.7068596 0.3252128 0.6281609 0.7064054 -0.086829 0.7024616 0.7165242 -0.0936681 0.6912449 0.7153106 0.09290224 0.6926038 0.7063897 0.08687847 0.7024711 0.7069534 0.03250402 0.7065129 0.7067132 0.03238099 0.7067587 0.7067082 -0.03251528 0.7067576 0.7068646 -0.03242218 0.7066055 0.7066538 -0.4262776 0.5647369 0.7165881 -0.4265647 0.5518552 0.7153646 -0.2658181 0.6462154 0.7064039 -0.2760184 0.6517725 0.7069562 -0.3251182 0.6281012 0.7067571 -0.3253079 0.628227 0.7067573 -0.3815045 0.5957757 0.7068672 -0.3813933 0.5957164 0.7064306 -0.6517447 0.2760157 0.7165551 -0.6454467 0.2644758 0.7155183 -0.5532866 0.4265064 0.7067119 -0.5646845 0.4262508 0.7069342 -0.5956159 0.3814262 0.7067355 -0.5958418 0.3814414 0.7067357 -0.6283068 0.3252004 0.7068948 -0.6281244 0.3252069 0.7064356 -0.7024325 -0.08681827 0.7165259 -0.6912465 -0.09364318 0.7153128 -0.6926051 0.09287619 0.7064481 -0.702412 0.08688271 0.7070059 -0.7064605 0.03250199 0.7067552 -0.7067172 0.03237223 0.706752 -0.706714 -0.03251242 0.7069022 -0.7065678 -0.03242284 0.7166007 -0.5518628 -0.4265338 0.7153201 -0.646251 -0.2658513 0.7066689 -0.5647406 -0.4262478 0.7064339 -0.6517636 -0.2759627 0.7069949 -0.628077 -0.325081 0.7067378 -0.6282394 -0.325326 0.706732 -0.595787 -0.3815333 0.7068558 -0.5957193 -0.3814096 0.706401 -0.2760612 -0.6517576 0.7165769 -0.2644592 -0.6454293 0.7154434 -0.4265126 -0.5533785 0.7067334 -0.4262593 -0.5646513 0.7069661 -0.3813942 -0.5955985 0.7067573 -0.3814106 -0.5958357 0.7067516 -0.3252123 -0.6282827 0.7068596 -0.3252128 -0.6281609 0.7064054 0.086829 -0.7024616 0.7165242 0.0936681 -0.6912449 0.7153106 -0.09290224 -0.6926038 0.7063897 -0.08687847 -0.7024711 0.7069534 -0.03250402 -0.7065129 0.7067132 -0.03238099 -0.7067587 0.7067082 0.03251528 -0.7067576 0.7068646 0.03242218 -0.7066055 0.7165881 0.4265647 -0.5518552 0.7153883 0.2657907 -0.6462004 0.7066606 0.426277 -0.5647289 0.7064039 0.2760184 -0.6517725 0.7069562 0.3251182 -0.6281012 0.7067571 0.3253079 -0.628227 0.7067573 0.3815045 -0.5957757 0.7068589 0.3814017 -0.5957208 0.7064305 0.6517449 -0.2760156 0.7165226 0.6454672 -0.2645137 0.7155183 0.5532866 -0.4265064 0.7067566 0.5646294 -0.4262498 0.7069982 0.5955613 -0.3813926 0.7067368 0.5958601 -0.3814107 0.7067357 0.6283068 -0.3252004 0.7068948 0.6281244 -0.3252069 0.7064356 0.7024325 0.08681827 0.7165252 0.6912472 0.09364312 0.7153128 0.6926051 -0.09287619 0.7064481 0.702412 -0.08688271 0.7070059 0.7064605 -0.03250199 0.7067552 0.7067172 -0.03237223 0.706752 0.706714 0.03251242 0.7069022 0.7065678 0.03242284 0.7059565 -0.6876724 0.1695056 0.705913 -0.6877208 0.16949 0.7059136 -0.6516233 0.2776205 0.7059311 -0.6516023 0.2776253 0.7059525 -0.5986108 0.378545 0.7059617 -0.5986002 0.3785445 0.7059658 -0.5301315 0.4696521 0.7059845 -0.5301098 0.4696483 0.7059983 -0.4478796 0.5486077 0.705891 -0.4479972 0.5486497 0.7058888 -0.3541973 0.6134048 0.7059841 -0.3541005 0.6133509 0.7059794 -0.2511461 0.6622074 0.7059912 -0.251135 0.6621991 0.7059825 -0.1416428 0.6939209 0.705969 -0.1416536 0.6939324 0.7059779 -0.02853071 0.707659 0.7059606 -0.02854144 0.7076758 0.7059673 0.08536624 0.703081 0.7059876 0.08537435 0.7030595 0.7059782 0.1970532 0.6802683 0.7059688 0.1970494 0.6802791 0.7059633 0.3036302 0.639863 0.7059367 0.3036291 0.6398929 0.7059473 0.4023249 0.5829005 0.7059828 0.4023234 0.5828587 0.705977 0.4906158 0.5107765 0.7059368 0.4906262 0.5108221 0.7059513 0.5662248 0.4254673 0.7059627 0.5662196 0.4254552 0.7059493 0.6271255 0.3291646 0.7059786 0.627108 0.3291348 0.7059802 0.6717887 0.224259 0.7059484 0.6718124 0.2242879 0.7059524 0.6990866 0.1136193 0.7059304 0.6991059 0.1136369 0.7059309 0.7082808 0 0.7059309 0.6991076 -0.1136233 0.7059522 0.6990845 -0.1136322 0.7059485 0.6718183 -0.2242696 0.705981 0.6717817 -0.2242772 0.705978 0.6271005 -0.3291506 0.705949 0.6271335 -0.3291499 0.7059631 0.5662152 -0.4254603 0.7059726 0.5662035 -0.4254602 0.7059655 0.490624 -0.5107846 0.7060096 0.4905738 -0.5107718 0.7060099 0.4023061 -0.5828377 0.7059789 0.4023388 -0.5828528 0.7059769 0.3036043 -0.6398603 0.7059609 0.3036195 -0.6398706 0.7059666 0.1970564 -0.6802793 0.7059814 0.1970446 -0.6802673 0.705988 0.08536374 -0.7030605 0.7059667 0.08537846 -0.7030802 0.705959 -0.02853143 -0.7076779 0.7059771 -0.02853983 -0.7076595 0.7059662 -0.1416554 -0.6939348 0.7059832 -0.1416426 -0.6939202 0.7059911 -0.2511351 -0.6621991 0.7059791 -0.2511462 -0.6622078 0.7059825 -0.3541319 -0.6133346 0.7059233 -0.3541303 -0.6134037 0.7059231 -0.4479773 -0.5486246 0.705999 -0.4478941 -0.5485949 0.7059848 -0.5301098 -0.4696478 0.705966 -0.5301313 -0.4696519 0.7059605 -0.5986145 -0.3785242 0.7059189 -0.5986359 -0.3785678 0.7059199 -0.6516131 -0.2776283 0.7059129 -0.6516209 -0.2776279 0.705913 -0.6877209 -0.16949 0.7059565 -0.6876724 -0.1695056 0.7059541 -0.7059613 -0.05698609 0.7059253 -0.7059886 -0.05700558 0.705926 -0.7059893 0.05698823 0.7059549 -0.7059592 0.05700331 0 0.08715516 -0.9961948 0 0.2587726 -0.9659383 0 0.2587738 -0.965938 0 0.5736243 -0.8191186 0 0.5736219 -0.8191203 0 0.7071147 -0.7070989 0 0.7071199 -0.7070938 0 0.9062793 -0.4226796 0 0.9659464 -0.2587424 0 0.9659452 -0.2587471 0 0.9961941 -0.08716255 0 0.9961951 0.08715158 0 0.9659367 0.2587785 0 0.9063014 0.422632 0 0.707047 0.7071666 0 0.7070419 0.7071717 0 0.5736206 0.8191211 0 0.5736229 0.8191195 0 0.2588933 0.965906 0 0.2588921 0.9659063 0 0.08715701 0.9961946 0 -0.08715748 0.9961946 0 -0.2588908 0.9659067 0 -0.2588921 0.9659063 0 -0.5735731 0.8191545 0 -0.5735754 0.8191528 0 -0.7070951 0.7071185 0 -0.7070975 0.7071161 0 -0.9062996 0.4226361 0 -0.9659064 0.2588919 0 -0.9659149 -0.2588604 0 -0.9659161 -0.2588556 0 -0.9062773 -0.4226838 0 -0.7071704 -0.7070432 0 -0.7071679 -0.7070457 0 -0.5735768 -0.8191519 0 -0.5735744 -0.8191536 0 -0.2587726 -0.9659383 0 -0.2587713 -0.9659387 0 -0.08715552 -0.9961947 1 6.98431e-6 0 1 6.982e-6 0 1 -3.49172e-6 0 1 3.49185e-6 0 1 -9.52267e-7 0 1 -3.4911e-6 0 1 9.52132e-7 0 1 1.74603e-6 0 1 -9.52343e-7 0 1 1.74601e-6 0 1 -2.1825e-6 0 1 2.18255e-6 0 1 -3.80907e-6 0 1 1.74611e-6 0 1 -1.74581e-6 0 1 3.49152e-6 0 1 -3.49189e-6 0 1 3.49203e-6 0 1 7.6189e-6 0 1 -6.98396e-6 0 1 -7.61716e-6 0 1 3.80825e-6 0 1 -1.90454e-6 0 1 3.49199e-6 0 1 -3.57167e-7 0 1 -1.74568e-6 0 1 1.90452e-6 0 1 1.74596e-6 0 1 -3.80926e-6 0 1 3.80902e-6 0 1 1.74607e-6 0 1 -3.49167e-6 0 1 -3.49162e-6 0 1 7.61722e-6 0 1 -6.98234e-6 0 1 -6.98442e-6 0 0.002398133 0.9923536 -0.1234045 -9.26312e-5 0.9936394 -0.1126096 0.003092944 0.9989691 -0.04529058 0.001961171 0.9991431 -0.04134333 0.001448214 0.9989676 0.0454064 0.003773868 0.9992491 0.03856295 -8.34939e-4 0.9923696 0.123296 0.003973007 0.9942861 0.1066739 1 -3.49199e-6 0 1 3.57127e-7 0 1 1.7456e-6 0 1 -1.90433e-6 0 1 -1.74601e-6 0 1 3.80976e-6 0 1 -3.80826e-6 0 1 -1.74609e-6 0 1 3.49175e-6 0 1 3.49158e-6 0 1 -7.61895e-6 0 1 6.98391e-6 0 1 6.98264e-6 0 1 -6.98282e-6 0 1 -6.98328e-6 0 1 3.49172e-6 0 1 -3.4919e-6 0 1 9.52274e-7 0 1 3.4911e-6 0 1 -9.52236e-7 0 1 -1.74621e-6 0 1 9.52281e-7 0 1 -1.74608e-6 0 1 2.18245e-6 0 1 -2.18265e-6 0 1 3.80982e-6 0 1 -1.74582e-6 0 1 1.74578e-6 0 1 -3.49143e-6 0 1 3.49194e-6 0 1 -3.49135e-6 0 1 -7.61717e-6 0 1 6.98239e-6 0 1 7.61895e-6 0 1 -3.80905e-6 0 0.002388954 0.7977094 -0.6030373 -9.44817e-5 0.8041993 -0.5943598 0.003090739 0.8424836 -0.5387131 0.001957356 0.8446096 -0.5353791 0.001444578 0.8878363 -0.4601572 0.003765881 0.884664 -0.4662141 -8.43026e-4 0.921073 -0.3893892 0.003976643 0.9144077 -0.4047752 1 -7.61842e-6 0 1 6.98449e-6 0 1 3.49123e-6 0 1 -2.85632e-6 0 1 -3.57045e-7 0 1 -1.74559e-6 0 1 9.5212e-7 0 1 1.7461e-6 0 1 4.36501e-7 0 1 1.3096e-6 0 1 -1.74583e-6 0 1 1.74547e-6 0 1 -3.49164e-6 0 1 -7.61748e-6 0 1 3.80842e-6 0 1 -3.80889e-6 0 1 9.52374e-7 0 1 0 0 1 -1.74598e-6 0 1 9.52453e-7 0 1 -1.74586e-6 0 1 -1.30949e-6 0 1 1.30933e-6 0 1 3.80912e-6 0 1 -1.74585e-6 0 1 -1.74604e-6 0 1 -3.49089e-6 0 0.003974676 0.5895018 -0.8077573 -8.58936e-4 0.6030103 -0.797733 0.003756523 0.5330345 -0.8460852 0.001437127 0.538807 -0.842428 0.001951456 0.4637654 -0.8859559 0.003088712 0.4602429 -0.8877877 -9.75209e-5 0.3993023 -0.9168193 0.002379059 0.389366 -0.9210801 1 -9.5225e-7 0 1 -3.57067e-7 0 1 -1.74605e-6 0 1 1.90467e-6 0 1 1.30917e-6 0 1 -1.30925e-6 0 1 -1.74581e-6 0 1 -7.6187e-6 0 1 3.49191e-6 0 1 -7.61922e-6 0 1 -6.98456e-6 0 1 3.80865e-6 0 1 9.5225e-7 0 1 0 0 1 -9.52381e-7 0 1 -8.72795e-7 0 1 8.7282e-7 0 1 1.74615e-6 0 1 -1.74569e-6 0 1 3.49128e-6 0 1 7.61731e-6 0 1 6.98281e-6 0 0.003971636 0.1066523 -0.9942885 -8.43733e-4 0.1233024 -0.9923689 0.003763318 0.03855919 -0.9992493 0.001438021 0.04540377 -0.9989677 0.001950204 -0.04133945 -0.9991434 0.003083884 -0.04529249 -0.998969 -9.7973e-5 -0.1126189 -0.9936383 0.00238794 -0.1233871 -0.9923558 1 -9.52265e-7 0 1 -3.57056e-7 0 1 -1.74608e-6 0 1 1.90479e-6 0 1 -1.30923e-6 0 1 -1.7461e-6 0 1 3.81005e-6 0 1 -1.74549e-6 0 1 -7.61731e-6 0 1 -6.983e-6 0 1 3.80952e-6 0 1 9.52265e-7 0 1 -9.52337e-7 0 1 8.72832e-7 0 1 1.74586e-6 0 1 3.49125e-6 0 1 7.61916e-6 0 1 6.9844e-6 0 0.003971159 -0.4047936 -0.9143996 -8.38605e-4 -0.3894355 -0.9210534 0.003772318 -0.4662166 -0.8846626 0.001444101 -0.4601444 -0.887843 0.001958191 -0.535414 -0.8445875 0.003077626 -0.5387088 -0.8424865 -1.11021e-4 -0.5943221 -0.8042272 0.002388834 -0.6030606 -0.7976918 1 3.49106e-6 0 1 -2.85658e-6 0 1 -3.57039e-7 0 1 -1.74557e-6 0 1 9.52163e-7 0 1 1.74632e-6 0 1 4.36489e-7 0 1 1.30963e-6 0 1 1.74566e-6 0 1 -3.49189e-6 0 1 -7.61928e-6 0 1 3.80923e-6 0 1 -3.80813e-6 0 1 9.52279e-7 0 1 -1.74599e-6 0 1 9.52395e-7 0 1 -1.74565e-6 0 1 -1.30951e-6 0 1 1.3093e-6 0 1 3.80906e-6 0 1 -1.74618e-6 0 1 3.80949e-6 0 1 -1.74587e-6 0 1 -3.49177e-6 0 1 6.98295e-6 0 0.002393305 -0.9211081 -0.3892998 -9.61069e-5 -0.916828 -0.3992824 0.003089129 -0.8877801 -0.4602575 0.001956284 -0.8859562 -0.4637649 0.001442492 -0.8424232 -0.5388147 0.003769338 -0.8460889 -0.5330286 -8.43119e-4 -0.7977632 -0.6029703 0.003966093 -0.8077351 -0.5895324 1 7.61716e-6 0 1 -3.80825e-6 0 1 1.90454e-6 0 1 3.57167e-7 0 1 1.74568e-6 0 1 -1.90452e-6 0 1 -1.74596e-6 0 1 3.80926e-6 0 1 -3.80902e-6 0 1 -1.74607e-6 0 1 3.49167e-6 0 1 3.49162e-6 0 1 -7.61722e-6 0 1 6.98234e-6 0 1 6.98442e-6 0 1 -6.98431e-6 0 1 -6.982e-6 0 1 -3.49185e-6 0 1 9.52267e-7 0 1 -9.52132e-7 0 1 -1.74603e-6 0 1 9.52343e-7 0 1 -1.74601e-6 0 1 2.1825e-6 0 1 -2.18255e-6 0 1 3.80907e-6 0 1 -1.74611e-6 0 1 1.74581e-6 0 1 -3.49152e-6 0 1 3.49189e-6 0 1 -3.49203e-6 0 1 -7.6189e-6 0 1 6.98396e-6 0 0.003973007 -0.9942861 -0.1066743 -8.34939e-4 -0.9923697 -0.1232962 0.003773868 -0.9992491 -0.03856307 0.001448214 -0.9989676 -0.04540675 0.001961171 -0.9991432 0.04134291 0.003092944 -0.9989691 0.04529041 -9.26312e-5 -0.9936394 0.1126099 0.002398133 -0.9923537 0.1234036 1 3.4919e-6 0 1 -9.52274e-7 0 1 9.52236e-7 0 1 1.74621e-6 0 1 -9.52281e-7 0 1 1.74608e-6 0 1 -2.18245e-6 0 1 2.18265e-6 0 1 -3.80982e-6 0 1 1.74582e-6 0 1 -1.74578e-6 0 1 3.49143e-6 0 1 -3.49194e-6 0 1 3.49135e-6 0 1 7.61717e-6 0 1 -6.98239e-6 0 1 -7.61895e-6 0 1 3.80905e-6 0 1 -3.57127e-7 0 1 -1.7456e-6 0 1 1.90433e-6 0 1 1.74601e-6 0 1 -3.80976e-6 0 1 3.80826e-6 0 1 1.74609e-6 0 1 -3.49175e-6 0 1 -3.49158e-6 0 1 7.61895e-6 0 1 -6.98391e-6 0 1 -6.98264e-6 0 1 6.98282e-6 0 1 6.98328e-6 0 0.003976643 -0.9144079 0.4047746 -8.42896e-4 -0.9210734 0.389388 0.003765881 -0.8846637 0.4662146 0.001444578 -0.887836 0.4601576 0.001957535 -0.8445917 0.5354074 0.003087937 -0.8424713 0.5387325 -9.86209e-5 -0.8042181 0.5943344 0.002388954 -0.7977151 0.6030298 1 3.80889e-6 0 1 -9.52374e-7 0 1 0 0 1 1.74598e-6 0 1 -9.52453e-7 0 1 1.30949e-6 0 1 -1.30933e-6 0 1 -3.80912e-6 0 1 1.74585e-6 0 1 1.74604e-6 0 1 3.49089e-6 0 1 7.61842e-6 0 1 -6.98449e-6 0 1 -3.49123e-6 0 1 2.85632e-6 0 1 3.57045e-7 0 1 1.74559e-6 0 1 -9.5212e-7 0 1 -4.36501e-7 0 1 -1.3096e-6 0 1 1.74583e-6 0 1 -1.74547e-6 0 1 3.49164e-6 0 1 7.61748e-6 0 1 -3.80842e-6 0 0.003974676 -0.5895018 0.8077573 -8.45734e-4 -0.6029745 0.7977601 0.003763258 -0.5330357 0.8460844 0.001436948 -0.5388231 0.8424178 0.001951456 -0.4637654 0.8859559 0.003088712 -0.4602429 0.8877877 -9.75209e-5 -0.3993023 0.9168193 0.002379059 -0.389366 0.9210801 1 7.61922e-6 0 1 6.98456e-6 0 1 -3.80865e-6 0 1 0 0 1 9.52381e-7 0 1 8.72795e-7 0 1 -8.7282e-7 0 1 -1.74615e-6 0 1 1.74569e-6 0 1 -3.49128e-6 0 1 -6.98281e-6 0 1 3.57067e-7 0 1 1.74605e-6 0 1 -1.90467e-6 0 1 -1.30917e-6 0 1 1.30925e-6 0 1 1.74581e-6 0 1 7.6187e-6 0 1 -3.49191e-6 0 0.003971636 -0.1066523 0.9942885 -8.43733e-4 -0.1233024 0.9923689 0.003763318 -0.03855919 0.9992493 0.001438021 -0.04540377 0.9989677 0.001950204 0.04133945 0.9991434 0.003083884 0.04529249 0.998969 -9.7973e-5 0.1126189 0.9936383 0.00238794 0.1233871 0.9923558 1 9.52337e-7 0 1 -8.72832e-7 0 1 -3.49125e-6 0 1 -7.61916e-6 0 1 -6.9844e-6 0 1 3.57056e-7 0 1 1.74608e-6 0 1 -1.90479e-6 0 1 1.30923e-6 0 1 -3.81005e-6 0 1 1.74549e-6 0 1 6.983e-6 0 1 -3.80952e-6 0 0.002389729 0.6030391 0.7977082 -1.0536e-4 0.5943213 0.8042278 0.003079295 0.5387133 0.8424835 0.001958191 0.5354142 0.8445873 0.001444101 0.4601443 0.887843 0.003772318 0.4662167 0.8846626 -8.38084e-4 0.3894354 0.9210535 0.003971159 0.4047936 0.9143995 0.001445531 0.8025246 0.5966173 -8.28503e-4 0.7977687 0.602963 0.003704547 0.8459881 0.5331891 0.00144267 0.8424245 0.5388125 0.001956284 0.885956 0.4637654 0.003093302 0.8877872 0.4602438 -9.16443e-5 0.9168283 0.399282 0.002393305 0.9211012 0.3893161 0.9991807 -0.02948802 0.02771812 0.9991808 0.0294879 -0.027718 0.9999979 0.001949906 -5.89237e-4 0.9999725 -0.006048977 -0.004317343 0.9999994 -4.0486e-4 0.00103265 1 1.87889e-4 1.31545e-4 0.9999909 0.002282917 -0.003611326 0.9999918 -0.002645373 -0.003068685 0.9999999 4.0661e-4 -4.06696e-4 0.9999997 7.98352e-4 8.35739e-5 0.9999989 -0.001403391 5.04772e-4 0.9999995 -6.18535e-4 -8.83235e-4 0.9999722 0.003821253 -0.006408631 0.9999986 -2.27073e-4 -0.001672148 0.9999797 -0.004976212 0.003973722 0.9999603 0.007263243 -0.005183994 0.9999969 -0.002384901 -7.21348e-4 0.9999997 8.327e-5 -7.95164e-4 0.9999999 -4.05025e-4 -4.05021e-4 0.9999918 -0.003056406 0.002634763 0.9999724 -0.006388783 -0.003809273 0.9999995 -8.80554e-4 6.16608e-4 0.9999989 5.03233e-4 0.001399099 0.9999697 -0.006283283 0.004620015 1 1.77215e-4 3.80004e-4 0.9999976 0.001986384 -9.98393e-4 0.9999979 -0.001949906 5.89237e-4 0.9999725 0.006048977 0.004317343 0.9999976 -9.99224e-4 -0.001988053 1 3.80325e-4 -1.77362e-4 0.9999696 0.004624009 0.006288886 0.9999986 2.27041e-4 0.001672148 0.9999797 0.004976212 -0.003973722 0.9999603 -0.007263243 0.005183994 0.999997 0.002384841 7.21358e-4 0.9999994 -0.001030564 -4.04052e-4 1 -1.31274e-4 1.87504e-4 0.999991 0.003603339 0.00227791 0.9997149 0.01485037 0.01870197 0.9999955 -0.001172602 -0.002788424 0.9997304 -0.006689846 -0.02224034 0.9997691 -0.0205813 -0.006191492 0.9997292 -0.02228784 0.006704807 0.9999989 0.001403391 -5.04772e-4 0.9999995 6.18535e-4 8.83235e-4 0.9999722 -0.003821253 0.006408631 0.9999918 0.002645373 0.003068685 0.9999999 -4.0661e-4 4.06696e-4 0.9999997 -7.98352e-4 -8.35739e-5 0.9999997 -8.327e-5 7.95164e-4 0.9999999 4.05025e-4 4.05021e-4 0.9999918 0.003056406 -0.002634763 0.9999724 0.006388783 0.003809273 0.9999995 8.80554e-4 -6.16608e-4 0.9999989 -5.03233e-4 -0.001399099 1 7.61928e-6 0 1 -3.80923e-6 0 1 3.80813e-6 0 1 -9.52279e-7 0 1 1.74599e-6 0 1 -9.52395e-7 0 1 1.74565e-6 0 1 1.30951e-6 0 1 -1.3093e-6 0 1 -3.80906e-6 0 1 1.74618e-6 0 1 -3.80949e-6 0 1 1.74587e-6 0 1 3.49177e-6 0 1 -6.98295e-6 0 1 -3.49106e-6 0 1 2.85658e-6 0 1 3.57039e-7 0 1 1.74557e-6 0 1 -9.52163e-7 0 1 -1.74632e-6 0 1 -4.36489e-7 0 1 -1.30963e-6 0 1 -1.74566e-6 0 1 3.49189e-6 0 0.242029 0.7796769 0.5775173 0.2692688 0.7699612 0.578493 0.4575645 0.7182132 0.5242181 0.52723 0.6768331 0.5137369 0.6921151 0.5853691 0.4222794 0.7083849 0.5683946 0.4184718 0.8870419 0.373744 0.2710576 0.8880934 0.3715532 0.270626 0.9696946 0.221157 0.1038365 0.8900858 0.4171509 0.1836641 0.8903352 0.4167843 0.1832873 0.7628846 0.5881658 0.268455 0.7142898 0.6433952 0.2753775 0.539386 0.7746812 0.3300485 0.6018794 0.728962 0.3261224 0.2730262 0.886516 0.3735587 0.3409075 0.8587428 0.3825479 0.8877823 0.3904057 0.2437747 0.8907908 0.384328 0.2424541 0.6929214 0.6093691 0.3853948 0.7112046 0.5896228 0.3827964 0.5315266 0.7213196 0.444047 0.4384889 0.7554593 0.4868355 0.2407436 0.8241808 0.5126097 0.2587366 0.8176319 0.5143283 0.895985 0.3909334 0.2106705 0.8863905 0.4102023 0.2145836 0.7184221 0.6145619 0.3258582 0.6917137 0.6421709 0.3303766 0.5403988 0.7405294 0.3994815 0.4370675 0.8001167 0.4108351 0.2713176 0.848397 0.4545432 0.2337399 0.8608939 0.4519153 -1.34236e-4 0.5736265 0.819117 0.009077429 0.803285 -0.5955259 5.84907e-4 0.8443881 -0.5357317 0.001868546 0.9659419 -0.2587522 -0.001642644 0.9063065 -0.422618 -1.65966e-4 0.9138029 -0.4061582 -4.64866e-5 0.8733253 -0.4871375 -9.23432e-4 0.7430302 -0.6692573 0.00118184 0.8191348 -0.5735999 0.004815459 0.5731 -0.8194714 -0.004521906 0.7071086 -0.7070906 0.0159868 0.6743512 -0.7382377 0.004602968 0.5735411 -0.8191639 -0.001433968 0.4226545 -0.9062898 0 0.4254184 -0.9049968 0 0.2588357 -0.9659215 0 0.2588324 -0.9659223 0 0.08708256 -0.9962011 0 0.08708298 -0.9962011 0 -0.08708101 -0.9962013 0 -0.08708107 -0.9962013 0 -0.2588634 -0.965914 -6.13332e-5 -0.25895 -0.9658908 -3.8622e-5 -0.4226577 -0.9062895 -0.007701039 -0.4315948 -0.9020348 -0.009344398 -0.57352 -0.8191384 0.02280795 -0.5955795 -0.8029726 -0.01098489 -0.8190845 -0.5735678 0.02809017 -0.8346657 -0.5500403 -0.01032042 -0.7070637 -0.7070747 0.02552205 -0.7261927 -0.6870175 0.04770648 -0.9648115 -0.2585789 -0.03592407 -0.9057269 -0.4223366 0.03269028 -0.9221168 -0.3855281 0.0258395 -0.9958704 -0.08703267 -0.03311854 -0.9876952 -0.1528444 0.02433633 -0.9959082 0.08703303 -0.0126723 -0.9990084 0.04268318 0.02215796 -0.9656826 0.2587785 -0.01181006 -0.976474 0.2153118 -0.004988253 -0.8191637 0.5735383 0.01881825 -0.9061346 0.4225707 -0.01184827 -0.9225825 0.385618 0 -0.08719539 0.9961913 0 -0.2588605 0.9659148 0 -0.2588625 0.9659143 0 -0.4225609 0.9063346 0 -0.422565 0.9063327 0 -0.573624 0.8191188 0 -0.5736259 0.8191174 0 -0.7070511 0.7071624 -2.18552e-6 -0.707039 0.7071745 -6.86136e-5 -0.8219037 0.5696266 0.007822751 0.0871942 0.9961606 0 0.06300336 0.9980133 0 -0.08719503 0.9961913 0.001573801 0.2795789 0.9601215 0.006992101 0.2588257 0.9658988 -0.00104475 0.1929502 0.981208 -3.52809e-5 0.511572 0.8592405 9.34887e-4 0.4583473 0.8887727 0.009827315 0.3938688 0.9191142 -6.27734e-4 0.422556 0.9063367 0.00177896 0.7070557 0.7071557 -0.001452565 0.5897016 0.8076199 0 0.9766094 -0.2150211 0 0.9961913 -0.08719456 -5.88196e-7 0.9961911 -0.08719784 6.01052e-7 0.9961902 0.08720779 0 0.9961905 0.08720457 0 0.9659509 0.2587258 0 0.9659525 0.2587197 0 0.9062873 0.4226622 0 0.819173 0.5735466 0 0.7372701 0.6755982 0.9697125 0.243447 -0.01978111 0.8901078 0.4530536 -0.04950273 0.8919857 0.4492229 -0.05059999 0.7627842 0.6437113 -0.06161373 0.7142326 0.6949451 -0.08320552 0.5393428 0.8359497 -0.101477 0.6017999 0.794422 -0.08203983 0.2729636 0.9545415 -0.1197553 0.34096 0.934951 -0.09804695 0.3659205 0.9258449 0.09441137 0.2704057 0.9551741 0.1205128 0.6198251 0.7809043 0.07749587 0.5332013 0.8396672 0.103226 0.804183 0.5922282 0.05055499 0.7148356 0.6940625 0.08536648 0.9049241 0.4209912 0.06228035 0.8879959 0.4572339 0.04899644 0.8885611 0.4584381 0.01713806 0.8902662 0.4550799 0.01811999 0.6928951 0.7204539 0.02902668 0.7122874 0.7009236 0.03678101 0.5339094 0.8451992 0.02406334 0.4384772 0.8976488 0.04432511 0.2405989 0.9701247 0.03115302 0.2622702 0.9642825 0.03706234 0.8957071 0.4444372 -0.01357865 0.8871843 0.4610144 -0.01923054 0.7183767 0.6952019 -0.02508628 0.691689 0.7213484 -0.03497028 0.5403393 0.8410963 -0.02430123 0.4370595 0.8983435 -0.04425042 0.27127 0.9620189 -0.03053587 0.2336669 0.9715317 -0.039065 -1.35866e-4 0.9063082 0.4226175 0.00902903 0.3981924 -0.9172575 6.10721e-4 0.4630873 -0.8863125 0.001872956 0.7070546 -0.7071565 -0.001634061 0.5736234 -0.8191176 -1.5988e-4 0.5883269 -0.8086231 -4.13844e-5 0.5137773 -0.8579236 -8.66432e-4 0.3089873 -0.9510658 0.001233279 0.4225584 -0.9063349 0.004916906 0.08647304 -0.9962421 -0.00442779 0.2588277 -0.9659134 0.01604467 0.2149686 -0.9764893 0.004626333 0.08719605 -0.9961804 -0.001368999 -0.08719533 -0.9961903 0 -0.0842877 -0.9964416 0 -0.2588607 -0.9659147 0 -0.2588625 -0.9659143 0 -0.4225616 -0.9063342 0 -0.422565 -0.9063327 0 -0.5736254 -0.8191179 0 -0.5736259 -0.8191174 0 -0.7069876 -0.707226 6.11511e-5 -0.7070437 -0.7071699 5.02062e-5 -0.8191741 -0.5735449 -0.007652044 -0.8248157 -0.56535 -0.01022821 -0.9658679 -0.2588333 0.02555966 -0.9723926 -0.231947 -0.009252309 -0.9062567 -0.4226264 0.0227729 -0.9172337 -0.3976982 -0.0506981 -0.9949215 0.08695513 0.04376631 -0.9890431 0.1409911 -0.01464527 -0.9960954 -0.08706051 0.02852201 -0.9979587 -0.05714136 0.02583211 -0.9060109 0.4224656 -0.03502231 -0.9325284 0.3593944 0.03965467 -0.9651506 0.2586733 0.02423179 -0.8188945 0.5734325 -0.01271849 -0.8437283 0.5366197 0.02214854 -0.7069342 0.7069326 -0.01184874 -0.7380552 0.6746363 0.0189529 -0.5734422 0.8190268 -0.01161068 -0.6070523 0.7945772 0 0.4226521 0.906292 0 0.2588344 0.9659217 0 0.2588341 0.9659218 0 0.08708262 0.9962011 0 0.0870831 0.9962011 0 -0.08708047 0.9962013 0 -0.08708184 0.9962012 0 -0.2589662 0.9658865 -8.19161e-5 -0.2588626 0.9659142 -1.54543e-5 -0.4226568 0.9062898 -0.007698655 -0.4316253 0.9020202 0.007778823 0.5735278 0.8191492 0 0.5536086 0.8327771 0 0.4226505 0.9062927 0.00151664 0.7222073 0.6916751 0.006947815 0.7070967 0.7070828 -0.001098453 0.6576317 0.7533388 -3.52208e-5 0.8718183 0.4898295 9.01617e-4 0.8414871 0.5402764 0.009858846 0.8005274 0.5992151 -6.75926e-4 0.8191389 0.5735949 0.00177747 0.9659425 0.2587508 -0.001457989 0.9145035 0.4045753 0 0.7382276 -0.6745517 0 0.819173 -0.5735466 0 0.9062873 -0.4226622 0 0.9659525 -0.2587197 0 0.9659509 -0.2587258 0 0.9961905 -0.08720457 6.01052e-7 0.9961902 -0.08720779 -5.88262e-7 0.9961902 0.08720755 0 0.9961922 0.08718484 0 0.9763208 0.2163281 0.9696695 0.2007507 -0.1394283 0.8901253 0.3675608 -0.2693997 0.8908798 0.3660122 -0.2690137 0.7630642 0.5264231 -0.3749825 0.7142441 0.5602051 -0.4195541 0.5394088 0.6731669 -0.5058503 0.6018143 0.6469475 -0.4682719 0.2728606 0.7668067 -0.5809947 0.3408548 0.7607001 -0.552407 0.3658377 0.849047 -0.3811589 0.2705261 0.8874219 -0.3732267 0.6198357 0.7150323 -0.3233152 0.5331481 0.7788298 -0.3304202 0.8041304 0.5382198 -0.2523761 0.7147849 0.6438059 -0.2731236 0.9049763 0.3956332 -0.1565005 0.8869384 0.421908 -0.1879737 0.887404 0.4072374 -0.2160367 0.8902111 0.403282 -0.2118681 0.6929392 0.6384198 -0.3350457 0.7122172 0.6254602 -0.3186632 0.5338823 0.7440057 -0.4017776 0.4384844 0.7995391 -0.4104496 0.240694 0.8557075 -0.4580731 0.2623751 0.8535982 -0.4500328 0.8960765 0.3777393 -0.2331524 0.8866673 0.390488 -0.2476699 0.7183834 0.5895125 -0.3693242 0.6917318 0.6071913 -0.3909295 0.5403952 0.7162296 -0.4415748 0.4370642 0.7558478 -0.487513 0.2711808 0.8178666 -0.5074992 0.2337653 0.8218227 -0.5195782 -1.38703e-4 0.9961909 -0.08720105 0.009088397 -0.1138564 -0.9934557 6.11767e-4 -0.0416761 -0.999131 0.001817107 0.2588286 -0.9659217 -0.00155574 0.08708661 -0.9961996 -1.53867e-4 0.1043421 -0.9945415 -3.65281e-5 0.0163356 -0.9998666 -8.7537e-4 -0.2082883 -0.9780671 0.001228094 -0.08708465 -0.9962002 0.004922211 -0.4232942 -0.905979 -0.004436433 -0.2588605 -0.9659045 0.01598876 -0.3020297 -0.9531645 0.004613518 -0.4225997 -0.9063047 -0.001396596 -0.5735992 -0.819135 0 -0.5711585 -0.8208398 0 -0.707104 -0.7071096 0 -0.7071064 -0.7071073 0 -0.8191385 -0.5735959 0 -0.8191348 -0.5736011 0 -0.9063144 -0.4226042 0 -0.9063206 -0.4225911 0 -0.9659144 -0.2588618 0 -0.9659172 -0.2588516 0 -0.9962003 -0.08709335 -0.007607936 -0.9969798 -0.07728874 -0.01017916 -0.9658727 0.2588176 0.02550101 -0.9581015 0.2852917 -0.009345114 -0.9961572 0.08708328 0.0228334 -0.9931842 0.1142978 0.03050678 -0.8881381 0.458563 -0.03674417 -0.9056822 0.422362 0.04634982 -0.8182915 0.5729317 0.02574551 -0.5734105 0.8188637 -0.01337069 -0.6089743 0.7930773 0.01925504 -0.7069777 0.7069737 -0.03735977 -0.7466571 0.6641592 0.0241816 -0.4224775 0.9060508 -0.01270055 -0.4622589 0.8866541 0.0221365 -0.2586908 0.9657066 -0.01177644 -0.301697 0.9533312 0.01276075 -0.08719408 0.9961097 -0.01354801 -0.1208293 0.992581 -0.006026387 0.0794419 0.9968214 0 0.8191216 0.57362 0 0.7071628 0.7070509 0 0.7071645 0.7070491 0 0.5735451 0.819174 0 0.5735441 0.8191748 0 0.4226475 0.9062942 0 0.4226462 0.9062948 0 0.2587203 0.9659523 0 0.2587187 0.9659528 0 0.08720308 0.9961907 0.007794678 0.9063119 0.4225377 0 0.8958598 0.4443369 0 0.8191202 0.5736221 0.001503229 0.9713351 0.23771 0.006989061 0.9658982 0.2588279 -0.001058757 0.9461858 0.3236223 -4.03722e-5 0.9999091 -0.01348757 9.29923e-4 0.9988707 0.04750323 0.009832859 0.9928913 0.1186182 -6.79689e-4 0.9961907 0.08719938 0.001772522 0.9659144 -0.2588556 -0.001447021 0.9942873 -0.1067277 0 0.3000203 -0.9539329 0 0.4226452 -0.9062953 0 0.5735449 -0.8191741 0 0.707165 -0.7070486 0 0.8190818 -0.5736768 0 0.8190833 -0.5736746 0 0.9063594 -0.4225076 0 0.9537717 -0.3005326 0.890078 0.1836873 -0.4171572 0.8873307 0.1878255 -0.4211483 0.7626852 0.2685325 -0.588389 0.7142207 0.2754359 -0.6434469 0.5392618 0.3300853 -0.7747519 0.6018266 0.3261489 -0.7289937 0.2729349 0.3735422 -0.8865511 0.341068 0.38256 -0.8586737 0.3658182 0.5447219 -0.7546225 0.2705088 0.5819106 -0.7669454 0.619893 0.4575558 -0.6374759 0.5331947 0.5092666 -0.6755377 0.8040563 0.3400177 -0.487731 0.7148818 0.4209335 -0.5583539 0.9049789 0.2644292 -0.3333021 0.8866454 0.2715524 -0.3743253 0.9024701 0.2295695 -0.36448 0.8907275 0.2373893 -0.3876224 0.7862792 0.3372923 -0.5176863 0.7109136 0.3678925 -0.5993804 0.5608505 0.4477999 -0.6963635 0.5339901 0.4506492 -0.715381 0.2683128 0.5147811 -0.8142535 0.2623857 0.5142301 -0.8165299 0.2622176 0.4487019 -0.8543468 0.2713555 0.4499565 -0.8508263 0.5601437 0.3845864 -0.7337114 0.5403375 0.3842204 -0.7486055 0.7187319 0.3324139 -0.6106762 0.7874929 0.2796214 -0.5492421 0.9024599 0.2065578 -0.3780214 0.8889889 0.2117924 -0.4060083 0.9694933 0.100457 -0.2235871 -1.34135e-4 0.8191721 -0.5735478 0.009057223 -0.5953153 -0.8034411 6.18321e-4 -0.5359572 -0.8442451 0.001864969 -0.2588286 -0.9659215 -0.001611053 -0.4226486 -0.9062923 -1.60259e-4 -0.406444 -0.9136758 -4.29847e-5 -0.485048 -0.8744876 -8.92058e-4 -0.6692255 -0.7430589 0.001219689 -0.5735573 -0.8191646 0.00485742 -0.8195107 -0.5730435 -0.004494965 -0.7070354 -0.7071639 0.01596677 -0.7381119 -0.6744894 0.004614353 -0.8191662 -0.5735379 -0.001412212 -0.9063109 -0.4226094 0 -0.9050368 -0.4253334 0 -0.9659426 -0.2587566 0 -0.9659436 -0.2587528 0 -0.996191 -0.08719843 0 -0.996191 -0.08719873 0 -0.9961913 0.08719497 0 -0.9961911 0.08719772 0 -0.9659429 0.2587558 0 -0.9659429 0.2587555 0 -0.9063087 0.4226164 -0.007727622 -0.9020201 0.4316248 -0.01563882 -0.7069647 0.707076 0.02584314 -0.6851637 0.7279306 -0.009326636 -0.8191387 0.5735198 0.02264219 -0.8030566 0.5954725 -0.01110363 -0.4225251 0.9062832 0.0308144 -0.3955885 0.9179108 -0.04451763 -0.5730556 0.8183065 0.0457676 -0.5244789 0.8501925 0.04600322 -0.08708924 0.9951378 -0.03443646 -0.2586949 0.9653451 0.03389453 -0.2189131 0.9751555 0.02429705 0.0871551 0.9958984 -0.03301411 0.01840037 0.9992855 0.02182286 0.2588166 0.96568 -0.0121814 0.2164994 0.9762068 0 0.9962013 0.08708053 0 0.9659147 0.2588608 0 0.9659144 0.2588616 0 0.9063094 0.4226148 0 0.9063093 0.4226152 0 0.8191732 0.5735462 0 0.8191742 0.573545 0 0.7070515 0.7071621 0 0.7070521 0.7071615 0 0.5704391 0.8213399 -0.003964364 0.5736718 0.8190757 0.01585221 0.4224555 0.9062451 -0.01046681 0.3916059 0.9200736 0.007786452 0.9961709 -0.08708041 0 0.9980134 -0.06300252 0 0.9962013 0.08708125 0.001554489 0.960132 -0.2795428 0.006954312 0.9658919 -0.2588527 -0.001088917 0.981211 -0.1929348 -3.75613e-5 0.8584848 -0.5128393 9.60599e-4 0.8888731 -0.4581525 0.009850084 0.9191504 -0.3937836 -6.59748e-4 0.9063125 -0.4226077 0.001782298 0.7070417 -0.7071697 -0.001453876 0.8076612 -0.589645 -1.22768e-6 0.08719861 -0.996191 0 0.08717888 -0.9961927 0 0.2588577 -0.9659155 0 0.2588582 -0.9659155 0 0.4226053 -0.906314 0 0.4226059 -0.9063137 0 0.5736115 -0.8191275 0 0.6754149 -0.737438 0 -0.2154256 -0.9765203 0 -0.08719891 -0.996191 1.22796e-6 -0.0872187 -0.9961892 0.8901004 -0.04952377 -0.4530659 0.8873168 -0.04791349 -0.4586648 0.7627884 -0.06161624 -0.643706 0.7142457 -0.08320462 -0.6949317 0.539447 -0.101521 -0.8358771 0.6020807 -0.08203434 -0.7942098 0.2730148 -0.1197538 -0.9545271 0.3410931 -0.09801477 -0.9349057 0.366054 0.09438586 -0.9257947 0.2704491 0.1205053 -0.9551627 0.6201401 0.0775094 -0.7806528 0.5332543 0.103289 -0.8396258 0.8041673 0.05058491 -0.5922468 0.7148447 0.08536976 -0.6940526 0.9049221 0.0622999 -0.4209927 0.8863325 0.04778093 -0.4605775 0.902786 0.01679354 -0.429762 0.8905027 0.01181364 -0.4548248 0.7862443 0.03324866 -0.6170207 0.7109246 0.01889938 -0.7030143 0.5608175 0.03960007 -0.8269919 0.5340648 0.03258675 -0.8448154 0.2682087 0.03869682 -0.9625834 0.2623368 0.03709071 -0.9642634 0.2621423 -0.03865212 -0.9642549 0.271471 -0.03574872 -0.9617825 0.5601195 -0.03382599 -0.827721 0.5405272 -0.04150384 -0.8403022 0.7187488 -0.0174396 -0.6950511 0.787445 -0.03244537 -0.6155304 0.9026331 -0.01008129 -0.4302929 0.8889657 -0.01969546 -0.4575502 0.9694924 -0.02479463 -0.2438645 -1.33924e-4 0.4226496 -0.9062933 0.009061872 -0.9172945 -0.3981065 6.21917e-4 -0.8863121 -0.4630881 0.001875996 -0.7070416 -0.7071695 -0.001636147 -0.8191719 -0.5735458 -1.59824e-4 -0.8086651 -0.5882693 -4.294e-5 -0.8572104 -0.5149666 -8.82601e-4 -0.9511305 -0.3087882 0.001217663 -0.9063118 -0.4226078 0.004868149 -0.9962379 -0.08652353 -0.004474282 -0.9659054 -0.2588567 0.01598864 -0.9764797 -0.2150164 0.004644572 -0.9961903 -0.08708208 -0.001387 -0.9962003 0.08708119 0 -0.9964542 0.08413708 0 -0.9659147 0.2588607 0 -0.9659146 0.2588613 0 -0.9063093 0.4226152 0 -0.9063096 0.4226144 0 -0.8191736 0.5735456 0 -0.8191736 0.5735458 0 -0.7070518 0.7071619 0 -0.7070521 0.7071615 0 -0.5736763 0.8190822 -0.007774829 -0.5654074 0.8247752 -0.01105386 -0.2588619 0.9658511 0.02556711 -0.2315862 0.9724784 -0.009320974 -0.4224904 0.9063195 0.02263557 -0.3976112 0.9172748 -0.007458984 0.08717882 0.9961648 0.005007803 0.09599792 0.995369 -0.004796266 -0.08717954 0.9961811 0.0294463 -0.05923771 0.9978095 0.046103 0.4221041 0.9053745 -0.03440451 0.2586957 0.965346 0.03235918 0.2971528 0.9542815 0.02425837 0.5734531 0.8188793 -0.03294968 0.515692 0.8561403 0.01406979 0.7069829 0.7070907 -0.01504242 0.6830347 0.7302311 -0.006510674 0.8148697 0.5796077 0 0.9063128 -0.4226078 0 0.9659426 -0.2587566 0 0.9659436 -0.2587526 0 0.9961909 -0.08720022 0 0.9961912 -0.08719676 0 0.9961913 0.08719432 0 0.996191 0.08719789 0 0.965943 0.258755 0 0.9659429 0.2587555 0 0.9063088 0.4226161 0 0.9063087 0.4226164 0 0.8191764 0.5735417 0.004248797 0.8132984 -0.5818312 0.007923424 0.8191483 -0.573527 -0.003769099 0.9029784 -0.4296697 0.001544713 0.6916573 -0.7222242 0.006956338 0.7070238 -0.7071555 -0.001318871 0.7545683 -0.6562203 -3.65645e-5 0.4874279 -0.8731632 9.51427e-4 0.5405967 -0.8412814 0.009843766 0.5990676 -0.8006381 -6.46879e-4 0.5735576 -0.819165 0.001757562 0.2588286 -0.9659217 -0.001416742 0.4051291 -0.9142584 -1.32409e-6 -0.08719861 -0.996191 1.22768e-6 0.08719903 -0.9961909 0 0.08721852 -0.9961892 0 0.2174012 -0.9760824 0 -0.6743754 -0.7383887 0 -0.5736115 -0.8191275 0 -0.4226059 -0.9063137 0 -0.4226053 -0.906314 0 -0.2588582 -0.9659155 0 -0.2588577 -0.9659155 0 -0.08717888 -0.9961927 0.8927988 -0.2664809 -0.363178 0.8938713 -0.265992 -0.3608911 0.762946 -0.3750936 -0.5265153 0.7142745 -0.4195333 -0.5601819 0.5393635 -0.505893 -0.6731712 0.6018599 -0.4682699 -0.6469064 0.2730385 -0.5809504 -0.7667768 0.3408944 -0.5524185 -0.7606741 0.3659988 -0.3811496 -0.8489817 0.2703979 -0.3732172 -0.8874649 0.6199232 -0.3233 -0.7149632 0.5330273 -0.3304435 -0.7789024 0.8040544 -0.2524116 -0.5383169 0.7147891 -0.2731533 -0.6437887 0.8891142 -0.1818798 -0.4199948 0.902652 -0.1592112 -0.3998389 0.968868 -0.1053452 -0.2240474 0.8895866 -0.2113286 -0.4049394 0.8874836 -0.2143368 -0.4079616 0.6928254 -0.3351172 -0.6385056 0.7122415 -0.31862 -0.6254546 0.5337538 -0.4018195 -0.7440753 0.4384435 -0.4104776 -0.799547 0.2406176 -0.4580801 -0.8557254 0.2622386 -0.4500616 -0.8536249 0.8908624 -0.2428666 -0.3839013 0.8897863 -0.2445436 -0.3853297 0.7184128 -0.3692883 -0.5894992 0.6916189 -0.3910028 -0.6072726 0.5403787 -0.4415799 -0.7162389 0.4370598 -0.4875013 -0.7558579 0.2713402 -0.5074694 -0.8178321 0.233676 -0.5196336 -0.8218129 -1.31531e-4 -0.08708691 -0.9962007 0.00907433 -0.9934442 0.1139581 5.87919e-4 -0.9991291 0.04172164 0.00187993 -0.9659132 -0.2588594 -0.001630008 -0.9961894 -0.08720147 -1.62493e-4 -0.9944627 -0.1050909 -4.19606e-5 -0.9998919 -0.01470285 -8.9115e-4 -0.9780744 0.2082545 0.001219809 -0.99619 0.08720088 0.009774506 -0.8966248 0.4426833 -0.006024479 -0.9659044 0.2588291 0.01606088 -0.9530167 0.3024919 0 -0.9063401 0.4225491 0 -0.8191199 0.5736224 0 -0.8191218 0.5736196 0 -0.7071626 0.707051 0 -0.7071645 0.7070491 0 -0.5735461 0.8191733 0 -0.5735434 0.8191752 0 -0.4226471 0.9062944 0 -0.4226462 0.9062948 0 -0.2587189 0.9659527 0 -0.2587206 0.9659523 0 -0.08720308 0.9961907 -0.007716417 -0.07726436 0.9969808 -0.03385525 0.08715105 0.9956197 0.0248748 0.1277681 0.9914921 0.03775781 0.2585681 0.9652549 -0.04166227 0.3798955 0.9240908 0.01383042 0.4225614 0.9062288 -0.01126915 0.5735641 0.8190832 0.01884704 0.5906263 0.8067251 0.04606449 0.8183049 0.5729355 -0.03439736 0.7066864 0.7066904 0.03374284 0.7350006 0.6772265 0.02390611 0.906036 0.4225248 -0.03409898 0.8753716 0.4822466 0.01779067 0.9657697 0.2587906 -0.01028478 0.9563853 0.2919273 0 0.5736021 -0.8191341 0 0.707104 -0.7071096 0 0.7071064 -0.7071073 0 0.8191372 -0.5735977 0 0.8191348 -0.5736011 0 0.9063153 -0.4226021 0 0.9063187 -0.4225948 0 0.965914 -0.2588633 0 0.9659172 -0.2588516 0 0.996614 -0.08222317 -0.005034923 0.9961882 -0.08708584 0.01882731 0.9960243 0.08706974 -0.008524477 0.9923742 0.1229671 0.004370689 0.4137244 -0.9103918 0.007908642 0.4225884 -0.9062873 -0.003762245 0.5671907 -0.823578 0.001524627 0.2378691 -0.9712961 0.006973981 0.258856 -0.9658908 -0.001261949 0.3251302 -0.9456685 -3.46023e-5 -0.01462763 -0.9998931 9.53669e-4 0.04744428 -0.9988735 0.009850442 0.1184771 -0.992908 -6.51613e-4 0.08708506 -0.9962007 0.001770079 -0.2588285 -0.9659217 -0.001447737 -0.106727 -0.9942874 0 -0.9532081 -0.3023151 0 -0.9063594 -0.4225076 0 -0.8190833 -0.5736746 0 -0.8190818 -0.5736768 0 -0.707165 -0.7070486 0 -0.5735449 -0.8191741 0 -0.4226452 -0.9062953 0 -0.3004345 -0.9538024 0.892794 -0.4123667 -0.1813084 0.8937183 -0.411015 -0.179818 0.7628846 -0.5881658 -0.268455 0.7142898 -0.6433952 -0.2753775 0.539386 -0.7746812 -0.3300485 0.6018794 -0.728962 -0.3261224 0.2730262 -0.886516 -0.3735587 0.3409075 -0.8587428 -0.3825479 0.3659095 -0.7546025 -0.5446883 0.2703999 -0.7669515 -0.5819531 0.6198369 -0.6375094 -0.457585 0.5331928 -0.6755457 -0.5092577 0.8040219 -0.4877911 -0.3400129 0.7147868 -0.5584413 -0.4209787 0.8897547 -0.3661806 -0.2724854 0.9026364 -0.3378477 -0.266658 0.9689325 -0.2031638 -0.1410472 0.8902071 -0.3842093 -0.2447749 0.8872866 -0.3899227 -0.246339 0.6929216 -0.6093807 -0.3853763 0.7122375 -0.5886721 -0.3823389 0.5338978 -0.7199388 -0.4434427 0.4384895 -0.7552156 -0.4872129 0.2406828 -0.8245414 -0.5120579 0.2622879 -0.8165529 -0.5142437 0.8910716 -0.4015811 -0.2114808 0.8888009 -0.4061197 -0.2123674 0.7184221 -0.6145619 -0.3258582 0.6917137 -0.6421709 -0.3303766 0.5403988 -0.7405294 -0.3994815 0.4370675 -0.8001167 -0.4108351 0.2713176 -0.848397 -0.4545432 0.2337399 -0.8608939 -0.4519153 -1.34235e-4 -0.5736234 -0.8191193 0.009077429 -0.803285 0.5955259 5.84907e-4 -0.8443881 0.5357317 0.001852512 -0.9659427 0.2587496 -0.001622855 -0.9063088 0.4226133 -1.65736e-4 -0.913724 0.4063355 -4.64866e-5 -0.8733253 0.4871375 -9.23432e-4 -0.7430302 0.6692573 0.00118184 -0.8191348 0.5735999 0.00974667 -0.5551179 0.8317146 -0.006071686 -0.7071012 0.7070864 0.01605719 -0.674049 0.7385122 0 -0.5735459 0.8191736 0 -0.4226502 0.9062929 0 -0.4226524 0.906292 0 -0.2588357 0.9659215 0 -0.2588324 0.9659223 0 -0.08708256 0.9962011 0 -0.08708298 0.9962011 0 0.08708101 0.9962013 0 0.08708107 0.9962013 0 0.2588634 0.965914 0 0.258863 0.9659141 0 0.4226573 0.9062897 -0.00772798 0.4316765 0.9019955 -0.01684635 0.707009 0.707004 0.0318675 0.733314 0.6791429 -0.01159042 0.5735087 0.8191174 0.02292889 0.5964994 0.802286 -0.01129537 0.9062559 0.4225788 0.02981978 0.9176821 0.3961949 -0.008552789 0.8191056 0.5735791 0.01623743 0.8292731 0.5586077 0.03387659 0.9751397 0.2189863 -0.03434705 0.9653379 0.2587338 0.04617154 0.9951406 0.08696818 -0.0421077 0.9986327 -0.03098148 0.01339089 0.9961137 -0.08705371 0 0.08719539 -0.9961913 0 0.2588605 -0.9659148 0 0.2588625 -0.9659143 0 0.4225609 -0.9063346 0 0.422565 -0.9063327 0 0.573624 -0.8191188 0 0.5736259 -0.8191174 0 0.7070455 -0.7071682 0 0.7070437 -0.7071699 0 0.8191772 -0.5735406 0 0.8191719 -0.5735482 0 0.8956162 -0.4448278 0.02003276 0.9061147 -0.4225576 -0.006985902 0.9658945 -0.2588416 -0.005391478 0.9655329 -0.2602251 0.004387259 -0.09687656 -0.9952868 0.007908225 -0.0871942 -0.99616 -0.003740847 0.07946872 -0.9968304 0.001573801 -0.2795789 -0.9601215 0.006992101 -0.2588257 -0.9658988 -0.001273095 -0.1910682 -0.981576 -3.52824e-5 -0.5115946 -0.859227 9.34887e-4 -0.4583473 -0.8887727 0.009827315 -0.3938688 -0.9191142 -6.27734e-4 -0.422556 -0.9063367 0.00177896 -0.7070557 -0.7071557 -0.001452565 -0.5897024 -0.8076193 6.01052e-7 -0.9961902 -0.08720779 0 -0.9961905 -0.08720457 0 -0.9659509 -0.2587258 0 -0.9659525 -0.2587197 0 -0.9062873 -0.4226622 0 -0.819173 -0.5735466 0 -0.7372701 -0.6755982 0 -0.9764749 0.2156316 0 -0.9961913 0.08719456 -5.88196e-7 -0.9961911 0.08719784 0.8930185 -0.4473309 0.04912304 0.8943517 -0.444561 0.05000585 0.7627842 -0.6437113 0.06161373 0.7142326 -0.6949451 0.08320552 0.5393428 -0.8359497 0.101477 0.6017999 -0.794422 0.08203983 0.2729636 -0.9545415 0.1197553 0.34096 -0.934951 0.09804695 0.3659205 -0.9258449 -0.09441137 0.2704057 -0.9551741 -0.1205128 0.6198251 -0.7809043 -0.07749587 0.5332013 -0.8396672 -0.103226 0.804183 -0.5922282 -0.05055499 0.7148356 -0.6940625 -0.08536648 0.8903262 -0.4521963 -0.0532723 0.9026001 -0.4259949 -0.0619803 0.9690045 -0.2462084 -0.02029073 0.8888473 -0.4577966 -0.01931017 0.8870048 -0.4613943 -0.01837861 0.6928951 -0.7204539 -0.02902668 0.7122874 -0.7009236 -0.03678101 0.5339094 -0.8451992 -0.02406334 0.4384772 -0.8976488 -0.04432511 0.2405989 -0.9701247 -0.03115302 0.2622702 -0.9642825 -0.03706234 0.8917226 -0.4523138 0.01559096 0.8858278 -0.4636129 0.01929825 0.7183767 -0.6952019 0.02508628 0.691689 -0.7213484 0.03497028 0.5403393 -0.8410963 0.02430123 0.4370595 -0.8983435 0.04425042 0.27127 -0.9620189 0.03053587 0.2336669 -0.9715317 0.039065 -1.35866e-4 -0.9063082 -0.4226175 0.00902903 -0.3981924 0.9172575 6.10721e-4 -0.4630873 0.8863125 0.001872956 -0.7070546 0.7071565 -0.001634061 -0.5736234 0.8191176 -1.5988e-4 -0.5883269 0.8086231 -4.13844e-5 -0.5137773 0.8579236 -8.66432e-4 -0.3089873 0.9510658 0.001233279 -0.4225584 0.9063349 0.009550571 -0.06541812 0.9978123 -0.00578612 -0.2588276 0.9659062 0.01608002 -0.2147707 0.9765322 -0.02651435 0.8380512 0.5449469 0 0.8191741 0.5735449 0 0.7070405 0.7071731 0 0.7070483 0.7071653 0 0.5736254 0.8191179 0 0.4225642 0.906333 0 0.4225616 0.9063342 0 0.2588623 0.9659143 0 0.2588607 0.9659147 0 0.08719545 0.9961913 0 0.08719497 0.9961913 0 -0.08719748 0.9961911 0.03307402 0.9057967 0.4224198 -0.03611779 0.9550594 0.2942063 0.006765305 0.9658982 0.2588342 -0.03696584 0.9955217 -0.08700662 0.0329895 0.9911814 -0.1283401 -0.01092028 0.9961434 0.08705818 0.01956981 0.997687 0.06509774 0.02516955 0.9060247 -0.4224757 -0.03860688 0.9321351 -0.3600467 0.0432167 0.9650083 -0.2586339 0.01449328 0.8190475 -0.5735427 -0.01054167 0.8339139 -0.551794 0.02214515 0.7069342 -0.7069326 -0.005930662 0.7327958 -0.6804229 0 -0.4226521 -0.906292 0 -0.2588344 -0.9659217 0 -0.2588341 -0.9659218 0 -0.08708262 -0.9962011 0 -0.0870831 -0.9962011 0 0.08708047 -0.9962013 0 0.08708184 -0.9962012 0 0.2588634 -0.965914 0 0.258863 -0.9659141 0 0.4271035 -0.9042028 -0.005058646 0.4226512 -0.9062783 0.01881027 0.5734419 -0.8190304 -0.01186656 0.606188 -0.7952329 0.003871679 -0.5890344 -0.8080988 0.009942948 -0.5735166 -0.8191336 -0.007360935 -0.4364162 -0.8997148 0.00151664 -0.7222073 -0.6916751 0.006947815 -0.7070967 -0.7070828 -0.001364171 -0.6559385 -0.7548132 -3.52208e-5 -0.8718184 -0.4898294 9.01617e-4 -0.8414871 -0.5402764 0.009858846 -0.8005274 -0.5992151 -6.75926e-4 -0.8191389 -0.5735949 0.001752078 -0.9659408 -0.2587574 -0.001422345 -0.9142895 -0.405059 6.01052e-7 -0.9961902 0.08720779 -5.88262e-7 -0.9961902 -0.08720755 0 -0.9961922 -0.08718484 0 -0.9760755 -0.2174316 0 -0.7382276 0.6745517 0 -0.819173 0.5735466 0 -0.9062873 0.4226622 0 -0.9659525 0.2587197 0 -0.9659509 0.2587258 0 -0.9961905 0.08720457 0.9394482 -0.3020851 0.1618079 0.893029 -0.3628034 0.2662199 0.8941665 -0.3603804 0.2656921 0.7630642 -0.5264231 0.3749825 0.7142441 -0.5602051 0.4195541 0.5394088 -0.6731669 0.5058503 0.6018143 -0.6469475 0.4682719 0.272952 -0.7668017 0.5809582 0.3408548 -0.7607001 0.552407 0.3658377 -0.849047 0.3811589 0.2705261 -0.8874219 0.3732267 0.6198357 -0.7150323 0.3233152 0.5331481 -0.7788298 0.3304202 0.8247546 -0.5191988 0.2240815 0.8025705 -0.5436 0.245723 0.6922432 -0.6625499 0.2860542 0.9056985 -0.3842864 0.1789809 0.9674233 -0.240436 0.07926303 0.892688 -0.4049177 0.1978629 0.8162206 -0.5074515 0.2761829 0.6929041 -0.6414082 0.3293625 0.6923409 -0.6418035 0.3297765 0.5338823 -0.7440057 0.4017776 0.4384844 -0.7995391 0.4104496 0.240694 -0.8557075 0.4580731 0.2623751 -0.8535982 0.4500328 0.8912113 -0.3840596 0.2413308 0.8877375 -0.3887335 0.2465937 0.7183834 -0.5895125 0.3693242 0.6917318 -0.6071913 0.3909295 0.5403952 -0.7162296 0.4415748 0.4370642 -0.7558478 0.487513 0.2712785 -0.8178382 0.5074926 0.2337641 -0.8218054 0.519606 -1.38703e-4 -0.9961909 0.08720105 0.009088397 0.1138564 0.9934557 6.11767e-4 0.0416761 0.999131 0.001817107 -0.2588286 0.9659217 -0.00155574 -0.08708661 0.9961996 -1.53867e-4 -0.1043421 0.9945415 -3.65281e-5 -0.0163356 0.9998666 -8.7537e-4 0.2082883 0.9780671 0.001228094 0.08708465 0.9962002 0.009551703 0.4422695 0.8968314 -0.005793213 0.2588571 0.9658983 0.01602739 0.3022359 0.9530985 0 0.4226007 0.906316 0 0.5735992 0.8191361 0 0.5736016 0.8191345 0 0.707104 0.7071096 0 0.7071064 0.7071073 0 0.8191385 0.5735959 0 0.8191348 0.5736011 0 0.9063144 0.4226042 0 0.9063206 0.4225911 0 0.9659144 0.2588618 0 0.9659172 0.2588516 0 0.9962003 0.08709335 -0.01020067 0.9972102 0.07394486 -0.008729636 0.9658862 -0.2588197 0.02060902 0.9595527 -0.280774 -0.02445894 0.9959022 -0.08706569 0.03196978 0.9906726 -0.1324607 -0.01130867 0.8191235 -0.5735058 0.03046435 0.8016995 -0.5969505 -0.01085495 0.9062396 -0.4226253 0.02796137 0.8937354 -0.4477224 0.03240633 0.6820603 -0.7305776 -0.02036589 0.7069591 -0.7069612 0.03695553 0.5732069 -0.8185769 0.02205759 0.258691 -0.9657083 -0.02124875 0.3134594 -0.9493639 0.02613097 0.4224556 -0.9060069 -0.038001 0.5016385 -0.8642424 0 -0.8191216 -0.57362 0 -0.7071628 -0.7070509 0 -0.7071645 -0.7070491 0 -0.5735451 -0.819174 0 -0.5735441 -0.8191748 0 -0.4226475 -0.9062942 0 -0.4226462 -0.9062948 0 -0.2587203 -0.9659523 0 -0.2587187 -0.9659528 0 -0.08230167 -0.9966076 -0.005073368 -0.08720189 -0.9961778 0.01885479 0.08718591 -0.9960137 -0.01192033 0.1275775 -0.991757 0.004494309 -0.9102877 -0.4139521 0.007917106 -0.9063095 -0.4225406 -0.00379014 -0.8235952 -0.5671656 0.001503229 -0.9713351 -0.23771 0.006989061 -0.9658982 -0.2588279 -0.001316905 -0.9454824 -0.3256709 -4.03722e-5 -0.9999091 0.01348757 9.29923e-4 -0.9988707 -0.04750323 0.009832859 -0.9928913 -0.1186182 -6.79689e-4 -0.9961907 -0.08719938 0.001772522 -0.9659144 0.2588556 -0.001447021 -0.9942873 0.1067277 0 -0.3000203 0.9539329 0 -0.4226452 0.9062953 0 -0.5735449 0.8191741 0 -0.707165 0.7070486 0 -0.8190818 0.5736768 0 -0.8190833 0.5736746 0 -0.9063594 0.4225076 0 -0.9537717 0.3005326 0.9713309 -0.08712863 0.22119 0.8930009 -0.1811452 0.4119901 0.8840354 -0.1951882 0.4247151 0.7626852 -0.2685325 0.588389 0.7142207 -0.2754359 0.6434469 0.5392618 -0.3300853 0.7747519 0.6018266 -0.3261489 0.7289937 0.2729349 -0.3735422 0.8865511 0.341068 -0.38256 0.8586737 0.3658182 -0.5447219 0.7546225 0.2705088 -0.5819106 0.7669454 0.619893 -0.4575558 0.6374759 0.5331947 -0.5092666 0.6755377 0.8040563 -0.3400177 0.487731 0.7148818 -0.4209335 0.5583539 0.8876874 -0.2732907 0.3705716 0.9026881 -0.2666454 0.3377195 0.9692974 -0.1396909 0.2023589 0.9067564 -0.2279099 0.3547535 0.8874259 -0.2412894 0.3927527 0.7862792 -0.3372923 0.5176863 0.7109136 -0.3678925 0.5993804 0.5608505 -0.4477999 0.6963635 0.5339901 -0.4506492 0.715381 0.2683128 -0.5147811 0.8142535 0.2623857 -0.5142301 0.8165299 0.9470387 -0.1527398 0.2824684 0.8828378 -0.2152652 0.4174425 0.9012426 -0.2075708 0.380363 0.7874933 -0.2796211 0.5492417 0.7187331 -0.3324135 0.6106752 0.5403363 -0.384221 0.748606 0.5601448 -0.384586 0.7337107 0.2713547 -0.4499571 0.8508263 0.2622194 -0.4487017 0.8543464 -1.34135e-4 -0.8191721 0.5735478 0.009057223 0.5953153 0.8034411 6.18321e-4 0.5359572 0.8442451 0.001880705 0.2588284 0.9659215 -0.001630842 0.4226487 0.9062923 -1.60825e-4 0.4062623 0.9137566 -4.29847e-5 0.485048 0.8744876 -8.92058e-4 0.6692255 0.7430589 0.001219689 0.5735573 0.8191646 0.008090019 0.8210169 0.5708466 -0.005843222 0.7070308 0.7071586 0.01599198 0.7382094 0.6743821 0.006902635 0.8191558 0.5735296 -0.005035817 0.9063012 0.4226025 0 0.9020085 0.4317183 0 0.9659426 0.2587566 0 0.9659436 0.2587528 0 0.996191 0.08719843 0 0.996191 0.08719873 0 0.9961913 -0.08719497 0 0.9961911 -0.08719772 0 0.9659429 -0.2587558 0 0.9659429 -0.2587555 0 0.9063087 -0.4226164 0 0.9063087 -0.4226164 0 0.8200971 -0.5722244 0.001746356 0.8191718 -0.5735458 -0.0102154 0.7070149 -0.707125 0.01912218 0.6906935 -0.7228947 -0.0113337 0.4225259 -0.90628 0.03045994 0.3956976 -0.9178757 -0.0109834 0.5735875 -0.8190708 0.02811491 0.5500456 -0.8346613 -0.023108 0.08715814 -0.9959265 0 0.07216656 -0.9973926 0 0.2588495 -0.9659178 0.03058081 0.2343105 -0.9716808 0.04419124 -0.08709579 -0.9952194 0.02211761 -0.2588139 -0.9656741 -0.03332525 -0.1874383 -0.981711 0 -0.8191742 -0.573545 0 -0.7070515 -0.7071621 0 -0.7070521 -0.7071615 0 -0.5696136 -0.8219127 -0.00510168 -0.5736695 -0.819071 0.01880717 -0.4224343 -0.9061985 -0.01185959 -0.3854743 -0.9226424 0 -0.9962013 -0.08708053 0 -0.9659147 -0.2588609 0 -0.9659146 -0.2588613 0 -0.9063093 -0.4226152 0 -0.9063095 -0.4226148 0 -0.8191732 -0.5735462 0.007786452 -0.9961709 0.08708041 0.003753781 -0.9972054 0.07461529 -0.002082645 -0.9965655 -0.08278179 0.001554489 -0.960132 0.2795428 0.006954312 -0.9658919 0.2588527 -0.001088917 -0.981211 0.1929348 -3.75613e-5 -0.8584848 0.5128393 9.60599e-4 -0.8888731 0.4581525 0.009850084 -0.9191504 0.3937836 -6.59748e-4 -0.9063125 0.4226077 0.001782298 -0.7070417 0.7071697 -0.001453876 -0.8076612 0.589645 -1.22768e-6 -0.08719861 0.996191 0 -0.08717888 0.9961927 0 -0.2588577 0.9659155 0 -0.2588582 0.9659155 0 -0.4226053 0.906314 0 -0.4226059 0.9063137 0 -0.5736115 0.8191275 0 -0.6754149 0.737438 0 0.2148301 0.9766515 0 0.08719891 0.996191 1.22796e-6 0.0872187 0.9961892 0.9514277 -0.009106934 0.3077379 0.969631 0.02134579 0.2436396 0.8901004 0.04952377 0.4530659 0.889793 0.04934293 0.453689 0.7627884 0.06161624 0.643706 0.7142457 0.08320462 0.6949317 0.539447 0.101521 0.8358771 0.6020807 0.08203434 0.7942098 0.2730148 0.1197538 0.9545271 0.3410931 0.09801477 0.9349057 0.366054 -0.09438586 0.9257947 0.2704491 -0.1205053 0.9551627 0.6201401 -0.0775094 0.7806528 0.5332543 -0.103289 0.8396258 0.8041673 -0.05058491 0.5922468 0.7148447 -0.08536976 0.6940526 0.8795105 -0.04276436 0.4739542 0.9049226 -0.06229972 0.4209915 0.9724805 -0.03563845 0.2302429 0.9077199 -0.02163082 0.4190189 0.8803844 -0.01426333 0.4740463 0.7862443 -0.03324866 0.6170207 0.7109246 -0.01889938 0.7030143 0.5608174 -0.03960007 0.8269919 0.5340648 -0.03258675 0.8448154 0.2682087 -0.03869682 0.9625834 0.2623368 -0.03709071 0.9642634 0.8952083 0.01496893 0.4453967 0.9023004 0.01016163 0.4309884 0.7874446 0.03244578 0.6155309 0.7187476 0.01744002 0.6950523 0.5405248 0.0415039 0.8403037 0.5601186 0.03382569 0.8277215 0.2714736 0.03574854 0.9617817 0.2621394 0.03865212 0.9642556 -1.33924e-4 -0.4226496 0.9062933 0.009061872 0.9172945 0.3981065 6.21917e-4 0.8863121 0.4630881 0.001875996 0.7070416 0.7071695 -0.001636147 0.8191719 0.5735458 -1.59824e-4 0.8086651 0.5882693 -4.294e-5 0.8572104 0.5149666 -8.82601e-4 0.9511305 0.3087882 0.001217663 0.9063118 0.4226078 0.004865169 0.9962326 0.08658528 -0.004474282 0.9659054 0.2588567 0.01598864 0.9764797 0.2150164 0.004665851 0.9961903 0.08708196 -0.001408278 0.9962003 -0.08708095 0 0.996458 -0.08409261 0 0.9659147 -0.2588607 0 0.9659144 -0.2588616 0 0.9063092 -0.4226152 0 0.9063094 -0.4226148 0 0.8191736 -0.5735456 0 0.8191736 -0.5735458 0 0.7070518 -0.7071619 0 0.7070521 -0.7071615 0 0.5736763 -0.8190822 -0.005971431 0.5673263 -0.8234714 -0.01036143 0.2588635 -0.9658584 0.02537846 0.232006 -0.9723833 -0.008328795 0.4224933 -0.9063277 0.01773613 0.4021422 -0.9154055 -0.01137506 -0.08717572 -0.996128 0.03025037 -0.1160929 -0.9927777 -0.01099056 0.0871756 -0.9961323 0.02813804 0.05894684 -0.9978646 0.04622632 -0.4221015 -0.9053692 -0.03452312 -0.2586953 -0.9653419 0.03376477 -0.2979974 -0.9539694 0.02421844 -0.5734533 -0.8188802 -0.03280884 -0.5158865 -0.8560286 0.02208137 -0.7068781 -0.7069907 -0.01184773 -0.6746354 -0.7380561 0 -0.9659429 -0.2587555 0 -0.9042251 -0.4270565 -0.005053937 -0.9062978 -0.4226097 0.01874309 -0.8190312 -0.5734428 -0.01196014 -0.7952257 -0.6061955 0 -0.9063128 0.4226078 0 -0.9659426 0.2587566 0 -0.9659436 0.2587526 0 -0.9961909 0.08719974 0 -0.9961912 0.08719652 0 -0.9961913 -0.0871948 0 -0.9961912 -0.08719658 0 -0.965943 -0.258755 0.007817208 -0.819149 0.5735276 0.003750622 -0.8263351 0.5631664 -0.002070248 -0.9044905 0.4264888 0.001544713 -0.6916573 0.7222242 0.006956338 -0.7070238 0.7071555 -0.001078546 -0.7532326 0.6577534 -3.65645e-5 -0.4874279 0.8731632 9.51427e-4 -0.5405967 0.8412814 0.009843766 -0.5990676 0.8006381 -6.46879e-4 -0.5735576 0.819165 0.001782834 -0.2588285 0.9659217 -0.001453161 -0.4046386 0.9144756 -1.32409e-6 0.08719861 0.996191 1.22768e-6 -0.08719903 0.9961909 0 -0.08721852 0.9961892 0 -0.2162996 0.9763271 0 0.6743754 0.7383887 0 0.5736115 0.8191275 0 0.4226059 0.9063137 0 0.4226053 0.906314 0 0.2588582 0.9659155 0 0.2588577 0.9659155 0 0.08717888 0.9961927 0.9514811 0.1458314 0.2709557 0.9696826 0.139867 0.2003822 0.8901234 0.2694103 0.3675575 0.890063 0.2694407 0.3676815 0.762946 0.3750936 0.5265153 0.7142745 0.4195333 0.5601819 0.5393635 0.505893 0.6731712 0.6018599 0.4682699 0.6469064 0.2730385 0.5809504 0.7667768 0.3408944 0.5524185 0.7606741 0.3659988 0.3811496 0.8489817 0.2703979 0.3732172 0.8874649 0.6199232 0.3233 0.7149632 0.5330273 0.3304435 0.7789024 0.8040544 0.2524116 0.5383169 0.7147891 0.2731533 0.6437887 0.8795191 0.1999551 0.4318151 0.9049814 0.156447 0.3956426 0.9724729 0.08425557 0.2172502 0.8940533 0.2020492 0.3998062 0.8802922 0.2206464 0.4200009 0.6928254 0.3351172 0.6385056 0.7122415 0.31862 0.6254546 0.5337538 0.4018195 0.7440753 0.4384435 0.4104776 0.799547 0.2406176 0.4580801 0.8557254 0.2622386 0.4500616 0.8536249 0.8956354 0.2349086 0.3776974 0.8886024 0.2457462 0.3872914 0.7184128 0.3692883 0.5894992 0.6916189 0.3910028 0.6072726 0.5403787 0.4415799 0.7162389 0.4370598 0.4875013 0.7558579 0.2713402 0.5074694 0.8178321 0.233676 0.5196336 0.8218129 -1.31531e-4 0.08708691 0.9962007 0.00907433 0.9934442 -0.1139581 5.87919e-4 0.9991291 -0.04172164 0.00187993 0.9659132 0.2588594 -0.001630008 0.9961894 0.08720147 -1.62493e-4 0.9944624 0.1050934 -4.19606e-5 0.9998919 0.01470285 -8.9115e-4 0.9780744 -0.2082545 0.001219809 0.99619 -0.08720088 0.004878222 0.9060062 -0.4232363 -0.004460573 0.9659112 -0.2588353 0.01597762 0.9531644 -0.3020304 0.004574775 0.90633 -0.4225461 -0.00147283 0.8191199 -0.5736205 0 0.8209153 -0.5710501 0 0.7071626 -0.707051 0 0.7071645 -0.7070491 0 0.5735461 -0.8191733 0 0.5735434 -0.8191752 0 0.4226471 -0.9062944 0 0.4226462 -0.9062948 0 0.2587189 -0.9659527 0 0.2587206 -0.9659523 0 0.08461433 -0.9964138 -0.002627313 0.0872032 -0.9961871 -0.009366631 -0.08719688 -0.9961472 0.02129352 -0.1131387 -0.993351 -0.01105266 -0.4225792 -0.9062586 0.02807378 -0.4478672 -0.8936592 -0.01012188 -0.2587382 -0.9658945 0.02532267 -0.2850801 -0.9581692 0.03085392 -0.5988227 -0.8002872 -0.01674014 -0.573518 -0.8190219 0.03385114 -0.7066944 -0.7067087 0.02429479 -0.9060273 -0.4225215 -0.02991211 -0.8764733 -0.4805205 0.03086113 -0.8187815 -0.5732752 -0.03425765 -0.756345 -0.6532754 0.02219289 -0.9656839 -0.2587704 -0.01175558 -0.953298 -0.3018024 -0.005024552 -0.9961879 0.08708894 0.01881265 -0.9960244 -0.08707302 -0.01183015 -0.9917971 -0.127274 0 -0.5736021 0.8191341 0 -0.707104 0.7071096 0 -0.7071064 0.7071073 0 -0.8191372 0.5735977 0 -0.8191348 0.5736011 0 -0.9063153 0.4226021 0 -0.9063187 0.4225948 0 -0.9659144 0.2588618 0 -0.9659167 0.2588534 0 -0.9966134 0.08223009 0.007649183 -0.4225901 0.9062886 0 -0.4436103 0.8962199 0 -0.5735991 0.8191362 0.008926987 -0.2588516 0.9658759 -0.001985609 -0.3052864 0.9522585 -2.72565e-5 0.009114384 0.9999585 2.44702e-4 -0.02427321 0.9997054 0.002759277 -0.06740033 0.9977223 0.006171643 -0.08708351 0.996182 -0.002473294 -0.1670278 0.9859491 0.001770079 0.2588285 0.9659217 -0.001447737 0.106727 0.9942873 0 0.9532081 0.3023151 0 0.9063594 0.4225076 0 0.8190833 0.5736746 0 0.8190818 0.5736768 0 0.707165 0.7070486 0 0.5735449 0.8191741 0 0.4226452 0.9062953 0 0.3004345 0.9538024 0.9778272 0.1961353 -0.07338339 0.9774314 0.09165734 0.190334 0.9782429 0.08868944 0.1875502 0.9771609 0.07216036 0.1998739 0.9775629 0.07466942 0.1969653 0.9774839 0.06170815 0.2017852 0.9770444 0.07105535 0.2008371 0.9765234 0.07011961 0.2036796 0.977723 0.07675719 0.1953614 0.9777917 0.0786283 0.1942707 0.977876 0.09122943 0.1882439 0.9776754 0.03884422 0.206499 0.9773136 0.04679059 0.2065647 0.9776456 0.04195415 0.2060315 0.9767444 0.05104154 0.2082431 0.976509 0.05226343 0.2090429 0.9771764 0.05597329 0.2049224 0.9776086 0.02487486 0.2089565 0.9776965 0.02313536 0.2087447 0.9774885 0.02663302 0.2093014 0.9772892 0.0287317 0.2099534 0.9769554 0.03123611 0.2111459 0.9772945 0.02943158 0.2098321 0.9774027 -0.01563662 0.2108072 0.9782277 -0.01682746 0.2068514 0.9774808 -0.04327237 0.2065404 0.9769924 -0.03705406 0.2100309 0.9769788 -0.03712326 0.2100815 0.977455 -0.03344881 0.2084779 0.9776574 -0.03084564 0.2079294 0.9777142 -0.06622618 0.1992215 0.9775238 -0.06239694 0.2013801 0.9770191 -0.05903828 0.2048128 0.9765303 -0.05734479 0.2076057 0.9768429 -0.05527174 0.2066951 0.9774256 -0.04947435 0.2054058 0.9781703 -0.1014728 0.1813456 0.9777199 -0.08353012 0.1925791 0.9776559 -0.08217203 0.1934862 0.9775608 -0.08082467 0.1945308 0.9773951 -0.07930451 0.1959837 0.9770957 -0.07761192 0.1981429 0.9776275 -0.07067751 0.1981141 0.9771848 -0.07791352 0.1975837 0.977346 -0.1331059 0.1645538 0.9772135 -0.1347962 0.1639634 0.9767811 -0.1374144 0.1643654 0.977587 -0.1305061 0.1652024 0.9777027 -0.1287038 0.1659306 0.9777559 -0.1274275 0.1666001 0.9784429 -0.1272333 0.1626691 0.9775559 -0.1545715 0.1431506 0.9771935 -0.1529808 0.1472747 0.9765624 -0.1524682 0.1519194 0.9767571 -0.1511843 0.1519501 0.9775455 -0.1439492 0.1538944 0.9776288 -0.1400474 0.1569357 0.9777513 -0.1680047 0.1256061 0.9777062 -0.1672253 0.1269895 0.977639 -0.1665468 0.1283912 0.9737266 -0.1848425 0.1330032 0.9775051 -0.1658354 0.1303169 0.9772201 -0.1652104 0.1332156 0.9766748 -0.1652103 0.1371568 0.9772441 -0.1646194 0.1337696 0.9776222 -0.15703 0.1399878 0.9772046 -0.1979435 0.07674461 0.9773896 -0.2017804 0.06320184 0.9774952 -0.2002446 0.06637364 0.9772577 -0.1979883 0.0759477 0.9766303 -0.2014939 0.07479029 0.9774926 -0.1958056 0.07853931 0.9776389 -0.1944649 0.08003628 0.9777125 -0.193592 0.08124339 0.9776651 -0.2050536 0.0460872 0.9773619 -0.2052174 0.0514729 0.9765127 -0.207581 0.0577324 0.9767507 -0.2062544 0.05845642 0.9777216 -0.2082164 0.02657788 0.9776717 -0.2082364 0.02820801 0.9775635 -0.2084551 0.03026807 0.9778032 -0.2076581 0.02791261 0.9737527 -0.2265311 0.02212196 0.9772815 -0.2092713 0.033562 0.9770234 -0.2101977 0.03524893 0.977559 -0.2067255 0.0405336 0.9772498 -0.2095915 -0.03247022 0.977514 -0.2087286 -0.02997785 0.9776523 -0.2083505 -0.02803945 0.9778399 -0.2074683 -0.02803629 0.9784219 -0.2043015 -0.03084748 0.9774363 -0.2058903 -0.04719817 0.9774072 -0.2032541 -0.05799204 0.976957 -0.2064065 -0.0543276 0.9765718 -0.2086034 -0.05284035 0.9777639 -0.2056006 -0.04130566 0.9775826 -0.2081928 -0.0314334 0.9768067 -0.2111849 -0.03535187 0.9776651 -0.1954773 -0.07719904 0.9777738 -0.1929897 -0.08193576 0.9777665 -0.1936757 -0.08038932 0.9777407 -0.1943917 -0.07896286 0.9741906 -0.2059867 -0.09231549 0.9770672 -0.2001528 -0.07265329 0.977472 -0.1973124 -0.07494229 0.9764626 -0.2037379 -0.07079458 0.9771281 -0.2001002 -0.07197779 0.977533 -0.2012093 -0.06280285 0.9774309 -0.1665042 -0.1300202 0.9769299 -0.1669476 -0.133179 0.9773402 -0.1670891 -0.1299518 0.9775406 -0.1674691 -0.1279399 0.9776536 -0.1679082 -0.1264929 0.9784111 -0.1615102 -0.1289421 0.9775657 -0.1577989 -0.1395169 0.9776604 -0.1598145 -0.1365273 0.9775934 -0.1461145 -0.1515315 0.9772618 -0.150562 -0.1493008 0.9765397 -0.1560275 -0.1484107 0.9770812 -0.1559949 -0.1448378 0.9777632 -0.1274789 -0.1665177 0.9777467 -0.1255856 -0.1680472 0.9741945 -0.1322683 -0.1828945 0.9777565 -0.1289599 -0.1654138 0.9777084 -0.1307795 -0.1642655 0.9775571 -0.133464 -0.1630017 0.9771882 -0.1371735 -0.1621313 0.9768865 -0.1392608 -0.1621704 0.9774864 -0.1416037 -0.1564252 0.9774452 -0.08201557 -0.1946135 0.9775897 -0.08319336 -0.1933843 0.9784122 -0.07537275 -0.1924286 0.9775699 -0.06638705 -0.1998743 0.9773082 -0.05563312 -0.2043859 0.9765982 -0.06178939 -0.2060052 0.9770001 -0.06284004 -0.2037694 0.9777772 -0.0702055 -0.1975425 0.9776591 -0.08113592 -0.1939064 0.9768149 -0.0792703 -0.1988696 0.9772122 -0.08070129 -0.1963257 0.9777514 -0.03139752 -0.2074041 0.9776529 -0.03436684 -0.2073979 0.9773689 -0.037889 -0.2081215 0.9769002 -0.04137033 -0.2096534 0.9760706 -0.0455538 -0.2126291 0.9770233 -0.04170972 -0.2090119 0.9774817 -0.0508216 -0.2048094 0.9775345 -0.01909166 -0.2099091 0.9541864 -0.009674072 -0.2990563 0.9775632 -0.01882737 -0.2097995 0.9777362 -0.02634203 -0.2081782 0.9777662 -0.02903419 -0.2076786 0.9776548 0.02698868 -0.2084771 0.9778585 0.0249809 -0.207771 0.9766103 0.03042542 -0.2128537 0.9770945 0.02763181 -0.2110046 0.9773641 0.02556991 -0.2100139 0.9778608 0.02878338 -0.207268 0.9777961 0.02853983 -0.2076064 0.9741085 0.02374023 -0.2248311 0.9774364 0.05328625 -0.2043985 0.9769119 0.04867553 -0.2080237 0.9771354 0.04748904 -0.207247 0.9776545 0.04250854 -0.2058755 0.9778207 0.03859817 -0.2058566 0.9777295 0.07906365 -0.1944072 0.9777543 0.07651329 -0.1953005 0.9777026 0.07362741 -0.1966637 0.9770594 0.06819194 -0.2017551 0.9774863 0.07078593 -0.1987714 0.9762607 0.06576102 -0.2063751 0.9769722 0.06696355 -0.2025864 0.9774719 0.05819118 -0.2028858 0.9773626 0.08659583 -0.1930379 0.977569 0.08802449 -0.191339 0.9542784 0.1409277 -0.2636139 0.9774977 0.08729588 -0.1920356 0.977849 0.1281918 -0.1654641 0.9778043 0.1281633 -0.1657502 0.9741179 0.1326413 -0.1830316 0.9778372 0.1487462 -0.1473405 0.9771832 0.1442759 -0.1558766 0.9766266 0.1493045 -0.1546249 0.976903 0.145151 -0.1568174 0.9768911 0.144719 -0.1572906 0.9775291 0.1399459 -0.1576454 0.9777601 0.1367285 -0.1590305 0.9778444 0.1256399 -0.1674365 0.9770367 0.1327456 -0.166667 0.9775167 0.1265674 -0.1686475 0.977115 0.1294633 -0.1687768 0.9773734 0.1272115 -0.1689929 0.9777044 0.1642992 -0.1307668 0.9777091 0.1620764 -0.133477 0.9772183 0.1592791 -0.1402658 0.977555 0.1603134 -0.136696 0.9765875 0.1590493 -0.1448455 0.9773956 0.1582224 -0.1402265 0.9776009 0.1713569 -0.1222029 0.9774131 0.1708772 -0.1243575 0.9771982 0.1706004 -0.1264088 0.9774554 0.1706402 -0.1243502 0.977676 0.1925351 -0.08414202 0.9776763 0.1925331 -0.08414292 0.9769521 0.1970475 -0.08207738 0.9772942 0.1947119 -0.08356618 0.9778466 0.1936678 -0.07942938 0.9778017 0.1937853 -0.07969421 0.9741433 0.2062055 -0.09232616 0.9775402 0.2007657 -0.06409662 0.9764761 0.2071275 -0.05993884 0.9768738 0.2040243 -0.06396663 0.9768855 0.2036384 -0.06500834 0.9773749 0.200606 -0.06705051 0.9776895 0.1981346 -0.06975728 0.9777832 0.2066829 -0.03496283 0.9776036 0.2069307 -0.03835493 0.9772478 0.2079502 -0.04175347 0.9769282 0.2090517 -0.04368931 0.9768794 0.2086922 -0.04641413 0.9764897 0.209494 -0.05079585 0.9777393 0.2053886 -0.04291361 0.977266 0.2105684 -0.02474254 0.9774551 0.2099058 -0.02282726 0.9776163 0.2093713 -0.02074033 0.9773576 0.2101541 -0.02464729 0.9782914 0.205348 -0.02789461 0.9778109 0.2070757 -0.03170943 0.9776174 0.2092403 -0.02197599 0.9776666 0.2100232 0.007643282 0.9772635 0.2106466 0.02416753 0.9778246 0.2076224 0.02742749 0.9778078 0.2077096 0.0273658 0.9741523 0.2247651 0.02253931 0.9777032 0.2070916 0.03477954 0.9777821 0.2073285 0.03093713 0.9776889 0.2089972 0.02109152 0.9772118 0.210872 0.0242908 0.9774288 0.2100675 0.02246487 0.9774745 0.2047312 0.05127179 0.9772749 0.2067841 0.04662764 0.9768345 0.2096518 0.04289966 0.9770209 0.2089867 0.04188936 0.977479 0.2075473 0.03819632 0.9777177 0.1966453 0.07347667 0.9776878 0.1981176 0.06982767 0.9774891 0.2000921 0.06691986 0.976976 0.2035707 0.06385123 0.9766041 0.2057035 0.06269431 0.9769476 0.2048551 0.0600658 0.9770806 0.1965684 0.0816977 0.9776517 0.1919032 0.08585047 0.97751 0.193278 0.08436763 0.9773436 0.1946735 0.08307725 0.9773969 0.1945305 0.08278477 0.9769992 0.1723738 0.1255382 0.9779087 0.1717171 0.119197 0.9777551 0.1639103 0.1308758 0.9777909 0.167055 0.1265613 0.9778139 0.1669121 0.1265717 0.9736418 0.1859916 0.1320183 0.9773018 0.1616899 0.1368848 0.9776293 0.1626518 0.1333622 0.9769091 0.1613773 0.1400223 0.97674 0.1615298 0.1410222 0.9777148 0.1365661 0.1594475 0.9775878 0.1397734 0.1574345 0.9772198 0.1436389 0.1562347 0.976643 0.1479864 0.1557832 0.9764506 0.1490946 0.1559336 0.977489 0.1509143 0.1474454 0.9775163 0.1538879 0.1441541 0.9771922 0.1296342 0.1681979 0.9776749 0.1239094 0.1697011 0.9775632 0.1256527 0.169061 0.9774209 0.1274176 0.1685619 0.9776483 0.1333988 0.1625074 0.9772848 0.1289137 0.1682135 0.9774788 0.2108743 -0.008209466 0.9754613 0.2173653 -0.035039 0.9775981 0.2103275 -0.008036196 0.9775744 0.2103966 0.00902903 0.9777975 -0.1939798 -0.07927268 0.9777706 -0.194046 -0.07944166 0.9772419 -0.1907493 -0.09280604 0.9775494 -0.1869618 -0.09717214 0.9770732 -0.1786868 -0.1157544 0.9775816 -0.1795492 -0.1099833 0.9775974 -0.167567 -0.1273761 0.9778515 -0.1654574 -0.1281811 0.9778007 -0.1284659 -0.1655371 0.9777786 -0.1284433 -0.1656848 0.9772142 -0.1200934 -0.1750146 0.9775577 -0.113092 -0.1777395 0.9772124 -0.1031516 -0.1855145 0.9776367 -0.09665048 -0.1867758 0.9774956 -0.08216387 -0.1942975 0.9778474 -0.07914578 -0.1937797 0.9783459 -0.01704818 -0.206273 0.9777929 -0.01627314 -0.2089409 0.9772028 0.002201676 -0.2122966 0.977544 0.007817149 -0.210587 0.9773655 0.02596509 -0.2099583 0.9775354 0.02385658 -0.2094168 0.9783458 0.08823388 -0.1872282 0.9778151 0.0901618 -0.1890729 0.9771731 0.1061867 -0.1840034 0.9772692 0.1131936 -0.1792543 0.9775033 0.1085781 -0.1808267 0.977401 0.1272042 -0.1688381 0.9775388 0.1254258 -0.1693706 0.9782895 0.1636218 -0.1271913 0.9772416 0.1700438 -0.1268228 0.9774966 0.1784188 -0.1125494 0.9771652 0.1830353 -0.107919 0.9771828 0.1883547 -0.09816533 0.9776059 0.1831464 -0.1036536 0.9773231 0.1946305 -0.08341801 0.9774849 0.1932331 -0.08476048 0.9782654 0.1921473 0.07795125 0.9774022 0.1945478 0.08268165 0.977413 0.1868059 0.09883087 0.9771715 0.1860635 0.102549 0.9775592 0.1774623 0.1135126 0.9770696 0.1721975 0.125232 0.9772846 0.1723984 0.1232631 0.9782651 0.1277049 0.1633673 0.9774774 0.1274446 0.1682138 0.9772778 0.1102639 0.1810247 0.977338 0.1107606 0.1803957 0.9776216 0.09081542 0.1897597 0.9771926 0.08873718 0.1929259 0.9782751 0.02952206 0.2051983 0.9775316 0.02699422 0.2090532 0.9771316 0.004551172 0.2125874 0.9773648 0.007161438 0.2114397 0.9774758 -0.01580464 0.2104554 0.9778838 -0.01277333 0.2087591 0.9777916 -0.02714133 0.2078145 0.9777479 -0.02888292 0.2077863 0.9779884 -0.09066992 0.1879306 0.9774854 -0.09681195 0.187483 0.9777833 -0.12647 0.1671678 0.9777824 -0.1265343 0.167125 0.9773958 -0.1160579 0.1767148 0.9774886 -0.1146912 0.1770933 0.9775238 -0.1782723 0.1125442 0.9772963 -0.1774345 0.1157972 0.9776716 -0.1662165 0.1285707 0.9777907 -0.1654123 0.1287024 0.9777613 -0.1928506 0.08241009 0.9778679 -0.1907591 0.08593875 0.9780375 -0.1853445 0.09534198 0.9772418 -0.1915488 0.09114569 0.977841 -0.2074581 0.02807617 0.9777096 -0.208189 0.0272302 0.9772717 -0.2115737 0.01329213 0.9774973 -0.2107249 0.009694993 0.9771565 -0.2121884 -0.01189637 0.9774947 -0.2108085 -0.008001506 0.9774236 -0.2110097 -0.01087093 0.9777052 -0.20823 -0.02707415 0.9777218 -0.2082147 -0.02658373 7.37578e-4 0.9994039 0.03451681 -5.30522e-4 0.989928 0.1415717 0 0.8668829 0.498512 2.44562e-4 0.867798 0.4969171 0.6602984 0.7490455 -0.05419379 0.636986 0.770722 0.01538437 0.6056222 0.7918671 0.07853841 0.6741997 0.7367872 0.05098497 0.565368 0.8087886 0.1619266 0.6777163 0.7259762 0.1168729 0.5708206 0.7847388 0.2415552 0.6775327 0.7103225 0.1907657 0.5707381 0.7558355 0.3208909 0.6780978 0.6865209 0.2624356 0.5696835 0.7193758 0.3974409 0.6786953 0.6554648 0.3312683 0.5681936 0.6754209 0.4700667 0.6787786 0.6179502 0.3967334 0.5680637 0.6237205 0.5369139 0.6786643 0.5740385 0.4581425 0.5683541 0.5652166 0.5979164 0.6784738 0.5241125 0.5147615 0.5683177 0.500833 0.6528258 0.6788955 0.4682691 0.5655307 0.5674753 0.4313068 0.7013888 0.6790547 0.4076504 0.6104965 0.5666239 0.3569731 0.7426356 0.6795912 0.3426035 0.6486746 0.5654305 0.2790253 0.7761658 0.679351 0.2742927 0.6806216 0.5659659 0.1978766 0.8003297 0.679102 0.2030349 0.7054058 0.5661548 0.1146389 0.8162884 0.6795479 0.1294814 0.7221145 0.5653544 0.03019833 0.8242952 0.6790819 0.05467879 0.7320234 0.5656368 -0.05476421 0.822834 0.6799904 -0.02073729 0.7329278 0.5633715 -0.1395674 0.8143301 0.6797794 -0.09587836 0.7271227 0.5640153 -0.2222051 0.795306 0.679545 -0.1700662 0.7136498 0.5640839 -0.3027108 0.7682289 0.6799459 -0.2423228 0.6920645 0.5630896 -0.380497 0.7335886 0.6795789 -0.3122564 0.6638287 0.5629628 -0.4539928 0.6906255 0.6806016 -0.3782502 0.6274618 0.5609174 -0.5236447 0.6412239 0.6801949 -0.4409102 0.5856051 0.5617725 -0.5861348 0.5838302 0.6800073 -0.498803 0.5373879 0.5621735 -0.6426805 0.5205024 0.679499 -0.5516995 0.483641 0.5622662 -0.6927211 0.4516572 0.6802055 -0.5978968 0.4240755 0.5605077 -0.7367246 0.3782434 0.6808604 -0.63774 0.3601623 0.5592442 -0.7725135 0.3007804 0.6806378 -0.6715403 0.2928581 0.5597496 -0.7989556 0.219887 0.6803748 -0.6982834 0.2224647 0.5599751 -0.8171474 0.1367409 0.6802963 -0.7175015 0.1496289 0.559705 -0.8270568 0.05203396 0.6806545 -0.7287397 0.07515358 0.5557191 -0.8305944 -0.03590756 0.6544032 -0.7561458 -4.26208e-5 0.6548659 -0.7547442 -0.03888338 0.5994965 -0.7961381 -0.08227044 0.6475942 -0.7537211 -0.1119213 0.598285 -0.784378 -0.163727 0.6510124 -0.736305 -0.1844934 0.59806 -0.7635871 -0.2434316 0.6508688 -0.7136387 -0.2590166 0.5982621 -0.7344217 -0.3204796 0.6510636 -0.683123 -0.3308464 0.5975037 -0.6981246 -0.3944761 0.6507664 -0.6455266 -0.3997482 0.5972543 -0.6540708 -0.464197 0.6502763 -0.60123 -0.4643958 0.5968796 -0.6031572 -0.5290899 0.6501809 -0.5505138 -0.5236405 0.596871 -0.5456225 -0.5882527 0.6501237 -0.4939408 -0.577375 0.5967386 -0.4823843 -0.6412554 0.6498833 -0.4321309 -0.6252317 0.5965483 -0.4140457 -0.6875292 0.6501787 -0.3654471 -0.6661202 0.5958672 -0.3414611 -0.7268745 0.6493378 -0.2948362 -0.7010222 0.595799 -0.2649814 -0.7581613 0.6491723 -0.2215325 -0.7276667 0.595707 -0.1857407 -0.7814305 0.6491213 -0.1459921 -0.746544 0.5960876 -0.1044193 -0.7961007 0.6492516 -0.06866836 -0.7574676 0.5955722 -0.02212232 -0.8029971 0.6493768 0.009977638 -0.7604015 0.5946508 0.06054544 -0.8017011 0.6518092 0.09063428 -0.7529477 0.6517037 0.09737884 -0.7521967 0.5960988 0.1423936 -0.7901839 0.6443587 0.1700771 -0.7455707 0.5945591 0.2231179 -0.7724751 0.6481713 0.2408802 -0.7223923 0.5947967 0.3012214 -0.7453071 0.6483802 0.3136857 -0.6936889 0.5942937 0.3763651 -0.7107492 0.6510579 0.3839621 -0.6547494 0.650927 0.390792 -0.6508271 0.5953426 0.4469567 -0.6676803 0.6507331 0.4557712 -0.6073049 0.6507366 0.4557288 -0.6073329 0.5951535 0.5132601 -0.6183499 0.650505 0.5159133 -0.557384 0.6505039 0.5159099 -0.5573884 0.5949862 0.5741327 -0.5624617 0.6431187 0.571305 -0.5099108 0.5935819 0.6296859 -0.5011548 0.6473563 0.6153526 -0.4497455 0.5930576 0.6781477 -0.434049 0.6500498 0.6573762 -0.3811718 0.6498752 0.6614546 -0.3743529 0.5944129 0.7182394 -0.3616704 0.6496713 0.6965963 -0.3044355 0.6496713 0.6966004 -0.304426 0.5942211 0.7517175 -0.2860456 0.649446 0.7243921 -0.2312489 0.6494477 0.7243857 -0.2312639 0.5940095 0.7772606 -0.2074097 0.6492549 0.7444939 -0.1555538 0.6492564 0.7444856 -0.1555875 0.5942239 0.7942546 -0.1267194 0.6428425 0.761245 -0.085204 0.5720004 0.8198334 -0.0262444 -5.76858e-4 0.8704119 -0.492324 0 0.8683616 -0.4959316 0 0.9977566 -0.06694692 8.17191e-4 0.9975596 -0.06981629 -5.72025e-4 0.9884246 -0.1517121 0.001666009 0.9875712 -0.157163 -8.32631e-4 0.9679532 -0.2511296 0.001951456 0.9661615 -0.2579305 -0.001040399 0.9375325 -0.3478963 0.002233684 0.9345797 -0.3557471 -0.001241266 0.8974373 -0.4411404 0.002500653 0.8931024 -0.4498467 -0.001439571 0.8481277 -0.5297899 0.002770304 0.8421891 -0.5391751 -0.001622021 0.7900477 -0.6130433 0.003019273 0.7823668 -0.6228107 -0.001806557 0.7238407 -0.6899648 0.003267228 0.7142592 -0.6998737 -0.001971125 0.6501445 -0.7598082 0.003495216 0.6386126 -0.7695205 -0.002138972 0.5697531 -0.8218132 0.003717422 0.5561984 -0.8310412 -0.002299666 0.483465 -0.8753607 0.00393033 0.4678843 -0.8837811 -0.002451062 0.3921678 -0.9198904 0.004123568 0.3746348 -0.9271634 -0.002600193 0.2968477 -0.9549214 0.004317104 0.2774138 -0.9607409 -0.002742886 0.198438 -0.9801097 0.004493951 0.1772671 -0.9841526 -0.002878606 0.09796112 -0.9951862 0.004665076 0.07522708 -0.9971556 -0.003008008 -0.003563582 -0.9999892 0.004815399 -0.02760201 -0.9996074 -0.003132998 -0.10502 -0.9944652 0.004962384 -0.1301103 -0.9914871 -0.003256201 -0.2054702 -0.978658 0.005093991 -0.2313094 -0.972867 -0.003371238 -0.3037395 -0.9527492 0.005214393 -0.3299756 -0.9439752 -0.003490209 -0.398905 -0.9169857 0.005332529 -0.4252242 -0.9050725 -0.003590762 -0.4899634 -0.8717356 0.005438208 -0.5159269 -0.8566154 -0.003695189 -0.5759845 -0.8174523 0.005525112 -0.6011785 -0.7990957 -0.003795981 -0.6560294 -0.7547259 0.005601227 -0.6800528 -0.7331418 -0.003909587 -0.7293072 -0.6841753 0.005670666 -0.7517642 -0.6594076 -0.003684341 -0.7937487 -0.6082348 0.005528092 -0.8155027 -0.5787268 -0.004993796 -0.8486294 -0.5289644 -0.004993081 -0.8486506 -0.5289303 0.005546391 -0.870619 -0.4919268 -0.005072295 -0.8977792 -0.4404167 -0.005071997 -0.8977906 -0.4403935 0.005566596 -0.9165298 -0.3999277 -0.005140781 -0.9377435 -0.3472907 -0.005141019 -0.9377428 -0.3472927 0.005562305 -0.9527459 -0.3037177 -0.005200624 -0.9680582 -0.2506719 -0.005200445 -0.9680668 -0.250639 0.005550265 -0.9788896 -0.2043148 -0.00526154 -0.9884548 -0.1514251 -0.005261421 -0.9884578 -0.151405 0.005519866 -0.994693 -0.1027404 -0.005304574 -0.9987012 -0.05067491 -0.005304455 -0.998704 -0.05062091 0.005511999 -0.9999848 -1.07259e-6 0 0.9974064 0.07197517 0.001537144 0.9977452 0.06709903 -0.001239955 0.9872812 0.1589798 0.00212574 0.9884327 0.1516458 -0.001497268 0.965782 0.2593508 0.002500951 0.9680011 0.2509337 -0.001790165 0.9340762 0.3570693 0.002873778 0.9376093 0.347679 -0.002099275 0.8925002 0.4510421 0.003257036 0.8975746 0.4408509 -0.002413213 0.841507 0.5402409 0.003639519 0.8483048 0.5294958 -0.002744138 0.7816132 0.6237576 0.004034638 0.7903092 0.612695 -0.003074884 0.7134535 0.7006959 0.004431128 0.7241566 0.6896215 -0.003409385 0.6377903 0.7702025 0.004827499 0.6505699 0.7594311 -0.003762662 0.5553619 0.8316004 0.005241632 0.5702877 0.8214284 -0.00411272 0.467055 0.8842188 0.005644977 0.4840832 0.8750039 -0.00447905 0.3738422 0.9274816 0.006054401 0.3929316 0.9195479 -0.004852712 0.2766526 0.9609577 0.006467282 0.2977038 0.9546364 -0.005239725 0.1765504 0.9842777 0.006881475 0.1994212 0.9798897 -0.005632102 0.07456564 0.9972003 0.007311463 0.09907931 0.9950527 -0.00602132 -0.0282014 0.9995842 0.007730484 -0.002327024 0.9999675 -0.006424427 -0.1306466 0.9914082 0.008158862 -0.1036612 0.9945793 -0.006834328 -0.2317302 0.9727561 0.008585989 -0.2039703 0.9789395 -0.00725907 -0.3303703 0.9438236 0.009005486 -0.30219 0.9532052 -0.007693409 -0.4255452 0.9049045 0.009449303 -0.3972795 0.9176491 -0.008115947 -0.5161716 0.8564468 0.009890973 -0.4882673 0.8726382 -0.008551299 -0.6013722 0.7989232 0.01031011 -0.5742832 0.8185918 -0.009004175 -0.6802033 0.7329683 0.01120871 -0.6537089 0.756663 -0.004878461 -0.7247827 0.6889603 -0.003729403 -0.751881 0.6592885 0.01227653 -0.7247182 0.688936 -0.004959404 -0.7907791 0.6120815 -0.003925383 -0.8155865 0.5786219 0.01282316 -0.7907103 0.6120561 -0.005034685 -0.8486276 0.5289669 -0.004128694 -0.8706707 0.491849 0.01336878 -0.8485856 0.5288894 -0.00510931 -0.8977801 0.4404143 -0.004342198 -0.9165628 0.3998675 0.01395124 -0.8977148 0.4403563 -0.005170762 -0.9377436 0.3472898 -0.004554033 -0.9527683 0.3036641 0.01452046 -0.9376565 0.34726 -0.005219757 -0.9680581 0.2506721 -0.00476402 -0.9789004 0.204283 0.015096 -0.9679692 0.2506149 -0.005273878 -0.9884549 0.1514232 -0.004989087 -0.9947016 0.1026841 0.01568907 -0.9883497 0.1513899 -0.005305588 -0.9987024 0.05064964 -0.7065167 0.7060849 0.0477336 -0.7258839 0.6868932 0.03564208 -0.8925568 0.4503881 -0.02220195 -0.7344017 0.6771751 -0.045695 -0.7064173 0.7068484 -0.03660476 -0.7068001 0.6992558 -0.1071221 -0.7059174 0.7000769 -0.1075778 -0.7068243 0.6848058 -0.1773151 -0.705696 0.6857895 -0.1780059 -0.7068824 0.663304 -0.2456526 -0.7054656 0.6644451 -0.2466398 -0.7069669 0.6349682 -0.3114695 -0.7051467 0.6362975 -0.3128797 -0.7069677 0.6002021 -0.3741046 -0.7048971 0.6015455 -0.37585 -0.7070668 0.5591961 -0.432847 -0.7045987 0.5605767 -0.4350801 -0.7071317 0.512483 -0.4871612 -0.704289 0.5138005 -0.4898838 -0.7072313 0.4605123 -0.5364257 -0.7039352 0.4617066 -0.5397242 -0.7073032 0.4038342 -0.5802071 -0.7036002 0.4047893 -0.5840312 -0.7074043 0.3430192 -0.6179943 -0.7032095 0.3436561 -0.6224123 -0.7074806 0.2786972 -0.6494606 -0.7028004 0.2788982 -0.6544367 -0.7075722 0.2115396 -0.6742349 -0.7024734 0.2111991 -0.6796514 -0.7077245 0.1422174 -0.6920262 -0.7019997 0.141219 -0.6980356 -0.7078001 0.07147759 -0.7027873 -0.7015498 0.06971752 -0.7092019 -0.7078937 0 -0.706319 -0.7011017 -0.002617001 -0.7130565 -0.7080453 -0.0714519 -0.7025429 -0.7006602 -0.07503598 -0.7095385 -0.7082172 -0.1421189 -0.6915423 -0.7001534 -0.1467943 -0.6987394 -0.7083005 -0.2113202 -0.6735386 -0.6996446 -0.2171066 -0.6807072 -0.7084388 -0.2783173 -0.6485786 -0.6991365 -0.2852984 -0.6556013 -0.7085671 -0.3424541 -0.6169748 -0.6986395 -0.3506346 -0.6236651 -0.7087364 -0.4030109 -0.5790293 -0.6980592 -0.4125056 -0.5852799 -0.7088637 -0.4594446 -0.5351849 -0.6975756 -0.4701131 -0.5407237 -0.709038 -0.5110965 -0.4858452 -0.6969265 -0.5230954 -0.4905759 -0.7091979 -0.5575069 -0.4315374 -0.7066505 -0.5601555 -0.4322856 -0.7066243 -0.6004872 -0.3742957 -0.7066394 -0.6004815 -0.3742766 -0.7066133 -0.6005128 -0.3742755 -0.7066143 -0.6352748 -0.3116445 -0.7066326 -0.6352686 -0.3116154 -0.706638 -0.6352612 -0.3116183 -0.706639 -0.6635322 -0.2457367 -0.7066326 -0.6635379 -0.2457396 -0.7066369 -0.6635334 -0.2457394 -0.7066388 -0.6849823 -0.1773721 -0.7066491 -0.6849749 -0.1773602 -0.7066302 -0.6849967 -0.1773507 -0.7066339 -0.69942 -0.1071461 -0.7066301 -0.6994236 -0.1071475 -0.7066138 -0.6994417 -0.1071366 -0.7066118 -0.7066921 -0.03586161 -0.7066356 -0.7066696 -0.0358377 -0.7066147 -0.7066915 -0.03581815 -0.7066111 -0.7066941 0.03583812 -0.7066092 -0.7066958 0.03584069 -0.706609 -0.6994444 0.1071507 -0.7066543 -0.6994019 0.1071304 -0.7066339 -0.69942 0.1071461 -0.7066297 -0.6849936 0.1773651 -0.7066682 -0.6849599 0.1773416 -0.7066388 -0.6849823 0.1773721 -0.7066338 -0.6635367 0.2457391 -0.7066368 -0.6635332 0.2457402 -0.706639 -0.6635322 0.2457367 -0.7066353 -0.6352663 0.3116142 -0.706632 -0.6352669 0.3116204 -0.7066143 -0.6352748 0.3116445 -0.7066109 -0.600506 0.3742907 -0.7066659 -0.6004677 0.3742485 -0.7066243 -0.6004872 0.3742957 -0.7066241 -0.5595471 0.433116 -0.706614 -0.559552 0.4331263 -0.7066316 -0.5595448 0.4331068 -0.7066301 -0.512848 0.4875047 -0.7065928 -0.5128623 0.4875437 -0.7066171 -0.5128607 0.4875105 -0.7066174 -0.460912 0.5368911 -0.7096006 -0.4597977 0.5339037 -0.7021049 -0.4067811 0.5844467 -0.709572 -0.404706 0.5768194 -0.7024581 -0.345404 0.6222931 -0.7093084 -0.3442257 0.6151344 -0.7026827 -0.2805773 0.6538451 -0.7091622 -0.2801555 0.6469945 -0.7030096 -0.2128975 0.6785662 -0.7089697 -0.2131547 0.6722552 -0.7032948 -0.1431059 0.6963456 -0.7088034 -0.1439321 0.690566 -0.7035745 -0.07190406 0.7069744 -0.7085445 -0.07318478 0.7018609 -0.7037304 0 0.7104671 -0.7084158 -0.001686215 0.7057933 -0.7040075 0.07186126 0.7065475 -0.7082249 0.06991821 0.7025162 -0.7042214 0.1429207 0.6954466 -0.7080876 0.1407735 0.69195 -0.7044727 0.2124636 0.6771835 -0.7079622 0.2102132 0.6742404 -0.7046954 0.2797916 0.6520131 -0.7077987 0.2775339 0.6496122 -0.704887 0.3442372 0.6201896 -0.7077147 0.341969 0.6182209 -0.705127 0.4050728 0.5819898 -0.7075436 0.402973 0.5805127 -0.7052661 0.461789 0.5379133 -0.7074313 0.4597792 0.5367906 -0.7054453 0.5137022 0.4883207 -0.7073209 0.5118739 0.4875269 -0.7056247 0.5603338 0.4337278 -0.7072069 0.5587317 0.4332175 -0.7057616 0.6012244 0.3747396 -0.7071211 0.5998086 0.3744455 -0.7059161 0.6359094 0.311932 -0.7070213 0.6347408 0.3118095 -0.7060384 0.664094 0.2459453 -0.7069566 0.6631165 0.2459449 -0.7061821 0.6854261 0.177477 -0.7068448 0.6847245 0.1775472 -0.7062624 0.6997865 0.1072025 -0.7067685 0.6992586 0.1073121 -1 0 0 -1 8.92206e-7 0 -1 -8.93632e-7 0 -1 8.95488e-7 0 -1 4.48875e-7 0 -1 4.50219e-7 0 -1 -1.82563e-6 0 -1 4.51802e-7 0 -1 9.09562e-7 0 -1 -6.80394e-7 0 -1 4.37831e-7 0 -1 9.01934e-7 0 -1 -4.43924e-7 0 -1 2.20611e-7 0 -1 -2.17707e-7 0 -1 -4.32281e-7 0 -1 4.45215e-7 0 -1 9.24149e-7 0 -1 4.61745e-7 0 -1 -8.91824e-7 0 -1 4.61185e-7 0 -1 -2.302e-7 0 -1 2.29143e-7 0 -1 -4.56915e-7 0 -1 -9.10707e-7 0 -1 9.03311e-7 0 -1 -8.99061e-7 0 -1 1.83802e-6 0 -1 1.84863e-6 0 -1 -1.77904e-6 0 -1 1.86022e-6 0 -1 -1.76857e-6 0 -1 3.80325e-6 0 -1 -1.72041e-6 0 -1 1.70703e-6 0 -1 -9.24418e-7 0 -1 1.78076e-6 0 -1 -9.23724e-7 0 -1 1.84552e-6 0 -1 1.84275e-6 0 -1 1.79245e-6 0 -1 -1.8348e-6 0 -1 1.80296e-6 0 -0.9999988 0.001412272 -7.1957e-4 -0.9999991 0.001392543 -7.42426e-5 -0.9999998 1.23796e-5 7.64841e-4 -1 1.78248e-6 0 -1 1.73746e-6 0 -1 -9.56136e-7 0 -1 -8.55759e-7 0 -1 4.8684e-7 0 0 -0.9985828 -0.05322003 0 -0.998583 -0.05321782 0 -0.9872666 -0.1590743 0 -0.9872667 -0.1590744 0 -0.9647703 -0.2630937 0 -0.96477 -0.2630948 0 -0.9313398 -0.3641514 0 -0.9313405 -0.3641496 0 -0.8873487 -0.461099 0 -0.8873484 -0.4610996 0 -0.8333128 -0.5528019 0 -0.8333137 -0.5528005 0 -0.7698335 -0.6382448 0 -0.7698329 -0.6382457 0 -0.6976265 -0.7164616 0 -0.6976271 -0.7164611 0 -0.617528 -0.786549 0 -0.6175285 -0.7865486 0 -0.5304177 -0.8477365 0 -0.4373055 -0.8993131 0 -0.4373056 -0.8993131 0 -0.3392489 -0.9406967 0 -0.3392485 -0.9406968 0 -0.2373297 -0.9714292 0 -0.1327116 -0.9911547 0 -0.02663213 -0.9996454 0 0.07978272 -0.9968124 0 0.07978278 -0.9968124 0 0.1853012 -0.9826818 0 0.1853013 -0.9826818 0 0.2886953 -0.957421 0 0.2886955 -0.957421 0 0.3888131 -0.9213167 0 0.3888129 -0.9213168 0 0.4845538 -0.8747615 0 0.5747877 -0.8183026 0 0.5747872 -0.8183029 0 0.658515 -0.7525677 0 0.6585162 -0.7525665 0 0.7347749 -0.6783111 0 0.7347761 -0.6783098 0 0.802707 -0.5963737 0 0.8027071 -0.5963736 0 0.8615577 -0.5076599 0 0.8615567 -0.5076615 0 0.9106354 -0.4132111 0 0.9106352 -0.4132113 0 0.9493935 -0.3140892 0 0.9493941 -0.3140872 0 0.9774051 -0.2113752 0 0.977405 -0.2113754 0 0.9943336 -0.1063051 0 0.9943336 -0.1063051 0 1 0 0 0.9943336 0.1063051 0 0.9943336 0.1063051 0 0.9774051 0.2113752 0 0.977405 0.2113754 0 0.9493941 0.3140873 0 0.9493935 0.3140891 0 0.9106354 0.4132111 0 0.9106352 0.4132113 0 0.8615567 0.5076615 0 0.8615577 0.5076599 0 0.802707 0.5963737 0 0.8027071 0.5963736 0 0.734776 0.6783099 0 0.734775 0.678311 0 0.6585161 0.7525667 0 0.6585152 0.7525675 0 0.5747872 0.8183029 0 0.5747877 0.8183026 0 0.4845538 0.8747615 0 0.3888129 0.9213168 0 0.3888131 0.9213167 0 0.2886954 0.9574211 0 0.2886954 0.957421 0 0.1853012 0.9826818 0 0.1853013 0.9826818 0 0.07978272 0.9968124 0 0.07978278 0.9968124 0 -0.02663213 0.9996454 0 -0.1327116 0.9911547 0 -0.2373297 0.9714292 0 -0.3392485 0.9406968 0 -0.3392489 0.9406967 0 -0.4373057 0.899313 0 -0.4373053 0.8993132 0 -0.5304177 0.8477365 0 -0.6175285 0.7865486 0 -0.617528 0.786549 0 -0.6976271 0.7164611 0 -0.6976265 0.7164616 0 -0.769833 0.6382455 0 -0.7698333 0.638245 0 -0.8333138 0.5528004 0 -0.8333127 0.552802 0 -0.8873484 0.4610999 0 -0.8873489 0.4610988 0 -0.9313405 0.3641495 0 -0.9313398 0.3641515 0 -0.96477 0.2630947 0 -0.9647703 0.2630938 0 -0.9872666 0.1590743 0 -0.9872667 0.1590744 0 -0.998583 0.05321782 0 -0.9985829 0.05321997 -1 -6.30628e-7 0 -1 -3.39839e-7 0 -1 0 0 -1 0 0 -1 0 0 -1 2.52628e-7 0 -1 0 0 -1 -1.61703e-6 0 -1 4.06565e-7 0 -1 -1.22914e-7 0 -1 1.20836e-6 0 -1 -1.62631e-6 0 -1 9.92655e-7 0 -1 4.91617e-7 0 -1 -1.43507e-7 0 -1 -2.92288e-7 0 -1 0 0 -1 -3.15782e-7 0 -1 6.37194e-7 0 -1 4.86582e-7 0 -1 -7.0054e-7 0 -1 3.49118e-7 0 -1 -1.57739e-7 0 -1 1.26326e-7 0 -1 0 0 -1 2.32573e-7 0 -1 2.88106e-7 0 -1 -4.58273e-7 0 -1 3.36866e-7 0 -1 -8.02549e-7 0 -1 5.04771e-7 0 -1 0 0 -1 -2.64579e-7 0 -1 0 0 -1 4.94996e-7 0</float_array>
          <technique_common>
            <accessor source="#Link_6_001-mesh-normals-array" count="4441" stride="3">
              <param name="X" type="float"/>
              <param name="Y" type="float"/>
              <param name="Z" type="float"/>
            </accessor>
          </technique_common>
        </source>
        <vertices id="Link_6_001-mesh-vertices">
          <input semantic="POSITION" source="#Link_6_001-mesh-positions"/>
        </vertices>
        <triangles material="link_06_part_000_mtl-material" count="6242">
          <input semantic="VERTEX" source="#Link_6_001-mesh-vertices" offset="0"/>
          <input semantic="NORMAL" source="#Link_6_001-mesh-normals" offset="1"/>
          <p>0 0 1 0 2 0 0 0 2 0 3 0 4 1 5 1 2 1 2 2 5 2 6 2 2 3 6 3 3 3 7 4 8 4 2 4 2 5 8 5 9 5 2 6 9 6 4 6 10 0 11 0 2 0 2 7 11 7 12 7 2 8 12 8 7 8 13 9 14 9 2 9 2 10 14 10 15 10 2 11 15 11 10 11 16 12 17 12 2 12 2 13 17 13 18 13 2 14 18 14 13 14 19 0 20 0 2 0 2 15 20 15 21 15 2 16 21 16 16 16 22 0 23 0 2 0 24 0 25 0 2 0 2 17 25 17 26 17 2 18 26 18 22 18 27 19 28 19 2 19 2 20 28 20 29 20 2 21 29 21 24 21 30 22 31 22 2 22 2 23 31 23 32 23 2 0 32 0 27 0 33 24 34 24 2 24 2 25 34 25 35 25 2 26 35 26 30 26 1 0 36 0 2 0 2 0 36 0 37 0 2 27 37 27 33 27 38 28 39 28 40 28 40 29 39 29 41 29 40 30 41 30 42 30 43 31 44 31 40 31 40 32 44 32 45 32 40 33 45 33 38 33 46 34 47 34 40 34 40 35 47 35 48 35 40 36 48 36 43 36 49 0 50 0 40 0 40 37 50 37 51 37 40 38 51 38 46 38 52 0 53 0 40 0 40 39 53 39 54 39 40 40 54 40 49 40 55 0 56 0 40 0 40 0 56 0 57 0 40 0 57 0 52 0 40 0 58 0 55 0 59 41 60 41 40 41 40 0 60 0 61 0 40 0 61 0 62 0 63 0 64 0 40 0 40 42 64 42 65 42 40 43 65 43 59 43 66 44 67 44 40 44 40 45 67 45 68 45 40 46 68 46 63 46 69 47 70 47 40 47 40 48 70 48 71 48 40 49 71 49 66 49 42 50 72 50 40 50 40 51 72 51 73 51 40 52 73 52 69 52 74 0 75 0 76 0 76 0 75 0 77 0 78 53 79 53 76 53 76 0 79 0 80 0 76 0 80 0 74 0 81 0 82 0 76 0 76 40 82 40 83 40 76 39 83 39 78 39 84 34 85 34 76 34 76 38 85 38 86 38 76 37 86 37 81 37 87 54 88 54 76 54 76 36 88 36 89 36 76 35 89 35 84 35 90 28 91 28 76 28 76 33 91 33 92 33 76 32 92 32 87 32 93 50 94 50 76 50 76 30 94 30 95 30 76 29 95 29 90 29 96 55 97 55 76 55 76 52 97 52 98 52 76 51 98 51 93 51 99 44 100 44 76 44 76 49 100 49 101 49 76 48 101 48 96 48 102 0 103 0 76 0 76 46 103 46 104 46 76 45 104 45 99 45 105 0 106 0 76 0 76 43 106 43 107 43 76 42 107 42 102 42 76 0 108 0 109 0 76 0 109 0 105 0 110 56 111 56 112 56 112 57 111 57 113 57 112 58 113 58 114 58 115 0 116 0 112 0 112 59 116 59 117 59 112 0 117 0 110 0 118 0 119 0 112 0 112 60 119 60 120 60 112 61 120 61 115 61 121 62 122 62 112 62 112 0 122 0 123 0 112 63 123 63 118 63 124 0 125 0 112 0 112 0 125 0 126 0 112 64 126 64 121 64 127 0 128 0 112 0 112 65 128 65 129 65 112 66 129 66 124 66 112 0 130 0 127 0 131 0 132 0 112 0 112 67 132 67 133 67 112 68 133 68 134 68 135 69 136 69 112 69 112 70 136 70 137 70 112 0 137 0 131 0 138 0 139 0 112 0 112 71 139 71 140 71 112 0 140 0 135 0 141 0 142 0 112 0 112 72 142 72 143 72 112 73 143 73 138 73 114 74 144 74 112 74 112 0 144 0 145 0 112 75 145 75 141 75 146 0 147 0 148 0 148 0 147 0 149 0 150 0 151 0 148 0 148 0 151 0 152 0 148 0 152 0 146 0 153 0 154 0 148 0 148 76 154 76 155 76 148 0 155 0 150 0 156 0 157 0 148 0 148 77 157 77 158 77 148 0 158 0 153 0 159 0 160 0 148 0 148 78 160 78 161 78 148 79 161 79 156 79 162 0 163 0 148 0 148 0 163 0 164 0 148 80 164 80 159 80 165 0 166 0 148 0 148 81 166 81 167 81 148 82 167 82 162 82 168 0 169 0 148 0 148 83 169 83 170 83 148 0 170 0 165 0 171 0 172 0 148 0 148 84 172 84 173 84 148 85 173 85 168 85 174 0 175 0 148 0 148 0 175 0 176 0 148 86 176 86 171 86 177 0 178 0 148 0 148 0 178 0 179 0 148 87 179 87 174 87 148 0 180 0 181 0 148 0 181 0 177 0 182 88 183 88 184 88 184 89 183 89 185 89 184 90 185 90 186 90 187 0 188 0 184 0 184 91 188 91 189 91 184 92 189 92 182 92 190 0 191 0 184 0 184 93 191 93 192 93 184 94 192 94 187 94 193 95 194 95 184 95 184 0 194 0 195 0 184 96 195 96 190 96 196 0 197 0 184 0 184 0 197 0 198 0 184 97 198 97 193 97 184 0 199 0 200 0 184 0 200 0 196 0 201 0 202 0 184 0 184 0 202 0 203 0 204 0 205 0 184 0 184 0 205 0 206 0 184 0 206 0 201 0 207 98 208 98 184 98 184 99 208 99 209 99 184 0 209 0 204 0 210 0 211 0 184 0 184 100 211 100 212 100 184 0 212 0 207 0 213 0 214 0 184 0 184 101 214 101 215 101 184 102 215 102 210 102 186 103 216 103 184 103 184 104 216 104 217 104 184 105 217 105 213 105 218 106 219 106 220 106 220 107 219 107 221 107 220 108 221 108 222 108 223 0 224 0 220 0 220 109 224 109 225 109 220 0 225 0 218 0 226 0 227 0 220 0 220 110 227 110 228 110 220 111 228 111 223 111 229 112 230 112 220 112 220 0 230 0 231 0 220 113 231 113 226 113 232 0 233 0 220 0 220 0 233 0 234 0 220 114 234 114 229 114 235 0 236 0 220 0 220 115 236 115 237 115 220 116 237 116 232 116 220 0 238 0 235 0 239 0 240 0 220 0 220 117 240 117 241 117 220 118 241 118 242 118 243 119 244 119 220 119 220 120 244 120 245 120 220 0 245 0 239 0 246 0 247 0 220 0 220 121 247 121 248 121 220 0 248 0 243 0 249 0 250 0 220 0 220 122 250 122 251 122 220 123 251 123 246 123 222 124 252 124 220 124 220 0 252 0 253 0 220 125 253 125 249 125 254 0 255 0 256 0 257 126 258 126 254 126 254 0 258 0 259 0 254 0 259 0 260 0 261 0 262 0 254 0 254 127 262 127 263 127 254 128 263 128 257 128 264 129 265 129 254 129 254 130 265 130 266 130 254 131 266 131 261 131 267 132 268 132 254 132 254 133 268 133 269 133 254 134 269 134 264 134 270 135 271 135 254 135 254 136 271 136 272 136 254 137 272 137 267 137 273 138 274 138 254 138 254 139 274 139 275 139 254 140 275 140 270 140 276 141 277 141 254 141 254 142 277 142 278 142 254 143 278 143 273 143 279 144 280 144 254 144 254 145 280 145 281 145 254 146 281 146 276 146 282 0 283 0 254 0 254 147 283 147 284 147 254 148 284 148 279 148 285 0 286 0 254 0 254 149 286 149 287 149 254 150 287 150 282 150 256 0 288 0 254 0 254 0 288 0 289 0 254 0 289 0 285 0 290 135 291 135 292 135 292 140 291 140 293 140 292 139 293 139 294 139 295 151 296 151 292 151 292 137 296 137 297 137 292 136 297 136 290 136 298 129 299 129 292 129 292 134 299 134 300 134 292 133 300 133 295 133 301 0 302 0 292 0 292 131 302 131 303 131 292 130 303 130 298 130 304 0 305 0 292 0 292 128 305 128 306 128 292 127 306 127 301 127 292 0 307 0 308 0 292 0 308 0 304 0 309 0 310 0 292 0 292 0 310 0 311 0 312 152 313 152 292 152 292 0 313 0 314 0 292 0 314 0 309 0 315 0 316 0 292 0 292 150 316 150 317 150 292 149 317 149 312 149 318 144 319 144 292 144 292 148 319 148 320 148 292 147 320 147 315 147 321 153 322 153 292 153 292 146 322 146 323 146 292 145 323 145 318 145 294 138 324 138 292 138 292 143 324 143 325 143 292 142 325 142 321 142 326 0 327 0 328 0 329 0 330 0 326 0 326 154 330 154 331 154 326 155 331 155 332 155 333 156 334 156 326 156 326 157 334 157 335 157 326 0 335 0 329 0 336 0 337 0 326 0 326 158 337 158 338 158 326 0 338 0 333 0 339 0 340 0 326 0 326 159 340 159 341 159 326 160 341 160 336 160 342 161 343 161 326 161 326 0 343 0 344 0 326 162 344 162 339 162 345 163 346 163 326 163 326 164 346 164 347 164 326 165 347 165 342 165 348 0 349 0 326 0 326 166 349 166 350 166 326 0 350 0 345 0 351 0 352 0 326 0 326 167 352 167 353 167 326 168 353 168 348 168 354 169 355 169 326 169 326 0 355 0 356 0 326 170 356 170 351 170 357 0 358 0 326 0 326 0 358 0 359 0 326 171 359 171 354 171 328 0 360 0 326 0 326 172 360 172 361 172 326 173 361 173 357 173 362 0 363 0 364 0 364 174 363 174 365 174 364 175 365 175 366 175 367 0 368 0 364 0 364 176 368 176 369 176 364 0 369 0 362 0 370 0 371 0 364 0 364 177 371 177 372 177 364 178 372 178 367 178 373 0 374 0 364 0 364 0 374 0 375 0 364 179 375 179 370 179 376 0 377 0 364 0 364 0 377 0 378 0 364 180 378 180 373 180 379 0 380 0 364 0 364 0 380 0 381 0 364 0 381 0 376 0 364 0 382 0 379 0 383 0 384 0 364 0 364 0 384 0 385 0 364 0 385 0 386 0 387 0 388 0 364 0 364 181 388 181 389 181 364 0 389 0 383 0 390 0 391 0 364 0 364 182 391 182 392 182 364 0 392 0 387 0 393 0 394 0 364 0 364 183 394 183 395 183 364 184 395 184 390 184 366 0 396 0 364 0 364 0 396 0 397 0 364 185 397 185 393 185 398 0 399 0 400 0 400 186 399 186 401 186 400 187 401 187 402 187 403 0 404 0 400 0 400 188 404 188 405 188 400 0 405 0 398 0 406 0 407 0 400 0 400 189 407 189 408 189 400 190 408 190 403 190 409 0 410 0 400 0 400 0 410 0 411 0 400 191 411 191 406 191 412 0 413 0 400 0 400 0 413 0 414 0 400 192 414 192 409 192 400 0 415 0 416 0 400 0 416 0 412 0 417 0 418 0 400 0 400 0 418 0 419 0 420 0 421 0 400 0 400 0 421 0 422 0 400 0 422 0 417 0 423 0 424 0 400 0 400 193 424 193 425 193 400 0 425 0 420 0 426 0 427 0 400 0 400 194 427 194 428 194 400 0 428 0 423 0 429 0 430 0 400 0 400 195 430 195 431 195 400 196 431 196 426 196 402 0 432 0 400 0 400 0 432 0 433 0 400 197 433 197 429 197 434 198 435 198 436 198 436 199 435 199 437 199 436 200 437 200 438 200 439 0 440 0 436 0 436 201 440 201 441 201 436 202 441 202 434 202 442 203 443 203 436 203 436 204 443 204 444 204 436 205 444 205 439 205 445 206 446 206 436 206 436 207 446 207 447 207 436 208 447 208 442 208 448 0 449 0 436 0 436 209 449 209 450 209 436 210 450 210 445 210 451 211 452 211 436 211 436 212 452 212 453 212 436 213 453 213 448 213 454 0 455 0 436 0 436 214 455 214 456 214 436 215 456 215 451 215 457 0 458 0 436 0 436 216 458 216 459 216 436 217 459 217 454 217 460 0 461 0 436 0 436 0 461 0 462 0 436 218 462 218 457 218 436 219 463 219 464 219 436 220 464 220 460 220 465 221 466 221 436 221 436 222 466 222 467 222 438 0 468 0 436 0 436 223 468 223 469 223 436 224 469 224 465 224 470 0 471 0 472 0 472 225 471 225 473 225 472 226 473 226 474 226 475 0 476 0 472 0 472 227 476 227 477 227 472 228 477 228 470 228 478 0 479 0 472 0 472 229 479 229 480 229 472 0 480 0 475 0 481 0 482 0 472 0 472 230 482 230 483 230 472 231 483 231 478 231 484 0 485 0 472 0 472 0 485 0 486 0 472 232 486 232 481 232 487 0 488 0 472 0 472 233 488 233 489 233 472 234 489 234 484 234 490 0 491 0 472 0 472 235 491 235 492 235 472 236 492 236 487 236 493 237 494 237 472 237 472 0 494 0 495 0 472 0 495 0 490 0 496 238 497 238 472 238 472 0 497 0 498 0 472 0 498 0 493 0 499 239 500 239 472 239 472 240 500 240 501 240 472 241 501 241 496 241 502 242 503 242 472 242 474 0 504 0 472 0 472 0 504 0 505 0 472 0 505 0 502 0 506 0 507 0 508 0 508 0 507 0 509 0 508 243 509 243 510 243 511 0 512 0 508 0 508 244 512 244 513 244 508 0 513 0 506 0 514 0 515 0 508 0 508 0 515 0 516 0 508 218 516 218 511 218 508 245 517 245 518 245 508 246 518 246 514 246 519 0 520 0 508 0 508 222 520 222 521 222 522 247 523 247 508 247 508 0 523 0 524 0 508 248 524 248 519 248 525 249 526 249 508 249 508 250 526 250 527 250 508 0 527 0 522 0 528 0 529 0 508 0 508 251 529 251 530 251 508 252 530 252 525 252 531 0 532 0 508 0 508 253 532 253 533 253 508 254 533 254 528 254 534 0 535 0 508 0 508 255 535 255 536 255 508 256 536 256 531 256 537 0 538 0 508 0 508 257 538 257 539 257 508 258 539 258 534 258 510 0 540 0 508 0 508 259 540 259 541 259 508 260 541 260 537 260 542 0 543 0 544 0 544 261 543 261 545 261 544 262 545 262 546 262 547 0 548 0 544 0 544 263 548 263 549 263 544 264 549 264 542 264 550 0 551 0 544 0 544 265 551 265 552 265 544 0 552 0 547 0 553 0 554 0 544 0 544 266 554 266 555 266 544 267 555 267 550 267 556 0 557 0 544 0 544 0 557 0 558 0 544 268 558 268 553 268 559 0 560 0 544 0 544 269 560 269 561 269 544 270 561 270 556 270 562 0 563 0 544 0 544 271 563 271 564 271 544 272 564 272 559 272 565 273 566 273 544 273 544 0 566 0 567 0 544 0 567 0 562 0 568 274 569 274 544 274 570 275 571 275 544 275 544 276 571 276 572 276 544 277 572 277 568 277 573 278 574 278 544 278 544 0 574 0 575 0 544 0 575 0 570 0 546 0 576 0 544 0 544 0 576 0 577 0 544 0 577 0 573 0 578 0 579 0 580 0 580 279 579 279 581 279 580 280 581 280 582 280 583 0 584 0 580 0 580 281 584 281 585 281 580 282 585 282 578 282 586 0 587 0 580 0 580 283 587 283 588 283 580 284 588 284 583 284 589 0 590 0 580 0 580 285 590 285 591 285 580 286 591 286 586 286 592 0 593 0 580 0 580 287 593 287 594 287 580 288 594 288 589 288 595 0 596 0 580 0 580 289 596 289 597 289 580 290 597 290 592 290 598 291 599 291 580 291 580 292 599 292 600 292 580 293 600 293 595 293 601 294 602 294 580 294 580 0 602 0 603 0 580 0 603 0 598 0 604 295 605 295 580 295 580 296 605 296 606 296 580 0 606 0 601 0 607 0 608 0 580 0 580 297 608 297 609 297 580 298 609 298 604 298 580 0 610 0 611 0 580 299 611 299 607 299 582 300 612 300 580 300 580 0 612 0 613 0 614 0 615 0 616 0 616 262 615 262 617 262 616 261 617 261 618 261 619 301 620 301 616 301 616 0 620 0 621 0 616 0 621 0 614 0 622 302 623 302 616 302 616 0 623 0 624 0 616 0 624 0 619 0 625 303 626 303 616 303 616 277 626 277 627 277 616 276 627 276 622 276 628 304 629 304 616 304 630 0 631 0 616 0 616 0 631 0 632 0 616 0 632 0 628 0 633 0 634 0 616 0 616 272 634 272 635 272 616 271 635 271 630 271 636 0 637 0 616 0 616 270 637 270 638 270 616 269 638 269 633 269 639 0 640 0 616 0 616 268 640 268 641 268 616 0 641 0 636 0 642 0 643 0 616 0 616 267 643 267 644 267 616 266 644 266 639 266 645 0 646 0 616 0 616 0 646 0 647 0 616 265 647 265 642 265 618 0 648 0 616 0 616 264 648 264 649 264 616 263 649 263 645 263 650 0 651 0 652 0 652 226 651 226 653 226 652 225 653 225 654 225 655 305 656 305 652 305 652 0 656 0 657 0 652 0 657 0 650 0 658 306 659 306 652 306 660 307 661 307 652 307 652 241 661 241 662 241 652 240 662 240 658 240 663 308 664 308 652 308 652 0 664 0 665 0 652 0 665 0 660 0 666 0 667 0 652 0 652 0 667 0 668 0 652 0 668 0 663 0 669 0 670 0 652 0 652 236 670 236 671 236 652 235 671 235 666 235 672 0 673 0 652 0 652 234 673 234 674 234 652 233 674 233 669 233 675 0 676 0 652 0 652 232 676 232 677 232 652 0 677 0 672 0 678 0 679 0 652 0 652 231 679 231 680 231 652 230 680 230 675 230 681 0 682 0 652 0 652 0 682 0 683 0 652 229 683 229 678 229 654 0 684 0 652 0 652 228 684 228 685 228 652 227 685 227 681 227 686 0 687 0 688 0 688 309 687 309 689 309 688 310 689 310 690 310 691 0 692 0 688 0 688 311 692 311 693 311 688 312 693 312 686 312 694 0 695 0 688 0 688 313 695 313 696 313 688 314 696 314 691 314 697 0 698 0 688 0 688 315 698 315 699 315 688 316 699 316 694 316 700 0 701 0 688 0 688 317 701 317 702 317 688 318 702 318 697 318 703 0 704 0 688 0 688 319 704 319 705 319 688 320 705 320 700 320 706 321 707 321 688 321 688 322 707 322 708 322 688 323 708 323 703 323 688 0 709 0 706 0 710 324 711 324 688 324 688 325 711 325 712 325 688 0 712 0 713 0 714 0 715 0 688 0 688 326 715 326 716 326 688 327 716 327 710 327 717 0 718 0 688 0 688 0 718 0 719 0 688 328 719 328 714 328 690 329 720 329 688 329 688 0 720 0 721 0 688 0 721 0 717 0 722 330 1 330 0 330 1 331 722 331 723 331 1 332 723 332 36 332 36 333 723 333 724 333 36 334 724 334 37 334 37 335 724 335 725 335 37 336 725 336 33 336 33 337 725 337 726 337 33 338 726 338 34 338 34 339 726 339 727 339 34 340 727 340 35 340 35 341 727 341 728 341 35 342 728 342 30 342 30 343 728 343 729 343 30 344 729 344 31 344 31 345 729 345 730 345 31 346 730 346 32 346 32 347 730 347 731 347 32 348 731 348 27 348 27 349 731 349 732 349 27 350 732 350 28 350 28 351 732 351 733 351 28 352 733 352 29 352 29 353 733 353 734 353 29 354 734 354 24 354 24 355 734 355 735 355 24 356 735 356 25 356 25 357 735 357 736 357 25 358 736 358 26 358 26 359 736 359 737 359 26 360 737 360 22 360 22 361 737 361 738 361 22 362 738 362 23 362 23 363 738 363 739 363 23 364 739 364 2 364 2 365 739 365 740 365 2 366 740 366 19 366 19 367 740 367 741 367 19 368 741 368 20 368 741 369 742 369 20 369 20 370 742 370 21 370 742 371 743 371 21 371 21 372 743 372 16 372 743 373 744 373 16 373 16 374 744 374 17 374 744 375 745 375 17 375 17 376 745 376 18 376 745 377 746 377 18 377 18 378 746 378 13 378 746 379 747 379 13 379 13 380 747 380 14 380 747 381 748 381 14 381 14 382 748 382 15 382 748 383 749 383 15 383 15 384 749 384 10 384 749 385 750 385 10 385 10 386 750 386 11 386 750 387 751 387 11 387 11 388 751 388 12 388 751 389 752 389 12 389 12 390 752 390 7 390 752 391 753 391 7 391 7 392 753 392 8 392 753 393 754 393 8 393 8 394 754 394 9 394 754 395 755 395 9 395 9 396 755 396 4 396 755 397 756 397 4 397 4 398 756 398 5 398 756 399 757 399 5 399 5 400 757 400 6 400 757 401 758 401 6 401 6 402 758 402 3 402 758 403 759 403 3 403 3 404 759 404 0 404 0 405 759 405 760 405 0 406 760 406 722 406 761 0 762 0 763 0 764 0 765 0 761 0 761 407 765 407 766 407 761 408 766 408 767 408 768 409 769 409 761 409 761 410 769 410 770 410 761 0 770 0 764 0 771 0 772 0 761 0 761 411 772 411 773 411 761 0 773 0 768 0 774 0 775 0 761 0 761 412 775 412 776 412 761 413 776 413 771 413 777 414 778 414 761 414 761 0 778 0 779 0 761 415 779 415 774 415 780 416 781 416 761 416 761 417 781 417 782 417 761 418 782 418 777 418 783 0 784 0 761 0 761 419 784 419 785 419 761 0 785 0 780 0 786 0 787 0 761 0 761 420 787 420 788 420 761 421 788 421 783 421 789 422 790 422 761 422 761 0 790 0 791 0 761 423 791 423 786 423 792 0 793 0 761 0 761 0 793 0 794 0 761 424 794 424 789 424 763 0 795 0 761 0 761 425 795 425 796 425 761 426 796 426 792 426 41 427 797 427 42 427 42 428 797 428 798 428 42 429 798 429 72 429 72 430 798 430 799 430 72 430 799 430 73 430 73 431 799 431 800 431 73 432 800 432 69 432 69 433 800 433 801 433 69 434 801 434 70 434 70 435 801 435 802 435 70 436 802 436 71 436 71 437 802 437 803 437 71 438 803 438 66 438 66 439 803 439 804 439 66 440 804 440 67 440 67 441 804 441 805 441 67 442 805 442 68 442 68 443 805 443 806 443 68 444 806 444 63 444 63 445 806 445 807 445 63 445 807 445 64 445 64 446 807 446 808 446 64 446 808 446 65 446 65 447 808 447 809 447 65 448 809 448 59 448 59 449 809 449 810 449 59 450 810 450 60 450 60 451 810 451 811 451 60 452 811 452 61 452 61 453 811 453 812 453 61 454 812 454 62 454 62 455 812 455 813 455 62 456 813 456 40 456 40 457 813 457 814 457 40 458 814 458 58 458 58 459 814 459 815 459 58 460 815 460 55 460 55 461 815 461 816 461 55 462 816 462 56 462 56 463 816 463 817 463 56 464 817 464 57 464 57 465 817 465 818 465 57 466 818 466 52 466 52 467 818 467 819 467 52 468 819 468 53 468 53 469 819 469 820 469 53 470 820 470 54 470 54 471 820 471 821 471 54 471 821 471 49 471 49 472 821 472 822 472 49 473 822 473 50 473 50 474 822 474 823 474 50 475 823 475 51 475 51 476 823 476 824 476 51 476 824 476 46 476 46 477 824 477 825 477 46 478 825 478 47 478 47 479 825 479 826 479 47 480 826 480 48 480 48 481 826 481 827 481 48 482 827 482 43 482 43 483 827 483 828 483 43 484 828 484 44 484 44 485 828 485 829 485 44 486 829 486 45 486 45 487 829 487 830 487 45 488 830 488 38 488 38 489 830 489 831 489 38 490 831 490 39 490 39 491 831 491 832 491 39 491 832 491 41 491 41 492 832 492 797 492 77 493 833 493 76 493 76 494 833 494 834 494 76 495 834 495 108 495 108 496 834 496 835 496 108 497 835 497 109 497 109 498 835 498 836 498 109 499 836 499 105 499 105 500 836 500 837 500 105 501 837 501 106 501 106 502 837 502 838 502 106 503 838 503 107 503 107 504 838 504 839 504 107 504 839 504 102 504 102 505 839 505 840 505 102 505 840 505 103 505 103 506 840 506 841 506 103 507 841 507 104 507 104 508 841 508 842 508 104 509 842 509 99 509 99 510 842 510 843 510 99 511 843 511 100 511 100 512 843 512 844 512 100 513 844 513 101 513 101 514 844 514 845 514 101 515 845 515 96 515 96 516 845 516 846 516 96 517 846 517 97 517 97 518 846 518 847 518 97 519 847 519 98 519 98 520 847 520 848 520 98 520 848 520 93 520 93 521 848 521 849 521 93 522 849 522 94 522 94 523 849 523 850 523 94 524 850 524 95 524 95 525 850 525 851 525 95 525 851 525 90 525 90 526 851 526 852 526 90 527 852 527 91 527 91 528 852 528 853 528 91 463 853 463 92 463 92 529 853 529 854 529 92 530 854 530 87 530 87 531 854 531 855 531 87 532 855 532 88 532 88 533 855 533 856 533 88 534 856 534 89 534 89 535 856 535 857 535 89 536 857 536 84 536 84 537 857 537 858 537 84 538 858 538 85 538 85 539 858 539 859 539 85 539 859 539 86 539 86 540 859 540 860 540 86 541 860 541 81 541 81 542 860 542 861 542 81 543 861 543 82 543 82 544 861 544 862 544 82 544 862 544 83 544 83 545 862 545 863 545 83 546 863 546 78 546 78 547 863 547 864 547 78 548 864 548 79 548 79 549 864 549 865 549 79 550 865 550 80 550 80 551 865 551 866 551 80 552 866 552 74 552 74 553 866 553 867 553 74 554 867 554 75 554 75 555 867 555 868 555 75 556 868 556 77 556 77 557 868 557 833 557 113 558 869 558 114 558 114 559 869 559 870 559 114 560 870 560 144 560 144 561 870 561 871 561 144 562 871 562 145 562 145 563 871 563 872 563 145 564 872 564 141 564 141 565 872 565 873 565 141 566 873 566 142 566 142 567 873 567 874 567 142 567 874 567 143 567 143 568 874 568 875 568 143 569 875 569 138 569 138 439 875 439 876 439 138 570 876 570 139 570 139 571 876 571 877 571 139 572 877 572 140 572 140 573 877 573 878 573 140 574 878 574 135 574 135 575 878 575 879 575 135 576 879 576 136 576 136 577 879 577 880 577 136 578 880 578 137 578 137 579 880 579 881 579 137 580 881 580 131 580 131 581 881 581 882 581 131 582 882 582 132 582 132 583 882 583 883 583 132 584 883 584 133 584 133 585 883 585 884 585 133 586 884 586 134 586 134 587 884 587 885 587 134 588 885 588 112 588 112 589 885 589 886 589 112 590 886 590 130 590 130 591 886 591 887 591 130 592 887 592 127 592 127 593 887 593 888 593 127 594 888 594 128 594 128 595 888 595 889 595 128 596 889 596 129 596 129 597 889 597 890 597 129 598 890 598 124 598 124 599 890 599 891 599 124 600 891 600 125 600 125 601 891 601 892 601 125 602 892 602 126 602 126 603 892 603 893 603 126 604 893 604 121 604 121 605 893 605 894 605 121 606 894 606 122 606 122 607 894 607 895 607 122 607 895 607 123 607 123 608 895 608 896 608 123 608 896 608 118 608 118 609 896 609 897 609 118 610 897 610 119 610 119 611 897 611 898 611 119 612 898 612 120 612 120 613 898 613 899 613 120 613 899 613 115 613 115 614 899 614 900 614 115 615 900 615 116 615 116 616 900 616 901 616 116 617 901 617 117 617 117 618 901 618 902 618 117 619 902 619 110 619 110 620 902 620 903 620 110 621 903 621 111 621 111 622 903 622 904 622 111 623 904 623 113 623 113 624 904 624 869 624 149 625 905 625 148 625 148 626 905 626 906 626 148 627 906 627 180 627 180 628 906 628 907 628 180 629 907 629 181 629 181 630 907 630 908 630 181 631 908 631 177 631 177 632 908 632 909 632 177 633 909 633 178 633 178 634 909 634 910 634 178 634 910 634 179 634 179 635 910 635 911 635 179 636 911 636 174 636 174 637 911 637 912 637 174 638 912 638 175 638 175 639 912 639 913 639 175 640 913 640 176 640 176 641 913 641 914 641 176 642 914 642 171 642 171 643 914 643 915 643 171 644 915 644 172 644 172 645 915 645 916 645 172 646 916 646 173 646 173 647 916 647 917 647 173 647 917 647 168 647 168 648 917 648 918 648 168 649 918 649 169 649 169 650 918 650 919 650 169 651 919 651 170 651 170 652 919 652 920 652 170 653 920 653 165 653 165 654 920 654 921 654 165 655 921 655 166 655 166 656 921 656 922 656 166 657 922 657 167 657 167 658 922 658 923 658 167 659 923 659 162 659 162 660 923 660 924 660 162 661 924 661 163 661 163 662 924 662 925 662 163 662 925 662 164 662 164 663 925 663 926 663 164 664 926 664 159 664 159 665 926 665 927 665 159 666 927 666 160 666 160 667 927 667 928 667 160 668 928 668 161 668 161 669 928 669 929 669 161 670 929 670 156 670 156 671 929 671 930 671 156 672 930 672 157 672 157 673 930 673 931 673 157 673 931 673 158 673 158 674 931 674 932 674 158 674 932 674 153 674 153 675 932 675 933 675 153 676 933 676 154 676 154 677 933 677 934 677 154 678 934 678 155 678 155 679 934 679 935 679 155 680 935 680 150 680 150 681 935 681 936 681 150 682 936 682 151 682 151 683 936 683 937 683 151 684 937 684 152 684 152 685 937 685 938 685 152 686 938 686 146 686 146 687 938 687 939 687 146 688 939 688 147 688 147 689 939 689 940 689 147 690 940 690 149 690 149 691 940 691 905 691 185 692 941 692 186 692 186 693 941 693 942 693 186 694 942 694 216 694 216 695 942 695 943 695 216 696 943 696 217 696 217 697 943 697 944 697 217 698 944 698 213 698 213 699 944 699 945 699 213 633 945 633 214 633 214 700 945 700 946 700 214 701 946 701 215 701 215 702 946 702 947 702 215 703 947 703 210 703 210 704 947 704 948 704 210 705 948 705 211 705 211 640 948 640 949 640 211 640 949 640 212 640 212 641 949 641 950 641 212 641 950 641 207 641 207 706 950 706 951 706 207 707 951 707 208 707 208 708 951 708 952 708 208 709 952 709 209 709 209 710 952 710 953 710 209 711 953 711 204 711 204 648 953 648 954 648 204 712 954 712 205 712 205 713 954 713 955 713 205 714 955 714 206 714 206 715 955 715 956 715 206 715 956 715 201 715 201 716 956 716 957 716 201 717 957 717 202 717 202 718 957 718 958 718 202 719 958 719 203 719 203 720 958 720 959 720 203 721 959 721 184 721 184 722 959 722 960 722 184 723 960 723 199 723 199 724 960 724 961 724 199 725 961 725 200 725 200 726 961 726 962 726 200 727 962 727 196 727 196 728 962 728 963 728 196 666 963 666 197 666 197 729 963 729 964 729 197 729 964 729 198 729 198 730 964 730 965 730 198 731 965 731 193 731 193 732 965 732 966 732 193 733 966 733 194 733 194 734 966 734 967 734 194 673 967 673 195 673 195 674 967 674 968 674 195 735 968 735 190 735 190 736 968 736 969 736 190 610 969 610 191 610 191 737 969 737 970 737 191 738 970 738 192 738 192 739 970 739 971 739 192 739 971 739 187 739 187 681 971 681 972 681 187 740 972 740 188 740 188 741 972 741 973 741 188 742 973 742 189 742 189 743 973 743 974 743 189 744 974 744 182 744 182 745 974 745 975 745 182 746 975 746 183 746 183 747 975 747 976 747 183 748 976 748 185 748 185 749 976 749 941 749 221 750 977 750 222 750 222 751 977 751 978 751 222 752 978 752 252 752 252 561 978 561 979 561 252 562 979 562 253 562 253 753 979 753 980 753 253 754 980 754 249 754 249 755 980 755 981 755 249 756 981 756 250 756 250 567 981 567 982 567 250 567 982 567 251 567 251 568 982 568 983 568 251 757 983 757 246 757 246 637 983 637 984 637 246 758 984 758 247 758 247 572 984 572 985 572 247 572 985 572 248 572 248 573 985 573 986 573 248 573 986 573 243 573 243 759 986 759 987 759 243 760 987 760 244 760 244 761 987 761 988 761 244 578 988 578 245 578 245 579 988 579 989 579 245 580 989 580 239 580 239 762 989 762 990 762 239 763 990 763 240 763 240 764 990 764 991 764 240 765 991 765 241 765 241 585 991 585 992 585 241 586 992 586 242 586 242 766 992 766 993 766 242 767 993 767 220 767 220 768 993 768 994 768 220 590 994 590 238 590 238 591 994 591 995 591 238 769 995 769 235 769 235 770 995 770 996 770 235 771 996 771 236 771 236 595 996 595 997 595 236 596 997 596 237 596 237 772 997 772 998 772 237 773 998 773 232 773 232 774 998 774 999 774 232 775 999 775 233 775 233 601 999 601 1000 601 233 602 1000 602 234 602 234 603 1000 603 1001 603 234 776 1001 776 229 776 229 777 1001 777 1002 777 229 778 1002 778 230 778 230 779 1002 779 1003 779 230 607 1003 607 231 607 231 608 1003 608 1004 608 231 780 1004 780 226 780 226 781 1004 781 1005 781 226 782 1005 782 227 782 227 783 1005 783 1006 783 227 612 1006 612 228 612 228 613 1006 613 1007 613 228 613 1007 613 223 613 223 784 1007 784 1008 784 223 785 1008 785 224 785 224 786 1008 786 1009 786 224 787 1009 787 225 787 225 618 1009 618 1010 618 225 619 1010 619 218 619 218 788 1010 788 1011 788 218 789 1011 789 219 789 219 790 1011 790 1012 790 219 623 1012 623 221 623 221 624 1012 624 977 624 255 791 1013 791 256 791 256 792 1013 792 1014 792 256 793 1014 793 288 793 288 794 1014 794 1015 794 288 795 1015 795 289 795 289 796 1015 796 1016 796 289 797 1016 797 285 797 285 798 1016 798 1017 798 285 799 1017 799 286 799 286 800 1017 800 1018 800 286 801 1018 801 287 801 287 802 1018 802 1019 802 287 802 1019 802 282 802 282 803 1019 803 1020 803 282 804 1020 804 283 804 283 805 1020 805 1021 805 283 806 1021 806 284 806 284 807 1021 807 1022 807 284 807 1022 807 279 807 279 808 1022 808 1023 808 279 809 1023 809 280 809 280 810 1023 810 1024 810 280 811 1024 811 281 811 281 812 1024 812 1025 812 281 813 1025 813 276 813 276 814 1025 814 1026 814 276 815 1026 815 277 815 277 816 1026 816 1027 816 277 817 1027 817 278 817 278 818 1027 818 1028 818 278 819 1028 819 273 819 273 820 1028 820 1029 820 273 821 1029 821 274 821 274 822 1029 822 1030 822 274 822 1030 822 275 822 275 823 1030 823 1031 823 275 824 1031 824 270 824 270 825 1031 825 1032 825 270 826 1032 826 271 826 271 827 1032 827 1033 827 271 827 1033 827 272 827 272 828 1033 828 1034 828 272 829 1034 829 267 829 267 830 1034 830 1035 830 267 831 1035 831 268 831 268 832 1035 832 1036 832 268 833 1036 833 269 833 269 834 1036 834 1037 834 269 835 1037 835 264 835 264 836 1037 836 1038 836 264 837 1038 837 265 837 265 838 1038 838 1039 838 265 839 1039 839 266 839 266 840 1039 840 1040 840 266 841 1040 841 261 841 261 842 1040 842 1041 842 261 842 1041 842 262 842 262 843 1041 843 1042 843 262 843 1042 843 263 843 263 844 1042 844 1043 844 263 845 1043 845 257 845 257 846 1043 846 1044 846 257 847 1044 847 258 847 258 848 1044 848 1045 848 258 849 1045 849 259 849 259 850 1045 850 1046 850 259 851 1046 851 260 851 260 852 1046 852 1047 852 260 853 1047 853 254 853 254 854 1047 854 1048 854 254 855 1048 855 255 855 255 856 1048 856 1013 856 293 857 1049 857 294 857 294 858 1049 858 1050 858 294 859 1050 859 324 859 324 860 1050 860 1051 860 324 794 1051 794 325 794 325 861 1051 861 1052 861 325 862 1052 862 321 862 321 863 1052 863 1053 863 321 864 1053 864 322 864 322 865 1053 865 1054 865 322 866 1054 866 323 866 323 867 1054 867 1055 867 323 868 1055 868 318 868 318 869 1055 869 1056 869 318 870 1056 870 319 870 319 871 1056 871 1057 871 319 871 1057 871 320 871 320 872 1057 872 1058 872 320 873 1058 873 315 873 315 874 1058 874 1059 874 315 875 1059 875 316 875 316 876 1059 876 1060 876 316 876 1060 876 317 876 317 877 1060 877 1061 877 317 878 1061 878 312 878 312 879 1061 879 1062 879 312 880 1062 880 313 880 313 881 1062 881 1063 881 313 882 1063 882 314 882 314 883 1063 883 1064 883 314 884 1064 884 309 884 309 885 1064 885 1065 885 309 886 1065 886 310 886 310 887 1065 887 1066 887 310 888 1066 888 311 888 311 889 1066 889 1067 889 311 890 1067 890 292 890 292 891 1067 891 1068 891 292 892 1068 892 307 892 307 893 1068 893 1069 893 307 894 1069 894 308 894 308 895 1069 895 1070 895 308 896 1070 896 304 896 304 897 1070 897 1071 897 304 898 1071 898 305 898 305 899 1071 899 1072 899 305 900 1072 900 306 900 306 901 1072 901 1073 901 306 901 1073 901 301 901 301 902 1073 902 1074 902 301 902 1074 902 302 902 302 903 1074 903 1075 903 302 904 1075 904 303 904 303 905 1075 905 1076 905 303 906 1076 906 298 906 298 907 1076 907 1077 907 298 782 1077 782 299 782 299 908 1077 908 1078 908 299 909 1078 909 300 909 300 910 1078 910 1079 910 300 911 1079 911 295 911 295 912 1079 912 1080 912 295 913 1080 913 296 913 296 914 1080 914 1081 914 296 915 1081 915 297 915 297 916 1081 916 1082 916 297 916 1082 916 290 916 290 917 1082 917 1083 917 290 918 1083 918 291 918 291 919 1083 919 1084 919 291 920 1084 920 293 920 293 857 1084 857 1049 857 327 921 1085 921 328 921 328 922 1085 922 1086 922 328 923 1086 923 360 923 360 924 1086 924 1087 924 360 925 1087 925 361 925 361 926 1087 926 1088 926 361 927 1088 927 357 927 357 928 1088 928 1089 928 357 929 1089 929 358 929 358 930 1089 930 1090 930 358 931 1090 931 359 931 359 932 1090 932 1091 932 359 933 1091 933 354 933 354 934 1091 934 1092 934 354 935 1092 935 355 935 355 936 1092 936 1093 936 355 936 1093 936 356 936 356 937 1093 937 1094 937 356 937 1094 937 351 937 351 938 1094 938 1095 938 351 644 1095 644 352 644 352 939 1095 939 1096 939 352 940 1096 940 353 940 353 941 1096 941 1097 941 353 941 1097 941 348 941 348 942 1097 942 1098 942 348 943 1098 943 349 943 349 944 1098 944 1099 944 349 945 1099 945 350 945 350 946 1099 946 1100 946 350 652 1100 652 345 652 345 947 1100 947 1101 947 345 948 1101 948 346 948 346 949 1101 949 1102 949 346 950 1102 950 347 950 347 951 1102 951 1103 951 347 952 1103 952 342 952 342 953 1103 953 1104 953 342 954 1104 954 343 954 343 725 1104 725 1105 725 343 955 1105 955 344 955 344 956 1105 956 1106 956 344 957 1106 957 339 957 339 958 1106 958 1107 958 339 959 1107 959 340 959 340 960 1107 960 1108 960 340 960 1108 960 341 960 341 961 1108 961 1109 961 341 962 1109 962 336 962 336 836 1109 836 1110 836 336 963 1110 963 337 963 337 964 1110 964 1111 964 337 965 1111 965 338 965 338 966 1111 966 1112 966 338 967 1112 967 333 967 333 968 1112 968 1113 968 333 969 1113 969 334 969 334 970 1113 970 1114 970 334 971 1114 971 335 971 335 972 1114 972 1115 972 335 973 1115 973 329 973 329 974 1115 974 1116 974 329 975 1116 975 330 975 330 976 1116 976 1117 976 330 977 1117 977 331 977 331 978 1117 978 1118 978 331 979 1118 979 332 979 332 980 1118 980 1119 980 332 981 1119 981 326 981 326 982 1119 982 1120 982 326 983 1120 983 327 983 327 984 1120 984 1085 984 365 985 1121 985 366 985 366 986 1121 986 1122 986 366 987 1122 987 396 987 396 988 1122 988 1123 988 396 988 1123 988 397 988 397 697 1123 697 1124 697 397 698 1124 698 393 698 393 989 1124 989 1125 989 393 990 1125 990 394 990 394 991 1125 991 1126 991 394 992 1126 992 395 992 395 702 1126 702 1127 702 395 703 1127 703 390 703 390 704 1127 704 1128 704 390 705 1128 705 391 705 391 640 1128 640 1129 640 391 640 1129 640 392 640 392 641 1129 641 1130 641 392 641 1130 641 387 641 387 706 1130 706 1131 706 387 707 1131 707 388 707 388 708 1131 708 1132 708 388 709 1132 709 389 709 389 993 1132 993 1133 993 389 994 1133 994 383 994 383 995 1133 995 1134 995 383 996 1134 996 384 996 384 713 1134 713 1135 713 384 714 1135 714 385 714 385 997 1135 997 1136 997 385 998 1136 998 386 998 386 999 1136 999 1137 999 386 1000 1137 1000 364 1000 364 1001 1137 1001 1138 1001 364 1002 1138 1002 382 1002 382 1003 1138 1003 1139 1003 382 1004 1139 1004 379 1004 379 1005 1139 1005 1140 1005 379 1006 1140 1006 380 1006 380 1007 1140 1007 1141 1007 380 1008 1141 1008 381 1008 381 726 1141 726 1142 726 381 727 1142 727 376 727 376 1009 1142 1009 1143 1009 376 1010 1143 1010 377 1010 377 1011 1143 1011 1144 1011 377 1011 1144 1011 378 1011 378 730 1144 730 1145 730 378 731 1145 731 373 731 373 732 1145 732 1146 732 373 733 1146 733 374 733 374 734 1146 734 1147 734 374 673 1147 673 375 673 375 674 1147 674 1148 674 375 735 1148 735 370 735 370 736 1148 736 1149 736 370 610 1149 610 371 610 371 737 1149 737 1150 737 371 738 1150 738 372 738 372 1012 1150 1012 1151 1012 372 1012 1151 1012 367 1012 367 1013 1151 1013 1152 1013 367 1014 1152 1014 368 1014 368 741 1152 741 1153 741 368 742 1153 742 369 742 369 619 1153 619 1154 619 369 1015 1154 1015 362 1015 362 1016 1154 1016 1155 1016 362 1017 1155 1017 363 1017 363 1018 1155 1018 1156 1018 363 1019 1156 1019 365 1019 365 1020 1156 1020 1121 1020 401 1021 1157 1021 402 1021 402 1022 1157 1022 1158 1022 402 1023 1158 1023 432 1023 432 1024 1158 1024 1159 1024 432 561 1159 561 433 561 433 630 1159 630 1160 630 433 631 1160 631 429 631 429 1025 1160 1025 1161 1025 429 990 1161 990 430 990 430 1026 1161 1026 1162 1026 430 1026 1162 1026 431 1026 431 635 1162 635 1163 635 431 636 1163 636 426 636 426 637 1163 637 1164 637 426 638 1164 638 427 638 427 639 1164 639 1165 639 427 640 1165 640 428 640 428 641 1165 641 1166 641 428 642 1166 642 423 642 423 643 1166 643 1167 643 423 644 1167 644 424 644 424 645 1167 645 1168 645 424 646 1168 646 425 646 425 1027 1168 1027 1169 1027 425 1027 1169 1027 420 1027 420 995 1169 995 1170 995 420 1028 1170 1028 421 1028 421 650 1170 650 1171 650 421 651 1171 651 422 651 422 1029 1171 1029 1172 1029 422 1030 1172 1030 417 1030 417 1031 1172 1031 1173 1031 417 1032 1173 1032 418 1032 418 1033 1173 1033 1174 1033 418 1034 1174 1034 419 1034 419 1035 1174 1035 1175 1035 419 1036 1175 1036 400 1036 400 1037 1175 1037 1176 1037 400 1038 1176 1038 415 1038 415 1039 1176 1039 1177 1039 415 1040 1177 1040 416 1040 416 663 1177 663 1178 663 416 664 1178 664 412 664 412 1041 1178 1041 1179 1041 412 1010 1179 1010 413 1010 413 1042 1179 1042 1180 1042 413 1043 1180 1043 414 1043 414 669 1180 669 1181 669 414 670 1181 670 409 670 409 671 1181 671 1182 671 409 672 1182 672 410 672 410 673 1182 673 1183 673 410 673 1183 673 411 673 411 674 1183 674 1184 674 411 674 1184 674 406 674 406 675 1184 675 1185 675 406 676 1185 676 407 676 407 677 1185 677 1186 677 407 678 1186 678 408 678 408 1044 1186 1044 1187 1044 408 1045 1187 1045 403 1045 403 1013 1187 1013 1188 1013 403 1046 1188 1046 404 1046 404 683 1188 683 1189 683 404 684 1189 684 405 684 405 1047 1189 1047 1190 1047 405 1047 1190 1047 398 1047 398 1048 1190 1048 1191 1048 398 1049 1191 1049 399 1049 399 1050 1191 1050 1192 1050 399 1051 1192 1051 401 1051 401 1052 1192 1052 1157 1052 1193 1053 437 1053 1194 1053 1194 1053 437 1053 435 1053 1194 1054 435 1054 1195 1054 1195 1054 435 1054 434 1054 1195 1055 434 1055 1196 1055 1196 1056 434 1056 441 1056 1196 1057 441 1057 1197 1057 1197 1058 441 1058 440 1058 1197 1059 440 1059 1198 1059 1198 1059 440 1059 439 1059 1198 1060 439 1060 1199 1060 1199 1061 439 1061 444 1061 1199 1062 444 1062 1200 1062 1200 1062 444 1062 443 1062 1200 1063 443 1063 1201 1063 1201 1063 443 1063 442 1063 1201 1064 442 1064 1202 1064 1202 1064 442 1064 447 1064 1202 1065 447 1065 1203 1065 1203 1065 447 1065 446 1065 1203 1066 446 1066 1204 1066 1204 1066 446 1066 445 1066 1204 1067 445 1067 1205 1067 1205 1067 445 1067 450 1067 1205 1068 450 1068 1206 1068 1206 1069 450 1069 449 1069 1206 1070 449 1070 1207 1070 1207 1070 449 1070 448 1070 1207 1071 448 1071 1208 1071 1208 1072 448 1072 453 1072 1208 1073 453 1073 1209 1073 1209 1074 453 1074 452 1074 1209 1075 452 1075 1210 1075 1210 1075 452 1075 451 1075 1210 1076 451 1076 1211 1076 1211 1076 451 1076 456 1076 1211 1077 456 1077 1212 1077 1212 1077 456 1077 455 1077 1212 1078 455 1078 1213 1078 1213 1078 455 1078 454 1078 1213 1079 454 1079 1214 1079 1214 1080 454 1080 459 1080 1214 1081 459 1081 1215 1081 1215 1082 459 1082 458 1082 1215 1083 458 1083 1216 1083 1216 1083 458 1083 457 1083 1216 1084 457 1084 1217 1084 1217 1085 457 1085 462 1085 1217 1086 462 1086 1218 1086 1218 1086 462 1086 461 1086 1218 1087 461 1087 1219 1087 1219 1087 461 1087 460 1087 1219 1088 460 1088 1220 1088 1220 1088 460 1088 464 1088 1220 1089 464 1089 1221 1089 1221 1089 464 1089 463 1089 1221 1090 463 1090 1222 1090 1222 1091 463 1091 436 1091 1222 1092 436 1092 1223 1092 1223 1093 436 1093 467 1093 1223 1094 467 1094 1224 1094 1224 1095 467 1095 466 1095 1224 1096 466 1096 1225 1096 1225 1096 466 1096 465 1096 1225 1097 465 1097 1226 1097 1226 1098 465 1098 469 1098 1226 1099 469 1099 1227 1099 1227 1100 469 1100 468 1100 1227 1101 468 1101 1228 1101 1228 1101 468 1101 438 1101 1228 1102 438 1102 1193 1102 1193 1102 438 1102 437 1102 490 1103 1229 1103 491 1103 491 1104 1229 1104 492 1104 492 1105 1229 1105 1230 1105 492 1106 1230 1106 487 1106 487 1106 1230 1106 1231 1106 487 1107 1231 1107 488 1107 488 1108 1231 1108 1232 1108 488 1109 1232 1109 489 1109 489 1110 1232 1110 1233 1110 489 1111 1233 1111 484 1111 484 1111 1233 1111 1234 1111 484 1112 1234 1112 485 1112 485 1113 1234 1113 1235 1113 485 1114 1235 1114 486 1114 486 1115 1235 1115 1236 1115 486 1116 1236 1116 481 1116 496 1117 1237 1117 497 1117 497 1118 1237 1118 498 1118 498 1119 1237 1119 1238 1119 498 1120 1238 1120 493 1120 493 1121 1238 1121 1239 1121 493 1122 1239 1122 494 1122 494 1123 1239 1123 1240 1123 494 1124 1240 1124 495 1124 495 1124 1240 1124 1241 1124 495 1125 1241 1125 490 1125 490 1126 1241 1126 1242 1126 490 1127 1242 1127 1229 1127 474 1128 1243 1128 504 1128 504 1129 1243 1129 1244 1129 504 1130 1244 1130 505 1130 505 1131 1244 1131 1245 1131 505 1132 1245 1132 502 1132 502 1133 1245 1133 1246 1133 502 1134 1246 1134 503 1134 503 1134 1246 1134 1247 1134 503 1135 1247 1135 472 1135 472 1135 1247 1135 1248 1135 472 1136 1248 1136 499 1136 499 1137 1248 1137 1249 1137 499 1138 1249 1138 500 1138 500 1138 1249 1138 1250 1138 500 1139 1250 1139 501 1139 501 1139 1250 1139 1251 1139 501 1140 1251 1140 496 1140 496 1141 1251 1141 1252 1141 496 1142 1252 1142 1237 1142 1236 1143 1253 1143 481 1143 481 1144 1253 1144 482 1144 482 1145 1253 1145 1254 1145 482 1146 1254 1146 483 1146 483 1147 1254 1147 1255 1147 483 1148 1255 1148 478 1148 478 1148 1255 1148 1256 1148 478 1149 1256 1149 479 1149 479 1149 1256 1149 1257 1149 479 1150 1257 1150 480 1150 480 1151 1257 1151 1258 1151 480 1152 1258 1152 475 1152 475 1152 1258 1152 1259 1152 475 1153 1259 1153 476 1153 476 1153 1259 1153 1260 1153 476 1154 1260 1154 477 1154 477 1155 1260 1155 1261 1155 477 1156 1261 1156 470 1156 470 1157 1261 1157 1262 1157 470 1158 1262 1158 471 1158 471 1159 1262 1159 1263 1159 471 1160 1263 1160 473 1160 473 1161 1263 1161 1264 1161 473 1162 1264 1162 474 1162 474 1163 1264 1163 1243 1163 526 1164 1265 1164 527 1164 527 1165 1265 1165 522 1165 522 1166 1265 1166 1266 1166 522 1167 1266 1167 523 1167 523 1167 1266 1167 1267 1167 523 1168 1267 1168 524 1168 524 1169 1267 1169 1268 1169 524 1170 1268 1170 519 1170 519 1171 1268 1171 1269 1171 519 1172 1269 1172 520 1172 520 1172 1269 1172 1270 1172 520 1173 1270 1173 521 1173 521 1174 1270 1174 1271 1174 521 1175 1271 1175 508 1175 508 1176 1271 1176 1272 1176 508 1177 1272 1177 517 1177 517 1178 1272 1178 1273 1178 517 1179 1273 1179 518 1179 518 1179 1273 1179 1274 1179 518 1180 1274 1180 514 1180 514 1180 1274 1180 1275 1180 514 1181 1275 1181 515 1181 515 1182 1275 1182 1276 1182 515 1183 1276 1183 516 1183 516 1184 1276 1184 1277 1184 516 1185 1277 1185 511 1185 511 1186 1277 1186 1278 1186 511 1187 1278 1187 512 1187 512 1187 1278 1187 1279 1187 512 1188 1279 1188 513 1188 513 1189 1279 1189 1280 1189 513 1190 1280 1190 506 1190 506 1191 1280 1191 1281 1191 506 1192 1281 1192 507 1192 507 1192 1281 1192 1282 1192 507 1193 1282 1193 509 1193 1282 1194 1283 1194 509 1194 509 1195 1283 1195 510 1195 510 1196 1283 1196 1284 1196 510 1197 1284 1197 540 1197 540 1197 1284 1197 1285 1197 540 1198 1285 1198 541 1198 541 1199 1285 1199 1286 1199 541 1200 1286 1200 537 1200 537 1201 1286 1201 1287 1201 537 1202 1287 1202 538 1202 538 1202 1287 1202 1288 1202 538 1203 1288 1203 539 1203 539 1204 1288 1204 1289 1204 539 1205 1289 1205 534 1205 534 1206 1289 1206 1290 1206 534 1207 1290 1207 535 1207 535 1208 1290 1208 1291 1208 535 1209 1291 1209 536 1209 536 1209 1291 1209 1292 1209 536 1210 1292 1210 531 1210 531 1210 1292 1210 1293 1210 531 1211 1293 1211 532 1211 532 1212 1293 1212 1294 1212 532 1213 1294 1213 533 1213 533 1214 1294 1214 1295 1214 533 1215 1295 1215 528 1215 528 1216 1295 1216 1296 1216 528 1217 1296 1217 529 1217 529 1217 1296 1217 1297 1217 529 1218 1297 1218 530 1218 530 1219 1297 1219 1298 1219 530 1220 1298 1220 525 1220 525 1221 1298 1221 1299 1221 525 1222 1299 1222 526 1222 526 1222 1299 1222 1300 1222 526 1223 1300 1223 1265 1223 562 1224 1301 1224 563 1224 563 1225 1301 1225 564 1225 564 1226 1301 1226 1302 1226 564 1227 1302 1227 559 1227 559 1228 1302 1228 1303 1228 559 1229 1303 1229 560 1229 560 1230 1303 1230 1304 1230 560 1231 1304 1231 561 1231 561 1232 1304 1232 1305 1232 561 1233 1305 1233 556 1233 556 1234 1305 1234 1306 1234 556 1235 1306 1235 557 1235 557 1235 1306 1235 1307 1235 557 1236 1307 1236 558 1236 558 1236 1307 1236 1308 1236 558 1237 1308 1237 553 1237 553 1116 1308 1116 1309 1116 553 1238 1309 1238 554 1238 554 1238 1309 1238 1310 1238 554 1239 1310 1239 555 1239 555 1240 1310 1240 1311 1240 555 1241 1311 1241 550 1241 570 1242 1312 1242 571 1242 571 1243 1312 1243 1313 1243 571 1244 1313 1244 572 1244 572 1245 1313 1245 1314 1245 572 1246 1314 1246 568 1246 568 1246 1314 1246 1315 1246 568 1247 1315 1247 569 1247 569 1247 1315 1247 1316 1247 569 1248 1316 1248 544 1248 544 1249 1316 1249 1317 1249 544 1250 1317 1250 565 1250 565 1250 1317 1250 1318 1250 565 1251 1318 1251 566 1251 566 1251 1318 1251 1319 1251 566 1252 1319 1252 567 1252 567 1253 1319 1253 1320 1253 567 1254 1320 1254 562 1254 562 1255 1320 1255 1301 1255 546 1256 1321 1256 576 1256 576 1257 1321 1257 1322 1257 576 1258 1322 1258 577 1258 577 1259 1322 1259 1323 1259 577 1260 1323 1260 573 1260 573 1260 1323 1260 1324 1260 573 1261 1324 1261 574 1261 574 1262 1324 1262 1325 1262 574 1263 1325 1263 575 1263 575 1264 1325 1264 1326 1264 575 1137 1326 1137 570 1137 570 1265 1326 1265 1312 1265 550 1266 1311 1266 1327 1266 550 1267 1327 1267 551 1267 551 1268 1327 1268 552 1268 552 1269 1327 1269 1328 1269 552 1270 1328 1270 547 1270 547 1271 1328 1271 1329 1271 547 1272 1329 1272 548 1272 548 1273 1329 1273 1330 1273 548 1274 1330 1274 549 1274 549 1274 1330 1274 1331 1274 549 1275 1331 1275 542 1275 542 1276 1331 1276 1332 1276 542 1277 1332 1277 543 1277 543 1278 1332 1278 1333 1278 543 1279 1333 1279 545 1279 545 1279 1333 1279 1334 1279 545 1280 1334 1280 546 1280 546 1281 1334 1281 1321 1281 608 1282 1335 1282 609 1282 609 1283 1335 1283 604 1283 604 1284 1335 1284 1336 1284 604 1285 1336 1285 605 1285 605 1285 1336 1285 1337 1285 605 1286 1337 1286 606 1286 606 1287 1337 1287 1338 1287 606 1288 1338 1288 601 1288 601 1289 1338 1289 1339 1289 601 1290 1339 1290 602 1290 602 1291 1339 1291 1340 1291 602 1292 1340 1292 603 1292 603 1293 1340 1293 1341 1293 603 1294 1341 1294 598 1294 598 1295 1341 1295 1342 1295 598 1296 1342 1296 599 1296 599 1297 1342 1297 1343 1297 599 1298 1343 1298 600 1298 600 1299 1343 1299 1344 1299 600 1300 1344 1300 595 1300 595 1301 1344 1301 1345 1301 595 1302 1345 1302 596 1302 596 1303 1345 1303 1346 1303 596 1304 1346 1304 597 1304 597 1305 1346 1305 1347 1305 597 1306 1347 1306 592 1306 592 1307 1347 1307 1348 1307 592 1308 1348 1308 593 1308 593 1309 1348 1309 1349 1309 593 1310 1349 1310 594 1310 594 1311 1349 1311 1350 1311 594 1312 1350 1312 589 1312 589 1313 1350 1313 1351 1313 589 1314 1351 1314 590 1314 590 1314 1351 1314 1352 1314 590 1315 1352 1315 591 1315 1352 1316 1353 1316 591 1316 591 1317 1353 1317 586 1317 586 1318 1353 1318 1354 1318 586 1149 1354 1149 587 1149 587 1149 1354 1149 1355 1149 587 1319 1355 1319 588 1319 588 1320 1355 1320 1356 1320 588 1321 1356 1321 583 1321 583 1321 1356 1321 1357 1321 583 1322 1357 1322 584 1322 584 1323 1357 1323 1358 1323 584 1324 1358 1324 585 1324 585 1325 1358 1325 1359 1325 585 1326 1359 1326 578 1326 578 1326 1359 1326 1360 1326 578 1327 1360 1327 579 1327 579 1328 1360 1328 1361 1328 579 1329 1361 1329 581 1329 581 1330 1361 1330 1362 1330 581 1331 1362 1331 582 1331 582 1332 1362 1332 1363 1332 582 1333 1363 1333 612 1333 612 1334 1363 1334 1364 1334 612 1335 1364 1335 613 1335 613 1335 1364 1335 1365 1335 613 1336 1365 1336 580 1336 580 1337 1365 1337 1366 1337 580 1338 1366 1338 610 1338 610 1339 1366 1339 1367 1339 610 1340 1367 1340 611 1340 611 1340 1367 1340 1368 1340 611 1341 1368 1341 607 1341 607 1342 1368 1342 1369 1342 607 1343 1369 1343 608 1343 608 1343 1369 1343 1370 1343 608 1344 1370 1344 1335 1344 622 1345 1371 1345 623 1345 623 1346 1371 1346 624 1346 624 1347 1371 1347 1372 1347 624 1348 1372 1348 619 1348 619 1349 1372 1349 1373 1349 619 1350 1373 1350 620 1350 620 1351 1373 1351 1374 1351 620 1352 1374 1352 621 1352 621 1352 1374 1352 1375 1352 621 1275 1375 1275 614 1275 630 1353 1376 1353 631 1353 631 1354 1376 1354 1377 1354 631 1231 1377 1231 632 1231 632 1232 1377 1232 1378 1232 632 1355 1378 1355 628 1355 628 1356 1378 1356 1379 1356 628 1357 1379 1357 629 1357 629 1357 1379 1357 1380 1357 629 1358 1380 1358 616 1358 616 1358 1380 1358 1381 1358 616 1359 1381 1359 625 1359 625 1360 1381 1360 1382 1360 625 1361 1382 1361 626 1361 626 1361 1382 1361 1383 1361 626 1362 1383 1362 627 1362 627 1362 1383 1362 1384 1362 627 1363 1384 1363 622 1363 622 1364 1384 1364 1385 1364 622 1365 1385 1365 1371 1365 642 1366 1386 1366 643 1366 643 1367 1386 1367 1387 1367 643 1368 1387 1368 644 1368 644 1369 1387 1369 1388 1369 644 1370 1388 1370 639 1370 639 1370 1388 1370 1389 1370 639 1371 1389 1371 640 1371 640 1371 1389 1371 1390 1371 640 1372 1390 1372 641 1372 641 1373 1390 1373 1391 1373 641 1374 1391 1374 636 1374 636 1374 1391 1374 1392 1374 636 1375 1392 1375 637 1375 637 1375 1392 1375 1393 1375 637 1376 1393 1376 638 1376 638 1377 1393 1377 1394 1377 638 1378 1394 1378 633 1378 633 1379 1394 1379 1395 1379 633 1380 1395 1380 634 1380 634 1381 1395 1381 1396 1381 634 1382 1396 1382 635 1382 635 1383 1396 1383 1397 1383 635 1384 1397 1384 630 1384 630 1385 1397 1385 1376 1385 1375 1276 1398 1276 614 1276 614 1386 1398 1386 1399 1386 614 1387 1399 1387 615 1387 615 1388 1399 1388 617 1388 617 1389 1399 1389 1400 1389 617 1390 1400 1390 618 1390 618 1390 1400 1390 1401 1390 618 1391 1401 1391 648 1391 648 1392 1401 1392 1402 1392 648 1258 1402 1258 649 1258 649 1259 1402 1259 1403 1259 649 1393 1403 1393 645 1393 645 1393 1403 1393 1404 1393 645 1394 1404 1394 646 1394 646 1395 1404 1395 1405 1395 646 1396 1405 1396 647 1396 647 1397 1405 1397 1406 1397 647 1398 1406 1398 642 1398 642 1399 1406 1399 1386 1399 660 1400 1407 1400 661 1400 661 1401 1407 1401 1408 1401 661 1402 1408 1402 662 1402 662 1403 1408 1403 1409 1403 662 1404 1409 1404 658 1404 658 1404 1409 1404 1410 1404 658 1405 1410 1405 659 1405 659 1405 1410 1405 1411 1405 659 1406 1411 1406 652 1406 652 1407 1411 1407 1412 1407 652 1408 1412 1408 655 1408 655 1408 1412 1408 1413 1408 655 1409 1413 1409 656 1409 656 1409 1413 1409 1414 1409 656 1410 1414 1410 657 1410 657 1411 1414 1411 1415 1411 657 1412 1415 1412 650 1412 666 1413 1416 1413 667 1413 667 1414 1416 1414 1417 1414 667 1109 1417 1109 668 1109 668 1110 1417 1110 1418 1110 668 1415 1418 1415 663 1415 663 1415 1418 1415 1419 1415 663 1416 1419 1416 664 1416 664 1417 1419 1417 1420 1417 664 1418 1420 1418 665 1418 665 1419 1420 1419 1421 1419 665 1360 1421 1360 660 1360 660 1420 1421 1420 1407 1420 675 1421 1422 1421 676 1421 676 1422 1422 1422 677 1422 677 1423 1422 1423 1423 1423 677 1424 1423 1424 672 1424 672 1425 1423 1425 1424 1425 672 1426 1424 1426 673 1426 673 1427 1424 1427 1425 1427 673 1428 1425 1428 674 1428 674 1428 1425 1428 1426 1428 674 1125 1426 1125 669 1125 669 1126 1426 1126 1427 1126 669 1429 1427 1429 670 1429 670 1430 1427 1430 1428 1430 670 1431 1428 1431 671 1431 671 1431 1428 1431 1429 1431 671 1432 1429 1432 666 1432 666 1433 1429 1433 1416 1433 650 1434 1415 1434 1430 1434 650 1435 1430 1435 651 1435 651 1436 1430 1436 653 1436 653 1437 1430 1437 1431 1437 653 1438 1431 1438 654 1438 654 1439 1431 1439 1432 1439 654 1440 1432 1440 684 1440 684 1441 1432 1441 1433 1441 684 1130 1433 1130 685 1130 685 1131 1433 1131 1434 1131 685 1442 1434 1442 681 1442 681 1443 1434 1443 1435 1443 681 1444 1435 1444 682 1444 682 1444 1435 1444 1436 1444 682 1445 1436 1445 683 1445 683 1445 1436 1445 1437 1445 683 1446 1437 1446 678 1446 678 1398 1437 1398 1438 1398 678 1343 1438 1343 679 1343 679 1343 1438 1343 1439 1343 679 1447 1439 1447 680 1447 680 1448 1439 1448 1440 1448 680 1449 1440 1449 675 1449 675 1450 1440 1450 1422 1450 1441 1451 689 1451 1442 1451 1442 1452 689 1452 687 1452 1442 1453 687 1453 1443 1453 1443 1454 687 1454 686 1454 1443 1455 686 1455 1444 1455 1444 1456 686 1456 693 1456 1444 1457 693 1457 1445 1457 1445 1458 693 1458 692 1458 1445 1459 692 1459 1446 1459 1446 1460 692 1460 691 1460 1446 1461 691 1461 1447 1461 1447 1462 691 1462 696 1462 1447 1320 696 1320 1448 1320 1448 1319 696 1319 695 1319 1448 1463 695 1463 1449 1463 1449 1463 695 1463 694 1463 1449 1464 694 1464 1450 1464 1450 1464 694 1464 699 1464 1450 1465 699 1465 1451 1465 1451 1466 699 1466 698 1466 1451 1238 698 1238 1452 1238 1452 1238 698 1238 697 1238 1452 1313 697 1313 1453 1313 1453 1312 697 1312 702 1312 1453 1467 702 1467 1454 1467 1454 1467 702 1467 701 1467 1454 1468 701 1468 1455 1468 1455 1469 701 1469 700 1469 1455 1470 700 1470 1456 1470 1456 1471 700 1471 705 1471 1456 1472 705 1472 1457 1472 1457 1472 705 1472 704 1472 1457 1473 704 1473 1458 1473 1458 1474 704 1474 703 1474 1458 1475 703 1475 1459 1475 1459 1476 703 1476 708 1476 1459 1477 708 1477 1460 1477 1460 1478 708 1478 707 1478 1460 1479 707 1479 1461 1479 1461 1480 707 1480 706 1480 1461 1481 706 1481 1462 1481 1462 1481 706 1481 709 1481 1462 1482 709 1482 1463 1482 1463 1483 709 1483 688 1483 1463 1484 688 1484 1464 1484 1464 1485 688 1485 713 1485 1464 1486 713 1486 1465 1486 1465 1486 713 1486 712 1486 1465 1287 712 1287 1466 1287 1466 1286 712 1286 711 1286 1466 1371 711 1371 1467 1371 1467 1371 711 1371 710 1371 1467 1487 710 1487 1468 1487 1468 1488 710 1488 716 1488 1468 1489 716 1489 1469 1489 1469 1489 716 1489 715 1489 1469 1490 715 1490 1470 1490 1470 1490 715 1490 714 1490 1470 1342 714 1342 1471 1342 1471 1341 714 1341 719 1341 1471 1491 719 1491 1472 1491 1472 1492 719 1492 718 1492 1472 1493 718 1493 1473 1493 1473 1494 718 1494 717 1494 1473 1495 717 1495 1474 1495 1474 1496 717 1496 721 1496 1474 1497 721 1497 1475 1497 1475 1498 721 1498 720 1498 1475 1499 720 1499 1476 1499 1476 1500 720 1500 690 1500 1476 1501 690 1501 1441 1501 1441 1502 690 1502 689 1502 1477 1503 1478 1503 1479 1503 1480 1504 1481 1504 1482 1504 1482 1505 1481 1505 1483 1505 1479 1506 1484 1506 1477 1506 1477 1507 1484 1507 1485 1507 1485 1508 1484 1508 1486 1508 1485 1509 1486 1509 1482 1509 1482 1510 1486 1510 1480 1510 1487 1511 1488 1511 1489 1511 1489 1512 1488 1512 1490 1512 1491 1513 1492 1513 1493 1513 1493 1514 1494 1514 1491 1514 1491 1515 1494 1515 1495 1515 1495 1516 1494 1516 1496 1516 1495 1517 1496 1517 1489 1517 1489 1518 1496 1518 1487 1518 1497 1519 1498 1519 1499 1519 1499 1520 1498 1520 1500 1520 1501 1521 1502 1521 1503 1521 1503 1522 1504 1522 1501 1522 1501 1523 1504 1523 1505 1523 1505 1524 1504 1524 1506 1524 1505 1525 1506 1525 1499 1525 1499 1526 1506 1526 1497 1526 1507 1527 1508 1527 1509 1527 1509 1528 1508 1528 1510 1528 1511 1529 1512 1529 1513 1529 1513 1530 1514 1530 1511 1530 1511 1531 1514 1531 1515 1531 1515 1532 1514 1532 1516 1532 1515 1533 1516 1533 1509 1533 1509 1534 1516 1534 1507 1534 1517 1535 1518 1535 1519 1535 1519 1536 1518 1536 1520 1536 1521 1537 1522 1537 1523 1537 1521 1538 1523 1538 1524 1538 1521 1539 1524 1539 1525 1539 1525 1540 1524 1540 1526 1540 1525 1541 1526 1541 1519 1541 1519 1542 1526 1542 1517 1542 1527 1543 1528 1543 1529 1543 1529 1544 1528 1544 1530 1544 1531 1545 1532 1545 1533 1545 1533 1546 1534 1546 1531 1546 1531 1547 1534 1547 1535 1547 1535 1548 1534 1548 1536 1548 1535 1549 1536 1549 1529 1549 1529 1550 1536 1550 1527 1550 1537 1551 1538 1551 1539 1551 1540 1552 1541 1552 1542 1552 1537 1553 1543 1553 1538 1553 1542 1554 1544 1554 1540 1554 1540 1555 1544 1555 1545 1555 1545 1556 1544 1556 1546 1556 1545 1557 1546 1557 1537 1557 1537 1558 1546 1558 1543 1558 1547 1559 1548 1559 1549 1559 1549 1560 1548 1560 1550 1560 1551 1561 1552 1561 1553 1561 1551 1562 1553 1562 1554 1562 1551 1563 1554 1563 1555 1563 1555 1564 1554 1564 1556 1564 1555 1565 1556 1565 1549 1565 1549 1566 1556 1566 1547 1566 1557 1567 1558 1567 1559 1567 1559 1568 1558 1568 1560 1568 1561 1569 1562 1569 1563 1569 1563 1570 1564 1570 1561 1570 1561 1571 1564 1571 1565 1571 1565 1572 1564 1572 1566 1572 1565 1573 1566 1573 1559 1573 1559 1574 1566 1574 1557 1574 1567 1575 1568 1575 1569 1575 1570 1576 1571 1576 1572 1576 1567 1577 1573 1577 1568 1577 1572 1578 1574 1578 1570 1578 1570 1579 1574 1579 1575 1579 1575 1580 1574 1580 1576 1580 1575 1581 1576 1581 1567 1581 1567 1582 1576 1582 1573 1582 1577 1583 1578 1583 1579 1583 1579 1584 1578 1584 1580 1584 1581 1585 1582 1585 1583 1585 1583 1586 1584 1586 1581 1586 1581 1587 1584 1587 1585 1587 1585 1588 1584 1588 1586 1588 1585 1589 1586 1589 1579 1589 1579 1590 1586 1590 1577 1590 1587 1591 1588 1591 1589 1591 1589 1592 1588 1592 1590 1592 1591 1593 1592 1593 1593 1593 1593 1594 1594 1594 1591 1594 1591 1595 1594 1595 1595 1595 1595 1596 1594 1596 1596 1596 1595 1597 1596 1597 1589 1597 1589 1598 1596 1598 1587 1598 1597 1599 1598 1599 759 1599 759 1600 758 1600 1597 1600 1597 1601 758 1601 1599 1601 1599 1602 758 1602 757 1602 1599 1603 757 1603 1600 1603 757 1604 756 1604 1600 1604 1600 1605 756 1605 1601 1605 756 1606 755 1606 1601 1606 1601 1607 755 1607 1602 1607 1602 1608 755 1608 754 1608 1602 1609 754 1609 1603 1609 754 1610 753 1610 1603 1610 1603 1611 753 1611 1604 1611 753 1612 752 1612 1604 1612 1604 1613 752 1613 1605 1613 752 1614 751 1614 1605 1614 1605 1615 751 1615 1606 1615 751 1616 750 1616 1606 1616 1606 1617 750 1617 1607 1617 750 1618 749 1618 1607 1618 1607 1619 749 1619 1608 1619 749 1620 748 1620 1608 1620 1608 1621 748 1621 1609 1621 1609 1622 748 1622 747 1622 1609 1623 747 1623 1610 1623 747 1624 746 1624 1610 1624 1610 1625 746 1625 1611 1625 746 1626 745 1626 1611 1626 1611 1627 745 1627 1612 1627 1612 1628 745 1628 744 1628 1612 1629 744 1629 1613 1629 744 1630 743 1630 1613 1630 1613 1631 743 1631 1614 1631 743 1632 742 1632 1614 1632 1614 1633 742 1633 1615 1633 1615 1634 742 1634 741 1634 1615 1635 741 1635 1616 1635 741 1635 740 1635 1616 1635 1616 1636 740 1636 1617 1636 740 1637 739 1637 1617 1637 1617 1638 739 1638 1618 1638 739 1639 738 1639 1618 1639 1618 1640 738 1640 1619 1640 738 1641 737 1641 1619 1641 1619 1642 737 1642 1620 1642 737 1643 736 1643 1620 1643 1620 1644 736 1644 1621 1644 736 1645 735 1645 1621 1645 1621 1646 735 1646 1622 1646 1622 1647 735 1647 734 1647 1622 1648 734 1648 1623 1648 734 1649 733 1649 1623 1649 1623 1650 733 1650 1624 1650 733 1651 732 1651 1624 1651 1624 1652 732 1652 1625 1652 732 1653 731 1653 1625 1653 1625 1654 731 1654 1626 1654 1626 1655 731 1655 730 1655 1626 1656 730 1656 729 1656 1626 1657 729 1657 1627 1657 1627 1658 729 1658 728 1658 1627 1659 728 1659 1628 1659 1628 1660 728 1660 1629 1660 1629 1661 728 1661 727 1661 1629 1662 727 1662 726 1662 1629 1663 726 1663 1630 1663 1630 1664 726 1664 725 1664 1630 1665 725 1665 1631 1665 1631 1666 725 1666 1632 1666 1632 1667 725 1667 724 1667 1632 1668 724 1668 723 1668 1632 1669 723 1669 1633 1669 1633 1670 723 1670 722 1670 1633 1671 722 1671 1634 1671 1634 1672 722 1672 1635 1672 1635 1673 722 1673 760 1673 1635 1674 760 1674 1598 1674 1598 1675 760 1675 759 1675 762 1676 1636 1676 763 1676 763 1677 1636 1677 1637 1677 763 1678 1637 1678 795 1678 795 924 1637 924 1638 924 795 925 1638 925 796 925 796 1679 1638 1679 1639 1679 796 1680 1639 1680 792 1680 792 1681 1639 1681 1640 1681 792 1682 1640 1682 793 1682 793 930 1640 930 1641 930 793 931 1641 931 794 931 794 932 1641 932 1642 932 794 1683 1642 1683 789 1683 789 1684 1642 1684 1643 1684 789 1685 1643 1685 790 1685 790 1686 1643 1686 1644 1686 790 936 1644 936 791 936 791 937 1644 937 1645 937 791 1687 1645 1687 786 1687 786 1688 1645 1688 1646 1688 786 511 1646 511 787 511 787 1689 1646 1689 1647 1689 787 940 1647 940 788 940 788 941 1647 941 1648 941 788 941 1648 941 783 941 783 1690 1648 1690 1649 1690 783 1691 1649 1691 784 1691 784 1692 1649 1692 1650 1692 784 1693 1650 1693 785 1693 785 946 1650 946 1651 946 785 652 1651 652 780 652 780 1694 1651 1694 1652 1694 780 1695 1652 1695 781 1695 781 1696 1652 1696 1653 1696 781 950 1653 950 782 950 782 951 1653 951 1654 951 782 1697 1654 1697 777 1697 777 1698 1654 1698 1655 1698 777 1699 1655 1699 778 1699 778 725 1655 725 1656 725 778 955 1656 955 779 955 779 1700 1656 1700 1657 1700 779 1701 1657 1701 774 1701 774 1702 1657 1702 1658 1702 774 1703 1658 1703 775 1703 775 960 1658 960 1659 960 775 960 1659 960 776 960 776 961 1659 961 1660 961 776 1704 1660 1704 771 1704 771 732 1660 732 1661 732 771 1705 1661 1705 772 1705 772 965 1661 965 1662 965 772 965 1662 965 773 965 773 966 1662 966 1663 966 773 966 1663 966 768 966 768 1706 1663 1706 1664 1706 768 1707 1664 1707 769 1707 769 1708 1664 1708 1665 1708 769 971 1665 971 770 971 770 972 1665 972 1666 972 770 973 1666 973 764 973 764 1709 1666 1709 1667 1709 764 1710 1667 1710 765 1710 765 1711 1667 1711 1668 1711 765 1712 1668 1712 766 1712 766 978 1668 978 1669 978 766 979 1669 979 767 979 767 1713 1669 1713 1670 1713 767 1714 1670 1714 761 1714 761 1715 1670 1715 1671 1715 761 983 1671 983 762 983 762 984 1671 984 1636 984 822 0 1672 0 823 0 823 0 1672 0 1673 0 823 0 1673 0 824 0 824 1716 1673 1716 1674 1716 824 0 1674 0 825 0 825 1717 1674 1717 1675 1717 825 0 1675 0 826 0 826 0 1675 0 1676 0 826 0 1676 0 827 0 827 1718 1676 1718 1677 1718 827 0 1677 0 828 0 828 1719 1677 1719 1678 1719 828 1720 1678 1720 829 1720 829 1721 1678 1721 1679 1721 829 1722 1679 1722 830 1722 830 1723 1679 1723 1680 1723 830 1724 1680 1724 831 1724 831 1725 1680 1725 1681 1725 831 0 1681 0 832 0 832 1726 1681 1726 1682 1726 832 0 1682 0 797 0 797 1727 1682 1727 1683 1727 797 1728 1683 1728 798 1728 798 1729 1683 1729 1684 1729 798 0 1684 0 799 0 799 1730 1684 1730 1685 1730 799 0 1685 0 800 0 800 1731 1685 1731 1686 1731 800 0 1686 0 801 0 801 1732 1686 1732 1687 1732 801 0 1687 0 802 0 802 1733 1687 1733 1688 1733 802 1734 1688 1734 803 1734 803 1735 1688 1735 1689 1735 803 0 1689 0 804 0 804 0 1689 0 1690 0 804 1736 1690 1736 805 1736 805 0 1690 0 1691 0 805 0 1691 0 806 0 806 0 1691 0 1692 0 806 1737 1692 1737 807 1737 807 0 1692 0 1693 0 807 0 1693 0 808 0 808 0 1693 0 1694 0 808 0 1694 0 809 0 809 0 1694 0 1695 0 809 0 1695 0 810 0 810 0 1695 0 1696 0 810 1738 1696 1738 811 1738 811 1739 1696 1739 1697 1739 811 1740 1697 1740 812 1740 812 0 1697 0 1698 0 812 0 1698 0 813 0 813 1741 1698 1741 1699 1741 813 1742 1699 1742 814 1742 814 1743 1699 1743 1700 1743 814 1744 1700 1744 815 1744 815 0 1700 0 1701 0 815 1745 1701 1745 816 1745 816 0 1701 0 1702 0 816 0 1702 0 817 0 817 1746 1702 1746 1703 1746 817 0 1703 0 818 0 818 1747 1703 1747 1704 1747 818 0 1704 0 819 0 819 1748 1704 1748 1705 1748 819 0 1705 0 820 0 820 0 1705 0 1706 0 820 1749 1706 1749 821 1749 821 1750 1706 1750 1707 1750 821 0 1707 0 822 0 822 1751 1707 1751 1672 1751 1593 1752 1708 1752 1594 1752 1594 1753 1708 1753 1709 1753 1594 1754 1709 1754 1596 1754 1596 1755 1709 1755 1710 1755 1596 1756 1710 1756 1587 1756 1587 1757 1710 1757 1711 1757 1587 1758 1711 1758 1588 1758 1588 1759 1711 1759 1712 1759 862 0 1713 0 863 0 863 0 1713 0 1714 0 863 0 1714 0 864 0 864 0 1714 0 1715 0 864 1742 1715 1742 865 1742 865 1760 1715 1760 1716 1760 865 1761 1716 1761 866 1761 866 0 1716 0 1717 0 866 0 1717 0 867 0 867 1762 1717 1762 1718 1762 867 1763 1718 1763 868 1763 868 1764 1718 1764 1719 1764 868 1765 1719 1765 833 1765 833 0 1719 0 1720 0 833 1766 1720 1766 834 1766 834 0 1720 0 1721 0 834 0 1721 0 835 0 835 1767 1721 1767 1722 1767 835 0 1722 0 836 0 836 1768 1722 1768 1723 1768 836 0 1723 0 837 0 837 1769 1723 1769 1724 1769 837 0 1724 0 838 0 838 0 1724 0 1725 0 838 1770 1725 1770 839 1770 839 1771 1725 1771 1726 1771 839 0 1726 0 840 0 840 1772 1726 1772 1727 1772 840 0 1727 0 841 0 841 0 1727 0 1728 0 841 0 1728 0 842 0 842 1773 1728 1773 1729 1773 842 0 1729 0 843 0 843 1774 1729 1774 1730 1774 843 0 1730 0 844 0 844 0 1730 0 1731 0 844 0 1731 0 845 0 845 1775 1731 1775 1732 1775 845 0 1732 0 846 0 846 1776 1732 1776 1733 1776 846 1777 1733 1777 847 1777 847 1778 1733 1778 1734 1778 847 1779 1734 1779 848 1779 848 1780 1734 1780 1735 1780 848 1781 1735 1781 849 1781 849 1782 1735 1782 1736 1782 849 0 1736 0 850 0 850 1783 1736 1783 1737 1783 850 0 1737 0 851 0 851 1784 1737 1784 1738 1784 851 1785 1738 1785 852 1785 852 1786 1738 1786 1739 1786 852 0 1739 0 853 0 853 1787 1739 1787 1740 1787 853 0 1740 0 854 0 854 1788 1740 1788 1741 1788 854 0 1741 0 855 0 855 1789 1741 1789 1742 1789 855 0 1742 0 856 0 856 1790 1742 1790 1743 1790 856 1791 1743 1791 857 1791 857 1792 1743 1792 1744 1792 857 0 1744 0 858 0 858 0 1744 0 1745 0 858 1793 1745 1793 859 1793 859 0 1745 0 1746 0 859 0 1746 0 860 0 860 0 1746 0 1747 0 860 1794 1747 1794 861 1794 861 0 1747 0 1748 0 861 0 1748 0 862 0 862 0 1748 0 1713 0 1583 1795 1749 1795 1584 1795 1584 1796 1749 1796 1750 1796 1584 1797 1750 1797 1586 1797 1586 1798 1750 1798 1751 1798 1586 1799 1751 1799 1577 1799 1577 1800 1751 1800 1752 1800 1577 1801 1752 1801 1578 1801 1578 1802 1752 1802 1753 1802 892 0 1754 0 893 0 893 0 1754 0 1755 0 893 1803 1755 1803 894 1803 894 0 1755 0 1756 0 894 0 1756 0 895 0 895 0 1756 0 1757 0 895 0 1757 0 896 0 896 1804 1757 1804 1758 1804 896 0 1758 0 897 0 897 0 1758 0 1759 0 897 0 1759 0 898 0 898 0 1759 0 1760 0 898 0 1760 0 899 0 899 0 1760 0 1761 0 899 0 1761 0 900 0 900 1805 1761 1805 1762 1805 900 1806 1762 1806 901 1806 901 0 1762 0 1763 0 901 1807 1763 1807 902 1807 902 1808 1763 1808 1764 1808 902 1809 1764 1809 903 1809 903 1810 1764 1810 1765 1810 903 0 1765 0 904 0 904 1811 1765 1811 1766 1811 904 0 1766 0 869 0 869 1812 1766 1812 1767 1812 869 0 1767 0 870 0 870 1813 1767 1813 1768 1813 870 0 1768 0 871 0 871 1814 1768 1814 1769 1814 871 0 1769 0 872 0 872 0 1769 0 1770 0 872 0 1770 0 873 0 873 1815 1770 1815 1771 1815 873 0 1771 0 874 0 874 0 1771 0 1772 0 874 0 1772 0 875 0 875 0 1772 0 1773 0 875 0 1773 0 876 0 876 0 1773 0 1774 0 876 1816 1774 1816 877 1816 877 0 1774 0 1775 0 877 0 1775 0 878 0 878 0 1775 0 1776 0 878 1817 1776 1817 879 1817 879 0 1776 0 1777 0 879 0 1777 0 880 0 880 0 1777 0 1778 0 880 1818 1778 1818 881 1818 881 0 1778 0 1779 0 881 0 1779 0 882 0 882 0 1779 0 1780 0 882 1819 1780 1819 883 1819 883 0 1780 0 1781 0 883 1820 1781 1820 884 1820 884 1821 1781 1821 1782 1821 884 1822 1782 1822 885 1822 885 1823 1782 1823 1783 1823 885 0 1783 0 886 0 886 1824 1783 1824 1784 1824 886 0 1784 0 887 0 887 1825 1784 1825 1785 1825 887 1826 1785 1826 888 1826 888 1827 1785 1827 1786 1827 888 1826 1786 1826 889 1826 889 1828 1786 1828 1787 1828 889 0 1787 0 890 0 890 0 1787 0 1788 0 890 0 1788 0 891 0 891 0 1788 0 1789 0 891 0 1789 0 892 0 892 1829 1789 1829 1754 1829 1790 1830 1568 1830 1791 1830 1791 1831 1568 1831 1573 1831 1791 1832 1573 1832 1792 1832 1792 1833 1573 1833 1576 1833 1792 1834 1576 1834 1793 1834 1793 1835 1576 1835 1574 1835 1793 1836 1574 1836 1794 1836 1794 1837 1574 1837 1572 1837 934 0 1795 0 935 0 935 0 1795 0 1796 0 935 0 1796 0 936 0 936 0 1796 0 1797 0 936 1838 1797 1838 937 1838 937 0 1797 0 1798 0 937 1839 1798 1839 938 1839 938 1840 1798 1840 1799 1840 938 1841 1799 1841 939 1841 939 0 1799 0 1800 0 939 0 1800 0 940 0 940 1842 1800 1842 1801 1842 940 0 1801 0 905 0 905 1843 1801 1843 1802 1843 905 0 1802 0 906 0 906 1844 1802 1844 1803 1844 906 1826 1803 1826 907 1826 907 1823 1803 1823 1804 1823 907 0 1804 0 908 0 908 0 1804 0 1805 0 908 1845 1805 1845 909 1845 909 1846 1805 1846 1806 1846 909 0 1806 0 910 0 910 0 1806 0 1807 0 910 0 1807 0 911 0 911 0 1807 0 1808 0 911 0 1808 0 912 0 912 0 1808 0 1809 0 912 1847 1809 1847 913 1847 913 0 1809 0 1810 0 913 0 1810 0 914 0 914 1848 1810 1848 1811 1848 914 0 1811 0 915 0 915 0 1811 0 1812 0 915 1849 1812 1849 916 1849 916 0 1812 0 1813 0 916 0 1813 0 917 0 917 0 1813 0 1814 0 917 0 1814 0 918 0 918 0 1814 0 1815 0 918 1850 1815 1850 919 1850 919 0 1815 0 1816 0 919 1851 1816 1851 920 1851 920 1743 1816 1743 1817 1743 920 1852 1817 1852 921 1852 921 1808 1817 1808 1818 1808 921 0 1818 0 922 0 922 1853 1818 1853 1819 1853 922 0 1819 0 923 0 923 1854 1819 1854 1820 1854 923 0 1820 0 924 0 924 1855 1820 1855 1821 1855 924 0 1821 0 925 0 925 1856 1821 1856 1822 1856 925 0 1822 0 926 0 926 0 1822 0 1823 0 926 0 1823 0 927 0 927 1857 1823 1857 1824 1857 927 0 1824 0 928 0 928 0 1824 0 1825 0 928 0 1825 0 929 0 929 0 1825 0 1826 0 929 0 1826 0 930 0 930 0 1826 0 1827 0 930 1858 1827 1858 931 1858 931 0 1827 0 1828 0 931 0 1828 0 932 0 932 1859 1828 1859 1829 1859 932 0 1829 0 933 0 933 0 1829 0 1830 0 933 0 1830 0 934 0 934 0 1830 0 1795 0 1831 1860 1558 1860 1832 1860 1832 1861 1558 1861 1557 1861 1832 1862 1557 1862 1833 1862 1833 1863 1557 1863 1566 1863 1833 1864 1566 1864 1834 1864 1834 1865 1566 1865 1564 1865 1834 1866 1564 1866 1835 1866 1835 1867 1564 1867 1563 1867 970 0 1836 0 971 0 971 0 1836 0 1837 0 971 0 1837 0 972 0 972 0 1837 0 1838 0 972 1868 1838 1868 973 1868 973 0 1838 0 1839 0 973 1869 1839 1869 974 1869 974 1870 1839 1870 1840 1870 974 1871 1840 1871 975 1871 975 0 1840 0 1841 0 975 0 1841 0 976 0 976 1842 1841 1842 1842 1842 976 0 1842 0 941 0 941 1872 1842 1872 1843 1872 941 0 1843 0 942 0 942 1873 1843 1873 1844 1873 942 1874 1844 1874 943 1874 943 1875 1844 1875 1845 1875 943 0 1845 0 944 0 944 0 1845 0 1846 0 944 1845 1846 1845 945 1845 945 1846 1846 1846 1847 1846 945 0 1847 0 946 0 946 0 1847 0 1848 0 946 0 1848 0 947 0 947 0 1848 0 1849 0 947 0 1849 0 948 0 948 0 1849 0 1850 0 948 1876 1850 1876 949 1876 949 0 1850 0 1851 0 949 0 1851 0 950 0 950 1877 1851 1877 1852 1877 950 0 1852 0 951 0 951 0 1852 0 1853 0 951 1878 1853 1878 952 1878 952 0 1853 0 1854 0 952 0 1854 0 953 0 953 0 1854 0 1855 0 953 0 1855 0 954 0 954 0 1855 0 1856 0 954 1879 1856 1879 955 1879 955 0 1856 0 1857 0 955 1851 1857 1851 956 1851 956 1743 1857 1743 1858 1743 956 1880 1858 1880 957 1880 957 1856 1858 1856 1859 1856 957 0 1859 0 958 0 958 1853 1859 1853 1860 1853 958 0 1860 0 959 0 959 1881 1860 1881 1861 1881 959 0 1861 0 960 0 960 1882 1861 1882 1862 1882 960 0 1862 0 961 0 961 1840 1862 1840 1863 1840 961 0 1863 0 962 0 962 0 1863 0 1864 0 962 0 1864 0 963 0 963 1883 1864 1883 1865 1883 963 0 1865 0 964 0 964 0 1865 0 1866 0 964 0 1866 0 965 0 965 0 1866 0 1867 0 965 0 1867 0 966 0 966 0 1867 0 1868 0 966 1884 1868 1884 967 1884 967 0 1868 0 1869 0 967 0 1869 0 968 0 968 1885 1869 1885 1870 1885 968 0 1870 0 969 0 969 0 1870 0 1871 0 969 0 1871 0 970 0 970 0 1871 0 1836 0 1872 1886 1548 1886 1873 1886 1873 1887 1548 1887 1547 1887 1873 1888 1547 1888 1874 1888 1874 1889 1547 1889 1556 1889 1874 1890 1556 1890 1875 1890 1875 1891 1556 1891 1554 1891 1875 1892 1554 1892 1876 1892 1876 1893 1554 1893 1553 1893 1006 0 1877 0 1007 0 1007 0 1877 0 1878 0 1007 0 1878 0 1008 0 1008 1894 1878 1894 1879 1894 1008 1895 1879 1895 1009 1895 1009 0 1879 0 1880 0 1009 1896 1880 1896 1010 1896 1010 1897 1880 1897 1881 1897 1010 1898 1881 1898 1011 1898 1011 1899 1881 1899 1882 1899 1011 0 1882 0 1012 0 1012 1900 1882 1900 1883 1900 1012 0 1883 0 977 0 977 1901 1883 1901 1884 1901 977 0 1884 0 978 0 978 1875 1884 1875 1885 1875 978 0 1885 0 979 0 979 1902 1885 1902 1886 1902 979 0 1886 0 980 0 980 0 1886 0 1887 0 980 0 1887 0 981 0 981 1903 1887 1903 1888 1903 981 0 1888 0 982 0 982 0 1888 0 1889 0 982 0 1889 0 983 0 983 0 1889 0 1890 0 983 0 1890 0 984 0 984 0 1890 0 1891 0 984 1904 1891 1904 985 1904 985 0 1891 0 1892 0 985 0 1892 0 986 0 986 0 1892 0 1893 0 986 1905 1893 1905 987 1905 987 0 1893 0 1894 0 987 0 1894 0 988 0 988 0 1894 0 1895 0 988 1906 1895 1906 989 1906 989 0 1895 0 1896 0 989 0 1896 0 990 0 990 0 1896 0 1897 0 990 1907 1897 1907 991 1907 991 0 1897 0 1898 0 991 1820 1898 1820 992 1820 992 1908 1898 1908 1899 1908 992 1909 1899 1909 993 1909 993 1910 1899 1910 1900 1910 993 0 1900 0 994 0 994 1911 1900 1911 1901 1911 994 0 1901 0 995 0 995 1912 1901 1912 1902 1912 995 1913 1902 1913 996 1913 996 1914 1902 1914 1903 1914 996 1915 1903 1915 997 1915 997 1916 1903 1916 1904 1916 997 0 1904 0 998 0 998 0 1904 0 1905 0 998 0 1905 0 999 0 999 0 1905 0 1906 0 999 0 1906 0 1000 0 1000 1917 1906 1917 1907 1917 1000 0 1907 0 1001 0 1001 0 1907 0 1908 0 1001 1845 1908 1845 1002 1845 1002 0 1908 0 1909 0 1002 0 1909 0 1003 0 1003 0 1909 0 1910 0 1003 0 1910 0 1004 0 1004 1918 1910 1918 1911 1918 1004 0 1911 0 1005 0 1005 0 1911 0 1912 0 1005 0 1912 0 1006 0 1006 0 1912 0 1877 0 1542 1919 1913 1919 1544 1919 1544 1920 1913 1920 1914 1920 1544 1921 1914 1921 1546 1921 1546 1922 1914 1922 1915 1922 1546 1923 1915 1923 1543 1923 1543 1924 1915 1924 1916 1924 1543 1925 1916 1925 1538 1925 1538 1926 1916 1926 1917 1926 1038 1927 1918 1927 1039 1927 1039 0 1918 0 1919 0 1039 0 1919 0 1040 0 1040 0 1919 0 1920 0 1040 1928 1920 1928 1041 1928 1041 0 1920 0 1921 0 1041 0 1921 0 1042 0 1042 0 1921 0 1922 0 1042 0 1922 0 1043 0 1043 0 1922 0 1923 0 1043 0 1923 0 1044 0 1044 0 1923 0 1924 0 1044 1929 1924 1929 1045 1929 1045 1760 1924 1760 1925 1760 1045 1930 1925 1930 1046 1930 1046 0 1925 0 1926 0 1046 0 1926 0 1047 0 1047 1931 1926 1931 1927 1931 1047 1932 1927 1932 1048 1932 1048 1933 1927 1933 1928 1933 1048 1934 1928 1934 1013 1934 1013 0 1928 0 1929 0 1013 1935 1929 1935 1014 1935 1014 0 1929 0 1930 0 1014 0 1930 0 1015 0 1015 1936 1930 1936 1931 1936 1015 0 1931 0 1016 0 1016 1937 1931 1937 1932 1937 1016 0 1932 0 1017 0 1017 1938 1932 1938 1933 1938 1017 0 1933 0 1018 0 1018 0 1933 0 1934 0 1018 1939 1934 1939 1019 1939 1019 1940 1934 1940 1935 1940 1019 0 1935 0 1020 0 1020 1941 1935 1941 1936 1941 1020 0 1936 0 1021 0 1021 0 1936 0 1937 0 1021 0 1937 0 1022 0 1022 1942 1937 1942 1938 1942 1022 0 1938 0 1023 0 1023 1943 1938 1943 1939 1943 1023 0 1939 0 1024 0 1024 0 1939 0 1940 0 1024 0 1940 0 1025 0 1025 1775 1940 1775 1941 1775 1025 0 1941 0 1026 0 1026 1944 1941 1944 1942 1944 1026 1945 1942 1945 1027 1945 1027 1778 1942 1778 1943 1778 1027 1946 1943 1946 1028 1946 1028 1947 1943 1947 1944 1947 1028 1948 1944 1948 1029 1948 1029 1949 1944 1949 1945 1949 1029 0 1945 0 1030 0 1030 1950 1945 1950 1946 1950 1030 0 1946 0 1031 0 1031 1951 1946 1951 1947 1951 1031 1952 1947 1952 1032 1952 1032 1953 1947 1953 1948 1953 1032 0 1948 0 1033 0 1033 1954 1948 1954 1949 1954 1033 0 1949 0 1034 0 1034 1955 1949 1955 1950 1955 1034 0 1950 0 1035 0 1035 1956 1950 1956 1951 1956 1035 0 1951 0 1036 0 1036 1957 1951 1957 1952 1957 1036 1958 1952 1958 1037 1958 1037 1959 1952 1959 1953 1959 1037 0 1953 0 1038 0 1038 0 1953 0 1918 0 1954 1960 1528 1960 1955 1960 1955 1961 1528 1961 1527 1961 1955 1962 1527 1962 1956 1962 1956 1963 1527 1963 1536 1963 1956 1964 1536 1964 1957 1964 1957 1965 1536 1965 1534 1965 1957 1966 1534 1966 1958 1966 1958 1967 1534 1967 1533 1967 1078 0 1959 0 1079 0 1079 1718 1959 1718 1960 1718 1079 0 1960 0 1080 0 1080 1968 1960 1968 1961 1968 1080 1969 1961 1969 1081 1969 1081 1721 1961 1721 1962 1721 1081 1970 1962 1970 1082 1970 1082 1971 1962 1971 1963 1971 1082 1972 1963 1972 1083 1972 1083 1973 1963 1973 1964 1973 1083 0 1964 0 1084 0 1084 1974 1964 1974 1965 1974 1084 0 1965 0 1049 0 1049 1975 1965 1975 1966 1975 1049 1976 1966 1976 1050 1976 1050 1977 1966 1977 1967 1977 1050 0 1967 0 1051 0 1051 1978 1967 1978 1968 1978 1051 0 1968 0 1052 0 1052 1979 1968 1979 1969 1979 1052 0 1969 0 1053 0 1053 1980 1969 1980 1970 1980 1053 0 1970 0 1054 0 1054 1981 1970 1981 1971 1981 1054 1982 1971 1982 1055 1982 1055 1983 1971 1983 1972 1983 1055 0 1972 0 1056 0 1056 0 1972 0 1973 0 1056 1984 1973 1984 1057 1984 1057 0 1973 0 1974 0 1057 0 1974 0 1058 0 1058 0 1974 0 1975 0 1058 1985 1975 1985 1059 1985 1059 0 1975 0 1976 0 1059 0 1976 0 1060 0 1060 0 1976 0 1977 0 1060 0 1977 0 1061 0 1061 0 1977 0 1978 0 1061 0 1978 0 1062 0 1062 0 1978 0 1979 0 1062 1932 1979 1932 1063 1932 1063 1739 1979 1739 1980 1739 1063 1986 1980 1986 1064 1986 1064 0 1980 0 1981 0 1064 0 1981 0 1065 0 1065 1987 1981 1987 1982 1987 1065 1988 1982 1988 1066 1988 1066 1989 1982 1989 1983 1989 1066 1990 1983 1990 1067 1990 1067 0 1983 0 1984 0 1067 1991 1984 1991 1068 1991 1068 0 1984 0 1985 0 1068 0 1985 0 1069 0 1069 1992 1985 1992 1986 1992 1069 0 1986 0 1070 0 1070 1993 1986 1993 1987 1993 1070 0 1987 0 1071 0 1071 1994 1987 1994 1988 1994 1071 0 1988 0 1072 0 1072 0 1988 0 1989 0 1072 1995 1989 1995 1073 1995 1073 1996 1989 1996 1990 1996 1073 0 1990 0 1074 0 1074 1997 1990 1997 1991 1997 1074 0 1991 0 1075 0 1075 0 1991 0 1992 0 1075 0 1992 0 1076 0 1076 1998 1992 1998 1993 1998 1076 0 1993 0 1077 0 1077 1999 1993 1999 1994 1999 1077 0 1994 0 1078 0 1078 0 1994 0 1959 0 1995 2000 1518 2000 1996 2000 1996 2001 1518 2001 1517 2001 1996 2002 1517 2002 1997 2002 1997 2003 1517 2003 1526 2003 1997 2004 1526 2004 1998 2004 1998 2005 1526 2005 1524 2005 1998 2006 1524 2006 1999 2006 1999 2007 1524 2007 1523 2007 1114 2008 2000 2008 1115 2008 1115 0 2000 0 2001 0 1115 0 2001 0 1116 0 1116 0 2001 0 2002 0 1116 2009 2002 2009 1117 2009 1117 0 2002 0 2003 0 1117 2010 2003 2010 1118 2010 1118 2011 2003 2011 2004 2011 1118 2012 2004 2012 1119 2012 1119 1882 2004 1882 2005 1882 1119 0 2005 0 1120 0 1120 2013 2005 2013 2006 2013 1120 0 2006 0 1085 0 1085 2014 2006 2014 2007 2014 1085 2015 2007 2015 1086 2015 1086 2016 2007 2016 2008 2016 1086 2015 2008 2015 1087 2015 1087 2017 2008 2017 2009 2017 1087 0 2009 0 1088 0 1088 0 2009 0 2010 0 1088 0 2010 0 1089 0 1089 0 2010 0 2011 0 1089 0 2011 0 1090 0 1090 2018 2011 2018 2012 2018 1090 0 2012 0 1091 0 1091 0 2012 0 2013 0 1091 2019 2013 2019 1092 2019 1092 0 2013 0 2014 0 1092 0 2014 0 1093 0 1093 0 2014 0 2015 0 1093 0 2015 0 1094 0 1094 2020 2015 2020 2016 2020 1094 0 2016 0 1095 0 1095 0 2016 0 2017 0 1095 0 2017 0 1096 0 1096 0 2017 0 2018 0 1096 0 2018 0 1097 0 1097 0 2018 0 2019 0 1097 0 2019 0 1098 0 1098 2021 2019 2021 2020 2021 1098 2022 2020 2022 1099 2022 1099 0 2020 0 2021 0 1099 2023 2021 2023 1100 2023 1100 2024 2021 2024 2022 2024 1100 2025 2022 2025 1101 2025 1101 1873 2022 1873 2023 1873 1101 0 2023 0 1102 0 1102 2026 2023 2026 2024 2026 1102 0 2024 0 1103 0 1103 2027 2024 2027 2025 2027 1103 0 2025 0 1104 0 1104 2028 2025 2028 2026 2028 1104 0 2026 0 1105 0 1105 2029 2026 2029 2027 2029 1105 0 2027 0 1106 0 1106 0 2027 0 2028 0 1106 0 2028 0 1107 0 1107 2030 2028 2030 2029 2030 1107 0 2029 0 1108 0 1108 0 2029 0 2030 0 1108 0 2030 0 1109 0 1109 0 2030 0 2031 0 1109 0 2031 0 1110 0 1110 0 2031 0 2032 0 1110 2031 2032 2031 1111 2031 1111 0 2032 0 2033 0 1111 0 2033 0 1112 0 1112 0 2033 0 2034 0 1112 2032 2034 2032 1113 2032 1113 0 2034 0 2035 0 1113 0 2035 0 1114 0 1114 0 2035 0 2000 0 2036 2033 1508 2033 2037 2033 2037 2034 1508 2034 1507 2034 2037 2035 1507 2035 2038 2035 2038 2036 1507 2036 1516 2036 2038 2037 1516 2037 2039 2037 2039 2038 1516 2038 1514 2038 2039 2039 1514 2039 2040 2039 2040 2040 1514 2040 1513 2040 1146 2041 2041 2041 1147 2041 1147 0 2041 0 2042 0 1147 0 2042 0 1148 0 1148 2042 2042 2042 2043 2042 1148 0 2043 0 1149 0 1149 0 2043 0 2044 0 1149 2043 2044 2043 1150 2043 1150 0 2044 0 2045 0 1150 0 2045 0 1151 0 1151 0 2045 0 2046 0 1151 0 2046 0 1152 0 1152 0 2046 0 2047 0 1152 1838 2047 1838 1153 1838 1153 0 2047 0 2048 0 1153 2044 2048 2044 1154 2044 1154 1933 2048 1933 2049 1933 1154 2045 2049 2045 1155 2045 1155 2024 2049 2024 2050 2024 1155 0 2050 0 1156 0 1156 2046 2050 2046 2051 2046 1156 0 2051 0 1121 0 1121 2047 2051 2047 2052 2047 1121 0 2052 0 1122 0 1122 2048 2052 2048 2053 2048 1122 0 2053 0 1123 0 1123 2049 2053 2049 2054 2049 1123 0 2054 0 1124 0 1124 0 2054 0 2055 0 1124 0 2055 0 1125 0 1125 2050 2055 2050 2056 2050 1125 0 2056 0 1126 0 1126 0 2056 0 2057 0 1126 0 2057 0 1127 0 1127 0 2057 0 2058 0 1127 0 2058 0 1128 0 1128 0 2058 0 2059 0 1128 1876 2059 1876 1129 1876 1129 0 2059 0 2060 0 1129 0 2060 0 1130 0 1130 2051 2060 2051 2061 2051 1130 0 2061 0 1131 0 1131 0 2061 0 2062 0 1131 0 2062 0 1132 0 1132 0 2062 0 2063 0 1132 0 2063 0 1133 0 1133 0 2063 0 2064 0 1133 0 2064 0 1134 0 1134 0 2064 0 2065 0 1134 1850 2065 1850 1135 1850 1135 0 2065 0 2066 0 1135 2052 2066 2052 1136 2052 1136 2053 2066 2053 2067 2053 1136 2054 2067 2054 1137 2054 1137 0 2067 0 2068 0 1137 0 2068 0 1138 0 1138 2055 2068 2055 2069 2055 1138 0 2069 0 1139 0 1139 2056 2069 2056 2070 2056 1139 0 2070 0 1140 0 1140 2057 2070 2057 2071 2057 1140 2015 2071 2015 1141 2015 1141 1882 2071 1882 2072 1882 1141 0 2072 0 1142 0 1142 0 2072 0 2073 0 1142 2058 2073 2058 1143 2058 1143 2059 2073 2059 2074 2059 1143 0 2074 0 1144 0 1144 0 2074 0 2075 0 1144 0 2075 0 1145 0 1145 0 2075 0 2076 0 1145 0 2076 0 1146 0 1146 0 2076 0 2041 0 2077 2060 1498 2060 2078 2060 2078 2061 1498 2061 1497 2061 2078 2062 1497 2062 2079 2062 2079 2063 1497 2063 1506 2063 2079 2064 1506 2064 2080 2064 2080 2065 1506 2065 1504 2065 2080 2066 1504 2066 2081 2066 2081 2067 1504 2067 1503 2067 1186 0 2082 0 1187 0 1187 0 2082 0 2083 0 1187 0 2083 0 1188 0 1188 0 2083 0 2084 0 1188 1868 2084 1868 1189 1868 1189 0 2084 0 2085 0 1189 2044 2085 2044 1190 2044 1190 1933 2085 1933 2086 1933 1190 2068 2086 2068 1191 2068 1191 2049 2086 2049 2087 2049 1191 0 2087 0 1192 0 1192 2046 2087 2046 2088 2046 1192 0 2088 0 1157 0 1157 2069 2088 2069 2089 2069 1157 0 2089 0 1158 0 1158 1823 2089 1823 2090 1823 1158 0 2090 0 1159 0 1159 2053 2090 2053 2091 2053 1159 0 2091 0 1160 0 1160 0 2091 0 2092 0 1160 0 2092 0 1161 0 1161 2070 2092 2070 2093 2070 1161 0 2093 0 1162 0 1162 0 2093 0 2094 0 1162 0 2094 0 1163 0 1163 0 2094 0 2095 0 1163 0 2095 0 1164 0 1164 0 2095 0 2096 0 1164 2071 2096 2071 1165 2071 1165 0 2096 0 2097 0 1165 0 2097 0 1166 0 1166 2072 2097 2072 2098 2072 1166 0 2098 0 1167 0 1167 0 2098 0 2099 0 1167 0 2099 0 1168 0 1168 0 2099 0 2100 0 1168 0 2100 0 1169 0 1169 0 2100 0 2101 0 1169 0 2101 0 1170 0 1170 0 2101 0 2102 0 1170 1879 2102 1879 1171 1879 1171 0 2102 0 2103 0 1171 2073 2103 2073 1172 2073 1172 2074 2103 2074 2104 2074 1172 2075 2104 2075 1173 2075 1173 0 2104 0 2105 0 1173 0 2105 0 1174 0 1174 2055 2105 2055 2106 2055 1174 0 2106 0 1175 0 1175 2076 2106 2076 2107 2076 1175 0 2107 0 1176 0 1176 1810 2107 1810 2108 1810 1176 2077 2108 2077 1177 2077 1177 2078 2108 2078 2109 2078 1177 0 2109 0 1178 0 1178 0 2109 0 2110 0 1178 2058 2110 2058 1179 2058 1179 2059 2110 2059 2111 2059 1179 0 2111 0 1180 0 1180 0 2111 0 2112 0 1180 0 2112 0 1181 0 1181 0 2112 0 2113 0 1181 0 2113 0 1182 0 1182 0 2113 0 2114 0 1182 1858 2114 1858 1183 1858 1183 0 2114 0 2115 0 1183 0 2115 0 1184 0 1184 2079 2115 2079 2116 2079 1184 0 2116 0 1185 0 1185 0 2116 0 2117 0 1185 2080 2117 2080 1186 2080 1186 0 2117 0 2082 0 1493 2081 2118 2081 1494 2081 1494 2082 2118 2082 2119 2082 1494 2083 2119 2083 1496 2083 1496 2084 2119 2084 2120 2084 1496 2085 2120 2085 1487 2085 1487 2086 2120 2086 2121 2086 1487 2087 2121 2087 1488 2087 1488 2088 2121 2088 2122 2088 2123 2089 1481 2089 2124 2089 2124 2090 1481 2090 1480 2090 2124 2091 1480 2091 2125 2091 2125 2092 1480 2092 1486 2092 2125 2093 1486 2093 2126 2093 2126 2094 1486 2094 1484 2094 2126 2095 1484 2095 2127 2095 2127 2096 1484 2096 1479 2096 2128 2097 1522 2097 1521 2097 1354 0 1353 0 2129 0 1255 0 1254 0 2130 0 1255 0 2130 0 1256 0 1264 0 2131 0 1243 0 1257 0 1599 0 1258 0 1258 0 1599 0 1600 0 1258 0 1600 0 1259 0 1259 0 1600 0 1601 0 1264 0 1263 0 1602 0 1602 0 1263 0 1262 0 1602 0 1262 0 1261 0 1602 0 1261 0 1601 0 1601 0 1261 0 1260 0 1601 0 1260 0 1259 0 1249 0 1248 0 1266 0 1266 0 1248 0 1247 0 1247 0 1246 0 1266 0 1266 0 1246 0 1245 0 1266 0 1245 0 2131 0 2131 0 1245 0 1244 0 2131 0 1244 0 1243 0 1250 0 1567 0 1251 0 1251 0 1567 0 1252 0 1252 0 1567 0 1237 0 1582 2098 1581 2098 2132 2098 2132 0 1581 0 1229 0 2132 0 1229 0 2133 0 1567 2099 1569 2099 1237 2099 1237 2100 1569 2100 2134 2100 1237 0 2134 0 1238 0 1238 0 2134 0 2135 0 1238 0 2135 0 1239 0 1239 0 2135 0 2136 0 1239 0 2136 0 1240 0 1240 0 2136 0 2137 0 1240 0 2137 0 1241 0 1241 0 2137 0 2133 0 1241 0 2133 0 1242 0 1242 0 2133 0 1229 0 1254 0 1253 0 2130 0 2130 0 1253 0 2138 0 2138 0 1253 0 1236 0 2138 0 1236 0 1235 0 2138 0 1235 0 1234 0 1229 0 1581 0 1230 0 1230 0 1581 0 1231 0 1231 0 1581 0 1585 0 1231 0 1585 0 1232 0 1232 0 1585 0 1579 0 1232 0 1579 0 1233 0 1233 2101 1579 2101 1580 2101 1233 2102 1580 2102 1234 2102 1234 2103 1580 2103 2139 2103 1234 0 2139 0 2138 0 1276 0 1275 0 2140 0 2140 0 1275 0 1274 0 2140 0 1274 0 2131 0 2131 0 1274 0 1273 0 2131 0 1273 0 1272 0 1279 0 1278 0 2140 0 2140 0 1278 0 1277 0 2140 0 1277 0 1276 0 1272 0 1271 0 2131 0 2131 0 1271 0 1270 0 2131 0 1270 0 1269 0 1282 0 1281 0 2140 0 2140 0 1281 0 1280 0 2140 0 1280 0 1279 0 1269 0 1268 0 2131 0 2131 0 1268 0 1267 0 2131 0 1267 0 1266 0 2141 0 1283 0 2142 0 2142 0 1283 0 1282 0 1300 0 2143 0 1265 0 1265 0 2143 0 2144 0 1265 0 2144 0 1266 0 1293 0 1565 0 1294 0 1294 0 1565 0 1559 0 1293 0 1292 0 1565 0 1565 0 1292 0 1291 0 1565 0 1291 0 1561 0 2141 0 2145 0 1283 0 1283 0 2145 0 2146 0 1283 0 2146 0 1284 0 1284 0 2146 0 1285 0 1300 0 1299 0 2143 0 2143 0 1299 0 1298 0 2143 0 1298 0 2147 0 2147 0 1298 0 1297 0 2147 2104 1297 2104 1560 2104 1560 2105 1297 2105 1296 2105 1560 2106 1296 2106 1559 2106 1559 0 1296 0 1295 0 1559 0 1295 0 1294 0 1291 0 1290 0 1561 0 1561 0 1290 0 1289 0 1561 2107 1289 2107 1562 2107 1562 2108 1289 2108 1288 2108 1562 2109 1288 2109 2148 2109 2148 0 1288 0 1287 0 2148 0 1287 0 2146 0 2146 0 1287 0 1286 0 2146 0 1286 0 1285 0 1332 0 1331 0 1540 0 1331 0 1330 0 1540 0 1540 0 1330 0 1329 0 1540 0 1329 0 1328 0 1333 0 1537 0 1334 0 1334 0 1537 0 1321 0 1537 2110 1539 2110 1321 2110 1321 2111 1539 2111 2149 2111 1321 0 2149 0 1322 0 1322 0 2149 0 2150 0 1322 0 2150 0 1323 0 1323 0 2150 0 1324 0 1324 0 2150 0 2151 0 1324 0 2151 0 1325 0 1325 0 2151 0 2152 0 1325 0 2152 0 1326 0 1326 0 2152 0 2153 0 1326 0 2153 0 1312 0 2142 0 1320 0 1319 0 2153 0 2154 0 1312 0 1312 2112 2154 2112 1552 2112 1312 2113 1552 2113 1551 2113 1312 0 1551 0 1313 0 1313 0 1551 0 1314 0 1314 0 1551 0 1315 0 1282 0 2140 0 2142 0 2142 0 2140 0 1320 0 1319 0 1318 0 2142 0 2142 0 1318 0 1317 0 2142 0 1317 0 1551 0 1551 0 1317 0 1316 0 1551 0 1316 0 1315 0 1612 0 1310 0 1309 0 1303 0 1302 0 2140 0 1302 0 1301 0 2140 0 2140 0 1301 0 1320 0 1612 0 1309 0 1308 0 1612 0 1308 0 1611 0 1611 0 1308 0 1307 0 1611 0 1307 0 1610 0 1307 0 1306 0 1610 0 1610 0 1306 0 1305 0 1610 0 1305 0 1609 0 1609 0 1305 0 1304 0 1368 0 2155 0 1369 0 1369 0 2155 0 2156 0 1369 0 2156 0 1370 0 1529 2114 1530 2114 1366 2114 1354 0 2129 0 1355 0 1355 0 2129 0 2157 0 1355 0 2157 0 1356 0 1366 2115 1530 2115 1367 2115 1367 2116 1530 2116 2158 2116 1367 0 2158 0 1368 0 1368 0 2158 0 2159 0 1368 0 2159 0 2155 0 1363 0 1535 0 1364 0 1364 0 1535 0 1529 0 1364 0 1529 0 1365 0 1365 0 1529 0 1366 0 1363 0 1362 0 1535 0 1535 0 1362 0 1361 0 1535 0 1361 0 1531 0 2157 0 2160 0 1356 0 1356 0 2160 0 2161 0 1356 0 2161 0 1357 0 1357 0 2161 0 2162 0 1357 0 2162 0 1358 0 1358 2117 2162 2117 1532 2117 1358 2118 1532 2118 1359 2118 1359 2119 1532 2119 1531 2119 1359 0 1531 0 1360 0 1360 0 1531 0 1361 0 1336 0 1335 0 1540 0 1540 0 1335 0 1370 0 1328 0 1327 0 1540 0 1540 0 1327 0 1337 0 1540 0 1337 0 1336 0 2129 0 1353 0 1352 0 2129 0 1352 0 2163 0 2163 0 1352 0 1351 0 2163 0 1351 0 1350 0 1340 0 1339 0 1327 0 1327 0 1339 0 1338 0 1327 0 1338 0 1337 0 1343 0 1327 0 1344 0 1344 0 1327 0 2163 0 1343 0 1342 0 1327 0 1327 0 1342 0 1341 0 1327 0 1341 0 1340 0 1350 0 1349 0 2163 0 2163 0 1349 0 1348 0 2163 0 1348 0 1347 0 1347 0 1346 0 2163 0 2163 0 1346 0 1345 0 2163 0 1345 0 1344 0 2163 0 1386 0 2129 0 2129 0 1386 0 1406 0 2129 0 1406 0 1405 0 1405 0 1404 0 2129 0 2129 0 1404 0 1403 0 2129 0 1403 0 1521 0 1521 0 1403 0 1402 0 1376 0 1397 0 2164 0 1389 0 1388 0 2163 0 2163 0 1388 0 1387 0 2163 0 1387 0 1386 0 1397 0 1396 0 1622 0 1622 0 1396 0 1395 0 1622 0 1395 0 1621 0 1390 0 1619 0 1391 0 1391 0 1619 0 1392 0 1392 0 1619 0 1620 0 1392 0 1620 0 1393 0 1393 0 1620 0 1621 0 1393 0 1621 0 1394 0 1394 0 1621 0 1395 0 1380 0 1379 0 2165 0 1378 0 1377 0 2164 0 2164 0 1377 0 1376 0 1380 0 2165 0 2166 0 1380 0 2166 0 1381 0 1381 2120 2166 2120 1512 2120 1381 2121 1512 2121 1382 2121 1382 2122 1512 2122 1511 2122 1382 0 1511 0 1383 0 1383 0 1511 0 1515 0 1383 0 1515 0 1384 0 1384 0 1515 0 1509 0 1384 0 1509 0 1385 0 1385 0 1509 0 1371 0 2167 0 2128 0 1399 0 1399 0 2128 0 1521 0 1399 0 1521 0 1400 0 1400 0 1521 0 1401 0 1401 0 1521 0 1402 0 1509 2123 1510 2123 1371 2123 1371 2124 1510 2124 2168 2124 1371 0 2168 0 1372 0 1372 0 2168 0 2169 0 1372 0 2169 0 1373 0 1373 0 2169 0 2170 0 1373 0 2170 0 1374 0 1374 0 2170 0 2171 0 1374 0 2171 0 1375 0 1375 0 2171 0 2167 0 1375 0 2167 0 1398 0 1398 0 2167 0 1399 0 1432 0 1431 0 2172 0 2172 0 1431 0 1430 0 1440 0 1439 0 1632 0 1632 0 1439 0 1438 0 1632 0 1438 0 1631 0 1631 0 1438 0 1437 0 1631 0 1437 0 1630 0 1437 0 1436 0 1630 0 1630 0 1436 0 1435 0 1630 0 1435 0 1629 0 1629 0 1435 0 1434 0 1629 0 1434 0 1433 0 1482 0 1416 0 1429 0 1482 0 1429 0 1485 0 1485 0 1429 0 1428 0 1485 0 1428 0 1477 0 1477 0 1428 0 1427 0 1477 2125 1427 2125 1478 2125 1478 2126 1427 2126 1426 2126 1478 2127 1426 2127 2173 2127 2173 0 1426 0 1425 0 2173 0 1425 0 2174 0 1482 2128 1483 2128 1416 2128 1416 2129 1483 2129 2175 2129 1416 0 2175 0 1417 0 1417 0 2175 0 2176 0 1417 0 2176 0 1418 0 1418 0 2176 0 1419 0 1419 0 2176 0 2177 0 1419 0 2177 0 1420 0 1420 0 2177 0 2178 0 1420 0 2178 0 1421 0 1421 0 2178 0 2179 0 1421 0 2179 0 1407 0 2179 0 2180 0 1407 0 1407 2130 2180 2130 1492 2130 1407 2131 1492 2131 1491 2131 1407 0 1491 0 1408 0 2172 0 1430 0 1415 0 2172 0 1415 0 2181 0 2181 0 1415 0 1414 0 2181 0 1414 0 1413 0 1408 0 1491 0 1409 0 1409 0 1491 0 1410 0 1410 0 1491 0 1495 0 1410 0 1495 0 1411 0 1411 0 1495 0 1489 0 1411 0 1489 0 1412 0 1412 2132 1489 2132 1490 2132 1412 2133 1490 2133 1413 2133 1413 2134 1490 2134 2182 2134 1413 0 2182 0 2181 0 2144 0 2183 0 1266 0 1266 0 2183 0 2184 0 2184 0 2185 0 1266 0 1266 2135 2185 2135 1571 2135 1266 2136 1571 2136 1570 2136 1250 0 1249 0 1567 0 1567 0 1249 0 1266 0 1567 0 1266 0 1575 0 1575 0 1266 0 1570 0 1550 2137 2186 2137 1549 2137 1549 0 2186 0 2142 0 1549 0 2142 0 1555 0 1555 0 2142 0 1551 0 1370 0 2156 0 1540 0 1540 0 2156 0 2187 0 2187 0 2188 0 1540 0 1540 2138 2188 2138 1541 2138 1333 0 1332 0 1537 0 1537 0 1332 0 1540 0 1537 0 1540 0 1545 0 1520 2139 2189 2139 1519 2139 1519 0 2189 0 2129 0 1519 0 2129 0 1525 0 1525 0 2129 0 1521 0 1202 0 1203 0 1505 0 1211 0 2181 0 2190 0 1213 0 1214 0 2172 0 2172 0 1214 0 1215 0 1505 0 1203 0 1501 0 2181 0 1211 0 2172 0 2172 0 1211 0 1212 0 2172 0 1212 0 1213 0 1215 0 1216 0 2172 0 2172 0 1216 0 1217 0 2172 0 1217 0 1218 0 1222 0 1223 0 2164 0 2190 0 2191 0 1211 0 1211 0 2191 0 2192 0 1211 0 2192 0 1210 0 1210 0 2192 0 1209 0 1218 0 1219 0 2172 0 2172 0 1219 0 1220 0 2172 0 1220 0 2164 0 2164 0 1220 0 1221 0 2164 0 1221 0 1222 0 1499 0 1200 0 1505 0 1505 0 1200 0 1201 0 1505 0 1201 0 1202 0 1203 0 1204 0 1501 0 1501 0 1204 0 1205 0 1501 2140 1205 2140 1502 2140 1502 2141 1205 2141 1206 2141 1502 2142 1206 2142 2193 2142 2193 0 1206 0 1207 0 2193 0 1207 0 2192 0 2192 0 1207 0 1208 0 2192 0 1208 0 1209 0 2194 0 1193 0 1194 0 1226 0 1227 0 2194 0 2194 0 1227 0 1228 0 2194 0 1228 0 1193 0 1194 0 1195 0 2194 0 2194 0 1195 0 1196 0 2194 0 1196 0 2195 0 2195 0 1196 0 1197 0 2195 2143 1197 2143 1500 2143 1500 2144 1197 2144 1198 2144 1500 2145 1198 2145 1499 2145 1499 0 1198 0 1199 0 1499 0 1199 0 1200 0 1223 0 1224 0 2164 0 2164 0 1224 0 1225 0 2164 0 1225 0 1226 0 1379 0 1378 0 2165 0 2165 0 1378 0 2164 0 2165 0 2164 0 2196 0 2196 0 2164 0 1226 0 2196 0 1226 0 2197 0 2197 0 1226 0 2194 0 1470 0 1471 0 2130 0 1448 0 1449 0 1422 0 1422 0 1449 0 2174 0 1422 0 2174 0 1423 0 1423 0 2174 0 1424 0 1424 0 2174 0 1425 0 1443 0 1444 0 1422 0 1422 0 1444 0 1445 0 1453 0 2198 0 1452 0 1452 0 2198 0 2199 0 1452 0 2199 0 1451 0 1451 0 2199 0 2174 0 1451 0 2174 0 1450 0 1450 0 2174 0 1449 0 1458 0 1459 0 1595 0 1595 0 1459 0 1460 0 1595 0 1460 0 1591 0 1465 0 1466 0 2200 0 2200 0 1466 0 1467 0 2200 0 1467 0 2138 0 2138 0 1467 0 1468 0 2138 0 1468 0 2130 0 2130 0 1468 0 1469 0 2130 0 1469 0 1470 0 1445 0 1446 0 1422 0 1422 0 1446 0 1447 0 1422 0 1447 0 1448 0 1458 0 1595 0 1457 0 1457 0 1595 0 1589 0 1457 0 1589 0 1456 0 2130 0 1474 0 1475 0 1456 0 1589 0 1455 0 1455 2146 1589 2146 1590 2146 1455 2147 1590 2147 1454 2147 1454 2148 1590 2148 2201 2148 1454 0 2201 0 1453 0 1453 0 2201 0 2202 0 1453 0 2202 0 2198 0 2200 0 2203 0 1465 0 1465 0 2203 0 2204 0 1465 0 2204 0 1464 0 1464 0 2204 0 2205 0 1464 0 2205 0 1463 0 1463 2149 2205 2149 1592 2149 1463 2150 1592 2150 1462 2150 1462 2151 1592 2151 1591 2151 1462 0 1591 0 1461 0 1461 0 1591 0 1460 0 1471 0 1472 0 2130 0 2130 0 1472 0 1473 0 2130 0 1473 0 1474 0 1475 0 1476 0 2130 0 2130 0 1476 0 1441 0 2130 0 1441 0 1422 0 1422 0 1441 0 1442 0 1422 0 1442 0 1443 0 1257 0 1256 0 1599 0 1599 0 1256 0 2130 0 1599 0 2130 0 1597 0 1440 0 1632 0 1422 0 1422 0 1632 0 1633 0 1633 0 1634 0 1422 0 1422 0 1634 0 1635 0 1422 0 1635 0 2130 0 2130 0 1635 0 1598 0 2130 0 1598 0 1597 0 1433 0 1432 0 1629 0 1629 0 1432 0 2172 0 1629 0 2172 0 1628 0 1628 0 2172 0 1627 0 1397 0 1622 0 2164 0 2164 0 1622 0 1623 0 1623 0 1624 0 2164 0 2164 0 1624 0 1625 0 2164 0 1625 0 2172 0 2172 0 1625 0 1626 0 2172 0 1626 0 1627 0 1390 0 1389 0 1619 0 1619 0 1389 0 2163 0 1619 0 2163 0 1618 0 1618 0 2163 0 1617 0 1613 0 1327 0 1612 0 1612 0 1327 0 1311 0 1612 0 1311 0 1310 0 1613 0 1614 0 1327 0 1327 0 1614 0 1615 0 1327 0 1615 0 2163 0 2163 0 1615 0 1616 0 2163 0 1616 0 1617 0 1264 0 1602 0 2131 0 2131 0 1602 0 1603 0 2131 0 1603 0 1604 0 1604 0 1605 0 2131 0 2131 0 1605 0 1606 0 2131 0 1606 0 2140 0 2140 0 1606 0 1607 0 2140 0 1607 0 1608 0 1304 0 1303 0 1609 0 1609 0 1303 0 2140 0 1609 0 2140 0 1608 0 1659 0 2206 0 1660 0 1660 0 2206 0 2207 0 1660 0 2207 0 1661 0 1661 0 2207 0 2208 0 1661 2152 2208 2152 1662 2152 1662 0 2208 0 2209 0 1662 0 2209 0 1663 0 1663 0 2209 0 2210 0 1663 2153 2210 2153 1664 2153 1664 0 2210 0 2211 0 1664 0 2211 0 1665 0 1665 0 2211 0 2212 0 1665 2154 2212 2154 1666 2154 1666 0 2212 0 2213 0 1666 0 2213 0 1667 0 1667 0 2213 0 2214 0 1667 2155 2214 2155 1668 2155 1668 0 2214 0 2215 0 1668 2010 2215 2010 1669 2010 1669 2156 2215 2156 2216 2156 1669 2157 2216 2157 1670 2157 1670 2158 2216 2158 2217 2158 1670 0 2217 0 1671 0 1671 2159 2217 2159 2218 2159 1671 0 2218 0 1636 0 1636 2160 2218 2160 2219 2160 1636 2161 2219 2161 1637 2161 1637 2162 2219 2162 2220 2162 1637 2163 2220 2163 1638 2163 1638 2164 2220 2164 2221 2164 1638 0 2221 0 1639 0 1639 0 2221 0 2222 0 1639 0 2222 0 1640 0 1640 0 2222 0 2223 0 1640 0 2223 0 1641 0 1641 2165 2223 2165 2224 2165 1641 0 2224 0 1642 0 1642 0 2224 0 2225 0 1642 2058 2225 2058 1643 2058 1643 0 2225 0 2226 0 1643 0 2226 0 1644 0 1644 0 2226 0 2227 0 1644 0 2227 0 1645 0 1645 2166 2227 2166 2228 2166 1645 0 2228 0 1646 0 1646 0 2228 0 2229 0 1646 0 2229 0 1647 0 1647 0 2229 0 2230 0 1647 0 2230 0 1648 0 1648 0 2230 0 2231 0 1648 0 2231 0 1649 0 1649 2167 2231 2167 2232 2167 1649 2168 2232 2168 1650 2168 1650 0 2232 0 2233 0 1650 2169 2233 2169 1651 2169 1651 2170 2233 2170 2234 2170 1651 2171 2234 2171 1652 2171 1652 2172 2234 2172 2235 2172 1652 0 2235 0 1653 0 1653 2173 2235 2173 2236 2173 1653 0 2236 0 1654 0 1654 2174 2236 2174 2237 2174 1654 0 2237 0 1655 0 1655 2078 2237 2078 2238 2078 1655 0 2238 0 1656 0 1656 2175 2238 2175 2239 2175 1656 0 2239 0 1657 0 1657 0 2239 0 2240 0 1657 0 2240 0 1658 0 1658 2176 2240 2176 2241 2176 1658 0 2241 0 1659 0 1659 0 2241 0 2206 0 2242 2177 2123 2177 2124 2177 2242 2178 2124 2178 2243 2178 2242 2179 2243 2179 2244 2179 2244 2180 2243 2180 2245 2180 2244 2181 2245 2181 2246 2181 2246 2182 2245 2182 2247 2182 2248 2183 2249 2183 2247 2183 2247 2184 2249 2184 2246 2184 2250 2185 2251 2185 2252 2185 2253 2186 2254 2186 2252 2186 2253 2187 2252 2187 2251 2187 2254 2188 2253 2188 2255 2188 2255 2189 2253 2189 2256 2189 2257 2190 2258 2190 2256 2190 2256 2191 2258 2191 2255 2191 2126 2192 2127 2192 2257 2192 2257 2193 2127 2193 2258 2193 2259 2194 2248 2194 2260 2194 2260 2195 2248 2195 2247 2195 2260 2196 2247 2196 2261 2196 2261 2197 2247 2197 2245 2197 2261 2198 2245 2198 2243 2198 2261 2199 2243 2199 2262 2199 2262 2200 2243 2200 2125 2200 2125 2201 2243 2201 2124 2201 2251 2202 2259 2202 2253 2202 2253 2203 2259 2203 2260 2203 2253 2204 2260 2204 2256 2204 2256 2205 2260 2205 2261 2205 2256 2206 2261 2206 2257 2206 2257 2207 2261 2207 2262 2207 2257 2208 2262 2208 2126 2208 2126 2209 2262 2209 2125 2209 1588 2210 1679 2210 1678 2210 2255 2211 2258 2211 1706 2211 1706 2212 2258 2212 2127 2212 1672 2213 1707 2213 1478 2213 1478 2214 1707 2214 1706 2214 1478 2215 1706 2215 1479 2215 1479 2216 1706 2216 2127 2216 2254 2217 2255 2217 1705 2217 1705 2218 2255 2218 1706 2218 1704 2219 2250 2219 2252 2219 1704 2220 2252 2220 1705 2220 1705 2221 2252 2221 2254 2221 1704 2222 1703 2222 2250 2222 2250 2223 1703 2223 1702 2223 2250 2224 1702 2224 2263 2224 2263 2225 1702 2225 1701 2225 2263 2226 1701 2226 2264 2226 2264 2227 1701 2227 1700 2227 2264 2228 1700 2228 2265 2228 2265 2229 1700 2229 1699 2229 2265 2230 1699 2230 2266 2230 2266 2231 1699 2231 1698 2231 2266 2232 1698 2232 2267 2232 2267 2233 1698 2233 1697 2233 2267 2234 1697 2234 2268 2234 1696 2235 2269 2235 1697 2235 1697 2236 2269 2236 2268 2236 1695 2237 1694 2237 2270 2237 2270 2238 2271 2238 1695 2238 1695 2239 2271 2239 1696 2239 1696 2240 2271 2240 2269 2240 1692 2241 2272 2241 1693 2241 1693 2242 2272 2242 1694 2242 1694 2243 2272 2243 2270 2243 1691 2244 2273 2244 1692 2244 1692 2245 2273 2245 2272 2245 1690 2246 2274 2246 1691 2246 1691 2247 2274 2247 2273 2247 1689 2248 2275 2248 1690 2248 1690 2249 2275 2249 2274 2249 1687 2250 2276 2250 1688 2250 1688 2251 2276 2251 1689 2251 1689 2252 2276 2252 2275 2252 1682 2253 2277 2253 1683 2253 1683 2254 2277 2254 2278 2254 1683 2255 2278 2255 1684 2255 1684 2256 2278 2256 2279 2256 1684 2257 2279 2257 1685 2257 1685 2258 2279 2258 2280 2258 1685 2259 2280 2259 1686 2259 1686 2260 2280 2260 2281 2260 1686 2261 2281 2261 1687 2261 1687 2262 2281 2262 2276 2262 1681 2263 2282 2263 1682 2263 1682 2264 2282 2264 2283 2264 1682 2265 2283 2265 2277 2265 2284 2266 2285 2266 1680 2266 1680 2267 2285 2267 1681 2267 1681 2268 2285 2268 2282 2268 1588 2269 1712 2269 1679 2269 1712 2270 2286 2270 1679 2270 2286 2271 2284 2271 1679 2271 1679 2272 2284 2272 1680 2272 1677 2273 1590 2273 1678 2273 1678 2274 1590 2274 1588 2274 1672 2275 1478 2275 2173 2275 1672 2276 2173 2276 1673 2276 2173 2277 2174 2277 1673 2277 1673 2278 2174 2278 1674 2278 1674 2279 2174 2279 2199 2279 1674 2280 2199 2280 1675 2280 1675 2281 2199 2281 2198 2281 1675 2282 2198 2282 1676 2282 1676 2282 2198 2282 2202 2282 1676 2283 2202 2283 1677 2283 1677 2283 2202 2283 2201 2283 1677 2284 2201 2284 1590 2284 2287 2285 2288 2285 2289 2285 2290 2286 2291 2286 2289 2286 2290 2287 2289 2287 2288 2287 2291 2288 2290 2288 2292 2288 2292 2289 2290 2289 2293 2289 2294 2290 2295 2290 2293 2290 2293 2291 2295 2291 2292 2291 1709 2292 1708 2292 2294 2292 2294 2293 1708 2293 2295 2293 2296 2294 2286 2294 1712 2294 2296 2295 1712 2295 1711 2295 2297 2296 2284 2296 2286 2296 2297 2297 2286 2297 2296 2297 2285 2298 2284 2298 2298 2298 2298 2299 2284 2299 2297 2299 2285 2300 2298 2300 2282 2300 2282 2301 2298 2301 2299 2301 2300 2302 2299 2302 2301 2302 2301 2303 2299 2303 2298 2303 2301 2304 2298 2304 2302 2304 2302 2305 2298 2305 2297 2305 2302 2306 2297 2306 2296 2306 2302 2307 2296 2307 2303 2307 2303 2308 2296 2308 1710 2308 1710 2309 2296 2309 1711 2309 2288 2310 2300 2310 2290 2310 2290 2311 2300 2311 2301 2311 2290 2312 2301 2312 2293 2312 2293 2313 2301 2313 2302 2313 2293 2314 2302 2314 2294 2314 2294 2315 2302 2315 2303 2315 2294 2316 2303 2316 1709 2316 1709 2317 2303 2317 1710 2317 1578 2318 1713 2318 1748 2318 2292 2319 2295 2319 1740 2319 1740 2320 2295 2320 1708 2320 1742 2321 1741 2321 1592 2321 1592 2322 1741 2322 1740 2322 1592 2323 1740 2323 1593 2323 1593 2324 1740 2324 1708 2324 2291 2325 2292 2325 1739 2325 1739 2326 2292 2326 1740 2326 1738 2327 2287 2327 2289 2327 1738 2328 2289 2328 1739 2328 1739 2329 2289 2329 2291 2329 1738 2330 1737 2330 2287 2330 2287 2331 1737 2331 1736 2331 2287 2332 1736 2332 2304 2332 2304 2333 1736 2333 1735 2333 2304 2334 1735 2334 2305 2334 2305 2335 1735 2335 1734 2335 2305 2336 1734 2336 2306 2336 2306 2337 1734 2337 1733 2337 2306 2338 1733 2338 2307 2338 2307 2339 1733 2339 2308 2339 2308 2340 1733 2340 1732 2340 2308 2341 1732 2341 1731 2341 2308 2342 1731 2342 2309 2342 1730 2343 1729 2343 2310 2343 2310 2344 2311 2344 1730 2344 1730 2345 2311 2345 1731 2345 1731 2346 2311 2346 2309 2346 1728 2347 1727 2347 2312 2347 2312 2348 2313 2348 1728 2348 1728 2349 2313 2349 1729 2349 1729 2350 2313 2350 2310 2350 1725 2351 2314 2351 1726 2351 1726 2352 2314 2352 2312 2352 1726 2353 2312 2353 1727 2353 1724 2354 2315 2354 1725 2354 1725 2355 2315 2355 2314 2355 1723 2356 2316 2356 1724 2356 1724 2357 2316 2357 2315 2357 1722 2358 2317 2358 1723 2358 1723 2359 2317 2359 2316 2359 1716 2360 2318 2360 1717 2360 1717 2361 2318 2361 2319 2361 1717 2362 2319 2362 1718 2362 1718 2363 2319 2363 2320 2363 1718 2364 2320 2364 1719 2364 1719 2365 2320 2365 2321 2365 1719 2366 2321 2366 1720 2366 1720 2367 2321 2367 2322 2367 1720 2368 2322 2368 1721 2368 1721 2369 2322 2369 1722 2369 1722 2370 2322 2370 2317 2370 1715 2371 2323 2371 1716 2371 1716 2372 2323 2372 2324 2372 1716 2373 2324 2373 2318 2373 2325 2374 2326 2374 1714 2374 1714 2375 2326 2375 1715 2375 1715 2376 2326 2376 2323 2376 1578 2377 1753 2377 1713 2377 1753 2378 2327 2378 1713 2378 2327 2379 2325 2379 1713 2379 1713 2380 2325 2380 1714 2380 1747 2381 1580 2381 1748 2381 1748 2382 1580 2382 1578 2382 1742 2383 1592 2383 2205 2383 1742 2384 2205 2384 1743 2384 1743 2384 2205 2384 2204 2384 1743 2385 2204 2385 1744 2385 1744 2385 2204 2385 2203 2385 1744 2386 2203 2386 1745 2386 2203 2387 2200 2387 1745 2387 1745 2388 2200 2388 2138 2388 1745 2389 2138 2389 1746 2389 1746 2390 2138 2390 1747 2390 1747 2391 2138 2391 2139 2391 1747 2392 2139 2392 1580 2392 2328 2393 2329 2393 2330 2393 2331 2394 2332 2394 2330 2394 2331 2395 2330 2395 2329 2395 2332 2396 2331 2396 2333 2396 2333 2397 2331 2397 2334 2397 2335 2398 2336 2398 2334 2398 2334 2399 2336 2399 2333 2399 1750 2400 1749 2400 2335 2400 2335 2401 1749 2401 2336 2401 2337 2402 2327 2402 1753 2402 2337 2403 1753 2403 1752 2403 2338 2404 2325 2404 2327 2404 2338 2405 2327 2405 2337 2405 2326 2406 2325 2406 2339 2406 2339 2407 2325 2407 2338 2407 2326 2408 2339 2408 2323 2408 2323 2409 2339 2409 2340 2409 2341 2410 2340 2410 2342 2410 2342 2411 2340 2411 2339 2411 2342 2412 2339 2412 2343 2412 2343 2413 2339 2413 2338 2413 2343 2414 2338 2414 2337 2414 2343 2415 2337 2415 2344 2415 2344 2416 2337 2416 1751 2416 1751 2417 2337 2417 1752 2417 2329 2418 2341 2418 2331 2418 2331 2419 2341 2419 2342 2419 2331 2420 2342 2420 2334 2420 2334 2421 2342 2421 2343 2421 2334 2422 2343 2422 2335 2422 2335 2423 2343 2423 2344 2423 2335 2424 2344 2424 1750 2424 1750 2425 2344 2425 1751 2425 1568 2426 1757 2426 1756 2426 2333 2427 2336 2427 1784 2427 1784 2428 2336 2428 1749 2428 1786 2429 1785 2429 1582 2429 1582 2430 1785 2430 1784 2430 1582 2431 1784 2431 1583 2431 1583 2432 1784 2432 1749 2432 2332 2433 2333 2433 1783 2433 1783 2434 2333 2434 1784 2434 1782 2435 2328 2435 2330 2435 1782 2436 2330 2436 1783 2436 1783 2437 2330 2437 2332 2437 1782 2438 1781 2438 2328 2438 2328 2439 1781 2439 1780 2439 2328 2440 1780 2440 2345 2440 2345 2441 1780 2441 1779 2441 2345 2442 1779 2442 2346 2442 2346 2443 1779 2443 1778 2443 2346 2444 1778 2444 2347 2444 2347 2445 1778 2445 1777 2445 2347 2446 1777 2446 2348 2446 2348 2447 1777 2447 1776 2447 2348 2448 1776 2448 2349 2448 2349 2449 1776 2449 1775 2449 2349 2450 1775 2450 2350 2450 1773 2451 2351 2451 1774 2451 2351 2452 2352 2452 1774 2452 1774 2453 2352 2453 1775 2453 1775 2454 2352 2454 2350 2454 2351 2455 1773 2455 2353 2455 2353 2456 1773 2456 1772 2456 2353 2457 1772 2457 1771 2457 1769 2458 2354 2458 1770 2458 1770 2459 2354 2459 2355 2459 1770 2460 2355 2460 1771 2460 1771 2461 2355 2461 2353 2461 1768 2462 2356 2462 1769 2462 1769 2463 2356 2463 2354 2463 1767 2464 2357 2464 1768 2464 1768 2465 2357 2465 2356 2465 1766 2466 2358 2466 1767 2466 1767 2467 2358 2467 2357 2467 2359 2468 2358 2468 1766 2468 1760 2469 2360 2469 1761 2469 1761 2470 2360 2470 2361 2470 1761 2471 2361 2471 1762 2471 1762 2472 2361 2472 2362 2472 1762 2473 2362 2473 1763 2473 1763 2474 2362 2474 2363 2474 1763 2475 2363 2475 1764 2475 1764 2476 2363 2476 2359 2476 1764 2477 2359 2477 1765 2477 1765 2478 2359 2478 1766 2478 1759 2479 2364 2479 1760 2479 1760 2480 2364 2480 2365 2480 1760 2481 2365 2481 2360 2481 2366 2482 2367 2482 1758 2482 1758 2483 2367 2483 1759 2483 1759 2484 2367 2484 2364 2484 1568 2485 1790 2485 1757 2485 1790 2486 2368 2486 1757 2486 2368 2487 2366 2487 1757 2487 1757 2488 2366 2488 1758 2488 1755 2489 1569 2489 1756 2489 1756 2490 1569 2490 1568 2490 1786 2491 1582 2491 2132 2491 1786 2492 2132 2492 1787 2492 1787 2492 2132 2492 2133 2492 1787 2493 2133 2493 1788 2493 1788 2493 2133 2493 2137 2493 1788 2494 2137 2494 1789 2494 1789 2494 2137 2494 2136 2494 1789 2495 2136 2495 1754 2495 1754 2496 2136 2496 2135 2496 1754 2497 2135 2497 1755 2497 1755 2497 2135 2497 2134 2497 1755 2498 2134 2498 1569 2498 2369 2499 2370 2499 2371 2499 2369 2500 2371 2500 2372 2500 2370 2501 2369 2501 2373 2501 2373 2502 2369 2502 2374 2502 2375 2503 2376 2503 2374 2503 2374 2504 2376 2504 2373 2504 1793 2505 1794 2505 2375 2505 2375 2506 1794 2506 2376 2506 2377 2507 2368 2507 1790 2507 2377 2508 1790 2508 1791 2508 2378 2509 2366 2509 2368 2509 2378 2510 2368 2510 2377 2510 2367 2511 2366 2511 2379 2511 2379 2512 2366 2512 2378 2512 2367 2513 2379 2513 2364 2513 2364 2514 2379 2514 2380 2514 2381 2515 2380 2515 2382 2515 2382 2516 2380 2516 2379 2516 2382 2517 2379 2517 2383 2517 2383 2518 2379 2518 2378 2518 2383 2519 2378 2519 2384 2519 2384 2520 2378 2520 2377 2520 2384 2521 2377 2521 1792 2521 1792 2522 2377 2522 1791 2522 1792 2523 1793 2523 2384 2523 2384 2524 1793 2524 2375 2524 2384 2525 2375 2525 2383 2525 2383 2526 2375 2526 2374 2526 2383 2527 2374 2527 2369 2527 2383 2528 2369 2528 2382 2528 2382 2529 2369 2529 2381 2529 2381 2530 2369 2530 2372 2530 2372 2531 2371 2531 2385 2531 1558 2532 1825 2532 1824 2532 2373 2533 2376 2533 1816 2533 1816 2534 2376 2534 1794 2534 1818 2535 1817 2535 1571 2535 1571 2536 1817 2536 1816 2536 1571 2537 1816 2537 1572 2537 1572 2538 1816 2538 1794 2538 2370 2539 2373 2539 1815 2539 1815 2540 2373 2540 1816 2540 1814 2541 2385 2541 2371 2541 1814 2542 2371 2542 1815 2542 1815 2543 2371 2543 2370 2543 1814 2544 1813 2544 2385 2544 2385 2545 1813 2545 1812 2545 2385 2546 1812 2546 2386 2546 2386 2547 1812 2547 1811 2547 2386 2548 1811 2548 2387 2548 2387 2549 1811 2549 1810 2549 2387 2550 1810 2550 2388 2550 2388 2551 1810 2551 1809 2551 2388 2552 1809 2552 2389 2552 2389 2553 1809 2553 1808 2553 2389 2554 1808 2554 2390 2554 2390 2555 1808 2555 1807 2555 2390 2556 1807 2556 2391 2556 1806 2557 1805 2557 2392 2557 2392 2558 2393 2558 1806 2558 1806 2559 2393 2559 1807 2559 1807 2560 2393 2560 2391 2560 1804 2561 1803 2561 2394 2561 2394 2562 2395 2562 1804 2562 1804 2563 2395 2563 1805 2563 1805 2564 2395 2564 2392 2564 1801 2565 2396 2565 1802 2565 1802 2566 2396 2566 1803 2566 1803 2567 2396 2567 2394 2567 1800 2568 2397 2568 1801 2568 1801 2569 2397 2569 2396 2569 1799 2570 2398 2570 1800 2570 1800 2571 2398 2571 2397 2571 1828 2572 2399 2572 1829 2572 1829 2573 2399 2573 2400 2573 1829 2574 2400 2574 1830 2574 1830 2575 2400 2575 2401 2575 1830 2576 2401 2576 1795 2576 1795 2577 2401 2577 2402 2577 1795 2578 2402 2578 1796 2578 1796 2579 2402 2579 2403 2579 1796 2580 2403 2580 1797 2580 1797 2581 2403 2581 2404 2581 1797 2582 2404 2582 1798 2582 1798 2583 2404 2583 1799 2583 1799 2584 2404 2584 2398 2584 1827 2585 2405 2585 1828 2585 1828 2586 2405 2586 2406 2586 1828 2587 2406 2587 2399 2587 2407 2588 2408 2588 1826 2588 1826 2589 2408 2589 1827 2589 1827 2590 2408 2590 2405 2590 1558 2591 1831 2591 1825 2591 1831 2592 2409 2592 1825 2592 2409 2593 2407 2593 1825 2593 1825 2594 2407 2594 1826 2594 1823 2595 1560 2595 1824 2595 1824 2596 1560 2596 1558 2596 1819 2597 2184 2597 1820 2597 1820 2598 2184 2598 2183 2598 1820 2599 2183 2599 1821 2599 1821 2600 2183 2600 2144 2600 1821 2601 2144 2601 1822 2601 1822 2602 2144 2602 2143 2602 1822 2603 2143 2603 1823 2603 1823 2603 2143 2603 2147 2603 1823 2604 2147 2604 1560 2604 1818 2605 1571 2605 2185 2605 1818 2606 2185 2606 1819 2606 1819 2607 2185 2607 2184 2607 2410 2608 2411 2608 2412 2608 2410 2609 2412 2609 2413 2609 2411 2610 2410 2610 2414 2610 2414 2611 2410 2611 2415 2611 2416 2612 2417 2612 2415 2612 2415 2613 2417 2613 2414 2613 1834 2614 1835 2614 2416 2614 2416 2615 1835 2615 2417 2615 2418 2616 2409 2616 1831 2616 2418 2617 1831 2617 1832 2617 2419 2618 2407 2618 2409 2618 2419 2619 2409 2619 2418 2619 2408 2620 2407 2620 2420 2620 2420 2621 2407 2621 2419 2621 2408 2622 2420 2622 2405 2622 2405 2623 2420 2623 2421 2623 2422 2624 2421 2624 2423 2624 2423 2625 2421 2625 2420 2625 2423 2626 2420 2626 2424 2626 2424 2627 2420 2627 2419 2627 2424 2628 2419 2628 2425 2628 2425 2629 2419 2629 2418 2629 2425 2630 2418 2630 1833 2630 1833 2631 2418 2631 1832 2631 1833 2632 1834 2632 2425 2632 2425 2633 1834 2633 2416 2633 2425 2634 2416 2634 2424 2634 2424 2635 2416 2635 2415 2635 2424 2636 2415 2636 2410 2636 2424 2637 2410 2637 2423 2637 2423 2638 2410 2638 2422 2638 2422 2639 2410 2639 2413 2639 2413 2640 2412 2640 2426 2640 1548 2641 1863 2641 1862 2641 2414 2642 2417 2642 1854 2642 1854 2643 2417 2643 1835 2643 1856 2644 1855 2644 1562 2644 1562 2645 1855 2645 1854 2645 1562 2646 1854 2646 1563 2646 1563 2647 1854 2647 1835 2647 2411 2648 2414 2648 1853 2648 1853 2649 2414 2649 1854 2649 1852 2650 2426 2650 2412 2650 1852 2651 2412 2651 1853 2651 1853 2652 2412 2652 2411 2652 1852 2653 1851 2653 2426 2653 2426 2654 1851 2654 1850 2654 2426 2655 1850 2655 2427 2655 2427 2656 1850 2656 1849 2656 2427 2657 1849 2657 2428 2657 2428 2658 1849 2658 1848 2658 2428 2659 1848 2659 2429 2659 2429 2660 1848 2660 1847 2660 2429 2661 1847 2661 2430 2661 2430 2662 1847 2662 1846 2662 2430 2663 1846 2663 2431 2663 2431 2664 1846 2664 1845 2664 2431 2665 1845 2665 2432 2665 1844 2666 1843 2666 2433 2666 2433 2667 2434 2667 1844 2667 1844 2668 2434 2668 1845 2668 1845 2669 2434 2669 2432 2669 1842 2670 1841 2670 2435 2670 2435 2671 2436 2671 1842 2671 1842 2672 2436 2672 1843 2672 1843 2673 2436 2673 2433 2673 1839 2674 2437 2674 1840 2674 1840 2675 2437 2675 1841 2675 1841 2676 2437 2676 2435 2676 1838 2677 2438 2677 1839 2677 1839 2678 2438 2678 2437 2678 1837 2679 2439 2679 1838 2679 1838 2680 2439 2680 2438 2680 2440 2681 2439 2681 1837 2681 1866 2682 2441 2682 1867 2682 1867 2683 2441 2683 2442 2683 1867 2684 2442 2684 1868 2684 1868 2685 2442 2685 2443 2685 1868 2686 2443 2686 1869 2686 1869 2687 2443 2687 2444 2687 1869 2688 2444 2688 1870 2688 1870 2689 2444 2689 2445 2689 1870 2690 2445 2690 1871 2690 1871 2691 2445 2691 2440 2691 1871 2692 2440 2692 1836 2692 1836 2693 2440 2693 1837 2693 1865 2694 2446 2694 2447 2694 1865 2695 2447 2695 1866 2695 1866 2696 2447 2696 2441 2696 2448 2697 2449 2697 1864 2697 1864 2698 2449 2698 1865 2698 1865 2699 2449 2699 2446 2699 1548 2700 1872 2700 1863 2700 1872 2701 2450 2701 1863 2701 2450 2702 2448 2702 1863 2702 1863 2703 2448 2703 1864 2703 1861 2704 1550 2704 1862 2704 1862 2705 1550 2705 1548 2705 1859 2706 2142 2706 1860 2706 1860 2707 2142 2707 1861 2707 1861 2708 2142 2708 2186 2708 1861 2709 2186 2709 1550 2709 1856 2710 1562 2710 2148 2710 1856 2711 2148 2711 1857 2711 1857 2711 2148 2711 2146 2711 1857 2712 2146 2712 1858 2712 1858 2713 2146 2713 2145 2713 1858 2714 2145 2714 1859 2714 1859 2715 2145 2715 2141 2715 1859 2716 2141 2716 2142 2716 2451 2717 2452 2717 2453 2717 2451 2718 2453 2718 2454 2718 2452 2719 2451 2719 2455 2719 2455 2720 2451 2720 2456 2720 2457 2721 2458 2721 2456 2721 2456 2722 2458 2722 2455 2722 1875 2723 1876 2723 2457 2723 2457 2724 1876 2724 2458 2724 2459 2725 2450 2725 1872 2725 2459 2726 1872 2726 1873 2726 2460 2727 2448 2727 2450 2727 2460 2728 2450 2728 2459 2728 2449 2729 2448 2729 2461 2729 2461 2730 2448 2730 2460 2730 2462 2731 2446 2731 2461 2731 2461 2732 2446 2732 2449 2732 2447 2733 2446 2733 2462 2733 2463 2734 2462 2734 2464 2734 2464 2735 2462 2735 2461 2735 2464 2736 2461 2736 2465 2736 2465 2737 2461 2737 2460 2737 2465 2738 2460 2738 2459 2738 2465 2739 2459 2739 2466 2739 2466 2740 2459 2740 1874 2740 1874 2741 2459 2741 1873 2741 2454 2742 2463 2742 2451 2742 2451 2743 2463 2743 2464 2743 2451 2744 2464 2744 2456 2744 2456 2745 2464 2745 2465 2745 2456 2746 2465 2746 2457 2746 2457 2747 2465 2747 2466 2747 2457 2748 2466 2748 1875 2748 1875 2749 2466 2749 1874 2749 1538 2750 1901 2750 1900 2750 2455 2751 2458 2751 1892 2751 1892 2752 2458 2752 1876 2752 1894 2753 1893 2753 1552 2753 1552 2754 1893 2754 1892 2754 1552 2755 1892 2755 1553 2755 1553 2756 1892 2756 1876 2756 2452 2757 2455 2757 1891 2757 1891 2758 2455 2758 1892 2758 2467 2759 2453 2759 1890 2759 1890 2760 2453 2760 1891 2760 1891 2761 2453 2761 2452 2761 1890 2762 1889 2762 2467 2762 2467 2763 1889 2763 1888 2763 2467 2764 1888 2764 2468 2764 2468 2765 1888 2765 1887 2765 2468 2766 1887 2766 2469 2766 2469 2767 1887 2767 1886 2767 2469 2768 1886 2768 2470 2768 2470 2769 1886 2769 1885 2769 2470 2770 1885 2770 2471 2770 2471 2771 1885 2771 1884 2771 2471 2772 1884 2772 2472 2772 2472 2773 1884 2773 1883 2773 2472 2774 1883 2774 2473 2774 1882 2775 2474 2775 1883 2775 1883 2776 2474 2776 2473 2776 2474 2777 1882 2777 1881 2777 2474 2778 1881 2778 2475 2778 2475 2779 1881 2779 1880 2779 1879 2780 2476 2780 1880 2780 1880 2781 2476 2781 2475 2781 1877 2782 2477 2782 1878 2782 1878 2783 2477 2783 1879 2783 1879 2784 2477 2784 2476 2784 1912 2785 2478 2785 1877 2785 1877 2786 2478 2786 2477 2786 1911 2787 2479 2787 1912 2787 1912 2788 2479 2788 2478 2788 1904 2789 2480 2789 1905 2789 1905 2790 2480 2790 2481 2790 1905 2791 2481 2791 1906 2791 1906 2792 2481 2792 2482 2792 1906 2793 2482 2793 1907 2793 1907 2794 2482 2794 2483 2794 1907 2795 2483 2795 1908 2795 1908 2796 2483 2796 2484 2796 1908 2797 2484 2797 1909 2797 1909 2798 2484 2798 2485 2798 1909 2799 2485 2799 1910 2799 1910 2800 2485 2800 1911 2800 1911 2801 2485 2801 2479 2801 1903 2802 2486 2802 2487 2802 1903 2803 2487 2803 1904 2803 1904 2804 2487 2804 2480 2804 2488 2805 2489 2805 1902 2805 1902 2806 2489 2806 1903 2806 1903 2807 2489 2807 2486 2807 1538 2808 1917 2808 1901 2808 1917 2809 2490 2809 1901 2809 2490 2810 2488 2810 1901 2810 1901 2811 2488 2811 1902 2811 1899 2812 1539 2812 1900 2812 1900 2813 1539 2813 1538 2813 1894 2814 1552 2814 2154 2814 1894 2815 2154 2815 1895 2815 1895 2815 2154 2815 2153 2815 1895 2816 2153 2816 1896 2816 1896 2817 2153 2817 2152 2817 1896 2818 2152 2818 1897 2818 1897 2818 2152 2818 2151 2818 1897 2819 2151 2819 1898 2819 1898 2819 2151 2819 2150 2819 1898 2820 2150 2820 1899 2820 1899 2820 2150 2820 2149 2820 1899 2821 2149 2821 1539 2821 2491 2822 2492 2822 2493 2822 2491 2823 2493 2823 2494 2823 2492 2824 2491 2824 2495 2824 2495 2825 2491 2825 2496 2825 2497 2826 2498 2826 2496 2826 2496 2827 2498 2827 2495 2827 1914 2828 1913 2828 2497 2828 2497 2829 1913 2829 2498 2829 2499 2830 2490 2830 1917 2830 2499 2831 1917 2831 1916 2831 2500 2832 2488 2832 2490 2832 2500 2833 2490 2833 2499 2833 2489 2834 2488 2834 2501 2834 2501 2835 2488 2835 2500 2835 2502 2836 2486 2836 2501 2836 2501 2837 2486 2837 2489 2837 2487 2838 2486 2838 2502 2838 2503 2839 2502 2839 2504 2839 2504 2840 2502 2840 2501 2840 2504 2841 2501 2841 2505 2841 2505 2842 2501 2842 2500 2842 2505 2843 2500 2843 2499 2843 2505 2844 2499 2844 2506 2844 2506 2845 2499 2845 1915 2845 1915 2846 2499 2846 1916 2846 2494 2847 2503 2847 2491 2847 2491 2848 2503 2848 2504 2848 2491 2849 2504 2849 2496 2849 2496 2850 2504 2850 2505 2850 2496 2851 2505 2851 2497 2851 2497 2852 2505 2852 2506 2852 2497 2853 2506 2853 1914 2853 1914 2854 2506 2854 1915 2854 1528 2855 1943 2855 1942 2855 2495 2856 2498 2856 1934 2856 1934 2857 2498 2857 1913 2857 1936 2858 1935 2858 1541 2858 1541 2859 1935 2859 1934 2859 1541 2860 1934 2860 1542 2860 1542 2861 1934 2861 1913 2861 2492 2862 2495 2862 1933 2862 1933 2863 2495 2863 1934 2863 2507 2864 2493 2864 1932 2864 1932 2865 2493 2865 1933 2865 1933 2866 2493 2866 2492 2866 1932 2867 1931 2867 2507 2867 2507 2868 1931 2868 1930 2868 2507 2869 1930 2869 2508 2869 2508 2870 1930 2870 1929 2870 2508 2871 1929 2871 2509 2871 2509 2872 1929 2872 1928 2872 2509 2873 1928 2873 2510 2873 2510 2874 1928 2874 1927 2874 2510 2875 1927 2875 2511 2875 2511 2876 1927 2876 1926 2876 2511 2877 1926 2877 2512 2877 2512 2878 1926 2878 1925 2878 2512 2879 1925 2879 2513 2879 1924 2880 1923 2880 2514 2880 2514 2881 2515 2881 1924 2881 1924 2882 2515 2882 1925 2882 1925 2883 2515 2883 2513 2883 1921 2884 2516 2884 1922 2884 2516 2885 2517 2885 1922 2885 1922 2886 2517 2886 1923 2886 1923 2887 2517 2887 2514 2887 2516 2888 1921 2888 2518 2888 2518 2889 1921 2889 1920 2889 2518 2890 1920 2890 1919 2890 2518 2891 1919 2891 2519 2891 2519 2892 1919 2892 1918 2892 1946 2893 2520 2893 1947 2893 1947 2894 2520 2894 2521 2894 1947 2895 2521 2895 1948 2895 1948 2896 2521 2896 2522 2896 1948 2897 2522 2897 1949 2897 1949 2898 2522 2898 2523 2898 1949 2899 2523 2899 1950 2899 1950 2900 2523 2900 2524 2900 1950 2901 2524 2901 1951 2901 1951 2902 2524 2902 2525 2902 1951 2903 2525 2903 1952 2903 1952 2904 2525 2904 2526 2904 1952 2905 2526 2905 1953 2905 1953 2906 2526 2906 1918 2906 1918 2907 2526 2907 2519 2907 1945 2908 2527 2908 2528 2908 1945 2909 2528 2909 1946 2909 1946 2910 2528 2910 2520 2910 2529 2911 2530 2911 1944 2911 1944 2912 2530 2912 1945 2912 1945 2913 2530 2913 2527 2913 1528 2914 1954 2914 1943 2914 1954 2915 2531 2915 1943 2915 2531 2916 2529 2916 1943 2916 1943 2917 2529 2917 1944 2917 1941 2918 1530 2918 1942 2918 1942 2919 1530 2919 1528 2919 1937 2920 2187 2920 1938 2920 1938 2921 2187 2921 2156 2921 1938 2922 2156 2922 1939 2922 1939 2923 2156 2923 2155 2923 1939 2924 2155 2924 1940 2924 1940 2924 2155 2924 2159 2924 1940 2925 2159 2925 1941 2925 1941 2925 2159 2925 2158 2925 1941 2926 2158 2926 1530 2926 1936 2927 1541 2927 2188 2927 1936 2928 2188 2928 1937 2928 1937 2929 2188 2929 2187 2929 2532 2930 2533 2930 2534 2930 2532 2931 2534 2931 2535 2931 2533 2932 2532 2932 2536 2932 2536 2933 2532 2933 2537 2933 2538 2934 2539 2934 2537 2934 2537 2935 2539 2935 2536 2935 1957 2936 1958 2936 2538 2936 2538 2937 1958 2937 2539 2937 2540 2938 2531 2938 1954 2938 2540 2939 1954 2939 1955 2939 2541 2940 2529 2940 2531 2940 2541 2941 2531 2941 2540 2941 2530 2942 2529 2942 2542 2942 2542 2943 2529 2943 2541 2943 2543 2944 2527 2944 2542 2944 2542 2945 2527 2945 2530 2945 2528 2946 2527 2946 2543 2946 2544 2947 2543 2947 2545 2947 2545 2948 2543 2948 2542 2948 2545 2949 2542 2949 2546 2949 2546 2950 2542 2950 2541 2950 2546 2951 2541 2951 2540 2951 2546 2952 2540 2952 2547 2952 2547 2953 2540 2953 1956 2953 1956 2954 2540 2954 1955 2954 2535 2955 2544 2955 2532 2955 2532 2956 2544 2956 2545 2956 2532 2957 2545 2957 2537 2957 2537 2958 2545 2958 2546 2958 2537 2959 2546 2959 2538 2959 2538 2960 2546 2960 2547 2960 2538 2961 2547 2961 1957 2961 1957 2962 2547 2962 1956 2962 1518 2963 1977 2963 1976 2963 2536 2964 2539 2964 1968 2964 1968 2965 2539 2965 1958 2965 1970 2966 1969 2966 1532 2966 1532 2967 1969 2967 1968 2967 1532 2968 1968 2968 1533 2968 1533 2969 1968 2969 1958 2969 2533 2970 2536 2970 1967 2970 1967 2971 2536 2971 1968 2971 2548 2972 2534 2972 1966 2972 1966 2973 2534 2973 1967 2973 1967 2974 2534 2974 2533 2974 1959 2975 2549 2975 2550 2975 1959 2976 2550 2976 1960 2976 1960 2977 2550 2977 2551 2977 1960 2978 2551 2978 1961 2978 1961 584 2551 584 2552 584 1961 2979 2552 2979 1962 2979 1962 2980 2552 2980 2553 2980 1962 2981 2553 2981 1963 2981 1963 2982 2553 2982 2554 2982 1963 2983 2554 2983 1964 2983 1964 2984 2554 2984 2548 2984 1964 2985 2548 2985 1965 2985 1965 2986 2548 2986 1966 2986 2549 2987 1959 2987 1994 2987 2549 2988 1994 2988 2555 2988 2555 2989 1994 2989 1993 2989 1992 2990 1991 2990 2556 2990 2556 2991 2557 2991 1992 2991 1992 2992 2557 2992 1993 2992 1993 2993 2557 2993 2555 2993 1989 2994 2558 2994 1990 2994 1990 2995 2558 2995 2556 2995 1990 2996 2556 2996 1991 2996 1988 2997 2559 2997 1989 2997 1989 2998 2559 2998 2558 2998 1987 2999 2560 2999 1988 2999 1988 3000 2560 3000 2559 3000 1980 3001 2561 3001 1981 3001 1981 3002 2561 3002 2562 3002 1981 3003 2562 3003 1982 3003 1982 3004 2562 3004 2563 3004 1982 3005 2563 3005 1983 3005 1983 3006 2563 3006 2564 3006 1983 3007 2564 3007 1984 3007 1984 3008 2564 3008 2565 3008 1984 3009 2565 3009 1985 3009 1985 3010 2565 3010 2566 3010 1985 3011 2566 3011 1986 3011 1986 3012 2566 3012 1987 3012 1987 3013 2566 3013 2560 3013 1979 3014 2567 3014 2568 3014 1979 3015 2568 3015 1980 3015 1980 3016 2568 3016 2561 3016 2569 3017 2570 3017 1978 3017 1978 3018 2570 3018 1979 3018 1979 3019 2570 3019 2567 3019 1518 3020 1995 3020 1977 3020 1995 3021 2571 3021 1977 3021 2571 3022 2569 3022 1977 3022 1977 3023 2569 3023 1978 3023 1975 3024 1520 3024 1976 3024 1976 3025 1520 3025 1518 3025 1973 3026 2129 3026 1974 3026 1974 3027 2129 3027 1975 3027 1975 3028 2129 3028 2189 3028 1975 3029 2189 3029 1520 3029 1970 3030 1532 3030 2162 3030 1970 3031 2162 3031 1971 3031 1971 3031 2162 3031 2161 3031 1971 3032 2161 3032 1972 3032 1972 3032 2161 3032 2160 3032 1972 3033 2160 3033 1973 3033 1973 3034 2160 3034 2157 3034 1973 3035 2157 3035 2129 3035 2572 3036 2568 3036 2573 3036 2574 3037 2575 3037 2576 3037 2574 3038 2576 3038 2577 3038 2575 3039 2574 3039 2578 3039 2578 3040 2574 3040 2579 3040 2580 3041 2581 3041 2579 3041 2579 3042 2581 3042 2578 3042 1998 3043 1999 3043 2580 3043 2580 3044 1999 3044 2581 3044 2582 3045 2571 3045 1995 3045 2582 3046 1995 3046 1996 3046 2583 3047 2569 3047 2571 3047 2583 3048 2571 3048 2582 3048 2584 3049 2573 3049 2570 3049 2570 3050 2569 3050 2584 3050 2584 3051 2569 3051 2583 3051 2573 3052 2567 3052 2570 3052 2573 3053 2568 3053 2567 3053 2572 3054 2573 3054 2585 3054 2585 3055 2573 3055 2584 3055 2585 3056 2584 3056 2586 3056 2586 3057 2584 3057 2583 3057 2586 3058 2583 3058 2582 3058 2586 3059 2582 3059 2587 3059 2587 3060 2582 3060 1997 3060 1997 3061 2582 3061 1996 3061 2577 3062 2572 3062 2574 3062 2574 3063 2572 3063 2585 3063 2574 3064 2585 3064 2579 3064 2579 3065 2585 3065 2586 3065 2579 3066 2586 3066 2580 3066 2580 3067 2586 3067 2587 3067 2580 3068 2587 3068 1998 3068 1998 3069 2587 3069 1997 3069 1508 3070 2015 3070 2014 3070 2578 3071 2581 3071 2006 3071 2006 3072 2581 3072 1999 3072 2008 3073 2007 3073 1522 3073 1522 3074 2007 3074 2006 3074 1522 3075 2006 3075 1523 3075 1523 3076 2006 3076 1999 3076 2575 3077 2578 3077 2005 3077 2005 3078 2578 3078 2006 3078 2588 3079 2576 3079 2004 3079 2004 3080 2576 3080 2005 3080 2005 3081 2576 3081 2575 3081 2004 3082 2003 3082 2588 3082 2588 3083 2003 3083 2002 3083 2588 3084 2002 3084 2589 3084 2589 3085 2002 3085 2001 3085 2589 3086 2001 3086 2590 3086 2590 3087 2001 3087 2000 3087 2590 3088 2000 3088 2591 3088 2591 3089 2000 3089 2035 3089 2591 3090 2035 3090 2592 3090 2592 3091 2035 3091 2034 3091 2592 3092 2034 3092 2593 3092 2593 3093 2034 3093 2033 3093 2593 3094 2033 3094 2594 3094 2032 3095 2031 3095 2595 3095 2595 3096 2596 3096 2032 3096 2032 3097 2596 3097 2033 3097 2033 3098 2596 3098 2594 3098 2029 3099 2597 3099 2030 3099 2597 3100 2598 3100 2030 3100 2030 3101 2598 3101 2031 3101 2031 3102 2598 3102 2595 3102 2597 3103 2029 3103 2599 3103 2599 3104 2029 3104 2028 3104 2599 3105 2028 3105 2027 3105 2025 3106 2600 3106 2026 3106 2026 3107 2600 3107 2601 3107 2026 3108 2601 3108 2027 3108 2027 3109 2601 3109 2599 3109 2018 3110 2602 3110 2019 3110 2019 3111 2602 3111 2603 3111 2019 3112 2603 3112 2020 3112 2020 3113 2603 3113 2604 3113 2020 3114 2604 3114 2021 3114 2021 3115 2604 3115 2605 3115 2021 3116 2605 3116 2022 3116 2022 3117 2605 3117 2606 3117 2022 3118 2606 3118 2023 3118 2023 3119 2606 3119 2607 3119 2023 3120 2607 3120 2024 3120 2024 3121 2607 3121 2025 3121 2025 3122 2607 3122 2600 3122 2017 3123 2608 3123 2609 3123 2017 3124 2609 3124 2018 3124 2018 3125 2609 3125 2602 3125 2610 3126 2611 3126 2016 3126 2016 3127 2611 3127 2017 3127 2017 3128 2611 3128 2608 3128 1508 3129 2036 3129 2015 3129 2036 3130 2612 3130 2015 3130 2612 3131 2610 3131 2015 3131 2015 3132 2610 3132 2016 3132 2013 3133 1510 3133 2014 3133 2014 3134 1510 3134 1508 3134 2008 3135 1522 3135 2128 3135 2008 3136 2128 3136 2009 3136 2009 3136 2128 3136 2167 3136 2009 3137 2167 3137 2010 3137 2010 3137 2167 3137 2171 3137 2010 3138 2171 3138 2011 3138 2011 3138 2171 3138 2170 3138 2011 3139 2170 3139 2012 3139 2012 3140 2170 3140 2169 3140 2012 3141 2169 3141 2013 3141 2013 3141 2169 3141 2168 3141 2013 3142 2168 3142 1510 3142 2613 3143 2614 3143 2615 3143 2616 3144 2617 3144 2614 3144 2616 3145 2614 3145 2613 3145 2617 3146 2616 3146 2618 3146 2618 3147 2616 3147 2619 3147 2620 3148 2621 3148 2619 3148 2619 3149 2621 3149 2618 3149 2039 3150 2040 3150 2620 3150 2620 3151 2040 3151 2621 3151 2622 3152 2612 3152 2036 3152 2622 3153 2036 3153 2037 3153 2623 3154 2610 3154 2612 3154 2623 3155 2612 3155 2622 3155 2611 3156 2610 3156 2624 3156 2624 3157 2610 3157 2623 3157 2625 3158 2608 3158 2624 3158 2624 3159 2608 3159 2611 3159 2608 3160 2625 3160 2609 3160 2626 3161 2625 3161 2627 3161 2627 3162 2625 3162 2624 3162 2627 3163 2624 3163 2628 3163 2628 3164 2624 3164 2623 3164 2628 3165 2623 3165 2629 3165 2629 3166 2623 3166 2622 3166 2629 3167 2622 3167 2038 3167 2038 3168 2622 3168 2037 3168 2613 3169 2615 3169 2626 3169 2613 3170 2626 3170 2616 3170 2616 3171 2626 3171 2627 3171 2616 3172 2627 3172 2628 3172 2616 3173 2628 3173 2619 3173 2619 3174 2628 3174 2620 3174 2620 3175 2628 3175 2629 3175 2620 3176 2629 3176 2039 3176 2039 3177 2629 3177 2038 3177 1498 3178 2057 3178 2056 3178 2618 3179 2621 3179 2048 3179 2048 3180 2621 3180 2040 3180 2050 3181 2049 3181 1512 3181 1512 3182 2049 3182 2048 3182 1512 3183 2048 3183 1513 3183 1513 3184 2048 3184 2040 3184 2617 3185 2618 3185 2047 3185 2047 3186 2618 3186 2048 3186 2615 3187 2614 3187 2046 3187 2046 3188 2614 3188 2047 3188 2047 3189 2614 3189 2617 3189 2046 3190 2045 3190 2615 3190 2615 3191 2045 3191 2044 3191 2615 3192 2044 3192 2630 3192 2630 3193 2044 3193 2043 3193 2630 3194 2043 3194 2631 3194 2631 3195 2043 3195 2042 3195 2631 3196 2042 3196 2632 3196 2632 3197 2042 3197 2041 3197 2632 3198 2041 3198 2633 3198 2633 3199 2041 3199 2076 3199 2633 3200 2076 3200 2634 3200 2634 3201 2076 3201 2075 3201 2634 3202 2075 3202 2635 3202 2635 3203 2075 3203 2636 3203 2636 3204 2075 3204 2074 3204 2073 3205 2637 3205 2074 3205 2074 3206 2637 3206 2636 3206 2072 3207 2071 3207 2638 3207 2638 3208 2639 3208 2072 3208 2072 3209 2639 3209 2073 3209 2073 3210 2639 3210 2637 3210 2069 3211 2640 3211 2070 3211 2070 3212 2640 3212 2641 3212 2070 3213 2641 3213 2071 3213 2071 3214 2641 3214 2638 3214 2068 3215 2640 3215 2069 3215 2067 3216 2642 3216 2068 3216 2068 3217 2642 3217 2640 3217 2063 3218 2643 3218 2064 3218 2064 3219 2643 3219 2644 3219 2064 3220 2644 3220 2065 3220 2065 3221 2644 3221 2645 3221 2065 3222 2645 3222 2066 3222 2066 3223 2645 3223 2067 3223 2067 3224 2645 3224 2642 3224 2060 3225 2646 3225 2061 3225 2061 3226 2646 3226 2647 3226 2061 3227 2647 3227 2062 3227 2062 3228 2647 3228 2063 3228 2063 3229 2647 3229 2648 3229 2063 3230 2648 3230 2643 3230 2059 3231 2649 3231 2060 3231 2060 3232 2649 3232 2650 3232 2060 3233 2650 3233 2646 3233 2651 3234 2652 3234 2058 3234 2058 3235 2652 3235 2059 3235 2059 3236 2652 3236 2649 3236 1498 3237 2077 3237 2057 3237 2077 3238 2653 3238 2057 3238 2653 3239 2651 3239 2057 3239 2057 3240 2651 3240 2058 3240 2055 3241 1500 3241 2056 3241 2056 3242 1500 3242 1498 3242 2051 3243 2165 3243 2052 3243 2052 3244 2165 3244 2196 3244 2052 3245 2196 3245 2053 3245 2053 3246 2196 3246 2197 3246 2053 3247 2197 3247 2054 3247 2054 3248 2197 3248 2194 3248 2054 3249 2194 3249 2055 3249 2055 3249 2194 3249 2195 3249 2055 3250 2195 3250 1500 3250 2050 3251 1512 3251 2166 3251 2050 3252 2166 3252 2051 3252 2051 3253 2166 3253 2165 3253 2654 3254 2650 3254 2655 3254 2656 3255 2657 3255 2658 3255 2659 3256 2660 3256 2658 3256 2659 3257 2658 3257 2657 3257 2660 3258 2659 3258 2661 3258 2661 3259 2659 3259 2662 3259 2663 3260 2664 3260 2662 3260 2662 3261 2664 3261 2661 3261 2080 3262 2081 3262 2663 3262 2663 3263 2081 3263 2664 3263 2665 3264 2653 3264 2077 3264 2665 3265 2077 3265 2078 3265 2666 3266 2651 3266 2653 3266 2666 3267 2653 3267 2665 3267 2652 3268 2651 3268 2667 3268 2667 3269 2651 3269 2666 3269 2655 3270 2649 3270 2667 3270 2667 3271 2649 3271 2652 3271 2650 3272 2649 3272 2655 3272 2654 3273 2655 3273 2668 3273 2668 3274 2655 3274 2667 3274 2668 3275 2667 3275 2669 3275 2669 3276 2667 3276 2666 3276 2669 3277 2666 3277 2670 3277 2670 3278 2666 3278 2665 3278 2670 3279 2665 3279 2079 3279 2079 3280 2665 3280 2078 3280 2657 3281 2654 3281 2659 3281 2659 3282 2654 3282 2668 3282 2659 3283 2668 3283 2669 3283 2659 3284 2669 3284 2662 3284 2662 3285 2669 3285 2663 3285 2663 3286 2669 3286 2670 3286 2663 3287 2670 3287 2080 3287 2080 3288 2670 3288 2079 3288 1488 3289 2091 3289 2090 3289 2661 3290 2664 3290 2082 3290 2082 3291 2664 3291 2081 3291 2084 3292 2083 3292 1502 3292 1502 3293 2083 3293 2082 3293 1502 3294 2082 3294 1503 3294 1503 3295 2082 3295 2081 3295 2660 3296 2661 3296 2117 3296 2117 3297 2661 3297 2082 3297 2116 3298 2656 3298 2658 3298 2116 3299 2658 3299 2117 3299 2117 3300 2658 3300 2660 3300 2116 3301 2115 3301 2656 3301 2656 3302 2115 3302 2114 3302 2656 3303 2114 3303 2671 3303 2671 3304 2114 3304 2113 3304 2671 3305 2113 3305 2672 3305 2672 3306 2113 3306 2112 3306 2672 3307 2112 3307 2673 3307 2673 3308 2112 3308 2111 3308 2673 3309 2111 3309 2674 3309 2674 3310 2111 3310 2110 3310 2674 3311 2110 3311 2675 3311 2675 3312 2110 3312 2109 3312 2675 3313 2109 3313 2676 3313 2108 3314 2107 3314 2677 3314 2677 3315 2678 3315 2108 3315 2108 3316 2678 3316 2109 3316 2109 3317 2678 3317 2676 3317 2106 3318 2105 3318 2679 3318 2679 3319 2680 3319 2106 3319 2106 3320 2680 3320 2107 3320 2107 3321 2680 3321 2677 3321 2103 3322 2681 3322 2104 3322 2104 3323 2681 3323 2105 3323 2105 3324 2681 3324 2679 3324 2102 3325 2682 3325 2103 3325 2103 3326 2682 3326 2681 3326 2101 3327 2683 3327 2102 3327 2102 3328 2683 3328 2682 3328 2098 3329 2684 3329 2099 3329 2099 3330 2684 3330 2685 3330 2099 3331 2685 3331 2100 3331 2100 3332 2685 3332 2101 3332 2101 3333 2685 3333 2683 3333 2094 3334 2686 3334 2095 3334 2095 3335 2686 3335 2687 3335 2095 3336 2687 3336 2096 3336 2096 3337 2687 3337 2688 3337 2096 3338 2688 3338 2097 3338 2097 3339 2688 3339 2098 3339 2098 3340 2688 3340 2689 3340 2098 3341 2689 3341 2684 3341 2093 3342 2690 3342 2094 3342 2094 3343 2690 3343 2691 3343 2094 3344 2691 3344 2686 3344 2692 3345 2693 3345 2092 3345 2092 3346 2693 3346 2093 3346 2093 3347 2693 3347 2690 3347 1488 3348 2122 3348 2091 3348 2122 3349 2694 3349 2091 3349 2694 3350 2692 3350 2091 3350 2091 3351 2692 3351 2092 3351 2089 3352 1490 3352 2090 3352 2090 3353 1490 3353 1488 3353 2087 3354 2181 3354 2088 3354 2088 3355 2181 3355 2089 3355 2089 3356 2181 3356 2182 3356 2089 3357 2182 3357 1490 3357 2084 3358 1502 3358 2193 3358 2084 3359 2193 3359 2085 3359 2085 3359 2193 3359 2192 3359 2085 3360 2192 3360 2086 3360 2086 3361 2192 3361 2191 3361 2086 3362 2191 3362 2087 3362 2087 3363 2191 3363 2190 3363 2087 3364 2190 3364 2181 3364 2695 3365 2691 3365 2696 3365 2697 3366 2698 3366 2699 3366 2700 3367 2701 3367 2699 3367 2700 3368 2699 3368 2698 3368 2701 3369 2700 3369 2702 3369 2702 3370 2700 3370 2703 3370 2704 3371 2705 3371 2703 3371 2703 3372 2705 3372 2702 3372 2119 3373 2118 3373 2704 3373 2704 3374 2118 3374 2705 3374 2706 3375 2694 3375 2122 3375 2706 3376 2122 3376 2121 3376 2707 3377 2692 3377 2694 3377 2707 3378 2694 3378 2706 3378 2693 3379 2692 3379 2708 3379 2708 3380 2692 3380 2707 3380 2696 3381 2690 3381 2708 3381 2708 3382 2690 3382 2693 3382 2691 3383 2690 3383 2696 3383 2695 3384 2696 3384 2709 3384 2709 3385 2696 3385 2708 3385 2709 3386 2708 3386 2710 3386 2710 3387 2708 3387 2707 3387 2710 3388 2707 3388 2706 3388 2710 3389 2706 3389 2711 3389 2711 3390 2706 3390 2120 3390 2120 3391 2706 3391 2121 3391 2698 3392 2695 3392 2700 3392 2700 3393 2695 3393 2709 3393 2700 3394 2709 3394 2703 3394 2703 3395 2709 3395 2710 3395 2703 3396 2710 3396 2704 3396 2704 3397 2710 3397 2711 3397 2704 3398 2711 3398 2119 3398 2119 3399 2711 3399 2120 3399 1481 3400 2218 3400 2217 3400 2702 3401 2705 3401 2209 3401 2209 3402 2705 3402 2118 3402 2211 3403 2210 3403 1492 3403 1492 3404 2210 3404 2209 3404 1492 3405 2209 3405 1493 3405 1493 3406 2209 3406 2118 3406 2701 3407 2702 3407 2208 3407 2208 3408 2702 3408 2209 3408 2207 3409 2697 3409 2699 3409 2207 3410 2699 3410 2208 3410 2208 3411 2699 3411 2701 3411 2207 3412 2206 3412 2697 3412 2697 3413 2206 3413 2241 3413 2697 3414 2241 3414 2712 3414 2712 3415 2241 3415 2240 3415 2712 3416 2240 3416 2713 3416 2713 3417 2240 3417 2239 3417 2713 3418 2239 3418 2714 3418 2714 3419 2239 3419 2238 3419 2714 3420 2238 3420 2715 3420 2715 3421 2238 3421 2237 3421 2715 3422 2237 3422 2716 3422 2716 3423 2237 3423 2717 3423 2717 3424 2237 3424 2236 3424 2235 3425 2718 3425 2236 3425 2236 3426 2718 3426 2717 3426 2233 3427 2719 3427 2234 3427 2719 3428 2720 3428 2234 3428 2234 3429 2720 3429 2235 3429 2235 3430 2720 3430 2718 3430 2719 3431 2233 3431 2721 3431 2721 3432 2233 3432 2232 3432 2721 3433 2232 3433 2231 3433 2229 3434 2722 3434 2230 3434 2230 3435 2722 3435 2723 3435 2230 3436 2723 3436 2231 3436 2231 3437 2723 3437 2721 3437 2228 3438 2724 3438 2229 3438 2229 3439 2724 3439 2722 3439 2226 3440 2725 3440 2227 3440 2227 3441 2725 3441 2228 3441 2228 3442 2725 3442 2724 3442 2221 3443 2726 3443 2222 3443 2222 3444 2726 3444 2727 3444 2222 3445 2727 3445 2223 3445 2223 3446 2727 3446 2728 3446 2223 3447 2728 3447 2224 3447 2224 3448 2728 3448 2729 3448 2224 3449 2729 3449 2225 3449 2225 3450 2729 3450 2226 3450 2226 3451 2729 3451 2730 3451 2226 3452 2730 3452 2725 3452 2220 3453 2249 3453 2221 3453 2221 3454 2249 3454 2731 3454 2221 3455 2731 3455 2726 3455 2219 3456 2246 3456 2220 3456 2220 3457 2246 3457 2249 3457 2123 3458 2218 3458 1481 3458 2218 3459 2123 3459 2242 3459 2218 3460 2242 3460 2244 3460 2218 3461 2244 3461 2219 3461 2219 3462 2244 3462 2246 3462 2216 3463 1483 3463 2217 3463 2217 3464 1483 3464 1481 3464 2211 3465 1492 3465 2180 3465 2211 3466 2180 3466 2212 3466 2212 3466 2180 3466 2179 3466 2212 3467 2179 3467 2213 3467 2213 3468 2179 3468 2178 3468 2213 3469 2178 3469 2214 3469 2214 3469 2178 3469 2177 3469 2214 3470 2177 3470 2215 3470 2215 3470 2177 3470 2176 3470 2215 3471 2176 3471 2216 3471 2216 3471 2176 3471 2175 3471 2216 3472 2175 3472 1483 3472 2317 3473 2322 3473 2732 3473 2687 3474 2686 3474 2695 3474 2695 3475 2686 3475 2691 3475 2683 3476 2685 3476 2733 3476 2733 3477 2685 3477 2684 3477 2681 3478 2682 3478 2734 3478 2734 3479 2682 3479 2733 3479 2733 3480 2682 3480 2683 3480 2684 3481 2689 3481 2733 3481 2733 3482 2689 3482 2688 3482 2733 3483 2688 3483 2735 3483 2676 3484 2678 3484 2736 3484 2680 3485 2736 3485 2677 3485 2677 3486 2736 3486 2678 3486 2736 3487 2680 3487 2679 3487 2736 3488 2679 3488 2734 3488 2734 3489 2679 3489 2681 3489 2672 3490 2673 3490 2737 3490 2672 3491 2737 3491 2671 3491 2673 3492 2674 3492 2737 3492 2737 3493 2674 3493 2675 3493 2737 3494 2675 3494 2676 3494 2676 3495 2736 3495 2737 3495 2647 3496 2646 3496 2654 3496 2654 3497 2646 3497 2650 3497 2738 3498 2640 3498 2642 3498 2738 3499 2642 3499 2739 3499 2739 3500 2642 3500 2645 3500 2739 3501 2645 3501 2644 3501 2739 3502 2644 3502 2643 3502 2740 3503 2636 3503 2637 3503 2740 3504 2637 3504 2639 3504 2639 3505 2638 3505 2740 3505 2740 3506 2638 3506 2738 3506 2738 3507 2638 3507 2641 3507 2738 3508 2641 3508 2640 3508 2615 3509 2630 3509 2741 3509 2741 3510 2630 3510 2631 3510 2741 3511 2631 3511 2632 3511 2632 3512 2633 3512 2741 3512 2741 3513 2633 3513 2634 3513 2741 3514 2634 3514 2635 3514 2636 3515 2740 3515 2635 3515 2635 3516 2740 3516 2741 3516 2607 3517 2606 3517 2742 3517 2743 3518 2600 3518 2742 3518 2742 3519 2600 3519 2607 3519 2606 3520 2605 3520 2742 3520 2742 3521 2605 3521 2604 3521 2742 3522 2604 3522 2603 3522 2609 3523 2625 3523 2602 3523 2744 3524 2595 3524 2598 3524 2598 3525 2597 3525 2744 3525 2744 3526 2597 3526 2743 3526 2743 3527 2597 3527 2599 3527 2743 3528 2599 3528 2601 3528 2743 3529 2601 3529 2600 3529 2589 3530 2590 3530 2745 3530 2745 3531 2590 3531 2591 3531 2745 3532 2591 3532 2592 3532 2577 3533 2576 3533 2588 3533 2592 3534 2593 3534 2745 3534 2745 3535 2593 3535 2594 3535 2745 3536 2594 3536 2596 3536 2745 3537 2596 3537 2744 3537 2744 3538 2596 3538 2595 3538 2566 3539 2565 3539 2746 3539 2559 3540 2747 3540 2558 3540 2559 3541 2560 3541 2747 3541 2747 3542 2560 3542 2746 3542 2746 3543 2560 3543 2566 3543 2565 3544 2564 3544 2746 3544 2746 3545 2564 3545 2563 3545 2746 3546 2563 3546 2562 3546 2555 3547 2557 3547 2748 3547 2748 3548 2557 3548 2556 3548 2748 3549 2556 3549 2747 3549 2747 3550 2556 3550 2558 3550 2553 3551 2552 3551 2749 3551 2749 3552 2552 3552 2551 3552 2749 3553 2551 3553 2550 3553 2554 3554 2535 3554 2548 3554 2548 3555 2535 3555 2534 3555 2550 3556 2549 3556 2749 3556 2749 3557 2549 3557 2748 3557 2748 3558 2549 3558 2555 3558 2525 3559 2524 3559 2750 3559 2750 3560 2524 3560 2523 3560 2750 3561 2523 3561 2522 3561 2521 3562 2520 3562 2543 3562 2543 3563 2520 3563 2528 3563 2518 3564 2519 3564 2751 3564 2516 3565 2752 3565 2517 3565 2752 3566 2516 3566 2518 3566 2752 3567 2518 3567 2751 3567 2751 3568 2519 3568 2526 3568 2751 3569 2526 3569 2750 3569 2750 3570 2526 3570 2525 3570 2511 3571 2512 3571 2753 3571 2508 3572 2509 3572 2753 3572 2753 3573 2509 3573 2510 3573 2753 3574 2510 3574 2511 3574 2494 3575 2493 3575 2507 3575 2515 3576 2753 3576 2513 3576 2513 3577 2753 3577 2512 3577 2753 3578 2515 3578 2514 3578 2753 3579 2514 3579 2752 3579 2752 3580 2514 3580 2517 3580 2754 3581 2485 3581 2755 3581 2755 3582 2485 3582 2484 3582 2484 3583 2483 3583 2755 3583 2755 3584 2483 3584 2482 3584 2755 3585 2482 3585 2481 3585 2487 3586 2502 3586 2480 3586 2754 3587 2478 3587 2479 3587 2754 3588 2479 3588 2485 3588 2476 3589 2756 3589 2475 3589 2476 3590 2477 3590 2756 3590 2756 3591 2477 3591 2754 3591 2754 3592 2477 3592 2478 3592 2469 3593 2470 3593 2757 3593 2469 3594 2757 3594 2468 3594 2454 3595 2453 3595 2467 3595 2470 3596 2471 3596 2757 3596 2757 3597 2471 3597 2472 3597 2757 3598 2472 3598 2473 3598 2757 3599 2473 3599 2474 3599 2757 3600 2474 3600 2756 3600 2756 3601 2474 3601 2475 3601 2444 3602 2443 3602 2758 3602 2758 3603 2443 3603 2442 3603 2447 3604 2462 3604 2441 3604 2438 3605 2439 3605 2759 3605 2435 3606 2437 3606 2760 3606 2760 3607 2437 3607 2759 3607 2759 3608 2437 3608 2438 3608 2759 3609 2439 3609 2440 3609 2759 3610 2440 3610 2758 3610 2758 3611 2440 3611 2445 3611 2758 3612 2445 3612 2444 3612 2430 3613 2431 3613 2761 3613 2761 3614 2431 3614 2432 3614 2761 3615 2432 3615 2434 3615 2761 3616 2434 3616 2433 3616 2761 3617 2433 3617 2436 3617 2761 3618 2436 3618 2760 3618 2760 3619 2436 3619 2435 3619 2427 3620 2428 3620 2762 3620 2413 3621 2426 3621 2422 3621 2762 3622 2428 3622 2761 3622 2761 3623 2428 3623 2429 3623 2761 3624 2429 3624 2430 3624 2763 3625 2404 3625 2764 3625 2764 3626 2404 3626 2765 3626 2404 3627 2403 3627 2765 3627 2765 3628 2403 3628 2402 3628 2765 3629 2402 3629 2401 3629 2400 3630 2399 3630 2421 3630 2421 3631 2399 3631 2406 3631 2421 3632 2406 3632 2405 3632 2396 3633 2766 3633 2394 3633 2766 3634 2396 3634 2763 3634 2763 3635 2396 3635 2397 3635 2397 3636 2398 3636 2763 3636 2763 3637 2398 3637 2404 3637 2767 3638 2388 3638 2389 3638 2389 3639 2390 3639 2767 3639 2767 3640 2390 3640 2391 3640 2392 3641 2767 3641 2393 3641 2393 3642 2767 3642 2391 3642 2767 3643 2392 3643 2395 3643 2767 3644 2395 3644 2766 3644 2766 3645 2395 3645 2394 3645 2387 3646 2388 3646 2768 3646 2387 3647 2768 3647 2386 3647 2372 3648 2385 3648 2381 3648 2388 3649 2767 3649 2768 3649 2361 3650 2360 3650 2380 3650 2380 3651 2360 3651 2365 3651 2380 3652 2365 3652 2364 3652 2353 3653 2355 3653 2769 3653 2769 3654 2355 3654 2770 3654 2770 3655 2355 3655 2354 3655 2356 3656 2771 3656 2770 3656 2356 3657 2770 3657 2354 3657 2356 3658 2357 3658 2771 3658 2771 3659 2357 3659 2358 3659 2771 3660 2358 3660 2772 3660 2772 3661 2358 3661 2359 3661 2772 3662 2359 3662 2773 3662 2773 3663 2359 3663 2363 3663 2773 3664 2363 3664 2362 3664 2348 3665 2349 3665 2774 3665 2774 3666 2349 3666 2350 3666 2351 3667 2774 3667 2352 3667 2352 3668 2774 3668 2350 3668 2774 3669 2351 3669 2353 3669 2774 3670 2353 3670 2769 3670 2345 3671 2346 3671 2775 3671 2775 3672 2346 3672 2347 3672 2775 3673 2347 3673 2348 3673 2348 3674 2774 3674 2775 3674 2732 3675 2322 3675 2776 3675 2776 3676 2322 3676 2777 3676 2777 3677 2322 3677 2321 3677 2777 3678 2321 3678 2320 3678 2319 3679 2318 3679 2340 3679 2340 3680 2318 3680 2324 3680 2340 3681 2324 3681 2323 3681 2778 3682 2312 3682 2779 3682 2779 3683 2312 3683 2314 3683 2779 3684 2314 3684 2315 3684 2779 3685 2315 3685 2732 3685 2732 3686 2315 3686 2316 3686 2732 3687 2316 3687 2317 3687 2308 3688 2309 3688 2780 3688 2780 3689 2309 3689 2311 3689 2780 3690 2311 3690 2310 3690 2780 3691 2310 3691 2781 3691 2781 3692 2310 3692 2313 3692 2781 3693 2313 3693 2312 3693 2781 3694 2312 3694 2778 3694 2306 3695 2307 3695 2782 3695 2306 3696 2782 3696 2305 3696 2305 3697 2782 3697 2304 3697 2304 3698 2782 3698 2288 3698 2304 3699 2288 3699 2287 3699 2308 3700 2780 3700 2307 3700 2307 3701 2780 3701 2782 3701 2783 3702 2784 3702 2299 3702 2299 3703 2784 3703 2278 3703 2278 3704 2277 3704 2299 3704 2299 3705 2277 3705 2283 3705 2299 3706 2283 3706 2282 3706 2276 3707 2281 3707 2785 3707 2785 3708 2281 3708 2280 3708 2785 3709 2280 3709 2784 3709 2784 3710 2280 3710 2279 3710 2784 3711 2279 3711 2278 3711 2273 3712 2786 3712 2272 3712 2786 3713 2273 3713 2274 3713 2786 3714 2274 3714 2785 3714 2785 3715 2274 3715 2275 3715 2785 3716 2275 3716 2276 3716 2267 3717 2268 3717 2787 3717 2787 3718 2268 3718 2269 3718 2271 3719 2787 3719 2269 3719 2271 3720 2270 3720 2787 3720 2787 3721 2270 3721 2786 3721 2786 3722 2270 3722 2272 3722 2266 3723 2267 3723 2788 3723 2263 3724 2264 3724 2788 3724 2788 3725 2264 3725 2265 3725 2788 3726 2265 3726 2266 3726 2267 3727 2787 3727 2788 3727 2728 3728 2789 3728 2729 3728 2729 3729 2789 3729 2790 3729 2729 3730 2790 3730 2730 3730 2727 3731 2726 3731 2248 3731 2248 3732 2726 3732 2731 3732 2248 3733 2731 3733 2249 3733 2724 3734 2725 3734 2790 3734 2790 3735 2725 3735 2730 3735 2791 3736 2722 3736 2790 3736 2790 3737 2722 3737 2724 3737 2792 3738 2717 3738 2718 3738 2792 3739 2718 3739 2720 3739 2792 3740 2720 3740 2719 3740 2721 3741 2791 3741 2792 3741 2721 3742 2792 3742 2719 3742 2791 3743 2721 3743 2723 3743 2791 3744 2723 3744 2722 3744 2715 3745 2716 3745 2793 3745 2712 3746 2713 3746 2793 3746 2793 3747 2713 3747 2714 3747 2793 3748 2714 3748 2715 3748 2717 3749 2792 3749 2716 3749 2716 3750 2792 3750 2793 3750 2782 3751 2794 3751 2288 3751 2288 3752 2794 3752 2783 3752 2288 3753 2783 3753 2300 3753 2300 3754 2783 3754 2299 3754 2507 3755 2508 3755 2494 3755 2494 3756 2508 3756 2753 3756 2494 3757 2753 3757 2795 3757 2494 3758 2795 3758 2503 3758 2503 3759 2795 3759 2502 3759 2795 3760 2755 3760 2502 3760 2502 3761 2755 3761 2481 3761 2502 3762 2481 3762 2480 3762 2467 3763 2468 3763 2454 3763 2454 3764 2468 3764 2757 3764 2454 3765 2757 3765 2796 3765 2454 3766 2796 3766 2463 3766 2463 3767 2796 3767 2758 3767 2463 3768 2758 3768 2462 3768 2462 3769 2758 3769 2442 3769 2462 3770 2442 3770 2441 3770 2426 3771 2427 3771 2422 3771 2422 3772 2427 3772 2762 3772 2422 3773 2762 3773 2765 3773 2422 3774 2765 3774 2421 3774 2421 3775 2765 3775 2400 3775 2400 3776 2765 3776 2401 3776 2385 3777 2386 3777 2381 3777 2381 3778 2386 3778 2768 3778 2381 3779 2768 3779 2797 3779 2381 3780 2797 3780 2380 3780 2380 3781 2797 3781 2773 3781 2380 3782 2773 3782 2361 3782 2361 3783 2773 3783 2362 3783 2328 3784 2345 3784 2329 3784 2329 3785 2345 3785 2775 3785 2329 3786 2775 3786 2341 3786 2341 3787 2775 3787 2798 3787 2341 3788 2798 3788 2340 3788 2340 3789 2798 3789 2777 3789 2340 3790 2777 3790 2319 3790 2319 3791 2777 3791 2320 3791 2250 3792 2263 3792 2251 3792 2251 3793 2263 3793 2788 3793 2251 3794 2788 3794 2259 3794 2259 3795 2788 3795 2789 3795 2259 3796 2789 3796 2248 3796 2248 3797 2789 3797 2727 3797 2727 3798 2789 3798 2728 3798 2697 3799 2712 3799 2698 3799 2698 3800 2712 3800 2793 3800 2698 3801 2793 3801 2695 3801 2695 3802 2793 3802 2735 3802 2695 3803 2735 3803 2687 3803 2687 3804 2735 3804 2688 3804 2656 3805 2671 3805 2657 3805 2657 3806 2671 3806 2737 3806 2657 3807 2737 3807 2654 3807 2654 3808 2737 3808 2799 3808 2654 3809 2799 3809 2647 3809 2647 3810 2799 3810 2739 3810 2647 3811 2739 3811 2648 3811 2648 3812 2739 3812 2643 3812 2615 3813 2741 3813 2626 3813 2626 3814 2741 3814 2800 3814 2603 3815 2602 3815 2742 3815 2742 3816 2602 3816 2625 3816 2742 3817 2625 3817 2800 3817 2800 3818 2625 3818 2626 3818 2801 3819 2572 3819 2577 3819 2801 3820 2577 3820 2745 3820 2745 3821 2577 3821 2589 3821 2589 3822 2577 3822 2588 3822 2562 3823 2561 3823 2746 3823 2746 3824 2561 3824 2568 3824 2746 3825 2568 3825 2801 3825 2801 3826 2568 3826 2572 3826 2554 3827 2553 3827 2535 3827 2535 3828 2553 3828 2749 3828 2535 3829 2749 3829 2802 3829 2535 3830 2802 3830 2544 3830 2544 3831 2802 3831 2543 3831 2543 3832 2802 3832 2803 3832 2543 3833 2803 3833 2750 3833 2543 3834 2750 3834 2521 3834 2521 3835 2750 3835 2522 3835 2783 3836 2804 3836 2805 3836 2794 3837 2804 3837 2783 3837 2806 3838 2807 3838 2794 3838 2794 3839 2807 3839 2804 3839 2794 3840 2808 3840 2806 3840 2784 3841 2783 3841 2809 3841 2784 3842 2809 3842 2785 3842 2785 3843 2809 3843 2810 3843 2785 3844 2810 3844 2786 3844 2786 3845 2810 3845 2811 3845 2786 3846 2811 3846 2787 3846 2787 3847 2811 3847 2812 3847 2787 3848 2812 3848 2788 3848 2788 3849 2812 3849 2813 3849 2788 3850 2813 3850 2789 3850 2789 3851 2813 3851 2814 3851 2789 3852 2814 3852 2790 3852 2790 3853 2814 3853 2815 3853 2790 3854 2815 3854 2791 3854 2791 3855 2815 3855 2816 3855 2791 3856 2816 3856 2792 3856 2792 3857 2816 3857 2817 3857 2792 3858 2817 3858 2793 3858 2793 3859 2817 3859 2818 3859 2793 3860 2818 3860 2735 3860 2735 3861 2818 3861 2819 3861 2735 3862 2819 3862 2733 3862 2733 3863 2819 3863 2820 3863 2733 3864 2820 3864 2734 3864 2734 3865 2820 3865 2821 3865 2734 3866 2821 3866 2736 3866 2736 3867 2821 3867 2822 3867 2736 3868 2822 3868 2737 3868 2737 3869 2822 3869 2823 3869 2737 3870 2823 3870 2799 3870 2799 3871 2823 3871 2824 3871 2799 3872 2824 3872 2739 3872 2739 3873 2824 3873 2825 3873 2739 3874 2825 3874 2738 3874 2738 3875 2825 3875 2826 3875 2738 3876 2826 3876 2740 3876 2740 3877 2826 3877 2827 3877 2740 3878 2827 3878 2741 3878 2741 3879 2827 3879 2828 3879 2741 3880 2828 3880 2800 3880 2800 3881 2828 3881 2829 3881 2800 3882 2829 3882 2742 3882 2742 3883 2829 3883 2830 3883 2742 3884 2830 3884 2743 3884 2743 3885 2830 3885 2831 3885 2743 3886 2831 3886 2744 3886 2744 3887 2831 3887 2832 3887 2744 3888 2832 3888 2745 3888 2745 3889 2832 3889 2833 3889 2745 3890 2833 3890 2801 3890 2801 3891 2833 3891 2834 3891 2801 3892 2834 3892 2746 3892 2746 3893 2834 3893 2835 3893 2746 3894 2835 3894 2747 3894 2747 3895 2835 3895 2836 3895 2747 3896 2836 3896 2748 3896 2748 3897 2836 3897 2837 3897 2748 3898 2837 3898 2749 3898 2749 3899 2837 3899 2838 3899 2749 3900 2838 3900 2802 3900 2802 3901 2838 3901 2839 3901 2802 3902 2839 3902 2803 3902 2839 3903 2840 3903 2803 3903 2803 3904 2840 3904 2750 3904 2750 3905 2840 3905 2841 3905 2750 3906 2841 3906 2751 3906 2751 3907 2841 3907 2842 3907 2751 3908 2842 3908 2752 3908 2752 3909 2842 3909 2843 3909 2752 3910 2843 3910 2753 3910 2753 3911 2843 3911 2844 3911 2753 3912 2844 3912 2795 3912 2795 3913 2844 3913 2845 3913 2795 3914 2845 3914 2755 3914 2755 3915 2845 3915 2846 3915 2755 3916 2846 3916 2754 3916 2754 3917 2846 3917 2847 3917 2754 3918 2847 3918 2756 3918 2756 3919 2847 3919 2848 3919 2756 3920 2848 3920 2757 3920 2757 3921 2848 3921 2849 3921 2757 3922 2849 3922 2796 3922 2796 3923 2849 3923 2850 3923 2796 3924 2850 3924 2758 3924 2758 3925 2850 3925 2851 3925 2758 3926 2851 3926 2759 3926 2759 3927 2851 3927 2852 3927 2759 3928 2852 3928 2760 3928 2760 3929 2852 3929 2853 3929 2760 3930 2853 3930 2761 3930 2761 3931 2853 3931 2854 3931 2761 3932 2854 3932 2762 3932 2762 3933 2854 3933 2855 3933 2762 3934 2855 3934 2765 3934 2765 3935 2855 3935 2856 3935 2765 3936 2856 3936 2764 3936 2764 3937 2856 3937 2763 3937 2763 3938 2856 3938 2857 3938 2763 3939 2857 3939 2766 3939 2766 3940 2857 3940 2858 3940 2766 3941 2858 3941 2767 3941 2767 3942 2858 3942 2859 3942 2767 3943 2859 3943 2768 3943 2768 3944 2859 3944 2860 3944 2768 3945 2860 3945 2797 3945 2797 3946 2860 3946 2773 3946 2773 3947 2860 3947 2861 3947 2773 3948 2861 3948 2772 3948 2772 3949 2861 3949 2771 3949 2771 3950 2861 3950 2862 3950 2771 3951 2862 3951 2770 3951 2770 3952 2862 3952 2769 3952 2769 3953 2862 3953 2863 3953 2769 3954 2863 3954 2774 3954 2774 3955 2863 3955 2864 3955 2774 3956 2864 3956 2775 3956 2775 3957 2864 3957 2865 3957 2775 3958 2865 3958 2798 3958 2798 3959 2865 3959 2777 3959 2777 3960 2865 3960 2866 3960 2777 3961 2866 3961 2776 3961 2776 3962 2866 3962 2732 3962 2732 3963 2866 3963 2867 3963 2732 3964 2867 3964 2779 3964 2779 3965 2867 3965 2778 3965 2778 3966 2867 3966 2868 3966 2778 3967 2868 3967 2781 3967 2781 3968 2868 3968 2780 3968 2780 3969 2868 3969 2808 3969 2780 3970 2808 3970 2782 3970 2782 3971 2808 3971 2794 3971 2783 3972 2805 3972 2809 3972 2809 3973 2805 3973 2869 3973 2807 3974 2806 3974 2870 3974 2870 3975 2806 3975 2808 3975 2870 3976 2808 3976 2871 3976 2871 3977 2808 3977 2868 3977 2871 3978 2868 3978 2872 3978 2872 3979 2868 3979 2867 3979 2872 3980 2867 3980 2873 3980 2873 3981 2867 3981 2866 3981 2873 3982 2866 3982 2874 3982 2874 3983 2866 3983 2865 3983 2874 3984 2865 3984 2875 3984 2875 3985 2865 3985 2864 3985 2875 3986 2864 3986 2876 3986 2876 3987 2864 3987 2863 3987 2876 3988 2863 3988 2877 3988 2877 3989 2863 3989 2862 3989 2877 3990 2862 3990 2878 3990 2878 3991 2862 3991 2861 3991 2878 3992 2861 3992 2879 3992 2879 3993 2861 3993 2860 3993 2879 3994 2860 3994 2880 3994 2880 3995 2860 3995 2859 3995 2880 3996 2859 3996 2881 3996 2881 3997 2859 3997 2858 3997 2881 3998 2858 3998 2882 3998 2882 3999 2858 3999 2857 3999 2882 4000 2857 4000 2883 4000 2883 4001 2857 4001 2856 4001 2883 4002 2856 4002 2884 4002 2884 4003 2856 4003 2855 4003 2884 4004 2855 4004 2885 4004 2885 4005 2855 4005 2854 4005 2885 4006 2854 4006 2886 4006 2886 4007 2854 4007 2853 4007 2886 4008 2853 4008 2887 4008 2887 4009 2853 4009 2852 4009 2887 4010 2852 4010 2888 4010 2888 4011 2852 4011 2851 4011 2888 4012 2851 4012 2889 4012 2889 4013 2851 4013 2850 4013 2889 4014 2850 4014 2890 4014 2890 4015 2850 4015 2849 4015 2890 4016 2849 4016 2891 4016 2891 4017 2849 4017 2848 4017 2891 4018 2848 4018 2892 4018 2892 4019 2848 4019 2847 4019 2892 4020 2847 4020 2893 4020 2893 4021 2847 4021 2846 4021 2893 4022 2846 4022 2894 4022 2894 4023 2846 4023 2845 4023 2894 4024 2845 4024 2895 4024 2895 4025 2845 4025 2896 4025 2896 4026 2845 4026 2844 4026 2896 4027 2844 4027 2897 4027 2897 4028 2844 4028 2898 4028 2898 4029 2844 4029 2843 4029 2898 4030 2843 4030 2899 4030 2899 4031 2843 4031 2900 4031 2900 4032 2843 4032 2842 4032 2900 4033 2842 4033 2901 4033 2901 4034 2842 4034 2902 4034 2902 4035 2842 4035 2841 4035 2902 4036 2841 4036 2903 4036 2903 4037 2841 4037 2904 4037 2904 4038 2841 4038 2840 4038 2904 4039 2840 4039 2905 4039 2905 4040 2840 4040 2906 4040 2906 4041 2840 4041 2839 4041 2809 4042 2869 4042 2810 4042 2810 4043 2869 4043 2907 4043 2810 4044 2907 4044 2811 4044 2811 4045 2907 4045 2908 4045 2811 4046 2908 4046 2812 4046 2812 4047 2908 4047 2909 4047 2812 4048 2909 4048 2813 4048 2813 4049 2909 4049 2910 4049 2813 4050 2910 4050 2814 4050 2814 4051 2910 4051 2911 4051 2814 4052 2911 4052 2815 4052 2815 4053 2911 4053 2912 4053 2815 4054 2912 4054 2816 4054 2816 4055 2912 4055 2913 4055 2816 4056 2913 4056 2817 4056 2817 4057 2913 4057 2914 4057 2817 4058 2914 4058 2818 4058 2818 4059 2914 4059 2915 4059 2818 4060 2915 4060 2819 4060 2819 4061 2915 4061 2916 4061 2819 4062 2916 4062 2820 4062 2820 4063 2916 4063 2917 4063 2820 4064 2917 4064 2821 4064 2821 4065 2917 4065 2918 4065 2821 4066 2918 4066 2822 4066 2822 4067 2918 4067 2919 4067 2822 4068 2919 4068 2823 4068 2823 4069 2919 4069 2920 4069 2823 4070 2920 4070 2824 4070 2824 4071 2920 4071 2921 4071 2824 4072 2921 4072 2825 4072 2825 4073 2921 4073 2922 4073 2825 4074 2922 4074 2826 4074 2826 4075 2922 4075 2923 4075 2826 4076 2923 4076 2827 4076 2827 4077 2923 4077 2924 4077 2827 4078 2924 4078 2828 4078 2828 4079 2924 4079 2925 4079 2828 4080 2925 4080 2829 4080 2829 4081 2925 4081 2926 4081 2829 4082 2926 4082 2830 4082 2830 4083 2926 4083 2927 4083 2830 4084 2927 4084 2831 4084 2831 4085 2927 4085 2928 4085 2831 4086 2928 4086 2832 4086 2832 4087 2928 4087 2929 4087 2832 4088 2929 4088 2930 4088 2832 4089 2930 4089 2833 4089 2833 4090 2930 4090 2931 4090 2833 4091 2931 4091 2932 4091 2833 4092 2932 4092 2834 4092 2834 4093 2932 4093 2933 4093 2834 4094 2933 4094 2934 4094 2834 4095 2934 4095 2835 4095 2835 4096 2934 4096 2935 4096 2835 4097 2935 4097 2936 4097 2835 4098 2936 4098 2836 4098 2836 4099 2936 4099 2937 4099 2836 4100 2937 4100 2938 4100 2836 4101 2938 4101 2837 4101 2837 4102 2938 4102 2939 4102 2837 4103 2939 4103 2940 4103 2837 4104 2940 4104 2838 4104 2838 4105 2940 4105 2941 4105 2838 4106 2941 4106 2942 4106 2838 4107 2942 4107 2839 4107 2839 4108 2942 4108 2943 4108 2839 4109 2943 4109 2906 4109 2907 4110 2869 4110 2944 4110 2944 4111 2869 4111 2805 4111 2804 4112 2945 4112 2805 4112 2870 4113 2804 4113 2807 4113 2804 4114 2870 4114 2945 4114 2945 4115 2870 4115 2946 4115 2870 4116 2871 4116 2946 4116 2946 4117 2871 4117 2947 4117 2871 4118 2872 4118 2947 4118 2947 4119 2872 4119 2948 4119 2872 4120 2873 4120 2948 4120 2948 4121 2873 4121 2949 4121 2873 4122 2874 4122 2949 4122 2949 4123 2874 4123 2950 4123 2874 4124 2875 4124 2950 4124 2950 4125 2875 4125 2951 4125 2875 4126 2876 4126 2951 4126 2951 4127 2876 4127 2952 4127 2876 4128 2877 4128 2952 4128 2952 4129 2877 4129 2953 4129 2877 4130 2878 4130 2953 4130 2953 4131 2878 4131 2954 4131 2878 4132 2879 4132 2954 4132 2954 4133 2879 4133 2955 4133 2879 4134 2880 4134 2955 4134 2955 4135 2880 4135 2956 4135 2880 4136 2881 4136 2956 4136 2956 4137 2881 4137 2957 4137 2881 4138 2882 4138 2957 4138 2957 4139 2882 4139 2958 4139 2882 4140 2883 4140 2958 4140 2958 4141 2883 4141 2959 4141 2883 4142 2884 4142 2959 4142 2959 4143 2884 4143 2960 4143 2884 4144 2885 4144 2960 4144 2960 4145 2885 4145 2961 4145 2885 4146 2886 4146 2961 4146 2961 4147 2886 4147 2962 4147 2886 4148 2887 4148 2962 4148 2962 4149 2887 4149 2963 4149 2887 4150 2888 4150 2963 4150 2963 4151 2888 4151 2964 4151 2888 4152 2889 4152 2964 4152 2964 4153 2889 4153 2965 4153 2889 4154 2890 4154 2965 4154 2965 4155 2890 4155 2966 4155 2890 4156 2891 4156 2966 4156 2966 4157 2891 4157 2967 4157 2891 4158 2892 4158 2967 4158 2967 4159 2892 4159 2968 4159 2892 4160 2893 4160 2968 4160 2968 4161 2893 4161 2969 4161 2893 4162 2894 4162 2969 4162 2969 4163 2894 4163 2895 4163 2969 4164 2895 4164 2970 4164 2895 4165 2896 4165 2970 4165 2970 4166 2896 4166 2897 4166 2970 4167 2897 4167 2971 4167 2897 4168 2898 4168 2971 4168 2971 4169 2898 4169 2899 4169 2971 4170 2899 4170 2972 4170 2899 4171 2900 4171 2972 4171 2972 4172 2900 4172 2901 4172 2972 4173 2901 4173 2973 4173 2901 4174 2902 4174 2973 4174 2973 4175 2902 4175 2903 4175 2973 4176 2903 4176 2974 4176 2903 4177 2904 4177 2974 4177 2974 4178 2904 4178 2905 4178 2974 4179 2905 4179 2975 4179 2975 4180 2905 4180 2906 4180 2975 4181 2906 4181 2976 4181 2906 4182 2943 4182 2976 4182 2976 4183 2943 4183 2977 4183 2943 4184 2942 4184 2977 4184 2977 4185 2942 4185 2941 4185 2977 4186 2941 4186 2978 4186 2941 4187 2940 4187 2978 4187 2978 4188 2940 4188 2939 4188 2978 4189 2939 4189 2979 4189 2939 4190 2938 4190 2979 4190 2979 4191 2938 4191 2937 4191 2979 4192 2937 4192 2980 4192 2937 4193 2936 4193 2980 4193 2980 4194 2936 4194 2935 4194 2980 4195 2935 4195 2981 4195 2935 4196 2934 4196 2981 4196 2981 4197 2934 4197 2933 4197 2981 4198 2933 4198 2982 4198 2933 4199 2932 4199 2982 4199 2982 4200 2932 4200 2931 4200 2982 4201 2931 4201 2983 4201 2931 4202 2930 4202 2983 4202 2983 4203 2930 4203 2929 4203 2983 4204 2929 4204 2984 4204 2929 4205 2928 4205 2984 4205 2984 4206 2928 4206 2985 4206 2928 4207 2927 4207 2985 4207 2985 4208 2927 4208 2986 4208 2927 4209 2926 4209 2986 4209 2986 4210 2926 4210 2987 4210 2926 4211 2925 4211 2987 4211 2987 4212 2925 4212 2988 4212 2925 4213 2924 4213 2988 4213 2988 4214 2924 4214 2989 4214 2924 4215 2923 4215 2989 4215 2989 4216 2923 4216 2990 4216 2923 4217 2922 4217 2990 4217 2990 4218 2922 4218 2991 4218 2922 4219 2921 4219 2991 4219 2991 4220 2921 4220 2992 4220 2921 4221 2920 4221 2992 4221 2992 4222 2920 4222 2993 4222 2920 4223 2919 4223 2993 4223 2993 4224 2919 4224 2994 4224 2919 4225 2918 4225 2994 4225 2994 4226 2918 4226 2995 4226 2918 4227 2917 4227 2995 4227 2995 4228 2917 4228 2996 4228 2917 4229 2916 4229 2996 4229 2996 4230 2916 4230 2997 4230 2916 4231 2915 4231 2997 4231 2997 4232 2915 4232 2998 4232 2915 4233 2914 4233 2998 4233 2998 4234 2914 4234 2999 4234 2914 4235 2913 4235 2999 4235 2999 4236 2913 4236 3000 4236 2913 4237 2912 4237 3000 4237 3000 4238 2912 4238 3001 4238 2912 4239 2911 4239 3001 4239 3001 4240 2911 4240 3002 4240 2911 4241 2910 4241 3002 4241 3002 4242 2910 4242 3003 4242 2910 4243 2909 4243 3003 4243 3003 4244 2909 4244 3004 4244 2909 4245 2908 4245 3004 4245 3004 4246 2908 4246 2944 4246 2944 4247 2908 4247 2907 4247 3005 4248 2976 4248 3006 4248 3006 4248 2976 4248 2977 4248 3006 4248 2977 4248 3007 4248 3007 4248 2977 4248 2978 4248 3007 4249 2978 4249 3008 4249 3008 4248 2978 4248 2979 4248 3008 4250 2979 4250 3009 4250 3009 4248 2979 4248 2980 4248 3009 4251 2980 4251 3010 4251 3010 4248 2980 4248 2981 4248 3010 4252 2981 4252 3011 4252 3011 4248 2981 4248 2982 4248 3011 4253 2982 4253 3012 4253 3012 4254 2982 4254 2983 4254 3012 4255 2983 4255 3013 4255 3013 4256 2983 4256 2984 4256 3013 4257 2984 4257 3014 4257 3014 4248 2984 4248 2985 4248 3014 4258 2985 4258 3015 4258 3015 4259 2985 4259 2986 4259 3015 4248 2986 4248 3016 4248 3016 4248 2986 4248 2987 4248 3016 4248 2987 4248 3017 4248 3017 4248 2987 4248 2988 4248 3017 4248 2988 4248 3018 4248 3018 4260 2988 4260 2989 4260 3018 4248 2989 4248 3019 4248 3019 4261 2989 4261 2990 4261 3019 4248 2990 4248 3020 4248 3020 4248 2990 4248 2991 4248 3020 4248 2991 4248 3021 4248 3021 4262 2991 4262 2992 4262 3021 4248 2992 4248 3022 4248 3022 4263 2992 4263 2993 4263 3022 4248 2993 4248 3023 4248 3023 4248 2993 4248 2994 4248 3023 4248 2994 4248 3024 4248 3025 4264 2955 4264 3026 4264 3026 4265 2955 4265 2956 4265 3026 4248 2956 4248 3027 4248 3027 4266 2956 4266 2957 4266 3027 4267 2957 4267 3028 4267 3028 4268 2957 4268 2958 4268 3028 4248 2958 4248 3029 4248 3029 4269 2958 4269 2959 4269 3029 4248 2959 4248 3030 4248 3030 4248 2959 4248 2960 4248 3030 4248 2960 4248 3031 4248 3031 4270 2960 4270 2961 4270 3031 4248 2961 4248 3032 4248 3032 4271 2961 4271 2962 4271 3032 4248 2962 4248 3033 4248 3033 4272 2962 4272 2963 4272 3033 4248 2963 4248 3034 4248 3034 4248 2963 4248 2964 4248 3034 4248 2964 4248 3035 4248 3035 4273 2964 4273 2965 4273 3035 4248 2965 4248 3036 4248 3036 4274 2965 4274 2966 4274 3036 4275 2966 4275 3037 4275 3037 4248 2966 4248 2967 4248 3037 4276 2967 4276 3038 4276 3038 4277 2967 4277 2968 4277 3038 4278 2968 4278 3039 4278 3039 4279 2968 4279 2969 4279 3039 4248 2969 4248 3040 4248 3040 4248 2969 4248 2970 4248 3040 4248 2970 4248 3041 4248 3041 4248 2970 4248 2971 4248 3041 4280 2971 4280 3042 4280 3042 4248 2971 4248 2972 4248 3042 4248 2972 4248 3043 4248 3043 4281 2972 4281 2973 4281 3043 4248 2973 4248 3044 4248 3044 4282 2973 4282 2974 4282 3044 4248 2974 4248 3005 4248 3005 4248 2974 4248 2975 4248 3005 4248 2975 4248 2976 4248 2994 4248 2995 4248 3024 4248 3024 4283 2995 4283 2996 4283 3024 4284 2996 4284 3045 4284 3045 4248 2996 4248 2997 4248 3045 4248 2997 4248 3046 4248 3046 4285 2997 4285 2998 4285 3046 4248 2998 4248 3047 4248 3047 4286 2998 4286 2999 4286 3047 4248 2999 4248 3048 4248 3048 4287 2999 4287 3000 4287 3048 4248 3000 4248 3049 4248 3049 4248 3000 4248 3001 4248 3049 4288 3001 4288 3050 4288 3050 4289 3001 4289 3002 4289 3050 4248 3002 4248 3051 4248 3051 4248 3002 4248 3003 4248 3051 4290 3003 4290 3052 4290 3052 4248 3003 4248 3004 4248 3052 4248 3004 4248 3053 4248 3053 4248 3004 4248 2944 4248 3053 4248 2944 4248 3054 4248 3054 4291 2944 4291 2805 4291 3054 4292 2805 4292 3055 4292 3055 4293 2805 4293 2945 4293 3055 4248 2945 4248 3056 4248 3056 4248 2945 4248 2946 4248 3056 4248 2946 4248 3057 4248 3057 4294 2946 4294 2947 4294 3057 4248 2947 4248 3058 4248 3058 4248 2947 4248 2948 4248 3058 4248 2948 4248 3059 4248 3059 4248 2948 4248 2949 4248 3059 4248 2949 4248 3060 4248 3060 4248 2949 4248 2950 4248 3060 4248 2950 4248 3061 4248 3061 4295 2950 4295 2951 4295 3061 4296 2951 4296 3062 4296 3062 4248 2951 4248 2952 4248 3062 4248 2952 4248 3063 4248 3063 4297 2952 4297 2953 4297 3063 4298 2953 4298 3025 4298 3025 4248 2953 4248 2954 4248 3025 4283 2954 4283 2955 4283 3054 4299 3064 4299 3053 4299 3053 4300 3064 4300 3065 4300 3053 4301 3065 4301 3052 4301 3052 4302 3065 4302 3066 4302 3052 4303 3066 4303 3051 4303 3051 4304 3066 4304 3067 4304 3051 4305 3067 4305 3050 4305 3050 4306 3067 4306 3068 4306 3050 4307 3068 4307 3049 4307 3049 4308 3068 4308 3069 4308 3049 4309 3069 4309 3048 4309 3048 4310 3069 4310 3070 4310 3048 4311 3070 4311 3047 4311 3047 4312 3070 4312 3071 4312 3047 4313 3071 4313 3046 4313 3046 4314 3071 4314 3072 4314 3046 4315 3072 4315 3045 4315 3045 4316 3072 4316 3073 4316 3045 4317 3073 4317 3024 4317 3024 4317 3073 4317 3074 4317 3024 4318 3074 4318 3023 4318 3023 4319 3074 4319 3075 4319 3023 4320 3075 4320 3022 4320 3022 4321 3075 4321 3076 4321 3022 4322 3076 4322 3021 4322 3021 4322 3076 4322 3077 4322 3021 4323 3077 4323 3020 4323 3020 4323 3077 4323 3078 4323 3020 4324 3078 4324 3019 4324 3019 4324 3078 4324 3079 4324 3019 4325 3079 4325 3018 4325 3018 4326 3079 4326 3080 4326 3018 4327 3080 4327 3017 4327 3017 4328 3080 4328 3081 4328 3017 4329 3081 4329 3016 4329 3016 4330 3081 4330 3082 4330 3016 4331 3082 4331 3015 4331 3015 4332 3082 4332 3083 4332 3015 4333 3083 4333 3014 4333 3014 4333 3083 4333 3084 4333 3014 4334 3084 4334 3013 4334 3013 4335 3084 4335 3085 4335 3013 4336 3085 4336 3012 4336 3012 4337 3085 4337 3086 4337 3012 4338 3086 4338 3011 4338 3011 4339 3086 4339 3087 4339 3011 4340 3087 4340 3010 4340 3010 4341 3087 4341 3088 4341 3010 4342 3088 4342 3009 4342 3009 4343 3088 4343 3089 4343 3009 4344 3089 4344 3008 4344 3008 4345 3089 4345 3090 4345 3008 4346 3090 4346 3007 4346 3007 4347 3090 4347 3091 4347 3007 4348 3091 4348 3006 4348 3006 4349 3091 4349 3092 4349 3006 4350 3092 4350 3005 4350 3005 4351 3092 4351 3093 4351 3005 4352 3093 4352 3044 4352 3044 4352 3093 4352 3094 4352 3044 4353 3094 4353 3043 4353 3043 4354 3094 4354 3095 4354 3043 4355 3095 4355 3042 4355 3042 4356 3095 4356 3096 4356 3042 4357 3096 4357 3041 4357 3041 4358 3096 4358 3097 4358 3041 4359 3097 4359 3040 4359 3040 4360 3097 4360 3098 4360 3040 4361 3098 4361 3039 4361 3039 4362 3098 4362 3099 4362 3039 4363 3099 4363 3038 4363 3038 4364 3099 4364 3100 4364 3038 4365 3100 4365 3037 4365 3037 4366 3100 4366 3101 4366 3037 4367 3101 4367 3036 4367 3036 4368 3101 4368 3102 4368 3036 4369 3102 4369 3035 4369 3035 4370 3102 4370 3103 4370 3035 4371 3103 4371 3034 4371 3034 4371 3103 4371 3104 4371 3034 4372 3104 4372 3033 4372 3033 4373 3104 4373 3105 4373 3033 4374 3105 4374 3032 4374 3032 4375 3105 4375 3106 4375 3032 4376 3106 4376 3031 4376 3031 4377 3106 4377 3107 4377 3031 4378 3107 4378 3030 4378 3030 4379 3107 4379 3108 4379 3030 4380 3108 4380 3029 4380 3029 4380 3108 4380 3109 4380 3029 4381 3109 4381 3028 4381 3028 4381 3109 4381 3110 4381 3028 4382 3110 4382 3027 4382 3027 4382 3110 4382 3111 4382 3027 4383 3111 4383 3026 4383 3026 4384 3111 4384 3112 4384 3026 4385 3112 4385 3025 4385 3025 4386 3112 4386 3113 4386 3025 4387 3113 4387 3063 4387 3063 4387 3113 4387 3114 4387 3063 4388 3114 4388 3062 4388 3062 4389 3114 4389 3115 4389 3062 4390 3115 4390 3061 4390 3061 4391 3115 4391 3116 4391 3061 4392 3116 4392 3060 4392 3060 4393 3116 4393 3117 4393 3060 4394 3117 4394 3059 4394 3059 4395 3117 4395 3118 4395 3059 4396 3118 4396 3058 4396 3058 4397 3118 4397 3119 4397 3058 4398 3119 4398 3057 4398 3057 4399 3119 4399 3120 4399 3057 4400 3120 4400 3056 4400 3056 4401 3120 4401 3121 4401 3056 4402 3121 4402 3055 4402 3055 4403 3121 4403 3122 4403 3055 4404 3122 4404 3054 4404 3054 4405 3122 4405 3064 4405 3064 4406 3122 4406 3082 4406 3064 4407 3082 4407 3065 4407 3068 4248 3067 4248 3082 4248 3082 4408 3067 4408 3066 4408 3082 4409 3066 4409 3065 4409 3071 4248 3070 4248 3082 4248 3082 4410 3070 4410 3069 4410 3082 4411 3069 4411 3068 4411 3074 4248 3073 4248 3082 4248 3082 4248 3073 4248 3072 4248 3082 4412 3072 4412 3071 4412 3077 4248 3076 4248 3082 4248 3082 4248 3076 4248 3075 4248 3082 4248 3075 4248 3074 4248 3080 4413 3079 4413 3082 4413 3082 4414 3079 4414 3078 4414 3082 4415 3078 4415 3077 4415 3082 4416 3081 4416 3080 4416 3086 4417 3085 4417 3082 4417 3082 4248 3085 4248 3084 4248 3082 4248 3084 4248 3083 4248 3089 4248 3088 4248 3082 4248 3082 4418 3088 4418 3087 4418 3082 4419 3087 4419 3086 4419 3092 4248 3091 4248 3082 4248 3082 4420 3091 4420 3090 4420 3082 4248 3090 4248 3089 4248 3095 4248 3094 4248 3082 4248 3082 4248 3094 4248 3093 4248 3082 4421 3093 4421 3092 4421 3098 4248 3097 4248 3082 4248 3082 4422 3097 4422 3096 4422 3082 4423 3096 4423 3095 4423 3101 4248 3100 4248 3082 4248 3082 4424 3100 4424 3099 4424 3082 4248 3099 4248 3098 4248 3104 4248 3103 4248 3082 4248 3082 4425 3103 4425 3102 4425 3082 4426 3102 4426 3101 4426 3107 4248 3106 4248 3082 4248 3082 4427 3106 4427 3105 4427 3082 4428 3105 4428 3104 4428 3110 4248 3109 4248 3082 4248 3082 4429 3109 4429 3108 4429 3082 4430 3108 4430 3107 4430 3113 4248 3112 4248 3082 4248 3082 4431 3112 4431 3111 4431 3082 4432 3111 4432 3110 4432 3116 4433 3115 4433 3082 4433 3082 4434 3115 4434 3114 4434 3082 4435 3114 4435 3113 4435 3119 4436 3118 4436 3082 4436 3082 4437 3118 4437 3117 4437 3082 4438 3117 4438 3116 4438 3122 4248 3121 4248 3082 4248 3082 4439 3121 4439 3120 4439 3082 4440 3120 4440 3119 4440</p>
        </triangles>
      </mesh>
    </geometry>
  </library_geometries>
  <library_visual_scenes>
    <visual_scene id="Scene" name="Scene">
      <node id="Link_6" name="Link 6" type="NODE">
        <matrix sid="transform">1 0 0 0 0 1 0 0 0 0 1 0 0 0 0 1</matrix>
        <instance_geometry url="#Link_6_001-mesh" name="Link 6">
          <bind_material>
            <technique_common>
              <instance_material symbol="link_06_part_000_mtl-material" target="#link_06_part_000_mtl-material"/>
            </technique_common>
          </bind_material>
        </instance_geometry>
      </node>
      <node id="Camera" name="Camera" type="NODE">
        <matrix sid="transform">0.6859207 -0.3240135 0.6515582 7.481132 0.7276763 0.3054209 -0.6141704 -6.50764 -4.01133e-9 0.8953956 0.4452714 5.343665 0 0 0 1</matrix>
        <instance_camera url="#Camera-camera"/>
      </node>
      <node id="Lamp" name="Lamp" type="NODE">
        <matrix sid="transform">-0.2908646 -0.7711008 0.5663933 4.076245 0.9551712 -0.1998833 0.2183912 1.005454 -0.05518904 0.6045247 0.7946723 5.903862 0 0 0 1</matrix>
        <instance_light url="#Lamp-light"/>
      </node>
    </visual_scene>
  </library_visual_scenes>
  <scene>
    <instance_visual_scene url="#Scene"/>
  </scene>
</COLLADA>