<?xml version="1.0" encoding="utf-8"?>
<COLLADA xmlns="http://www.collada.org/2005/11/COLLADASchema" version="1.4.1" xmlns:xsi="http://www.w3.org/2001/XMLSchema-instance">
  <asset>
    <contributor>
      <author>Blender User</author>
      <authoring_tool>Blender 2.82.7</authoring_tool>
    </contributor>
    <created>2023-09-18T16:21:25</created>
    <modified>2023-09-18T16:21:25</modified>
    <unit name="meter" meter="1"/>
    <up_axis>Z_UP</up_axis>
  </asset>
  <library_cameras>
    <camera id="Camera-camera" name="Camera.009">
      <optics>
        <technique_common>
          <perspective>
            <xfov sid="xfov">49.13434</xfov>
            <aspect_ratio>1.777778</aspect_ratio>
            <znear sid="znear">0.1</znear>
            <zfar sid="zfar">100</zfar>
          </perspective>
        </technique_common>
      </optics>
      <extra>
        <technique profile="blender">
          <shiftx sid="shiftx" type="float">0</shiftx>
          <shifty sid="shifty" type="float">0</shifty>
          <dof_distance sid="dof_distance" type="float">10</dof_distance>
        </technique>
      </extra>
    </camera>
  </library_cameras>
  <library_lights>
    <light id="Lamp-light" name="Lamp.008">
      <technique_common>
        <point>
          <color sid="color">1 1 1</color>
          <constant_attenuation>1</constant_attenuation>
          <linear_attenuation>0</linear_attenuation>
          <quadratic_attenuation>0.00111109</quadratic_attenuation>
        </point>
      </technique_common>
      <extra>
        <technique profile="blender">
          <type sid="type" type="int">0</type>
          <flag sid="flag" type="int">0</flag>
          <mode sid="mode" type="int">8192</mode>
          <gamma sid="blender_gamma" type="float">1</gamma>
          <red sid="red" type="float">1</red>
          <green sid="green" type="float">1</green>
          <blue sid="blue" type="float">1</blue>
          <shadow_r sid="blender_shadow_r" type="float">0</shadow_r>
          <shadow_g sid="blender_shadow_g" type="float">0</shadow_g>
          <shadow_b sid="blender_shadow_b" type="float">0</shadow_b>
          <energy sid="blender_energy" type="float">1</energy>
          <dist sid="blender_dist" type="float">29.99998</dist>
          <spotsize sid="spotsize" type="float">75</spotsize>
          <spotblend sid="spotblend" type="float">0.15</spotblend>
          <att1 sid="att1" type="float">0</att1>
          <att2 sid="att2" type="float">1</att2>
          <falloff_type sid="falloff_type" type="int">2</falloff_type>
          <clipsta sid="clipsta" type="float">1.000799</clipsta>
          <clipend sid="clipend" type="float">30.002</clipend>
          <bias sid="bias" type="float">1</bias>
          <soft sid="soft" type="float">3</soft>
          <bufsize sid="bufsize" type="int">2880</bufsize>
          <samp sid="samp" type="int">3</samp>
          <buffers sid="buffers" type="int">1</buffers>
          <area_shape sid="area_shape" type="int">1</area_shape>
          <area_size sid="area_size" type="float">0.1</area_size>
          <area_sizey sid="area_sizey" type="float">0.1</area_sizey>
          <area_sizez sid="area_sizez" type="float">1</area_sizez>
        </technique>
      </extra>
    </light>
  </library_lights>
  <library_effects>
    <effect id="link_01_part_000_mtl-effect">
      <profile_COMMON>
        <technique sid="common">
          <lambert>
            <emission>
              <color sid="emission">0 0 0 1</color>
            </emission>
            <diffuse>
              <color sid="diffuse">0.8 0.4 0.2 1</color>
            </diffuse>
            <index_of_refraction>
              <float sid="ior">1</float>
            </index_of_refraction>
          </lambert>
        </technique>
      </profile_COMMON>
    </effect>
  </library_effects>
  <library_images/>
  <library_materials>
    <material id="link_01_part_000_mtl-material" name="link_01_part_000_mtl">
      <instance_effect url="#link_01_part_000_mtl-effect"/>
    </material>
  </library_materials>
  <library_geometries>
    <geometry id="link_1-mesh" name="link_1">
      <mesh>
        <source id="link_1-mesh-positions">
          <float_array id="link_1-mesh-positions-array" count="7131">-0.01275825 0.1179984 -0.1270494 -0.01747018 0.1179984 -0.1323738 0.01076936 0.1179984 -0.1261016 0.008149564 0.1179984 -0.1346576 -0.02473217 0.1179984 -0.1230581 -0.02458083 0.1179984 -0.1273184 -0.01423025 0.1179984 -0.1261016 -0.02101117 0.1179983 -0.1193685 -0.01450645 0.1179984 -0.1248316 -0.02348405 0.1179984 -0.121344 -7.67044e-4 0.1179984 -0.1351956 0.01049315 0.1179984 -0.1248316 0.02488231 0.1179984 -0.1234223 0.02517056 0.1179986 -0.125595 0.02405869 0.1179984 -0.1280607 0.02357029 0.1179984 -0.1213927 0.01639568 0.1179984 -0.1172885 0.01364493 0.1179984 -0.1233161 0.01245427 0.1179984 -0.12299 0.0205127 0.1179984 -0.1190581 0.01075363 0.1179984 -0.1157705 0.01108813 0.1179984 -0.1235003 -0.02206289 0.1179986 -0.1299436 -0.007982552 0.1179984 -0.1153299 -0.0104866 0.1179984 -0.1246194 -0.01135468 0.1179984 -0.1233161 0.00144124 0.1179984 -0.1148193 0.01404929 0.1179984 -0.1263834 0.01872551 0.1179984 -0.1318488 0.01409631 0.1179984 -0.1334244 -0.01254534 0.1179984 -0.12299 0.02201712 0.1179984 -0.129935 -0.01095038 0.1179984 -0.1263834 -0.01002824 0.1179984 -0.1343708 0.01224136 0.1179984 -0.1270494 0.01451301 0.1179984 -0.1246194 -0.01563286 0.1179986 -0.1169958 -0.01391148 0.1179984 -0.1235003 -0.02517801 0.1179984 -0.1250736 -0.01224142 0.111918 -0.1160851 -0.004473328 0.1129905 -0.1149617 0.01698148 0.1090213 -0.1325606 -0.02484452 0.1077181 -0.1267956 0.02177476 0.108536 -0.130162 0.0246526 0.1084167 -0.1272067 0.02516394 0.1087934 -0.1246225 -0.02196383 0.1080183 -0.1300951 0.02457094 0.109309 -0.1227566 -0.01586669 0.1088536 -0.1329451 0.02280777 0.1101191 -0.1206542 0.01875013 0.1113718 -0.1181651 -0.01867562 0.1104086 -0.1181436 0.01403826 0.1123428 -0.1165649 -0.007818758 0.1096746 -0.1347208 9.7112e-4 0.1099609 -0.1351935 0.00834608 0.1130648 -0.1153653 -0.02400553 0.1086143 -0.1218373 0.009363412 0.1096829 -0.1344861 -0.0251224 0.1080248 -0.1242743 0.06858724 0.100048 -0.1048688 0.06996709 0.0958569 -0.1097794 0.05986392 0.1125378 -0.08826655 -0.01042991 0.1222492 -0.07293474 -0.01689654 0.12134 -0.07126563 0.05392265 0.1191986 -0.07603013 0.01040375 0.1159467 -0.1030915 0.03195303 0.107406 -0.1227235 0.05047065 0.1226913 -0.06802451 0.00286287 0.1161314 -0.1028093 -0.03401011 0.121297 -0.04744213 -0.04914355 0.122434 -0.005676031 0.04555648 0.126427 -0.05728918 0.07701653 0.07717281 -0.1505173 -0.02194279 0.1197698 -0.07258081 -0.04570347 0.1219783 -0.0182324 0.06224608 0.08974766 -0.1421608 0.05823051 0.09227281 -0.1453063 0.06551355 0.1050107 -0.09894979 0.06177717 0.1065601 -0.09754842 0.02402502 0.1114529 -0.1139785 -0.007815062 0.1167138 -0.09721374 0.04714637 0.09893226 -0.1380003 0.0408982 0.1022002 -0.134215 -0.05428928 0.12201 0.007705688 -0.05682373 0.120202 3.31202e-4 0.05331611 0.1249647 -0.06115335 0.0827012 0.07102704 -0.1472516 -0.04185611 0.1208194 -0.03417766 0.05957722 0.1146739 -0.08455491 -0.002258479 0.1154577 -0.1045058 -0.02360498 0.1223693 -0.05872189 0.06762439 0.08571583 -0.1426361 0.06803035 0.1027976 -0.1015015 0.05528038 0.0945748 -0.1381297 0.05121117 0.09684455 -0.1382222 -0.02776628 0.119368 -0.06670886 0.03841012 0.1045792 -0.125903 0.06597429 0.1077855 -0.09508645 0.0716561 0.08231651 -0.1431099 0.05953079 0.1174778 -0.07924878 -0.008363306 0.1294265 0.05075317 -0.01282119 0.1294038 0.04751795 -0.03216922 0.1233596 -0.03968799 0.056912 0.1220419 -0.06916767 -0.07033121 0.08334082 -0.1565023 -0.06480705 0.08767479 -0.1569952 0.05980622 0.1198735 -0.07426035 -0.06682598 0.08626282 -0.1417564 -0.05999898 0.09102821 -0.1570072 -0.060382 0.09080135 -0.1474477 -0.0548892 0.09418475 -0.1570087 -0.03939867 0.1231502 -0.02581423 0.01680904 0.114707 -0.1058291 0.05414724 0.1271948 -0.05340754 -0.06332242 0.08919829 -0.1328668 -0.06874316 0.08543461 -0.1272211 -0.05439269 0.09455484 -0.1443447 -0.04727226 0.09824395 -0.1570047 0.04601293 0.1007519 -0.1295164 0.07413625 0.08011978 -0.1425691 -0.04697763 0.0984981 -0.1440002 0.0652188 0.1112377 -0.09013396 -0.05751866 0.0929408 -0.136801 0.06027269 0.1229856 -0.06669485 0.0861628 0.06676429 -0.1460931 -0.06892317 0.08603966 -0.1185588 0.09099084 0.06006383 -0.1478967 0.06381642 0.1262465 -0.05622446 -0.04152905 0.1007936 -0.1485632 -0.06358599 0.09024977 -0.1182789 -0.05708014 0.09392625 -0.1259275 0.06450289 0.1144988 -0.08487451 -0.05100661 0.09675633 -0.1359998 -0.06886804 0.08734935 -0.1084908 -0.03188884 0.1042745 -0.1520778 -0.03723001 0.1025409 -0.1456167 -0.0444234 0.1249331 0.003316998 -0.05144912 0.1234906 0.01486968 -0.06335538 0.09236717 -0.1043339 -0.002382874 0.1221916 -0.07779294 0.08077424 0.0733307 -0.1429339 -0.04125636 0.1246621 -0.009918212 0.06785863 0.1112753 -0.09046971 0.06544548 0.1244456 -0.06247496 -0.05146896 0.09716153 -0.1271193 0.06514954 0.1178652 -0.07883715 -0.0683158 0.08969295 -0.0972613 -0.04464304 0.1002233 -0.1313518 -0.05690044 0.09529042 -0.1148338 0.06142282 0.1281273 -0.04869842 -0.0239979 0.1247988 -0.04534012 0.06503903 0.1203397 -0.07355481 -0.03866964 0.1025207 -0.1346346 0.06635361 0.1151389 -0.08407121 0.03001987 0.110086 -0.1139754 -0.02434617 0.1062803 -0.1570047 -0.01727366 0.1248639 -0.05412846 0.05802005 0.09355884 -0.133219 0.02230781 0.1142319 -0.1047319 -0.03087091 0.1251325 -0.03120017 -0.0301724 0.1048841 -0.1450513 -0.05076986 0.09849667 -0.118317 0.05211955 0.09757351 -0.130038 -0.05683398 0.09670948 -0.1058041 -0.02341663 0.1065519 -0.1467235 0.04211413 0.1040552 -0.1218682 -0.01779276 0.1076209 -0.1468939 -0.04371482 0.1257788 0.01419597 -0.04748517 0.1249855 0.02335333 0.09444534 0.0544117 -0.1463043 0.06817942 0.1215547 -0.07107287 -0.02932637 0.1054641 -0.1384156 -0.04527652 0.1011748 -0.1195196 0.03635752 0.1071575 -0.1179621 -0.01265609 0.1083006 -0.1510123 -0.03136837 0.1260997 -0.02295958 -0.06802779 0.09386944 -0.08005762 0.06280153 0.09029579 -0.1337528 -0.05119925 0.1000936 -0.1061102 0.07725948 0.07717925 -0.1412087 0.06937777 0.1170117 -0.08147257 0.09721517 0.04931044 -0.1461479 -0.05713653 0.09803515 -0.09749519 -0.062967 0.09582287 -0.08860534 -0.03399384 0.1045818 -0.1307623 -0.01006066 0.1253696 -0.05876147 -0.04027104 0.1033637 -0.1201067 -0.0483644 0.1010624 -0.1097968 0.01767486 0.1170065 -0.09721237 0.07045722 0.1191961 -0.07724946 -0.02720993 0.1261273 -0.03129786 -0.03556734 0.1267477 -0.005749881 0.0878511 0.06468862 -0.1425611 0.04811418 0.1010324 -0.1235611 -0.03411024 0.1263097 -0.014458 0.006586194 0.1236556 -0.07418203 0.06861054 0.1288938 -0.04231601 -0.005939304 0.1088846 -0.1497823 0.06415593 0.08989983 -0.13055 0.07392388 0.1275621 -0.0481553 -0.02190667 0.1263997 -0.03876906 -0.0341013 0.1055199 -0.1220912 -0.0197885 0.1077527 -0.137743 0.07223474 0.1216252 -0.0716198 -0.01705473 0.1266921 -0.04394489 -0.02725118 0.1066345 -0.1307654 0.09173929 0.05897754 -0.1424896 -0.04110312 0.1045178 -0.110485 -0.03570121 0.1274003 0.003877878 0.06780534 0.08687692 -0.13204 0.08323788 0.07081562 -0.1391713 -0.004872739 0.1248329 -0.06502467 0.05407214 0.09787178 -0.1238021 -0.01248657 0.1269651 -0.04787051 0.0764662 0.1247884 -0.06105142 -0.01300054 0.1085357 -0.1419847 0.1008229 0.04145926 -0.1448581 0.07330036 0.1292219 -0.0368027 0.07447671 0.1235905 -0.06570971 0.002404153 0.1090248 -0.1514077 0.0125001 0.1241354 -0.07256782 -0.03961616 0.1269229 0.02293217 0.1020987 0.03821033 -0.1453402 0.09811705 0.04752188 -0.1446368 -0.062155 0.09978318 -0.07491832 -0.04285126 0.1260122 0.03168863 -0.04410028 0.1045175 -0.1027584 -0.05006951 0.1042752 -0.0887618 0.07270979 0.08233827 -0.1345391 0.07947373 0.1260008 -0.05458223 -0.05575448 0.1030415 -0.07930135 0.02832406 0.1136978 -0.1027513 0.03616338 0.1095197 -0.1098396 0.0769115 0.1293445 -0.03155571 0.001739144 0.1246877 -0.06874531 -0.00752598 0.1090934 -0.1419318 -0.03451251 0.127993 0.01235216 0.05851 0.09484922 -0.1255744 -0.06717938 0.1005099 -0.05863124 0.08356899 0.1268492 -0.04650276 -0.03401386 0.1071844 -0.111718 0.07785683 0.0771234 -0.1365464 0.08019202 0.1294565 -0.02534925 0.008521556 0.1086823 -0.1515256 0.08796769 0.1271991 -0.03823637 -0.03864502 0.126652 0.03809797 0.01596975 0.1229404 -0.07671505 -0.03078573 0.1287816 0.02402114 0.04228448 0.1068916 -0.1115777 -0.007711529 0.1271512 -0.05129867 0.1046125 0.03073841 -0.1448705 0.01343667 0.1081895 -0.1516901 -0.0327751 0.1284296 0.01884639 -0.02843177 0.1086792 -0.1137719 0.08984696 0.1271755 -0.034855 0.01695948 0.1077106 -0.1494812 0.1028538 0.03611624 -0.1437045 0.00229752 0.1093515 -0.142174 0.04713833 0.103276 -0.1168714 -0.03908437 0.1071588 -0.1012849 1.84901e-4 0.1273661 -0.05553662 -0.06184297 0.1066071 -0.05056065 -0.02189111 0.1094065 -0.119954 0.08399766 0.07033371 -0.1365254 0.07983773 0.07536923 -0.134707 0.0215404 0.1068957 -0.1488704 0.02529132 0.1060578 -0.1508996 -0.04456764 0.1077035 -0.08681803 -0.03429633 0.1269435 0.04408293 0.07372176 0.08218312 -0.1311721 0.01034951 0.1088817 -0.1421364 0.09362053 0.05623644 -0.1395446 0.03085768 0.1045663 -0.1570044 -0.03014296 0.1110708 -0.09892183 0.1003344 0.04274678 -0.1420335 0.03227782 0.1136663 -0.1000169 0.0945928 0.05467337 -0.138962 -0.02410107 0.1109293 -0.1085507 0.02301514 0.1204296 -0.08362644 -0.03710061 0.1106597 -0.08911257 -0.02761721 0.1290393 0.03034877 -0.02897655 0.1280095 0.04196202 0.09016025 0.06173622 -0.1388695 0.06084877 0.09441846 -0.1221622 -0.06537139 0.1070725 -0.0404483 0.06700694 0.08936071 -0.1250351 0.009082913 0.1273351 -0.05870133 0.03761488 0.1023442 -0.1489446 0.03902733 0.1112138 -0.1019486 0.02890199 0.1180393 -0.08869254 0.05304223 0.1009567 -0.1156368 -0.04876714 0.1095219 -0.07006502 -0.05519658 0.1120427 -0.04543513 0.08812999 0.06506562 -0.1365752 0.01628726 0.1082513 -0.140888 -0.01683717 0.1127134 -0.1082583 -0.02823394 0.1271352 0.05082696 0.03099113 0.1045758 -0.1489647 0.04510253 0.09922099 -0.1511429 -0.05885994 0.1116142 -0.03862792 -0.06426113 0.1099742 -0.03229141 0.02355039 0.1244035 -0.06980931 -0.02359175 0.1135253 -0.09714871 -0.02250671 0.1292771 0.03788244 0.02271366 0.1071129 -0.1407501 0.07748609 0.07904678 -0.1299226 0.08065044 0.07540839 -0.1313055 -0.02445381 0.1272289 0.05445379 0.07264643 0.08465379 -0.1261157 -0.00831896 0.1139946 -0.1085337 0.04820728 0.1059004 -0.1078299 0.02959316 0.1052856 -0.1420626 0.04240882 0.1107518 -0.1003732 0.09708017 0.04998528 -0.139833 0.05082148 0.09641873 -0.1570004 0.08483707 0.06986516 -0.1342261 -0.03932064 0.1157922 -0.0632146 0.09263217 0.0585435 -0.1366353 -0.0158925 0.1149905 -0.0989167 0.05939424 0.09744256 -0.1161733 -0.01838988 0.1271797 0.05944603 0.05488789 0.1018885 -0.1107859 0.03670978 0.1151358 -0.09259575 -0.04732686 0.114884 -0.05102616 0.05602359 0.09349066 -0.1540831 -0.06183904 0.1146048 -0.01871979 0.02444583 0.1074392 -0.1339207 0.01807826 0.1270018 -0.060449 -0.01683604 0.1294395 0.0440095 0.086479 0.06813651 -0.1334174 0.0620563 0.09600782 -0.1160945 -0.03574466 0.1186769 -0.05705583 0.02465039 0.1267178 -0.06080454 -0.05263447 0.1159434 -0.03442329 0.03598344 0.1033633 -0.140823 0.08872872 0.06523299 -0.1336072 0.06081283 0.09046524 -0.1528778 0.04999482 0.1063199 -0.1050697 0.0781874 0.07937175 -0.1274243 0.05107194 0.09639602 -0.1469084 0.06674003 0.09200632 -0.1187722 0.002214908 0.1132756 -0.1148823 -0.04447555 0.1181899 -0.04203623 -0.05443906 0.1172168 -0.02403485 0.04283088 0.1005875 -0.1417471 0.0703271 0.08952498 -0.1191356 0.04451918 0.1135889 -0.09172844 0.06600755 0.08674496 -0.1509573 0.03198349 0.1216301 -0.07631641 0.03432065 0.104811 -0.1328663 0.02910703 0.1245518 -0.0677309 -0.05876576 0.1184619 -0.006222426 0.05489772 0.1053195 -0.103324 0.08455806 0.07181608 -0.130085 0.0805394 0.07783377 -0.1262323 0.06154227 0.0995962 -0.1092485 0.0383889 0.1225457 -0.07119864 0.0280621 0.1069801 -0.1307172 0.03974336 0.1178901 -0.08357632 0.07659494 0.08375561 -0.1216369 0.05108267 0.1109964 -0.09388977 0.02992343 0.1264553 -0.06061297 0.07140147 0.08236789 -0.1512873 0.06542032 0.09657305 -0.1115198 -0.04848372 0.1198807 -0.02421623 0.05774223 0.1046179 -0.1026616 0.04231518 0.1202812 -0.0762062 0.07384383 0.08824157 -0.117681 0.04849505 0.113949 -0.08890134 0.05507951 0.1094819 -0.09505945 0.03673315 0.1262596 -0.05971091 0.04035818 0.1245828 -0.06448721 0.07229501 0.09095782 -0.1150117 0.05948948 0.1068601 -0.0978083 0.06252294 0.1027649 -0.1032421 0.04819983 0.1196987 -0.07591617 0.06833165 0.09599924 -0.1103956 0.04580223 0.121979 -0.07068228 0.05070585 0.1168035 -0.08192354 0.05674624 0.1105839 -0.09238213 0.06568855 0.1011424 -0.1043472 0.05510789 0.1157082 -0.08318471 0.04085886 0.1272294 0.07184916 0.03694581 0.1294224 0.05954307 0.03048419 0.1293642 0.06048852 0.02493429 0.1294111 0.06071746 0.03187572 0.1271782 0.07326048 0.04268485 0.1294543 0.05809366 0.04983681 0.1271767 0.06929546 0.04825091 0.1294299 0.05608707 0.05270326 0.1294276 0.05402791 0.05967062 0.1271781 0.06492668 0.05707514 0.1294221 0.05155253 0.06913977 0.1272095 0.0589134 0.06114143 0.1294303 0.04878866 0.06507444 0.1294294 0.04561406 0.07660585 0.1271795 0.05245226 0.06877124 0.1294264 0.04208117 0.08205807 0.1271775 0.0464617 0.07281178 0.1294386 0.03746336 0.08945095 0.1272404 0.03545862 0.0867477 0.1271773 0.04002398 0.07637226 0.1294276 0.03237301 0.07976788 0.1294216 0.0263257 0.09325265 0.1271752 0.02752357 0.09590882 0.127219 0.01962774 0.08314758 0.1294258 0.01771777 0.09766757 0.1271795 0.01158791 0.08483332 0.1294242 0.01043283 0.09859955 0.1272038 0.001728773 0.08549994 0.1294755 0.005361914 0.08575284 0.1294284 -0.002054631 0.09785056 0.1271777 -0.01086831 0.08488792 0.1294335 -0.01017963 0.09542965 0.1271786 -0.02132797 0.08301383 0.1294226 -0.01812058 0.09343767 0.1272249 -0.02696263 -0.01195478 0.1271755 0.06361228 -0.003193974 0.1294647 0.05379593 -0.004557549 0.1271782 0.06740838 0.003045916 0.1283744 0.06319367 0.002502799 0.1294536 0.0564025 0.009218871 0.1294312 0.05867356 0.005571126 0.1271789 0.07100123 0.01742023 0.1294098 0.0602681 0.01535123 0.1271769 0.07295477 0.02385401 0.1271783 0.07357382 0.02753913 0.1143332 0.07672405 0.09188532 0.08859157 0.0476166 0.1002589 0.08869999 -0.03285169 0.09731942 0.1015282 -0.0332691 0.04279088 0.07593733 0.08233898 0.1003361 0.1015983 0.02565628 0.1021956 0.1015201 0.01946049 0.06221473 0.0885685 0.07322901 0.003915846 0.08859151 0.07935196 0.001945555 0.1015946 0.07617044 0.008956015 0.1016387 0.07796239 0.1108656 0.06049954 -0.009150266 0.1000325 0.1143922 0.01618897 0.1094895 0.0604996 -0.01793634 0.1070998 0.07588809 -0.01879584 0.108659 0.07282942 -0.01326435 0.07057327 0.1015951 0.06524276 0.07209324 0.1140165 0.06073164 0.1010901 0.1143848 0.01003217 -0.01240551 0.07590568 0.07545465 0.08605349 0.0604999 0.06107831 0.08380192 0.07554656 0.06040227 -0.01755011 0.06599873 0.07430589 -0.01422947 0.0604996 0.07695013 -0.01634281 0.07799679 0.07300883 0.08150756 0.06050002 0.06530582 0.1039443 0.075899 -0.02936375 0.1030163 0.08835029 -0.02574843 0.1057959 0.07592815 -0.02377063 0.09576791 0.08897656 0.04153692 -0.001769781 0.08859181 0.07761752 0.07917857 0.1143935 0.05442667 -0.007753789 0.07589083 0.07758766 -0.006895244 0.08856588 0.07565557 0.08883404 0.07617717 0.05487591 0.05481934 0.08884435 0.07644724 0.09672039 0.08824723 -0.04010581 0.09465759 0.1009379 -0.03883343 0.03227859 0.06049978 0.08605033 0.03375744 0.07634043 0.08371937 0.03412896 0.1144229 0.07619166 0.09558117 0.0728513 0.04681682 0.01603633 0.1015951 0.07907664 0.02400004 0.1016659 0.07959711 0.01993674 0.114516 0.07656657 0.06390696 0.1016362 0.0694549 0.09997403 0.08829605 0.03366625 0.09828376 0.1015949 0.03103941 0.09520488 0.1016396 0.03751158 0.1017507 0.1141382 0.003385245 -0.02403002 0.06049948 0.07113665 -0.02581864 0.06599915 0.06899523 0.1078942 0.06050008 -0.02423387 0.09250277 0.07280057 0.05115664 0.1015872 0.07595026 -0.03503912 -0.002460718 0.07589954 0.07961857 0.009711802 0.08859175 0.08066964 0.05153024 0.07554829 0.08001273 0.04924482 0.08835208 0.07849079 0.02579015 0.06049954 0.08636295 0.07488572 0.1015051 0.0620293 0.1060147 0.06049984 -0.02992892 0.09836876 0.07582831 -0.04139977 0.03822427 0.06049978 0.08534109 0.1036561 0.06049996 -0.03566831 0.0854507 0.1145021 0.0472604 0.09015947 0.0604999 0.05667531 0.1009569 0.06049984 -0.04110115 0.1034973 0.1016219 0.01307034 0.04082739 0.1141356 0.07517325 0.09846454 0.07615995 0.041112 0.102593 0.08884423 0.02670657 0.01549398 0.08884495 0.081505 0.004843771 0.07594257 0.08179175 0.07948148 0.101615 0.05800658 0.09477925 0.06049913 0.05088376 0.06935715 0.08835202 0.0691446 -0.009701013 0.06049966 0.07908654 0.04436796 0.06049966 0.08415949 0.03341168 0.1016672 0.07913988 0.0586059 0.07276684 0.07775539 0.1016125 0.1144169 -0.004813253 0.104238 0.1015958 0.007442653 0.1043566 0.08835226 0.02123636 0.1013234 0.07560664 0.03571856 0.08909058 0.1143285 0.04224085 -0.003832101 0.06049972 0.08140766 0.02138692 0.08842587 0.08205544 0.04873281 0.1144175 0.07299721 0.08506393 0.1015968 0.05226498 0.0741828 0.08884423 0.06568598 0.0645951 0.0760349 0.0743246 0.05242007 0.0605002 0.08192932 0.1036331 0.07589566 0.03017938 0.1057867 0.08861631 0.01471924 0.1045706 0.1015924 0.001691937 0.01393997 0.07631808 0.08345341 0.09260678 0.1144214 0.03635311 0.09993618 0.06050002 0.04293555 0.002064645 0.06049984 0.08326178 0.04179924 0.101639 0.07780283 0.1008341 0.1144613 -0.01169627 0.02816581 0.08852356 0.08206522 0.07889491 0.0883271 0.06200653 0.1035471 0.06049823 0.0359832 0.05519181 0.1143935 0.07055157 0.1055987 0.07615715 0.02431392 -0.02154159 0.1146547 0.06094908 0.104484 0.1015962 -0.004068315 -0.02323389 0.1016883 0.06329429 0.1066761 0.08884745 0.007937133 -0.01425015 0.114528 0.06596547 0.07202148 0.07593685 0.06989437 0.09078282 0.101714 0.04478019 0.09969329 0.1143345 -0.01774317 -0.02507579 0.08921855 0.06494361 0.009692609 0.06049966 0.08502721 0.1071191 0.07567197 0.01884478 0.08417403 0.08897709 0.05684769 0.03469938 0.08884423 0.08148127 -0.01756876 0.1015502 0.06725221 0.06081771 0.1145946 0.06783223 0.02140986 0.0724703 0.08467215 -0.005723297 0.114509 0.07031023 0.04872649 0.1015945 0.07596433 0.09613692 0.1141383 0.02900725 0.1038183 0.1015561 -0.01125025 0.1071864 0.08829581 5.31375e-4 0.1087148 0.0729103 0.01286429 -0.01262372 0.101549 0.07013815 0.106582 0.06050026 0.02833533 -0.03079116 0.07799869 0.06268602 -0.02256715 0.07799899 0.0691201 0.06339269 0.06049948 0.0773642 0.002661764 0.1144464 0.0734589 0.09785944 0.1144242 -0.0241034 -0.01917034 0.08831924 0.06927096 0.04191964 0.08862948 0.08035856 0.07811605 0.07589566 0.06536275 0.05551451 0.1015554 0.07353174 0.02676206 0.07584106 0.08420729 -0.005485236 0.1015195 0.07356601 0.1083621 0.0604999 0.02255928 0.1088107 0.07616287 0.00795108 0.06648725 0.1143807 0.06456661 0.08882087 0.08864009 0.05163538 0.1019591 0.1016402 -0.02039098 0.1068116 0.08858996 -0.00699985 0.0690999 0.06049996 0.0742492 -0.01282125 0.08864134 0.07288688 0.09838807 0.1143799 0.02246177 0.109879 0.06049966 0.0159952 0.09553104 0.1141317 -0.03046464 0.01690047 0.06049948 0.08596575 0.1092085 0.07589727 0.001767635 0.01186305 0.1141193 0.07569378 0.1058969 0.08860957 -0.01415127 0.07547169 0.0604999 0.07010436 0.1091035 0.07554692 -0.005778253 0.09954059 0.1015927 -0.02789723 0.1111637 0.06049984 0.005924165 0.092812 0.1122787 -0.03702384 0.1044894 0.08873534 -0.02045142 0.1113779 0.06049984 -0.001899838 -0.03515124 0.06049942 0.06208938 -0.02263253 0.06599915 0.07639181 -0.05100125 0.06599915 0.04648995 -0.05000519 0.06599915 0.04398238 -0.04420095 0.06599915 0.05131906 -0.05210715 0.06599915 0.05151587 -0.05188399 0.06599915 0.05738627 -0.05029219 0.06599915 0.06303435 -0.03558576 0.06599915 0.06061267 -0.04429584 0.06599915 0.06787621 -0.04610782 0.0659992 0.06960237 -0.04288166 0.06599915 0.06929039 -0.04456019 0.06599915 0.07096886 -0.04156249 0.06599915 0.07338696 -0.03640192 0.06599891 0.07588005 -0.03240531 0.06599909 0.07685464 -0.02831518 0.06599915 0.0771647 -0.02339076 0.07799899 0.07593715 -0.04285204 0.07799774 0.05019414 -0.04873782 0.07799863 0.04261809 -0.05091744 0.07799899 0.0484274 -0.05148237 0.07799899 0.05242848 -0.05130749 0.07799893 0.05723983 -0.04973822 0.07799941 0.06262773 -0.03655791 0.07800453 0.05711388 -0.04429584 0.07799899 0.06787621 -0.04787212 0.07799899 0.06609749 -0.04555058 0.07799899 0.0691269 -0.04288166 0.07799899 0.06929039 -0.04073476 0.07799899 0.07316851 -0.04411506 0.07799899 0.07052379 -0.03549814 0.07799899 0.07551693 -0.02982449 0.07799899 0.07654464 -0.04591912 0.06049925 0.05039519 -0.05209755 0.06049919 0.04241895 -0.05496078 0.06049931 0.03680729 -0.05475902 0.06600672 0.03736144 -0.05837136 0.0604999 0.02828603 -0.0593248 0.06600105 0.02534258 -0.06120395 0.06049931 0.01796793 -0.06194049 0.06599712 0.01399004 -0.06283909 0.06049913 0.006241559 -0.06303477 0.0659973 0.002131044 -0.06287372 0.06049913 -0.005747318 -0.06251478 0.06599903 -0.009795725 -0.06128239 0.06049925 -0.01761555 -0.06038397 0.06599891 -0.02155596 -0.05856221 0.06049925 -0.02769356 -0.05659329 0.06599903 -0.03315883 -0.05486565 0.06050127 -0.0370965 -0.05041825 0.06599903 -0.04553079 -0.04975801 0.06049841 -0.04649263 -0.04453212 0.06049931 -0.0540114 -0.04280322 0.0660004 -0.05617851 -0.03762853 0.06049877 -0.06189703 -0.0356 0.065997 -0.06386792 -0.03011912 0.0604977 -0.0686528 -0.02863812 0.06599903 -0.06981754 -0.02250552 0.06050062 -0.07412475 -0.02106511 0.06600075 -0.07502341 -0.01376408 0.06049776 -0.07906377 -0.01196455 0.06599849 -0.07992601 -0.003990113 0.06049984 -0.08313739 -0.001378715 0.06599837 -0.08401912 0.006541967 0.06049937 -0.08611047 0.01014059 0.06599909 -0.08680301 0.01840376 0.06049931 -0.08781945 0.0220173 0.06599915 -0.08801603 0.03038436 0.06049919 -0.08790183 0.03395587 0.06599926 -0.08760982 0.0439307 0.06049889 -0.08604794 0.0473594 0.06599974 -0.085222 0.05508625 0.0605002 -0.08273833 0.06171876 0.06599915 -0.08008933 0.0633009 0.06049913 -0.07927024 0.07245934 0.06049919 -0.07418352 0.07326406 0.06599843 -0.07366192 0.08209025 0.06049931 -0.06705319 0.08035534 0.06599915 -0.0684275 0.08568406 0.06599617 -0.06376194 0.08783674 0.06049913 -0.06161242 -0.05884075 0.06599295 0.0310707 -0.06396782 0.06599968 0.02234423 -0.07377159 0.06599891 0.001837372 -0.07826471 0.06600034 -0.0103982 -0.08267521 0.06599926 -0.02603018 -0.08610087 0.06599843 -0.04411321 -0.08773046 0.06600189 -0.06074398 -0.08824086 0.06600183 -0.07308489 -0.07360172 0.06599915 -0.08473753 -0.08820539 0.06599932 -0.08705204 0.045919 0.06599915 -0.09309524 0.08133077 0.06600105 -0.07062691 0.07850009 0.06599152 -0.07560706 0.07546269 0.06599563 -0.08147794 0.07355397 0.06599813 -0.08602488 0.07218593 0.06599938 -0.0900284 0.07109081 0.06600129 -0.09448337 0.07053446 0.06599932 -0.09846842 0.07052493 0.06602191 -0.104988 0.09317028 0.09142237 -0.04508507 0.06960266 0.08094322 -0.1032831 0.1029914 -0.03570872 -0.1452335 0.07018029 0.08259099 -0.1076812 0.08296167 0.007086575 -0.1282972 0.08389079 0.07609885 -0.06431955 0.09482008 -0.0216608 -0.1394112 0.06766325 0.1063752 -0.09700644 0.06920349 0.1006432 -0.08957964 0.07093554 0.09537595 -0.08529615 0.09436547 0.08043593 -0.04674667 0.1017847 -0.002262353 -0.1437325 0.07096797 0.08220577 -0.1105967 0.07255864 0.07515019 -0.1140746 0.07531142 0.0712701 -0.1191157 0.09099501 -0.01204442 -0.1362183 0.06870675 0.1151135 -0.08468782 0.06886887 0.09644037 -0.09363669 0.1054927 -0.02753591 -0.1465505 0.08672463 -5.0674e-5 -0.1322569 0.07973366 0.01571178 -0.1244128 0.08323669 0.09142553 -0.06126832 0.07976174 0.07605278 -0.07116281 0.09178084 -0.1178821 -0.03612339 0.0831896 -0.1274883 -0.04702264 0.09370607 -0.1073034 -0.03770226 0.08400315 -0.1156454 -0.05125272 0.08073598 -0.1269546 -0.05209958 0.1073296 -0.0190733 -0.1474385 0.09538185 -0.0970261 -0.03914552 0.07774072 -0.1257882 -0.05876976 0.08193641 -0.1060728 -0.05896157 0.0790469 -0.1175981 -0.05982726 0.09023129 0.02312213 -0.1349937 0.0933001 -0.09336286 -0.04414486 0.07455605 0.07961577 -0.08045363 0.08220839 -0.09802711 -0.06138736 0.07572907 -0.1246578 -0.06372672 0.07791465 0.08949404 -0.07103657 0.07800984 0.05400329 -0.1224461 0.1080875 -0.01406782 -0.1477683 0.07393366 -0.1232567 -0.06855726 0.09487539 0.02765995 -0.1385188 0.08622348 0.04333859 -0.1313734 0.08294785 0.1179735 -0.05189752 0.07282024 0.08316737 -0.08377248 0.08193385 0.1029874 -0.05968886 0.08035165 0.04886287 -0.1253218 0.09506767 -0.07850563 -0.04618459 0.07840567 -0.1031146 -0.06691169 0.07555747 0.08565551 -0.07673013 0.07621604 -0.1063599 -0.07030332 0.08479619 -0.09218877 -0.0587517 0.0742796 -0.1060699 -0.07487714 0.09843903 -0.06949901 -0.04324162 0.1069568 0.02119886 -0.146411 0.07100456 0.08223766 -0.08956778 0.0826869 0.04652702 -0.1279193 0.1080875 0.01406782 -0.1472102 0.07090073 -0.1193497 -0.07864654 0.077021 0.1004854 -0.06942576 0.08396238 -0.08203202 -0.06311303 0.0721243 -0.1042131 -0.08121961 0.0701372 0.08096867 -0.09390717 0.07900881 -0.08797472 -0.0704053 0.07040482 -0.1074299 -0.08545565 0.07659935 0.1113793 -0.06638234 0.06886464 -0.1137616 -0.08898603 0.08743733 -0.06949883 -0.06058704 0.0757929 -0.08781909 -0.07709521 0.07387548 0.1004369 -0.07595241 0.08602946 -0.07299345 -0.06199949 0.06918346 0.08723127 -0.09801644 0.07842588 0.1129495 -0.06225496 0.06843382 -0.1112681 -0.0927847 0.07197213 -0.09077483 -0.08624988 0.07117074 0.06360566 -0.1081482 0.07377099 -0.08786112 -0.08192026 0.07947582 -0.07299315 -0.07319229 0.07099032 -0.08891224 -0.09040945 0.07272988 0.05989617 -0.1131461 0.06823474 -0.1071741 -0.09841609 0.0755406 0.05611175 -0.118838 0.0700441 -0.09027737 -0.09444767 0.06952291 -0.09003525 -0.09881061 0.07582056 -0.07300043 -0.08060193 0.06860703 -0.102433 -0.1044065 0.07383352 -0.07300055 -0.08546257 0.07129704 0.1058401 -0.08046323 0.07182264 -0.07299917 -0.09176528 0.06994926 -0.08672046 -0.1073401 0.06965106 -0.08625763 -0.1029087 0.06982994 -0.09750992 -0.1102029 0.07359462 0.111489 -0.07263964 0.07056307 -0.07300019 -0.09918153 0.07107388 -0.09409701 -0.1139747 0.07043206 -0.07299864 -0.104716 0.07158082 -0.07300138 -0.1120288 0.07268124 -0.09049737 -0.1177073 0.07399773 -0.07301223 -0.1185717 0.07694709 -0.08312517 -0.1245148 0.07645237 -0.07027602 -0.1227696 0.08095407 -0.07687348 -0.1291326 0.07927095 -0.06800872 -0.1266101 0.08504819 -0.07063251 -0.1330981 0.08039385 -0.02504503 -0.1259284 0.08241105 -0.03604871 -0.1287769 0.08971196 -0.06322729 -0.1368009 0.08579903 -0.0401203 -0.1324675 0.09415537 -0.0555008 -0.1399549 0.09701782 0.06049758 -0.0478053 0.09623873 0.06883805 -0.04701572 0.10229 -0.1037665 -0.01698172 0.1046346 -0.08851456 -0.02012491 0.1052358 -0.08036094 0.0232591 0.007682561 -0.09920912 0.07820528 0.08890122 -0.103722 0.04671657 0.09262412 -0.1039785 0.04101157 0.06288319 -0.09419965 0.07166993 0.06801545 -0.08868211 0.06994497 0.06409817 -0.08091622 0.07370829 0.004699826 -0.1082476 0.07550472 0.002555429 -0.08813768 0.07906401 -0.001605153 -0.088521 0.07770341 0.09839433 -0.1279974 -8.58146e-4 0.1016185 -0.1150107 8.20268e-4 -3.98072e-4 -0.1042295 0.07483583 -0.009597659 -0.1085324 0.0700407 0.0976094 -0.08166462 -0.04085665 0.1018229 -0.06949955 -0.03677183 0.03687584 -0.1082476 0.07727831 0.1005325 -0.1185112 -0.006082355 0.1065008 -0.08085823 0.01792317 0.100956 -0.08038103 -0.03474622 0.1006402 -0.08921623 -0.03173714 0.02891105 -0.1280331 0.07324934 0.03016883 -0.1149825 0.07643997 0.09957605 -0.1001043 0.02873563 0.09738105 -0.09993332 0.03397113 0.05447041 -0.1085941 0.07234025 0.05748385 -0.08808743 0.07551908 0.04980367 -0.100032 0.07599395 0.08424228 -0.1150406 0.04859632 0.1030704 -0.08814644 -0.02574586 0.09810405 -0.1279983 0.006262183 0.0215801 -0.08815014 0.08212757 0.02467429 -0.0694999 0.08518725 0.09493172 -0.09939104 0.03899204 0.1033701 -0.1040247 -0.01072323 0.06755644 -0.1279995 0.0597645 0.01303714 -0.0998606 0.07906955 0.01250296 -0.08068168 0.08252781 0.006377339 -0.08109182 0.08129543 0.08315545 -0.08010423 0.06002932 0.08203816 -0.06949907 0.06333231 0.01725596 -0.0882287 0.0818054 0.1000761 -0.1085308 -0.0216149 0.1080493 -0.08042579 0.008940041 0.1095579 -0.06949907 0.01051431 0.0283463 -0.08543682 0.08263045 0.03331518 -0.06949979 0.08481085 0.07761919 -0.08041101 0.06485319 0.04207915 -0.1182293 0.07389056 0.04293221 -0.1039823 0.0770266 0.07317006 -0.1279936 0.0553776 0.07398724 -0.1150104 0.05891311 -0.0128284 -0.1279909 0.06288474 -0.0142076 -0.1088058 0.06750816 -0.002200603 -0.1150368 0.07163125 0.02402424 -0.1279956 0.07336205 0.07854598 -0.1185121 0.05361294 0.0599898 -0.103962 0.07094299 0.1003985 -0.1150402 -0.01367384 0.03565388 -0.1279979 0.07261645 0.1060487 -0.08823311 0.01361829 0.08970421 -0.0694999 0.05541294 -0.007078707 -0.1279938 0.06598144 0.09843415 -0.1082469 -0.02686136 0.1014556 -0.1001863 0.02321547 0.03212857 -0.08823484 0.08187007 0.08168959 -0.1280016 0.04663389 0.04155218 -0.06949919 0.08357816 0.09724986 -0.1280006 -0.01300138 0.04871511 -0.1150108 0.07285553 0.09020096 -0.115125 0.04024565 0.09693276 -0.1032781 -0.03325915 0.07486516 -0.09386277 0.06400936 0.06563013 -0.1037213 0.06791442 0.08588105 -0.08398205 0.05627965 0.09380525 -0.06949907 0.05021554 0.108457 -0.08062875 0.002016484 0.1102048 -0.06949913 -0.002487838 -1.12408e-4 -0.1279994 0.06897491 0.1028853 -0.100033 0.01796704 0.09494745 -0.1280022 -0.02224379 0.03781455 -0.0881493 0.08119416 0.09051775 -0.08083873 0.05168414 0.09461706 -0.1183508 -0.03004014 0.01884454 -0.1039835 0.07884579 0.0915237 -0.1279956 -0.0309363 0.04710006 -0.08069211 0.0804876 0.05249273 -0.06949913 0.08064961 0.06948137 -0.1085332 0.06422007 0.09671944 -0.06949979 0.04600739 0.04415398 -0.08919328 0.0797587 0.07960772 -0.09999895 0.05838298 0.1084135 -0.08006709 -0.005434215 0.08723711 -0.1279989 0.03890335 0.02405422 -0.108246 0.07817745 0.01056694 -0.1149581 0.07523828 0.09298193 -0.1183638 0.03356051 0.09238791 -0.08919507 0.0467624 0.05376297 -0.08035361 0.07843178 0.07473123 -0.1039828 0.0614947 0.0619713 -0.1150366 0.06711214 -0.02573025 -0.08104956 0.06622701 -0.02802526 -0.06949883 0.06663942 0.1046853 -0.09918648 0.008202433 0.04735004 -0.1279993 0.06991595 0.009228408 -0.1279856 0.07169508 -0.01917225 -0.06949925 0.0728814 0.09988957 -0.0694999 0.04064589 -0.02292764 -0.09427875 0.06540131 0.08350151 -0.09918516 0.05471849 -0.01933324 -0.08099699 0.07066297 0.10913 -0.0694999 -0.01341962 0.09733748 -0.1151246 0.02526563 0.1029974 -0.1039533 0.01311761 0.03066426 -0.1040037 0.07888996 -0.01319974 -0.08236944 0.07392096 -0.02275013 -0.1037586 0.06311708 0.01731711 -0.1150108 0.07623177 0.09576952 -0.08398044 0.04319494 0.06225371 -0.06949961 0.07661527 -0.009258925 -0.06949961 0.07800066 0.1051172 -0.0990743 0.001534998 0.05450326 -0.1279929 0.0671724 0.1073144 -0.08398175 -0.009945809 0.08628833 -0.0998587 0.05137866 -0.01498997 -0.09314912 0.07075196 -0.005836606 -0.08085465 0.07753884 0.1073649 -0.06949967 -0.02188819 -0.02051734 -0.1165184 0.06120842 1.33801e-4 -0.0694999 0.08148634 0.0997771 -0.08172315 0.03675478 0.1045468 -0.06949853 0.03049713 -0.01736962 -0.1039831 0.0667802 0.1068148 -0.08084028 -0.01645678 0.1028802 -0.1086227 0.006159722 0.1050048 -0.09910565 -0.00463134 0.06129676 -0.1280012 0.0638017 0.09275734 -0.1279985 0.02823358 0.1000851 -0.1150349 0.01528745 0.07174324 -0.06949895 0.07123953 0.006887972 -0.06949901 0.0832597 0.1028625 -0.08134639 0.02978289 -0.006409645 -0.09938788 0.07365429 0.01803851 -0.1279903 0.07305359 0.07196754 -0.08041828 0.06907087 0.09529465 -0.1279927 0.02101659 0.1049357 -0.06949967 -0.02948749 0.1050947 -0.09350144 -0.01337897 0.1075683 -0.06949907 0.02094131 0.09712463 -0.1279972 0.01366734 -0.0187174 -0.1280002 0.05894047 0.01807534 -0.06949985 0.08491337 -0.04477006 -0.1263942 0.02799946 -0.047347 -0.1257306 0.02320843 -0.06027603 -0.0987811 0.01324963 -0.05551528 -0.1070618 0.01847124 -0.06319582 -0.09626257 0.007785737 -0.04171615 -0.1270104 0.03319495 -0.06692278 -0.08459216 0.007002174 -0.04792052 -0.1141811 0.02945822 -0.0524528 -0.107522 0.02465325 -0.06921553 -0.08598768 -2.47182e-4 -0.0566464 -0.1126708 0.01108694 -0.05012935 -0.12476 0.01739811 -0.06823927 -0.08508753 -0.1445703 -0.06824445 -0.08559411 -0.1311767 -0.03114795 -0.08502727 0.06078237 -0.02990144 -0.09612303 0.05916929 -0.03613787 -0.08376824 0.05622285 -0.06021392 -0.1068374 0.006413817 -0.07153785 -0.08446609 -0.006032049 -0.06674146 -0.09589016 -0.002638697 -0.05463534 -0.122445 0.00632441 -0.03406739 -0.09832531 0.05446392 -0.04020094 -0.08503323 0.05142837 -0.05840593 -0.1135715 0.004544913 -0.06871843 -0.09517282 -0.00915271 -0.06326973 -0.1051367 -0.001937091 -0.02762961 -0.1095697 0.0574178 -0.0380606 -0.09622675 0.0506969 -0.07026344 -0.09439057 -0.01489359 -0.0443294 -0.08512383 0.04638463 -0.06047981 -0.11275 -0.002360582 -0.06552147 -0.1034893 -0.0089401 -0.07543045 -0.08536696 -0.02371597 -0.06304454 -0.1101306 -0.01013708 -0.0576393 -0.1200753 -0.002817928 -0.04237717 -0.09539663 0.04572892 -0.06739151 -0.1019352 -0.01593619 -0.05973201 -0.117882 -0.01029992 -0.04928225 -0.0892961 0.0382803 -0.07156866 -0.09488886 -0.02433174 -0.06505203 -0.1076615 -0.01696151 -0.07452839 -0.08982342 -0.03085595 -0.07801216 -0.08395671 -0.03972715 -0.0612694 -0.1158652 -0.01666039 -0.0253219 -0.1203075 0.05607217 -0.068461 -0.1018704 -0.0249651 -0.03567236 -0.1117227 0.0483784 -0.04488289 -0.09854352 0.04129016 -0.03091269 -0.1159176 0.05214577 -0.0660898 -0.1069167 -0.02618962 -0.07158035 -0.0964837 -0.03362989 -0.05349659 -0.08702957 0.03257143 -0.07856643 -0.08364462 -0.04739624 -0.06294846 -0.1130772 -0.0249539 -0.0675764 -0.1042382 -0.0329113 -0.07094317 -0.09785306 -0.03966951 -0.06447631 -0.1097785 -0.03420716 -0.02449649 -0.1279886 0.05416268 -0.0793749 -0.08223474 -0.05758559 -0.0390678 -0.1132756 0.04358422 -0.06874215 -0.1015266 -0.04236179 -0.07825571 -0.08395189 -0.06060189 -0.05760127 -0.08439743 0.02664029 -0.06593066 -0.1054226 -0.04617083 -0.07144999 -0.09455317 -0.05940079 -0.07329863 -0.09291642 -0.05149281 -0.07646083 -0.08605533 -0.06691485 -0.07176297 -0.09186464 -0.07035708 -0.07538723 -0.08544337 -0.08004575 -0.04608923 -0.1067351 0.03625279 -0.0677843 -0.09627836 -0.07248532 -0.03069871 -0.1278912 0.0479511 -0.07126837 -0.08993154 -0.08208131 -0.05082315 -0.1005034 0.03132212 -0.0683543 -0.09092187 -0.09156686 -0.07263767 -0.08503073 -0.100144 -0.041637 -0.1157749 0.03892803 -0.05535149 -0.09405797 0.02632969 -0.06776154 -0.08960807 -0.1008785 -0.06933861 -0.08643651 -0.1119832 -0.06881678 -0.08575826 -0.1223575 -0.0587452 -0.09301716 0.02029448 -0.03688359 -0.127612 0.04028528 -0.06461381 -0.08510273 0.01222765 0.05096173 -0.1342054 0.04146695 0.05045574 -0.1371029 0.0177291 0.04657965 -0.1378991 0.009974956 0.05899244 -0.1359398 0.01958745 0.05202752 -0.1357962 0.02968668 0.04269266 -0.1383888 0.001317083 0.03874677 -0.1299783 0.06526535 0.05018252 -0.133028 0.0483402 0.04511123 -0.1319462 0.05556577 0.05176353 -0.1298729 0.06142401 0.06064838 -0.1297753 0.05717355 0.065122 -0.133494 0.03378468 0.06278932 -0.1319077 0.04566401 0.06020915 -0.1364105 0.008334457 0.08468198 -0.1299894 -0.0296145 0.07720243 -0.1321223 0.02636617 0.07298481 -0.1298198 0.04722136 0.01580673 -0.136349 0.03525006 0.01235842 -0.1372151 0.02717727 0.07223868 -0.1340119 0.01582866 0.02300971 -0.1373657 0.02872931 0.03064018 -0.1382721 0.01873475 0.01168096 -0.1347512 0.04426896 0.004322469 -0.1355992 0.03574341 0.0817995 -0.1298787 0.03558534 0.07229858 -0.1344567 0.005253195 0.06726402 -0.1342358 0.02409535 4.56456e-5 -0.1328641 0.04918473 -0.01138842 -0.13159 0.04839408 0.06181901 -0.1363001 -0.001195371 0.05088365 -0.1376817 -0.001529574 0.0598697 -0.1361773 -0.01406359 0.08314269 -0.132059 0.008451521 0.07037824 -0.1347913 -0.007026255 0.0858649 -0.1300306 0.02655488 0.08999365 -0.1297386 0.01833868 0.08127319 -0.1325364 -0.006306409 0.07050335 -0.1340864 -0.01947009 0.09234958 -0.1298069 0.001717984 0.07782196 -0.1328417 -0.01620739 0.07680147 -0.1323791 -0.02439236 0.09030747 -0.130017 -0.01277107 0.08564579 -0.1305339 -0.02226316 0.03030914 -0.1369204 0.031856 0.009177327 -0.1325364 0.05436462 0.02498012 -0.1353571 0.04281032 0.03773272 -0.1379821 0.01905721 -0.007290959 -0.1303129 0.05692952 0.003558695 -0.1299962 0.06308948 0.0395348 -0.1359584 0.03623467 0.02337932 -0.1320602 0.05872142 0.03517919 -0.1343711 0.04700988 0.03970426 -0.1369601 0.02845835 0.03503018 -0.1387636 0.005737543 0.01698565 -0.1300054 0.06609749 0.03553766 -0.1327189 0.05477964 -0.02995234 -0.128541 -0.03126013 0.07965594 -0.1307108 -0.0329976 0.004240214 -0.1180242 -0.1004546 0.03463715 -0.1196617 -0.08701747 -0.03859508 -0.1109848 -0.08960604 0.02387356 -0.1220275 -0.08517736 0.0157296 -0.1376469 -0.02270179 0.02641171 -0.138606 -0.01305532 0.02381479 -0.1324124 -0.05243819 -0.03814512 -0.1238998 -0.03922832 -0.02661877 -0.1066423 -0.1335277 -0.02684527 -0.1079146 -0.1234288 0.06098365 -0.1309642 -0.04750895 0.05175292 -0.1331905 -0.04194259 -0.02142202 -0.1305381 -0.03549885 -0.01928633 -0.1321067 -0.02899581 -0.0501306 -0.09679192 -0.1564995 0.06737738 -0.13126 -0.04268723 0.001176297 -0.1367575 -0.02060633 0.003851354 -0.11481 -0.1115259 -0.05976229 -0.09449863 -0.1087291 -0.0639612 -0.09059262 -0.1137503 0.01612198 -0.1175308 -0.1006027 0.01129698 -0.117558 -0.1015958 -0.04427409 -0.1216435 -0.03634077 -0.03351473 -0.1117408 -0.09504467 -0.05286163 -0.1010476 -0.09843719 0.05135983 -0.1237524 -0.07135784 -0.04912102 -0.1028133 -0.1007898 -0.04431074 -0.1051421 -0.1021009 0.06111478 -0.1241404 -0.06860154 -0.004175841 -0.1149445 -0.1097911 -0.03080594 -0.1056046 -0.1318175 0.06062978 -0.1332315 -0.03718382 0.07235437 -0.1215723 -0.07337677 0.07225477 -0.1318743 -0.03515869 -0.007701277 -0.112969 -0.1163493 -0.04691314 -0.107332 -0.08732497 0.05369395 -0.1371856 -0.009376108 -0.02782607 -0.114413 -0.09300553 -0.04316365 -0.1002967 -0.1429958 -0.05031317 -0.1169521 -0.04294687 0.01246929 -0.1305715 -0.05969983 0.06155741 -0.1200156 -0.0777834 0.05251693 -0.1205017 -0.07834202 -0.005057036 -0.1353404 -0.0262016 -0.01171797 -0.1113057 -0.1218326 -0.01960945 -0.1095818 -0.1242434 -0.06207692 -0.1074303 -0.04966783 -0.01237642 -0.1267138 -0.06387138 -0.03254657 -0.1257539 -0.04148697 -0.01831394 -0.1224874 -0.07440811 0.03508079 -0.1380267 -0.01795732 0.003639221 -0.1263427 -0.07347512 0.005406975 -0.1303451 -0.05935817 -0.002188444 -0.1288519 -0.06225121 0.007667958 -0.1366837 -0.02704179 2.35631e-4 -0.1356998 -0.02907609 -0.003092527 -0.1247307 -0.07680279 -0.009042143 -0.1257643 -0.07002174 0.04543995 -0.118609 -0.08456307 0.04111438 -0.1196508 -0.08404219 -0.03416913 -0.1037419 -0.1438155 0.02719986 -0.116958 -0.09774613 0.02235937 -0.1375746 -0.02463543 0.03570204 -0.1315886 -0.05318099 0.0101366 -0.1276085 -0.07011938 -0.04485589 -0.09934163 -0.1565001 -0.05283194 -0.09852737 -0.111797 0.04806053 -0.1372471 -0.01735198 0.02190709 -0.1157611 -0.1038558 0.01891648 -0.1290697 -0.06496912 -0.009646594 -0.1335175 -0.03383046 0.0868014 -0.1279411 -0.04002302 -0.02120482 -0.1079025 -0.1338545 -0.02114659 -0.1280689 0.05699652 -0.02329963 -0.129618 0.04761511 0.02757847 -0.1302551 -0.05958223 -0.02884215 -0.1295803 0.04094171 0.06366348 -0.1216078 -0.07414656 0.02896445 -0.1375471 -0.02436172 -0.006956398 -0.1339632 0.03868293 -0.06344419 -0.09956121 -0.07383215 -0.01729333 -0.1324117 0.03832066 0.05755943 -0.130251 -0.05155736 -0.05699342 -0.09484457 -0.1193224 -0.02375853 -0.1284563 -0.04319959 -0.05502581 -0.1049313 -0.07711023 -0.03807204 -0.1077415 -0.1038339 -0.03090184 -0.1303552 0.03132116 -0.04910874 -0.1137197 -0.05852448 -0.04244995 -0.118097 -0.05578941 -0.02265036 -0.1320037 0.03360599 -0.03994542 -0.1014205 -0.1565036 -0.03883045 -0.1284723 0.0271216 0.04885697 -0.1165333 -0.08760333 0.001198232 -0.1128033 -0.119675 -0.0131092 -0.134448 0.02812314 -0.01989114 -0.115558 -0.09758311 0.002370655 -0.1363984 0.02824419 -0.04426789 -0.1271048 0.01680999 0.03119301 -0.1165353 -0.09680712 -0.03156232 -0.1309733 0.02197545 0.012003 -0.1142125 -0.1126178 -0.01833868 -0.134011 0.0229094 -0.01685434 -0.108709 -0.1339336 -0.06287521 -0.08974081 -0.1300683 0.07839161 -0.1295271 -0.04180771 0.03657752 -0.129751 -0.05900526 -0.01146048 -0.1321144 -0.04020237 -0.02241212 -0.1334964 0.01808142 0.06981623 -0.1170973 -0.08323848 -0.002245128 -0.1366334 0.02118682 -0.003442466 -0.1113423 -0.1261147 -0.03300166 -0.1309168 0.01373112 -0.02570164 -0.1061464 -0.1441534 -0.04610848 -0.1022595 -0.1119918 0.01141035 -0.1123319 -0.1201227 0.002379715 -0.1348929 -0.036246 0.0429027 -0.1370148 -0.02354657 0.05213141 -0.129487 -0.05568552 0.01903605 -0.1362808 -0.03378379 -0.0464828 -0.1259794 0.003405511 0.06246143 -0.1164941 -0.0844044 -0.003627955 -0.1334599 -0.04034048 -0.02503842 -0.1266981 -0.04965305 0.02580296 -0.1277555 -0.06801438 0.009289264 -0.1358223 -0.03413212 -0.01136153 -0.109421 -0.1345427 0.0365625 -0.1133447 -0.101723 -0.03516203 -0.1031782 -0.1564899 0.01200199 -0.1381586 0.01650762 0.05302274 -0.1165491 -0.08610618 -0.03543692 -0.1216621 -0.05453073 -0.04040884 -0.1284814 0.007439255 0.04148048 -0.115171 -0.09405404 0.01979947 -0.1381971 0.01973438 -0.02290844 -0.1336584 0.01017308 0.06124305 -0.135507 -0.02012991 -0.05711829 -0.09362411 -0.1305871 0.01885718 -0.1132088 -0.1135279 -0.05073797 -0.1239362 0.001452326 -0.006286144 -0.136563 0.01447898 0.03234374 -0.1368604 -0.02901172 0.03377825 -0.1115441 -0.1087788 -0.01956689 -0.1074568 -0.1445369 0.04723858 -0.1133861 -0.09476667 -0.04975193 -0.09899598 -0.1204698 -0.03395354 -0.1305893 0.003658831 -0.01473742 -0.1301325 -0.04679453 0.06569576 -0.1170949 -0.08313363 0.05451327 -0.135897 -0.02443563 0.03434783 -0.1279908 -0.06498414 -0.01307088 -0.1356617 0.01039379 0.004176557 -0.1379057 0.01082104 -0.05258476 -0.1224938 -0.004697978 -0.06443494 -0.08808279 -0.1419811 -0.005680859 -0.1098741 -0.1349006 -0.03033167 -0.1046955 -0.1565007 0.0283541 -0.1122871 -0.1106091 0.06267291 -0.1133192 -0.08974879 -0.01234537 -0.1163105 -0.1006827 -0.02793616 -0.1114541 -0.1044223 0.07132685 -0.1284086 -0.05253213 0.05610364 -0.111887 -0.09372055 -0.02857422 -0.123632 -0.05767285 -0.02703803 -0.1325287 -4.7964e-4 -0.05812019 -0.1011061 -0.08337372 -0.03714066 -0.1183254 -0.06475991 0.006340384 -0.1112126 -0.1269326 -0.004744172 -0.1370908 0.004769265 -0.05479025 -0.1204502 -0.01185083 0.01336264 -0.1249905 -0.07857173 0.05423742 -0.1268069 -0.06304448 -0.03930509 -0.1052812 -0.1130966 -0.06391698 -0.09510952 -0.08981692 0.04441648 -0.1360002 -0.03020721 0.01126378 -0.1346536 -0.04161477 -0.02435737 -0.1062635 -0.1527975 -0.01785141 -0.1348116 0.001096367 0.02683407 -0.1388227 0.009902656 0.003012776 -0.1335552 -0.04423946 -4.96123e-4 -0.110036 -0.1351684 0.027534 -0.1107162 -0.1164869 0.02040648 -0.1389085 0.006430745 -0.03608238 -0.1293986 -0.005750238 -0.04405564 -0.126055 -0.008438289 -0.03064328 -0.1091517 -0.1104962 0.01242893 -0.1386817 0.003916144 0.05204129 -0.1106103 -0.0977593 -0.006804764 -0.1305899 -0.0522409 -0.04385936 -0.1015368 -0.1237167 -0.01257002 -0.1084794 -0.1452906 0.02663683 -0.1350927 -0.04031425 0.03635191 -0.1353837 -0.03689152 -0.0497387 -0.09781634 -0.1312696 -0.0541082 -0.1187391 -0.02451616 -0.01572525 -0.1274235 -0.05806493 0.06525343 -0.1340451 -0.02813702 -0.004596531 -0.1181374 -0.09828042 0.06161642 -0.1109218 -0.09375661 -0.00824815 -0.136544 -0.001729488 0.02031576 -0.1107496 -0.12197 0.04022186 -0.1258763 -0.06913471 -0.01638901 -0.1078104 -0.1528042 -0.04638808 -0.1242117 -0.01523554 0.01648825 -0.1344058 -0.04382222 0.01925671 -0.1241351 -0.08033889 0.005120277 -0.1099041 -0.1355587 0.01560503 -0.1101015 -0.1284433 0.04418706 -0.1093385 -0.1058023 -0.02194422 -0.1125692 -0.1070027 0.04801577 -0.1082482 -0.1052111 0.005345642 -0.1381904 -0.001585423 -0.03725743 -0.1280461 -0.01574999 -0.0572946 -0.09291255 -0.1425747 -0.002766489 -0.1092432 -0.1446548 -0.03269004 -0.1069223 -0.1182903 -0.0226714 -0.1332255 -0.009851276 0.03567832 -0.1084604 -0.1163941 -0.06823033 -0.08503371 -0.1565001 -0.0277462 -0.1314077 -0.01486253 0.03172034 -0.1248933 -0.07457196 0.0572254 -0.1074371 -0.100901 -0.01352006 -0.1353843 -0.008314788 -0.03927701 -0.1038774 -0.1215624 0.009831011 -0.1095799 -0.1356947 0.05147403 -0.1076549 -0.1039158 0.04051637 -0.1079366 -0.1128965 -0.02192515 -0.1249344 -0.06125175 0.06571644 -0.1091189 -0.09585016 -0.04813313 -0.1222843 -0.02241766 -0.05794382 -0.1156367 -0.02823066 0.06449931 -0.1265894 -0.06130844 0.05318403 -0.1348466 -0.03267967 0.04969239 -0.1257069 -0.06695812 0.004556 -0.1321083 -0.05186229 0.02683484 -0.1084342 -0.1258747 0.01448911 -0.1090775 -0.1357657 -0.02853649 -0.1203115 -0.07067871 0.06250512 -0.1058982 -0.1011899 0.0227437 -0.1088703 -0.1284373 0.002287566 -0.1377747 -0.006874382 0.02814137 -0.1389791 -0.002082467 0.03186345 -0.1069603 -0.1263904 0.04439795 -0.1344814 -0.03874111 -0.06128489 -0.0901578 -0.1565018 0.04709231 -0.1038863 -0.1171811 0.06643396 -0.1044577 -0.1021789 -0.00774908 -0.1087334 -0.1565006 -0.006698548 -0.1362965 -0.01327234 0.007587015 -0.109021 -0.1444576 0.05361342 -0.1031034 -0.1117474 0.01888644 -0.1387799 -0.008307158 0.05571973 -0.104208 -0.1076469 -0.05712389 -0.1126113 -0.04348504 -0.04296505 -0.1009277 -0.1336491 -7.46862e-4 -0.108991 -0.156502 0.04395896 -0.1229148 -0.07539713 0.03618121 -0.1054721 -0.1267879 0.01181852 -0.1385127 -0.007031738 -0.05860239 -0.09713703 -0.09891742 0.02401238 -0.1073281 -0.1362264 0.05969709 -0.1026414 -0.1077282 -0.01879048 -0.1334511 -0.01874727 -0.03845512 -0.1259186 -0.02750748 -0.03008037 -0.1296411 -0.02366828 0.02121865 -0.1075062 -0.1399061 0.05281436 -0.1005123 -0.1190853 0.06393456 -0.1022242 -0.1060982 -0.02533203 -0.1096903 -0.1159555 0.04475373 -0.102317 -0.1257653 -0.04982668 -0.09712249 -0.1429363 -9.39432e-4 -0.1371273 -0.01262271 0.0396406 -0.1384631 -0.007490694 0.03999996 -0.1041038 -0.1266617 0.01569193 -0.1081257 -0.1445684 -0.0176444 -0.1117522 -0.1148839 0.01614934 -0.1327528 -0.05132263 0.008092939 -0.1087602 -0.1516907 0.02900618 -0.1060592 -0.1362977 -0.03644329 -0.1036477 -0.1324682 0.0486232 -0.101029 -0.1239802 -0.0554037 -0.09387093 -0.1565103 0.06098574 -0.09768247 -0.1158131 0.009239494 -0.137917 -0.01569193 0.03402572 -0.104533 -0.1363704 0.03661793 -0.1333307 -0.04627704 -0.01200675 -0.1346149 -0.02196466 0.008713722 -0.108704 -0.1565113 0.06218618 -0.09831476 -0.113498 0.06544899 -0.09665757 -0.1137186 0.05789738 -0.09722983 -0.1207629 0.02184051 -0.1068933 -0.1479669 0.06084078 -0.09604257 -0.1195374 0.01695251 -0.1076515 -0.1562405 0.02859288 -0.1054464 -0.1444084 0.03886377 -0.1027417 -0.1367682 0.06819427 -0.09640175 -0.1123372 0.0430206 -0.1010892 -0.1365219 0.06456506 -0.09433144 -0.1186243 0.03718495 -0.1027407 -0.1441224 0.05725741 -0.09518837 -0.1284101 0.05245161 -0.09794056 -0.1284314 0.06357759 -0.09092819 -0.1291679 0.02906632 -0.1050807 -0.1536221 0.069826 -0.0923509 -0.117092 0.02209466 -0.1067362 -0.1559507 0.05001395 -0.09731817 -0.1399109 0.06101185 -0.092583 -0.1293974 0.07187861 -0.08679544 -0.1242874 0.05521661 -0.09488713 -0.1365557 0.04504263 -0.09951037 -0.1437388 0.06760478 -0.08858865 -0.1273801 0.03678578 -0.1026117 -0.1529866 0.07042104 -0.08639872 -0.1276047 0.07381212 -0.08568072 -0.1238475 0.06710815 -0.08798778 -0.1305143 0.06139296 -0.09091818 -0.1366971 0.0427066 -0.1002866 -0.1527508 0.04804033 -0.09784817 -0.1521759 0.06633806 -0.08729004 -0.1371844 0.05847388 -0.09224373 -0.1432142 0.05315542 -0.09516644 -0.150803 0.06444609 -0.0881561 -0.1425378 0.06959682 -0.08408039 -0.1434446 0.05885344 -0.09175753 -0.150461 0.06748652 -0.08559972 -0.1498512 0.06335043 -0.0886991 -0.1515715 0.07318729 -0.08079069 -0.1497129 0.04455447 -0.06699675 -0.1096554 0.04519003 -0.06800079 -0.1099947 0.05290746 0.05349928 -0.110219 0.04267227 0.05400335 -0.1052122 0.04266881 0.05349928 -0.1052252 -0.07797372 -0.06699472 -0.1011053 -0.0730611 0.05400335 -0.09711939 -0.07306051 0.05349928 -0.09713268 -0.09105056 -0.06081837 -0.1030129 -0.08649975 -0.06795221 -0.1024891 -0.09422194 -0.0551083 -0.1033608 -0.07906985 -0.06800079 -0.1013057 -0.0993753 -0.04387581 -0.1038846 -0.1022555 -0.03587937 -0.1041432 -0.1047457 -0.02672171 -0.1042874 -0.1063272 -0.01874113 -0.1043045 -0.09179711 0.05349928 -0.1001003 -0.09482473 0.05392575 -0.1005749 -0.0987091 0.04535865 -0.1014178 -0.1014626 0.03796917 -0.1020469 -0.1035161 0.03126269 -0.1025527 -0.1052281 0.02424824 -0.1030045 -0.1068288 0.01492816 -0.1035114 -0.1076508 0.005378067 -0.1038963 -0.107771 -0.001704812 -0.1041059 -0.1074939 -0.008431375 -0.1042334 0.0980097 -0.04771971 -0.1460795 0.09424144 -0.05500108 -0.1416998 0.0951783 -0.05314594 -0.1466426 0.09756475 -0.04872161 -0.1428355 0.0866453 -0.06636685 -0.1416462 0.08686232 -0.06684589 -0.1370289 0.08957588 -0.06283473 -0.138567 0.09986865 -0.04373931 -0.1434806 0.08669519 -0.06608557 -0.1480557 0.1008102 -0.04149073 -0.1456222 0.09076076 -0.06047987 -0.1429969 0.09085035 -0.06027889 -0.1474696 0.09267574 -0.05760037 -0.141891 0.07365596 0.08045142 -0.1570047 0.05695724 0.09295463 -0.1570078 0.1049354 0.02960669 -0.1830016 0.08474969 0.06865304 -0.1570044 -0.08690935 0.06685131 -0.1113764 -0.08280932 0.07228702 -0.1110259 -0.09981131 -0.04358273 -0.1190405 -0.1016868 -0.03905272 -0.1251156 -0.07949233 0.0752592 -0.1244131 -0.07490301 0.0802766 -0.1209682 -0.09623742 -0.05116039 -0.1035845 -0.105687 -0.02634751 -0.1317111 -0.09087133 0.06090635 -0.1101744 -0.1074903 -0.01838982 -0.1565026 -0.1037923 -0.03279155 -0.1228606 -0.09188514 0.05943536 -0.09445601 -0.07099461 0.08284699 -0.1405074 -0.1058456 -0.02612954 -0.1565042 -0.1037204 -0.03356069 -0.156504 -0.09174084 -0.05923718 -0.1211518 -0.07475447 0.07949078 -0.1396725 -0.09780126 -0.0482487 -0.1565023 -0.09339672 -0.05619448 -0.156504 -0.08741009 -0.06543302 -0.1286862 -0.1014152 -0.03997415 -0.1565033 -0.02702075 0.1132708 0.05679607 -0.03169989 0.1096391 0.05346715 -0.09772676 0.04840135 -0.1565011 -0.03426086 0.1186147 0.0474475 -0.03030133 0.09364598 0.05946773 -0.08929854 -0.06251865 -0.1565012 -0.03993636 0.1088691 0.04415446 -0.08451873 -0.06898653 -0.1379138 -0.03720086 0.1029803 0.04957062 -0.04200828 0.11598 0.03825968 -0.08641952 0.06662762 -0.1344437 -0.03486126 0.09032201 0.05584883 -0.08448833 -0.06887817 -0.1564995 -0.0473901 0.1080222 0.03356266 -0.08187949 0.0719676 -0.1565043 -0.04953354 0.1134891 0.02679824 -0.03932422 0.08890199 0.05137228 -0.04567646 0.09661096 0.04087626 -0.08991634 0.06175303 -0.1344408 -0.0432614 0.08933448 0.04648959 -0.08278644 0.0710566 -0.138868 -0.05612951 0.1038309 0.01923644 -0.05512619 0.1110662 0.01626181 -0.0541439 0.09400773 0.02855938 -0.0516439 0.08476334 0.03633826 -0.09714126 0.04946649 -0.1202678 -0.05693715 0.095106 0.02274358 -0.05830281 0.1093993 0.009288847 -0.07748162 0.07669937 -0.156503 -0.059601 0.1107023 0.003771662 -0.09973376 0.04387855 -0.1226754 -0.0565679 0.0772137 0.03115642 -0.1020926 0.03787302 -0.1221023 -0.06273776 0.09652882 0.008607625 -0.06311577 0.1075469 -0.005537211 -0.09443575 0.05442738 -0.1565023 -0.05964154 0.07830733 0.02549868 -0.08683133 0.06589406 -0.1565032 -0.06361246 0.08362525 0.01524168 -0.06227761 0.07750594 0.02095538 -0.06402456 0.1094844 -0.01636373 -0.06643897 0.08460259 0.008149504 -0.06803441 0.09002721 -7.21616e-4 -0.06476861 0.1067279 -0.01280283 -0.1040004 0.03219324 -0.1238959 -0.06676149 0.09648323 -0.003778219 -0.09083038 0.06028878 -0.1565037 -0.0686112 0.097956 -0.01412445 -0.1051603 0.0270639 -0.1160337 -0.06819605 0.1027159 -0.03106665 -0.06944316 0.06601357 0.0116766 -0.06923097 0.09443581 -0.01064336 -0.1066806 0.02001953 -0.1166952 -0.07402849 0.08978593 -0.02714312 -0.1055501 0.02693587 -0.1325441 -0.07298803 0.09317541 -0.03231805 -0.07187271 0.07788306 -0.001251876 -0.07208168 0.0859242 -0.009946942 -0.1077316 0.01255494 -0.1160485 -0.1070754 0.01996988 -0.1325116 -0.07509529 0.07546609 -0.00881046 -0.1025977 0.03686511 -0.1565033 -0.1082835 0.005547463 -0.1158707 -0.07582104 0.08061403 -0.01746982 -0.07060873 0.09809219 -0.0419445 -0.1081004 0.01274847 -0.1297578 -0.108392 -0.001673579 -0.1155413 -0.0775929 0.08153331 -0.02810537 -0.06983268 0.09816825 -0.05167955 -0.07580828 0.08851456 -0.04185968 -0.1087448 0.005362033 -0.131511 -0.1051511 0.02886879 -0.1565026 -0.07860779 0.07095772 -0.0162118 -0.1069856 0.02091294 -0.1565009 -0.0808947 0.07231992 -0.02738511 -0.1080785 -0.00853753 -0.1153901 -0.07356739 0.09209817 -0.05283319 -0.108419 0.01167231 -0.1565036 -0.1088896 -0.001257717 -0.132587 -0.07203596 0.09102046 -0.07189977 -0.07691341 0.08649718 -0.05346894 -0.07979494 0.07978254 -0.03944933 -0.07392889 0.08999544 -0.0642203 -0.1073926 -0.01524138 -0.1158279 -0.07848167 0.083727 -0.05030339 -0.1086013 -0.008057236 -0.1325736 -0.08261394 0.07315903 -0.03953415 -0.1068745 -0.01982223 -0.1213322 -0.1088901 0.005369424 -0.1565034 -0.08174675 0.07738173 -0.05039316 -0.1078783 -0.0148217 -0.1320351 -0.07065683 0.08977514 -0.08541208 -0.07744973 0.08370172 -0.07259476 -0.1053761 -0.02619439 -0.116078 -0.08446347 0.07119131 -0.048657 -0.08069115 0.0788567 -0.07356196 -0.07549381 0.08434706 -0.08488333 -0.07334297 0.08493399 -0.09599316 -0.08503973 0.07181715 -0.07240247 -0.1089066 -0.006036758 -0.1565033 -0.07849401 0.07857328 -0.09982705 -0.08583837 0.06978321 -0.08860588 -0.08193963 0.07519149 -0.09179407 -0.07479625 0.08181184 -0.1070678 0.1134733 -0.008735835 -0.1505126 0.1134649 0.008738994 -0.1502187 0.1313723 -0.006541788 -0.1612893 0.131379 0.006542205 -0.1611021 0.1328403 0.006361842 -0.1636689 0.1329671 -4.38459e-4 -0.1636552 0.1328088 -0.006365776 -0.1638146 0.1323112 -8.95647e-4 -0.1620979 0.1324695 0.006407141 -0.1624233 0.1322991 -0.006428718 -0.1623399 0.132829 0.00636363 -0.1663566 0.1329779 7.13358e-4 -0.1665788 0.1328133 -0.006365478 -0.1665184 0.08243662 -0.07131224 -0.1484349 0.06543099 -0.0872237 -0.1565029 0.07183158 -0.08199846 -0.156506 0.07907938 -0.07513165 -0.1564999 0.0776931 -0.07646727 -0.1492239 0.1304855 -0.002609074 -0.1697208 0.1318818 -0.003550767 -0.1687238 0.1326647 -0.004134595 -0.1675204 0.1294643 -0.006777048 -0.1699566 0.1296459 -4.67328e-4 -0.1699606 0.1321309 -0.006450474 -0.1683319 0.1310768 -0.006574928 -0.1693511 0.1327171 0.00447762 -0.1673287 0.1321541 0.006447136 -0.1683509 0.1318984 0.003934919 -0.1686813 0.1306056 0.00234425 -0.1696709 0.1325942 0.002359032 -0.1677512 0.1300591 0.006703317 -0.1698789 0.1293934 0.002166628 -0.1699734 0.1135534 0.008704364 -0.1701022 0.1135534 -0.008704364 -0.1701022 0.1140684 0 -0.1700031 -0.1065545 -0.02323335 -0.1830028 -0.1036198 -0.03395199 -0.183005 -0.1055991 -0.02745509 -0.1565027 0.04122138 0.1009861 -0.1830027 0.02927851 0.1050567 -0.1830031 -0.1082156 -0.0134949 -0.1565032 -0.1087226 -0.009118735 -0.1830028 0.05196261 0.09586542 -0.1830017 -0.1090055 -0.002994 -0.156503 0.06195944 0.08977168 -0.1829959 -0.1089373 0.004399597 -0.1710029 -0.1088607 0.006318747 -0.1565032 -0.1089524 0.004403769 -0.1830028 0.07226473 0.08169716 -0.1830006 -0.1082312 0.01312494 -0.1710029 -0.1079174 0.01552778 -0.1565042 0.08060884 0.07343381 -0.1830037 -0.1068799 0.02160364 -0.1710029 -0.1056363 0.02732396 -0.156502 0.08688801 0.06588155 -0.1830025 0.09283947 0.05719608 -0.1830066 -0.1040514 0.03275465 -0.1710029 0.09851336 0.04680484 -0.1829998 -0.1034746 0.03468495 -0.1710029 -0.1009142 0.04138571 -0.156503 0.1022024 0.03794789 -0.1830028 -0.09668415 0.05049425 -0.1710029 -0.09573352 0.05223292 -0.1565036 0.1076566 0.01763612 -0.1830027 0.1081357 0.01400911 -0.1750089 -0.09668058 0.05060213 -0.1830028 -0.09064418 0.06059563 -0.1565032 0.1088508 0.006092548 -0.1830029 0.1088929 0.005378723 -0.1750019 -0.08962345 0.06210905 -0.1830028 0.1090083 -0.00383234 -0.1830027 0.1089468 -0.005374968 -0.1749998 -0.08510631 0.06818675 -0.1565032 -0.08365684 0.06994348 -0.1830028 0.1080973 -0.01406562 -0.1750029 -0.07803171 0.07616913 -0.1565032 0.1078923 -0.01579302 -0.1830028 -0.07574468 0.07848298 -0.1830028 0.1052189 -0.0288462 -0.1830019 -0.06691336 0.08609449 -0.1830028 0.100858 -0.0414623 -0.1830033 0.09561532 -0.05249428 -0.1829988 -0.06001782 0.0910176 -0.1830028 -0.05138528 0.09619629 -0.1830028 0.08864849 -0.06355094 -0.1830061 0.0805667 -0.07351565 -0.1830005 -0.04247146 0.1004121 -0.1830027 0.07255542 -0.08140248 -0.1830028 -0.03233093 0.1041742 -0.1830036 0.06316083 -0.08892637 -0.1830028 0.05055248 -0.09666585 -0.1830028 -0.01816499 0.1075583 -0.1830026 -0.01399981 0.1081058 -0.169003 -0.01399981 0.1081058 -0.1710029 0.03916704 -0.1017643 -0.1830024 -0.007336795 0.1087869 -0.1690033 0.02842384 -0.105299 -0.1830037 -0.007339 0.1087828 -0.1710028 -0.004151046 0.1089848 -0.1830028 0.01679235 -0.1077337 -0.1830031 -0.001666605 0.1089959 -0.164003 0.01399362 -0.1081236 -0.169003 9.97942e-4 0.1090087 -0.164003 0.01399719 -0.1081287 -0.1710029 -0.00166589 0.1090006 -0.1760029 0.007333219 -0.1087617 -0.169003 0.004333257 0.1089224 -0.1659275 0.006875455 -0.1088231 -0.1830028 0.007333219 -0.1087617 -0.1710029 9.99987e-4 0.109004 -0.1760029 9.99987e-4 0.109004 -0.1670822 0.002999961 0.1089673 -0.1682369 0.001666009 -0.1089999 -0.164003 0.006666541 0.1088046 -0.169003 0.006666541 0.1088046 -0.1710029 -9.99987e-4 -0.109004 -0.164003 0.009333074 0.1086146 -0.169003 0.009333431 0.1086106 -0.1663363 0.001666605 -0.1089959 -0.1760029 0.006093442 0.1088581 -0.1830028 -0.004333257 -0.1089224 -0.1659275 0.01133316 0.1084179 -0.1663363 -9.99494e-4 -0.1090084 -0.1760029 -9.99987e-4 -0.109004 -0.1670822 -0.002999961 -0.1089673 -0.1682369 -0.004953265 -0.1089616 -0.1830029 0.009333312 0.1086106 -0.1736695 0.009332954 0.1086143 -0.1710029 -0.006666541 -0.1088046 -0.169003 -0.006666541 -0.1088046 -0.1710029 0.0113334 0.108424 -0.169003 -0.009332954 -0.1086143 -0.169003 -0.009333193 -0.1086083 -0.1663363 0.01133316 0.1084179 -0.1736695 0.01133328 0.1084247 -0.1710029 -0.01133292 -0.1084203 -0.1663363 0.01399981 0.1081058 -0.169003 0.01399981 0.1081058 -0.1710029 0.01644229 0.107833 -0.1830029 -0.009333431 -0.1086106 -0.1736695 -0.009333074 -0.1086148 -0.1710029 -0.01133328 -0.1084241 -0.169003 -0.01133316 -0.1084179 -0.1736695 -0.0113334 -0.1084241 -0.1710029 -0.01399981 -0.1081058 -0.169003 -0.01657301 -0.1077736 -0.1830025 -0.01399981 -0.1081058 -0.1710029 -0.02794122 -0.1054284 -0.1830033 -0.03905922 -0.1018069 -0.183001 -0.04678732 -0.09847384 -0.1830028 -0.05436807 -0.09452116 -0.183003 -0.0652346 -0.08744221 -0.1830017 -0.07543027 -0.0787968 -0.1565032 -0.07502508 -0.07912743 -0.1830028 -0.08184713 -0.07205259 -0.1830028 -0.08428722 -0.06920725 -0.1565032 -0.0872063 -0.06543153 -0.1830028 -0.09103578 -0.06005012 -0.1565026 -0.0919981 -0.0585277 -0.1830065 -0.09728282 -0.04933351 -0.156503 -0.09686452 -0.05007362 -0.1830022 -0.1004776 -0.04231929 -0.1830026 -0.1017333 -0.03923475 -0.1565032 -0.1098573 0.006326317 -0.1710029 -0.108289 0.01982706 -0.1710029 -0.1049608 0.03304821 -0.1710029 -0.1043015 0.03494101 -0.1710029 -0.1015419 0.04234504 -0.1710029 -0.09822416 0.04951059 -0.1710029 -0.104945 0.03304594 -0.1830028 -0.1079547 0.02149945 -0.1830028 -0.1099002 0.006410002 -0.1830028 -0.09823495 0.0494908 -0.1830027 0.08656901 -0.0248326 -0.1830024 -0.01460367 -0.08883869 -0.1830028 0.07877099 0.0435971 -0.1830024 -0.0256505 0.08633017 -0.1830028 -0.08883869 -0.01460367 -0.1830028 -0.007247149 -0.08971804 -0.1830028 -0.08996742 -0.004087269 -0.1830028 0.04693216 0.07680642 -0.1830026 0.0731396 0.05254948 -0.1830026 -0.01534581 0.08871352 -0.1830028 3.76236e-4 -0.09003019 -0.1830028 0.08883869 -0.01460367 -0.1830027 0.05428689 0.07185947 -0.1830028 0.06651824 0.06067043 -0.1830033 -0.08980405 0.006388783 -0.1830028 0.007776558 -0.08967375 -0.1830028 0.06128972 0.06591975 -0.1830023 0.09006154 -0.002558887 -0.1830028 -0.007776558 0.08967375 -0.1830028 0.01534581 -0.08871352 -0.1830027 -0.08871352 0.01534581 -0.1830028 -0.06398272 -0.06338024 -0.1830028 0.002558887 0.09006154 -0.1830028 -0.104163 0.03279316 -0.1830028 0.02565044 -0.08633017 -0.1830028 -0.08633017 0.0256505 -0.1830028 -0.0571618 -0.06952971 -0.1830028 -0.103545 0.0346952 -0.1830028 -0.1043015 0.03494101 -0.1830028 -0.1015645 0.04234689 -0.1830028 -0.0698657 -0.05675065 -0.1830028 0.08967375 0.007776558 -0.1830028 0.03692829 -0.08214104 -0.1830029 -0.08214104 0.03692829 -0.1830028 -0.05121958 -0.0740447 -0.1830023 -0.07443797 -0.05064153 -0.1830025 0.01460367 0.08883869 -0.1830029 0.04754704 -0.07648611 -0.1830028 -0.0772702 0.04620492 -0.1830028 0.08871352 0.01534581 -0.1830029 -0.04170286 -0.07982838 -0.1830028 -0.07134264 0.0549643 -0.1830028 -0.07833147 -0.04433995 -0.1830024 0.05609154 -0.07042241 -0.1830028 0.06398278 -0.06338018 -0.183003 -0.0824868 -0.03614938 -0.1830026 -0.06338024 0.06398272 -0.1830028 -0.03350305 -0.08354276 -0.1830029 0.06986582 -0.05675047 -0.1830026 -0.05550098 0.07088881 -0.1830028 0.08673191 0.02414864 -0.1830028 0.02483254 0.08656901 -0.183003 0.07443809 -0.05064135 -0.1830033 -0.0471794 0.07670164 -0.1830028 -0.0248326 -0.08656895 -0.1830031 -0.08656901 -0.0248326 -0.1830027 0.07833182 -0.04433929 -0.1830029 0.0833289 0.03416347 -0.1830025 0.08248674 -0.0361495 -0.183003 0.03751504 0.08191615 -0.1830029 -0.03692829 0.08214104 -0.1830027 -0.08996742 0.004087269 -0.1760029 -0.08980405 -0.006388783 -0.1760029 0.09003955 -0.001930832 -0.1760029 0.08949351 0.01008749 -0.1760029 -0.08871352 -0.01534581 -0.1760029 -0.08633017 -0.0256505 -0.1760029 0.08766496 0.02050453 -0.1760029 0.08471715 0.03055894 -0.1760029 -0.08214104 -0.03692829 -0.1760029 -0.0772702 -0.04620492 -0.1760029 0.0811184 0.03900837 -0.1760029 0.07693254 0.04682123 -0.1760029 -0.07134264 -0.0549643 -0.1760029 -0.06338024 -0.06398272 -0.1760029 0.07000559 0.05665737 -0.1760029 -0.0541861 -0.07193833 -0.1760028 0.06285893 0.06445413 -0.1760029 0.0549643 0.07134264 -0.1760029 -0.04524034 -0.07783687 -0.1760027 -0.03490984 -0.08303886 -0.1760035 0.04620492 0.0772702 -0.1760029 0.03692829 0.08214104 -0.1760029 -0.0241487 -0.08673191 -0.1760029 -0.01391482 -0.08897882 -0.1760029 0.0256505 0.08633017 -0.1760029 -0.001930832 -0.09003955 -0.1760029 0.01391482 0.08897882 -0.1760029 0.01008749 -0.08949351 -0.1760029 0.001930832 0.09003955 -0.1760029 0.02050453 -0.08766496 -0.1760029 -0.01008749 0.08949351 -0.1760029 0.03055894 -0.08471715 -0.1760029 -0.02050453 0.08766496 -0.1760029 0.03900837 -0.0811184 -0.1760029 -0.03055894 0.08471715 -0.1760029 0.04682123 -0.07693254 -0.1760029 0.05665737 -0.07000559 -0.1760029 -0.04157781 0.07988822 -0.1760029 0.06445413 -0.06285893 -0.1760029 -0.04969608 0.07505327 -0.1760029 -0.05609154 0.07042241 -0.1760029 0.07134264 -0.0549643 -0.1760029 -0.06398272 0.06338024 -0.1760029 0.0772702 -0.04620492 -0.1760029 -0.07088881 0.05550098 -0.1760029 0.08214104 -0.03692829 -0.1760029 -0.07693254 0.04682123 -0.1760029 0.08633017 -0.0256505 -0.1760029 -0.08248674 0.03614944 -0.1760029 0.08897882 -0.01391482 -0.1760029 -0.08656901 0.02483254 -0.1760029 -0.08883869 0.01460367 -0.1760029 0.01133322 0.1069115 -0.169003 0.01133316 0.1069096 -0.1663363 0.009332537 0.1071065 -0.169003 0.009333252 0.1071069 -0.1663363 0.0066666 0.1073036 -0.1710029 0.006666541 0.1073017 -0.169003 0.009333074 0.1071044 -0.1710029 0.01133376 0.1069136 -0.1710029 0.01399976 0.1065951 -0.169003 0.009333312 0.1071069 -0.1736695 0.01399981 0.1065932 -0.1710029 0.01133316 0.1069096 -0.1736695 0.007334589 -0.1072859 -0.1710029 0.01399981 -0.1065932 -0.1710029 0.01399737 -0.1066413 -0.1690025 0.007333219 -0.1072582 -0.169003 -0.006666541 -0.1073017 -0.1710029 -0.009332537 -0.1071065 -0.1710029 -0.0066666 -0.1073036 -0.169003 -0.009333074 -0.1071046 -0.169003 -0.009333312 -0.1071069 -0.1663363 -0.01133334 -0.1069111 -0.169003 -0.01133316 -0.1069096 -0.1663363 -0.0113334 -0.1069141 -0.1710029 -0.01399976 -0.1065951 -0.169003 -0.009333252 -0.1071069 -0.1736695 -0.01399981 -0.1065932 -0.1710029 -0.01133316 -0.1069096 -0.1736695 -9.99867e-4 -0.1075113 -0.1760029 0.001666605 -0.1074957 -0.1760029 -9.99987e-4 -0.107504 -0.1670822 0.001666486 -0.1075018 -0.164003 -9.99987e-4 -0.107504 -0.164003 -0.004333257 -0.1074212 -0.1659275 -0.002999961 -0.1074666 -0.1682369 -0.007333219 0.1072582 -0.169003 -0.01399737 0.1066412 -0.1690025 -0.01399695 0.1066218 -0.1710031 -0.007333219 0.1072582 -0.1710029 0.004333257 0.1074212 -0.1659275 9.99987e-4 0.107504 -0.164003 9.99987e-4 0.107504 -0.1670822 -0.001666367 0.1075018 -0.164003 0.002999961 0.1074666 -0.1682369 -0.001666605 0.1074957 -0.1760029 9.99746e-4 0.1075113 -0.1760029 0.01803433 0.06049919 -0.06720757 0.02360671 0.06049919 0.06755506 0.09255355 0.06049919 -0.001078188 -0.04189544 0.06049913 -0.009475529 -0.04255414 0.06049919 0.001064538 0.02903228 0.06049913 -0.06745934 -0.04156172 0.06049901 0.01157909 0.03979027 0.06049913 -0.06592887 0.03323662 0.06049919 0.06702297 0.09189444 0.06049913 0.009469151 -0.03961956 0.06049966 0.01954662 -0.02334231 0.06049948 -0.0472685 0.04862886 0.06049925 -0.06327098 -0.03704541 0.06049966 0.02673244 0.05710995 0.06049948 -0.05945664 -0.03329056 0.06049853 0.03405809 0.04363775 0.06049919 0.06497663 -0.01410526 0.06050026 -0.05509626 0.06594973 0.06049954 -0.05373287 -0.030694 0.06049948 -0.03823941 -0.02911555 0.06049883 0.04044443 0.08962887 0.06049865 0.0196737 0.07478505 0.06049853 -0.04574435 -0.02198922 0.06049931 0.04855078 -0.01380723 0.06049841 0.05528759 0.08269411 0.06049895 -0.03520208 -0.007006824 0.06049907 -0.05945211 0.0559321 0.06049931 0.06010782 0.08645367 0.06049793 0.02798604 -0.03575921 0.06049966 -0.02954781 -0.004770815 0.06049948 0.06065261 -0.001093685 0.06049907 -0.06229513 0.08215636 0.06050062 0.03601187 0.08748978 0.06049931 -0.02563697 0.06456094 0.06049841 0.05472666 0.003859519 0.06049919 0.06413543 -0.03960514 0.06049799 -0.0197767 0.09048074 0.06049859 -0.01663082 0.07725679 0.06050086 0.04273772 0.07184034 0.06050008 0.04868334 0.0076406 0.06049913 -0.06529963 0.01279979 0.06049919 0.06644678 0.09187769 0.06049907 -0.009230315 -0.00825262 0.0504983 0.05879884 0.02918076 0.05049932 -0.0674231 -0.01601856 0.05049848 0.05365347 0.03897839 0.05049932 -0.06610524 -0.02208358 0.05049937 0.04840284 -0.02817285 0.05049937 0.0416758 0.05011963 0.05050003 -0.06276696 -0.03275346 0.0504986 0.03496044 0.06047397 0.05049973 -0.05749565 -0.03635704 0.0504989 0.02827727 0.06814873 0.05050075 -0.0519697 -0.0399971 0.05049908 0.01843655 0.07489645 0.05049937 -0.0455408 -0.04207128 0.05049937 0.008123278 0.07986611 0.05049848 -0.03934711 -0.04252064 0.05049932 -0.002378702 0.08410513 0.05050015 -0.03275877 -0.04133492 0.05049926 -0.01282376 0.08845579 0.05049854 -0.02316772 -0.0385428 0.05049943 -0.02296054 0.09123259 0.0504986 -0.0133388 -0.03463166 0.05049866 -0.03172314 0.09249973 0.05049932 -0.002894878 -0.02870237 0.05049884 -0.04106998 0.09213101 0.0504992 0.007612049 -0.02088063 0.05049943 -0.04959261 0.09013819 0.05049842 0.01792901 -0.01282387 0.05050003 -0.05598205 0.08747148 0.05049979 0.02559733 0.08394312 0.05049932 0.03301483 -0.00252676 0.05049878 -0.06174737 0.07899606 0.05049997 0.04054749 0.008460044 0.05049932 -0.06551146 0.07322078 0.05049943 0.04731613 0.01892179 0.05049932 -0.06729525 0.06418114 0.05050015 0.05508595 0.05374652 0.05049967 0.06113809 0.04528319 0.05049896 0.064408 0.03639638 0.05049932 0.06658864 0.02496933 0.05049932 0.06758761 0.01360285 0.05049937 0.06658858 0.002364277 0.05049902 0.0636937 -0.06768107 0.04765409 -0.1017864 0.02261549 -0.04284465 -0.1081011 -0.06778895 -0.04755538 -0.1017791 -0.07234054 -0.04299408 -0.1014608 -0.07388967 -0.02696299 -0.1013526 0.02454376 -0.01797074 -0.1082358 -0.05307871 -0.04894775 -0.1028077 -0.03748852 -0.04982566 -0.1038981 -0.01434761 -0.04991418 -0.1055158 0.02498322 9.24576e-4 -0.1082666 -0.07452207 0.01625967 -0.1013081 -0.07243973 0.04287749 -0.1014539 -0.07480216 -0.005490124 -0.1012887 0.006196856 -0.04872143 -0.1069526 0.01795947 -0.04752647 -0.1077752 0.02449572 0.01888805 -0.1082322 0.02260828 0.04285544 -0.1081001 0.01790899 0.04757267 -0.1077716 -0.02587229 0.05002677 -0.1047099 -0.004558801 0.0495069 -0.1062008 -0.04364925 0.04955446 -0.1034669 0.02934199 0.1295281 0.06057363 -0.02065473 0.1294972 0.04005676 -0.02524149 0.1295043 0.03410995 0.02249217 0.129511 0.06068426 -0.02983659 0.1295309 0.02621054 0.01509207 0.1295367 0.05989718 -0.03372222 0.1295272 0.01568025 -0.03553521 0.1295002 0.005273997 -0.03559583 0.1294947 -0.004475772 -0.03431892 0.1294945 -0.01307648 -0.03245973 0.1295239 -0.01961386 -0.02989363 0.1294998 -0.02606064 -0.02504104 0.1294924 -0.03447014 -0.01953589 0.1294943 -0.04130738 -0.0137403 0.1295137 -0.04678606 -0.006707131 0.1294951 -0.05183672 6.16103e-4 0.1294984 -0.05562353 0.006722986 0.1294952 -0.05791479 0.01430207 0.1295122 -0.05980926 0.02370268 0.1294951 -0.06076461 0.03218245 0.1294989 -0.06030887 0.03868782 0.1294953 -0.05916792 0.0463851 0.1295088 -0.05687743 0.05613553 0.1295041 -0.0522117 0.06489694 0.1294992 -0.04583388 0.07109808 0.1294973 -0.03956127 0.07647162 0.1294974 -0.03231298 0.00474435 0.132947 0.04021656 0.06531053 0.1336138 0.008946478 -0.009250462 0.1311939 0.0413354 0.0705313 0.1328188 0.001747131 0.02713543 0.1369758 0.002720713 0.0254724 0.1367656 0.01106321 0.07437336 0.1309134 -0.02411746 0.07331204 0.1320974 -0.01055359 0.07895743 0.1310999 -0.003047049 0.06269508 0.1341426 -0.002657353 0.0524314 0.1354225 0.006398916 0.06649482 0.1311312 -0.03438395 0.04358869 0.1362454 0.005914807 0.065135 0.1332032 -0.01681369 0.03561645 0.1365895 0.01002907 0.05648171 0.1313506 -0.04259371 0.05442106 0.1351365 -0.008450925 0.05912631 0.1336059 -0.02329075 0.05643546 0.1328259 -0.03293997 0.04492831 0.1309105 -0.05122202 0.04854816 0.1327387 -0.03947818 0.03258514 0.1311092 -0.05344891 0.04831665 0.134479 -0.02677232 0.04717749 0.1359879 -0.004635453 0.03884261 0.1328191 -0.04339361 0.04701483 0.1353906 -0.01786899 0.02121645 0.1318864 -0.05035251 0.0377891 0.1366764 -0.001035332 0.03793442 0.1342044 -0.03522598 0.02893513 0.1328195 -0.04539817 0.008556842 0.1313689 -0.05024534 0.03673368 0.1363524 -0.01415115 0.03723675 0.1353229 -0.0262317 0.01115667 0.1328191 -0.04339361 -0.003557622 0.1310765 -0.04601508 0.0250371 0.1341786 -0.03743636 -0.01447695 0.1311355 -0.03665959 0.02789276 0.1353352 -0.02866262 0.01206493 0.1342044 -0.03522592 0.001451194 0.1327387 -0.03947818 0.02746146 0.1361894 -0.01998788 0.02026426 0.135711 -0.02500903 0.02677631 0.1368458 -0.008847713 0.03177589 0.1368718 -0.004376828 -0.02082169 0.1314803 -0.02537953 -0.007962644 0.1326891 -0.03254848 0.001682817 0.134479 -0.02677237 -0.006988763 0.1340233 -0.0214895 -0.02794498 0.1310774 -0.01132321 -0.01513552 0.1332032 -0.01681369 0.01276254 0.1353229 -0.02623176 -0.02800977 0.1313095 -0.001400828 -0.02000361 0.1327818 -0.008123219 -0.02918714 0.1308833 0.009854376 0.002984285 0.1353906 -0.01786887 0.01691949 0.1364596 -0.01478284 -0.01889336 0.1331384 0.002446889 -0.02000451 0.1323623 0.01660925 -0.01161676 0.1342793 -0.004035294 -0.00442183 0.1351364 -0.008450925 0.00610423 0.1361167 -0.009492576 -0.02129471 0.1311371 0.02750778 -0.01312249 0.131945 0.03259688 -0.01243549 0.1340515 0.008416354 -0.01388525 0.1328225 0.02365511 -0.002431929 0.1354225 0.006398916 -0.004180669 0.1347588 0.01668059 0.01151674 0.1366482 -4.88065e-4 0.01797312 0.1368449 -0.005187034 -0.003765106 0.1328144 0.03536498 0.006970465 0.1313138 0.04992198 4.53005e-5 0.1344656 0.02550774 0.003880023 0.1361096 0.003733694 0.01747387 0.1319441 0.04944992 0.02708512 0.131986 0.04977822 0.01728618 0.1340373 0.03769713 0.01105511 0.1348595 0.02953064 0.02409923 0.1334623 0.04194295 0.01907801 0.1368153 0.007647573 0.01366394 0.1364595 0.01197016 0.01022607 0.1358374 0.01913303 0.02334332 0.1352527 0.029518 0.02358984 0.1360411 0.02198475 0.03657668 0.1317273 0.04980397 0.044986 0.1308849 0.05123537 0.03294909 0.1336826 0.0398404 0.02986943 0.1350777 0.03059083 0.03054386 0.136032 0.02126866 0.0554949 0.1329016 0.03340303 0.0623548 0.1335631 0.01802843 0.03977322 0.1358374 0.01913303 0.05063951 0.1348323 0.0209254 0.02273494 0.1369939 -1.57654e-4 0.05182266 0.1315382 0.04454463 0.04338937 0.1329829 0.04064518 0.06213802 0.1309463 0.04023885 0.04230278 0.1345272 0.03076553 0.06912392 0.131529 0.02780991 0.07684671 0.131206 0.01389288 0.02416831 0.02698218 -0.1062044 0.02262037 0.04299408 -0.1060962 0.02508747 0.005231678 -0.1062686 0.02468508 -0.01912218 -0.1062407 0.02266645 -0.04294347 -0.1060994 -0.06758499 0.04760974 -0.0997886 -0.03814715 0.04987931 -0.1018468 -0.01184451 0.04980963 -0.103686 0.003358542 0.04894775 -0.1047494 0.01806879 0.04755538 -0.105778 -0.07232844 -0.0428555 -0.09945684 -0.07421571 -0.01889127 -0.09932476 -0.07471221 -3.45452e-6 -0.09928989 -0.0742169 0.01887303 -0.09932488 -0.07232981 0.04285216 -0.09945672 0.01798522 -0.04763162 -0.1057719 -0.005872249 -0.04954528 -0.1041042 -0.02334094 -0.05003023 -0.1028828 -0.04515725 -0.0495072 -0.1013566 -0.06762921 -0.04757267 -0.09978538 0.02749854 -0.06949913 -0.06753909 0.02317285 -0.06949895 -0.08707559 0.01756346 -0.06949907 -0.06712216 -0.04249525 -0.06949907 -0.002995491 -0.06203907 -0.06949919 0.001845061 0.02410376 -0.06949913 0.06755512 0.09253257 -0.06949907 -0.00195825 -0.04214668 -0.06949907 0.007469594 0.03807848 -0.06949859 -0.08613514 -0.0611447 -0.06949919 0.01245802 0.09191602 -0.06949907 0.00943005 0.0386427 -0.06949889 -0.06617414 0.03438556 -0.06949907 0.06688654 -0.05901557 -0.06949895 0.02279627 -0.04074412 -0.06949907 0.01533889 0.05143922 -0.0695002 -0.0829513 -0.03900057 -0.06949907 0.02154678 0.0474469 -0.06949806 -0.06369465 -0.05544477 -0.0694977 0.03326225 -0.01924091 -0.06949949 -0.05106431 -0.03305131 -0.06949955 -0.06485641 -0.03950041 -0.06949967 -0.05844193 0.06320339 -0.06949925 -0.07826715 -0.03655493 -0.06949877 0.02772068 -0.0248391 -0.06949913 -0.04554402 0.05724817 -0.06949788 -0.05942809 -0.05218189 -0.06949871 0.04013615 -0.03364801 -0.069498 0.03347563 -0.04807847 -0.0695033 0.04578787 0.04184025 -0.06949901 0.06537777 0.07368147 -0.06950002 -0.07216054 -0.02897262 -0.06949895 -0.04059463 -0.02844941 -0.06949764 0.04133939 0.06698447 -0.06949985 -0.05293357 -0.04254931 -0.06949073 0.05249899 -0.04583716 -0.06949847 -0.05059379 -0.02481669 -0.06949841 -0.07140529 0.08201354 -0.06949472 -0.06579017 0.08978754 -0.06949907 0.01904875 0.0496791 -0.06949907 0.06288707 -0.01195359 -0.06949943 -0.05652302 -0.0360319 -0.06950092 0.05951488 -0.02241766 -0.06949937 0.04806536 0.07457929 -0.06949919 -0.04590076 -0.03268092 -0.06949913 -0.03508561 -0.01682507 -0.06949871 0.05301922 -0.05188107 -0.06950074 -0.04086458 0.08654391 -0.06949889 0.02789598 -0.01726537 -0.06949967 -0.07606345 0.08106714 -0.06949967 -0.03770059 -0.008281886 -0.06949937 0.05882638 -0.00386697 -0.06949937 -0.06109201 -0.03635102 -0.06949919 -0.02830004 0.06007385 -0.06949871 0.05778241 -0.009530782 -0.06950092 -0.07991057 0.08534514 -0.06949895 -0.03029459 0.08195495 -0.06949907 0.03628003 0.001323223 -0.06949943 0.06324142 -0.05629336 -0.06949895 -0.03111284 0.08873194 -0.06949937 -0.02242088 0.07054954 -0.06949919 0.04992026 0.07735741 -0.06949907 0.0426467 0.007303714 -0.06949967 -0.06525743 1.06888e-5 -0.06949925 -0.08337593 0.01159864 -0.06949913 0.06626617 -0.03960013 -0.06949913 -0.01968717 -0.05990135 -0.06949901 -0.01940685 0.09142005 -0.06949889 -0.01236742 0.01027959 -0.06949883 -0.08581596 -0.04144829 -0.06949907 -0.01205426 -0.06164467 -0.06949889 -0.008164405 -0.07777631 -0.07725358 -0.1228847 -0.0823087 -0.0721594 -0.123455 -0.0735535 -0.08183997 -0.1178895 -0.08308655 -0.07300388 -0.04202145 -0.07931321 -0.07499182 -0.1378793 -0.07800328 -0.08256381 -0.03336495 -0.0321725 -0.07510948 0.06201887 -0.07297796 -0.08120179 -0.1379165 -0.08008843 -0.07396078 -0.1565038 -0.08432775 -0.07299673 -0.0578354 -0.07354974 -0.08051532 -0.1565129 -0.05392563 -0.07302772 0.03669828 -0.04905879 -0.08000725 0.04161459 -0.08444774 -0.0730046 -0.0708667 -0.05866545 -0.07300591 0.02920818 -0.06410926 -0.07300466 0.01952213 -0.07954001 -0.08014184 -0.07828176 -0.08320081 -0.07299637 -0.09702664 -0.06061291 -0.08339238 0.02151602 -0.07972157 -0.07805573 -0.09247028 -0.06341701 -0.08264863 0.01623564 -0.07020032 -0.07299995 0.006488978 -0.07644778 -0.08148676 -0.0963189 -0.08263206 -0.07275885 -0.1086831 -0.07342463 -0.07300603 -0.001720607 -0.0781877 -0.07299911 -0.01668059 -0.07367396 -0.08499884 -0.01460659 -0.07778888 -0.07817834 -0.1112682 -0.0779013 -0.07800579 -0.02242678 -0.08166569 -0.07300955 -0.03236198 0.080504 -0.07567852 -0.1323704 0.0811268 -0.07396334 -0.1357986 0.07289195 -0.08263194 -0.1332417 0.07468456 -0.08008205 -0.1379246 0.07813352 -0.07701539 -0.136097 0.0760712 -0.08061569 -0.1305243 0.0840615 -0.06966137 -0.1413915 0.0825473 -0.07131284 -0.1432814 0.07121145 -0.08308142 -0.1387059 0.07795536 -0.07633608 -0.143598 0.07760059 -0.0807932 -0.1273104 0.08406162 -0.07088267 -0.1349487 0.08040791 -0.07299709 -0.06714606 0.07119548 -0.07300418 -0.07378947 0.06075894 -0.07299858 -0.07938891 0.04954653 -0.07299917 -0.08353215 0.03990483 -0.07299929 -0.08574473 0.0311498 -0.07299917 -0.08682221 0.020581 -0.0729987 -0.08695751 0.007725119 -0.07299929 -0.08536416 -0.003614246 -0.072999 -0.08219861 -0.01213276 -0.07299977 -0.07872861 -0.02251332 -0.07299876 -0.07297784 -0.03174674 -0.07299935 -0.06599849 -0.04000407 -0.0729978 -0.05797326 -0.04748535 -0.07299929 -0.04819452 -0.05291116 -0.07299721 -0.03886115 -0.05735224 -0.07299882 -0.02821344 -0.06064003 -0.07299906 -0.01584911 -0.06204128 -0.07299965 -0.002260982 -0.06150192 -0.07299917 0.009820282 -0.05951052 -0.07300215 0.0208866 -0.05638366 -0.07299947 0.03085905 -0.07928359 -0.07299906 -0.09640979 0.04647386 -0.07299906 -0.1052036 0.06939309 -0.05949914 -0.05087935 0.01669913 -0.0594992 0.06709235 0.07545685 -0.05949985 -0.04493415 0.08178544 -0.05949938 -0.03661173 0.006493806 -0.05949914 0.06493705 -0.002176165 -0.05949985 0.06184995 0.08676862 -0.05949926 -0.0273745 -0.009713649 -0.05949968 0.05790954 0.08928298 -0.05949795 -0.02061688 0.09116291 -0.05949914 -0.01367723 -0.01586967 -0.0594992 0.05375742 -0.02368348 -0.05949914 0.04688727 0.09231686 -0.05949926 -0.005237638 0.09243881 -0.0594992 0.004609048 -0.03118985 -0.05949914 0.03751176 0.09065312 -0.0594992 0.01593637 -0.03578311 -0.0594992 0.02942222 0.08784258 -0.0594992 0.02472376 -0.03878849 -0.0594992 0.02216655 0.08466756 -0.0594989 0.03160321 -0.04063755 -0.0594992 0.01578873 0.08017915 -0.0594992 0.03897863 -0.04206055 -0.0594992 0.008206546 0.07434475 -0.0594992 0.04609882 -0.04252403 -0.0594992 -0.002254009 0.06670075 -0.05949926 0.05322074 -0.04156208 -0.0594992 -0.0114091 -0.0394476 -0.0594992 -0.0202797 0.0573796 -0.0594992 0.05926048 0.04888921 -0.05949908 0.06319367 -0.03606575 -0.0594992 -0.02884143 -0.03164988 -0.0594992 -0.03682005 0.03905987 -0.05949932 0.06606239 0.02885633 -0.0594992 0.06745803 -0.02686488 -0.0594992 -0.04322272 -0.02248775 -0.0594992 -0.04802429 -0.01647782 -0.05949831 -0.05329394 -0.008977353 -0.05950027 -0.05840057 3.754e-4 -0.05949914 -0.062922 0.009228169 -0.0594992 -0.06566268 0.01787561 -0.0594992 -0.06719267 0.02726429 -0.05949914 -0.06749707 0.03502911 -0.05949938 -0.06678372 0.04404515 -0.05949914 -0.06483387 0.05280268 -0.0594992 -0.06154334 0.06154829 -0.0594992 -0.05686503 0.01441806 0.1119985 -0.1256957 0.0115751 0.1119985 -0.1268211 0.01325893 0.1119985 -0.1269208 0.01058155 0.1119985 -0.1256957 0.01057082 0.1119985 -0.1244246 0.01149356 0.1119985 -0.1231732 0.01324725 0.1119985 -0.1231158 0.01435422 0.1119985 -0.1241309 -0.01058155 0.1119985 -0.1256957 -0.01342451 0.1119985 -0.1268211 -0.01174068 0.1119985 -0.1269208 -0.01441806 0.1119985 -0.1256957 -0.01426333 0.1119985 -0.1238843 -0.01295632 0.1119985 -0.123042 -0.01175242 0.1119985 -0.1231158 -0.01064538 0.1119985 -0.1241309</float_array>
          <technique_common>
            <accessor source="#link_1-mesh-positions-array" count="2377" stride="3">
              <param name="X" type="float"/>
              <param name="Y" type="float"/>
              <param name="Z" type="float"/>
            </accessor>
          </technique_common>
        </source>
        <source id="link_1-mesh-normals">
          <float_array id="link_1-mesh-normals-array" count="13899">0 1 0 0 1 6.52346e-7 2.66156e-5 1 6.62466e-5 -1.43698e-4 1 2.79265e-5 0 1 3.60463e-6 0 1 -3.92183e-6 1.65623e-5 1 -9.52151e-6 1.11743e-5 1 6.60907e-6 0 1 1.28466e-6 0 1 -3.23237e-6 0 1 2.84278e-6 0 1 2.74338e-6 -7.36412e-6 1 2.49141e-5 0 1 3.56372e-7 0 1 2.34821e-6 1.45476e-5 1 -9.13043e-6 0 1 -4.67215e-6 5.06166e-6 1 -1.19225e-5 0 1 -9.66626e-7 0 1 -3.75402e-6 0 1 9.2047e-6 -4.37364e-5 1 -2.83086e-5 -2.2486e-5 1 1.58838e-5 -0.1396843 -0.02510309 0.9898779 -0.9663176 0.01171392 -0.2570859 0.5026221 0.007866263 -0.8644705 -0.7525788 -0.01417493 -0.6583498 0.7159587 -0.01782733 -0.6979151 0.6762727 3.52632e-4 -0.7366513 -0.7216936 0.003341794 -0.6922047 0.9521215 -0.01070886 0.3055325 0.9912292 0.01318079 0.131495 0.9114227 0.0198608 -0.4109921 0.9813392 -0.02089715 -0.191146 -0.2126897 0.02766048 0.9767282 -0.4676713 0.008773148 -0.8838589 -0.4214627 -0.01724833 -0.9066817 0.7635957 -0.0133894 0.6455559 0.8397408 0.01149868 0.5428659 0.606791 0.01576262 0.7947053 0.5177093 -0.0224511 0.8552621 -0.2591553 0.01489931 -0.9657208 -0.2994831 -0.0241875 0.953795 -0.2139038 -0.01570838 -0.9767285 0.3193675 -0.01188653 0.9475564 0.3948346 0.01876252 0.9185606 0.2038592 -0.01908892 0.9788141 0.259777 0.01525324 0.9655483 -0.4035291 0.02344048 0.9146667 -0.08868974 0.01833236 -0.9958906 -0.4883485 -0.009448647 0.8725975 -0.0533151 -0.01179021 -0.9985082 -0.6646293 -0.002345919 0.7471696 0.07851672 -4.34663e-4 0.9969127 -0.6241061 0.01068013 0.7812667 0.1015596 0.03210252 0.9943115 0.08371573 -0.008330106 -0.996455 0.06021821 0.0127623 -0.9981037 -0.0112192 -0.01517415 0.999822 -0.8083291 0.01397746 0.5885651 -0.9075229 -0.01567077 0.4197104 0.2438029 -0.01494169 -0.9697097 0.2030543 0.009448409 -0.979122 -0.9763261 0.01186233 0.2159786 -0.9940696 -0.01418912 -0.1078169 -0.05406868 0.03548324 0.9979066 0.3221831 0.01247262 -0.9465953 0.4461832 -0.01572561 -0.8948035 -0.1926445 0.954829 -0.2262516 -0.361891 0.9193891 -0.1541385 0.07345098 0.925315 -0.3720178 0.01858639 0.9468972 -0.320999 0.1685069 0.8441587 -0.508922 0.1610432 0.9617624 -0.221536 0.04883873 0.8673118 -0.4953636 -0.3043302 0.9330087 -0.1920368 0.0480073 0.7775425 -0.6269952 0.0723409 0.9682072 -0.2394612 0.3343378 0.9278141 -0.1654666 0.1113719 0.8008245 -0.5884526 0.06469041 0.8449901 -0.530855 -0.353347 0.9294191 -0.1064252 0.6381325 0.7666835 -0.07059437 0.02669948 0.9001645 -0.434731 -0.3715116 0.9185431 -0.1351221 0.0134359 0.9185975 -0.394966 -0.3375564 0.9264972 -0.1663091 0.2466699 0.9539133 -0.1708904 0.02597665 0.9249988 -0.3790811 -0.6177229 0.7863447 -0.008980691 0.3279082 0.9307869 -0.1615926 -0.5720685 0.8201986 -0.003454029 -0.5761799 0.8173227 -6.05731e-4 -0.275515 0.9382935 -0.2090378 0.0614311 0.8826945 -0.465915 0.08668011 0.9679923 -0.2355367 -0.3347445 0.9285545 -0.160414 -0.5939205 0.8039112 -0.03138917 0.553737 0.8317695 -0.03917664 -0.5255512 0.8507617 -8.64648e-4 -0.355057 0.922289 -0.1527012 0.02724421 0.9005126 -0.4339758 0.3891966 0.9099598 -0.1431762 0.03701841 0.9440583 -0.3276945 -0.529532 0.8482805 -0.004030704 0.1742541 0.9590256 -0.2233951 0.108029 0.8013156 -0.5884072 -0.5924979 0.804925 -0.03228491 0.6668332 0.7444142 -0.03436791 -0.4692474 0.8830357 -0.00740844 -0.4702863 0.8824893 -0.0065943 -2.43418e-4 0.8203446 -0.5718696 -0.008779823 0.9381598 -0.3460914 -0.5510944 0.8342171 -0.01942014 -0.05986577 0.7786434 -0.6246044 -0.518745 0.8543239 -0.03216046 0.0272268 0.9518023 -0.3055016 0.02384376 0.969353 -0.2445121 0.03753077 0.8673563 -0.4962708 0.1162671 0.9632522 -0.2421308 -0.6156412 0.7851121 -0.0677126 -0.5657535 0.8229479 -0.05176675 -0.6157302 0.7850496 -0.06762856 0.3896279 0.9096878 -0.1437303 -0.1550513 0.9594401 -0.235444 0.001119017 0.8841478 -0.4672062 -0.503225 0.8638305 -0.02369493 -0.4675226 0.8829239 -0.04322111 -0.6131234 0.7838093 -0.0986045 -0.4993408 0.8644482 -0.05820798 -0.3208523 0.9425012 -0.09351664 -0.5517733 0.8310621 -0.06987059 -0.004009902 0.849632 -0.5273608 0.4473735 0.8848461 -0.1300173 0.2446532 0.9453203 -0.2156721 -0.3523395 0.9350009 -0.04037815 -0.6238237 0.774174 -0.1072322 -0.1343854 0.9629023 -0.234008 0.7410165 0.6709334 -0.02725988 0.7150171 0.699107 -1.03092e-4 -0.3946363 0.9187932 -0.009018778 -0.2411481 0.9482052 -0.2067721 -0.01329451 0.8002646 -0.5994997 -0.3271152 0.9363726 -0.1272872 -0.5088542 0.8583453 -0.06565576 -0.3312759 0.9352568 -0.1247037 0.004241943 0.9434047 -0.3316165 -0.3125913 0.9471675 -0.07183629 -0.03056806 0.9016717 -0.4313394 -0.4572297 0.8885868 -0.03680342 -0.08515626 0.8112407 -0.5784781 -0.5690967 0.8171892 -0.09127324 -0.6104753 0.7808004 -0.1329316 -0.4410995 0.895187 -0.06381034 -0.2906311 0.9395743 -0.180925 -0.2910716 0.9397753 -0.179164 0.001851081 0.9334373 -0.358736 -0.07160925 0.8539081 -0.5154737 -0.4087496 0.9121795 -0.02919799 0.2158107 0.9459437 -0.2421081 0.01128816 0.961633 -0.274107 0.1696094 0.9577542 -0.2322491 0.4864442 0.8680669 -0.0991559 -0.02676701 0.884043 -0.4666386 -0.512487 0.8532415 -0.09662353 0.519992 0.8463953 -0.1149929 -0.0798335 0.8422676 -0.5331153 0.1348643 0.9555608 -0.262136 -0.311832 0.938488 -0.1483283 -0.3147059 0.9491735 -0.005470395 0.4459977 0.8819261 -0.1526188 -0.3844944 0.9215041 -0.0547204 -0.5594101 0.8208214 -0.1153799 0.5953274 0.8012292 -0.06014299 -0.5014927 0.8603972 -0.09067445 0.02006679 0.9239472 -0.3819932 -0.5691329 0.8129088 -0.1235605 0.02706944 0.9717974 -0.2342585 -0.1016719 0.9645277 -0.2436171 -0.03973197 0.9045308 -0.4245534 -0.3177838 0.9433553 -0.09536331 -0.2583122 0.9660591 -0.002164959 -0.06442934 0.8474891 -0.5268883 0.3579342 0.9097228 -0.2104459 -0.2294906 0.9523558 -0.2008799 -0.2877024 0.9561055 -0.05558407 -0.2988104 0.9461032 -0.1249048 -0.3500208 0.9356998 -0.0441724 -0.1311405 0.8347014 -0.5348604 -0.4571427 0.8840027 -0.09777474 -0.3116925 0.9491994 -0.04322433 -0.1869936 0.9823195 -0.00904268 -0.4530472 0.8863526 -0.0955376 -0.1163209 0.8696595 -0.479752 0.2956366 0.9284195 -0.2250252 -0.3074789 0.9427414 -0.1292113 0.5493315 0.8258164 -0.127524 0.70712 0.6975855 -0.1155682 -0.1272367 0.8655235 -0.4844379 -0.5711374 0.8071128 -0.1495693 -0.04645401 0.9685668 -0.2443776 -0.005988001 0.9472597 -0.3204113 -0.2452364 0.9691619 -0.02417421 -0.5161024 0.8467677 -0.1289298 -0.0487371 0.9200636 -0.3887258 -0.5156924 0.8469601 -0.1293061 -0.4023075 0.9105864 -0.09477019 -0.6282446 0.7629985 -0.1521251 -0.2750488 0.9486764 -0.1560816 0.5167129 0.848711 -0.1126837 -0.3147495 0.9483515 -0.03952413 -0.2863152 0.9574988 -0.03492462 0.6406234 0.7663955 -0.04732626 -0.1967793 0.9594917 -0.2016274 -0.4083407 0.9075889 -0.09767484 -0.4686385 0.8736559 -0.1307798 -0.2446738 0.9527226 -0.1801511 -0.1882912 0.9601621 -0.2064836 -0.3341012 0.9376705 -0.09565871 -0.0989772 0.9003205 -0.4238237 -0.2632392 0.9561862 -0.1281139 0.8058599 0.5908882 -0.03796106 -0.09293985 0.8938665 -0.4385943 0.135913 0.9537332 -0.2681807 0.4004675 0.8977321 -0.1835834 -0.2937874 0.948536 -0.1181882 -0.05860155 0.9673374 -0.2466258 0.7750758 0.6318067 0.008818209 -0.6022867 0.7780005 -0.1787903 -0.06093519 0.9247757 -0.375602 -0.4579733 0.8786121 -0.135283 -0.3372046 0.9369706 -0.09153825 0.6682196 0.7423375 -0.04917097 0.5746104 0.8057718 -0.1433691 0.05211716 0.9828791 -0.1767275 0.3527244 0.9129405 -0.2052445 -0.2805649 0.9551236 -0.09498566 -0.2609202 0.9537404 -0.1493321 -0.2854976 0.9543433 -0.08786439 -0.3579659 0.9278334 -0.1048126 0.4394567 0.8765424 -0.1963449 -0.06161504 0.9399705 -0.3356473 -0.2279465 0.9591922 -0.1673045 -0.2629477 0.952778 -0.1518967 -0.2906035 0.9544811 -0.06719648 0.8266221 0.5627559 -0.001362919 -0.2515488 0.9664252 -0.05239921 -0.5593463 0.8124107 -0.1646832 0.2912207 0.9308236 -0.2208121 -0.2683247 0.9616243 -0.05727553 -0.06695973 0.9236317 -0.3773871 0.593447 0.7906615 -0.1505825 -0.5148814 0.8434402 -0.1533164 0.7570422 0.6505257 -0.06085538 -0.4105957 0.9004527 -0.1435131 -0.1288838 0.9658136 -0.2249291 -0.1880658 0.9806075 -0.05513888 0.4796388 0.8563936 -0.1911456 -0.4360359 0.8907548 -0.1281747 -0.230709 0.9723266 -0.03680318 -0.1520663 0.9660786 -0.2087296 -0.1560206 0.9872462 -0.03166204 -0.2294448 0.9599368 -0.1608615 0.8549394 0.5185344 -0.01416814 0.03630399 0.9721781 -0.231413 0.6947284 0.7179831 -0.04304188 -0.009001016 0.96025 -0.2789964 -0.009433805 0.9674096 -0.2530408 0.01391607 0.9655135 -0.2599809 0.007734119 0.9676597 -0.2521406 -0.239789 0.9707149 -0.01462697 0.05292409 0.9783659 -0.1999983 -0.2266377 0.9700918 -0.08693403 0.9107318 0.4086346 -0.05987989 -0.6114369 0.7690615 -0.1862512 -0.02043759 0.95101 -0.308484 -0.2674345 0.9611121 -0.06886553 -0.2397851 0.9654812 -0.101732 0.04088306 0.9784514 -0.2023897 -0.1850382 0.9656028 -0.1826806 -0.4365349 0.8836144 -0.1693018 0.4548051 0.8713585 -0.1840833 -0.2911278 0.9507418 -0.1064653 -0.2895538 0.9509661 -0.1087295 -0.5293965 0.8319633 -0.1660615 0.5460438 0.8244574 -0.1486821 0.6226158 0.7645702 -0.1666798 -0.5730293 0.8002633 -0.1766811 0.1684399 0.9521867 -0.2548894 0.2141981 0.9388094 -0.2697334 0.2630183 0.9280753 -0.2636245 0.09437471 0.9857932 -0.1389439 -0.10288 0.9699 -0.2207027 -0.1010345 0.994438 -0.02975201 -0.2402602 0.9701077 -0.03414762 0.4904212 0.8450229 -0.2131279 -0.5917116 0.7763459 -0.2171742 -0.2027153 0.964577 -0.1688129 0.09662669 0.985597 -0.138788 -0.476127 0.8684979 -0.1378936 -0.2384046 0.97108 0.01292473 -0.3675028 0.9187554 -0.1443271 0.7320407 0.680719 -0.02716839 -0.07884109 0.9959841 -0.04242289 -0.1423553 0.9887791 -0.0452876 -0.2371883 0.9641019 -0.1193707 -0.3700451 0.9180788 -0.1421203 0.749564 0.6600726 -0.04957824 0.09895205 0.9831972 -0.1534013 0.7930057 0.6088432 -0.02126216 0.1253992 0.9861592 -0.1084674 0.1253089 0.986081 -0.1092807 0.6845778 0.7198494 -0.114762 0.07066637 0.9603877 -0.2695583 -0.204551 0.9687326 -0.1404143 -0.168148 0.98184 -0.08784449 -0.1734257 0.9813088 -0.08340662 -0.208807 0.9776488 0.02454531 -0.5505326 0.8100731 -0.2017306 0.3185011 0.9122245 -0.257689 0.3176155 0.9127707 -0.2568469 -0.5042873 0.8416268 -0.1932839 0.136928 0.986468 -0.09017628 -0.1663823 0.969656 -0.179121 0.5771051 0.8037545 -0.1446673 -0.2023465 0.9786854 0.03508245 0.8775085 0.4777424 0.04172599 -0.2269921 0.9736698 -0.0210148 -0.2344329 0.9721288 -0.002634882 -0.4576013 0.8707306 -0.1800813 -0.2999297 0.9415828 -0.15318 -0.06189262 0.969012 -0.2391345 -0.1004988 0.9926936 -0.06677877 0.9479171 0.3169144 -0.03191339 0.1177956 0.9564461 -0.2670862 -0.02372509 0.9990841 -0.03561234 0.2606219 0.92982 -0.259829 -0.4216176 0.8919093 -0.1635136 -0.1195726 0.9892172 -0.08456915 -0.3063745 0.9402887 -0.1482964 -0.129592 0.9730535 -0.1907171 -0.2242383 0.9657122 -0.1308327 -0.5776209 0.7879332 -0.2133436 -0.2373561 0.9615715 -0.1379944 0.3778107 0.890976 -0.2518348 0.3991261 0.8852851 -0.2386813 -0.02703022 0.9991212 -0.03203684 0.7248486 0.6752179 -0.1366578 0.02120238 0.9652643 -0.260414 -0.3735221 0.9101284 -0.1792978 -0.1292958 0.972925 -0.1915712 -0.4713995 0.8620576 -0.1861166 0.4495865 0.8645954 -0.224381 0.1104738 0.9526054 -0.2834403 0.05519992 0.9978737 -0.0346567 0.7659012 0.6344286 -0.1043836 0.6686368 0.7244578 -0.1675882 0.05836695 0.9977647 -0.032543 -0.0281732 0.9962812 -0.08142572 -0.2075171 0.9781419 0.01323682 -0.4131189 0.8906115 -0.1901158 0.8841734 0.4668071 -0.01812797 0.8439831 0.5347716 -0.04137766 0.912948 0.4078963 -0.01210993 -0.3566312 0.9184493 -0.1710703 0.9304865 0.3662763 -0.006039738 0.9361062 0.35128 0.01753711 0.2183052 0.9270043 -0.3049685 0.09836709 0.9943356 -0.04025703 0.8608053 0.4999134 -0.0953986 -0.2745764 0.9446884 -0.1793649 -0.09602785 0.9732629 -0.2086577 -0.03746807 0.9948681 -0.0939874 -0.4112169 0.8916367 -0.1894323 0.7122919 0.6939431 -0.1052773 0.7500333 0.6543668 -0.09619843 -0.167549 0.983093 0.07386076 0.8077847 0.5884585 -0.03465175 0.8251188 0.5609084 -0.06753379 0.5085101 0.8256695 -0.2443106 -0.5569571 0.8015751 -0.217431 -0.3175472 0.9297563 -0.1863257 0.149082 0.9885468 -0.0234484 0.607284 0.7680771 -0.2031349 -0.06991785 0.9760206 -0.2061437 -0.1781765 0.9827677 0.0492016 -0.2284133 0.95821 -0.1722234 0.2525087 0.9231705 -0.2898199 0.1413753 0.9485576 -0.2832871 0.1809955 0.937577 -0.2969679 0.4011127 0.8724945 -0.2790377 0.5751007 0.7931272 -0.2005207 -0.5121564 0.8355674 -0.1988036 -0.5591089 0.7960548 -0.2317196 0.6485181 0.7440558 -0.1606402 -0.1939647 0.9627491 -0.1883929 -0.5153899 0.8302716 -0.2121847 -0.2700566 0.9452272 -0.1833444 0.7703387 0.6061431 -0.1979112 0.843492 0.5356307 -0.04026281 0.03970044 0.9960504 -0.07941991 0.05842334 0.9936142 -0.09652769 0.9076789 0.4183103 -0.03369927 -0.4151833 0.8849383 -0.2109673 0.5553589 0.8017138 -0.2209786 0.8778163 0.4758809 -0.05455285 0.1164937 0.9917607 -0.05329173 0.2533349 0.967364 -0.005345761 -0.1644897 0.9669415 -0.1948524 -0.0442475 0.9735248 -0.2242584 0.3018373 0.9037421 -0.3035532 0.4708398 0.8432807 -0.2592056 -0.3457577 0.9152317 -0.206888 0.06309801 0.960035 -0.2726746 -0.4955517 0.8414266 -0.215476 -0.2959949 0.9341322 -0.199459 -0.1652806 0.9839067 0.06789761 0.1752287 0.9833489 -0.04816609 0.181683 0.981954 -0.05251395 0.4995337 0.8331855 -0.2372089 -0.1530703 0.98211 0.1096791 0.6664944 0.7123298 -0.2199355 0.7251531 0.6643967 -0.1809146 -0.5164913 0.8279936 -0.2183195 -0.5091798 0.8316239 -0.22167 0.2123343 0.9311972 -0.296287 0.123364 0.9884861 -0.08761698 -0.4630934 0.8614315 -0.2085192 0.3385065 0.8921989 -0.2989892 0.4024229 0.8653354 -0.2987484 -0.1612052 0.953087 -0.2561993 0.2094529 0.977679 -0.01653176 -0.1490989 0.986341 0.07000762 0.2714994 0.9090194 -0.3161833 0.09614932 0.9555929 -0.2785637 -0.1280153 0.9858795 0.1079523 0.7760871 0.6102603 -0.1589694 0.1113128 0.9886707 -0.1006963 0.3192937 0.9476342 -0.006417512 -0.1520199 0.9703567 -0.1878773 0.6659624 0.7162946 -0.2083655 0.7083007 0.6833328 -0.177106 0.592141 0.7665256 -0.248611 0.2657294 0.9629871 -0.04521 -0.4192044 0.8833803 -0.2095396 0.8291228 0.5396051 -0.1462257 -0.2252957 0.9515722 -0.2091699 -0.2284575 0.9514209 -0.2064113 -0.01656502 0.9733603 -0.228682 0.2452812 0.9675109 -0.06131809 0.7519318 0.6434577 -0.1433901 0.1756519 0.9788208 -0.1051486 0.818679 0.5660145 -0.09691423 -0.5145247 0.8276004 -0.2243702 -0.1032485 0.9714679 -0.2135179 0.3834249 0.8689803 -0.3128238 0.2396884 0.9150707 -0.324338 -0.4597026 0.8632853 -0.2083556 -0.492795 0.8466308 -0.200922 0.1898406 0.9772232 -0.09484398 0.5297285 0.8019123 -0.2762689 0.3440554 0.8865601 -0.3092525 -0.007956862 0.9739333 -0.226695 0.3192014 0.9471208 -0.03275156 -0.1256762 0.9862695 0.1071348 0.1960599 0.9329839 -0.3018308 0.7559554 0.620604 -0.2082836 0.861309 0.4977214 -0.10208 0.4511969 0.8174954 -0.3579424 -0.1416585 0.9843292 0.1050187 0.4319243 0.8409718 -0.3258959 0.2363044 0.9658708 -0.1060841 -0.3673166 0.9058447 -0.2110069 -0.103446 0.9853804 0.1353681 0.0355302 0.9678105 -0.2491598 -0.4652405 0.862484 -0.1991801 0.298145 0.9526544 -0.05966001 0.7700989 0.6090719 -0.189682 0.3569354 0.8611234 -0.3620274 0.8783097 0.4754023 -0.05064404 0.806468 0.5584875 -0.1941685 0.4511013 0.8359529 -0.312555 0.4327834 0.9014559 -0.008715152 -0.4666507 0.8622561 -0.196855 0.1771985 0.9714837 -0.1575443 -0.1059867 0.9856591 0.131313 0.04469484 0.9662277 -0.2537845 0.6297201 0.727848 -0.2714591 0.5043563 0.8029351 -0.3176792 0.0287773 0.9696992 -0.2426013 -0.3538433 0.910773 -0.2128086 0.2241282 0.9678335 -0.1143024 0.3734333 0.9265903 -0.04447424 -0.4558729 0.8670388 -0.2010564 0.7505881 0.6442543 -0.1468127 -0.09580945 0.9731405 -0.2093276 0.5778166 0.7603768 -0.2965723 -0.4422803 0.8777101 -0.1844269 -0.1033976 0.9853593 0.1355593 -0.2318916 0.9461967 -0.2256949 0.3044163 0.9472342 -0.1003898 0.2707942 0.9098358 -0.314435 0.6701287 0.6883552 -0.2776594 0.4948694 0.8689061 -0.01033049 0.5006867 0.7790667 -0.3773171 0.6937687 0.6475945 -0.3151293 0.2806897 0.8895387 -0.3604638 0.1734105 0.9241042 -0.3405294 0.1216553 0.9447433 -0.3044016 0.1913444 0.9704238 -0.1471899 -0.1520403 0.9636859 -0.2195298 0.159924 0.9366629 -0.3115877 -0.03890055 0.9743466 -0.2216656 0.2908172 0.950188 -0.1121079 0.3704828 0.9278884 -0.04202067 -0.4051022 0.8922136 -0.1996175 0.6965079 0.6739761 -0.2462378 0.0785892 0.9572557 -0.2783616 -0.1579522 0.9617089 -0.2239807 -0.4227254 0.8857604 -0.1916554 0.4531672 0.8218573 -0.3452392 0.3683913 0.8444781 -0.3887733 0.7621322 0.6054849 -0.2292217 0.4413518 0.8970199 -0.02375257 0.633867 0.6703271 -0.3858424 0.3266853 0.879806 -0.3452802 0.5372289 0.8432427 -0.01808416 0.5000411 0.8659838 -0.005576789 0.3542537 0.8389376 -0.4131442 0.135079 0.9321845 -0.3358359 0.2516915 0.956574 -0.1470301 -0.3880982 0.9004457 -0.196411 0.2198383 0.909893 -0.3518041 -0.4326856 0.8859385 -0.1670221 0.316981 0.861549 -0.3965557 -0.335616 0.91791 -0.2116674 -0.4147449 0.891682 -0.1813561 0.5591496 0.7554923 -0.3414427 0.5906081 0.713127 -0.3776665 0.2186748 0.910072 -0.3520659 0.1072801 0.9516332 -0.2878981 0.4629859 0.7988759 -0.3839811 0.3632937 0.9270467 -0.09274834 -0.2903134 0.9319134 -0.2173834 -0.2854469 0.932979 -0.2192494 0.2222313 0.8915855 -0.3945738 0.07368326 0.9612822 -0.2655323 0.3159016 0.863966 -0.392134 0.5812718 0.8136997 0.003993511 0.3742077 0.8139181 -0.4444164 0.05731606 0.9652227 -0.2550691 0.6305416 0.6923013 -0.3509078 0.4946474 0.7731937 -0.3968572 0.4138513 0.907174 -0.07591128 -0.406383 0.8965005 -0.1764647 -0.05265438 0.9724254 -0.2271924 0.4715189 0.7280151 -0.4976586 0.3117734 0.8337248 -0.4557416 0.213607 0.885253 -0.4131577 0.09680867 0.9516832 -0.2914228 0.1053978 0.9345152 -0.3399599 0.309652 0.8464686 -0.4331359 0.06270021 0.9623309 -0.2645527 0.08756172 0.945787 -0.3127621 0.3470339 0.9313353 -0.1103727 0.4692419 0.740456 -0.4811829 0.4052186 0.7862211 -0.4665344 0.556827 0.8294079 -0.04501527 0.1978177 0.9100415 -0.3642701 0.07736003 0.9576103 -0.2774856 0.01525491 0.9728494 -0.2309362 0.2675238 0.8344369 -0.4818153 0.2008571 0.8731365 -0.4441723 -0.407044 0.8989811 -0.1617045 0.6302759 0.7763583 0.004499733 0.3459244 0.8053793 -0.4813528 0.2617779 0.8353333 -0.4834157 -0.2356947 0.945538 -0.2245126 0.1096435 0.918317 -0.380358 0.198182 0.8978946 -0.3930768 0.4539296 0.889448 -0.05320161 0.2161892 0.959132 -0.1825602 -0.08172512 0.9699085 -0.2293434 0.3568165 0.7677807 -0.5321606 0.09549093 0.9329791 -0.3470329 0.2141038 0.8551273 -0.4721406 0.09048116 0.9113813 -0.401494 0.3448393 0.8055446 -0.4818547 0.2861312 0.7596604 -0.5839906 0.1093895 0.9286458 -0.354473 0.2075566 0.8523561 -0.48001 -0.3886036 0.9049666 -0.1732708 0.1936216 0.8850165 -0.423387 0.09410405 0.9446373 -0.3143323 0.1692043 0.8301752 -0.5312054 0.2757766 0.7883963 -0.5498896 0.2005175 0.7878537 -0.5823053 0.1956514 0.8683352 -0.4557572 0.09930986 0.896438 -0.4318988 0.06119048 0.9553782 -0.2889779 -0.3654121 0.9127151 -0.1828258 -0.3656615 0.9124932 -0.1834338 0.4206218 0.9032015 -0.08546584 0.5962534 0.8012531 -0.04975277 0.05413025 0.9366354 -0.3460981 0.4873606 0.8716021 -0.05281692 0.5090751 0.8581876 -0.06600558 0.1298506 0.9655538 -0.225488 0.1589588 0.8742274 -0.4587576 0.07136881 0.9098585 -0.4087349 -0.3716437 0.9186822 -0.1338061 0.1030975 0.9005808 -0.4222855 0.07403236 0.951892 -0.2973565 0.2410023 0.8218338 -0.5162435 0.01518177 0.972843 -0.2309679 -0.3171554 0.9279645 -0.1956893 0.07010155 0.9258762 -0.3712671 0.2663364 0.9469072 -0.1800879 0.6782084 0.7347757 0.01175212 0.1822577 0.7725952 -0.6081767 0.1998903 0.7994568 -0.5664916 0.1194288 0.8088148 -0.5758086 -0.3788599 0.9141185 -0.144405 0.0771864 0.876742 -0.4747272 0.1420187 0.8481966 -0.5102874 0.01606565 0.985233 0.1704636 0.01538199 0.9851384 0.1710728 0.0202046 0.986191 0.1643753 0.03599429 0.9857671 0.1642187 0.06477642 0.9837056 0.1677122 0.08154255 0.9811482 0.1752116 0.04982715 0.9866852 0.1548214 0.07022333 0.9848776 0.1583818 0.08952087 0.9852086 0.1461166 0.09429264 0.985416 0.1416482 0.08754003 0.98443 0.1524285 0.1066828 0.9855074 0.1318863 0.1140964 0.9852842 0.1272678 0.1221356 0.9843584 0.1269701 0.1283048 0.9848752 0.1164429 0.1007913 0.9921948 0.0734201 0.1418382 0.9851177 0.09708285 0.1351182 0.9861268 0.09642195 0.1451995 0.980873 0.1296351 0.1458052 0.9860007 0.08089154 0.09594333 0.9946689 0.03779965 0.1608007 0.9849348 0.06361413 0.1611081 0.9848341 0.06438893 0.1647632 0.9856042 0.03791362 0.1693789 0.9850244 0.03221434 0.1706315 0.9851601 0.01855832 0.1707482 0.9853146 -4.34384e-4 0.1798033 0.9831294 0.03357821 0.1708022 0.9852299 -0.01219594 0.1757668 0.9842656 -0.01809412 0.1692961 0.9847894 -0.03910011 0.1597443 0.9859725 -0.04837352 0.17194 0.9842149 -0.04192453 0.1590487 0.9855968 -0.05746877 0.1563661 0.9846048 -0.07812172 0.1298593 0.9893797 -0.06530368 -0.09397256 0.9847909 0.1461373 -0.09339684 0.9848204 0.1463079 -0.08103102 0.9842364 0.1572028 -0.07228028 0.9841117 0.1621721 -0.06697142 0.985045 0.1587492 -0.05105781 0.9856789 0.1607174 -0.06042218 0.9835646 0.1701468 -0.03780126 0.9858714 0.1631834 -0.03326016 0.9823178 0.1842428 -0.03334909 0.9852293 0.167962 -0.01043623 0.9850975 0.1716799 -0.01254487 0.985352 0.170071 0.006718218 0.9851344 0.1716544 -0.2440236 0.1954318 0.9498732 0.9803047 0.1242033 -0.153546 0.9431904 0.2214506 0.2476923 0.9705323 0.139749 -0.1963092 0.6748916 0.1335968 0.7257226 0.936836 0.160113 -0.3109697 0.8782861 0.1869319 -0.4400795 0.8783345 0.1868883 -0.4400017 0.07506221 0.2359059 0.9688726 0.8042773 0.1597649 0.5723752 -0.06563133 0.209341 0.9756377 0.4266058 0.1995313 0.8821535 0.9214327 0.1701024 -0.3493236 0.8861048 0.1956207 0.4201795 0.9658751 0.2439765 0.08695375 0.9604351 0.1355576 -0.2432869 0.9583628 0.1378498 -0.2500765 0.7170509 0.2450401 0.6525285 -0.5342808 0.1501491 0.8318649 0.9121595 0.1597813 -0.3774057 -0.353343 0.1644295 0.9209298 -0.3535925 0.1643189 0.9208537 -0.2178148 0.1861796 0.9580678 -0.5073619 0.1049121 0.8553231 0.2605528 0.1596896 0.9521615 -0.4629932 0.1411874 0.875045 -0.4677194 0.1400894 0.8727047 0.586765 0.212017 0.7815087 0.9400568 0.1378372 -0.3119202 0.940635 0.13725 -0.3104324 0.8782521 0.168294 -0.4476053 0.8826952 0.1630813 -0.4407423 0.8261954 0.1666476 0.5381726 0.1490513 0.246394 0.9576396 0.1173744 0.1338415 0.9840273 0.915123 0.1379721 -0.3788321 0.9162247 0.1370025 -0.3765138 -0.01476252 0.2250927 0.9742256 0.7295117 0.2357166 0.6420673 0.7242714 0.1387258 0.6754155 0.7243102 0.1387544 0.6753681 0.8823802 0.1402302 -0.4491555 0.887141 0.1367483 -0.440773 0.9570972 0.2112438 0.1983454 0.1559789 0.2426996 0.9574798 0.6420211 0.219484 0.7345991 0.84064 0.1597158 0.5175089 0.9171307 0.1910849 0.3497969 0.9144526 0.187108 0.3588413 0.1557541 0.1439704 0.9772478 0.9613362 0.2205702 0.1648684 -0.1485732 0.1926575 0.9699531 -0.151444 0.1911495 0.9698076 0.3260809 0.1687694 0.930155 -0.2879658 0.1609635 0.9440162 -0.2821717 0.1643775 0.9451768 0.6392803 0.2214556 0.7363954 0.4922697 0.1820845 0.851185 -0.4226472 0.1370025 0.8958793 -0.4123493 0.1398357 0.9002299 0.7835111 0.2456759 0.5707485 0.8752558 0.1691327 0.4531241 0.1871681 0.1338829 0.9731616 0.04743498 0.2083231 0.9769092 0.7645545 0.1369316 0.6298462 0.7751566 0.1297357 0.618305 0.356199 0.1588135 0.9208152 0.9723352 0.2334369 -0.008466362 0.3986409 0.1672555 0.9017267 0.07556182 0.2205136 0.9724527 0.9688555 0.2128605 0.1265286 0.5246758 0.1959108 0.828453 0.9406234 0.1921162 0.2798556 0.9393209 0.1897429 0.2857866 0.8782389 0.1659341 0.4485114 0.7895813 0.241319 0.5642043 0.9712249 0.2211782 0.08833205 -0.06569713 0.194675 0.9786652 0.807231 0.136648 0.5741998 0.9646959 0.2569254 -0.05788958 -0.07792818 0.1897236 0.9787401 0.2664354 0.2472271 0.9316067 0.2498953 0.2376925 0.9386451 0.7016842 0.2075781 0.6815795 -0.3549463 0.1390141 0.9244936 -0.3643772 0.1358177 0.9212942 0.5596921 0.1865046 0.8074409 -0.2184897 0.1693426 0.9610335 0.424232 0.1585019 0.8915742 0.2604888 0.1371247 0.9556896 0.2642979 0.1395378 0.9542935 0.908232 0.159175 0.3870117 0.155793 0.2141185 0.9643039 0.957996 0.1865947 0.2177757 0.9757101 0.211706 0.05630737 0.5887626 0.1939427 0.7846942 0.7310371 0.227547 0.6432785 -0.1837396 0.1567988 0.9703886 0.9605901 0.1942948 0.1987866 0.8321897 0.2381394 0.5007495 0.8489708 0.1391485 0.5097903 0.8338691 0.2399698 0.4970684 0.1544432 0.2149312 0.9643402 0.917828 0.1699503 0.3587601 0.9663102 0.2337312 -0.1077712 -0.004058599 0.1833229 0.9830444 0.9753596 0.2204396 -0.008959352 0.6172786 0.186477 0.7643255 -0.2971483 0.1362565 0.9450594 -0.2830641 0.1412433 0.9486438 -0.1481958 0.1699179 0.9742515 0.9336494 0.1608392 0.3200464 0.3450472 0.2338607 0.9089839 0.4931753 0.1682659 0.8535015 0.8324364 0.123791 0.5401163 0.9424256 0.1688349 0.2886675 0.9758993 0.2177371 -0.0145297 0.8809137 0.1375854 0.452837 0.8792351 0.1358018 0.4566219 0.6434259 0.1944725 0.7403943 0.9729353 0.1882545 0.134005 0.9732974 0.1910731 0.1272143 -0.5482525 0.2343004 0.8028216 0.04753249 0.1988918 0.9788681 0.5072751 0.1599985 0.8468014 -0.5265207 0.2469206 0.8135148 0.7756791 0.2078461 0.5959212 0.3929181 0.2515107 0.88451 0.8752296 0.244587 0.4173135 0.9540262 0.2358733 -0.1849269 -0.08026474 0.1629092 0.9833709 0.350072 0.1386917 0.9263986 0.7932161 0.2206594 0.5675541 0.2517747 0.2179918 0.9429153 0.9545444 0.1605913 0.2511087 -0.5506413 0.2176206 0.8058756 0.6750711 0.1851721 0.7141361 -0.4431721 0.2410776 0.8634119 0.07836377 0.1866807 0.9792903 -0.5548761 0.2214025 0.8019312 0.4154457 0.2404325 0.8772669 -0.07746148 0.1612427 0.9838702 -0.440447 0.2387563 0.865449 0.8782917 0.2412899 0.4127747 0.25166 0.2180595 0.9429302 0.9111388 0.1408855 0.3872691 0.9427916 0.2520652 -0.2181908 0.9728606 0.2125922 -0.09136164 0.9613672 0.1683645 0.2177765 0.9693833 0.2204263 -0.1082047 0.980412 0.1895707 0.05343449 0.9805451 0.1879565 0.05660134 -0.2235041 0.132148 0.9657034 0.7030329 0.1984171 0.6829168 0.9697383 0.1588959 0.1853643 -0.4927887 0.209746 0.8444917 0.9212625 0.1326677 0.3656158 0.5626259 0.1696016 0.8091276 -0.6088815 0.1535683 0.7782546 0.4332133 0.1406562 0.8902484 0.8372372 0.2136464 0.5033779 -0.3397367 0.2395778 0.9094952 0.9367814 0.1410777 0.3202152 0.3813788 0.119588 0.9166509 -0.1836059 0.1460141 0.9720951 -0.3237005 0.2501026 0.9125058 -0.4420803 0.2238487 0.8685948 0.9346055 0.2359645 -0.2661455 -0.5590736 0.1907811 0.8068702 -0.5614265 0.1894729 0.8055435 0.1551228 0.1918146 0.9690945 0.5897485 0.1593783 0.791704 0.1563587 0.1925871 0.9687426 0.3307266 0.2125923 0.9194697 0.6180629 0.1685736 0.767842 0.9808469 0.1942307 -0.01462024 -0.01619899 0.1617932 0.9866918 -0.003830015 0.1669532 0.9859575 -0.4222169 0.2131064 0.8810895 0.8352012 0.2156189 0.5059125 0.9469711 0.134432 0.2918459 0.9587869 0.215307 -0.1853935 0.3461147 0.2203936 0.9119383 0.9772483 0.1645996 0.1337639 0.9774192 0.1669164 0.1295787 0.4914785 0.2382218 0.8376749 -0.5646637 0.1740651 0.8067567 0.5180457 0.252952 0.8170948 0.9581916 0.211273 -0.1929576 0.7396778 0.1830082 0.6475992 0.9818391 0.1850915 -0.04163271 0.4747967 0.1334602 0.8699176 0.9148962 0.2442376 -0.3214236 0.9570544 0.1404975 0.2535889 -0.493182 0.1892468 0.849092 -0.4949939 0.188219 0.8482657 0.9153974 0.2393582 0.3236593 0.9183111 0.2458151 0.3102895 0.9846047 0.1657522 0.05549782 -0.3412626 0.2226433 0.9132195 0.9655712 0.1337388 0.2231284 0.9764397 0.1953856 -0.0915966 -0.5229898 0.1599047 0.8372051 0.9087061 0.2371663 -0.3435192 0.05730623 0.1600988 0.9854361 -0.1279814 0.1321572 0.982932 0.9844958 0.1661632 0.05619639 0.5084246 0.1433119 0.8490972 -0.2216639 0.2334015 0.9467782 0.6545952 0.1585444 0.7391676 -0.1896188 0.2498334 0.949541 0.9708759 0.1401101 0.1943427 -0.494034 0.1732001 0.8520165 0.7806676 0.1975511 0.5929011 0.7779577 0.1945011 0.5974539 0.97498 0.1843615 -0.1241971 -0.3251168 0.212536 0.9214811 0.9374827 0.2230534 -0.2671579 0.4187349 0.2153196 0.8822124 0.8830502 0.2171957 0.4159909 0.5591733 0.2347629 0.7951173 -0.4239254 0.1948458 0.8844898 0.8810853 0.2485002 -0.4024135 -0.08877307 0.1400085 0.9861629 0.5405018 0.1321102 0.8309061 0.07945466 0.1698338 0.9822645 0.6778641 0.1704925 0.7151452 0.4254041 0.211602 0.8799182 0.9870727 0.1588768 -0.02111142 0.2529552 0.1908558 0.948466 0.2493376 0.1888986 0.9498148 0.9398818 0.2359783 0.2468531 0.8817673 0.2186286 0.4179571 -0.4137105 0.188703 0.8906374 0.9300298 0.2108389 -0.3009845 -0.1158363 0.2334592 0.9654422 0.9609514 0.1976732 -0.1936438 0.9846943 0.1690543 -0.04240125 0.9124569 0.2213032 -0.3441619 0.9850816 0.134019 0.1079506 -0.2432122 0.2131983 0.9462528 -0.2224771 0.2242816 0.9487897 0.8228505 0.1852526 0.5372138 0.8723007 0.2359716 -0.4282628 0.9591391 0.189052 -0.2105033 0.1563211 0.1626052 0.9742296 -0.07035136 0.2500042 0.9656856 0.9463675 0.2490692 0.2057987 0.9883321 0.1410346 0.05752301 -0.3520492 0.1862851 0.9172564 0.9843036 0.1240186 0.1255618 0.7209672 0.1585643 0.6745842 0.4928635 0.2228228 0.8410919 -0.628131 0.09636133 0.7721179 -0.4574981 0.1613704 0.8744456 0.9799851 0.1612665 -0.1167151 0.9785013 0.1642698 -0.1247026 0.5911776 0.1429306 0.7937759 -0.001693367 0.1392487 0.9902561 0.990727 0.1331332 0.02712208 0.7410345 0.1697065 0.6496675 0.1561318 0.1627335 0.9742386 -0.04429376 0.1238104 0.9913169 0.3319579 0.1935987 0.9232137 0.3231518 0.1895401 0.9271718 0.9022903 0.2116123 -0.3756229 0.838182 0.1987186 0.5078996 0.9129681 0.2126723 0.3482236 0.6356261 0.2411417 0.733369 0.9430139 0.186196 -0.2757824 0.6375089 0.2434586 0.7309653 -0.3261023 0.1960971 0.9247721 0.989327 0.1442683 -0.02046489 0.9196581 0.2212621 0.3244566 0.6167781 0.1330027 0.7758191 0.8778151 0.2193143 -0.4258428 0.9330092 0.1959075 -0.3018512 0.9577227 0.2362116 0.1642299 -0.01449966 0.2342351 0.9720718 0.9696902 0.1593241 -0.1852479 -0.1507039 0.2106686 0.9658712 0.872595 0.2122014 -0.4399417 -0.1155931 0.2229319 0.9679564 0.9888554 0.1314632 -0.069875 0.9627261 0.1683283 -0.2117171 -0.2866551 0.186486 0.9397084 0.5230841 0.2108355 0.8257914 0.9191945 0.1848383 -0.3477303 0.03781539 0.2482356 0.9679614 0.7717424 0.1607964 0.6152708 0.05894953 0.1399397 0.9884037 0.04767328 0.1360228 0.9895581 0.5603654 0.2212867 0.7981371 0.6556932 0.1417021 0.7416111 0.9548779 0.1619331 -0.24897 -0.415801 0.1645085 0.8944532 -0.4104981 0.1673268 0.8963778 0.9841595 0.1397109 -0.1091374 0.9465363 0.1679427 -0.275435 0.7853128 0.1645066 0.5968429 0.9055063 0.1952274 -0.3767555 0.3979563 0.1843642 0.8986883 0.9366908 0.2123516 0.2784193 0.8736506 0.1822492 0.4511319 0.9646873 0.2468844 0.09179627 0.249546 0.165993 0.95403 -6.44261e-5 -1 3.15784e-5 1.77255e-6 -1 2.66252e-6 1.05887e-6 -1 7.36473e-6 8.1526e-7 -1 -7.51775e-6 8.22635e-6 -1 4.38869e-6 -1.66217e-6 -1 -1.47792e-6 -2.78854e-5 -1 2.73935e-5 -2.31474e-6 -1 -2.71593e-6 9.32855e-7 -1 0 2.75142e-6 -1 3.20163e-6 4.60503e-6 -1 1.40817e-6 -5.44272e-7 -1 -6.65733e-7 -1.56263e-5 -1 -5.26476e-5 3.65609e-5 -1 2.76955e-5 8.90173e-6 -1 1.70256e-6 1.36797e-6 -1 0 7.53857e-7 1 -2.68493e-6 3.2976e-4 1 3.53957e-5 1.52604e-4 1 3.44389e-6 1.48349e-4 1 2.47135e-5 1.41911e-4 1 -4.03599e-6 6.17975e-5 1 -9.66463e-5 -5.81246e-4 0.9999998 -4.54902e-4 -7.73469e-5 1 1.53694e-4 9.29633e-6 1 -1.30226e-5 -2.49629e-4 1 3.38031e-4 1.55428e-5 1 -1.54116e-5 3.04737e-4 0.9999998 7.37138e-4 -4.9464e-6 1 -5.87465e-6 1.52299e-5 1 -1.71571e-5 1.36083e-5 1 -1.63662e-5 -2.31045e-6 1 -2.39922e-5 -1.77969e-5 1 -2.26881e-5 -0.2366485 0.04718726 0.9704489 -0.4085016 0.05832862 0.910892 -0.4345309 0.04634791 0.8994636 -0.61521 0.05675131 0.786318 -0.6269959 0.05208736 0.7772793 0.3830322 0.05912995 0.9218407 0.3789632 0.06168949 0.9233533 0.09381431 0.06314235 0.9935855 0.1346248 0.04601001 0.9898279 -0.07552689 0.04198074 0.9962597 -0.1778754 0.06362336 0.9819942 -0.9882696 0.06206595 -0.1395386 -0.9757958 0.04148077 -0.2147141 -0.934403 0.06312835 -0.3505795 -0.9279061 0.05609697 -0.3685694 -0.7922698 0.06084495 0.6071298 -0.879289 0.05661416 0.4729122 -0.842929 0.03291773 0.5370169 -0.958719 0.05371958 0.2792349 -0.9613252 0.04948943 0.2709331 -0.9981297 0.04920768 0.03627336 -0.9981068 0.0484144 0.03793364 -0.6438494 0.1505588 0.7501934 -0.7277391 0.1236389 0.6746179 -0.7307416 0.115248 0.6728557 -0.7765954 0.1393953 0.6143847 -0.8040288 0.1417276 0.5774522 -0.7842966 0.1256729 0.6075238 -0.8906766 -0.01309281 0.4544492 -0.9344581 0.02797853 0.3549725 -0.9283939 -0.003374695 0.3715826 -0.9640091 -0.02547329 0.2646462 -0.9739754 0.03187459 0.2244009 -0.9898862 -0.03274828 0.1380318 -0.99522 0.0332356 0.09183001 -0.9994377 -0.03340792 0.002886176 -0.998503 0.03312528 -0.04352778 -0.9905868 -0.03311616 -0.1328197 -0.9834439 0.03298646 -0.1781855 -0.965044 -0.02898317 -0.2604807 -0.9500799 0.03167891 -0.3103945 -0.9302343 -0.03039163 -0.3657056 -0.8940756 0.03865683 -0.446245 -0.8783732 -0.02194714 -0.4774715 -0.8211428 0.001228988 -0.5707217 -0.8131061 0.02646559 -0.5815135 -0.7522004 -0.02301657 -0.6585324 -0.7295839 0.02417397 -0.683464 -0.6496167 0.01393979 -0.7601341 -0.66869 -0.01973283 -0.7432794 -0.5664319 0.01371169 -0.8239946 -0.5835467 -0.01481652 -0.8119445 -0.4742019 0.01715195 -0.8802492 -0.4918826 -0.01341915 -0.8705582 -0.3605488 0.02171123 -0.9324877 -0.384635 -0.01883184 -0.9228767 -0.2715825 -0.02528738 -0.962083 -0.2347951 0.03129768 -0.9715409 -0.1425311 -0.03130817 -0.9892951 -0.1015593 0.03118681 -0.9943405 -0.006872653 -0.03120708 -0.9994894 0.03398567 0.03096067 -0.9989427 0.1355056 -0.03542846 -0.990143 0.1752563 0.0384708 -0.9837709 0.2842702 -0.0333212 -0.958165 0.336209 0.04759496 -0.9405841 0.3888204 -0.02531176 -0.9209659 0.4855253 0.009474277 -0.8741713 0.486383 0.01168841 -0.8736676 0.5938282 -0.01369798 -0.8044753 0.5949906 -0.010845 -0.8036595 0.6586125 0.01979756 -0.7522218 0.6874518 -0.01471072 -0.726081 0.006403267 -0.9999776 -0.001960635 0.001281559 -0.999998 -0.00153017 8.29865e-5 -1 3.28226e-4 -0.002134084 -0.9999977 -2.09092e-4 -1.89583e-4 -0.9999988 0.001579344 -0.002257227 -0.9999975 1.8989e-4 -7.65729e-5 -1 -8.76163e-5 -1.42268e-4 -1 -1.52546e-4 -3.07995e-5 -1 7.66724e-5 -7.98773e-5 -1 -1.24838e-6 -1.23726e-5 -1 -1.60513e-5 4.11535e-6 -1 4.57038e-5 1.8247e-5 -1 7.53305e-6 9.5725e-6 -1 -2.11657e-4 -7.95425e-5 -1 8.42186e-6 -1.27931e-4 -1 7.39231e-5 -4.42046e-5 -1 1.78965e-4 9.40246e-5 -1 -5.8057e-5 -1.96894e-4 -1 2.56749e-4 8.01614e-5 -1 -2.47006e-4 7.31759e-5 -1 -2.28092e-4 -4.0159e-5 -1 3.82251e-4 -1.0121e-5 -1 6.14291e-6 -7.38325e-6 -1 -2.80282e-4 2.23618e-5 -1 7.52613e-5 7.81114e-6 -1 4.63364e-5 1.64056e-4 -0.9999998 -8.1564e-4 5.66683e-4 -0.9999997 -6.41052e-4 -5.02454e-4 -0.9999975 0.002200543 -2.27262e-4 -1 2.97816e-4 -0.001323878 -0.9999992 -7.94139e-6 -3.00541e-4 -1 -4.23535e-4 -2.10412e-4 -1 -2.49598e-4 -3.13135e-4 -0.9999999 -3.50166e-4 8.21794e-4 -0.9999997 3.8243e-4 -3.33513e-5 -1 -2.56057e-5 2.5232e-5 -1 7.5885e-5 -7.47129e-4 -0.9999938 -0.003460466 9.17284e-7 -1 1.02894e-5 -3.41745e-6 -1 -1.0274e-4 0.7506354 0.01589637 0.6605255 0.9967577 0.07813698 0.01920872 0.5264053 -0.01915532 0.850018 0.9195447 0.1595035 -0.3591604 0.8332793 0.146953 -0.5329638 0.5518653 -0.005406975 0.8339158 0.5157541 -0.01983124 0.8565073 0.8385006 0.1194971 -0.5316364 0.9234614 0.1436703 -0.3557778 0.9501155 0.1379519 -0.2797319 0.8357962 0.02482968 0.5484781 0.608438 -0.004203259 0.7935903 0.834559 0.1416078 -0.5324082 0.9622376 0.1162432 -0.2461429 0.7556539 -0.01210999 0.6548591 0.8523718 0.1874971 -0.4881672 0.8511299 0.1054391 -0.5142574 0.5730631 -0.008351147 0.8194687 0.9715365 0.1051188 -0.21229 0.7934457 0.02118945 0.6082723 0.7032457 0.009932518 0.7108775 0.8547884 -0.2459817 -0.4569793 0.9657171 0.05562454 0.2535675 0.9413521 0.1337318 -0.3097938 0.9915356 0.08791756 -0.09553956 0.9907861 0.08427101 -0.1060262 0.9916197 0.06210643 0.1132842 0.9859334 0.06517672 0.1539077 0.9755691 0.1073544 -0.1916773 0.9423363 0.04927229 0.3310206 0.8520974 -0.2269805 -0.4716035 0.6986078 0.008486151 0.7154546 0.6484057 0.003476679 0.761287 0.8524897 -0.2255273 -0.4715918 0.8399576 0.1693494 -0.5155504 0.9720656 0.05182737 0.2289155 0.8823315 0.04249823 0.4687057 0.8340545 0.02553629 0.5510907 0.7682763 0.01513516 0.6399395 0.9256536 0.03775441 0.3764839 0.8641382 0.1086899 -0.4913775 0.8695262 -0.2180178 -0.443162 0.8511586 -0.2052793 -0.4831041 0.8508875 -0.206576 -0.4830288 0.8812708 -0.1960728 -0.4300202 0.86581 -0.2163431 -0.4511861 0.6621611 -0.01171177 0.74927 0.8843273 0.09327167 -0.4574556 0.8501424 -0.1781347 -0.495506 0.8925573 -0.1948552 -0.406661 0.8495057 0.1215615 -0.5133839 0.8481912 -0.191816 -0.4937391 0.8551965 -0.1782261 -0.4866974 0.8686238 -0.1831946 -0.4603614 0.6183829 -0.01491099 0.7857356 0.6132911 -0.01418209 0.7897297 0.8966718 -0.2045532 -0.3926036 0.7196186 -0.00582832 0.6943451 0.8586111 0.1350887 -0.4945079 0.9183461 0.08981484 -0.385453 0.8405576 0.1651983 -0.515919 0.7777922 0.002732813 0.6285157 0.8464587 -0.1699779 -0.5045943 0.871043 -0.1841749 -0.4553722 0.8497977 0.2150793 -0.4812325 0.8710574 0.1029191 -0.4802777 0.9000585 0.110616 -0.4214962 0.8939098 -0.1644001 -0.417011 0.7723721 0.003016471 0.6351632 0.9188464 0.09006011 -0.3842013 0.8928176 -0.1639531 -0.4195191 0.8456151 -0.1700669 -0.5059768 0.8494917 -0.1478949 -0.5064496 0.9230997 -0.1489508 -0.3545428 0.8523828 -0.1559707 -0.4991162 0.5235256 -0.01816552 0.8518163 0.8769599 -0.1656571 -0.4511089 0.904819 -0.1628765 -0.3934133 0.8838143 0.1256856 -0.4506389 0.9434177 0.07777982 -0.3223562 0.8457767 0.1942721 -0.4969106 0.7431156 -0.001233279 0.669162 0.5010802 -0.01752936 0.8652234 0.4989214 -0.01737588 0.8664731 0.8522754 0.1638986 -0.4967535 0.9358314 -0.1472119 -0.3202317 0.4926092 -0.01725739 0.8700795 0.9682018 0.07718861 -0.2379649 0.8690195 0.1401985 -0.4744993 0.8405723 -0.1539999 -0.5193479 0.6476763 -0.008034169 0.7618733 0.9500283 -0.1253904 -0.2858735 0.9740198 0.07034593 -0.2152603 0.8592755 -0.16181 -0.4852455 0.6977811 -0.002000689 0.7163083 0.8718058 -0.1428515 -0.4685596 0.9487179 -0.124413 -0.2906129 0.844959 0.2005911 -0.4957898 0.8985446 -0.1957029 -0.3928334 0.8489456 0.2376924 -0.4720103 0.8672236 -0.1346467 -0.4793679 0.5582457 -0.01563596 0.8295283 0.9139904 -0.1227845 -0.3867112 0.8843662 0.1243063 -0.4499382 0.938999 -0.1300256 -0.3183932 0.9682256 -0.1104116 -0.2243848 0.8375611 -0.1410435 -0.5278239 0.8412846 -0.1276889 -0.5252959 0.9178502 0.0866217 -0.38736 0.8917716 -0.1351715 -0.4318242 0.8991741 -0.1255059 -0.4192067 0.9896776 0.06791436 -0.1261979 0.9882411 0.06581956 -0.1380122 0.8623546 0.1669124 -0.4780008 0.8380733 -0.1227767 -0.5315629 0.8694957 0.1885786 -0.4565254 0.8921123 0.1356918 -0.4309565 0.9473298 0.08113014 -0.3098132 0.9465343 -0.1036385 -0.3055029 0.8648633 0.1842602 -0.4669688 0.8551819 -0.1338919 -0.5007364 0.9092076 0.1243646 -0.397335 0.9171602 -0.1087909 -0.3833822 0.863508 -0.1181287 -0.4903058 0.8070074 0.3872863 -0.4458121 0.9804916 -0.09376907 -0.1727533 0.9417662 -0.1084784 -0.3182905 0.9658659 -0.1022387 -0.2380136 0.8949763 -0.1084007 -0.4327432 0.9980859 0.0618329 -0.001244783 0.9759916 -0.0905627 -0.1980878 0.9438096 0.106661 -0.3128049 0.9579982 -0.09739983 -0.2697271 0.8552433 0.2241446 -0.4672452 0.9918668 -0.08368623 -0.09590095 0.9186207 -0.09261524 -0.3841336 0.8918265 -0.1057488 -0.4398441 0.9971884 -0.07488667 0.002697467 0.9894655 -0.07718807 -0.1224747 0.5089151 -0.01392912 0.8607041 0.9215724 -0.09368032 -0.3767339 0.8542561 0.2107812 -0.475203 0.938905 -0.08353835 -0.3338844 0.9162331 0.1174628 -0.3830398 0.9053326 0.03592324 0.4231814 0.9846546 0.04149115 0.1695104 0.9629523 -0.07249832 -0.2597445 0.9946939 -0.07108837 0.07436728 0.9491515 -0.08598667 -0.3028498 0.997739 -0.06199538 -0.02595221 0.8918309 0.1534038 -0.4255643 0.9762352 -0.06857651 -0.2055778 0.9462904 0.1080523 -0.3047279 0.9853017 -0.05390757 0.1620942 0.8899964 0.1515224 -0.4300551 0.9977834 -0.06147825 -0.02547329 0.9905421 -0.06313312 -0.121823 0.8608562 0.2189443 -0.4593365 0.6685678 -6.29915e-4 0.743651 0.983086 -0.07527649 -0.1669596 0.9607518 -0.04828375 0.2731756 0.9961974 -0.04884445 0.07214564 0.982968 -0.05721199 0.1746451 0.9977967 -0.06199461 -0.02363419 0.9397691 0.1160295 -0.3215142 0.9351823 -0.05474805 0.3499096 0.9858367 -0.06430602 0.1548895 0.9979799 0.06342238 0.003709435 0.8994088 0.03179943 0.4359503 0.9721994 0.08352375 -0.2187511 0.9658988 0.04411566 0.2551341 0.9627544 0.04557919 0.2665082 0.957678 0.09353709 -0.2722198 0.60737 -0.004485189 0.7944064 0.9366785 -0.05341392 0.3460929 0.8311798 0.02274554 0.5555384 0.8635063 -0.0350849 0.5031163 0.8741567 -0.04189497 0.4838335 0.9878727 0.04790538 0.1476913 0.5661986 -0.0128656 0.8241685 0.8214396 0.02286094 0.5698373 0.818171 -0.04633545 0.573105 0.7759175 -0.03195035 0.6300249 0.9321672 0.03241407 0.3605739 0.9911599 0.08306056 -0.1034567 0.7790068 -0.03029865 0.6262831 0.5244974 -0.01523268 0.8512758 0.7520012 -0.03257417 0.6583565 0.7201564 -0.03204786 0.6930713 0.8761678 0.1900628 -0.4429515 0.7186224 -0.03169918 0.6946777 0.6068407 -0.02468532 0.79444 0.6518795 -0.03170233 0.7576597 0.8689184 0.1902821 -0.4569175 0.8543418 0.134468 -0.5020146 0.8648219 0.126774 -0.4858102 0.8876725 0.177702 -0.4248055 0.6712537 -0.02525895 0.7407973 0.5200068 -0.01510965 0.8540285 0.9790247 0.09568512 -0.179875 0.8488419 0.1488686 -0.5072532 0.8277597 0.1089271 -0.550408 0.6040548 -0.02420943 0.796575 0.7252112 -0.02036672 0.6882253 0.9973571 0.07232153 -0.006965875 0.7840153 -0.01690846 0.6205111 0.8289054 0.1289586 -0.5443213 0.5554276 -0.02060931 0.8313096 0.7094082 -0.0168913 0.7045955 0.8524293 0.1648427 -0.4961767 0.8906198 0.16223 -0.4248268 0.8310111 0.1175029 -0.5437037 0.8501474 0.1679621 -0.4990373 0.5753324 -0.02443826 0.8175547 0.6507295 -0.01901847 0.7590715 0.9113346 0.139275 -0.387391 0.8988819 0.1782993 -0.4002758 0.4781844 -0.1757814 0.8604887 -0.288346 -0.1966121 0.9371234 -0.275722 -0.1930837 0.9416454 0.8798902 -0.1537836 -0.4496041 0.9030777 -0.1799956 0.3899387 0.9054079 -0.1780431 0.3854053 -0.04096388 -0.1551335 0.9870439 0.9722957 -0.2177124 -0.08510351 -0.1824769 -0.1793922 0.9667062 -0.1778643 -0.1778913 0.9678424 0.9479091 -0.1972604 -0.2501137 0.974386 -0.1576359 0.1603837 0.8761434 -0.1495818 -0.4582554 0.04303812 -0.1485831 0.987963 0.1960287 -0.2219833 0.955142 -0.385775 -0.2196068 0.8960751 0.6536852 -0.2368662 0.7187421 -0.4565579 -0.2393257 0.8569003 0.3927119 -0.1969606 0.8983229 0.9660434 -0.2281048 -0.121361 -0.2635037 -0.1953012 0.9446815 -0.009028673 -0.1604257 0.9870067 0.4181057 -0.1900609 0.8882931 0.9417319 -0.1940193 -0.2747682 0.09187614 -0.2448267 0.965204 0.7655158 -0.2143505 0.6066627 0.970997 -0.2368517 -0.03265094 0.1152808 -0.2349465 0.9651479 0.7114669 -0.1395496 0.688724 -0.4606508 -0.2379776 0.8550834 0.9323025 -0.1982539 -0.3025024 0.9302082 -0.1808111 0.3194059 0.9330012 -0.178589 0.3124338 0.9614042 -0.2125674 -0.1746914 -0.1369178 -0.1794724 0.9741885 0.9749871 -0.153561 0.1606834 -0.3501661 -0.2121317 0.9123508 0.6902737 -0.2661561 0.6728174 0.9206949 -0.1935564 -0.3389053 0.9597003 -0.2660961 -0.09037846 0.2546508 -0.2224056 0.9411104 0.2654705 -0.2161533 0.9395761 0.9623475 -0.2403779 -0.1269084 0.79081 -0.231411 0.5666292 0.9487332 -0.2244753 -0.2225228 0.8784253 -0.1768337 -0.4439584 0.881732 -0.1800325 -0.436047 0.9081091 -0.1995803 -0.3681111 0.5611334 -0.1829718 0.8072488 0.07981485 -0.1595032 0.9839656 0.7199181 -0.2403709 0.6511065 -0.3984364 -0.2364162 0.886203 0.4699149 -0.2032358 0.8589966 0.8831613 -0.1862496 -0.4305084 0.8708285 -0.2047556 -0.4469149 0.1695712 -0.2363253 0.9567633 0.8136258 -0.21402 0.5405633 0.9895572 -0.1354718 0.04923409 0.9874151 -0.1453171 0.06240403 -0.3830079 -0.2442571 0.8908668 0.9414727 -0.2409527 -0.235735 0.9533984 -0.1792114 0.2427238 0.950108 -0.1817217 0.2535196 0.9418736 -0.2405048 -0.234588 0.5895012 -0.1702244 0.7896279 0.1188896 -0.1613105 0.9797164 0.7766664 -0.1457986 0.6128067 0.7198607 -0.1494736 0.6778334 0.9242539 -0.2336899 -0.3019003 0.8981106 -0.2193794 -0.381143 0.4924288 -0.1927013 0.8487522 -0.2990711 -0.2250874 0.9273037 0.3238462 -0.2165057 0.9210043 0.9115232 -0.2390884 -0.3346077 -0.09969383 -0.1934083 0.9760402 0.873723 -0.2234882 -0.432043 0.8762038 -0.2255725 -0.4258919 0.899469 -0.255547 -0.3544731 0.8725482 -0.2403312 -0.4253242 0.8582243 -0.2513501 -0.44752 0.1462461 -0.1542142 0.9771541 0.2561258 -0.1372504 0.95685 0.7471952 -0.158631 0.6453957 0.5400363 -0.1961615 0.818463 0.96113 -0.1807469 0.20871 -0.06947225 -0.1909435 0.9791395 0.8511028 -0.2178452 0.4776688 0.8111838 -0.1624152 0.5617849 0.1924191 -0.1622728 0.967803 0.7888737 -0.240965 0.5653443 0.647342 -0.1790074 0.7408811 0.9865904 -0.1622201 -0.01800155 0.6520925 -0.1772844 0.7371199 0.2168823 -0.2651926 0.9394866 0.5555662 -0.1922674 0.8089373 0.7886356 -0.2405569 0.5658501 -0.03545385 -0.1969518 0.979772 -0.2052859 -0.2173753 0.9542567 0.8578706 -0.2209751 0.4639266 0.8678785 -0.2171072 0.4468238 0.261819 -0.2391338 0.9350218 0.2177121 -0.1580265 0.963135 0.2984511 -0.1574172 0.9413537 -0.2881215 -0.2365633 0.9279137 0.5839855 -0.2030266 0.7859651 0.004205942 -0.192372 0.9813131 -0.1809832 -0.2139911 0.9599235 0.4157654 -0.2299867 0.8799121 0.9766471 -0.1797529 0.1176832 0.8064742 -0.1554965 0.5704562 -0.270956 -0.2419895 0.9316781 -0.5703873 -0.1422102 0.8089714 0.6938033 -0.1813979 0.6969446 0.697481 -0.1803812 0.6935294 -0.5626497 -0.1490128 0.8131546 0.985397 -0.1400243 -0.0968815 0.89658 -0.2221378 0.383144 0.896246 -0.2224724 0.3837306 0.01952224 -0.1951125 0.9805865 0.9648724 -0.1929587 0.1782923 -0.490605 -0.1584535 0.8568543 -0.1436935 -0.2212701 0.9645682 0.8224979 -0.1599671 0.5458093 0.3504116 -0.2416259 0.9048916 0.3780592 -0.1426594 0.9147237 -0.4543318 -0.1397696 0.8797994 0.05614519 -0.1904402 0.980092 0.4692898 -0.2125157 0.8570905 0.8476659 -0.2442535 0.4709595 -0.2248492 -0.2341454 0.945843 0.6354606 -0.1941105 0.747336 0.9820744 -0.1784825 0.06061327 0.9817511 -0.1794074 0.06306946 0.3477544 -0.2408052 0.9061346 -0.5606666 -0.1693694 0.810535 0.8505905 -0.1534808 0.5029309 -0.1146013 -0.2140821 0.9700699 0.736585 -0.1821703 0.6513498 0.7507885 -0.1771713 0.6363387 0.9243212 -0.2111869 0.3178527 -0.5313016 -0.1838371 0.8269962 0.9702735 -0.1929807 0.1460405 0.856436 -0.2649416 0.443084 -0.4086724 -0.1597114 0.8985984 -0.3444211 -0.1415466 0.9280833 0.9826607 -0.1495016 -0.1096692 -0.4916309 -0.1694601 0.854156 0.8622841 -0.1608057 0.4802164 0.8956406 -0.2310197 0.3800761 0.4127577 -0.2338177 0.8803184 0.8999591 -0.1397467 0.4129706 -0.5567029 -0.2044321 0.8051643 0.5135376 -0.2247704 0.8281047 0.9688007 -0.1437023 -0.201928 0.1186686 -0.1952263 0.9735525 0.1193154 -0.1950615 0.9735065 0.7757661 -0.1822097 0.6041412 0.9839351 -0.1777124 -0.01703161 0.9840282 -0.1769852 -0.01909959 0.3907635 -0.1537982 0.9075517 0.4307621 -0.2442481 0.8687847 -0.143016 -0.246037 0.9586513 0.9756601 -0.1586346 -0.1514018 -0.5307551 -0.1865062 0.8267495 0.9401464 -0.2239191 0.2568756 0.9426697 -0.2206712 0.2503559 -0.0574004 -0.2227438 0.9731857 0.4880157 -0.1405086 0.8614512 0.9067658 -0.1525983 0.3930519 -0.4340593 -0.186991 0.8812645 -0.3200095 -0.1565746 0.9343867 0.9779463 -0.2000578 0.05998271 0.4183251 -0.1600756 0.8940805 -0.1479629 -0.2429652 0.9586839 -0.4987094 -0.1996697 0.8434578 -0.2510215 -0.1509531 0.9561388 0.9573522 -0.2134703 0.1946983 -0.4048108 -0.1755751 0.8973861 0.5087336 -0.1576443 0.8463679 -0.29339 -0.1606034 0.9424059 0.2839593 -0.1791676 0.9419481 0.2983803 -0.1762418 0.9380342 0.5934618 -0.2212041 0.7738681 0.9132714 -0.2509387 0.3208819 0.1782401 -0.1961921 0.9642298 0.9802959 -0.1790326 -0.08347088 0.1862831 -0.1933441 0.9632844 -0.4623391 -0.2019826 0.8633919 -0.4380582 -0.1941338 0.8777341 -0.264227 -0.1579879 0.9514327 0.0355755 -0.2191919 0.9750331 0.9359651 -0.152195 0.3174998 -0.1847445 -0.156269 0.9702832 0.9759968 -0.1877979 -0.1102826 0.9585725 -0.1595224 -0.2359907 0.937997 -0.2335041 0.2561985 -0.3624733 -0.1804418 0.9143598 -0.5555053 -0.2172656 0.8026267 0.9689007 -0.2127119 0.1264321 0.9442069 -0.1390532 0.2985594 0.9643981 -0.2268198 0.1359751 0.5207313 -0.2365475 0.8202951 0.9409532 -0.2442135 0.2344502 0.8346214 -0.1867045 0.5182168 0.7812492 -0.1893897 0.5947952 -0.1448577 -0.1368747 0.9799396 0.9728391 -0.1702835 -0.1568047 0.5088649 -0.1537685 0.8470016 0.5263707 -0.2388261 0.8160247 0.9479553 -0.1615551 -0.2743738 0.3414839 -0.1829172 0.9219166 -0.03945147 -0.2397143 0.9700416 0.6442016 -0.2152786 0.7339342 -0.534491 -0.2275802 0.8139575 0.2549747 -0.1959879 0.9468773 0.862268 -0.1763558 0.4747554 0.9760023 -0.1877767 -0.1102705 -0.0502063 -0.2365134 0.9703302 0.9410818 -0.1545003 -0.3008234 0.6035632 -0.1348996 0.7858204 0.6616475 -0.222442 0.7160602 0.5918625 -0.1453042 0.7928339 0.9636823 -0.1790789 -0.1981089 0.579635 -0.2358484 0.7799993 -0.3373542 -0.1940792 0.9211544 0.9631187 -0.2361043 0.1290622 0.9098559 -0.1448554 -0.3888178 0.9761216 -0.2155173 0.02718633 0.8755395 -0.183519 0.4469357 0.9241753 -0.1618698 -0.3459743 0.1006869 -0.2210196 0.970058 -0.2275999 -0.1796325 0.9570425 -0.5394346 -0.2437679 0.80597 0.8168281 -0.1977649 0.5419234 -0.5280452 -0.2346456 0.8161556 0.6926745 -0.2169514 0.6878476 0.4321972 -0.1752719 0.884582 -0.1024004 -0.1584832 0.9820373 0.963177 -0.2367515 0.1274313 0.5970577 -0.2455433 0.7636954 0.9580708 -0.1542011 0.2415002 0.9767591 -0.2136871 -0.01671773 0.015064 -0.2368785 0.9714225 0.358525 -0.1942266 0.9130914 0.9599431 -0.1900052 -0.2059303 0.9636864 -0.2020061 -0.1746492 0.9725053 -0.1406993 0.1855725 0.9694567 -0.2386739 0.05646812 -0.07043123 -0.160299 0.9845526 0.8323279 -0.1893513 0.520938 0.9166741 -0.1578194 -0.3671535 0.717068 -0.2216605 0.6608178 0.7274612 -0.2173164 0.6508255 0.6533786 -0.1615147 0.7396009 0.02055001 -0.2393032 0.9707275 0.9743048 -0.2214766 -0.04096871 0.9685761 -0.2455692 0.03944951 -0.8692212 -0.2762674 0.4100376 -0.8624311 -0.2733534 0.4260171 -0.9032535 -0.265841 0.3368409 -0.8895743 -0.2877043 0.3548011 -0.8809794 -0.2907357 0.3732935 -0.62822 -0.1803299 0.7568492 -0.6283969 -0.180591 0.7566401 -0.8872163 -0.2916731 0.3574548 -0.8997236 -0.2863948 0.3293562 -0.8924703 -0.2958394 0.3405522 -0.9106045 -0.2969304 0.2874574 -0.9067845 -0.2984629 0.2977613 -0.6246646 -0.1939597 0.7564218 -0.6878892 -0.1795152 0.7032657 -0.9078537 -0.2946909 0.29826 -0.692075 -0.1828153 0.6982913 -0.9178907 -0.3128593 0.2441226 -0.9022389 -0.3218802 0.2869809 -0.908658 -0.3208981 0.2671426 -0.8967552 -0.328817 0.296158 -0.9166348 -0.3136153 0.2478428 -0.6310657 -0.2041026 0.7483971 -0.7255843 -0.1833475 0.663258 -0.9092958 -0.3184732 0.2678732 -0.7236354 -0.1818712 0.6657887 -0.9009792 -0.3252765 0.2871091 -0.9187807 -0.3397869 0.2009651 -0.9091174 -0.3460466 0.2318563 -0.9189583 -0.3284791 0.218214 -0.9086183 -0.3431988 0.2379652 -0.6180229 -0.2209995 0.7544581 -0.9109529 -0.3403457 0.2330875 -0.9206982 -0.3401877 0.1912782 -0.6825597 -0.2066298 0.701011 -0.9049132 -0.3740798 0.2029693 -0.9191304 -0.3471755 0.186195 -0.9084162 -0.3649824 0.2038822 -0.7589716 -0.1840992 0.6245555 -0.7568876 -0.1856693 0.6266165 -0.921487 -0.3499197 0.1685769 -0.9077129 -0.3722788 0.193561 -0.913626 -0.3654006 0.1782416 -0.9133735 -0.3799 0.1463723 -0.9176113 -0.3695316 0.146411 -0.9047988 -0.3971658 0.1536179 -0.9196931 -0.3677877 0.1374668 -0.9094874 -0.3915978 0.1395845 -0.7906647 -0.187459 0.5828453 -0.9110849 -0.391443 0.1292161 -0.9100829 -0.4045702 0.08984583 -0.9145277 -0.3928471 0.09649008 -0.6217393 -0.2275379 0.7494443 -0.9035442 -0.4123256 0.1166 -0.905052 -0.412328 0.1042437 -0.9171051 -0.3797821 0.1211777 -0.791945 -0.1885764 0.5807427 -0.913811 -0.392218 0.1054259 -0.6916903 -0.2148867 0.689484 -0.7270091 -0.2098637 0.6537698 -0.8969007 -0.437344 0.06557023 -0.8999634 -0.4295009 0.07480025 -0.9069408 -0.4156594 0.06845152 -0.6115763 -0.2445065 0.7524567 -0.9087986 -0.4110378 0.07164436 -0.7930755 -0.1888036 0.5791239 -0.9009256 -0.4281877 0.07062882 -0.7158529 -0.215868 0.664045 -0.8928707 -0.4493318 0.02971458 -0.8977316 -0.4380229 0.04705411 -0.889328 -0.4557853 0.0368179 -0.7551881 -0.2093313 0.6211856 -0.9020904 -0.430644 0.02790594 -0.6746889 -0.2327756 0.7004359 -0.8888794 -0.4580308 0.01006692 -0.8728156 -0.488048 -0.001443803 -0.8894526 -0.4567485 -0.01596462 -0.6169704 -0.2516731 0.7456597 -0.7629965 -0.2143838 0.6098163 -0.8802581 -0.4744769 0.0041942 -0.8683425 -0.4947396 -0.03484332 -0.8855254 -0.4644392 0.01187515 -0.8680651 -0.495294 -0.03386455 -0.8752899 -0.482635 -0.03051471 -0.8630196 -0.5040739 -0.03326922 -0.8534263 -0.5157247 -0.07544225 -0.8532025 -0.5194655 -0.04691797 -0.8360958 -0.5402819 -0.0950756 -0.7774276 -0.2148162 0.5911518 -0.8448102 -0.5313258 -0.06315588 -0.860135 -0.5076602 -0.04948621 -0.6786613 -0.2450528 0.692364 -0.8132273 -0.5723916 -0.10502 -0.8147263 -0.211925 0.5397303 -0.823763 -0.5555987 -0.1128041 -0.8193287 -0.5656728 -0.09335368 -0.7703501 -0.6171678 -0.1602016 -0.7634374 -0.6319829 -0.1332709 -0.6869165 -0.2511816 0.6819484 -0.8245661 -0.2122389 0.5244479 -0.824877 -0.211962 0.5240707 -0.767544 -0.6264731 -0.1356752 -0.7235835 -0.2396923 0.6472824 -0.7599734 -0.6353889 -0.1368264 -0.7575506 -0.642238 -0.1168223 -0.7427475 -0.6500985 -0.1603066 -0.7960878 -0.2268694 0.5610477 -0.8451078 -0.2125778 0.4905136 -0.6934558 -0.7069186 -0.1392311 -0.688722 -0.710562 -0.144096 -0.6890048 -0.7168326 -0.1068804 -0.796986 -0.2268632 0.5597736 -0.8446817 -0.2131291 0.4910079 -0.7511565 -0.2472441 0.6120739 -0.8586485 -0.225068 0.4605074 -0.8664808 -0.2162504 0.4499412 -0.7572817 -0.2538404 0.6017387 -0.8350696 -0.2443818 0.4928857 -0.7846884 -0.2500702 0.5672117 -0.8221296 -0.2541483 0.5094228 -0.8734155 -0.2243434 0.4322217 -0.8532073 -0.241266 0.4624156 -0.8814032 -0.237246 0.4084641 -0.8271525 -0.2540068 0.5012977 -0.8631085 -0.2410761 0.4437635 -0.8511655 -0.2439649 0.4647561 -0.8073439 -0.2636779 0.5278921 -0.883098 -0.250411 0.3967777 -0.8739251 -0.2547214 0.413971 -0.8431773 -0.272835 0.4632635 -0.8923214 -0.2602012 0.3688604 -0.8965596 -0.2573934 0.3604576 -0.8807128 -0.2544068 0.3995275 -0.8599851 -0.2752403 0.4297307 0.1387214 -0.9842409 0.1096641 0.09128457 -0.9957068 0.01533257 0.107717 -0.9693649 0.220746 0.1157057 -0.9687002 0.2196182 0.1343517 -0.978411 0.1570404 0.1274492 -0.9813296 0.144045 0.08328169 -0.9631419 0.2557773 0.1024112 -0.9588556 0.2647792 0.1138145 -0.9924817 0.04501605 0.1295189 -0.970391 0.2038778 0.1249152 -0.9590718 0.2541211 0.1276539 -0.9611416 0.2447682 0.2526433 -0.9578053 -0.1370418 0.1814519 -0.9766664 0.1148824 -0.05896288 -0.9895805 0.1313537 0.1600179 -0.9853781 0.05851781 0.173835 -0.9710551 0.1638097 0.00154829 -0.9958049 0.09148877 0.1557943 -0.957902 0.2411471 0.19374 -0.9692577 0.1516724 0.1678274 -0.9626769 0.2123377 0.1665503 -0.9630094 0.2118352 0.18822 -0.9782865 0.08676958 0.1954736 -0.9708386 0.1387898 -0.121365 -0.9755872 0.1830305 0.2134354 -0.9543759 0.208835 0.1258548 -0.9918919 -0.01763534 0.13852 -0.9898921 -0.0304287 0.1734119 -0.9848494 -2.85888e-4 0.1635404 -0.9864036 0.01620036 0.2123365 -0.963041 0.1657265 0.230683 -0.9589018 0.1652052 0.2037882 -0.978101 0.04229593 0.2322297 -0.9691768 0.0822544 0.2519729 -0.9589189 0.1303231 0.2259054 -0.9715234 0.07147848 0.2215801 -0.9726237 0.07003939 0.2146497 -0.9766813 0.004401266 0.2305499 -0.9656286 0.1200343 0.2513234 -0.9592303 0.1292828 0.1660956 -0.9846244 -0.05410391 0.2598032 -0.9608374 0.09640443 0.2029878 -0.9791682 -0.00506401 0.2684652 -0.95873 0.09361332 0.2798444 -0.9574704 0.07026839 0.2051155 -0.9778637 -0.04135423 0.2018309 -0.9761214 -0.08032166 0.254069 -0.9669407 -0.02178871 0.2384471 -0.9711548 0.001207709 0.2734245 -0.9612081 0.03630495 0.262387 -0.9640848 0.04115372 0.2660574 -0.963056 0.04167068 0.2913472 -0.9565452 0.01175403 -0.0315026 -0.9922844 0.1199141 0.2368075 -0.9694794 -0.06349724 0.2338516 -0.970903 -0.05158299 0.2765635 -0.960649 -0.02581071 0.2780532 -0.9602335 -0.02526539 0.2265268 -0.968706 -0.1014615 0.2225592 -0.9714104 -0.08263933 -0.09840947 -0.9808152 0.1682766 0.2761573 -0.9586589 -0.06863188 -0.07591086 -0.9777269 0.1956729 -0.02713239 -0.9863637 0.1623283 0.2620123 -0.9620454 -0.07627695 0.01660639 -0.9945562 0.1028698 0.2613723 -0.9594721 -0.1053459 0.2598785 -0.9601233 -0.1030854 -0.122339 -0.9712846 0.2040579 -0.05808037 -0.987231 0.1483297 -0.08641076 -0.9812672 0.1721861 -0.09947711 -0.9692571 0.2250444 -0.01055473 -0.9897165 0.1426534 -0.1549751 -0.9634416 0.2185479 -1.03119e-4 -0.9899766 0.141232 0.02931523 -0.9874517 0.1551768 -0.03069764 -0.9778757 0.2069222 0.03594326 -0.9940001 0.1033049 -0.09187471 -0.9703969 0.2233582 0.03849506 -0.9979698 0.05074083 -0.1546185 -0.9614923 0.2272128 0.04230266 -0.9908002 0.1285521 0.03047865 -0.987014 0.1577164 -0.1536487 -0.960585 0.2316651 0.03243005 -0.9943282 0.1012907 -0.05573898 -0.9677053 0.2458447 -0.0226109 -0.9793999 0.2006605 -0.1345288 -0.9591451 0.2488829 0.07224142 -0.9816722 0.1763548 0.0712437 -0.9822552 0.1734909 0.08048218 -0.9883642 0.1290695 0.07548809 -0.9950625 0.06443727 0.06201922 -0.9768247 0.204859 0.07020646 -0.9781408 0.1957337 -0.1133383 -0.9618302 0.2490729 -0.1109983 -0.9601458 0.2565138 0.1145039 -0.9890573 0.09303027 -0.03983849 -0.9709453 0.2359621 0.01067477 -0.9789311 0.2039117 0.08134365 -0.965039 0.2491648 0.0142399 -0.9781621 0.2073552 0.1251707 -0.9754328 0.1812827 -0.07890009 -0.957973 0.2757945 0.1230847 -0.9908846 0.05475538 0.1112611 -0.9935285 0.02284955 0.1442314 -0.9837208 0.1071949 0.1250484 -0.9921039 0.00963217 0.1653894 -0.9637588 0.2093209 -0.05987936 -0.9625691 0.2643395 -0.04432797 -0.9577527 0.2841565 0.1635699 -0.9839167 0.07178336 0.05745571 -0.9972482 0.04685115 0.07815486 -0.9927307 0.09152948 0.08396089 -0.9917038 0.09733521 0.1699109 -0.984548 0.04237502 -0.01529526 -0.9597778 0.280344 0.1520229 -0.987844 -0.03245538 0.02694952 -0.9691359 0.2450495 0.190615 -0.9802001 -0.05360728 0.08671784 -0.986202 0.141017 -0.001071035 -0.9635549 0.2675087 -0.001218378 -0.9634921 0.267734 0.06460821 -0.9975342 0.02741265 0.05895984 -0.9700843 0.2355002 0.02009332 -0.9654104 0.2599598 0.03054851 -0.9618204 0.2719711 0.06574743 -0.9561924 0.2852606 -0.02325683 -0.9970335 -0.073372 0.1079215 -0.9717911 -0.2097023 -0.04190182 -0.9623715 -0.2684873 -0.05575364 -0.9593759 -0.2765672 -0.2103264 -0.9425483 -0.2595487 0.03462177 -0.9977919 -0.05668199 0.1172416 -0.9076471 -0.4030275 -0.08942121 -0.961109 -0.2612919 -0.08402878 -0.9918147 -0.0961399 -0.1262115 -0.9859849 -0.1091081 0.1695648 -0.9022634 -0.396445 0.1718811 -0.9126511 -0.3708436 0.09482836 -0.9206149 -0.378782 -0.01362633 -0.9963748 -0.08397459 -0.04366731 -0.9634779 -0.2642036 0.07264685 -0.9194116 -0.3865293 -0.4351933 -0.9002907 -0.009141564 -0.1330514 -0.9557387 -0.2624135 -0.5472265 -0.8222407 -0.156408 -0.5471054 -0.8223334 -0.1563447 0.0835734 -0.9951774 -0.05135709 0.106114 -0.9404578 -0.3229226 0.01429986 -0.966081 -0.2578434 0.005101561 -0.9657015 -0.2596045 0.07971137 -0.9657061 -0.2470993 -0.2075391 -0.9694232 -0.1309437 0.233507 -0.9619665 -0.1417576 -0.232124 -0.9643987 -0.1267027 -0.2364192 -0.9630466 -0.1290252 -0.1948737 -0.9595557 0.2031683 -0.2141581 -0.956347 0.1988388 -0.3215847 -0.9451879 -0.0565955 -0.216284 -0.9606629 0.1742073 -0.1727176 -0.9646745 0.198926 -0.247164 -0.9548852 0.1646339 0.01582735 -0.9958438 -0.08969134 0.03918606 -0.9156007 -0.4001747 0.07423633 -0.9087586 -0.4106663 -0.06542742 -0.9929511 -0.09883016 -0.6307019 -0.7457305 -0.214712 0.07784253 -0.9641673 -0.253618 -0.1721084 -0.9685137 0.1798888 0.08633959 -0.9661197 -0.2432248 -0.5891674 -0.7978172 -0.127943 -0.300861 -0.9396793 -0.162744 -0.3200964 -0.9315179 -0.1726639 -0.1520909 -0.9738816 0.1685916 0.05981117 -0.9012321 -0.4291892 -0.200393 -0.9664002 0.1609762 -0.5629404 -0.7974315 -0.2172588 -0.4244831 -0.8818186 -0.2054514 -0.4414846 -0.8711734 -0.2148217 -0.1528854 -0.9692789 -0.1926769 -0.2457299 -0.9605843 0.1299795 -0.1785497 -0.9758592 -0.1257735 -0.5132442 -0.8315849 -0.2122431 0.115442 -0.9061058 -0.4069955 -0.4544263 -0.8678395 -0.2008767 -0.2037364 -0.9678103 0.1477661 0.1129919 -0.9712765 -0.2094154 0.06301641 -0.9956269 -0.06896525 -0.1001249 -0.9886131 -0.1123355 0.08894652 -0.9414493 -0.3252104 -0.2279266 -0.9654184 0.1265581 -0.2694942 -0.9575383 0.102437 -0.2816053 -0.9538788 0.1039883 -0.598717 -0.7709538 -0.2171823 -0.3898085 -0.9207521 -0.01627564 -0.09842401 -0.9590715 -0.2655085 -0.3193104 -0.9446252 0.07565766 0.1483522 -0.8864284 -0.4384475 0.007937014 -0.9957766 -0.09146565 -0.07551115 -0.9652554 -0.2501605 0.05023163 -0.9631094 -0.2643807 -0.1806393 -0.9761021 0.1208063 -0.2897066 -0.9222342 -0.2560358 -0.1081972 -0.9851732 0.133144 -0.2798716 -0.9259549 -0.2535338 -0.1516829 -0.9793937 0.1333431 -0.3582884 -0.9335793 -0.007697284 -0.3239018 -0.9449972 0.04547452 -0.3271973 -0.9438716 0.0452584 0.1796204 -0.9194197 -0.3498627 -0.271471 -0.9588951 0.08260595 0.01642918 -0.9570551 -0.2894402 0.1589987 -0.9228988 -0.3506811 -0.2199127 -0.9710211 0.09357547 -0.1829618 -0.9731492 -0.1396631 -0.6262662 -0.7752694 -0.08214771 -0.6033482 -0.79565 -0.05396354 -0.4203454 -0.8848699 -0.2007861 0.1983017 -0.967253 -0.158424 -0.1884726 -0.9762079 0.107221 -0.5362285 -0.8364965 -0.1128394 -0.2682349 -0.9605126 -0.07392984 0.03691571 -0.9618661 -0.2710185 -0.2167279 -0.9645318 -0.1506901 -0.2264579 -0.9612044 -0.1574895 0.1703264 -0.9286682 -0.3294913 -0.3694629 -0.9289916 0.02172166 -0.0497924 -0.962507 -0.2666479 -0.2329549 -0.9691451 0.08055919 -0.2247473 -0.9705997 0.08616822 -0.06780242 -0.9900687 0.1231539 -0.123423 -0.9854148 0.1171518 -0.1272926 -0.9850521 0.1160566 -0.4737259 -0.8543011 -0.2139005 -0.1136088 -0.9708047 -0.2112612 -0.2962833 -0.9540303 0.04519581 -0.3109388 -0.9496691 0.03802168 -0.2750529 -0.9589861 -0.06849628 -0.03314399 -0.9729126 -0.2287852 -0.4824149 -0.8605653 -0.1634119 -0.5096464 -0.841627 -0.1786749 -0.002168416 -0.9603649 -0.2787374 -0.09257674 -0.9860051 -0.1386497 0.06391292 -0.9938449 -0.09048473 0.07942628 -0.956294 -0.2814134 -0.3727903 -0.9277727 -0.01629316 -0.4054644 -0.9137402 -0.02603197 0.07599246 -0.8845971 -0.4601228 4.26229e-4 -0.9618408 -0.2736096 -0.1451279 -0.9787534 -0.1448435 -0.1475292 -0.9783662 -0.1450335 0.1693672 -0.9018962 -0.3973639 -0.3220747 -0.9276864 -0.1888542 0.05216777 -0.954411 -0.2939018 -0.04767471 -0.9902082 -0.1312053 0.1091713 -0.9915931 -0.06945991 -0.3692833 -0.9030393 -0.2194306 -0.1414778 -0.9815495 -0.1286267 -0.1673161 -0.9745475 -0.1492062 0.2073739 -0.9083935 -0.3630666 -0.1530249 -0.9856773 0.07087755 -0.3448485 -0.9385429 -0.01472717 -0.07158762 -0.993345 0.09022784 0.2156813 -0.9632036 -0.1603763 -0.3796054 -0.9034286 -0.1992905 -0.4145157 -0.8870937 -0.2030804 -0.5842452 -0.7808449 -0.2212216 -0.3185189 -0.9478822 0.008070111 -0.02895617 -0.9943381 0.1022422 0.1833752 -0.8997941 -0.3959096 -0.2515497 -0.9671895 0.03559923 -0.08970546 -0.9860366 -0.1403026 -0.5623667 -0.8229714 -0.08038562 -0.5664053 -0.8199808 -0.08256399 0.1548653 -0.8844565 -0.4401745 0.1020877 -0.9536918 -0.282931 0.06780362 -0.950428 -0.3034627 0.08449423 -0.9649472 -0.2484707 -0.4128192 -0.9093324 -0.05191487 -0.1518281 -0.9850718 0.08112853 0.04295301 -0.9923972 -0.1153389 0.072061 -0.9542396 -0.2902308 0.04206532 -0.9060711 -0.4210293 -0.07859206 -0.9933209 0.08448129 -0.02719211 -0.9911035 -0.1302868 -0.4663221 -0.8684484 -0.1683486 -0.2497852 -0.9675947 0.03698617 -0.05114716 -0.9812626 -0.1857627 0.1787789 -0.921243 -0.3454699 0.08588147 -0.8901224 -0.4475562 0.04550492 -0.9922121 -0.1159505 -0.2303901 -0.9701415 -0.07580232 -0.2122782 -0.9751225 -0.06382864 -0.04190719 -0.9951143 0.08939397 0.2226718 -0.8831751 -0.4128183 -0.5087959 -0.8502756 -0.1347523 -0.04176408 -0.9900323 -0.1345057 0.0054937 -0.8972862 -0.4414152 -0.3111985 -0.9503438 -0.001499414 -0.4462586 -0.8909252 -0.08429509 -0.3713869 -0.9283304 -0.01657205 -0.2491172 -0.9512984 -0.1815822 -0.2327182 -0.9571979 -0.1720888 0.1134335 -0.9898745 -0.08533114 -0.1850634 -0.9813743 0.05153715 -0.166665 -0.984207 0.05965948 -0.4523305 -0.8888878 -0.07263505 -0.1317255 -0.9799219 -0.1496713 0.0389468 -0.9168131 -0.3974127 -0.0832889 -0.9940351 0.07040792 -0.4842745 -0.865912 -0.1251996 -0.6055014 -0.7952668 -0.03031253 0.03374642 -0.9678355 -0.2493107 0.0728178 -0.9490615 -0.3065615 -0.08793902 -0.9849902 -0.1485301 -0.2001358 -0.979225 0.03262126 -0.07920509 -0.9863095 -0.1446387 -0.2996584 -0.9538584 -0.01894706 0.1604266 -0.8898157 -0.42719 -0.01289373 -0.8734365 -0.4867676 -0.2735353 -0.9618053 -0.01044714 0.1112707 -0.9902153 -0.08421874 0.009885549 -0.9902368 -0.139045 0.1269099 -0.9484812 -0.2903054 0.1630124 -0.9319763 -0.3238013 0.09614676 -0.857425 -0.5055475 -0.526978 -0.8208152 -0.2203558 -0.1698122 -0.9714669 -0.1655774 -0.2058342 -0.9411698 -0.2680143 -0.2038837 -0.9416859 -0.2676925 0.156332 -0.98497 -0.07344734 -0.344011 -0.909736 -0.2324584 -0.6292852 -0.75294 -0.1925655 -0.3365795 -0.9194811 -0.2031472 -0.3562773 -0.911187 -0.2068933 -0.1082283 -0.9926153 0.05478674 0.1434043 -0.9673179 -0.20912 0.1755313 -0.965471 -0.1924958 -0.2730708 -0.9619783 -0.005480408 -0.2623364 -0.9649764 -6.36081e-4 -0.1830723 -0.9806761 -0.06898677 -0.5804651 -0.790363 -0.1959248 -0.4103205 -0.8849275 -0.2203196 -0.005247354 -0.9760137 -0.217646 -0.1493563 -0.9883282 0.03000086 -0.4617722 -0.8802617 -0.1091141 -0.4867545 -0.8655866 -0.1176006 -0.3948283 -0.9137535 -0.09573519 0.01192951 -0.9564396 -0.2916868 0.01944434 -0.8838158 -0.4674309 -0.4205429 -0.8891979 -0.1801971 -0.4236502 -0.8874282 -0.1816363 -0.6330934 -0.7503343 -0.1902408 0.05681806 -0.9888412 -0.1377128 0.008148014 -0.9896993 -0.1429301 0.07793974 -0.9540604 -0.2892996 -0.2397593 -0.9705323 -0.02413928 -0.1998053 -0.9797473 0.01315569 0.224514 -0.9056725 -0.3596538 -0.04047644 -0.9855289 -0.164604 0.1275659 -0.9651812 -0.2283687 -0.07988387 -0.9820843 -0.1706725 -0.03881502 -0.987141 -0.1550684 -0.00112152 -0.9980317 0.06270158 0.1672579 -0.9389944 -0.3005236 -0.026519 -0.998286 0.0521714 0.1059428 -0.8665593 -0.4877001 -0.3331946 -0.9418403 -0.0437991 -0.3516247 -0.9347869 -0.05033534 0.08694028 -0.9901745 -0.109526 -0.0151385 -0.9984956 0.05270075 -0.413373 -0.9071351 -0.0789231 0.218141 -0.9601589 -0.1746697 -0.3686277 -0.9032064 -0.2198449 -0.0608412 -0.9973707 0.03937256 0.2320458 -0.870151 -0.4347322 -0.6069213 -0.7941545 -0.03106886 -0.189459 -0.9623042 -0.195131 0.07974016 -0.9510094 -0.2987018 -0.1149123 -0.9927337 0.03570795 0.2319363 -0.9208067 -0.3135613 -0.4567776 -0.8782145 -0.1417525 -0.1523483 -0.9852924 -0.07738965 -0.1359718 -0.9881459 -0.0712704 0.1616209 -0.8736802 -0.4588702 0.015096 -0.9866859 -0.1619356 -0.1155164 -0.978153 -0.1728375 -0.2100096 -0.9775065 -0.01941841 -0.3659069 -0.9280855 -0.06906282 0.03701817 -0.9813058 -0.188861 0.2115325 -0.936468 -0.2797892 0.05471587 -0.986088 -0.1569609 0.0842365 -0.9437961 -0.3196141 -0.5063313 -0.8571731 -0.09424924 -0.5038915 -0.8509888 -0.1480253 -0.2592646 -0.9436532 -0.205671 -0.4981699 -0.8626085 -0.08793932 -0.4912908 -0.8592527 -0.1425419 -0.2569928 -0.9445284 -0.2045012 -0.2723328 -0.9320653 -0.2389336 0.1578446 -0.9823578 -0.1002917 -0.2395191 -0.9708392 -0.01010268 -0.1545667 -0.9474663 -0.2800301 -0.1378488 -0.9505692 -0.2782371 0.08504891 -0.9877115 -0.1311213 0.1422528 -0.8324885 -0.5354691 -0.1772062 -0.9841731 0.001131296 -0.1651623 -0.9862478 0.006071805 -0.04101735 -0.9983543 0.04008173 0.1587954 -0.9635368 -0.2153624 0.1188325 -0.9608831 -0.2501651 0.1058179 -0.9594652 -0.2612073 0.08117169 -0.9403169 -0.3304774 0.03185039 -0.9983147 0.04851084 -0.1905142 -0.9811868 -0.03125369 -0.310283 -0.9264968 -0.2129045 -0.4204806 -0.9017451 -0.1002601 -0.02798128 -0.9838733 -0.1766647 -0.4445799 -0.8881105 -0.116656 0.04681861 -0.9513876 -0.304417 -0.1695132 -0.9674183 -0.1880618 5.71536e-4 -0.9886775 -0.1500552 0.01363521 -0.9902753 -0.1384528 -0.01323455 -0.8657619 -0.5002813 0.08072328 -0.9721777 -0.2198964 -0.2989061 -0.9528127 -0.05294549 0.1131498 -0.9409083 -0.3192002 0.02740681 -0.8749192 -0.4834929 0.1957191 -0.9609537 -0.1956066 0.2628483 -0.8869493 -0.3797785 -0.2750018 -0.9320787 -0.2358037 0.04694247 -0.9513825 -0.3044139 0.2215979 -0.8814254 -0.4171134 0.3067021 -0.8787813 -0.3656191 0.1825916 -0.8696817 -0.4586004 0.2418411 -0.9130417 -0.3284324 -0.1460703 -0.9891776 -0.01383101 -0.07558465 -0.9819624 -0.1733112 -0.09998011 -0.994899 0.0134086 -0.361415 -0.9286912 -0.08313763 -0.08096021 -0.9966009 0.01523709 -0.561266 -0.8266288 -0.04081088 -0.07233071 -0.99425 -0.07896399 -0.5621489 -0.8260009 -0.04136478 -0.08481085 -0.9923662 -0.08953464 -0.3750152 -0.9071244 -0.1910212 -0.03324794 -0.8372535 -0.5458033 0.1097818 -0.9588637 -0.2617791 -0.2349685 -0.9712881 -0.03727477 0.2322627 -0.9203266 -0.3147271 -0.6169071 -0.7870258 -0.004015326 -0.2951815 -0.9535688 -0.05978757 -0.3010701 -0.9274382 -0.2218448 0.2205337 -0.8441288 -0.4886836 -0.1846486 -0.9824816 -0.02519738 -0.4215455 -0.8943657 -0.1496981 -0.4006703 -0.9065563 -0.1327372 0.1303437 -0.9848329 -0.1145193 -0.5233699 -0.8225863 -0.2223417 0.03773713 -0.8597851 -0.5092598 -0.2669405 -0.9395338 -0.2145206 0.1898998 -0.9509497 -0.2441984 0.03013128 -0.9851067 -0.1692843 0.0632171 -0.9853473 -0.1584115 -0.3344302 -0.9256573 -0.1769608 0.2993587 -0.86479 -0.4031411 0.2751337 -0.8999469 -0.3382266 -0.282938 -0.9572173 -0.06067359 -0.5875383 -0.7838553 -0.2009225 -0.467388 -0.872405 -0.1430314 -0.4479053 -0.8847828 -0.1286089 -0.5183135 -0.8390134 -0.1655524 -0.5346671 -0.8277804 -0.1700318 -0.03497022 -0.9965763 -0.07491856 -0.2008776 -0.9563432 -0.2122635 0.132519 -0.9720591 -0.1937524 0.09020364 -0.9860101 -0.1401688 -0.007531702 -0.821903 -0.5695777 0.103502 -0.9197028 -0.3787268 -0.3244983 -0.941668 -0.08923143 0.2292057 -0.8691037 -0.438319 -0.1309328 -0.9711593 -0.1992642 0.1907043 -0.9505156 -0.245259 0.09062969 -0.9401249 -0.3285598 0.09324043 -0.983999 -0.1518301 0.1040302 -0.9843885 -0.1419754 -0.3677537 -0.9004005 -0.2324571 -0.3647928 -0.9018971 -0.2313179 -0.4391176 -0.8930593 -0.09808635 0.09968 -0.8421138 -0.5300078 -0.3901246 -0.9136883 -0.1139151 -0.003362119 -0.9831481 -0.1827797 0.2193266 -0.8442806 -0.4889645 0.0894286 -0.9516987 -0.2937214 0.1660937 -0.9618989 -0.2171718 0.2590211 -0.9234979 -0.2829487 -0.2225229 -0.9739724 -0.04314434 0.07453447 -0.9436823 -0.3223485 0.1034638 -0.9378225 -0.3313371 0.01731973 -0.9960242 -0.08738321 0.005948722 -0.9998885 0.01369714 0.08991158 -0.9416459 -0.324375 0.2492645 -0.936607 -0.2462412 0.06991952 -0.9820945 -0.174933 -0.5936271 -0.804622 -0.01379835 -0.1240051 -0.9921426 -0.01661235 -0.115392 -0.9932553 -0.01134717 0.3463279 -0.8866043 -0.3065776 0.2779994 -0.8920071 -0.3564262 -0.03357821 -0.9548585 -0.2951576 0.01465123 -0.9997854 0.0146436 0.1404185 -0.822593 -0.5510205 -0.1227081 -0.9701875 -0.2089952 -0.07698136 -0.996977 -0.01052302 -0.06681275 -0.9776974 -0.1991078 -0.1630774 -0.9856746 -0.04302972 0.02312213 -0.9954559 -0.09237354 0.3078401 -0.9061261 -0.2901209 0.3028249 -0.8576136 -0.4156874 -0.5604507 -0.8281815 -0.003234803 -0.02653181 -0.9996302 -0.005984783 0.3056091 -0.847089 -0.4347912 0.02458369 -0.8081771 -0.5884262 -0.1181444 -0.9925924 -0.02832478 -0.5575794 -0.8067651 -0.1955382 -0.5433169 -0.8174368 -0.1913222 0.1195915 -0.982261 -0.1444352 -0.5720384 -0.7947667 -0.2027754 0.1756755 -0.8360489 -0.5197695 -0.6477073 -0.7476298 -0.1467142 -0.05890727 -0.9554598 -0.2891827 -0.08196741 -0.9518774 -0.2953151 -0.3503606 -0.9238102 -0.1543444 0.2419672 -0.8530538 -0.4623326 0.2232245 -0.9553054 -0.1938105 0.1590121 -0.9579291 -0.2389291 -0.4689326 -0.8540495 -0.2251707 0.05453532 -0.8069313 -0.5881223 -0.4427698 -0.8916369 -0.09454512 0.1081169 -0.9546651 -0.2773545 0.0952655 -0.9409872 -0.3247578 -0.03677028 -0.9989447 -0.0275231 0.2995498 -0.9281229 -0.2210381 -0.0598551 -0.9981342 -0.01206952 0.2608051 -0.9310845 -0.2550736 -0.016819 -0.9998341 -0.006990849 -0.6037974 -0.776645 -0.1795862 0.1677743 -0.9719018 -0.165102 0.06610435 -0.9945707 -0.08037078 0.3159868 -0.8263846 -0.4660911 -0.2178339 -0.9734479 -0.07033985 -0.01029074 -0.9540625 -0.2994312 -0.3901374 -0.9121888 -0.1253173 -0.4123113 -0.9000119 -0.1413437 -0.3228913 -0.940797 -0.1031619 0.1319377 -0.978747 -0.156993 0.3071416 -0.8724145 -0.3802065 0.2065113 -0.811217 -0.5470651 -0.3118881 -0.9261516 -0.2120591 0.3097516 -0.9045461 -0.2930023 -0.4967204 -0.8665937 -0.04779297 -0.4922243 -0.8693373 -0.04436159 -0.1382671 -0.9895959 -0.03977787 -0.1335428 -0.9903681 -0.03656983 0.04477357 -0.9989721 -0.007088482 0.3341627 -0.9099916 -0.2454602 -0.6256203 -0.7631037 -0.1620866 0.02178633 -0.9996085 -0.01755672 -0.0777049 -0.9964172 -0.03338944 0.1774098 -0.977729 -0.1121245 0.3372282 -0.8510516 -0.4024778 0.1217868 -0.9810837 -0.1504752 0.1025817 -0.921505 -0.374574 -0.04014909 -0.9991068 -0.01318222 0.1053971 -0.9901047 -0.09265154 0.1081143 -0.9899798 -0.09083706 -0.2631866 -0.9430078 -0.2036395 -0.2615909 -0.9349565 -0.2396387 -0.3574409 -0.9234228 -0.1397367 0.2134661 -0.9701445 -0.1151177 -0.04432225 -0.9759596 -0.2133978 -0.04376053 -0.9760442 -0.2131263 0.07981961 -0.9813583 -0.1748276 -0.2918015 -0.9371255 -0.1914359 -0.5049959 -0.8386752 -0.2039687 0.01990789 -0.806104 -0.591439 0.1007344 -0.7831834 -0.6135768 0.04400086 -0.9984889 -0.03292584 -0.3076789 -0.9217043 -0.2362095 0.3794116 -0.8983312 -0.2214675 0.2120452 -0.9614803 -0.1749073 0.2414425 -0.9586765 -0.1504825 -0.2577197 -0.9622021 -0.08802056 -0.4044516 -0.9060888 -0.1241865 0.1787381 -0.9805077 -0.08159267 0.1025974 -0.9530641 -0.2848557 0.3558115 -0.8874869 -0.2928569 -0.4589363 -0.8725635 -0.1673631 0.4075019 -0.8784791 -0.2494327 -0.5338259 -0.8454738 -0.01428437 0.3175817 -0.8300252 -0.4584759 0.180343 -0.976017 -0.1219314 0.4046387 -0.8606634 -0.3090729 -0.6325266 -0.7638345 -0.1283237 -0.5948942 -0.7758427 -0.2101642 -0.07786446 -0.9959334 -0.04531943 0.2852664 -0.9456593 -0.1560496 0.2604233 -0.949589 -0.1745297 -0.2042368 -0.9758375 -0.07764464 0.04553478 -0.9761551 -0.212245 0.03031426 -0.9995105 -0.007729232 -0.4438246 -0.8654004 -0.2325981 -0.4303421 -0.872211 -0.2324944 -0.1909028 -0.955042 -0.226828 0.4049124 -0.806779 -0.4302948 0.08952361 -0.9779487 -0.1886849 0.00842911 -0.9764504 -0.2155779 0.04085576 -0.9991294 -0.008456885 0.402101 -0.8113273 -0.4243381 0.2019817 -0.80954 -0.5512245 -0.5031464 -0.8440712 -0.1854394 -0.5164408 -0.8342412 -0.1932119 -0.1217731 -0.9669426 -0.2240386 0.1291276 -0.7760486 -0.6173125 0.281468 -0.8057335 -0.5211233 0.1093709 -0.9936017 -0.0281732 -0.5414671 -0.8184584 -0.192196 -0.351503 -0.926848 -0.1319034 0.3050844 -0.8577104 -0.4138317 0.4383388 -0.8409455 -0.3172851 -0.3694419 -0.9248874 -0.08997774 0.001504004 -0.9994132 -0.03421998 0.1629275 -0.9846692 -0.06230032 0.3680639 -0.8328396 -0.4134094 -0.1861182 -0.9795952 -0.07585108 -0.5985333 -0.7926426 -0.1160842 0.1096884 -0.9935568 -0.02851998 -0.1410722 -0.9526367 -0.2694105 -0.5670221 -0.8097957 -0.1507207 -0.418564 -0.8944822 -0.157181 0.2052686 -0.9726425 -0.1087722 0.05977219 -0.767017 -0.6388367 0.3318552 -0.930603 -0.1544351 0.306589 -0.9358727 -0.1736249 0.4301815 -0.8199009 -0.3777651 -0.2238726 -0.9493353 -0.2205526 0.2171323 -0.96924 -0.1158771 -0.1913897 -0.9530869 -0.2345108 0.3317308 -0.7919569 -0.5126004 0.03801995 -0.9738169 -0.2241317 -0.3019853 -0.9394338 -0.1620773 -0.2882574 -0.9240735 -0.2509903 0.1859387 -0.9823613 -0.01982933 -0.1675541 -0.9565724 -0.2385266 -0.3157184 -0.9433642 -0.1019114 0.01154547 -0.9757892 -0.2184088 0.1265741 -0.9919458 0.004757106 0.381901 -0.8109269 -0.4433388 0.06073278 -0.9754547 -0.2116597 0.3793466 -0.8804048 -0.2845766 0.3728968 -0.9156255 -0.1502606 0.3370844 -0.9242423 -0.1793054 0.4653792 -0.8263163 -0.3172124 0.2370555 -0.9699119 -0.05545818 0.01300281 -0.9512205 -0.3082379 0.2442178 -0.9659503 -0.08542758 -0.04753094 -0.9973843 -0.05445605 -0.4299126 -0.9014645 -0.0503695 -0.4317609 -0.9005105 -0.0516082 0.22401 -0.7840895 -0.578812 0.4114593 -0.8022931 -0.4324664 -0.09479713 -0.9937644 -0.05870246 0.0971744 -0.977021 -0.1897025 0.3018572 -0.9493651 -0.08711093 0.2879971 -0.952102 -0.1027595 0.4096446 -0.862467 -0.2972239 0.4859364 -0.8468618 -0.2160811 0.4094327 -0.8758262 -0.2555257 -0.4913176 -0.8709543 -0.006764948 0.2662261 -0.7567884 -0.5969883 0.12322 -0.9248269 -0.3598781 -0.5163467 -0.8338453 -0.1951616 -0.1333409 -0.9877474 -0.08108913 0.2231326 -0.9744083 -0.0272091 -0.2761922 -0.9538125 -0.1181507 -0.2672089 -0.9570359 -0.1126129 -0.4722847 -0.8626855 -0.1808893 0.3796514 -0.80757 -0.4513265 0.3426402 -0.769923 -0.5383459 0.1759801 -0.9842975 -0.01376616 0.04296636 -0.9479233 -0.3155874 -0.04243063 -0.9714693 -0.2333391 -0.04310417 -0.9712859 -0.2339782 0.4599483 -0.8475589 -0.2647483 -0.3477846 -0.9270337 -0.140195 0.4127377 -0.8986937 -0.1483154 0.3757852 -0.9087767 -0.1814125 -0.09907835 -0.9660764 -0.2384951 0.3405219 -0.9370068 -0.07786631 -0.1537737 -0.9560854 -0.2495084 -0.5700465 -0.7945464 -0.2091484 -0.2511464 -0.9369007 -0.2431926 -0.1595116 -0.9576227 -0.2398228 0.5027682 -0.8237672 -0.261977 0.0793972 -0.9966601 -0.01910495 0.2347 -0.971998 -0.01165485 0.07728642 -0.9328178 -0.351963 0.3839889 -0.7637452 -0.5188893 0.4498526 -0.7728839 -0.4475303 0.1897982 -0.9737284 -0.1258168 0.02685827 -0.9989092 -0.03819835 0.1278308 -0.954468 -0.2695366 -0.371796 -0.8968837 -0.2395154 -0.3892221 -0.8893393 -0.2399621 0.3009653 -0.9533725 -0.02237516 -0.4845141 -0.8747209 -0.01045972 0.2497643 -0.7485051 -0.6142948 0.5413281 -0.806236 -0.2386366 0.4375803 -0.8805623 -0.1820266 0.4852102 -0.865362 -0.125378 0.1419883 -0.9767839 -0.1604134 0.3726376 -0.9228416 -0.09749275 0.382425 -0.9198413 -0.087426 0.0713545 -0.9213091 -0.382228 -0.6262258 -0.7752978 -0.08218723 -0.4084037 -0.8976868 -0.1654239 -0.1592375 -0.9828602 -0.09289443 0.4569103 -0.8073899 -0.3733023 0.3065934 -0.9514387 -0.02765911 0.5764072 -0.7694611 -0.275108 0.3979108 -0.8007061 -0.4478135 0.3114049 -0.7616345 -0.5682782 0.5250499 -0.7576858 -0.3876014 -0.2399379 -0.9542981 -0.1781713 0.4686504 -0.8182726 -0.3328616 0.0988456 -0.9227714 -0.3724547 0.581366 -0.7890161 -0.1986635 0.4470374 -0.8917839 -0.06985098 -0.1018798 -0.9663226 -0.236308 0.5411413 -0.77336 -0.3302735 0.08621269 -0.9957603 -0.03207576 -0.09875029 -0.9924942 -0.07213616 0.4880811 -0.850776 -0.194826 0.5337105 -0.8352572 -0.1322819 0.3663938 -0.9299747 -0.03004252 0.5136945 -0.7424554 -0.4299745 0.3542071 -0.7367753 -0.5759336 0.380963 -0.9243925 -0.01912856 0.5789002 -0.7789522 -0.241056 0.1438528 -0.974413 -0.1727013 -0.1424148 -0.9856182 -0.09096676 0.06331765 -0.9354698 -0.3476886 -0.230176 -0.9410774 -0.247775 -0.03497672 -0.9968776 -0.07079356 0.4182807 -0.9078147 -0.03023034 0.06956624 -0.9474953 -0.312111 0.5786798 -0.8057017 -0.1263907 0.520411 -0.8284143 -0.2071282 0.5793372 -0.7718856 -0.2618414 0.4788008 -0.8708157 -0.1114888 0.5956771 -0.7661341 -0.2412621 -0.1464743 -0.971313 -0.1873403 0.4217346 -0.9062651 -0.02869951 -0.2325574 -0.9570522 -0.1731138 0.5443146 -0.818452 -0.1840057 -0.2919819 -0.9458268 -0.1419793 -0.283831 -0.9492157 -0.1357554 0.06709825 -0.9360313 -0.3454612 0.0790106 -0.9333757 -0.3500961 -0.2891224 -0.9480615 -0.1326187 -0.2729306 -0.953711 -0.1262707 0.6385414 -0.7578237 -0.1340464 0.4719557 -0.8808081 -0.03788077 0.58908 -0.7884176 -0.177151 0.6231284 -0.7703717 -0.1350502 0.507377 -0.8613947 -0.02382844 0.5350742 -0.8367993 -0.1160283 0.5678794 -0.8216874 -0.04840368 -0.2212721 -0.9682517 -0.116307 0.5145091 -0.8569408 -0.03054541 0.1234043 -0.9312179 -0.3429356 -0.3700993 -0.9138237 -0.1671912 -0.3550346 -0.9209014 -0.1609071 0.5807341 -0.8064663 -0.1111763 0.6141149 -0.7875404 -0.05141174 0.09594541 -0.9458792 -0.3100115 0.618533 -0.7855651 -0.01744788 0.5680051 -0.8214437 -0.05099564 -0.3365886 -0.907716 -0.250519 0.5973916 -0.8019049 0.008473515 0.5576942 -0.829625 -0.02644956 -0.3615201 -0.9307324 -0.05514264 -0.3736639 -0.9251268 -0.06720095 0.07312536 -0.9718641 -0.223904 0.05133277 -0.9666936 -0.2507358 -0.4718074 -0.8563259 -0.2100093 -0.4301487 -0.9026734 -0.01236164 0.4380615 -0.02634799 0.8985589 0.4380878 -0.02570956 0.8985645 0.4382156 -0.0261951 0.8984883 0.4381812 -0.02642315 0.8984983 0.4384423 -0.02619224 0.8983777 0.4386433 -0.02629595 0.8982766 0.4381867 -0.02693831 0.8984804 0.06973087 -0.02616864 0.9972226 0.06973415 -0.02620178 0.9972215 -0.1571055 -0.02773839 0.9871922 -0.1567181 -0.02688884 0.9872773 -0.1574114 -0.0250498 0.9872155 -0.1535168 -0.02239769 0.9878922 -0.1575913 -0.02721816 0.9871293 -0.1535291 -0.02336394 0.987868 -0.1589121 -0.02766227 0.9869052 -0.1624749 -0.03008311 0.986254 -0.1582941 -0.02535325 0.9870666 -0.1563817 -0.02617019 0.9873499 -0.1567493 -0.0138114 0.9875419 -0.1572383 -0.02627366 0.9872112 -0.1557862 -0.02600389 0.9874485 -0.1571898 -0.02632212 0.9872177 -0.1550896 -0.02576929 0.9875642 -0.1577934 -0.02658635 0.9871143 -0.1569415 -0.02628141 0.9872581 -0.1575465 -0.02653819 0.987155 -0.154419 -0.02508157 0.9876871 -0.1524326 -0.02406394 0.9880208 0.8551164 -0.5071757 -0.1074656 0.872795 -0.4789284 -0.09410971 0.8817435 -0.4710902 -0.0245462 0.9066525 -0.4031576 0.1242792 0.9073807 -0.420276 -0.005339562 0.7735657 -0.5955235 -0.2166748 0.8048359 -0.5852577 -0.09855258 0.7859099 -0.6179844 -0.02099835 0.9124693 -0.4082232 -0.02745276 0.7767345 -0.5995002 -0.1930883 0.9341186 -0.3549333 0.03801256 0.8173939 -0.5757691 -0.01890212 0.7537279 -0.6067295 -0.2525343 0.838076 -0.5445311 -0.03338396 0.8096386 -0.5566423 -0.1861042 0.8415625 -0.5288526 -0.1099434 0.8136622 -0.581255 -0.009824514 0.8569355 -0.5152778 -0.01226687 0.8552348 -0.5182043 -0.00615853 0.8416357 -0.5367162 -0.05987763 0.8848656 -0.4648633 0.03025317 0.677454 0.7352749 0.02066481 0.6296187 0.7768098 -0.0121178 0.531416 0.8469882 0.01442933 0.4916277 0.8708016 -0.002634108 0.9711499 0.2384677 0.001145958 0.8108415 0.5852543 -0.003704607 0.7750533 0.631832 0.008993029 0.7366812 0.6761684 -0.009858548 -0.7964614 0.6033501 -0.04022574 -0.7766542 0.6276875 -0.05307412 -0.7136826 0.6974439 -0.06503307 -0.8676653 0.4970591 -0.009444177 -0.9781493 -0.2078571 0.004429876 -0.678712 0.731505 -0.06519556 -0.8346515 0.5498744 -0.03154444 -0.6405669 0.7668181 -0.04079514 -0.9609536 -0.2766768 0.004271388 -0.8739447 -0.4859402 -0.009101867 -0.66944 0.7422145 -0.03111046 -0.6631939 0.7475486 -0.03667473 -0.9472523 -0.320445 0.005301356 -0.9614493 -0.274957 0.003733038 -0.8424767 -0.5385273 -0.0148831 -0.907323 -0.4204186 0.003680884 -0.8329699 -0.5527883 -0.02421355 -0.9254077 -0.3789604 0.003117024 -0.8629335 -0.5053082 -0.003071129 -0.6150781 0.2447203 0.7495272 -0.6241747 0.2395762 0.743646 -0.9164062 -0.4002491 6.81304e-4 -0.6753308 0.2390662 0.6976931 -0.6798962 0.241239 0.692492 -0.863308 0.5046066 -0.008456945 -0.941058 -0.3382406 0.001786291 -0.7224524 0.2563312 0.6421502 -0.6238893 0.2172051 0.7507224 -0.7107394 0.2405514 0.6610481 -0.6378052 0.2075901 0.7416946 -0.8391761 -0.5438082 -0.007497489 -0.7614765 0.2399963 0.6021258 -0.6693789 0.2089528 0.712931 -0.7296614 0.2249035 0.6457653 -0.8218335 -0.5697145 -0.003894746 -0.7254822 0.6873686 -0.03464084 -0.7877774 0.2567465 0.5599002 -0.8179815 0.2655147 0.5103021 -0.6275073 0.1924749 0.7544455 -0.7549716 0.6544261 -0.04176539 -0.8906769 -0.454635 0.001306295 -0.7822713 0.2463678 0.5721492 -0.8746098 -0.4848138 -0.003671348 -0.6342439 0.7731293 -0.002435684 -0.7487784 0.2254475 0.6233012 -0.6940763 0.1988945 0.6918809 -0.7975407 -0.6032459 -0.0048213 -0.7891369 -0.6141232 -0.01076734 -0.8240576 0.2603203 0.5031525 -0.6382089 0.1742144 0.7498925 -0.7023215 0.7115576 -0.02074193 -0.7157183 0.1996454 0.6692452 -0.8525687 0.2834737 0.4390553 -0.7974418 0.6029658 -0.02278107 -0.7248094 0.1939237 0.6610937 -0.8006127 0.2265585 0.5546986 -0.8390576 0.2613943 0.4771324 -0.8123404 0.5827339 -0.02290129 -0.7670901 0.203303 0.6084741 -0.6849884 0.1672869 0.7090881 -0.6847856 0.1671729 0.7093109 -0.8086998 0.2264917 0.5428686 -0.776255 0.6303868 -0.006379306 -0.7551899 0.1940307 0.6261312 -0.7748545 0.6320988 -0.00719577 -0.7242621 0.1684329 0.6686365 -0.7297729 0.1643965 0.6636304 -0.7756688 0.2034459 0.597451 -0.8819029 0.4714305 -8.05386e-4 -0.8333187 0.5526279 -0.01351231 -0.8708999 0.2768521 0.406062 -0.8830668 0.3016265 0.3594642 -0.8505089 0.2434254 0.4662389 -0.758337 0.1775725 0.6272106 -0.8763048 0.2820813 0.390538 -0.8234175 0.2133432 0.5258026 -0.6664922 0.7454977 -0.004625916 -0.8890362 0.457836 9.06897e-4 -0.7929146 0.1847591 0.5806466 -0.8658062 0.2535474 0.4313856 -0.8554672 0.2437546 0.4569023 -0.6805067 0.7326556 -0.01124566 -0.9007292 0.3231157 0.2903156 -0.7782536 0.1694798 0.604647 -0.8006665 0.1850216 0.5698246 -0.8274531 0.2133218 0.5194373 -0.8927621 0.3017081 0.3345866 -0.9013618 0.3230749 0.2883915 -0.7767543 0.6297603 -0.007414162 -0.9094785 0.3481779 0.2272027 -0.909125 0.4163308 0.01266986 -0.9112163 0.4116456 0.01526224 -0.8388292 0.1994083 0.506559 -0.7324697 0.6807752 0.005778908 -0.9374701 0.3469548 0.02778935 -0.895067 0.2905158 0.338313 -0.8897988 0.2735628 0.365269 -0.9115576 0.3740165 0.1708056 -0.8324182 0.5539851 -0.01342976 -0.8148503 0.1656333 0.555504 -0.8642043 0.213822 0.4554463 -0.7750281 0.631893 -0.006543636 -0.8029873 0.1503803 0.5767124 -0.8796787 0.2452188 0.4074717 -0.9299743 0.3671194 0.01926702 -0.9100021 0.3477869 0.2256999 -0.8776438 0.4793133 4.92779e-4 -0.8607917 0.2142897 0.4616466 -0.8712403 0.2197709 0.4389093 -0.8244367 0.1664305 0.5409299 -0.8445369 0.1987903 0.4972322 -0.9161419 0.3741505 0.1438592 -0.9003645 0.4257229 0.09002149 -0.8899443 0.2618448 0.3734122 -0.8866283 0.2516366 0.3880326 -0.9073447 0.3079047 0.2862173 -0.9044837 0.2953822 0.3076665 -0.8277528 0.1635662 0.5367228 -0.8867341 0.4363918 0.1525286 -0.950244 0.3102125 0.02836686 -0.956335 0.2902471 0.03435474 -0.9127683 0.3373854 0.2302721 -0.9091838 0.3105804 0.277353 -0.8512419 0.1721643 0.4957284 -0.8498405 0.1683247 0.4994376 -0.8140503 0.5807799 -0.004115462 -0.8125383 0.5828863 -0.005022585 -0.9122824 0.3747264 0.1652904 -0.9176836 0.3360842 0.2119062 -0.9625229 0.2691147 0.03357392 -0.8639678 0.1835094 0.4689179 -0.8517666 0.5239213 5.15646e-4 -0.9711481 0.2340897 0.04553508 -0.8794909 0.4758852 -0.0054093 -0.8811138 0.205492 0.4259245 -0.9035323 0.3710548 0.214354 -0.9774869 0.2072289 0.03969699 -0.9065722 0.4169757 0.06525462 -0.9099355 0.3976925 0.1177207 -0.9143269 0.3790434 0.1425922 -0.9232305 0.2972942 0.2434372 -0.9059833 0.2685975 0.3271846 -0.9846566 0.1662212 0.05312365 -0.9677911 0.2508854 0.02090233 -0.8951085 0.4430353 0.05000638 -0.8745871 0.1826825 0.4491376 -0.9045494 0.271536 0.3287227 -0.9105277 0.3257847 0.2545658 -0.895017 0.2213915 0.3872087 -0.8937777 0.2163782 0.392864 -0.9887321 0.1430444 0.04412811 -0.9766123 0.2139412 0.02139723 -0.9776777 0.2087638 0.02374827 -0.9075036 0.4200379 0.002316594 -0.9189711 0.2782456 0.2794131 -0.909536 0.2940145 0.2937685 -0.9483839 0.3170908 0.004631519 -0.9952045 0.07980251 0.05656647 -0.9950585 0.0834794 0.05375659 -0.9194168 0.3462706 0.1864663 -0.9179313 0.3259441 0.2261916 -0.9048708 0.2365807 0.3538905 -0.8572476 0.5107828 -0.06502085 -0.8796008 0.47566 -0.007087767 -0.9067454 0.4124298 0.08783292 -0.9884608 0.1495308 0.0242033 -0.989481 0.1418052 0.02861243 -0.9212456 0.3889725 -0.002652287 -0.9306761 0.3658326 0.002943336 -0.9223821 0.2931306 0.2515668 -0.9984426 0.01741927 0.05300104 -0.9984091 0.01533579 0.05425935 -0.919775 0.3470443 0.1832326 -0.9145423 0.3783183 0.1431349 -0.8573322 0.5107249 -0.06435525 -0.8171105 0.563403 -0.1220967 -0.9196169 0.2297659 0.3186103 -0.8950924 0.4432863 0.04802948 -0.8788463 0.4770405 -0.007842123 -0.9092704 0.2484377 0.3339254 -0.9964539 0.07918506 0.02845066 -0.9963797 0.08029639 0.0279296 -0.9526066 0.304194 0.002602517 -0.9197838 0.2986161 0.2546099 -0.9768406 0.2139157 0.004752933 -0.9208146 0.3443102 0.1831694 -0.9977234 -0.04209733 0.05268788 -0.9975528 -0.04435288 0.05404984 -0.9618367 0.2735573 0.006051838 -0.844599 0.5316591 -0.06317603 -0.8786852 0.4768119 -0.02372175 -0.9994251 0.01710492 0.02927428 -0.9994286 0.01636523 0.02957522 -0.8096756 0.5754607 -0.1151976 -0.9238445 0.2626205 0.2784637 -0.9744287 0.224689 0.00189954 -0.9332931 0.2441971 0.2633097 -0.9276652 0.2971781 0.226103 -0.858076 0.5134673 -0.007541298 -0.9020524 0.4277566 0.05767095 -0.906223 0.4134163 0.08858352 -0.9164851 0.3819769 0.1189484 -0.8019232 0.5853462 -0.1195372 -0.9963524 0.08491581 0.0084517 -0.9919694 -0.1126527 0.0574994 -0.993048 -0.1050825 0.05304205 -0.9237105 0.3088053 0.2267117 -0.9897351 0.1427861 0.006044447 -0.8433935 0.5325098 -0.0715596 -0.8713513 0.4906542 -0.002313196 -0.9987102 -0.04227399 0.02812367 -0.9985646 -0.04495072 0.02912449 -0.7685738 0.6190606 -0.1614261 -0.9142791 0.3876246 0.1176481 -0.9039833 0.4251784 0.04514163 -0.9261205 0.343995 0.1548177 -0.9859083 -0.161936 0.04197025 -0.9972003 0.07455062 0.005823016 -0.8880088 0.4561135 0.05831652 -0.9235925 0.3506801 0.1549211 -0.98818 0.1532811 0.002326965 -0.9366838 0.301897 0.1774309 -0.9942586 -0.1035118 0.02711492 -0.7430164 0.655263 -0.136225 -0.9941912 -0.1040987 0.0273382 -0.9176697 0.3895722 0.07820391 -0.9997642 0.02092379 0.005822122 -0.8222347 0.5637779 -0.07800388 -0.9800057 -0.1941077 0.04371541 -0.9799636 -0.194294 0.04383325 -0.9020788 0.4216668 0.0919305 -0.9187694 0.3808154 0.1041272 -0.856194 0.5154654 -0.03503227 -0.8212268 0.5651372 -0.07878333 -0.7791748 0.6171351 -0.1096864 -0.8073077 0.581947 -0.09793859 -0.9893723 -0.1430711 0.02594399 -0.7317826 0.6650082 -0.1491926 -0.9067166 0.4165033 0.06625771 -0.7096315 0.6912956 -0.1361381 -0.7712665 0.6258063 -0.116252 -0.8724138 0.4887473 -0.00450617 -0.852921 0.5206819 -0.03763127 -0.9242951 0.3707581 0.09064763 -0.8891521 0.4572802 0.01741987 -0.9990618 -0.04232859 0.009168028 -0.699187 0.7004919 -0.1429987 -0.9617024 -0.2712662 0.03928631 -0.9644787 -0.2616939 0.03601568 -0.8764713 0.4813617 0.009434223 -0.8980067 0.438412 0.03713595 -0.821849 0.5647678 -0.07484358 -0.7701215 0.6315999 -0.08941209 -0.6979626 0.7071225 -0.1132525 -0.8522605 0.5225854 -0.02359282 -0.9770305 -0.2120116 0.02150738 -0.7397017 0.6641933 -0.1081144 -0.9999989 0.001438975 4.23045e-4 -0.7789776 0.6229177 -0.0718851 -0.6924511 0.7130078 -0.110143 -0.8253831 0.561748 -0.05641132 -0.9943596 -0.1059959 0.003732383 -0.9449613 -0.3263189 0.02375167 -0.9843299 -0.1760497 0.01006436 -0.875927 0.4824382 -0.002310991 -0.7477197 0.6582313 -0.08744752 -0.9934912 -0.1139056 8.56435e-4 -0.9668448 -0.2544395 0.02172029 -0.9361513 -0.3505089 0.02765035 -0.9408437 -0.3382188 0.02052623 -0.8518915 0.5231826 -0.02368515 -0.7684373 0.6369681 -0.06144797 -0.6901868 0.7198172 -0.07419919 -0.6715323 0.7352458 -0.09196829 -0.9810883 -0.1933369 0.00930351 -0.7307036 0.6791586 -0.06939727 -0.8234974 0.5652748 -0.04813033 -0.9185355 -0.3948918 0.01878845 -0.850879 0.5250687 -0.01754862 0.467661 -0.01752793 0.8837342 0.4771732 -0.01454913 0.8786888 0.5180595 -0.01250618 0.8552532 0.5170299 -0.01414495 0.8558505 0.9233921 -0.01878726 0.3833982 0.9450597 -0.0339986 0.325125 0.9218805 -0.002722084 0.387465 0.9584711 0.01846086 0.2845917 0.7717226 0.01160514 0.6358535 0.7511239 -0.0304839 0.6594572 0.6887213 -0.01072746 0.7249469 0.9998175 0.01864272 -0.004194796 0.9995708 0.02581125 0.013857 0.9996405 -0.02675992 0.001693725 0.9997138 -0.0232914 -0.005487263 0.8548844 -0.5188179 9.76967e-4 0.5604166 -0.8281335 -0.01132184 0.5965434 -0.8024972 0.01159036 0.6323881 -0.7746263 -0.006294071 0.6446717 -0.7644252 0.007246136 0.6877479 -0.7259033 -0.008200585 0.6923834 -0.7215296 -5.30911e-4 0.7758896 -0.6303951 -0.02444249 0.7345991 -0.6783257 0.01544344 0.9795409 -0.02448463 -0.1997502 0.2557498 -0.00797075 -0.9667102 0.6968461 -0.03694522 -0.7162685 0.9432049 0.1063061 -0.3147438 0.837818 -0.001809716 -0.5459467 0.3550773 -0.03415644 -0.9342128 0.5672729 0.05036306 -0.8219886 0.8588395 -0.02009057 -0.5118507 0.9836694 0.03290009 -0.1769531 0.9525713 0.005367338 -0.3042684 0.843667 0.05746704 -0.5337823 0.9332623 -0.09360754 -0.3467842 0.5917626 0.03578174 -0.8053178 0.6053953 0.003185808 -0.7959187 0.9500562 -7.56901e-4 -0.3120782 0.8358625 -0.01041817 -0.54884 0.5784745 -0.005812108 -0.8156797 0.2394852 0.01823699 -0.9707288 0.2812902 0.00283271 -0.9596186 0.244126 -0.01562756 -0.9696177 0.8020491 0.001623809 -0.597256 0.5863624 0.01189953 -0.8099614 0.122219 0.9925032 -1.5522e-4 0.1216752 0.9925701 -7.20329e-5 0.1203671 0.9927287 -0.001192748 0.1209176 0.9926624 6.54728e-4 0.1215558 0.9925846 1.47271e-4 0.1238065 0.9923062 7.63109e-4 0.1257462 -0.9920554 -0.003735721 0.1136426 -0.9935145 0.003791928 0.1202496 -0.9927436 4.7089e-4 0.1210159 -0.99265 -0.001099526 0.1218702 -0.9925462 9.47384e-5 0.1218265 -0.9925515 1.18354e-4 0.1201379 -0.9927569 -8.51815e-4 0.007831156 0.01093184 -0.9999096 0.002590715 -0.004611253 -0.9999861 0.002705216 -7.10819e-4 -0.9999962 -0.001032531 0.0209769 -0.9997795 0.0122388 -0.01067054 -0.9998682 -0.9644778 -0.2640634 -0.007296204 0.3226178 0.9465278 -0.001741707 0.316972 0.9484254 -0.004253625 -0.9828678 -0.1842117 0.00608766 0.3859827 0.922497 0.004087746 -0.9883877 -0.1518288 -0.006159603 0.430329 0.9026689 -0.002412796 0.440186 0.8979067 2.11244e-4 -0.9971606 -0.07500684 0.006694555 0.4916293 0.8707993 0.003045737 0.5204842 0.85386 -0.004395723 0.5414738 0.8407167 0.001253545 0.581418 0.8135979 0.003398895 -0.9998739 0.01554781 0.003224492 -0.9999309 0.01169568 0.001261889 0.6167554 0.787147 -0.003564417 -0.9998331 -0.01698261 -0.006744563 0.6367489 0.771066 0.002872943 -0.9967272 0.08065795 -0.005410194 -0.9947841 0.101898 0.004642903 0.7036547 0.710533 -0.003608405 0.7024901 0.711681 -0.004229545 0.7423353 0.6700101 0.004972159 -0.9817695 0.1898481 0.009304523 -0.9875261 0.1573857 -0.004710316 0.7689313 0.6393126 -0.004908204 0.8072237 0.5902355 0.003472566 0.8249158 0.565249 -0.002735733 -0.9692114 0.2458398 -0.01386052 0.8529663 0.5219612 0.002277076 0.8788288 0.477135 -0.001483023 -0.9477824 0.3182727 0.02027654 -0.9581374 0.2862979 0.002499997 0.8776835 0.4792364 -0.002045512 0.9084309 0.4180198 0.003579258 0.9308073 0.3655104 1.82837e-5 0.9231226 0.3845008 -0.002007961 0.9477893 0.3188974 3.89856e-4 -0.9186404 0.3945813 -0.02013278 0.9502912 0.3113604 -0.001194059 -0.9023362 0.4309682 0.007481753 0.9751181 0.2216668 -0.002933859 0.9898535 0.1419999 0.005104601 0.987685 0.1564494 0.001382172 -0.8904898 0.4549872 0.003825366 -0.8542459 0.5198672 -0.001462697 0.9946086 0.1028926 -0.01292437 0.9961691 0.08741098 0.002545177 -0.8524489 0.5228022 -0.002978146 0.9998667 0.01586747 -0.003857135 0.9999502 0.005004107 0.008649468 -0.8078691 0.5893566 0.002540051 -0.7955476 0.6058819 -0.003350615 0.9887313 -0.1497009 3.3963e-4 -0.7483761 0.6632677 0.003034174 0.9956231 -0.09289616 -0.0102545 0.9952468 -0.09728139 -0.004496932 -0.7335342 0.6796411 -0.00396341 0.9910709 -0.1332929 0.00338608 0.9796605 -0.20064 -0.003006219 0.9772495 -0.212093 2.83579e-4 -0.6815254 0.731777 0.00507766 0.9563611 -0.2921685 0.003318846 -0.6528432 0.7574731 -0.005491256 -0.617131 0.7868574 0.002168059 0.93562 -0.3530079 9.27827e-4 0.9451231 -0.3266947 -0.003617346 0.9120381 -0.4101048 8.54136e-4 0.9031951 -0.4292193 -0.003067433 -0.5720654 0.820208 7.98328e-5 -0.5810635 0.8138548 -0.002394139 0.8864618 -0.462796 0.002360463 -0.5255516 0.8507617 3.39256e-5 -0.5144311 0.8575266 -0.002984464 0.8460497 -0.5330938 -0.003336131 -0.4702968 0.8824948 0.004896342 0.8130739 -0.5821517 0.003223896 0.763395 -0.6459228 0.003457009 0.7766644 -0.6299107 -0.002274394 -0.4275403 0.9039893 -0.003559827 -0.407005 0.9134254 0.001019418 0.6877646 -0.7259297 0.002462863 0.7015458 -0.7126127 -0.004080712 -0.3478334 0.937556 -8.67495e-4 0.6324027 -0.7746398 -1.45699e-4 0.6251069 -0.7805319 -0.003400206 -0.3390437 0.940769 0.001795053 0.569985 -0.8216456 0.003962993 -0.2566654 0.9665002 5.33803e-4 0.5231329 -0.8522371 -0.004899978 0.5134677 -0.8581075 -0.001548349 -0.2323428 0.9726056 -0.007430434 -0.2009658 0.9795982 3.73652e-4 0.4635325 -0.8860719 0.003789842 -0.1318717 0.9912664 -8.78935e-4 0.4158658 -0.9094255 -9.90636e-4 -0.1290628 0.9916363 -3.88015e-4 -0.1303465 0.9914686 0 0.4086989 -0.9126636 -0.00323683 -0.1016748 0.9948127 -0.003172695 0.3654266 -0.9308362 0.002714514 -0.08685863 0.9962199 0.001246333 0.3125326 -0.949905 -0.002021014 0.3046132 -0.9524761 4.15807e-4 -0.1011103 0.994822 -0.01030379 0.2303385 -0.9731081 0.002193331 -0.1012683 0.9948073 -0.01015776 0.2048753 -0.9787797 -0.004065871 -0.03456902 0.999399 -0.002573609 -0.03510385 0.9993818 -0.001958966 0.1751364 -0.9845423 0.001976191 -0.01622766 0.9998641 0.002942621 0.1485158 -0.9889078 0.002148926 0.1264874 -0.9919409 0.007367134 -0.004840016 0.9999881 -7.35371e-4 0.1516402 -0.9884318 0.002789914 -0.03801411 0.9992772 3.98179e-4 -0.03074181 0.99949 0.008657932 0.09536415 -0.9954247 -0.005948722 0.05590665 0.998436 3.79151e-4 0.02363592 0.999713 -0.003917694 0.1091918 -0.9939941 -0.007284998 0.09456169 -0.995518 0.001489818 0.01834422 0.9998317 0 0.03033143 -0.9994801 0.01092988 0.04196602 -0.9991191 -3.10632e-5 -0.001235246 0.9999977 -0.001818418 0.05230122 0.9986304 0.001431763 0.04109025 0.9991462 -0.004294037 0.05041944 0.9987282 0 0.07107287 0.997471 -5.69347e-4 0.001537024 -0.9999974 0.001667797 0.1147336 0.9933952 0.001478374 0.04129493 -0.999147 0 0.04170233 -0.99913 -3.31824e-4 0.0998041 0.995007 6.47219e-4 0.0380693 -0.9992684 0.003661096 0.02594238 0.9996616 -0.001956224 0.01237487 0.9998534 -0.01183605 0.04602491 0.9989378 0.00225389 -0.03677666 -0.999301 0.006709873 -0.025967 -0.9996594 0.002590775 0.09592014 0.9953876 0.001746773 -0.01863467 -0.9998263 5.03961e-4 0.004722476 -0.9999449 -0.009371697 0.01170641 -0.999804 -0.01596724 -0.05198031 -0.9986475 0.001185774 -0.05041944 -0.9987282 0 -0.04109025 -0.9991462 -0.004294037 -0.07115423 -0.9974653 -4.807e-4 -0.0489071 -0.9987848 0.00608462 0.07118999 0.9974622 0.001047015 -0.01459252 -0.9998924 0.00154519 0.08009213 0.9967865 -0.001369535 -0.09272122 -0.9956896 0.002276122 0.092193 0.9957386 0.002287089 -0.09359651 -0.9956074 0.002410113 0.1349393 0.9908538 -3.95719e-4 0.1184587 0.9929586 -9.40913e-4 0.1323833 0.9911987 0 0.09856754 0.9950996 -0.007831156 0.09590905 0.9953412 -0.009873628 -0.1036291 -0.9945974 0.006096541 0.1187073 0.9929281 0.001582264 0.109158 0.9940212 -0.002540469 0.1196638 0.9928129 0.001779258 -0.08317106 -0.9965341 -0.00155729 -0.07100051 -0.9974721 0.002912282 0.1750251 0.9845636 8.94545e-4 0.2152572 0.9765428 -0.005334854 0.2113941 0.9773918 -0.004223465 0.2612095 0.9652794 0.00234121 -0.1159596 -0.9932529 0.001431643 -0.1184887 -0.9929553 6.31578e-4 -0.0959174 -0.9953604 -0.007582068 -0.1184939 -0.9929527 -0.002088189 -0.1017022 -0.9947476 -0.01157194 -0.1179676 -0.9930148 -0.002315461 -0.128073 -0.9917648 0 -0.1905822 -0.9816713 -3.79938e-5 -0.1256849 -0.9920702 -4.45793e-4 -0.2020371 -0.979373 -0.003105461 -0.2559686 -0.9666783 0.003644883 -0.2996749 -0.9540412 -6.4647e-4 -0.3097108 -0.9508239 -0.003653109 -0.3449277 -0.9386268 0.002155065 -0.3898485 -0.920879 3.93845e-4 -0.3960349 -0.9182347 -0.001205623 -0.4352074 -0.9003275 0.00223571 -0.4623336 -0.8867038 -0.002049922 -0.4845585 -0.8747553 0.002526342 -0.5338674 -0.8455682 -1.16887e-4 -0.5458351 -0.8378806 -0.004506766 -0.5936685 -0.8046873 0.006023466 -0.6547355 -0.7558395 -0.005318582 -0.6473267 -0.7622126 -3.88868e-4 -0.7346016 -0.6784788 0.00520879 -0.7198478 -0.694128 -0.00234729 -0.7772797 -0.6291425 -0.004018187 -0.8049975 -0.5932638 0.004146695 -0.8215072 -0.5701907 -0.00292474 -0.8639284 -0.5036087 0.002439856 -0.8666696 -0.4988826 2.52883e-4 -0.9150755 -0.4032667 0.003583312 -0.9064283 -0.4223524 -0.002511978 -0.9361614 -0.3515538 -0.003434956 -0.9501276 -0.3118137 0.005481004 0 0 1 2.17846e-5 0 1 -1.79097e-5 0 1 -1.08487e-5 0 1 1.31069e-4 -6.51992e-5 1 -0.9676666 0.2522292 -0.001322686 -0.9697231 0.2441072 0.007005393 -0.9917422 0.1278719 -0.009807288 -0.9933114 0.1153845 0.004363596 -0.5382658 0.8427426 0.007417857 -0.5816175 0.8134621 -8.23471e-4 -0.9024101 -0.4308784 2.29355e-4 -0.9041549 -0.4272037 9.88013e-4 4.55911e-5 9.4855e-5 -1 1.19973e-4 6.90871e-5 -1 8.94648e-5 -7.48307e-6 -1 4.12745e-7 -1.55461e-5 -1 -3.37315e-5 1.30895e-6 -1 2.18916e-4 -5.36072e-4 -0.9999998 0 0 -1 5.21979e-5 3.44112e-5 -1 -1.73019e-4 -1.31749e-4 -1 5.25277e-4 -9.07518e-5 -1 -2.31778e-6 9.93573e-6 -1 3.48881e-7 5.44701e-6 -1 7.69384e-5 -1.7578e-5 -1 1.86378e-5 -3.47818e-5 -1 1.8111e-4 3.07777e-4 -1 -2.71773e-4 2.87609e-4 -1 6.25898e-6 3.03734e-6 -1 9.1387e-7 0 -1 -8.20352e-6 -6.66812e-5 -1 5.24059e-5 -4.47067e-5 -1 -1.16159e-4 4.34922e-4 -1 1.45319e-6 0 -1 2.0584e-6 0 -1 6.73931e-5 -1.03077e-4 -1 1.02052e-4 3.69952e-5 -1 8.35085e-7 0 -1 -3.2043e-5 1.42146e-6 -1 -6.04884e-6 -6.90273e-6 -1 -4.32081e-5 1.41603e-4 -1 -1.92169e-4 1.80459e-4 -1 0 1.00881e-5 -1 1.00111e-5 2.10645e-5 -1 5.23274e-6 6.99094e-6 -1 7.70169e-7 0 -1 -1.29332e-6 0 -1 -1.46915e-5 2.6457e-6 -1 -5.59405e-5 1.6214e-5 -1 -1.67068e-5 4.43648e-5 -1 4.32065e-5 -8.12286e-5 -1 -2.16076e-4 0 -1 -3.71029e-5 0 -1 2.47897e-6 -1.94639e-5 -1 -5.00899e-6 -2.04763e-7 -1 1.50789e-7 0 -1 9.81082e-5 6.18037e-5 -1 5.04646e-7 -2.57809e-5 -1 2.50856e-7 0 -1 2.77007e-5 -7.36384e-5 -1 -2.18123e-5 -2.83989e-5 -1 -9.82716e-5 5.89762e-5 -1 -5.30703e-6 1.63672e-5 -1 -1.59881e-5 3.54872e-5 -1 -1.02817e-5 1.86067e-6 -1 -1.00779e-5 8.30138e-7 -1 3.58718e-4 -2.8894e-4 -0.9999999 8.0537e-6 1.35549e-6 -1 -9.13079e-5 4.79546e-5 -1 -5.77799e-7 0 -1 1.07952e-5 -1.22947e-5 -1 -1.67689e-6 0 -1 -2.73176e-5 3.8546e-5 -1 1.83054e-6 0 -1 1.71294e-4 1.2336e-4 -1 -1.14989e-6 0 -1 -1.41275e-4 4.2728e-4 -1 2.59592e-5 -6.57008e-6 -1 -1.14927e-5 -1.69537e-5 -1 -5.30301e-6 -2.65983e-5 -1 1.05681e-6 0 -1 2.03185e-4 8.49138e-5 -1 1.72681e-5 -4.47362e-5 -1 -1.15212e-5 3.08746e-6 -1 1.66238e-4 -1.53822e-4 -1 1.20827e-4 -4.75035e-5 -1 -1.16625e-6 0 -1 8.15558e-6 1.37764e-5 -1 1.05281e-6 0 -1 -1.16883e-5 -2.26297e-6 -1 -1.30952e-5 1.43089e-6 -1 3.50109e-5 9.88357e-5 -1 -3.01947e-4 -3.17753e-4 -1 -1.75613e-4 1.95871e-5 -1 8.70088e-5 -2.54008e-4 -1 -1.93905e-4 4.27854e-5 -1 -5.31662e-5 -8.75253e-5 -1 1.16321e-4 3.29696e-5 -1 2.08543e-4 -6.44041e-5 -1 2.55629e-4 4.99829e-4 -0.9999999 5.04191e-5 4.6949e-5 -1 1.17962e-5 -1.37284e-4 -1 2.08356e-5 2.11612e-4 -1 2.87512e-5 -1.168e-5 -1 1.85806e-4 -1.07682e-4 -1 1.07834e-5 7.98993e-6 -1 8.36317e-6 1.68837e-6 -1 3.26014e-5 6.03847e-6 -1 6.35357e-5 -2.26159e-5 -1 -1.1615e-4 -3.53041e-4 -1 -7.7129e-5 3.06032e-4 -1 3.47853e-6 -7.88799e-6 -1 9.37661e-6 2.6612e-6 -1 0 5.41848e-5 -1 -8.66307e-7 0 -1 -8.07605e-5 -2.44435e-5 -1 8.12576e-6 -4.29276e-5 -1 0.9997125 -0.01559442 0.0182119 0.9997125 0.01559442 -0.0182119 -0.9992077 -0.03749477 -0.01334357 -0.9989691 -0.04538607 9.32216e-4 0.994219 0.1067131 0.01187515 0.992658 0.1208549 -0.004937648 -0.9919226 -0.125831 0.01600736 0.976241 0.216618 0.005509316 0.9742575 0.2253324 -0.006909191 -0.9847412 -0.1728588 -0.02011913 -0.9754662 -0.2195881 0.0157088 0.9406443 0.3393099 0.007554888 -0.9594419 -0.2812959 -0.01855045 0.9373928 0.3481922 -0.007555305 -0.9466001 -0.3216515 0.02210503 0.8917791 0.4524273 0.006296277 0.8853268 0.4648536 -0.01037484 -0.9198563 -0.39178 -0.0193125 0.8506674 0.5255879 0.01106303 -0.9002856 -0.4349767 0.01676636 -0.8813756 -0.472209 -0.01398563 0.8280229 0.5603332 -0.02012002 0.8004987 0.5991209 0.01600766 -0.8462355 -0.5323154 0.0229302 0.7479201 0.6636881 -0.01156312 0.7496112 0.6618354 -0.007555305 -0.8172786 -0.5755553 -0.02814358 -0.7748167 -0.6317363 0.02383983 0.6695894 0.7427048 0.00629425 0.6542311 0.7560816 -0.0179516 -0.7370201 -0.6755714 -0.02011686 0.6049058 0.7961201 0.01679402 -0.7084677 -0.7056564 0.01106941 -0.6468308 -0.7626076 0.0062927 -0.6574261 -0.7534477 -0.01038116 0.519254 0.8544014 0.01932686 0.5503826 0.8347201 -0.01792913 0.4495903 0.8928324 -0.02681148 -0.558112 -0.8297602 -0.003004014 -0.5604338 -0.8281705 -0.006910681 0.4125598 0.9107654 0.01735037 -0.4769003 -0.8789145 0.008687853 -0.4648529 -0.8853254 -0.01052129 0.3295293 0.9441438 -0.001740932 0.3245844 0.945807 -0.009700953 0.2144492 0.9767336 0.001780807 -0.348204 -0.9374184 9.31707e-4 -0.3444148 -0.9387816 0.008215785 0.2166228 0.9762538 -0.001777708 0.1186868 0.9928981 0.008193016 0.08814913 0.9958815 -0.02120614 -0.220147 -0.9754375 -0.007552802 -0.2166224 -0.9762539 -0.001777708 0.04090619 0.9990532 0.01481723 -0.1010013 -0.9948364 0.009971916 -0.04811197 0.9987937 -0.009826898 -0.04538077 0.9988769 -0.01362615 -0.08816361 -0.9960449 -0.01103883 -0.1258313 0.9919226 0.0160073 -0.1728584 0.9847412 -0.02011901 0.037494 -0.9992077 -0.01334506 0.04538494 -0.9989692 9.31719e-4 -0.2252936 0.9740832 0.02012068 0.1258311 -0.9919226 0.01600784 -0.281264 0.9593343 -0.02383905 -0.3480647 0.937048 0.02814137 0.1728585 -0.9847412 -0.02011877 0.2252934 -0.9740833 0.02011972 -0.3917901 0.9198794 -0.01796072 0.281264 -0.9593343 -0.02383905 -0.4700315 0.8826174 0.007557272 -0.4722234 0.8814032 0.01155728 0.3480668 -0.9370473 0.02814245 -0.5757669 0.817579 -0.00755459 0.4012274 -0.9155461 -0.02814573 -0.5787342 0.8155145 -0.001776158 0.4685457 -0.8830255 0.02703797 -0.6657994 0.7460716 0.009398519 -0.6756806 0.7371346 -0.009394586 0.5116084 -0.8590229 -0.01834756 0.5726045 -0.8197313 0.01283413 0.5864745 -0.8099554 -0.004484117 -0.7479227 0.6636852 -0.01156067 -0.7534856 0.6574622 0.001776933 0.6591261 -0.7520124 0.005508482 -0.8004981 0.5991216 0.01600694 0.6658154 -0.7460846 -0.006910622 -0.8280239 0.5603318 -0.02011781 -0.8506679 0.525587 0.01106417 0.7496126 -0.6618338 0.007555067 0.752021 -0.659137 0.001776993 -0.8917816 0.4524226 0.006294548 -0.8853268 0.4648536 -0.01037847 0.828154 -0.5604221 0.009396433 0.820617 -0.5714014 -0.009396374 -0.9406438 0.3393115 0.007555544 -0.9373921 0.3481941 -0.007553875 0.8853731 -0.4648779 -0.00177586 0.887026 -0.4616577 -0.0075562 -0.9762533 0.2166252 -0.001776576 -0.9754372 0.2201482 -0.007555365 0.9373919 -0.3481943 0.007556378 0.940645 -0.3393083 -0.007555842 -0.9948363 0.1010017 0.009973347 -0.9960448 0.08816421 -0.01104098 0.9742569 -0.2253349 0.006908953 0.9762413 -0.2166168 -0.005509316 0.992658 -0.1208552 0.004937648 0.994219 -0.1067126 -0.01187509 1.42943e-5 0 -1 -3.55745e-4 -5.74763e-4 -0.9999998 -1.70665e-5 -2.70144e-5 -1 -1.02611e-4 -4.59248e-4 -1 9.4267e-5 2.23361e-4 -1 -4.13563e-6 0 -1 1.04945e-5 0 -1 1.05079e-6 0 -1 -7.8969e-7 0 -1 2.04853e-6 0 -1 -1.28366e-6 0 -1 3.15885e-6 0 -1 -6.03268e-7 0 -1 1.83876e-6 0 -1 -2.60859e-6 0 -1 3.47849e-7 0 -1 -1.27782e-7 0 -1 -1.75886e-6 0 -1 1.24394e-6 0 -1 6.125e-7 0 -1 1.99238e-6 0 -1 1.00356e-6 0 -1 -2.1286e-7 0 -1 3.779e-5 0 -1 -1.11328e-6 0 -1 -6.30444e-7 0 -1 8.98218e-7 0 -1 4.62565e-7 0 -1 3.77905e-5 0 -1 2.30726e-7 0 -1 -1.97566e-6 0 -1 1.48573e-6 0 -1 -8.26993e-6 0 -1 4.11039e-6 0 -1 -1 1.25377e-4 -9.68039e-5 -1 0 -2.58438e-5 0.07302051 0.99733 9.5811e-4 0.07449978 0.9972205 -0.001033961 0.09817278 0.9951692 7.00575e-4 0.09701025 0.9952834 -1.6705e-4 0.09493279 0.9954832 -0.001027822 0.09700888 0.995283 0.001078605 0.1178253 0.9930338 0.00108385 0.1193224 0.9928551 -9.4296e-4 0.09493279 0.9954833 9.39525e-4 0.09817552 0.995168 -0.001509845 -7.21605e-6 0 -1 -1 0 0 -1 2.64886e-5 -2.0049e-5 7.21657e-6 0 1 -1 0 4.85474e-5 -1 -3.04268e-4 2.21189e-4 -9.64878e-6 0 1 1.93563e-5 0 1 1 1.0843e-4 1.35714e-4 1 -4.5365e-6 7.22925e-5 9.0361e-6 0 1 1 0 0 1 3.2721e-5 2.47118e-5 -3.6192e-6 0 -1 1 -1.42441e-4 -1.43405e-4 1 -3.31089e-4 -2.50706e-4 2.41213e-6 0 -1 9.67876e-6 0 -1 -5.91925e-6 0 1 2.8443e-6 0 1 0.1033418 -0.9943617 -0.02377974 0.09216332 -0.9956476 0.01385349 -0.9999952 0.002543866 -0.001796483 -0.9999979 0.001686513 -0.001159131 4.12576e-5 3.41685e-4 -1 0.9999997 -9.52777e-4 0 0.9999998 0 7.03144e-4 -7.23767e-6 0 1 -0.07442122 -0.9972265 9.25181e-4 -0.07302248 -0.9973299 -9.47061e-4 -0.09817677 -0.9951689 5.6482e-4 -0.09629184 -0.9953528 -8.67219e-4 -0.09629255 -0.9953527 9.19658e-4 -0.09571552 -0.9954076 0.001491308 -0.1176835 -0.9930501 0.001495778 -0.1194885 -0.9928352 -9.42828e-4 -0.09571504 -0.9954088 1.79183e-4 -0.09817272 -0.995168 -0.001689016 -1 -3.27208e-5 -2.47116e-5 3.61465e-6 0 -1 7.27209e-6 0 -1 -1 -6.81485e-5 -6.81601e-5 -1 -1.15662e-4 -9.54275e-5 7.22509e-6 0 -1 1 3.33628e-5 -6.70735e-5 1 1.58939e-4 -1.39226e-4 1.44488e-5 0 -1 -7.21428e-6 0 -1 1 0 -9.77894e-6 1 -1.20403e-5 0 -3.60792e-6 0 1 1 0 1.00936e-4 1 1.3553e-5 9.36329e-5 -1.93575e-5 0 1 9.6485e-6 0 1 -1 3.2835e-4 2.52121e-4 -1 1.32467e-4 1.4096e-4 -1.48102e-6 0 1 -1.45512e-5 0 1 8.24266e-4 -0.9999997 0 -0.02483016 -0.9996917 0 -0.02251017 -0.9997242 0.006699562 0.001410722 -0.999999 -5.05708e-4 0.00584799 -0.9999826 8.19739e-4 -1 3.47876e-4 -5.2883e-5 -1 0 -9.58511e-6 5.35134e-6 0 -1 0.4999951 0 -0.8660283 0.5000045 0 -0.866023 0.8660262 0 0.4999988 0.8660249 0 0.5000011 -0.5000053 0 0.8660224 -0.4999924 0 0.8660298 1 2.49235e-4 5.51542e-5 1 0 1.34676e-5 -6.42644e-5 -1.85343e-4 -1 -5.96346e-6 -3.45919e-4 -1 -0.0921874 0.9957418 0 -0.09506309 0.9954243 -0.009674906 -0.9999922 -0.003806352 0.001119434 -0.9999973 -0.002341151 0 -2.94358e-5 -6.02872e-5 1 5.72705e-6 -1.27059e-4 1 0.9999987 0.001645505 0 0.9999982 0.001920044 2.01584e-4 -0.5000045 0 -0.866023 -0.4998005 -6.19045e-4 -0.8661404 -8.24302e-4 0.9999998 0 0.02483016 0.9996917 0 0.02251017 0.9997242 0.006699562 -0.001410722 0.9999989 -5.07544e-4 -0.005848228 0.9999827 8.19776e-4 -0.866023 0 0.5000042 -0.8660262 0 0.4999988 0.4999924 0 0.8660298 0.5000053 0 0.8660224 -1 1.61193e-4 2.70933e-5 -1.17133e-6 0 1 1 1.53402e-4 -1.91605e-5 1 -4.72387e-4 5.90578e-5 3.86085e-5 0 -1 0 6.93175e-5 -1 0.3041111 -0.7164831 0.6278284 0.3076564 -0.7244895 0.6168166 0.3059636 -0.716324 0.6271094 0.3059768 -0.7161849 0.6272618 0.3061479 -0.7156805 0.6277539 0.04867559 -0.7163007 0.696092 0.04867506 -0.7163023 0.6960904 -0.1075362 -0.7125839 0.6932966 -0.1091684 -0.7162547 0.6892471 -0.1092398 -0.7162981 0.6891906 0.6997542 0.7143838 -2.94928e-4 0.7044236 0.7097773 0.001899182 0.7007901 -0.7133676 1.91006e-4 0.7039995 -0.7101985 0.001737594 0.7030491 -0.06846809 -0.7078377 0.7161899 -0.03442889 -0.6970559 0.6965206 0.003344118 -0.7175291 0.7022026 0.0610395 -0.7093559 0.7124676 0.03416609 -0.7008727 3.67087e-5 -1 3.96999e-5 2.8701e-7 -1 4.52549e-6 -1.83093e-6 -1 -5.65134e-6 -9.34255e-6 -1 -2.08052e-6 6.65719e-6 -1 1.94225e-5 2.14793e-6 -1 0 -2.24228e-5 -1 -3.33297e-6 -2.61327e-6 -1 -1.992e-5 -4.40612e-6 -1 1.14964e-5 -1.17653e-5 -1 1.74058e-5 2.85603e-6 -1 3.0741e-5 3.23889e-5 -1 1.70756e-5 3.63033e-5 -1 -3.47673e-6 3.50281e-5 -1 0 1.27189e-5 -1 5.44101e-5 1.04996e-5 -1 8.48608e-5 1.19271e-4 -1 -7.07645e-6 1.27604e-5 -1 1.54128e-5 -1.23079e-5 -1 1.4807e-6 -9.13757e-5 -1 -7.6626e-5 -1.70644e-5 -1 -6.47365e-5 8.70779e-6 -1 3.15755e-5 1.73678e-5 -1 2.3082e-5 -4.99351e-5 -1 9.95674e-5 3.97029e-6 -1 -2.5194e-5 3.40499e-5 -1 -1.62022e-5 -7.5823e-6 -1 1.53067e-5 -8.4709e-5 -1 -1.1131e-4 8.60785e-6 -1 3.0737e-5 -2.23727e-5 -1 2.77088e-5 -9.87844e-6 -1 5.93943e-5 -1.20715e-5 -1 2.5496e-5 -5.37653e-6 -1 1.70855e-5 1.21034e-4 -1 4.50656e-5 7.60886e-6 -1 5.55746e-6 5.83492e-7 -1 4.73148e-5 4.19541e-5 -1 -3.75705e-5 2.00056e-6 -1 2.00903e-5 2.81166e-4 -1 -1.43962e-4 5.87419e-5 -1 5.57651e-5 -1.27206e-5 -1 2.31947e-5 -6.36165e-5 -1 -5.97114e-5 7.23344e-5 -1 2.23745e-5 2.7563e-5 -1 3.52379e-5 -2.90618e-7 -1 -3.80402e-5 8.45441e-5 -1 -6.24316e-5 5.5822e-5 -1 7.31824e-5 -6.49724e-5 -1 -5.48684e-5 -3.19429e-5 -1 4.89487e-5 -3.45846e-5 -1 6.96588e-5 -4.82334e-5 -1 -7.71594e-5 -2.42521e-4 -1 1.4864e-4 -1.41689e-4 -1 4.34024e-5 2.59266e-5 -1 4.6347e-5 5.00191e-5 -1 -6.88148e-5 3.84755e-5 -1 4.43218e-5 1.8998e-4 -1 -1.88499e-4 -1.67343e-4 -1 2.14059e-4 -5.25167e-5 -1 3.3871e-5 -2.28755e-5 -1 5.46309e-5 8.71102e-5 -1 5.70267e-5 1.33018e-4 -1 2.58925e-4 2.44063e-5 -1 5.77005e-5 -1.10395e-4 -1 2.72793e-4 1.32139e-5 -1 1.30025e-5 4.82338e-5 -1 1.03358e-5 4.79115e-5 -1 -2.02213e-6 6.71793e-5 -1 -1.72147e-5 1.83435e-4 -1 -6.32013e-5 -1.10488e-4 -1 2.04845e-4 -4.63471e-5 -1 8.75164e-5 -4.34839e-5 -1 1.25779e-5 9.0595e-7 -1 1.10085e-5 1.84254e-5 -1 -3.72407e-5 3.9389e-5 -1 6.74725e-5 1.21295e-5 -1 -1.10482e-4 -1.15794e-5 -1 -1.79974e-4 8.29204e-6 -1 -7.90462e-5 1.74349e-5 -1 -2.05323e-4 -8.90027e-5 -1 -2.43508e-5 6.00821e-5 -1 5.45296e-5 1.51824e-4 -1 -9.34311e-5 8.92905e-6 -1 3.60939e-5 -1.20538e-4 -1 4.43516e-5 3.24818e-5 -1 -9.79005e-5 8.85908e-5 -1 1.16713e-5 -5.75109e-6 -1 -3.60088e-5 -1.72093e-5 -1 2.99954e-6 -7.37197e-6 -1 -6.15553e-6 -6.14585e-5 -1 -1.53333e-5 -4.48587e-5 -1 -1.09246e-5 -3.46252e-6 -1 2.63671e-5 -2.61054e-5 -1 3.28012e-5 4.50112e-5 -1 -8.63866e-5 -4.95457e-5 -1 1.03298e-4 -9.99278e-6 -1 -6.11645e-6 5.43978e-5 -1 5.06516e-5 2.1739e-6 -1 -1.3326e-5 2.59288e-5 -1 -8.03013e-6 -2.26009e-6 -1 -1.05379e-5 -3.38183e-6 -1 1.57931e-5 -3.02323e-5 -1 2.2119e-5 2.5839e-5 -1 1.35421e-5 -0.5104265 0.01834815 0.8597256 -0.5522695 -0.01408493 0.8335467 0.1333095 -0.00161159 -0.9910732 -0.635568 0.01440769 0.7719104 0.1408407 0.006022512 -0.990014 -0.6545205 -0.005010306 0.7560278 -0.7413727 -0.002933382 0.6710873 0.2870143 -0.006411731 -0.9579049 -0.751005 0.01049822 0.6602131 0.2879725 -0.005334258 -0.9576238 0.4101281 0.01518291 -0.9119016 -0.8260841 -0.008491814 0.5634829 -0.8370024 0.004419386 0.5471814 0.4535744 -0.02212631 -0.8909438 -0.8801893 -0.004448354 0.4746021 -0.8898718 0.00920552 0.4561177 0.5434194 0.01823383 -0.8392634 0.5842545 -0.01459598 -0.8114393 -0.9414174 -0.001894831 0.3372384 -0.9378378 -0.01096582 0.3469007 0.6705759 0.01669514 -0.7416532 -0.9715002 0.01038724 0.2368114 0.6897775 -0.007050871 -0.7239872 -0.9802071 -0.01817947 0.1971388 -0.9954093 0.01825571 0.09395319 0.7799576 -0.004047393 -0.6258195 0.7997088 0.02252799 -0.5999653 -0.9989229 -0.01806586 0.04273992 0.8408902 -0.01354193 -0.5410362 -0.9978889 0.01812869 -0.06236201 0.893814 0.01662939 -0.4481297 -0.9934585 -0.01792794 -0.1127787 0.9105945 -0.01402753 -0.4130629 -0.9760062 0.01794666 -0.2170023 0.9489421 0.01385384 -0.3151461 -0.9639423 -0.01787281 -0.2655109 0.9621919 -0.01714348 -0.2718325 -0.9303689 0.01775592 -0.366195 0.9825657 0.01281934 -0.1854736 -0.913073 -0.01429653 -0.4075455 0.9926152 -0.01455324 -0.1204299 0.9965347 0.00964719 -0.08261835 -0.8639275 0.01210886 -0.5034707 -0.8443095 -0.01654905 -0.5356003 0.9979809 0.01203292 0.06236606 0.9993159 -0.01174908 0.03506743 -0.7752338 0.02426773 -0.6312082 0.9761613 0.01190537 0.2167199 -0.7365373 -0.02421212 -0.6759635 0.9817805 -0.01198768 0.1896403 -0.6464018 0.01815265 -0.7627812 -0.6213369 -0.01021701 -0.7834769 0.93412 0.009843528 0.3568234 0.9444765 -0.009201407 0.3284502 -0.5229971 0.008479118 -0.8522923 0.9029874 -0.01069784 0.429534 -0.4884535 -0.01859146 -0.8723919 0.8814718 0.01604443 0.471964 -0.4332773 0.01273292 -0.9011707 -0.3252803 -0.005176901 -0.9456035 0.835762 -0.01517134 0.5488823 -0.3240958 -0.006523132 -0.9460018 0.8082195 0.01162129 0.5887667 -0.1805408 0.006036341 -0.983549 0.7392042 0.009975016 0.6734076 0.7606855 -0.009846627 0.649046 -0.1680813 -0.006270706 -0.9857533 -0.02288585 0.006736576 -0.9997155 -0.01246112 -0.003807961 -0.9999151 0.6387528 0.003381907 0.7694047 0.6517667 -0.0137 0.7582957 0.5291323 0.01038718 0.8484758 0.5016192 -0.02053111 0.8648448 0.3681558 0.01531559 0.929638 0.3603886 0.006256282 0.9327813 0.2382773 -0.01601213 0.9710652 0.19301 0.01837277 0.9810248 0.05516225 0.01076734 0.9984194 0.08708065 -0.01575332 0.9960768 -0.1020173 0.005916953 0.9947651 -0.0875501 -0.008686542 0.9961223 -0.2502937 -0.005341649 0.9681552 -0.2494373 -0.006296336 0.9683705 -0.3741915 0.01499122 0.9272303 -0.4185788 -0.02255702 0.9079005 -6.22325e-4 -0.9999997 5.73727e-4 7.14537e-5 -1 -1.48956e-4 -3.69716e-4 -1 3.7026e-4 6.8145e-5 -1 -8.67438e-5 -1.32152e-5 -1 1.72634e-4 1.01171e-4 -1 -5.26725e-5 7.24879e-5 -1 -7.00614e-5 3.30282e-6 -1 -2.19759e-5 -1.03026e-6 -1 7.64726e-7 -6.79143e-6 -1 6.13897e-6 -1.20307e-6 -1 2.42514e-6 -1.16397e-6 -1 1.61141e-6 1.3559e-5 -1 -1.29136e-5 -3.47266e-5 -1 2.76712e-5 6.06885e-5 -1 -6.34034e-5 -5.80388e-5 -1 6.63117e-5 2.03243e-5 -1 -8.79464e-6 3.33849e-5 -1 -1.82933e-5 4.3588e-5 -1 -2.95617e-5 -3.28375e-6 -1 9.68918e-6 -5.2878e-4 -0.9999998 -5.2449e-4 4.25766e-5 -1 -4.11687e-5 -5.40443e-5 -1 5.0183e-5 -7.8864e-5 -1 7.74624e-5 0.001931071 -0.9999978 8.4793e-4 -6.24894e-4 -0.9999998 -1.97747e-4 2.07003e-5 -1 -1.33457e-5 -5.29665e-5 -1 -3.11931e-4 -3.66437e-5 -1 -9.11106e-6 1.83502e-4 -1 4.40227e-5 5.72629e-7 -1 -2.40714e-7 2.49746e-6 -1 -2.36412e-5 -2.43377e-5 -1 1.12814e-5 9.87508e-5 -1 -1.11502e-4 -6.8841e-5 -1 2.96663e-5 2.50575e-4 -1 -2.82398e-4 -7.85034e-5 -1 9.20237e-5 -7.54015e-4 -0.9999995 7.42057e-4 2.83289e-4 -0.9999999 -3.73567e-4 0.001198828 -0.9999983 -0.001472949 0 -1 -1.88122e-6 0 -1 7.52258e-7 0.06846874 -0.001296877 0.9976525 0.0649203 -4.61372e-4 0.9978904 0.07059472 -7.11834e-5 0.9975051 0.06958109 -0.001883625 0.9975745 0.0696581 -0.001989662 0.997569 0.06972676 -0.002151966 0.9975638 0.0707224 -1.84869e-5 0.9974961 0.06975823 7.11143e-6 0.9975639 0.06971901 -1.26673e-5 0.9975668 0.06976044 5.74517e-7 0.9975638 0.06961119 -0.001718521 0.9975728 0.06982254 -9.87427e-4 0.997559 0.06985461 -9.19847e-4 0.9975568 0.06977909 -1.69639e-5 0.9975625 0.0697456 -2.30425e-5 0.9975649 0.06976151 -4.63133e-6 0.9975638 0.07011246 -1.95398e-4 0.9975391 0.06974911 3.68985e-5 0.9975646 0.07022684 -4.04275e-4 0.997531 0.06975585 6.97959e-5 0.9975641 0.06977295 -2.97242e-4 0.997563 0.06974941 3.22612e-5 0.9975646 0.06975048 -2.34471e-5 0.9975646 0.06975519 2.66484e-5 0.9975642 0.06682515 -6.56294e-4 0.9977645 -0.9063918 0.4224382 1.14164e-4 -0.9074454 0.4201664 0.001765131 -0.9379895 0.346664 0 -0.9370314 0.3492407 0.001809537 -0.9510471 0.308991 0.005842685 -0.9580915 0.2862937 0.009828448 0.307599 0.951516 1.90353e-4 0.3072079 0.9516424 2.22396e-4 -0.3090224 -0.9510543 9.98822e-4 -0.2958242 -0.9552425 0 -0.7071038 0 0.7071099 -0.707102 0 -0.7071117 -0.7071002 5.10872e-7 -0.7071135 0.6897515 -0.003342092 0.7240385 0.7059689 0 0.7082428 0.1275047 0.4226049 0.8973003 -0.5893109 -0.5815835 0.5607792 -0.6721373 0.5280463 0.5190363 0.01191067 0.5651615 0.8248944 0.0380004 -0.2389133 0.9702972 -0.758202 -0.3846527 0.5264714 -0.8179785 0.3216574 0.476915 -0.03956955 -0.7468441 0.6638208 -0.07112061 0.7184379 0.6919457 -0.8738214 -0.1948343 0.4455061 -0.1604171 -0.5530138 0.8175832 -0.9242511 0.1654828 0.344057 -0.9218958 0.1855571 0.3401131 -0.9621693 -0.07347971 0.2623566 -0.9762421 0.1346953 0.1697311 -0.9900546 -0.01473718 0.13991 -0.9971828 0.07475632 0.006161391 -0.9998989 -0.004057943 -0.01363152 -0.9875069 0.05775004 -0.1466127 -0.9862053 0.007118403 -0.1653738 -0.9604439 0.05545449 -0.2728964 -0.9270372 0.06531995 -0.3692362 -0.9517461 -0.003500342 -0.306867 -0.8628477 0.08668553 -0.4979755 -0.8946993 -0.01895743 -0.4462665 -0.8149176 -0.0207796 -0.5792042 -0.7762863 0.0820533 -0.6250175 -0.7295008 -0.002153694 -0.6839766 -0.6851362 0.07527846 -0.7245148 -0.6518209 0.002049744 -0.7583702 -0.5837101 0.05749505 -0.809924 -0.5820155 0.06329405 -0.8107108 -0.4586054 0.05661201 -0.886835 -0.472904 3.72419e-4 -0.8811139 -0.3510808 0.03287404 -0.9357679 -0.3350758 -0.02312046 -0.9419075 -0.2417427 0.08775162 -0.9663644 -0.191963 -0.03885531 -0.9806327 -0.1004039 0.1012016 -0.9897865 -0.05420088 -0.004126012 -0.9985215 0.03765195 0.02722465 -0.99892 0.05354273 0.05984854 -0.9967705 0.1313572 0.001548647 -0.991334 0.1724619 0.06080502 -0.9831377 0.284757 0.05132663 -0.9572246 0.2646501 0.001959443 -0.9643425 0.4297228 0.09499436 -0.8979501 0.4108865 0.01131606 -0.9116163 0.5463357 -0.03710788 -0.836744 0.5774493 0.1937193 -0.7931111 0.6648781 -0.1605136 -0.7295016 0.6852872 0.2674221 -0.6773971 0.7456808 -0.2447051 -0.6197417 0.7301974 0.4168033 -0.5413749 0.7703248 -0.3669556 -0.5214818 0.8637232 0.2054165 -0.4602025 0.1921491 0.9812644 -0.01410281 0.1619497 0.9867628 0.008462488 0.1210294 0.9911131 0.05519711 0.1296459 0.9904108 0.04773229 0.2191249 0.9693198 -0.1113705 0.08301973 0.9950469 0.05467665 0.1867858 0.9798374 -0.07092064 0.18486 0.975266 -0.1211729 0.188161 0.9721795 -0.1395082 0.1763049 0.9841738 -0.01785469 0.1637177 0.9731884 -0.1615575 0.136256 0.9905686 0.01442915 0.1681235 0.9811826 -0.09494876 0.1672376 0.9800334 -0.107546 0.1528114 0.9751648 -0.1603202 0.1469158 0.988329 -0.04026901 0.1620503 0.9860694 -0.0375083 0.1399743 0.9714532 -0.1915359 0.1212454 0.9926184 -0.00287348 0.1480483 0.9815943 -0.1206418 0.1434635 0.9784006 -0.1488308 0.1055806 0.9758662 -0.1911492 0.1029753 0.971343 -0.2142172 0.06502717 0.9723589 -0.2242541 0.1131355 0.982258 -0.1495651 0.1158131 0.9869267 -0.1120854 0.05478101 0.9747176 -0.2166211 0.04098492 0.9721776 -0.2306317 0.09932404 0.9781046 -0.1828829 0.07963466 0.980937 -0.1772594 0.09956383 0.9860695 -0.1332445 0.116861 0.9910085 -0.06515997 0.01188111 0.9733113 -0.2291815 0.05158156 0.978737 -0.1985276 0.08278805 0.9875506 -0.1337536 0.107598 0.9904952 -0.08568477 -0.02146595 0.9732719 -0.2286506 0.03865325 0.9808596 -0.1908415 -0.04170507 0.9758346 -0.2144938 0.07228523 0.9846355 -0.1589583 0.01172167 0.9791706 -0.2027012 -0.05811905 0.9729043 -0.2237844 -0.08133769 0.9725223 -0.2181393 0.03312999 0.9859788 -0.1635491 -0.1070942 0.9726179 -0.2062652 -0.09366792 0.9751352 -0.2008429 0.02482771 0.9873833 -0.1563906 -0.04170566 0.9805623 -0.1917241 -0.1347402 0.9722576 -0.1912075 -0.008493661 0.9850078 -0.1723005 -0.1372664 0.9764631 -0.1663668 0.03274476 0.992132 -0.1208386 0.02159625 0.9902563 -0.1375727 -0.02650916 0.9855881 -0.1670731 -0.02252638 0.9860799 -0.1647398 -0.07968699 0.9809091 -0.1773907 -0.08725625 0.9793843 -0.1821889 -0.1616027 0.9725351 -0.1675115 0.03499811 0.9959002 -0.08341449 -0.1814897 0.9725155 -0.1458597 -0.1206242 0.9802311 -0.1568343 -0.1320933 0.9781821 -0.160347 -0.1786943 0.9752351 -0.1303262 -0.07228428 0.9846355 -0.158959 -0.02017796 0.9913105 -0.1299862 -0.0119068 0.9918471 -0.1268762 -0.2033233 0.9719534 -0.1181786 0.002141714 0.9951956 -0.0978831 -0.03161919 0.9921577 -0.120927 -0.1585545 0.9801349 -0.1191475 -0.2063573 0.9747084 -0.08579128 -0.1032015 0.9857111 -0.1331285 -0.08278656 0.9875509 -0.1337531 -0.200746 0.9768654 -0.07372337 -0.1538863 0.9834481 -0.09565055 -0.151079 0.9828999 -0.1052762 -0.2251023 0.972508 -0.05964255 -0.2319344 0.972121 -0.03445875 -0.1180882 0.9870381 -0.1086783 -0.2232833 0.9744518 -0.0242511 -0.1921746 0.9789092 -0.06932288 -0.2330055 0.972475 8.98769e-4 -0.1873393 0.9806182 -0.05737632 -0.03762477 0.9956538 -0.08519488 -0.2222732 0.9748888 0.01365584 -0.1045632 0.9907793 -0.08615642 -0.2004416 0.9794062 -0.02421849 -0.2396817 0.9700583 0.03923934 -0.1914045 0.9814249 -0.01301455 -0.2030933 0.9790316 0.01581764 -0.1444407 0.988558 -0.04347521 -0.1567438 0.9868316 -0.03993737 -0.113319 0.9916005 -0.06234914 -0.1967769 0.9766249 0.0865029 -0.1684015 0.9855955 -0.01557272 -0.201062 0.9721722 0.1202298 -0.1761179 0.9835528 0.04008233 -0.186882 0.9816029 0.03912854 -0.1475944 0.9890125 0.008387029 -0.1788004 0.9740072 0.1390703 -0.1795983 0.9746171 0.1336635 -0.1624206 0.9743555 0.1557272 -0.1638411 0.9712951 0.1724583 -0.1765338 0.980235 0.08930289 -0.165573 0.980011 0.1102916 -0.1339281 0.9909473 0.009325325 -0.1201202 0.9927548 -0.003031432 -0.1470348 0.9695577 0.195803 -0.1497091 0.9865846 0.06510066 -0.0942189 0.9954338 -0.01530897 -0.1073082 0.9763572 0.1876483 -0.1214571 0.9734293 0.1941225 -0.1497065 0.9865525 0.06559211 -0.133539 0.9806047 0.1434646 -0.1057484 0.9763516 0.1885598 -0.09563773 0.9723246 0.2131632 -0.1272755 0.9909641 0.04232126 -0.1305924 0.9855526 0.1078504 -0.07379627 0.9709044 0.2278131 -0.1095621 0.9801283 0.1653627 -0.06447827 0.9720675 0.2256715 -0.1259442 0.9851908 0.1163499 -0.04895466 0.9756771 0.2136766 -0.01165503 0.9761838 0.216632 -0.02003252 0.9752556 0.2201712 -0.04992258 0.9829669 0.1768727 -0.08988392 0.987345 0.1306551 -0.08224302 0.9883179 0.1283116 -0.02642112 0.984091 0.1756899 -0.05109655 0.9830811 0.1758997 -0.08334606 0.9951664 0.05193769 -0.0107392 0.9819015 0.1890876 -0.05715173 0.9880596 0.1430801 -0.04707026 0.9986212 0.02323842 -0.03573149 0.9947013 0.09639942 -0.005549788 0.9897135 0.1429566 -0.03160744 0.9917828 0.123968 -0.03170537 0.9941751 0.1030077 0.08771669 0.9688664 0.2315251 0.02628743 0.9827097 0.1832776 0.01001912 0.9892528 0.1458721 0.009506821 0.9944912 0.1043887 0.1425865 0.9840942 0.1059606 0.07609695 0.9925414 0.09524124 0.0234487 0.9979182 0.06007909 0.08974027 0.9946339 0.05148071 0.06917709 0.9963143 0.05072039 0.1147851 0.9933833 -0.003750145 0.09227097 0.9957088 0.007086813 0.05245691 0.9984584 0.01814156 0.1314228 0.9894856 -0.06038582 0.07337224 0.9973045 6.2007e-4 0.09266227 0.9946329 -0.04603362 0.07657867 0.9960067 -0.04589617 0.006048917 0.9749239 -0.2224565 0.06970036 0.9905909 -0.1177775 0.06180328 0.9976488 -0.02961891 0.07119721 0.993276 -0.09128963 0.04830878 0.9984243 -0.02855122 0.06334769 0.9946072 -0.08212041 0.02645754 0.9949668 -0.09665066 0.02907848 0.9988421 -0.03832834 0.01874721 0.9981604 -0.05765819 -0.06970077 0.9905906 -0.1177806 -0.01249891 0.9969472 -0.07707148 -0.003563284 0.9982497 -0.05903345 -0.07119786 0.993276 -0.09128952 -0.06243729 0.9960532 -0.06308382 -0.05922591 0.9952467 -0.07730805 -0.133035 0.9893965 -0.05827939 -0.1985849 0.9773663 0.07293248 -0.2101983 0.9749836 0.07227534 -0.09750175 0.9939864 -0.04984557 -0.05099159 0.9982987 -0.02827757 -0.1572363 0.9691517 0.1897939 -0.1100497 0.9939163 -0.004404604 -0.07719224 0.9969386 -0.01244252 -0.1290097 0.9871255 0.09454983 -0.03078699 0.9995259 -4.58249e-4 -0.08746582 0.9949443 0.04935127 -0.08708655 0.9933969 0.07468891 -0.05663913 0.9980848 0.02487862 -0.07721841 0.9957886 0.0494216 -0.07170426 0.9924948 0.09905862 -0.008308291 0.9997853 0.01898628 -0.02164733 0.9982489 0.05505108 -0.02105921 0.997819 0.06256121 -0.005138993 0.9996948 0.02416729 0.03625547 0.9971725 0.06582236 0.02032935 0.9993658 0.02923589 0.03314763 0.9993474 0.01435941 0.02979469 0.9995445 0.004829585 -0.04864072 0.998212 -0.03474247 -0.03104454 0.9994834 0.008323311 -0.03054296 0.9969423 0.07192528 0.001146674 0.9750972 0.2217748 0.02601051 0.9758789 0.2167578 0.04448533 0.9725304 0.2284862 0.05220675 0.9722319 0.2281218 0.05953347 0.9730131 0.222938 0.1029555 0.9697056 0.2215207 0.1174806 0.9716157 0.2053322 0.1089741 0.9724017 0.2063003 0.01791274 0.9837734 0.1785193 0.1308576 0.9719532 0.1954058 0.05250251 0.9833692 0.1738637 0.007089793 0.9998804 -0.01374322 0.003124892 0.9897983 0.1424424 0.1534622 0.9697477 0.1898388 0.1343646 0.9728999 0.1881809 0.1721476 0.9686117 0.1793227 0.0979126 0.9834247 0.1526077 0.1784393 0.9710708 0.158685 -0.02257776 0.9993659 -0.02753329 0.04192602 0.989911 0.1353455 0.01256614 0.9990599 -0.04149311 0.1750393 0.9739674 0.1440449 0.1231518 0.9793349 0.160427 0.196398 0.9711476 0.1352784 0.05474299 0.9874228 0.1483229 0.2084658 0.9711157 0.1160885 0.09266299 0.9852567 0.1438158 0.1527006 0.9794515 0.1317476 0.2056753 0.9743321 0.09151345 0.2213655 0.9712677 0.0873872 0.04460722 0.9937604 0.1022275 0.04251807 0.9935854 0.1047866 0.2401992 0.969143 0.05537289 0.09893006 0.9884894 0.1144621 0.009592711 0.9999189 -0.008379876 0.01187312 0.994644 0.1026771 0.2342962 0.971316 0.04062587 0.008265852 0.9976778 0.06760859 0.1817168 0.9802458 0.07808423 0.1318763 0.9860798 0.1012691 0.2156959 0.9762399 0.02076059 0.1778048 0.9820241 0.06335669 0.2385789 0.9711212 0.00197184 0.2422419 0.969889 -0.02518528 0.06688964 0.9806125 0.1841875 0.2108305 0.977315 0.02014786 0.1916261 0.9809901 0.03062385 0.2256101 0.9726877 -0.05457937 0.2253194 0.9734603 -0.04008078 0.2253836 0.9706906 -0.08343923 0.2153973 0.9741433 -0.06818288 0.08395528 0.9798086 0.1814572 0.9952713 0.09630292 -0.0126847 0.9849569 0.07841438 -0.1539841 0.9990807 0.0422424 -0.007318794 0.9935122 0.02717524 -0.1104314 0.9997268 -0.0165385 -0.01651829 0.9961928 -0.02330589 -0.08400422 0.9959794 -0.08457374 -0.0295369 0.9903675 -0.07739722 -0.1148124 -0.07505571 0.9968477 0.02571934 -0.07490962 0.9956867 0.05474263 -0.03265315 0.9955201 -0.08873349 0.00889045 0.9959563 0.08939951 0.01998579 0.9978629 -0.06221199 0.0603401 0.9966698 0.0548498 0.09430414 0.995543 0.001072824 0.08139836 0.9948294 -0.06073671 -0.9952753 -0.09626179 0.01268005 -0.9849858 -0.07841867 0.1537974 -0.9927929 -0.02631294 0.1169191 -0.9990614 -0.04248058 0.008478283 -0.9998705 0.01288378 0.009644687 -0.9926484 0.02626401 0.11815 -0.9956687 0.07863003 0.04961055 -0.9953772 0.07817488 0.05579489 0.09722691 -0.9938283 -0.05340749 0.08471679 -0.9938369 0.07149302 0.05358141 -0.996683 -0.06125563 0.03233313 -0.9972638 0.06647938 -0.01923269 -0.9975691 0.06697821 -0.009047389 -0.9971533 -0.07485717 -0.06006336 -0.9966027 -0.05635094 -0.08139097 -0.9948281 0.06076562 -0.09430414 -0.9955429 -0.001072764 0.06974524 3.58183e-5 0.9975649 0.06975263 -3.14799e-6 0.9975643 0.06975436 1.6589e-5 0.9975643 0.06974798 -5.02385e-6 0.9975647 0.0697546 -7.84644e-6 0.9975642 0.06973451 1.76906e-5 0.9975657 0.06975495 -9.75149e-6 0.9975641 0.06978118 2.55978e-5 0.9975624 0.06975722 -1.13669e-5 0.997564 0.06976002 -8.26043e-6 0.9975638 0.06975662 1.51628e-6 0.9975641 0.069754 -2.70802e-6 0.9975642 0.06976109 3.5324e-6 0.9975638 0.06977695 2.75047e-5 0.9975627 0.06975054 5.32996e-6 0.9975644 0.06974375 1.13033e-6 0.997565 0.06977939 3.42287e-6 0.9975625 0.06973111 1.60807e-5 0.9975659 0.7067047 -0.7060032 -0.04613006 0.7047868 -0.7074458 -0.05287808 0.7057971 0.7066163 -0.05043715 0.7049989 0.7072115 -0.05318504 -0.7059542 0.7066397 0.04784339 -0.7054556 0.7070165 0.04960155 -0.7050061 -0.7072054 0.05317038 -0.7057951 -0.7066188 0.05043041 4.83869e-6 1 8.31961e-6 9.40916e-6 1 4.50844e-5 -5.72822e-6 1 2.25812e-6 -2.23837e-5 1 1.45957e-5 -4.98793e-6 1 3.53052e-7 -1.26524e-5 1 4.53995e-5 3.7809e-6 1 -2.89687e-7 -2.05739e-5 1 1.47042e-5 -3.32232e-7 1 4.05854e-5 -1.04021e-5 1 -2.06652e-5 7.37019e-7 1 -4.04774e-6 5.3615e-6 1 -3.01902e-6 1.17215e-4 1 1.05473e-5 5.85337e-6 1 -1.84159e-6 -5.85083e-5 1 -1.22619e-4 -1.56591e-6 1 -1.20258e-4 -1.25723e-5 1 8.52462e-6 -3.59394e-5 1 -1.18675e-4 4.02448e-5 1 -6.08111e-5 9.52813e-6 1 -5.1693e-5 -6.79644e-5 1 3.5305e-5 1.05344e-5 1 -6.76143e-5 8.97559e-5 1 1.07421e-4 -7.66047e-5 1 -1.01613e-4 1.98754e-4 0.9999998 6.62819e-4 -9.87075e-6 1 1.03293e-5 9.9882e-5 1 -3.98405e-5 -5.06067e-6 1 -3.69929e-5 4.17427e-7 1 0 -2.57264e-4 1 1.28561e-4 1.68557e-4 1 4.9454e-5 -5.99358e-4 0.9999989 -0.001380622 8.09208e-5 1 -8.71399e-5 -7.79696e-5 1 7.30397e-5 -4.99755e-4 0.9999999 -1.83636e-4 4.09383e-7 1 -1.66255e-7 1.07155e-5 1 0 -3.29402e-6 1 1.12105e-5 3.17032e-5 1 4.36555e-5 9.47227e-4 0.9999994 5.75108e-4 5.78798e-5 1 2.02929e-4 -2.18576e-4 1 1.45418e-4 4.02156e-4 1 3.77309e-4 6.42699e-6 1 -5.70055e-5 1.02667e-5 1 3.40326e-5 -7.17534e-5 1 -5.17277e-5 -1.8456e-4 1 -8.57683e-5 -1.29259e-4 1 1.50947e-4 -1.78956e-5 1 -2.48153e-5 1.38005e-4 1 -4.86475e-5 -1.63539e-5 1 7.11277e-5 -1.02058e-5 1 1.63453e-5 2.69471e-5 1 2.99456e-5 5.18599e-5 1 3.23876e-5 -1.40145e-5 1 -7.02508e-6 4.61094e-5 1 -5.19904e-6 -7.43573e-5 1 -3.2275e-5 -1.10461e-5 1 4.78286e-5 -3.82867e-5 1 1.15924e-4 1.0797e-4 1 -1.16177e-4 -5.86978e-5 1 -6.26541e-5 3.53916e-5 1 3.82586e-5 -3.80225e-5 1 5.16564e-5 5.32874e-5 1 5.16295e-5 2.74295e-5 1 1.37252e-5 4.18827e-5 1 1.05836e-5 5.02642e-6 1 1.29703e-5 3.23822e-5 1 -1.6403e-4 4.41425e-5 1 2.99334e-5 1.12805e-4 1 -9.26392e-5 3.51973e-5 1 -1.2506e-5 2.57126e-5 1 9.14487e-6 3.4e-7 1 8.34424e-7 3.81787e-6 1 -1.06794e-5 2.23975e-5 1 2.45411e-5 -2.82097e-6 1 -8.29016e-5 -1.48743e-4 1 8.57762e-5 -5.38698e-5 1 1.17888e-4 -3.74326e-5 1 2.25431e-5 5.19529e-6 1 4.42766e-6 9.67921e-6 1 -1.28706e-6 2.65792e-5 1 3.95262e-5 5.34872e-5 1 -5.28613e-5 -1.15827e-4 1 -3.97091e-5 1.59081e-5 1 -8.29744e-6 1.6953e-5 1 -4.86905e-5 -3.16438e-5 1 3.7691e-5 5.10116e-6 1 -3.01518e-6 5.7595e-5 1 1.99349e-5 -5.47338e-5 1 3.52858e-5 6.99044e-5 1 1.35297e-5 6.78696e-6 1 -6.67232e-6 5.69481e-5 1 9.88352e-6 9.58797e-6 1 8.37523e-6 -5.91143e-6 1 3.98687e-5 1.68592e-6 1 -7.08971e-5 7.81467e-6 1 -1.30159e-6 1.57674e-7 1 2.65925e-5 -0.7552503 -0.6548271 -0.02825874 -0.920354 -0.3669877 0.1351616 -0.6799604 -0.7286673 -0.08184015 -0.7455415 -0.6660254 -0.02404356 -0.6596933 -0.1229401 0.7414112 -0.6355975 -0.1532989 0.7566475 -0.910731 -0.4031769 0.08954083 -0.6996637 -0.7135691 -0.03591716 -0.7113327 -0.7015512 -0.04279929 -0.6389042 -0.1598235 0.7525011 -0.6605118 -0.7495908 -0.0428701 -0.6888141 -0.1581256 0.7074825 -0.635478 -0.7701164 -0.05557376 -0.7560504 -0.654494 -0.005051672 -0.7556103 -0.6550038 -0.004810452 -0.6576344 -0.7527894 -0.02872568 -0.6875362 -0.1593559 0.7084488 -0.7244895 -0.1498578 0.6727985 -0.7079377 -0.7062094 -0.009629666 -0.9106563 -0.4069677 0.07129293 -0.7000146 -0.7141123 -0.004835546 -0.6373976 -0.7705249 -0.003956735 -0.6473508 -0.7621479 -0.008227884 -0.7327955 -0.1563403 0.662245 -0.8970847 -0.4393572 0.04695302 -0.7619125 -0.1583815 0.6280165 -0.7625676 -0.1590652 0.6270478 -0.7993654 -0.1559355 0.5802579 -0.8829053 -0.4694761 0.008409917 -0.8051116 -0.1588814 0.5714473 -0.8785526 -0.4776322 0.00362128 -0.7831995 -0.165071 0.5994583 -0.8142304 -0.178687 0.5523586 -0.8242616 -0.1831634 0.5357651 -0.8697068 -0.4917107 -0.04278755 -0.8368913 -0.5444419 -0.05653434 -0.844795 -0.1915521 0.4996291 -0.8313915 -0.1803847 0.5255946 -0.8497883 -0.5255529 -0.04067039 -0.7986104 -0.5946184 -0.09300827 -0.8301973 -0.5552653 -0.04952883 -0.856146 -0.1884467 0.4811463 -0.8613139 -0.200276 0.4669346 -0.7862238 -0.6127378 -0.08002746 -0.8752938 -0.2110962 0.4350852 -0.7972519 -0.598611 -0.07780903 -0.7741311 -0.6248397 -0.1014711 -0.8867596 -0.2048546 0.4143574 -0.8893123 -0.2205458 0.4006038 -0.8093836 -0.5850258 -0.05141216 -0.800754 -0.5967985 -0.05123138 -0.8969598 -0.2370837 0.3731681 -0.9035788 -0.2397583 0.3550511 -0.9064903 -0.2557882 0.3359284 -0.9197353 -0.2615489 0.2927103 -0.9171943 -0.2634595 0.2989048 -0.7357327 -0.6675475 -0.1143578 -0.9200717 -0.3032126 0.2480531 -0.760881 -0.6446554 -0.07402479 -0.7974154 -0.6026722 -0.03024548 -0.7617057 -0.6436702 -0.07411611 -0.7799025 -0.6244625 -0.0424112 -0.9244353 -0.3091371 0.2232794 -0.9338767 -0.2913621 0.2073224 -0.9199376 -0.3422731 0.191217 -0.7252129 -0.6831175 -0.08612066 -0.7234052 -0.6850661 -0.08584547 -0.7550703 -0.6542274 -0.04307478 -0.6673353 -0.7382417 -0.09829968 -0.7430041 -0.6671118 -0.05391573 -0.9230033 -0.3410293 0.1782247 -0.9197859 -0.3671299 0.1385989 -0.7918281 -0.6106065 -0.01296514 -0.7026304 -0.7092503 -0.05722475 0.6331524 -0.6954956 -0.3397117 0.7130213 -0.6844021 -0.1522976 0.7615852 -0.6464824 -0.04526185 0.736492 -0.6489573 -0.1908773 0.7113228 -0.6803902 -0.1763212 0.5794361 -0.7393144 -0.343028 0.6651543 -0.7326296 -0.1443037 0.567727 -0.6925743 -0.4450021 0.7091363 -0.6420937 -0.2912755 0.7827301 -0.6189208 -0.06535148 0.5204634 -0.7240852 -0.4525688 0.7371535 -0.6754691 -0.01860851 0.6447563 -0.7353332 -0.2087448 0.4856464 -0.7237697 -0.4902092 0.7659195 -0.6348153 -0.1018669 0.7350737 -0.6339059 -0.2404789 0.6819139 -0.6961563 -0.2244102 0.6580854 -0.7500355 -0.06611055 0.738488 -0.6740784 -0.01593554 0.6913008 -0.7223704 0.01686561 0.6985275 -0.6629655 -0.2693255 0.5975778 -0.6961749 -0.3977958 0.5974712 -0.7331621 -0.3248099 0.7617944 -0.6462067 -0.04567563 0.6521549 -0.7235755 -0.2261254 0.685423 -0.7135106 -0.1452513 0.7757368 -0.6308348 -0.01673048 0.642145 -0.7644124 -0.05765074 0.7012393 -0.712745 -0.01606649 0.7059141 -0.6466833 -0.2889394 0.7051215 -0.7002826 -0.1113914 0.7385507 -0.6739248 -0.019194 0.6634956 -0.7405676 -0.1064585 0.6449184 -0.7636085 -0.0313431 0.06726497 -0.2648098 0.9619518 0.06679755 -0.2812231 0.9573149 0.6750717 -0.02401232 -0.7373614 0.6922202 0.01277536 -0.7215734 0.584508 -0.03791278 -0.8105018 0.6071107 0.02910149 -0.7940843 0.5030348 0.04435485 -0.8631272 0.4722155 -0.04772275 -0.8801904 0.3696331 0.03937155 -0.9283432 0.3464444 -0.03177088 -0.9375324 0.2316631 0.03606033 -0.9721276 0.2236627 0.007990837 -0.9746339 0.1220074 -0.04691565 -0.9914197 0.06280714 0.07106 -0.9954928 0.0127893 -0.04318523 -0.9989852 -0.1229029 -0.03829514 -0.9916796 -0.09716719 0.03839349 -0.9945273 -0.2309615 0.04309922 -0.9720079 -0.2686083 -0.04545742 -0.9621763 -0.3411364 0.03737288 -0.9392706 -0.3770511 -0.03229206 -0.9256294 -0.4451578 0.02870678 -0.894992 -0.4841216 -0.04451435 -0.8738677 -0.5246532 0.03686934 -0.8505173 -0.6025541 -0.03836029 -0.7971557 -0.6222735 0.02338773 -0.7824506 -0.6967272 -0.02576392 -0.7168734 -0.7051875 0.006554365 -0.7089906 -0.7777374 0.02785551 -0.627972 -0.7935029 -0.04247725 -0.6070822 -0.8640567 -0.03325557 -0.502295 -0.8488242 0.03825026 -0.52729 -0.9106064 0.03218871 -0.4120194 -0.9222104 -0.0396468 -0.3846508 -0.9546672 0.04506659 -0.2942442 -0.9648365 -0.05716174 -0.2565602 -0.9868155 0.05271816 -0.1530228 -0.9929211 -0.06018781 -0.1023964 -0.9981318 0.04675859 -0.03932917 -0.9976726 -0.05162584 0.04454451 -0.9957334 0.03838443 0.08391511 -0.9836574 -0.03300321 0.1770004 -0.979049 0.02841174 0.201633 -0.9538119 -0.02826941 0.2990716 -0.9459456 0.03213703 0.3227297 -0.9215319 -0.01908653 0.3878334 -0.903019 0.0286073 0.4286472 -0.009114742 0.9999208 0.00868076 -0.004936635 0.9999837 0.002911448 -5.05882e-4 0.9999999 -1.15452e-4 -6.5519e-4 0.9999997 3.89672e-4 -2.81179e-4 0.9999999 4.9123e-4 -7.84073e-5 1 -4.01514e-5 -5.81098e-4 0.9999997 -5.06283e-4 -5.57588e-4 0.9999999 -1.3803e-5 -2.39829e-5 0.9999999 4.70519e-4 -3.41116e-4 0.9999998 -5.93436e-4 -2.60774e-6 1 1.97383e-5 -5.56443e-4 0.9999997 6.71156e-4 -2.26761e-4 1 5.45045e-5 -2.70528e-4 0.9999999 4.73268e-4 1.10077e-4 1 -1.57356e-4 2.19961e-5 0.9999998 -6.03025e-4 2.43992e-5 1 1.70424e-4 8.12981e-4 0.9999994 -8.6251e-4 -2.40449e-4 1 3.03009e-4 7.72054e-5 1 -1.11518e-4 -2.3606e-5 1 4.73205e-5 3.70489e-5 1 -1.01967e-4 -2.75259e-5 1 1.45962e-4 1.03935e-5 1 -5.72369e-5 -0.001439571 0.9999986 8.67369e-4 1.12533e-6 1 1.53476e-5 -6.11926e-5 1 -1.04784e-4 4.73181e-5 1 4.74334e-5 8.2666e-6 1 1.6074e-5 -1.42477e-5 1 8.20633e-6 -0.001390159 0.9999987 8.59742e-4 -0.001303911 0.9999991 -3.33481e-4 -5.35348e-4 0.9999999 1.8585e-4 3.29039e-4 1 3.81593e-4 2.22406e-4 1 1.52565e-4 -2.55855e-5 1 -6.93667e-5 -4.68161e-5 1 -1.27223e-4 4.7136e-5 1 -4.62383e-7 -2.31248e-5 1 2.82073e-4 -9.60856e-6 1 -3.83333e-4 -3.94075e-4 0.9999983 -0.001797497 0.3131792 0.6978737 0.6441204 0.3126761 0.7016929 0.6402037 0.3135199 0.6989884 0.6427446 0.04996657 0.69779 0.7145577 0.04996675 0.6977867 0.7145608 -0.1083665 0.6968806 0.7089529 -0.1109481 0.6978527 0.7075961 0.6065103 0.01720154 -0.7948895 -0.03005617 0.02398377 0.9992605 0.6793811 -0.01292419 -0.7336717 0.7000705 0.007582485 -0.7140336 -0.1024829 -0.02987581 0.9942861 0.7842002 -0.008848071 -0.6204448 0.7959679 0.008725583 -0.6052762 -0.2065745 0.02455079 0.9781229 -0.2823495 -0.01665127 0.9591672 -0.3354071 0.01369613 0.9419738 0.8658891 -0.007738113 -0.5001761 0.8800249 0.01336365 -0.4747394 -0.4175645 -0.01972264 0.9084333 0.9185141 -0.01537477 -0.3950891 -0.4632369 0.01491564 0.8861091 0.9371643 0.0112614 -0.3487066 0.9651941 -0.006017327 -0.2614653 -0.5591722 -0.004053056 0.8290416 0.9660234 -0.008989334 -0.2582983 -0.5621454 -0.007341027 0.8270059 -0.6602839 0.007647693 0.7509771 0.9907513 0.007738053 -0.1354697 -0.6630632 0.004253685 0.7485514 0.994248 -0.01340496 -0.1062598 0.9997702 0.01750206 -0.01238054 -0.7443944 -0.01558262 0.6675584 0.9981968 -0.02613335 0.05403947 -0.7803779 0.02529603 0.6247964 -0.8340646 -0.01752042 0.5513886 0.9875302 0.02342271 0.1556783 -0.8695068 0.0144754 0.4937088 0.9762347 -0.01726722 0.216027 -0.8925662 -0.00782299 0.4508487 0.9523953 0.01236891 0.304615 -0.9238619 0.006192624 0.3826763 0.9388132 -0.01273405 0.3441914 -0.9297097 -0.00310862 0.3682801 0.9078646 0.01501452 0.4189946 -0.9604455 0.003110885 0.2784509 -0.9627454 -0.001900672 0.270403 0.8771179 -0.01340109 0.4800881 0.8541907 0.01140505 0.5198349 -0.982838 0.002180576 0.184458 -0.984476 -0.004450738 0.1754631 0.8106387 -0.0140168 0.5853789 0.7734139 0.01422858 0.6337418 -0.9990058 0.005343794 0.04426103 -0.9994316 -0.005342662 0.0332871 0.7299991 -0.0159468 0.6832621 0.6815301 0.02088046 0.7314922 -0.9945134 0.004887819 -0.1044958 -0.9933802 -0.003894329 -0.1148077 0.5999367 -0.03292661 0.7993696 -0.9727386 0.003893017 -0.2318719 0.5436479 0.02246224 0.8390129 -0.9719148 8.82005e-4 -0.2353315 0.4203329 0.005382359 0.9073541 0.4407541 -0.01390969 0.8975202 -0.9300529 0.006642997 -0.367366 -0.9356176 -0.006641149 -0.3529529 -0.8749316 -0.001256763 -0.4842449 0.2801402 0.01217681 0.959882 0.3028135 -0.005300521 0.9530351 -0.8795577 0.008178114 -0.4757221 0.1983588 -0.01194369 0.9800568 -0.8295132 -0.01131707 -0.5583726 0.1355005 0.01830881 0.9906081 -0.8009698 0.01150786 -0.5985941 -0.7389993 0.006673991 -0.6736732 -0.767515 -0.00668776 -0.6409963 0.06487095 -0.02114742 0.9976696 -0.7020909 -0.01150864 -0.7119943 -0.6592122 0.01451861 -0.7518168 -0.5627388 0.01229846 -0.8265433 -0.5994723 -0.01279306 -0.8002934 -0.4918472 -0.01705968 -0.8705145 -0.4351568 0.01988565 -0.900135 -0.349294 -0.02323591 -0.9367251 -0.2956876 0.01819765 -0.9551115 -0.1742213 -0.006374835 -0.984686 -0.1788226 -0.001357376 -0.9838804 -0.0324046 0.003438651 -0.9994689 -0.04192483 -0.005737781 -0.9991043 0.0914855 0.006325066 -0.9957863 0.1215553 -0.01657289 -0.9924464 0.2113488 0.01680141 -0.9772663 0.2710403 -0.01743811 -0.9624101 0.3516975 0.01300936 -0.9360234 0.3990737 -0.0165106 -0.9167703 0.471559 0.02317047 -0.8815302 0.554735 -0.02539026 -0.8316396 3.54659e-5 1 4.31883e-5 5.15084e-6 1 5.29089e-6 7.93552e-5 1 8.90604e-5 3.51696e-5 1 4.93084e-5 -7.80093e-5 1 -8.62123e-5 4.56972e-6 1 1.53502e-6 -9.28261e-6 1 -1.80267e-6 -3.57248e-5 1 -2.89154e-5 1.48307e-5 1 1.60125e-5 1.09534e-4 1 -4.3126e-6 3.01403e-6 1 2.9973e-6 5.77416e-7 1 9.22864e-7 6.30229e-6 1 6.62009e-6 -1.45391e-4 1 -1.3949e-4 -5.89234e-5 1 -6.51846e-5 1.098e-4 1 1.4616e-4 -1.35086e-5 1 -5.88409e-6 1.40284e-5 1 1.56233e-5 4.59735e-5 1 4.74478e-5 -2.94928e-5 1 -3.29579e-5 3.22072e-6 1 -2.6838e-6 3.82134e-6 1 -3.41983e-6 -5.08361e-7 1 -6.29045e-7 5.19784e-5 1 5.95441e-5 -8.09919e-7 1 -1.47918e-6 -2.46938e-6 1 -1.64189e-6 2.45763e-6 1 2.56769e-6 0 1 1.03809e-6 7.2913e-5 1 -4.67881e-4 -1.26912e-7 1 -3.87868e-7 -3.22866e-6 1 -1.56831e-6 -1.50848e-7 1 7.51247e-7 0 1 -2.54303e-7 0 1 2.94534e-7 2.15771e-6 1 1.31353e-6 -1.14109e-6 1 -2.27599e-7 -4.49019e-6 1 -1.1464e-5 -1.78325e-6 1 0 0 1 0 -7.54895e-6 1 -4.92784e-6 -4.65284e-4 0.9999997 -7.08974e-4 0.001681625 0.9999964 0.00208199 -2.83388e-5 1 -1.15262e-5 -0.9666954 -0.03028994 0.254131 0.05907154 0.03140449 0.9977596 -0.7259901 0.03411 0.6868587 -0.3454226 -0.03848421 0.9376578 0.7495162 0.02131277 0.6616429 0.5411475 -0.02811414 0.8404576 0.999873 0.01350891 0.008464634 0.9770385 -0.01620376 0.2124459 0.8046762 0.02202475 -0.5933054 0.9128552 -0.01585841 -0.4079756 0.3497785 -0.02741628 -0.9364312 0.03271079 0.02526962 -0.9991454 -0.2641062 -0.014687 -0.9643819 -0.6757065 0.0201919 -0.7368943 -0.8320886 -0.02310961 -0.5541611 -0.9989019 0.02311235 -0.04075348 0 1 1.22669e-5 0 1 5.23136e-6 -0.9666953 -0.03028827 0.2541317 0.0590716 0.03140455 0.9977596 -0.7259919 0.03411048 0.6868568 -0.3454235 -0.03848415 0.9376575 0.749513 0.02131181 0.6616466 0.9960095 0.02692204 -0.08509027 0.9770401 -0.01620584 0.2124387 0.9126321 -0.027417 -0.4078616 0.5415687 0.02202337 -0.8403681 0.3498777 -0.0158478 -0.9366614 -0.06118696 0.01283854 -0.9980438 -0.2641052 -0.01468694 -0.9643822 -0.6757009 0.02019166 -0.7368994 -0.8320887 -0.02311217 -0.5541611 -0.9989027 0.0231108 -0.04073452 0 1 1.30093e-5</float_array>
          <technique_common>
            <accessor source="#link_1-mesh-normals-array" count="4633" stride="3">
              <param name="X" type="float"/>
              <param name="Y" type="float"/>
              <param name="Z" type="float"/>
            </accessor>
          </technique_common>
        </source>
        <vertices id="link_1-mesh-vertices">
          <input semantic="POSITION" source="#link_1-mesh-positions"/>
        </vertices>
        <triangles material="link_01_part_000_mtl-material" count="4711">
          <input semantic="VERTEX" source="#link_1-mesh-vertices" offset="0"/>
          <input semantic="NORMAL" source="#link_1-mesh-normals" offset="1"/>
          <p>6 0 0 0 1 0 9 0 8 0 5 0 9 1 5 1 4 1 9 2 7 2 8 2 2 0 3 0 10 0 11 0 2 0 10 0 12 3 13 3 14 3 15 0 12 0 14 0 16 4 17 4 18 4 16 5 19 5 17 5 20 0 18 0 21 0 20 0 16 0 18 0 22 6 6 6 1 6 22 7 8 7 6 7 23 8 24 8 25 8 23 0 26 0 24 0 26 9 21 9 11 9 26 10 20 10 21 10 27 0 28 0 29 0 23 11 25 11 30 11 27 0 31 0 28 0 5 12 8 12 22 12 32 0 10 0 33 0 34 13 27 13 29 13 35 14 15 14 14 14 35 0 31 0 27 0 36 15 23 15 30 15 35 16 14 16 31 16 36 17 30 17 37 17 0 18 32 18 33 18 35 19 19 19 15 19 24 0 10 0 32 0 34 0 29 0 3 0 0 0 33 0 1 0 26 0 10 0 24 0 26 0 11 0 10 0 17 20 19 20 35 20 7 21 36 21 37 21 7 22 37 22 8 22 2 0 34 0 3 0 4 0 5 0 38 0 39 23 40 23 23 23 42 24 38 24 5 24 43 25 28 25 31 25 46 26 42 26 5 26 44 27 43 27 14 27 43 28 31 28 14 28 46 29 5 29 22 29 47 30 45 30 12 30 45 31 13 31 12 31 44 32 14 32 13 32 45 33 44 33 13 33 39 34 23 34 36 34 46 35 22 35 1 35 48 36 46 36 1 36 49 37 47 37 15 37 47 38 12 38 15 38 49 39 15 39 19 39 50 40 49 40 19 40 48 41 1 41 33 41 51 42 39 42 36 42 53 43 48 43 33 43 52 44 50 44 16 44 50 45 19 45 16 45 55 46 52 46 20 46 52 47 16 47 20 47 51 48 36 48 7 48 53 49 33 49 10 49 262 50 51 50 7 50 54 51 53 51 10 51 56 52 262 52 9 52 341 53 55 53 26 53 262 54 7 54 9 54 55 55 20 55 26 55 57 56 54 56 3 56 54 57 10 57 3 57 40 58 341 58 26 58 56 59 9 59 4 59 58 60 56 60 4 60 41 61 57 61 29 61 57 62 3 62 29 62 58 63 4 63 38 63 42 64 58 64 38 64 40 65 26 65 23 65 41 66 29 66 28 66 43 67 41 67 28 67 62 68 318 68 63 68 74 69 87 69 364 69 64 70 375 70 67 70 85 71 67 71 71 71 61 72 78 72 373 72 79 73 49 73 50 73 88 74 61 74 381 74 90 75 95 75 69 75 92 76 59 76 77 76 65 77 52 77 55 77 96 78 82 78 349 78 97 79 77 79 78 79 97 80 78 80 61 80 70 81 84 81 83 81 98 82 72 82 91 82 99 83 381 83 64 83 74 84 351 84 70 84 106 85 64 85 67 85 102 86 69 86 87 86 66 87 357 87 47 87 106 88 67 88 103 88 107 89 105 89 104 89 96 90 349 90 66 90 109 91 108 91 105 91 109 92 105 92 107 92 90 93 73 93 95 93 99 94 88 94 381 94 112 95 52 95 65 95 102 96 87 96 111 96 114 97 109 97 107 97 75 98 76 98 93 98 110 99 108 99 109 99 111 100 87 100 74 100 106 101 99 101 64 101 118 102 81 102 82 102 103 103 67 103 85 103 116 104 110 104 109 104 79 105 47 105 49 105 97 106 92 106 77 106 115 107 114 107 107 107 119 108 72 108 98 108 120 109 110 109 116 109 120 110 117 110 110 110 121 111 97 111 61 111 123 112 103 112 85 112 122 113 109 113 114 113 97 114 698 114 92 114 116 115 109 115 122 115 127 116 85 116 71 116 127 117 71 117 113 117 121 118 61 118 88 118 112 119 50 119 52 119 129 120 114 120 115 120 130 121 122 121 114 121 129 122 115 122 125 122 118 123 82 123 96 123 62 124 80 124 318 124 131 125 88 125 99 125 132 126 116 126 122 126 132 127 120 127 116 127 129 128 125 128 133 128 130 129 132 129 122 129 136 130 70 130 83 130 130 131 114 131 129 131 131 132 121 132 88 132 118 133 94 133 81 133 66 134 47 134 79 134 135 135 134 135 128 135 138 136 129 136 133 136 139 137 80 137 62 137 140 138 86 138 72 138 140 139 72 139 119 139 128 140 117 140 120 140 90 141 63 141 73 141 97 142 142 142 698 142 141 143 111 143 74 143 144 144 132 144 130 144 141 145 74 145 70 145 143 146 123 146 85 146 136 147 83 147 137 147 145 148 99 148 106 148 147 149 120 149 132 149 121 150 142 150 97 150 148 151 130 151 129 151 138 152 133 152 146 152 144 153 147 153 132 153 150 154 69 154 102 154 150 155 90 155 69 155 151 156 103 156 123 156 153 157 131 157 99 157 152 158 128 158 120 158 154 159 66 159 79 159 143 160 85 160 127 160 112 161 79 161 50 161 93 162 94 162 118 162 153 163 99 163 145 163 144 164 130 164 148 164 157 165 75 165 93 165 142 166 121 166 131 166 158 167 79 167 112 167 159 168 102 168 111 168 160 169 134 169 135 169 162 170 93 170 118 170 147 171 152 171 120 171 148 172 129 172 138 172 91 173 75 173 157 173 161 174 144 174 148 174 145 175 106 175 103 175 163 176 148 176 138 176 149 177 127 177 113 177 139 178 89 178 80 178 145 179 103 179 151 179 141 180 70 180 136 180 164 181 155 181 134 181 153 182 142 182 131 182 165 183 118 183 96 183 156 184 63 184 90 184 167 185 136 185 137 185 159 186 111 186 141 186 152 187 135 187 128 187 153 188 707 188 142 188 147 189 144 189 161 189 171 190 160 190 135 190 166 191 155 191 164 191 172 192 147 192 161 192 145 193 707 193 153 193 173 194 96 194 66 194 175 195 159 195 141 195 177 196 91 196 157 196 179 197 140 197 119 197 180 198 707 198 145 198 182 199 163 199 138 199 139 200 68 200 89 200 143 201 170 201 123 201 160 202 164 202 134 202 178 203 161 203 148 203 170 204 151 204 123 204 178 205 148 205 163 205 152 206 147 206 172 206 183 207 138 207 146 207 150 208 102 208 159 208 157 209 93 209 162 209 171 210 135 210 152 210 167 211 137 211 168 211 177 212 98 212 91 212 185 213 63 213 156 213 186 214 152 214 172 214 187 215 161 215 178 215 156 216 90 216 150 216 185 217 62 217 63 217 184 218 171 218 152 218 189 219 145 219 151 219 190 220 159 220 175 220 192 221 126 221 124 221 189 222 180 222 145 222 188 223 158 223 112 223 193 224 118 224 165 224 194 225 175 225 141 225 195 226 68 226 139 226 124 227 86 227 140 227 176 228 183 228 146 228 170 229 189 229 151 229 172 230 161 230 187 230 184 231 152 231 186 231 198 232 119 232 98 232 198 233 98 233 177 233 199 234 149 234 196 234 165 235 96 235 173 235 194 236 141 236 191 236 200 237 150 237 159 237 136 238 191 238 141 238 201 239 184 239 186 239 193 240 162 240 118 240 203 241 170 241 143 241 204 242 156 242 150 242 200 243 159 243 190 243 205 244 171 244 184 244 206 245 126 245 192 245 171 246 164 246 160 246 182 247 138 247 183 247 173 248 66 248 154 248 208 249 136 249 167 249 170 250 203 250 189 250 209 251 119 251 198 251 178 252 163 252 182 252 210 253 124 253 140 253 186 254 172 254 207 254 211 255 139 255 62 255 166 256 164 256 202 256 212 257 157 257 162 257 207 258 172 258 187 258 202 259 164 259 171 259 211 260 62 260 185 260 215 261 174 261 166 261 204 262 150 262 200 262 206 263 169 263 126 263 149 264 218 264 127 264 209 265 179 265 119 265 218 266 143 266 127 266 220 267 68 267 195 267 220 268 65 268 68 268 214 269 218 269 149 269 221 270 167 270 168 270 199 271 214 271 149 271 205 272 202 272 171 272 223 273 216 273 181 273 224 274 183 274 176 274 218 275 203 275 143 275 208 276 191 276 136 276 46 277 202 277 205 277 229 278 214 278 199 278 213 279 185 279 156 279 226 280 207 280 187 280 212 281 162 281 193 281 58 282 184 282 201 282 58 283 205 283 184 283 227 284 178 284 182 284 177 285 157 285 212 285 228 286 179 286 209 286 230 287 182 287 183 287 231 288 79 288 158 288 231 289 154 289 79 289 232 290 173 290 154 290 217 291 199 291 196 291 234 292 139 292 211 292 235 293 174 293 215 293 236 294 208 294 167 294 237 295 177 295 212 295 238 296 224 296 176 296 213 297 156 297 204 297 239 298 199 298 217 298 226 299 187 299 178 299 221 300 168 300 225 300 240 301 201 301 186 301 228 302 140 302 179 302 235 303 197 303 174 303 215 304 166 304 202 304 205 305 42 305 46 305 240 306 186 306 207 306 241 307 210 307 140 307 239 308 229 308 199 308 192 309 124 309 210 309 244 310 239 310 217 310 244 311 217 311 233 311 241 312 140 312 228 312 246 313 112 313 65 313 58 314 42 314 205 314 48 315 215 315 202 315 48 316 202 316 46 316 247 317 221 317 225 317 230 318 183 318 224 318 248 319 173 319 232 319 248 320 165 320 173 320 227 321 182 321 230 321 244 322 233 322 242 322 249 323 185 323 213 323 198 324 177 324 237 324 247 325 225 325 245 325 223 326 181 326 169 326 252 327 167 327 221 327 252 328 236 328 167 328 226 329 178 329 227 329 253 330 58 330 201 330 234 331 195 331 139 331 48 332 235 332 215 332 256 333 250 333 222 333 188 334 112 334 246 334 257 335 219 335 197 335 232 336 154 336 231 336 259 337 207 337 226 337 53 338 235 338 48 338 253 339 201 339 240 339 260 340 211 340 185 340 56 341 58 341 253 341 261 342 224 342 238 342 262 343 56 343 253 343 248 344 193 344 165 344 248 345 258 345 193 345 257 346 197 346 235 346 264 347 210 347 241 347 246 348 65 348 220 348 259 349 240 349 207 349 260 350 185 350 249 350 267 351 226 351 227 351 212 352 193 352 258 352 278 353 158 353 188 353 257 354 243 354 219 354 263 355 192 355 210 355 269 356 241 356 228 356 270 357 243 357 257 357 53 358 257 358 235 358 247 359 252 359 221 359 267 360 259 360 226 360 271 361 223 361 169 361 271 362 169 362 206 362 313 363 216 363 223 363 273 364 240 364 259 364 274 365 222 365 216 365 274 366 256 366 222 366 275 367 232 367 231 367 270 368 251 368 243 368 276 369 223 369 271 369 277 370 262 370 253 370 260 371 234 371 211 371 54 372 257 372 53 372 279 373 259 373 267 373 264 374 241 374 269 374 263 375 210 375 264 375 281 376 245 376 268 376 282 377 192 377 263 377 282 378 206 378 192 378 283 379 198 379 237 379 261 380 230 380 224 380 273 381 253 381 240 381 270 382 255 382 251 382 285 383 228 383 209 383 286 384 234 384 260 384 280 385 247 385 245 385 295 386 262 386 277 386 288 387 232 387 275 387 289 388 158 388 278 388 289 389 231 389 158 389 290 390 212 390 258 390 283 391 209 391 198 391 291 392 227 392 230 392 261 393 238 393 284 393 269 394 228 394 285 394 295 395 51 395 262 395 292 396 230 396 261 396 277 397 253 397 273 397 293 398 282 398 263 398 271 399 206 399 282 399 57 400 257 400 54 400 57 401 270 401 257 401 274 402 216 402 313 402 316 403 279 403 267 403 285 404 209 404 283 404 276 405 313 405 223 405 294 406 255 406 270 406 297 407 272 407 266 407 295 408 39 408 51 408 286 409 195 409 234 409 288 410 248 410 232 410 290 411 237 411 212 411 273 412 259 412 279 412 301 413 188 413 246 413 291 414 230 414 292 414 302 415 277 415 273 415 280 416 245 416 281 416 304 417 255 417 294 417 304 418 265 418 255 418 290 419 283 419 237 419 281 420 268 420 296 420 305 421 264 421 269 421 306 422 263 422 264 422 299 423 261 423 284 423 292 424 261 424 299 424 275 425 231 425 289 425 57 426 294 426 270 426 323 427 267 427 227 427 310 428 258 428 248 428 310 429 290 429 258 429 323 430 227 430 291 430 311 431 266 431 265 431 303 432 280 432 281 432 312 433 248 433 288 433 301 434 278 434 188 434 307 435 281 435 296 435 315 436 293 436 263 436 41 437 294 437 57 437 287 438 272 438 297 438 309 439 39 439 295 439 305 440 269 440 308 440 305 441 306 441 264 441 308 442 269 442 285 442 311 443 297 443 266 443 316 444 267 444 323 444 317 445 271 445 282 445 318 446 295 446 277 446 318 447 277 447 302 447 286 448 220 448 195 448 304 449 311 449 265 449 315 450 263 450 306 450 41 451 304 451 294 451 293 452 317 452 282 452 299 453 284 453 300 453 40 454 39 454 309 454 321 455 290 455 310 455 322 456 288 456 275 456 323 457 291 457 292 457 299 458 300 458 325 458 326 459 304 459 41 459 319 460 285 460 283 460 310 461 248 461 312 461 327 462 220 462 286 462 287 463 297 463 311 463 303 464 281 464 307 464 289 465 322 465 275 465 329 466 293 466 315 466 276 467 271 467 317 467 330 468 285 468 319 468 328 469 303 469 307 469 321 470 283 470 290 470 326 471 311 471 304 471 331 472 279 472 316 472 100 473 307 473 320 473 332 474 246 474 220 474 333 475 299 475 325 475 334 476 287 476 311 476 335 477 293 477 329 477 337 478 321 478 310 478 317 479 313 479 276 479 335 480 317 480 293 480 319 481 283 481 321 481 339 482 314 482 298 482 333 483 292 483 299 483 43 484 326 484 41 484 101 485 328 485 307 485 301 486 246 486 332 486 338 487 305 487 308 487 340 488 285 488 330 488 327 489 332 489 220 489 273 490 279 490 331 490 357 491 311 491 326 491 344 492 298 492 287 492 333 493 323 493 292 493 329 494 315 494 306 494 89 495 40 495 309 495 340 496 308 496 285 496 333 497 325 497 343 497 101 498 307 498 100 498 63 499 318 499 302 499 357 500 334 500 311 500 322 501 312 501 288 501 338 502 306 502 305 502 339 503 324 503 314 503 345 504 308 504 340 504 353 505 329 505 306 505 346 506 310 506 312 506 358 507 322 507 289 507 348 508 289 508 278 508 44 509 326 509 43 509 318 510 309 510 295 510 348 511 358 511 289 511 341 512 40 512 89 512 349 513 334 513 357 513 344 514 287 514 334 514 342 515 316 515 323 515 353 516 306 516 338 516 350 517 278 517 301 517 80 518 309 518 318 518 342 519 323 519 333 519 352 520 330 520 319 520 352 521 319 521 321 521 353 522 335 522 329 522 339 523 298 523 344 523 354 524 353 524 338 524 337 525 310 525 346 525 76 526 336 526 324 526 76 527 324 527 339 527 355 528 330 528 352 528 356 529 358 529 348 529 357 530 326 530 44 530 331 531 316 531 342 531 358 532 312 532 322 532 343 533 325 533 351 533 352 534 321 534 337 534 95 535 273 535 331 535 343 536 342 536 333 536 359 537 308 537 345 537 359 538 338 538 308 538 358 539 346 539 312 539 348 540 278 540 350 540 355 541 340 541 330 541 344 542 334 542 349 542 73 543 302 543 273 543 73 544 273 544 95 544 360 545 337 545 346 545 361 546 350 546 301 546 360 547 352 547 337 547 347 548 336 548 76 548 363 549 340 549 355 549 361 550 301 550 332 550 354 551 338 551 359 551 363 552 345 552 340 552 81 553 339 553 344 553 364 554 342 554 343 554 68 555 341 555 89 555 367 556 359 556 345 556 365 557 355 557 352 557 368 558 360 558 346 558 356 559 348 559 350 559 366 560 358 560 356 560 369 561 365 561 352 561 370 562 350 562 361 562 371 563 356 563 350 563 82 564 344 564 349 564 372 565 367 565 345 565 372 566 345 566 363 566 75 567 347 567 76 567 366 568 346 568 358 568 371 569 350 569 370 569 68 570 55 570 341 570 373 571 355 571 365 571 369 572 352 572 360 572 364 573 343 573 351 573 362 574 347 574 75 574 374 575 363 575 355 575 374 576 355 576 373 576 73 577 63 577 302 577 375 578 346 578 366 578 375 579 368 579 346 579 94 580 339 580 81 580 45 581 357 581 44 581 89 582 309 582 80 582 376 583 372 583 363 583 377 584 366 584 356 584 373 585 365 585 369 585 378 586 368 586 375 586 374 587 376 587 363 587 60 588 372 588 376 588 375 589 366 589 377 589 379 590 373 590 369 590 87 591 342 591 364 591 378 592 360 592 368 592 377 593 356 593 371 593 78 594 374 594 373 594 380 595 60 595 376 595 380 596 376 596 374 596 381 597 369 597 360 597 381 598 360 598 378 598 71 599 371 599 370 599 69 600 331 600 342 600 69 601 342 601 87 601 81 602 344 602 82 602 91 603 362 603 75 603 67 604 377 604 371 604 93 605 339 605 94 605 93 606 76 606 339 606 47 607 357 607 45 607 381 608 379 608 369 608 64 609 378 609 375 609 70 610 351 610 84 610 381 611 378 611 64 611 67 612 371 612 71 612 380 613 374 613 78 613 65 614 55 614 68 614 69 615 95 615 331 615 67 616 375 616 377 616 66 617 349 617 357 617 91 618 72 618 362 618 59 619 60 619 380 619 77 620 59 620 380 620 77 621 380 621 78 621 74 622 364 622 351 622 61 623 379 623 381 623 61 624 373 624 379 624 382 625 383 625 384 625 382 626 384 626 385 626 382 627 385 627 386 627 382 628 387 628 383 628 382 629 389 629 387 629 390 630 389 630 382 630 390 631 382 631 388 631 390 632 388 632 391 632 390 633 391 633 393 633 393 634 394 634 392 634 393 635 392 635 390 635 393 636 395 636 394 636 397 637 393 637 396 637 397 638 395 638 393 638 397 639 396 639 398 639 400 640 398 640 401 640 400 641 402 641 399 641 400 642 397 642 398 642 400 643 399 643 397 643 400 644 403 644 402 644 405 645 400 645 404 645 405 646 406 646 403 646 405 647 403 647 400 647 405 648 408 648 406 648 408 649 405 649 407 649 408 650 407 650 409 650 409 651 411 651 410 651 409 652 410 652 408 652 413 653 409 653 412 653 413 654 411 654 409 654 413 655 412 655 414 655 416 656 413 656 414 656 416 657 415 657 413 657 416 658 242 658 415 658 244 659 242 659 416 659 244 660 416 660 254 660 100 661 320 661 417 661 418 662 100 662 417 662 418 663 417 663 419 663 420 664 421 664 418 664 420 665 418 665 419 665 420 666 422 666 421 666 420 667 419 667 423 667 424 668 420 668 423 668 424 669 422 669 420 669 424 670 423 670 425 670 385 671 424 671 425 671 385 672 425 672 426 672 385 673 426 673 386 673 435 674 437 674 436 674 438 675 440 675 442 675 433 676 439 676 577 676 440 677 441 677 442 677 447 678 448 678 452 678 453 679 454 679 455 679 463 680 430 680 429 680 463 681 464 681 430 681 467 682 386 682 427 682 468 683 428 683 480 683 470 684 471 684 469 684 434 685 472 685 566 685 453 686 429 686 454 686 473 687 474 687 475 687 476 688 409 688 445 688 479 689 441 689 440 689 479 690 455 690 441 690 458 691 398 691 396 691 477 692 449 692 478 692 481 693 429 693 453 693 482 694 457 694 460 694 482 695 460 695 459 695 483 696 437 696 435 696 450 697 449 697 477 697 484 698 485 698 431 698 450 699 451 699 449 699 450 700 446 700 451 700 487 701 444 701 443 701 488 702 453 702 455 702 488 703 455 703 479 703 489 704 429 704 481 704 489 705 463 705 429 705 468 706 456 706 428 706 467 707 382 707 386 707 490 708 466 708 465 708 491 709 481 709 453 709 491 710 453 710 488 710 470 711 427 711 471 711 492 712 398 712 458 712 493 713 448 713 447 713 493 714 461 714 448 714 494 715 489 715 481 715 494 716 481 716 491 716 495 717 439 717 433 717 496 718 382 718 467 718 487 719 458 719 444 719 497 720 456 720 468 720 498 721 432 721 474 721 498 722 474 722 473 722 490 723 431 723 466 723 495 724 445 724 439 724 499 725 437 725 483 725 499 726 469 726 437 726 484 727 462 727 485 727 500 728 435 728 457 728 500 729 457 729 482 729 501 730 458 730 487 730 503 731 472 731 434 731 504 732 446 732 450 732 504 733 459 733 446 733 492 734 401 734 398 734 497 735 473 735 456 735 505 736 431 736 490 736 506 737 427 737 470 737 480 738 461 738 493 738 480 739 493 739 502 739 507 740 462 740 484 740 508 741 409 741 476 741 507 742 434 742 462 742 506 743 467 743 427 743 509 744 445 744 495 744 503 745 443 745 472 745 510 746 433 746 432 746 510 747 432 747 498 747 511 748 473 748 497 748 512 749 401 749 492 749 509 750 476 750 445 750 514 751 470 751 469 751 468 752 480 752 502 752 508 753 412 753 409 753 514 754 469 754 499 754 515 755 388 755 382 755 515 756 382 756 496 756 516 757 458 757 501 757 513 758 482 758 459 758 513 759 459 759 504 759 517 760 443 760 503 760 500 761 483 761 435 761 518 762 434 762 507 762 519 763 484 763 431 763 519 764 431 764 505 764 520 765 473 765 511 765 506 766 496 766 467 766 521 767 433 767 510 767 522 768 476 768 509 768 517 769 487 769 443 769 516 770 492 770 458 770 523 771 483 771 500 771 521 772 495 772 433 772 524 773 401 773 512 773 525 774 497 774 468 774 524 775 400 775 401 775 527 776 496 776 506 776 520 777 498 777 473 777 528 778 412 778 508 778 529 779 470 779 514 779 522 780 508 780 476 780 530 781 487 781 517 781 526 782 482 782 513 782 526 783 500 783 482 783 523 784 499 784 483 784 533 785 498 785 520 785 532 786 388 786 515 786 518 787 503 787 434 787 525 788 468 788 502 788 533 789 510 789 498 789 535 790 508 790 522 790 531 791 511 791 497 791 531 792 497 792 525 792 530 793 501 793 487 793 537 794 495 794 521 794 537 795 509 795 495 795 538 796 320 796 534 796 529 797 506 797 470 797 539 798 503 798 518 798 538 799 417 799 320 799 540 800 492 800 516 800 532 801 391 801 388 801 524 802 404 802 400 802 541 803 412 803 528 803 523 804 514 804 499 804 507 805 484 805 519 805 540 806 512 806 492 806 527 807 515 807 496 807 544 808 510 808 533 808 536 809 538 809 534 809 545 810 501 810 530 810 538 811 419 811 417 811 546 812 506 812 529 812 547 813 538 813 536 813 548 814 391 814 532 814 549 815 514 815 523 815 550 816 419 816 538 816 552 817 404 817 524 817 551 818 515 818 527 818 531 819 520 819 511 819 541 820 414 820 412 820 553 821 508 821 535 821 544 822 521 822 510 822 553 823 528 823 508 823 554 824 509 824 537 824 554 825 522 825 509 825 543 826 500 826 526 826 545 827 516 827 501 827 555 828 521 828 544 828 556 829 538 829 547 829 557 830 520 830 531 830 539 831 517 831 503 831 542 832 558 832 559 832 560 833 518 833 507 833 540 834 524 834 512 834 561 835 419 835 550 835 557 836 533 836 520 836 519 837 560 837 507 837 543 838 523 838 500 838 561 839 423 839 419 839 556 840 550 840 538 840 562 841 414 841 541 841 563 842 547 842 536 842 563 843 536 843 542 843 564 844 527 844 506 844 565 845 517 845 539 845 564 846 506 846 546 846 566 847 515 847 551 847 565 848 530 848 517 848 554 849 535 849 522 849 567 850 514 850 549 850 567 851 529 851 514 851 568 852 550 852 556 852 475 853 524 853 540 853 569 854 533 854 557 854 553 855 541 855 528 855 566 856 532 856 515 856 570 857 537 857 521 857 570 858 521 858 555 858 571 859 391 859 548 859 563 860 542 860 559 860 571 861 393 861 391 861 573 862 541 862 553 862 572 863 516 863 545 863 574 864 535 864 554 864 575 865 518 865 560 865 562 866 416 866 414 866 569 867 544 867 533 867 576 868 547 868 563 868 576 869 556 869 547 869 577 870 404 870 552 870 577 871 405 871 404 871 570 872 554 872 537 872 568 873 561 873 550 873 578 874 544 874 569 874 574 875 553 875 535 875 563 876 559 876 451 876 579 877 416 877 562 877 466 878 529 878 567 878 580 879 523 879 543 879 581 880 554 880 570 880 575 881 539 881 518 881 582 882 423 882 561 882 448 883 530 883 565 883 582 884 425 884 423 884 578 885 555 885 544 885 576 886 563 886 451 886 428 887 516 887 572 887 428 888 540 888 516 888 583 889 553 889 574 889 436 890 561 890 568 890 573 891 562 891 541 891 566 892 548 892 532 892 475 893 552 893 524 893 444 894 393 894 571 894 576 895 568 895 556 895 579 896 254 896 416 896 549 897 523 897 580 897 584 898 539 898 575 898 466 899 546 899 529 899 448 900 545 900 530 900 472 901 548 901 566 901 585 902 554 902 581 902 485 903 551 903 527 903 485 904 527 904 564 904 439 905 405 905 577 905 474 906 552 906 475 906 460 907 568 907 576 907 586 908 562 908 573 908 471 909 425 909 582 909 583 910 573 910 553 910 585 911 574 911 554 911 586 912 579 912 562 912 587 913 570 913 555 913 437 914 561 914 436 914 437 915 582 915 561 915 456 916 540 916 428 916 588 917 254 917 579 917 589 918 573 918 583 918 466 919 564 919 546 919 471 920 426 920 425 920 439 921 407 921 405 921 587 922 581 922 570 922 457 923 568 923 460 923 587 924 555 924 578 924 461 925 545 925 448 925 472 926 571 926 548 926 477 927 478 927 591 927 446 928 576 928 451 928 442 929 574 929 585 929 442 930 583 930 574 930 584 931 565 931 539 931 486 932 567 932 549 932 590 933 581 933 587 933 461 934 572 934 545 934 431 935 564 935 466 935 580 936 486 936 549 936 462 937 566 937 551 937 462 938 551 938 485 938 430 939 579 939 586 939 456 940 475 940 540 940 432 941 552 941 474 941 458 942 396 942 393 942 454 943 573 943 589 943 458 944 393 944 444 944 457 945 436 945 568 945 590 946 585 946 581 946 432 947 577 947 552 947 452 948 565 948 584 948 430 949 588 949 579 949 454 950 586 950 573 950 445 951 407 951 439 951 427 952 426 952 471 952 441 953 583 953 442 953 469 954 582 954 437 954 464 955 588 955 430 955 469 956 471 956 582 956 438 957 585 957 590 957 441 958 589 958 583 958 435 959 436 959 457 959 443 960 571 960 472 960 429 961 586 961 454 961 427 962 386 962 426 962 480 963 572 963 461 963 465 964 466 964 567 964 465 965 567 965 486 965 443 966 444 966 571 966 452 967 448 967 565 967 455 968 589 968 441 968 459 969 460 969 576 969 459 970 576 970 446 970 442 971 585 971 438 971 455 972 454 972 589 972 480 973 428 973 572 973 429 974 430 974 586 974 434 975 566 975 462 975 433 976 577 976 432 976 473 977 475 977 456 977 445 978 409 978 407 978 431 979 485 979 564 979 592 980 478 980 449 980 593 981 594 981 595 981 596 982 593 982 595 982 597 983 596 983 595 983 598 984 597 984 595 984 598 985 595 985 599 985 601 986 598 986 600 986 598 987 599 987 600 987 602 988 600 988 599 988 603 989 602 989 604 989 602 990 599 990 604 990 604 991 599 991 478 991 604 992 478 992 605 992 605 993 478 993 606 993 606 994 478 994 607 994 607 995 478 995 592 995 608 996 559 996 623 996 451 997 559 997 608 997 609 998 610 998 611 998 609 999 611 999 612 999 609 1000 612 1000 613 1000 614 1001 609 1001 613 1001 615 1002 609 1002 614 1002 616 1003 614 1003 617 1003 616 1004 617 1004 618 1004 616 1005 615 1005 614 1005 558 1006 616 1006 619 1006 558 1007 615 1007 616 1007 620 1008 619 1008 621 1008 620 1009 558 1009 619 1009 622 1010 558 1010 620 1010 623 1011 558 1011 622 1011 623 1012 559 1012 558 1012 605 1013 606 1013 622 1013 605 1014 622 1014 620 1014 604 1015 605 1015 620 1015 604 1016 620 1016 621 1016 603 1017 604 1017 621 1017 592 1018 451 1018 608 1018 592 1019 449 1019 451 1019 607 1020 608 1020 623 1020 607 1021 592 1021 608 1021 606 1022 607 1022 623 1022 606 1023 623 1023 622 1023 596 1024 612 1024 611 1024 593 1025 596 1025 611 1025 593 1026 611 1026 610 1026 594 1027 593 1027 610 1027 601 1028 618 1028 617 1028 598 1029 617 1029 614 1029 598 1030 601 1030 617 1030 598 1031 614 1031 613 1031 597 1032 598 1032 613 1032 596 1033 613 1033 612 1033 596 1034 597 1034 613 1034 599 1035 591 1035 478 1035 595 1036 591 1036 599 1036 624 1037 591 1037 595 1037 624 1038 595 1038 594 1038 625 1039 594 1039 627 1039 625 1040 624 1040 594 1040 626 1041 625 1041 627 1041 628 1042 627 1042 629 1042 628 1043 626 1043 627 1043 630 1044 628 1044 629 1044 630 1045 629 1045 631 1045 632 1046 630 1046 631 1046 632 1047 631 1047 633 1047 634 1048 632 1048 633 1048 634 1049 633 1049 635 1049 636 1050 634 1050 635 1050 636 1051 635 1051 637 1051 638 1052 636 1052 637 1052 638 1053 637 1053 639 1053 640 1054 638 1054 639 1054 640 1055 639 1055 641 1055 642 1056 640 1056 641 1056 643 1057 642 1057 641 1057 643 1058 641 1058 644 1058 645 1059 643 1059 644 1059 645 1060 644 1060 646 1060 647 1061 646 1061 648 1061 647 1062 645 1062 646 1062 649 1063 648 1063 650 1063 649 1064 647 1064 648 1064 651 1065 650 1065 652 1065 651 1066 649 1066 650 1066 653 1067 652 1067 654 1067 653 1068 651 1068 652 1068 655 1069 653 1069 654 1069 655 1070 654 1070 656 1070 657 1071 655 1071 656 1071 657 1072 656 1072 658 1072 659 1073 657 1073 658 1073 659 1074 658 1074 660 1074 661 1075 659 1075 660 1075 661 1076 660 1076 662 1076 663 1077 661 1077 662 1077 663 1078 662 1078 664 1078 665 1079 663 1079 664 1079 666 1080 665 1080 664 1080 666 1081 664 1081 667 1081 668 1082 667 1082 669 1082 668 1083 666 1083 667 1083 668 1084 669 1084 670 1084 671 1085 668 1085 670 1085 629 1086 627 1086 672 1086 629 1087 672 1087 673 1087 631 1088 629 1088 673 1088 631 1089 673 1089 1541 1089 633 1090 1541 1090 674 1090 633 1091 631 1091 1541 1091 635 1092 674 1092 675 1092 635 1093 633 1093 674 1093 637 1094 675 1094 676 1094 637 1095 635 1095 675 1095 639 1096 637 1096 676 1096 639 1097 676 1097 677 1097 641 1098 639 1098 677 1098 641 1099 677 1099 678 1099 641 1100 678 1100 679 1100 680 1101 641 1101 679 1101 680 1102 679 1102 681 1102 680 1103 644 1103 641 1103 646 1104 644 1104 680 1104 648 1105 646 1105 680 1105 650 1106 648 1106 680 1106 652 1107 650 1107 680 1107 654 1108 652 1108 680 1108 656 1109 654 1109 680 1109 682 1110 662 1110 660 1110 682 1111 660 1111 658 1111 683 1112 670 1112 669 1112 683 1113 669 1113 667 1113 684 1114 683 1114 667 1114 685 1115 667 1115 664 1115 685 1116 684 1116 667 1116 686 1117 685 1117 664 1117 687 1118 686 1118 664 1118 688 1119 687 1119 664 1119 689 1120 688 1120 664 1120 689 1121 664 1121 662 1121 689 1122 662 1122 682 1122 690 1123 689 1123 682 1123 680 1124 682 1124 658 1124 680 1125 658 1125 656 1125 354 1126 738 1126 748 1126 698 1127 763 1127 92 1127 702 1128 1460 1128 693 1128 189 1129 203 1129 784 1129 696 1130 701 1130 802 1130 274 1131 313 1131 733 1131 709 1132 702 1132 693 1132 696 1133 670 1133 683 1133 779 1134 189 1134 761 1134 180 1135 779 1135 707 1135 359 1136 705 1136 730 1136 317 1137 335 1137 733 1137 712 1138 701 1138 696 1138 707 1139 700 1139 699 1139 711 1140 796 1140 695 1140 464 1141 463 1141 691 1141 713 1142 696 1142 683 1142 313 1143 317 1143 733 1143 142 1144 707 1144 699 1144 359 1145 730 1145 738 1145 734 1146 354 1146 748 1146 715 1147 714 1147 1170 1147 703 1148 60 1148 694 1148 779 1149 180 1149 189 1149 698 1150 142 1150 708 1150 698 1151 708 1151 763 1151 59 1152 92 1152 692 1152 59 1153 692 1153 694 1153 142 1154 699 1154 708 1154 60 1155 703 1155 704 1155 717 1156 714 1156 715 1156 353 1157 354 1157 734 1157 335 1158 353 1158 734 1158 717 1159 716 1159 714 1159 712 1160 691 1160 701 1160 59 1161 694 1161 60 1161 367 1162 372 1162 704 1162 359 1163 367 1163 705 1163 354 1164 359 1164 738 1164 372 1165 60 1165 704 1165 684 1166 713 1166 683 1166 718 1167 717 1167 715 1167 722 1168 716 1168 717 1168 722 1169 720 1169 716 1169 723 1170 718 1170 721 1170 723 1171 717 1171 718 1171 724 1172 710 1172 706 1172 726 1173 684 1173 685 1173 727 1174 720 1174 722 1174 728 1175 723 1175 721 1175 729 1176 696 1176 713 1176 725 1177 720 1177 727 1177 725 1178 819 1178 720 1178 722 1179 717 1179 723 1179 733 1180 706 1180 697 1180 733 1181 724 1181 706 1181 732 1182 723 1182 728 1182 734 1183 695 1183 710 1183 729 1184 712 1184 696 1184 736 1185 685 1185 686 1185 737 1186 691 1186 712 1186 738 1187 730 1187 711 1187 739 1188 819 1188 725 1188 740 1189 722 1189 723 1189 735 1190 588 1190 464 1190 741 1191 713 1191 684 1191 741 1192 684 1192 726 1192 740 1193 723 1193 732 1193 738 1194 711 1194 695 1194 726 1195 685 1195 736 1195 742 1196 740 1196 732 1196 739 1197 725 1197 743 1197 743 1198 725 1198 727 1198 744 1199 732 1199 1131 1199 745 1200 819 1200 739 1200 746 1201 702 1201 709 1201 740 1202 727 1202 722 1202 744 1203 742 1203 732 1203 741 1204 729 1204 713 1204 747 1205 686 1205 687 1205 737 1206 464 1206 691 1206 748 1207 738 1207 695 1207 749 1208 746 1208 709 1208 749 1209 709 1209 719 1209 737 1210 712 1210 729 1210 750 1211 744 1211 1131 1211 731 1212 749 1212 719 1212 747 1213 687 1213 688 1213 751 1214 737 1214 729 1214 752 1215 739 1215 743 1215 724 1216 734 1216 710 1216 753 1217 750 1217 1208 1217 754 1218 747 1218 688 1218 755 1219 743 1219 727 1219 734 1220 748 1220 695 1220 755 1221 727 1221 740 1221 756 1222 753 1222 1208 1222 735 1223 464 1223 737 1223 744 1224 740 1224 742 1224 735 1225 254 1225 588 1225 752 1226 743 1226 755 1226 702 1227 733 1227 697 1227 760 1228 744 1228 750 1228 761 1229 729 1229 741 1229 760 1230 750 1230 753 1230 758 1231 756 1231 1208 1231 762 1232 745 1232 739 1232 762 1233 739 1233 752 1233 736 1234 741 1234 726 1234 760 1235 755 1235 740 1235 760 1236 740 1236 744 1236 763 1237 754 1237 688 1237 763 1238 688 1238 689 1238 751 1239 757 1239 737 1239 759 1240 745 1240 762 1240 764 1241 737 1241 757 1241 761 1242 751 1242 729 1242 747 1243 736 1243 686 1243 766 1244 753 1244 756 1244 764 1245 735 1245 737 1245 752 1246 769 1246 762 1246 736 1247 761 1247 741 1247 768 1248 760 1248 753 1248 769 1249 752 1249 755 1249 239 1250 244 1250 254 1250 770 1251 758 1251 765 1251 766 1252 768 1252 753 1252 758 1253 766 1253 756 1253 760 1254 769 1254 755 1254 692 1255 689 1255 690 1255 774 1256 770 1256 765 1256 747 1257 700 1257 736 1257 770 1258 766 1258 758 1258 239 1259 254 1259 735 1259 772 1260 774 1260 765 1260 776 1261 760 1261 768 1261 776 1262 769 1262 760 1262 777 1263 775 1263 772 1263 775 1264 774 1264 772 1264 746 1265 250 1265 702 1265 778 1266 776 1266 768 1266 764 1267 229 1267 735 1267 778 1268 768 1268 766 1268 779 1269 761 1269 736 1269 773 1270 704 1270 771 1270 692 1271 690 1271 767 1271 780 1272 766 1272 770 1272 781 1273 782 1273 777 1273 778 1274 766 1274 780 1274 782 1275 775 1275 777 1275 784 1276 757 1276 751 1276 780 1277 770 1277 774 1277 779 1278 736 1278 700 1278 781 1279 777 1279 783 1279 784 1280 751 1280 761 1280 785 1281 775 1281 782 1281 785 1282 774 1282 775 1282 229 1283 239 1283 735 1283 335 1284 734 1284 724 1284 785 1285 780 1285 774 1285 788 1286 783 1286 786 1286 787 1287 782 1287 781 1287 788 1288 781 1288 783 1288 787 1289 785 1289 782 1289 707 1290 779 1290 700 1290 789 1291 788 1291 786 1291 788 1292 787 1292 781 1292 692 1293 763 1293 689 1293 367 1294 704 1294 773 1294 708 1295 747 1295 754 1295 703 1296 694 1296 767 1296 703 1297 767 1297 771 1297 699 1298 700 1298 747 1298 335 1299 724 1299 733 1299 790 1300 788 1300 789 1300 730 1301 705 1301 773 1301 792 1302 789 1302 791 1302 790 1303 789 1303 792 1303 694 1304 692 1304 767 1304 274 1305 733 1305 702 1305 705 1306 367 1306 773 1306 794 1307 792 1307 791 1307 793 1308 794 1308 791 1308 704 1309 703 1309 771 1309 763 1310 708 1310 754 1310 793 1311 796 1311 794 1311 256 1312 274 1312 702 1312 797 1313 796 1313 793 1313 799 1314 793 1314 795 1314 214 1315 229 1315 764 1315 799 1316 797 1316 793 1316 697 1317 798 1317 800 1317 798 1318 799 1318 795 1318 757 1319 214 1319 764 1319 801 1320 489 1320 494 1320 802 1321 489 1321 801 1321 218 1322 214 1322 757 1322 706 1323 799 1323 798 1323 256 1324 702 1324 250 1324 699 1325 747 1325 708 1325 701 1326 489 1326 802 1326 670 1327 801 1327 671 1327 706 1328 798 1328 697 1328 710 1329 797 1329 799 1329 92 1330 763 1330 692 1330 695 1331 796 1331 797 1331 670 1332 802 1332 801 1332 702 1333 800 1333 1460 1333 710 1334 695 1334 797 1334 701 1335 463 1335 489 1335 203 1336 757 1336 784 1336 696 1337 802 1337 670 1337 691 1338 463 1338 701 1338 702 1339 697 1339 800 1339 710 1340 799 1340 706 1340 189 1341 784 1341 761 1341 203 1342 218 1342 757 1342 809 1343 810 1343 811 1343 812 1344 813 1344 814 1344 812 1345 814 1345 817 1345 819 1346 820 1346 824 1346 828 1347 946 1347 935 1347 828 1348 935 1348 829 1348 836 1349 837 1349 956 1349 822 1350 839 1350 940 1350 841 1351 842 1351 843 1351 841 1352 843 1352 806 1352 847 1353 804 1353 803 1353 848 1354 849 1354 823 1354 819 1355 745 1355 820 1355 850 1356 851 1356 837 1356 853 1357 854 1357 821 1357 859 1358 947 1358 818 1358 855 1359 861 1359 856 1359 857 1360 818 1360 858 1360 862 1361 831 1361 830 1361 863 1362 839 1362 822 1362 812 1363 806 1363 813 1363 850 1364 837 1364 836 1364 862 1365 809 1365 831 1365 847 1366 834 1366 804 1366 864 1367 827 1367 826 1367 833 1368 807 1368 929 1368 815 1369 822 1369 816 1369 864 1370 821 1370 827 1370 844 1371 866 1371 845 1371 867 1372 818 1372 857 1372 868 1373 834 1373 847 1373 869 1374 946 1374 828 1374 869 1375 805 1375 946 1375 863 1376 803 1376 839 1376 846 1377 842 1377 841 1377 865 1378 848 1378 823 1378 859 1379 817 1379 947 1379 861 1380 855 1380 871 1380 868 1381 825 1381 834 1381 815 1382 873 1382 822 1382 874 1383 854 1383 853 1383 874 1384 832 1384 854 1384 873 1385 863 1385 822 1385 875 1386 807 1386 833 1386 847 1387 803 1387 863 1387 720 1388 819 1388 824 1388 720 1389 824 1389 825 1389 876 1390 825 1390 868 1390 877 1391 949 1391 810 1391 870 1392 851 1392 850 1392 871 1393 833 1393 861 1393 867 1394 859 1394 818 1394 878 1395 809 1395 862 1395 876 1396 720 1396 825 1396 876 1397 716 1397 720 1397 864 1398 853 1398 821 1398 875 1399 808 1399 807 1399 881 1400 882 1400 849 1400 881 1401 849 1401 848 1401 883 1402 859 1402 867 1402 873 1403 847 1403 863 1403 884 1404 823 1404 805 1404 884 1405 805 1405 869 1405 885 1406 847 1406 873 1406 877 1407 852 1407 949 1407 886 1408 851 1408 870 1408 887 1409 880 1409 866 1409 879 1410 866 1410 844 1410 885 1411 868 1411 847 1411 888 1412 876 1412 868 1412 878 1413 810 1413 809 1413 812 1414 817 1414 859 1414 874 1415 830 1415 832 1415 888 1416 868 1416 885 1416 889 1417 846 1417 841 1417 714 1418 716 1418 876 1418 714 1419 876 1419 888 1419 885 1420 890 1420 888 1420 890 1421 714 1421 888 1421 890 1422 1170 1422 714 1422 886 1423 872 1423 851 1423 891 1424 892 1424 872 1424 887 1425 866 1425 879 1425 893 1426 810 1426 878 1426 865 1427 823 1427 884 1427 889 1428 836 1428 846 1428 875 1429 838 1429 808 1429 894 1430 880 1430 887 1430 895 1431 872 1431 886 1431 871 1432 875 1432 833 1432 896 1433 852 1433 877 1433 897 1434 882 1434 881 1434 896 1435 844 1435 852 1435 864 1436 909 1436 853 1436 893 1437 877 1437 810 1437 898 1438 875 1438 871 1438 899 1439 836 1439 889 1439 900 1440 806 1440 812 1440 901 1441 838 1441 875 1441 901 1442 829 1442 838 1442 909 1443 874 1443 853 1443 891 1444 872 1444 895 1444 903 1445 892 1445 891 1445 883 1446 812 1446 859 1446 904 1447 877 1447 893 1447 899 1448 850 1448 836 1448 900 1449 841 1449 806 1449 905 1450 862 1450 830 1450 908 1451 848 1451 865 1451 902 1452 894 1452 887 1452 910 1453 812 1453 883 1453 906 1454 911 1454 907 1454 914 1455 844 1455 896 1455 914 1456 879 1456 844 1456 915 1457 911 1457 906 1457 897 1458 916 1458 882 1458 917 1459 828 1459 829 1459 917 1460 829 1460 901 1460 919 1461 850 1461 899 1461 918 1462 865 1462 884 1462 920 1463 911 1463 915 1463 922 1464 841 1464 900 1464 923 1465 894 1465 902 1465 909 1466 830 1466 874 1466 903 1467 924 1467 892 1467 920 1468 925 1468 911 1468 919 1469 870 1469 850 1469 905 1470 878 1470 862 1470 901 1471 875 1471 898 1471 910 1472 900 1472 812 1472 896 1473 877 1473 904 1473 926 1474 848 1474 908 1474 926 1475 881 1475 848 1475 927 1476 830 1476 909 1476 913 1477 915 1477 906 1477 923 1478 912 1478 894 1478 922 1479 889 1479 841 1479 929 1480 879 1480 914 1480 929 1481 887 1481 879 1481 917 1482 869 1482 828 1482 930 1483 915 1483 913 1483 908 1484 865 1484 918 1484 898 1485 942 1485 901 1485 931 1486 925 1486 920 1486 931 1487 934 1487 925 1487 928 1488 916 1488 897 1488 930 1489 920 1489 915 1489 935 1490 912 1490 923 1490 942 1491 917 1491 901 1491 927 1492 905 1492 830 1492 935 1493 936 1493 912 1493 937 1494 913 1494 921 1494 893 1495 878 1495 905 1495 938 1496 932 1496 916 1496 821 1497 886 1497 870 1497 821 1498 870 1498 919 1498 902 1499 887 1499 929 1499 940 1500 881 1500 926 1500 940 1501 897 1501 881 1501 831 1502 924 1502 903 1502 941 1503 905 1503 927 1503 910 1504 922 1504 900 1504 938 1505 916 1505 928 1505 937 1506 930 1506 913 1506 943 1507 869 1507 917 1507 943 1508 884 1508 869 1508 899 1509 889 1509 922 1509 811 1510 944 1510 924 1510 946 1511 936 1511 935 1511 947 1512 920 1512 930 1512 814 1513 934 1513 931 1513 939 1514 926 1514 908 1514 811 1515 924 1515 831 1515 948 1516 922 1516 910 1516 858 1517 930 1517 937 1517 843 1518 945 1518 934 1518 943 1519 918 1519 884 1519 947 1520 931 1520 920 1520 949 1521 944 1521 811 1521 813 1522 934 1522 814 1522 832 1523 891 1523 895 1523 832 1524 903 1524 891 1524 856 1525 904 1525 893 1525 950 1526 917 1526 942 1526 854 1527 886 1527 821 1527 940 1528 928 1528 897 1528 854 1529 895 1529 886 1529 818 1530 930 1530 858 1530 818 1531 947 1531 930 1531 843 1532 934 1532 813 1532 827 1533 919 1533 899 1533 805 1534 936 1534 946 1534 842 1535 945 1535 843 1535 952 1536 928 1536 940 1536 804 1537 932 1537 938 1537 950 1538 943 1538 917 1538 814 1539 931 1539 947 1539 933 1540 937 1540 921 1540 939 1541 908 1541 918 1541 805 1542 953 1542 936 1542 939 1543 918 1543 943 1543 941 1544 893 1544 905 1544 954 1545 943 1545 950 1545 838 1546 923 1546 902 1546 807 1547 902 1547 929 1547 842 1548 956 1548 945 1548 952 1549 938 1549 928 1549 810 1550 949 1550 811 1550 840 1551 893 1551 941 1551 834 1552 932 1552 804 1552 831 1553 903 1553 832 1553 948 1554 899 1554 922 1554 856 1555 896 1555 904 1555 858 1556 937 1556 933 1556 832 1557 895 1557 854 1557 838 1558 935 1558 923 1558 839 1559 952 1559 940 1559 860 1560 899 1560 948 1560 834 1561 951 1561 932 1561 852 1562 845 1562 944 1562 861 1563 896 1563 856 1563 852 1564 944 1564 949 1564 804 1565 938 1565 952 1565 840 1566 856 1566 893 1566 817 1567 814 1567 947 1567 954 1568 939 1568 943 1568 824 1569 820 1569 951 1569 816 1570 926 1570 939 1570 829 1571 935 1571 838 1571 825 1572 951 1572 834 1572 821 1573 919 1573 827 1573 806 1574 843 1574 813 1574 857 1575 933 1575 955 1575 808 1576 902 1576 807 1576 857 1577 858 1577 933 1577 861 1578 914 1578 896 1578 809 1579 811 1579 831 1579 846 1580 956 1580 842 1580 835 1581 939 1581 954 1581 855 1582 856 1582 840 1582 823 1583 953 1583 805 1583 816 1584 940 1584 926 1584 860 1585 827 1585 899 1585 830 1586 831 1586 832 1586 803 1587 804 1587 952 1587 803 1588 952 1588 839 1588 823 1589 849 1589 953 1589 835 1590 816 1590 939 1590 836 1591 956 1591 846 1591 808 1592 838 1592 902 1592 824 1593 951 1593 825 1593 833 1594 914 1594 861 1594 833 1595 929 1595 914 1595 844 1596 845 1596 852 1596 826 1597 827 1597 860 1597 822 1598 940 1598 816 1598 815 1599 816 1599 835 1599 960 1600 958 1600 965 1600 958 1601 957 1601 964 1601 966 1602 961 1602 963 1602 967 1603 960 1603 959 1603 968 1604 958 1604 960 1604 971 1605 913 1605 906 1605 972 1606 913 1606 971 1606 967 1607 968 1607 960 1607 974 1608 967 1608 959 1608 974 1609 959 1609 961 1609 976 1610 966 1610 975 1610 976 1611 961 1611 966 1611 972 1612 921 1612 913 1612 973 1613 972 1613 971 1613 976 1614 974 1614 961 1614 978 1615 972 1615 973 1615 981 1616 976 1616 975 1616 980 1617 967 1617 974 1617 982 1618 974 1618 976 1618 977 1619 968 1619 967 1619 2276 1620 981 1620 975 1620 983 1621 921 1621 972 1621 979 1622 978 1622 973 1622 982 1623 980 1623 974 1623 984 1624 978 1624 979 1624 977 1625 967 1625 980 1625 985 1626 981 1626 2276 1626 987 1627 980 1627 982 1627 988 1628 982 1628 976 1628 988 1629 976 1629 981 1629 983 1630 933 1630 921 1630 987 1631 977 1631 980 1631 989 1632 985 1632 2276 1632 978 1633 983 1633 972 1633 990 1634 982 1634 988 1634 990 1635 987 1635 982 1635 991 1636 977 1636 987 1636 992 1637 979 1637 986 1637 992 1638 984 1638 979 1638 993 1639 988 1639 981 1639 993 1640 981 1640 985 1640 990 1641 991 1641 987 1641 996 1642 985 1642 989 1642 996 1643 993 1643 985 1643 997 1644 988 1644 993 1644 997 1645 990 1645 988 1645 994 1646 991 1646 990 1646 2262 1647 992 1647 986 1647 998 1648 989 1648 2255 1648 998 1649 2255 1649 999 1649 1000 1650 994 1650 990 1650 1001 1651 933 1651 983 1651 1000 1652 990 1652 997 1652 1002 1653 993 1653 996 1653 998 1654 996 1654 989 1654 1004 1655 992 1655 2262 1655 1002 1656 997 1656 993 1656 1005 1657 983 1657 978 1657 1003 1658 978 1658 984 1658 1006 1659 997 1659 1002 1659 1007 1660 996 1660 998 1660 1006 1661 1000 1661 997 1661 1001 1662 955 1662 933 1662 1007 1663 1002 1663 996 1663 995 1664 1004 1664 2262 1664 1007 1665 998 1665 999 1665 1003 1666 1005 1666 978 1666 1010 1667 1000 1667 1006 1667 1007 1668 999 1668 1009 1668 1011 1669 1002 1669 1007 1669 992 1670 1003 1670 984 1670 1011 1671 1006 1671 1002 1671 1005 1672 1001 1672 983 1672 1012 1673 1011 1673 1007 1673 1013 1674 1006 1674 1011 1674 1013 1675 1010 1675 1006 1675 1014 1676 955 1676 1001 1676 1016 1677 1003 1677 992 1677 1015 1678 1007 1678 1009 1678 1017 1679 1011 1679 1012 1679 1015 1680 1012 1680 1007 1680 1022 1681 1017 1681 1012 1681 1013 1682 1011 1682 1017 1682 1018 1683 1012 1683 1015 1683 1021 1684 1013 1684 1017 1684 1022 1685 1012 1685 1018 1685 1020 1686 1013 1686 1021 1686 1004 1687 1016 1687 992 1687 1022 1688 1018 1688 1023 1688 1023 1689 1017 1689 1022 1689 1005 1690 1014 1690 1001 1690 1021 1691 1017 1691 1023 1691 1026 1692 1004 1692 995 1692 1024 1693 1020 1693 1021 1693 1025 1694 1021 1694 1023 1694 1027 1695 1020 1695 1024 1695 1024 1696 1021 1696 1025 1696 1028 1697 1014 1697 1005 1697 1030 1698 995 1698 1008 1698 1030 1699 1026 1699 995 1699 1027 1700 1024 1700 1029 1700 1028 1701 1005 1701 1003 1701 1029 1702 1024 1702 1025 1702 1032 1703 1029 1703 1025 1703 1031 1704 1027 1704 1029 1704 1033 1705 1016 1705 1004 1705 1034 1706 1008 1706 1019 1706 1031 1707 1029 1707 1032 1707 1035 1708 1031 1708 1032 1708 1036 1709 1035 1709 1032 1709 1026 1710 1033 1710 1004 1710 1034 1711 1030 1711 1008 1711 1016 1712 1028 1712 1003 1712 1038 1713 1019 1713 2268 1713 1038 1714 1034 1714 1019 1714 1039 1715 1028 1715 1016 1715 964 1716 1026 1716 1030 1716 1033 1717 1039 1717 1016 1717 962 1718 1033 1718 1026 1718 2270 1719 1038 1719 2268 1719 965 1720 1030 1720 1034 1720 1040 1721 1038 1721 2270 1721 964 1722 962 1722 1026 1722 1038 1723 965 1723 1034 1723 965 1724 964 1724 1030 1724 962 1725 1039 1725 1033 1725 959 1726 1038 1726 1040 1726 960 1727 965 1727 1038 1727 957 1728 962 1728 964 1728 961 1729 1040 1729 963 1729 961 1730 959 1730 1040 1730 959 1731 960 1731 1038 1731 958 1732 964 1732 965 1732 1044 1733 1052 1733 1045 1733 1043 1734 1046 1734 1071 1734 1048 1735 1050 1735 1049 1735 1048 1736 1051 1736 1050 1736 1052 1737 1053 1737 1041 1737 1052 1738 1041 1738 1045 1738 1050 1739 909 1739 1047 1739 1050 1740 927 1740 909 1740 1054 1741 1042 1741 1043 1741 1053 1742 1051 1742 1048 1742 1050 1743 941 1743 927 1743 1051 1744 941 1744 1050 1744 1170 1745 890 1745 1055 1745 1067 1746 1056 1746 1052 1746 1058 1747 1064 1747 1059 1747 1054 1748 1060 1748 1044 1748 1052 1749 1057 1749 1053 1749 1061 1750 1233 1750 1062 1750 1051 1751 840 1751 941 1751 1052 1752 1065 1752 1057 1752 1057 1753 840 1753 1051 1753 1057 1754 855 1754 840 1754 1060 1755 1056 1755 1067 1755 1056 1756 1065 1756 1052 1756 1068 1757 1069 1757 1178 1757 1057 1758 871 1758 855 1758 1070 1759 1071 1759 1135 1759 1070 1760 1135 1760 1072 1760 1070 1761 1074 1761 1066 1761 1070 1762 1066 1762 1054 1762 1065 1763 871 1763 1057 1763 1065 1764 898 1764 871 1764 1066 1765 1073 1765 1060 1765 1056 1766 1076 1766 1075 1766 1065 1767 942 1767 898 1767 1073 1768 1076 1768 1056 1768 1073 1769 1056 1769 1060 1769 1066 1770 1077 1770 1073 1770 1075 1771 1065 1771 1056 1771 1075 1772 942 1772 1065 1772 1074 1773 1072 1773 1078 1773 1076 1774 942 1774 1075 1774 1074 1775 1077 1775 1066 1775 1076 1776 950 1776 942 1776 1076 1777 954 1777 950 1777 1074 1778 1080 1778 1077 1778 1080 1779 1078 1779 1081 1779 1077 1780 1082 1780 1079 1780 1077 1781 1079 1781 1073 1781 1079 1782 835 1782 954 1782 1079 1783 954 1783 1076 1783 1079 1784 1076 1784 1073 1784 1079 1785 815 1785 835 1785 1061 1786 1058 1786 1059 1786 1080 1787 1083 1787 1082 1787 1080 1788 1082 1788 1077 1788 1079 1789 873 1789 815 1789 1082 1790 873 1790 1079 1790 1083 1791 1081 1791 1055 1791 1083 1792 1080 1792 1081 1792 1068 1793 1178 1793 1064 1793 1082 1794 885 1794 873 1794 1063 1795 1085 1795 1068 1795 1086 1796 1063 1796 1058 1796 1083 1797 885 1797 1082 1797 1084 1798 1061 1798 1062 1798 1055 1799 885 1799 1083 1799 1055 1800 890 1800 885 1800 1088 1801 1069 1801 1068 1801 1058 1802 1063 1802 1064 1802 1063 1803 1068 1803 1064 1803 1068 1804 1089 1804 1088 1804 1086 1805 1058 1805 1061 1805 1088 1806 1172 1806 1069 1806 1086 1807 1061 1807 1084 1807 1084 1808 1090 1808 1086 1808 1063 1809 1091 1809 1085 1809 1084 1810 1062 1810 1087 1810 1085 1811 1089 1811 1068 1811 1087 1812 1062 1812 1094 1812 955 1813 1172 1813 1088 1813 1090 1814 1084 1814 1093 1814 1092 1815 1086 1815 1090 1815 1088 1816 857 1816 955 1816 1093 1817 1084 1817 1087 1817 1085 1818 1095 1818 1089 1818 1086 1819 1091 1819 1063 1819 1088 1820 867 1820 857 1820 1092 1821 1041 1821 1048 1821 1092 1822 1090 1822 1041 1822 1045 1823 1090 1823 1093 1823 1042 1824 1087 1824 1043 1824 1092 1825 1049 1825 1096 1825 1092 1826 1048 1826 1049 1826 1089 1827 867 1827 1088 1827 1089 1828 883 1828 867 1828 1045 1829 1042 1829 1044 1829 1091 1830 1095 1830 1085 1830 1092 1831 1091 1831 1086 1831 1047 1832 1049 1832 1050 1832 1092 1833 1096 1833 1091 1833 1053 1834 1048 1834 1041 1834 1089 1835 910 1835 883 1835 1054 1836 1044 1836 1042 1836 1071 1837 1054 1837 1043 1837 1067 1838 1052 1838 1044 1838 1054 1839 1071 1839 1070 1839 1057 1840 1051 1840 1053 1840 1095 1841 910 1841 1089 1841 1095 1842 948 1842 910 1842 1067 1843 1044 1843 1060 1843 1043 1844 1087 1844 1094 1844 1042 1845 1093 1845 1087 1845 1042 1846 1045 1846 1093 1846 1060 1847 1054 1847 1066 1847 1095 1848 860 1848 948 1848 1070 1849 1072 1849 1074 1849 1096 1850 1047 1850 1091 1850 1074 1851 1078 1851 1080 1851 1045 1852 1041 1852 1090 1852 826 1853 1095 1853 1091 1853 826 1854 860 1854 1095 1854 1043 1855 1094 1855 1046 1855 1049 1856 1047 1856 1096 1856 826 1857 1091 1857 1047 1857 1047 1858 864 1858 826 1858 1047 1859 909 1859 864 1859 1103 1860 1104 1860 1350 1860 1109 1861 1130 1861 1110 1861 1116 1862 1296 1862 1128 1862 1116 1863 1099 1863 1296 1863 1156 1864 1146 1864 1148 1864 1149 1865 1371 1865 1104 1865 1141 1866 1124 1866 1355 1866 1150 1867 1151 1867 1152 1867 1153 1868 1382 1868 1115 1868 1154 1869 1115 1869 1142 1869 1157 1870 1355 1870 1158 1870 1158 1871 1300 1871 1100 1871 1158 1872 1355 1872 1300 1872 1161 1873 1104 1873 1103 1873 1163 1874 1139 1874 1151 1874 1176 1875 1127 1875 1124 1875 1164 1876 1137 1876 1113 1876 1155 1877 1152 1877 1156 1877 1165 1878 1358 1878 1117 1878 1165 1879 1123 1879 1358 1879 1166 1880 1135 1880 1371 1880 1167 1881 1304 1881 1119 1881 1168 1882 1375 1882 1139 1882 1168 1883 1105 1883 1375 1883 1181 1884 1110 1884 1384 1884 1169 1885 1385 1885 1112 1885 1170 1886 1055 1886 1098 1886 1171 1887 1108 1887 1107 1887 1171 1888 1144 1888 1108 1888 1173 1889 1172 1889 1014 1889 1173 1890 1014 1890 1028 1890 1159 1891 1129 1891 1378 1891 1175 1892 1173 1892 1028 1892 1069 1893 1172 1893 1173 1893 1039 1894 1175 1894 1028 1894 1177 1895 1149 1895 1104 1895 1176 1896 1131 1896 1127 1896 1141 1897 1140 1897 1124 1897 1153 1898 1103 1898 1382 1898 1179 1899 1020 1899 1027 1899 1162 1900 1181 1900 1384 1900 1180 1901 1069 1901 1173 1901 1181 1902 1109 1902 1110 1902 1182 1903 1117 1903 1118 1903 1183 1904 1111 1904 1097 1904 1183 1905 1097 1905 1147 1905 1180 1906 1178 1906 1069 1906 1140 1907 1176 1907 1124 1907 1180 1908 1173 1908 1175 1908 1184 1909 1352 1909 1145 1909 1185 1910 1134 1910 1126 1910 1185 1911 1101 1911 1134 1911 1143 1912 1374 1912 1144 1912 1186 1913 1175 1913 1039 1913 1169 1914 1142 1914 1385 1914 1187 1915 1138 1915 1352 1915 1157 1916 1141 1916 1355 1916 1188 1917 1121 1917 1138 1917 1189 1918 1180 1918 1175 1918 1109 1919 1114 1919 1130 1919 1149 1920 1166 1920 1371 1920 1153 1921 1115 1921 1154 1921 1167 1922 1102 1922 1304 1922 1186 1923 1189 1923 1175 1923 1191 1924 1039 1924 962 1924 1191 1925 1186 1925 1039 1925 1179 1926 1145 1926 1020 1926 1190 1927 1137 1927 1164 1927 1155 1928 1150 1928 1152 1928 1191 1929 962 1929 957 1929 1192 1930 1141 1930 1157 1930 1177 1931 1104 1931 1161 1931 1193 1932 1128 1932 1133 1932 1174 1933 1162 1933 1105 1933 1194 1934 1180 1934 1189 1934 1195 1935 1148 1935 1336 1935 1196 1936 1064 1936 1178 1936 1195 1937 1336 1937 1136 1937 1194 1938 1178 1938 1180 1938 1190 1939 1159 1939 1137 1939 1197 1940 1191 1940 957 1940 1197 1941 957 1941 958 1941 1198 1942 1319 1942 1160 1942 1199 1943 1186 1943 1191 1943 1200 1944 1120 1944 1099 1944 1198 1945 1100 1945 1319 1945 1201 1946 1189 1946 1186 1946 1202 1947 1144 1947 1171 1947 1203 1948 1118 1948 1037 1948 1203 1949 1037 1949 970 1949 1188 1950 1106 1950 1121 1950 1204 1951 1098 1951 1132 1951 1201 1952 1194 1952 1189 1952 1182 1953 1165 1953 1117 1953 1159 1954 1107 1954 1129 1954 1168 1955 1174 1955 1105 1955 1206 1956 1169 1956 1112 1956 1206 1957 1112 1957 1111 1957 1160 1958 1102 1958 1167 1958 968 1959 1197 1959 958 1959 1163 1960 1151 1960 1150 1960 1207 1961 1186 1961 1199 1961 1207 1962 1201 1962 1186 1962 1196 1963 1059 1963 1064 1963 1209 1964 1178 1964 1194 1964 1209 1965 1196 1965 1178 1965 1187 1966 1188 1966 1138 1966 1210 1967 1133 1967 1143 1967 1211 1968 1199 1968 1191 1968 1211 1969 1191 1969 1197 1969 1212 1970 1107 1970 1159 1970 1193 1971 1116 1971 1128 1971 1213 1972 1123 1972 1165 1972 1213 1973 1125 1973 1123 1973 1214 1974 1099 1974 1116 1974 1215 1975 1153 1975 1154 1975 1216 1976 1166 1976 1149 1976 1217 1977 1181 1977 1162 1977 1219 1978 1197 1978 968 1978 1219 1979 968 1979 977 1979 1220 1980 1140 1980 1141 1980 1168 1981 1139 1981 1163 1981 1221 1982 1154 1982 1142 1982 1221 1983 1142 1983 1169 1983 1232 1984 1157 1984 1158 1984 1222 1985 1183 1985 1147 1985 1223 1986 1174 1986 1168 1986 1224 1987 1103 1987 1153 1987 1166 1988 1072 1988 1135 1988 1122 1989 1101 1989 1185 1989 1225 1990 1144 1990 1202 1990 1225 1991 1143 1991 1144 1991 1226 1992 1100 1992 1198 1992 1201 1993 1209 1993 1194 1993 1227 1994 1159 1994 1190 1994 1228 1995 1059 1995 1196 1995 1204 1996 1170 1996 1098 1996 1230 1997 1147 1997 1106 1997 1230 1998 1106 1998 1188 1998 1184 1999 1145 1999 1179 1999 1231 2000 1211 2000 1197 2000 1233 2001 1061 2001 1059 2001 1232 2002 1158 2002 1100 2002 1234 2003 1207 2003 1199 2003 1224 2004 1153 2004 1215 2004 1236 2005 1118 2005 1203 2005 1236 2006 1182 2006 1118 2006 1229 2007 1141 2007 1192 2007 1237 2008 1120 2008 1200 2008 1237 2009 1119 2009 1120 2009 1200 2010 1099 2010 1214 2010 1238 2011 1219 2011 977 2011 1239 2012 1209 2012 1201 2012 1240 2013 1149 2013 1177 2013 1174 2014 1205 2014 1162 2014 1140 2015 1208 2015 1176 2015 1209 2016 1228 2016 1196 2016 1218 2017 1161 2017 1103 2017 1213 2018 1126 2018 1125 2018 1211 2019 1234 2019 1199 2019 1210 2020 1193 2020 1133 2020 1241 2021 1198 2021 1160 2021 1220 2022 1141 2022 1229 2022 1240 2023 1216 2023 1149 2023 1242 2024 1171 2024 1107 2024 1242 2025 1107 2025 1212 2025 1228 2026 1233 2026 1059 2026 1243 2027 1157 2027 1232 2027 1244 2028 1165 2028 1182 2028 1224 2029 1218 2029 1103 2029 1208 2030 750 2030 1176 2030 1245 2031 1211 2031 1231 2031 991 2032 1238 2032 977 2032 1231 2033 1197 2033 1219 2033 1246 2034 1111 2034 1183 2034 1246 2035 1206 2035 1111 2035 1248 2036 1072 2036 1166 2036 1250 2037 1201 2037 1207 2037 1250 2038 1239 2038 1201 2038 1252 2039 1238 2039 991 2039 1215 2040 1154 2040 1221 2040 750 2041 1131 2041 1176 2041 1251 2042 1228 2042 1209 2042 1244 2043 1213 2043 1165 2043 1253 2044 970 2044 969 2044 1214 2045 1116 2045 1193 2045 1205 2046 1174 2046 1249 2046 1254 2047 1143 2047 1225 2047 1250 2048 1207 2048 1234 2048 1254 2049 1210 2049 1143 2049 1255 2050 1159 2050 1227 2050 1243 2051 1192 2051 1157 2051 1247 2052 1208 2052 1140 2052 1255 2053 1212 2053 1159 2053 1235 2054 1072 2054 1248 2054 1240 2055 1177 2055 1161 2055 1237 2056 1167 2056 1119 2056 1256 2057 1160 2057 1167 2057 1257 2058 1220 2058 1229 2058 1184 2059 1187 2059 1352 2059 1221 2060 1169 2060 1206 2060 1258 2061 1156 2061 1148 2061 1258 2062 1148 2062 1195 2062 1078 2063 1072 2063 1235 2063 1259 2064 1136 2064 1122 2064 1031 2065 1179 2065 1027 2065 1262 2066 1222 2066 1147 2066 1262 2067 1147 2067 1230 2067 1239 2068 1251 2068 1209 2068 718 2069 1204 2069 1132 2069 718 2070 1132 2070 1114 2070 1263 2071 1211 2071 1245 2071 1263 2072 1234 2072 1211 2072 1242 2073 1202 2073 1171 2073 1264 2074 1184 2074 1179 2074 1265 2075 1230 2075 1188 2075 1266 2076 1193 2076 1210 2076 1267 2077 1239 2077 1250 2077 1268 2078 1252 2078 991 2078 1268 2079 991 2079 994 2079 1219 2080 1238 2080 1252 2080 1269 2081 1168 2081 1163 2081 1220 2082 1247 2082 1140 2082 1271 2083 1185 2083 1126 2083 1271 2084 1126 2084 1213 2084 1272 2085 1179 2085 1031 2085 1273 2086 1216 2086 1240 2086 1240 2087 1161 2087 1218 2087 1217 2088 1162 2088 1205 2088 1275 2089 1212 2089 1255 2089 1276 2090 1250 2090 1234 2090 1232 2091 1100 2091 1226 2091 1274 2092 1218 2092 1224 2092 1260 2093 1114 2093 1109 2093 1278 2094 1224 2094 1215 2094 1279 2095 1210 2095 1254 2095 1062 2096 1233 2096 1277 2096 1280 2097 1167 2097 1237 2097 1281 2098 1233 2098 1228 2098 1257 2099 1229 2099 1261 2099 1282 2100 1245 2100 1231 2100 1282 2101 1231 2101 1219 2101 1248 2102 1166 2102 1216 2102 1281 2103 1277 2103 1233 2103 1283 2104 1219 2104 1252 2104 715 2105 1170 2105 1204 2105 1284 2106 1122 2106 1185 2106 1285 2107 1228 2107 1251 2107 1286 2108 1192 2108 1243 2108 1253 2109 1203 2109 970 2109 1287 2110 1206 2110 1246 2110 1249 2111 1174 2111 1223 2111 1267 2112 1251 2112 1239 2112 1241 2113 1160 2113 1256 2113 1288 2114 1213 2114 1244 2114 1289 2115 1202 2115 1242 2115 1289 2116 1225 2116 1202 2116 1286 2117 1229 2117 1192 2117 1290 2118 1240 2118 1218 2118 1278 2119 1215 2119 1221 2119 1275 2120 1242 2120 1212 2120 1283 2121 1282 2121 1219 2121 1266 2122 1214 2122 1193 2122 1256 2123 1167 2123 1280 2123 1291 2124 1273 2124 1240 2124 1270 2125 1217 2125 1205 2125 1292 2126 1244 2126 1182 2126 1293 2127 994 2127 1000 2127 1294 2128 1183 2128 1222 2128 1292 2129 1182 2129 1236 2129 1293 2130 1268 2130 994 2130 1294 2131 1246 2131 1183 2131 1259 2132 1195 2132 1136 2132 1295 2133 1078 2133 1235 2133 1276 2134 1234 2134 1263 2134 1296 2135 1155 2135 1156 2135 1296 2136 1156 2136 1258 2136 1273 2137 1248 2137 1216 2137 1297 2138 1257 2138 1261 2138 1298 2139 1250 2139 1276 2139 1298 2140 1267 2140 1250 2140 1285 2141 1281 2141 1228 2141 1260 2142 718 2142 1114 2142 1299 2143 1200 2143 1214 2143 1299 2144 1237 2144 1200 2144 1300 2145 1270 2145 1205 2145 1094 2146 1062 2146 1277 2146 1301 2147 1242 2147 1275 2147 1259 2148 1122 2148 1284 2148 1302 2149 1283 2149 1252 2149 1303 2150 1218 2150 1274 2150 1302 2151 1252 2151 1268 2151 1304 2152 1168 2152 1269 2152 1287 2153 1221 2153 1206 2153 1305 2154 1266 2154 1210 2154 1305 2155 1210 2155 1279 2155 758 2156 1208 2156 1247 2156 1306 2157 1214 2157 1266 2157 1282 2158 1263 2158 1245 2158 1300 2159 1205 2159 1249 2159 758 2160 1247 2160 1220 2160 718 2161 715 2161 1204 2161 1307 2162 1232 2162 1226 2162 1308 2163 1195 2163 1259 2163 1304 2164 1223 2164 1168 2164 1309 2165 1243 2165 1232 2165 1309 2166 1232 2166 1307 2166 1286 2167 1261 2167 1229 2167 1241 2168 1226 2168 1198 2168 1301 2169 1289 2169 1242 2169 1274 2170 1224 2170 1278 2170 1310 2171 1251 2171 1267 2171 1311 2172 1282 2172 1283 2172 1310 2173 1285 2173 1251 2173 1312 2174 1236 2174 1203 2174 1313 2175 1225 2175 1289 2175 1312 2176 1203 2176 1253 2176 1313 2177 1254 2177 1225 2177 1314 2178 1185 2178 1271 2178 765 2179 758 2179 1220 2179 1260 2180 1109 2180 1181 2180 1315 2181 1276 2181 1263 2181 1316 2182 1241 2182 1256 2182 1317 2183 1253 2183 969 2183 1318 2184 1263 2184 1282 2184 1326 2185 1222 2185 1262 2185 1320 2186 1261 2186 1286 2186 1321 2187 1298 2187 1276 2187 1322 2188 1271 2188 1213 2188 1322 2189 1213 2189 1288 2189 1295 2190 1235 2190 1248 2190 1134 2191 1187 2191 1184 2191 765 2192 1220 2192 1257 2192 1326 2193 1294 2193 1222 2193 1299 2194 1280 2194 1237 2194 1291 2195 1240 2195 1290 2195 1323 2196 1266 2196 1305 2196 1314 2197 1284 2197 1185 2197 1324 2198 1243 2198 1309 2198 1325 2199 1226 2199 1241 2199 1315 2200 1263 2200 1318 2200 1264 2201 1179 2201 1272 2201 1328 2202 1268 2202 1293 2202 1328 2203 1302 2203 1268 2203 1329 2204 1293 2204 1000 2204 1329 2205 1000 2205 1010 2205 1313 2206 1279 2206 1254 2206 1294 2207 1287 2207 1246 2207 1306 2208 1299 2208 1214 2208 1331 2209 1248 2209 1273 2209 1327 2210 765 2210 1257 2210 1332 2211 1270 2211 1300 2211 1311 2212 1318 2212 1282 2212 1324 2213 1286 2213 1243 2213 1287 2214 1278 2214 1221 2214 1334 2215 1280 2215 1299 2215 1319 2216 1249 2216 1223 2216 1335 2217 1306 2217 1266 2217 1335 2218 1266 2218 1323 2218 1336 2219 1230 2219 1265 2219 1336 2220 1262 2220 1230 2220 1288 2221 1244 2221 1292 2221 1327 2222 1257 2222 1297 2222 1311 2223 1283 2223 1302 2223 1290 2224 1218 2224 1303 2224 1337 2225 1261 2225 1320 2225 1330 2226 1181 2226 1217 2226 1338 2227 1299 2227 1306 2227 1316 2228 1256 2228 1280 2228 1321 2229 1276 2229 1315 2229 1270 2230 1330 2230 1217 2230 1300 2231 1249 2231 1319 2231 1313 2232 1305 2232 1279 2232 1340 2233 1277 2233 1281 2233 1102 2234 1223 2234 1304 2234 1341 2235 1280 2235 1334 2235 1342 2236 1273 2236 1291 2236 1343 2237 1253 2237 1317 2237 1339 2238 1267 2238 1298 2238 1339 2239 1310 2239 1267 2239 1344 2240 1226 2240 1325 2240 1344 2241 1307 2241 1226 2241 1099 2242 1163 2242 1150 2242 1340 2243 1094 2243 1277 2243 1345 2244 1297 2244 1261 2244 1333 2245 1278 2245 1287 2245 1346 2246 1313 2246 1289 2246 1333 2247 1274 2247 1278 2247 1347 2248 1298 2248 1321 2248 1348 2249 1305 2249 1313 2249 1325 2250 1241 2250 1316 2250 1349 2251 1324 2251 1309 2251 1343 2252 1312 2252 1253 2252 1350 2253 1281 2253 1285 2253 1351 2254 1286 2254 1324 2254 1327 2255 772 2255 765 2255 1346 2256 1289 2256 1301 2256 1352 2257 1010 2257 1013 2257 1352 2258 1329 2258 1010 2258 1331 2259 1295 2259 1248 2259 1123 2260 1184 2260 1264 2260 1337 2261 1345 2261 1261 2261 1035 2262 1272 2262 1031 2262 1099 2263 1155 2263 1296 2263 1099 2264 1150 2264 1155 2264 1314 2265 1271 2265 1322 2265 1351 2266 1320 2266 1286 2266 1334 2267 1299 2267 1338 2267 721 2268 718 2268 1260 2268 1134 2269 1188 2269 1187 2269 1345 2270 1327 2270 1297 2270 1353 2271 1288 2271 1292 2271 728 2272 1260 2272 1181 2272 1102 2273 1319 2273 1223 2273 1354 2274 1313 2274 1346 2274 1356 2275 1280 2275 1341 2275 1357 2276 1285 2276 1310 2276 1356 2277 1316 2277 1280 2277 1350 2278 1340 2278 1281 2278 1358 2279 1264 2279 1272 2279 1359 2280 1338 2280 1306 2280 1348 2281 1323 2281 1305 2281 1360 2282 1320 2282 1351 2282 1361 2283 1321 2283 1315 2283 1269 2284 1163 2284 1099 2284 1362 2285 1311 2285 1302 2285 1362 2286 1302 2286 1328 2286 1363 2287 1318 2287 1311 2287 1364 2288 1306 2288 1335 2288 1365 2289 1309 2289 1307 2289 1366 2290 1337 2290 1320 2290 1367 2291 1259 2291 1284 2291 1368 2292 1325 2292 1316 2292 1369 2293 1292 2293 1236 2293 1369 2294 1236 2294 1312 2294 1370 2295 1298 2295 1347 2295 1370 2296 1339 2296 1298 2296 1371 2297 1046 2297 1094 2297 1372 2298 1316 2298 1356 2298 1117 2299 1272 2299 1035 2299 1354 2300 1348 2300 1313 2300 1357 2301 1310 2301 1339 2301 1295 2302 1081 2302 1078 2302 1351 2303 1324 2303 1349 2303 1130 2304 1295 2304 1331 2304 1332 2305 1300 2305 1355 2305 1357 2306 1350 2306 1285 2306 1373 2307 1335 2307 1323 2307 1373 2308 1323 2308 1348 2308 1367 2309 1308 2309 1259 2309 1374 2310 1195 2310 1308 2310 1129 2311 1314 2311 1322 2311 1359 2312 1306 2312 1364 2312 1375 2313 1274 2313 1333 2313 1375 2314 1303 2314 1274 2314 1342 2315 1331 2315 1273 2315 1367 2316 1284 2316 1314 2316 1134 2317 1184 2317 1123 2317 1345 2318 772 2318 1327 2318 1345 2319 777 2319 772 2319 1376 2320 1348 2320 1354 2320 1336 2321 1326 2321 1262 2321 1372 2322 1368 2322 1316 2322 1377 2323 1334 2323 1338 2323 1377 2324 1338 2324 1359 2324 1318 2325 1361 2325 1315 2325 1378 2326 1322 2326 1288 2326 1373 2327 1364 2327 1335 2327 1330 2328 728 2328 1181 2328 1379 2329 1344 2329 1325 2329 1121 2330 1328 2330 1293 2330 1379 2331 1325 2331 1368 2331 1380 2332 1312 2332 1343 2332 1381 2333 1360 2333 1351 2333 1132 2334 1081 2334 1295 2334 1365 2335 1307 2335 1344 2335 1118 2336 1035 2336 1036 2336 1145 2337 1013 2337 1020 2337 1382 2338 1357 2338 1339 2338 1383 2339 1334 2339 1377 2339 1383 2340 1341 2340 1334 2340 1385 2341 1321 2341 1361 2341 1384 2342 1291 2342 1290 2342 1386 2343 1376 2343 1354 2343 1101 2344 1188 2344 1134 2344 1101 2345 1265 2345 1188 2345 1146 2346 1287 2346 1294 2346 1387 2347 1360 2347 1381 2347 1110 2348 1331 2348 1342 2348 1375 2349 1290 2349 1303 2349 1371 2350 1094 2350 1340 2350 1388 2351 1320 2351 1360 2351 1388 2352 1366 2352 1320 2352 1138 2353 1293 2353 1329 2353 1138 2354 1329 2354 1352 2354 1152 2355 1333 2355 1287 2355 783 2356 1345 2356 1337 2356 783 2357 1337 2357 1366 2357 1376 2358 1373 2358 1348 2358 1123 2359 1264 2359 1358 2359 1362 2360 1363 2360 1311 2360 1389 2361 1349 2361 1309 2361 1389 2362 1309 2362 1365 2362 1353 2363 1378 2363 1288 2363 1104 2364 1340 2364 1350 2364 1390 2365 1364 2365 1373 2365 1391 2366 1351 2366 1349 2366 1385 2367 1347 2367 1321 2367 1118 2368 1117 2368 1035 2368 1392 2369 1373 2369 1376 2369 1128 2370 1296 2370 1258 2370 1358 2371 1272 2371 1117 2371 1121 2372 1362 2372 1328 2372 1393 2373 1359 2373 1364 2373 783 2374 777 2374 1345 2374 1394 2375 1341 2375 1383 2375 1394 2376 1356 2376 1341 2376 1391 2377 1381 2377 1351 2377 1374 2378 1308 2378 1367 2378 1098 2379 1055 2379 1081 2379 1374 2380 1258 2380 1195 2380 1395 2381 1366 2381 1388 2381 1105 2382 1384 2382 1290 2382 1108 2383 1367 2383 1314 2383 1148 2384 1326 2384 1336 2384 1392 2385 1390 2385 1373 2385 1156 2386 1287 2386 1146 2386 1378 2387 1129 2387 1322 2387 1105 2388 1290 2388 1375 2388 1386 2389 1392 2389 1376 2389 1388 2390 1360 2390 1387 2390 1384 2391 1342 2391 1291 2391 1400 2392 1344 2392 1379 2392 1396 2393 1356 2393 1394 2393 1396 2394 1372 2394 1356 2394 1389 2395 1391 2395 1349 2395 1393 2396 1364 2396 1390 2396 1120 2397 1269 2397 1099 2397 1393 2398 1377 2398 1359 2398 1382 2399 1350 2399 1357 2399 1137 2400 1292 2400 1369 2400 1137 2401 1353 2401 1292 2401 1395 2402 783 2402 1366 2402 1397 2403 1387 2403 1381 2403 1382 2404 1339 2404 1370 2404 1130 2405 1331 2405 1110 2405 1398 2406 1377 2406 1393 2406 1398 2407 1383 2407 1377 2407 1399 2408 1365 2408 1344 2408 1399 2409 1344 2409 1400 2409 1400 2410 1379 2410 1368 2410 1380 2411 1369 2411 1312 2411 786 2412 783 2412 1395 2412 1100 2413 1300 2413 1319 2413 1125 2414 1134 2414 1123 2414 1115 2415 1370 2415 1347 2415 1402 2416 1393 2416 1390 2416 1112 2417 1318 2417 1363 2417 1112 2418 1361 2418 1318 2418 1138 2419 1121 2419 1293 2419 1397 2420 1388 2420 1387 2420 1403 2421 1395 2421 1388 2421 1404 2422 1390 2422 1392 2422 1119 2423 1304 2423 1269 2423 1139 2424 1333 2424 1151 2424 1139 2425 1375 2425 1333 2425 1399 2426 1389 2426 1365 2426 1097 2427 1363 2427 1362 2427 1405 2428 1372 2428 1396 2428 1405 2429 1368 2429 1372 2429 1151 2430 1333 2430 1152 2430 1398 2431 1394 2431 1383 2431 1133 2432 1258 2432 1374 2432 1352 2433 1013 2433 1145 2433 1148 2434 1294 2434 1326 2434 1156 2435 1152 2435 1287 2435 1406 2436 1389 2436 1399 2436 1371 2437 1071 2437 1046 2437 1404 2438 1402 2438 1390 2438 1127 2439 1270 2439 1332 2439 789 2440 1395 2440 1403 2440 1407 2441 1388 2441 1397 2441 1098 2442 1081 2442 1132 2442 1104 2443 1371 2443 1340 2443 728 2444 721 2444 1260 2444 1122 2445 1336 2445 1265 2445 1122 2446 1265 2446 1101 2446 1402 2447 1398 2447 1393 2447 1113 2448 1369 2448 1380 2448 789 2449 786 2449 1395 2449 1401 2450 1389 2450 1406 2450 1408 2451 1400 2451 1368 2451 1408 2452 1368 2452 1405 2452 1130 2453 1132 2453 1295 2453 1409 2454 1396 2454 1394 2454 1409 2455 1394 2455 1398 2455 1124 2456 1127 2456 1332 2456 1037 2457 1118 2457 1036 2457 1106 2458 1362 2458 1121 2458 1142 2459 1347 2459 1385 2459 1410 2460 1381 2460 1391 2460 1411 2461 1398 2461 1402 2461 1412 2462 1381 2462 1410 2462 1412 2463 1397 2463 1381 2463 1413 2464 1403 2464 1388 2464 1413 2465 1388 2465 1407 2465 1144 2466 1367 2466 1108 2466 1414 2467 1391 2467 1389 2467 1355 2468 1124 2468 1332 2468 1414 2469 1389 2469 1401 2469 1409 2470 1405 2470 1396 2470 1133 2471 1128 2471 1258 2471 1407 2472 1397 2472 1412 2472 1371 2473 1135 2473 1071 2473 1115 2474 1382 2474 1370 2474 1415 2475 1399 2475 1400 2475 1415 2476 1400 2476 1408 2476 1416 2477 1398 2477 1411 2477 791 2478 1403 2478 1413 2478 791 2479 789 2479 1403 2479 1416 2480 1409 2480 1398 2480 1410 2481 1391 2481 1414 2481 1114 2482 1132 2482 1130 2482 1142 2483 1115 2483 1347 2483 1131 2484 732 2484 1330 2484 1148 2485 1146 2485 1294 2485 1103 2486 1350 2486 1382 2486 1417 2487 1409 2487 1416 2487 1119 2488 1269 2488 1120 2488 1418 2489 1399 2489 1415 2489 1418 2490 1406 2490 1399 2490 1410 2491 2282 2491 1412 2491 1419 2492 1408 2492 1405 2492 1414 2493 2282 2493 1410 2493 1143 2494 1133 2494 1374 2494 1417 2495 1405 2495 1409 2495 1144 2496 1374 2496 1367 2496 1418 2497 1401 2497 1406 2497 1111 2498 1363 2498 1097 2498 1111 2499 1112 2499 1363 2499 1127 2500 1131 2500 1330 2500 1127 2501 1330 2501 1270 2501 1107 2502 1314 2502 1129 2502 1107 2503 1108 2503 1314 2503 1414 2504 2288 2504 2282 2504 1420 2505 1405 2505 1417 2505 2288 2506 1414 2506 1401 2506 2288 2507 1401 2507 1418 2507 1420 2508 1419 2508 1405 2508 1421 2509 1415 2509 1408 2509 1421 2510 1408 2510 1419 2510 1112 2511 1385 2511 1361 2511 1423 2512 1419 2512 1420 2512 1319 2513 1102 2513 1160 2513 1147 2514 1362 2514 1106 2514 1147 2515 1097 2515 1362 2515 1422 2516 1418 2516 1415 2516 1422 2517 1415 2517 1421 2517 732 2518 728 2518 1330 2518 1421 2519 1424 2519 1422 2519 1424 2520 1421 2520 1419 2520 1136 2521 1336 2521 1122 2521 1425 2522 1424 2522 1419 2522 1425 2523 1419 2523 1423 2523 1159 2524 1353 2524 1137 2524 1159 2525 1378 2525 1353 2525 1110 2526 1342 2526 1384 2526 1162 2527 1384 2527 1105 2527 1126 2528 1134 2528 1125 2528 1113 2529 1137 2529 1369 2529 794 2530 1427 2530 1428 2530 796 2531 1427 2531 794 2531 1429 2532 1430 2532 1431 2532 730 2533 1429 2533 711 2533 1429 2534 1427 2534 711 2534 711 2535 1427 2535 796 2535 730 2536 1430 2536 1429 2536 1431 2537 1433 2537 1434 2537 1430 2538 1433 2538 1431 2538 1432 2539 1435 2539 1436 2539 1432 2540 1437 2540 1435 2540 1432 2541 1436 2541 1438 2541 1432 2542 1476 2542 1437 2542 1439 2543 1476 2543 1432 2543 1440 2544 1439 2544 1432 2544 1441 2545 1440 2545 1432 2545 1442 2546 1441 2546 1432 2546 1443 2547 1444 2547 1445 2547 1433 2548 1443 2548 1434 2548 1433 2549 1444 2549 1443 2549 1432 2550 1443 2550 1445 2550 1432 2551 1445 2551 1446 2551 1432 2552 1446 2552 1447 2552 1432 2553 1447 2553 1448 2553 1432 2554 1448 2554 1449 2554 1432 2555 1449 2555 1450 2555 1432 2556 1450 2556 1451 2556 1432 2557 1451 2557 1452 2557 1432 2558 1452 2558 1442 2558 1453 2559 1454 2559 1465 2559 1456 2560 800 2560 1454 2560 1453 2561 1456 2561 1454 2561 1456 2562 1460 2562 800 2562 1460 2563 1456 2563 1453 2563 798 2564 795 2564 1458 2564 1463 2565 1458 2565 1457 2565 1461 2566 1457 2566 2286 2566 1462 2567 1460 2567 1453 2567 798 2568 1458 2568 1459 2568 693 2569 1460 2569 1462 2569 1463 2570 1457 2570 1461 2570 1465 2571 1459 2571 1458 2571 1463 2572 1465 2572 1458 2572 1454 2573 798 2573 1459 2573 1454 2574 800 2574 798 2574 1464 2575 1463 2575 1461 2575 1454 2576 1459 2576 1465 2576 1455 2577 1463 2577 1464 2577 1465 2578 1463 2578 1455 2578 1453 2579 1465 2579 1455 2579 362 2580 72 2580 1466 2580 347 2581 362 2581 1466 2581 324 2582 336 2582 1467 2582 314 2583 324 2583 1467 2583 250 2584 746 2584 1468 2584 124 2585 126 2585 1469 2585 86 2586 124 2586 1469 2586 72 2587 86 2587 1469 2587 1470 2588 1592 2588 1471 2588 1474 2589 1471 2589 1591 2589 1474 2590 1591 2590 1475 2590 1481 2591 681 2591 1478 2591 1483 2592 1477 2592 1479 2592 1475 2593 125 2593 115 2593 1478 2594 1592 2594 1470 2594 1482 2595 115 2595 107 2595 1484 2596 1480 2596 1477 2596 1485 2597 1435 2597 1437 2597 1486 2598 115 2598 1482 2598 1486 2599 1475 2599 115 2599 1484 2600 1473 2600 1480 2600 1483 2601 1484 2601 1477 2601 1485 2602 1436 2602 1435 2602 1487 2603 1476 2603 1472 2603 1489 2604 1436 2604 1485 2604 1490 2605 1472 2605 1473 2605 1485 2606 1437 2606 1488 2606 307 2607 534 2607 320 2607 1491 2608 534 2608 307 2608 1487 2609 1472 2609 1490 2609 1492 2610 307 2610 296 2610 1492 2611 1491 2611 307 2611 1493 2612 1481 2612 1478 2612 1490 2613 1473 2613 1484 2613 1494 2614 296 2614 268 2614 536 2615 534 2615 1491 2615 1494 2616 1492 2616 296 2616 1495 2617 536 2617 1491 2617 1496 2618 1485 2618 1488 2618 1497 2619 1494 2619 268 2619 1492 2620 1495 2620 1491 2620 1499 2621 1492 2621 1494 2621 1489 2622 1485 2622 1496 2622 1474 2623 1475 2623 1486 2623 1500 2624 268 2624 245 2624 1500 2625 245 2625 225 2625 1495 2626 542 2626 536 2626 1501 2627 1471 2627 1474 2627 1487 2628 1437 2628 1476 2628 1500 2629 1497 2629 268 2629 1487 2630 1488 2630 1437 2630 1482 2631 107 2631 104 2631 1497 2632 1499 2632 1494 2632 1502 2633 1495 2633 1492 2633 1496 2634 1503 2634 1498 2634 1496 2635 1498 2635 1489 2635 1504 2636 1500 2636 225 2636 1495 2637 558 2637 542 2637 1505 2638 1474 2638 1486 2638 1499 2639 1502 2639 1492 2639 1506 2640 225 2640 168 2640 1501 2641 1470 2641 1471 2641 1507 2642 1502 2642 1499 2642 1508 2643 1497 2643 1500 2643 1506 2644 1504 2644 225 2644 1509 2645 1470 2645 1501 2645 1510 2646 1499 2646 1497 2646 615 2647 558 2647 1495 2647 615 2648 1495 2648 1502 2648 1504 2649 1508 2649 1500 2649 1511 2650 1501 2650 1474 2650 1510 2651 1507 2651 1499 2651 1511 2652 1474 2652 1505 2652 1507 2653 615 2653 1502 2653 609 2654 615 2654 1507 2654 1508 2655 1510 2655 1497 2655 1493 2656 1444 2656 1481 2656 1509 2657 1478 2657 1470 2657 1512 2658 1506 2658 168 2658 1513 2659 168 2659 137 2659 1514 2660 1504 2660 1506 2660 609 2661 1507 2661 1510 2661 1513 2662 1512 2662 168 2662 1515 2663 1508 2663 1504 2663 104 2664 1486 2664 1482 2664 1516 2665 1444 2665 1493 2665 610 2666 1510 2666 1508 2666 1517 2667 1506 2667 1512 2667 1517 2668 1514 2668 1506 2668 1519 2669 1486 2669 104 2669 1518 2670 137 2670 83 2670 610 2671 609 2671 1510 2671 1515 2672 610 2672 1508 2672 1514 2673 1515 2673 1504 2673 1518 2674 1513 2674 137 2674 1520 2675 1518 2675 83 2675 1505 2676 1501 2676 1511 2676 1520 2677 83 2677 84 2677 1521 2678 1444 2678 1516 2678 1521 2679 1445 2679 1444 2679 1522 2680 1515 2680 1514 2680 1519 2681 1505 2681 1486 2681 1523 2682 1446 2682 1445 2682 1524 2683 1513 2683 1518 2683 1524 2684 1512 2684 1513 2684 1525 2685 84 2685 351 2685 1526 2686 1478 2686 1509 2686 627 2687 610 2687 1515 2687 1527 2688 1514 2688 1517 2688 1528 2689 1501 2689 1505 2689 627 2690 594 2690 610 2690 1529 2691 1517 2691 1512 2691 1521 2692 1523 2692 1445 2692 1525 2693 1520 2693 84 2693 1526 2694 1493 2694 1478 2694 1530 2695 1527 2695 1517 2695 1529 2696 1530 2696 1517 2696 1522 2697 627 2697 1515 2697 1527 2698 1522 2698 1514 2698 1531 2699 1525 2699 351 2699 1531 2700 351 2700 325 2700 1532 2701 1512 2701 1524 2701 1532 2702 1529 2702 1512 2702 1533 2703 1518 2703 1520 2703 1533 2704 1524 2704 1518 2704 672 2705 627 2705 1522 2705 1534 2706 1525 2706 1531 2706 1535 2707 1446 2707 1523 2707 1535 2708 1447 2708 1446 2708 1536 2709 1520 2709 1525 2709 1536 2710 1533 2710 1520 2710 673 2711 1522 2711 1527 2711 673 2712 672 2712 1522 2712 1537 2713 1501 2713 1528 2713 1537 2714 1509 2714 1501 2714 1538 2715 1525 2715 1534 2715 1538 2716 1536 2716 1525 2716 1539 2717 1447 2717 1535 2717 673 2718 1527 2718 1530 2718 1537 2719 1526 2719 1509 2719 1539 2720 1448 2720 1447 2720 1540 2721 325 2721 300 2721 1541 2722 1530 2722 1529 2722 1542 2723 1536 2723 1538 2723 1543 2724 1448 2724 1539 2724 1540 2725 1531 2725 325 2725 1544 2726 1534 2726 1531 2726 1544 2727 1538 2727 1534 2727 1542 2728 1533 2728 1536 2728 1533 2729 1532 2729 1524 2729 1543 2730 1449 2730 1448 2730 1545 2731 1539 2731 1535 2731 1546 2732 1531 2732 1540 2732 1541 2733 673 2733 1530 2733 1547 2734 1532 2734 1533 2734 1548 2735 1533 2735 1542 2735 674 2736 1529 2736 1532 2736 674 2737 1541 2737 1529 2737 1549 2738 1449 2738 1543 2738 1550 2739 1539 2739 1545 2739 1550 2740 1543 2740 1539 2740 1493 2741 1521 2741 1516 2741 1548 2742 1547 2742 1533 2742 1551 2743 1547 2743 1548 2743 1552 2744 1535 2744 1523 2744 1553 2745 1449 2745 1549 2745 1553 2746 1450 2746 1449 2746 1554 2747 1542 2747 1538 2747 1554 2748 1548 2748 1542 2748 1547 2749 674 2749 1532 2749 1555 2750 300 2750 284 2750 1555 2751 1540 2751 300 2751 1544 2752 1531 2752 1546 2752 1556 2753 1543 2753 1550 2753 1556 2754 1549 2754 1543 2754 1552 2755 1521 2755 1493 2755 1552 2756 1523 2756 1521 2756 1554 2757 1551 2757 1548 2757 1557 2758 1450 2758 1553 2758 1557 2759 1451 2759 1450 2759 1558 2760 1554 2760 1538 2760 1558 2761 1538 2761 1544 2761 1559 2762 1555 2762 284 2762 1559 2763 284 2763 238 2763 1551 2764 674 2764 1547 2764 1560 2765 1546 2765 1540 2765 1560 2766 1540 2766 1555 2766 675 2767 674 2767 1551 2767 1561 2768 1553 2768 1549 2768 1561 2769 1549 2769 1556 2769 1562 2770 1535 2770 1552 2770 1563 2771 1551 2771 1554 2771 1564 2772 1550 2772 1545 2772 1565 2773 1554 2773 1558 2773 1566 2774 1452 2774 1451 2774 1566 2775 1451 2775 1557 2775 1562 2776 1545 2776 1535 2776 1567 2777 1555 2777 1559 2777 1567 2778 1560 2778 1555 2778 1569 2779 1553 2779 1561 2779 1569 2780 1557 2780 1553 2780 1570 2781 1559 2781 238 2781 675 2782 1551 2782 1563 2782 1562 2783 1564 2783 1545 2783 1563 2784 676 2784 675 2784 1565 2785 1563 2785 1554 2785 1571 2786 1560 2786 1567 2786 1572 2787 1546 2787 1560 2787 1572 2788 1544 2788 1546 2788 1572 2789 1558 2789 1544 2789 1573 2790 1559 2790 1570 2790 1561 2791 1556 2791 1568 2791 1574 2792 1442 2792 1452 2792 1574 2793 1452 2793 1566 2793 676 2794 1563 2794 1565 2794 1568 2795 1556 2795 1550 2795 1573 2796 1567 2796 1559 2796 1575 2797 1560 2797 1571 2797 1576 2798 1557 2798 1569 2798 1576 2799 1566 2799 1557 2799 1570 2800 238 2800 176 2800 1577 2801 1558 2801 1572 2801 1575 2802 1572 2802 1560 2802 1577 2803 1565 2803 1558 2803 1578 2804 1442 2804 1574 2804 1579 2805 1561 2805 1568 2805 1580 2806 1572 2806 1575 2806 677 2807 1565 2807 1577 2807 1568 2808 1550 2808 1564 2808 677 2809 676 2809 1565 2809 1581 2810 1574 2810 1566 2810 1582 2811 1570 2811 176 2811 1581 2812 1566 2812 1576 2812 1580 2813 1577 2813 1572 2813 1579 2814 1569 2814 1561 2814 1583 2815 1567 2815 1573 2815 1584 2816 1441 2816 1442 2816 1584 2817 1442 2817 1578 2817 1585 2818 1577 2818 1580 2818 1585 2819 677 2819 1577 2819 1586 2820 1571 2820 1567 2820 1586 2821 1567 2821 1583 2821 1587 2822 1573 2822 1570 2822 1587 2823 1583 2823 1573 2823 1578 2824 1574 2824 1581 2824 1582 2825 176 2825 146 2825 678 2826 1585 2826 1580 2826 1588 2827 1570 2827 1582 2827 1588 2828 1587 2828 1570 2828 1589 2829 1575 2829 1571 2829 1589 2830 1571 2830 1586 2830 678 2831 677 2831 1585 2831 1589 2832 1580 2832 1575 2832 1590 2833 1576 2833 1569 2833 1588 2834 1582 2834 146 2834 1480 2835 1441 2835 1584 2835 1480 2836 1440 2836 1441 2836 679 2837 1580 2837 1589 2837 679 2838 678 2838 1580 2838 1591 2839 1586 2839 1583 2839 1591 2840 1583 2840 1587 2840 133 2841 1588 2841 146 2841 1592 2842 1589 2842 1586 2842 1477 2843 1584 2843 1578 2843 1588 2844 1591 2844 1587 2844 1590 2845 1569 2845 1579 2845 1593 2846 1586 2846 1591 2846 1594 2847 1588 2847 133 2847 1593 2848 1592 2848 1586 2848 1590 2849 1581 2849 1576 2849 1473 2850 1440 2850 1480 2850 1479 2851 1578 2851 1581 2851 679 2852 1589 2852 681 2852 1591 2853 1588 2853 1594 2853 1479 2854 1581 2854 1590 2854 1480 2855 1584 2855 1477 2855 1472 2856 1440 2856 1473 2856 1472 2857 1439 2857 1440 2857 1592 2858 681 2858 1589 2858 1471 2859 1593 2859 1591 2859 1475 2860 1594 2860 133 2860 1475 2861 133 2861 125 2861 1477 2862 1578 2862 1479 2862 1475 2863 1591 2863 1594 2863 1592 2864 1593 2864 1471 2864 1476 2865 1439 2865 1472 2865 1478 2866 681 2866 1592 2866 1595 2867 749 2867 731 2867 1596 2868 749 2868 1595 2868 1596 2869 1597 2869 1598 2869 1595 2870 1597 2870 1596 2870 1604 2871 1600 2871 1602 2871 1601 2872 1600 2872 1604 2872 1600 2873 1603 2873 1602 2873 1600 2874 1599 2874 1603 2874 1602 2875 1603 2875 1598 2875 1604 2876 1602 2876 1597 2876 1602 2877 1598 2877 1597 2877 1605 2878 1599 2878 1600 2878 1606 2879 1605 2879 1600 2879 1607 2880 1600 2880 1601 2880 1607 2881 1606 2881 1600 2881 1455 2882 1464 2882 1676 2882 1425 2883 1423 2883 1609 2883 1424 2884 1425 2884 1609 2884 1424 2885 1609 2885 1610 2885 1426 2886 1424 2886 1610 2886 1426 2887 1610 2887 1611 2887 1612 2888 1426 2888 1611 2888 1608 2889 1611 2889 1461 2889 1608 2890 1612 2890 1611 2890 1615 2891 1606 2891 1607 2891 1613 2892 1616 2892 1617 2892 1618 2893 1619 2893 1614 2893 1620 2894 1621 2894 1605 2894 1618 2895 1614 2895 1615 2895 1613 2896 1619 2896 1616 2896 1622 2897 1623 2897 1621 2897 1622 2898 1621 2898 1620 2898 1620 2899 1605 2899 1606 2899 1624 2900 1620 2900 1606 2900 1624 2901 1622 2901 1620 2901 1615 2902 1607 2902 1618 2902 1623 2903 1625 2903 1621 2903 1623 2904 1622 2904 1614 2904 1615 2905 1624 2905 1606 2905 1615 2906 1614 2906 1624 2906 1623 2907 1614 2907 1613 2907 1617 2908 1626 2908 1623 2908 1617 2909 1623 2909 1613 2909 1626 2910 1625 2910 1623 2910 1614 2911 1622 2911 1624 2911 1614 2912 1619 2912 1613 2912 1598 2913 1599 2913 1625 2913 1596 2914 1598 2914 1625 2914 1596 2915 1625 2915 1627 2915 1605 2916 1621 2916 1625 2916 1599 2917 1605 2917 1625 2917 1598 2918 1603 2918 1599 2918 1607 2919 1616 2919 1619 2919 1607 2920 1619 2920 1618 2920 1597 2921 1628 2921 1616 2921 1597 2922 1595 2922 1628 2922 1601 2923 1616 2923 1607 2923 1597 2924 1616 2924 1601 2924 1597 2925 1601 2925 1604 2925 1629 2926 1616 2926 1628 2926 1629 2927 1626 2927 1617 2927 1629 2928 1617 2928 1616 2928 1629 2929 1625 2929 1626 2929 1627 2930 1625 2930 1629 2930 1630 2931 1631 2931 1632 2931 1633 2932 1634 2932 272 2932 1633 2933 272 2933 287 2933 1630 2934 1632 2934 1635 2934 1633 2935 287 2935 298 2935 1636 2936 1630 2936 1635 2936 1637 2937 1633 2937 298 2937 1637 2938 298 2938 314 2938 1636 2939 1635 2939 1638 2939 1637 2940 314 2940 1467 2940 1639 2941 1637 2941 1467 2941 1639 2942 1467 2942 336 2942 1639 2943 336 2943 347 2943 1640 2944 1638 2944 1641 2944 1642 2945 1638 2945 1640 2945 1643 2946 1639 2946 347 2946 1642 2947 1636 2947 1638 2947 1643 2948 347 2948 1466 2948 1644 2949 1640 2949 1641 2949 1644 2950 1641 2950 1645 2950 1646 2951 1643 2951 1466 2951 1646 2952 1466 2952 72 2952 1646 2953 72 2953 1469 2953 1647 2954 1645 2954 1648 2954 1647 2955 1644 2955 1645 2955 1649 2956 1646 2956 1469 2956 1649 2957 1469 2957 126 2957 1650 2958 1649 2958 126 2958 1651 2959 1647 2959 1648 2959 1650 2960 126 2960 169 2960 1652 2961 169 2961 181 2961 1653 2962 1648 2962 1654 2962 1653 2963 1651 2963 1648 2963 1652 2964 1650 2964 169 2964 1652 2965 181 2965 216 2965 1655 2966 216 2966 222 2966 1655 2967 1652 2967 216 2967 1655 2968 222 2968 250 2968 1656 2969 1653 2969 1654 2969 1468 2970 1655 2970 250 2970 1656 2971 1654 2971 1657 2971 1658 2972 1468 2972 746 2972 1659 2973 1658 2973 746 2973 1659 2974 746 2974 749 2974 1660 2975 1656 2975 1657 2975 1660 2976 1657 2976 1661 2976 1662 2977 1658 2977 1659 2977 1662 2978 1659 2978 1663 2978 1664 2979 1660 2979 1661 2979 1665 2980 1662 2980 1663 2980 1665 2981 1663 2981 1666 2981 1664 2982 1661 2982 1667 2982 1668 2983 1664 2983 1667 2983 1669 2984 731 2984 719 2984 1668 2985 1667 2985 1670 2985 1671 2986 1665 2986 1666 2986 1671 2987 1666 2987 1669 2987 1672 2988 1668 2988 1670 2988 1671 2989 1669 2989 719 2989 1673 2990 1671 2990 719 2990 1673 2991 719 2991 709 2991 1672 2992 1670 2992 104 2992 1673 2993 709 2993 693 2993 1674 2994 1672 2994 104 2994 1674 2995 104 2995 105 2995 1675 2996 693 2996 1462 2996 1675 2997 1673 2997 693 2997 1675 2998 1462 2998 1453 2998 1676 2999 1675 2999 1453 2999 1677 3000 105 3000 108 3000 1677 3001 1674 3001 105 3001 1676 3002 1453 3002 1455 3002 1677 3003 108 3003 110 3003 1678 3004 1677 3004 110 3004 1679 3005 1676 3005 1464 3005 1678 3006 110 3006 117 3006 1679 3007 1464 3007 1461 3007 1680 3008 1461 3008 1611 3008 1680 3009 1679 3009 1461 3009 1681 3010 1678 3010 117 3010 1681 3011 117 3011 128 3011 1682 3012 1611 3012 1610 3012 1682 3013 1680 3013 1611 3013 1683 3014 1681 3014 128 3014 1682 3015 1610 3015 1609 3015 1684 3016 1682 3016 1609 3016 1683 3017 128 3017 134 3017 1684 3018 1609 3018 1423 3018 1683 3019 134 3019 155 3019 1685 3020 1684 3020 1423 3020 1685 3021 1423 3021 1420 3021 1686 3022 1683 3022 155 3022 1686 3023 155 3023 166 3023 1685 3024 1420 3024 1417 3024 1687 3025 166 3025 174 3025 1685 3026 1417 3026 1416 3026 1686 3027 166 3027 1687 3027 1688 3028 1686 3028 1687 3028 1689 3029 1685 3029 1416 3029 1690 3030 1687 3030 174 3030 1689 3031 1416 3031 1411 3031 1690 3032 174 3032 197 3032 1691 3033 1689 3033 1411 3033 1691 3034 1411 3034 1402 3034 1686 3035 1688 3035 1692 3035 1691 3036 1402 3036 1404 3036 1693 3037 1686 3037 1692 3037 1694 3038 1691 3038 1404 3038 1695 3039 1690 3039 197 3039 1695 3040 1692 3040 1690 3040 1694 3041 1404 3041 1392 3041 1695 3042 197 3042 219 3042 1696 3043 1694 3043 1392 3043 1696 3044 1392 3044 1386 3044 1697 3045 1695 3045 219 3045 1698 3046 1694 3046 1696 3046 1699 3047 1692 3047 1695 3047 1699 3048 1693 3048 1692 3048 1700 3049 1696 3049 1386 3049 1701 3050 219 3050 243 3050 1701 3051 1697 3051 219 3051 1702 3052 1694 3052 1698 3052 1702 3053 1698 3053 1703 3053 1704 3054 1705 3054 1706 3054 1707 3055 1386 3055 1354 3055 1707 3056 1700 3056 1386 3056 1693 3057 1699 3057 1704 3057 1708 3058 1701 3058 243 3058 1709 3059 1706 3059 1701 3059 1709 3060 1701 3060 1708 3060 1711 3061 1708 3061 243 3061 1710 3062 1707 3062 1354 3062 1712 3063 1711 3063 243 3063 1713 3064 1703 3064 1700 3064 1713 3065 1700 3065 1707 3065 1712 3066 243 3066 251 3066 1702 3067 1703 3067 1713 3067 1714 3068 1704 3068 1706 3068 1714 3069 1693 3069 1704 3069 1714 3070 1706 3070 1709 3070 1715 3071 1354 3071 1346 3071 1715 3072 1710 3072 1354 3072 1716 3073 1712 3073 251 3073 1717 3074 1718 3074 1719 3074 1720 3075 1713 3075 1717 3075 1720 3076 1702 3076 1713 3076 1723 3077 1715 3077 1346 3077 1724 3078 1715 3078 1723 3078 1724 3079 1719 3079 1715 3079 1726 3080 1723 3080 1346 3080 1720 3081 1719 3081 1724 3081 1714 3082 1709 3082 1722 3082 1720 3083 1717 3083 1719 3083 1714 3084 1722 3084 1721 3084 1727 3085 1726 3085 1346 3085 1725 3086 1716 3086 251 3086 1730 3087 1727 3087 1346 3087 1731 3088 251 3088 255 3088 1731 3089 1725 3089 251 3089 1732 3090 1731 3090 255 3090 1733 3091 1714 3091 1721 3091 1733 3092 1721 3092 1728 3092 1730 3093 1346 3093 1301 3093 1733 3094 1729 3094 1732 3094 1733 3095 1728 3095 1729 3095 1733 3096 1732 3096 255 3096 1720 3097 1735 3097 1734 3097 1720 3098 1724 3098 1735 3098 1733 3099 255 3099 265 3099 1733 3100 265 3100 266 3100 1634 3101 1733 3101 266 3101 1634 3102 266 3102 272 3102 1736 3103 1730 3103 1301 3103 1739 3104 1736 3104 1301 3104 1720 3105 1734 3105 1737 3105 1740 3106 1738 3106 1741 3106 1740 3107 1720 3107 1737 3107 1740 3108 1737 3108 1738 3108 1740 3109 1741 3109 1739 3109 1740 3110 1301 3110 1275 3110 1740 3111 1739 3111 1301 3111 1742 3112 1740 3112 1275 3112 1742 3113 1275 3113 1255 3113 1742 3114 1255 3114 1227 3114 1743 3115 1742 3115 1227 3115 1743 3116 1227 3116 1190 3116 1743 3117 1190 3117 1164 3117 1744 3118 1743 3118 1164 3118 1744 3119 1164 3119 1113 3119 1745 3120 1744 3120 1113 3120 1745 3121 1113 3121 1380 3121 1745 3122 1380 3122 1343 3122 1746 3123 1745 3123 1343 3123 1746 3124 1343 3124 1317 3124 1746 3125 1317 3125 1747 3125 1748 3126 1746 3126 1747 3126 1749 3127 1747 3127 1750 3127 1749 3128 1748 3128 1747 3128 1751 3129 1749 3129 1750 3129 1751 3130 1750 3130 1752 3130 1753 3131 1751 3131 1752 3131 1753 3132 1752 3132 1754 3132 1755 3133 1753 3133 1754 3133 1756 3134 1754 3134 1757 3134 1756 3135 1755 3135 1754 3135 1631 3136 1756 3136 1757 3136 1631 3137 1757 3137 1632 3137 1758 3138 1640 3138 1644 3138 1758 3138 1644 3138 1759 3138 1759 3138 1644 3138 1647 3138 1759 3139 1647 3139 1651 3139 1759 3140 1651 3140 1760 3140 1761 3138 1653 3138 1762 3138 1653 3141 1656 3141 1762 3141 1762 3142 1656 3142 1763 3142 1760 3143 1764 3143 1765 3143 1759 3144 1760 3144 1765 3144 1759 3145 1765 3145 1766 3145 1758 3146 1759 3146 1766 3146 1660 3147 1763 3147 1656 3147 1660 3148 1767 3148 1763 3148 1766 3149 1640 3149 1758 3149 1766 3150 1642 3150 1640 3150 1675 3151 1768 3151 1673 3151 1825 3152 1770 3152 1652 3152 1827 3153 1633 3153 1637 3153 1740 3154 1769 3154 1773 3154 1720 3155 1740 3155 1773 3155 1652 3156 1770 3156 1650 3156 1772 3157 1636 3157 1774 3157 1775 3158 1827 3158 1637 3158 1770 3159 1776 3159 1650 3159 1775 3160 1637 3160 1639 3160 1777 3161 1771 3161 1686 3161 1720 3162 1773 3162 1778 3162 1771 3163 1683 3163 1686 3163 1768 3164 1779 3164 1673 3164 1780 3165 1775 3165 1639 3165 1650 3166 1776 3166 1649 3166 1702 3167 1720 3167 1778 3167 1636 3168 1642 3168 1774 3168 1673 3169 1779 3169 1671 3169 1776 3170 1781 3170 1649 3170 1780 3171 1639 3171 1643 3171 1774 3172 1642 3172 1782 3172 1702 3173 1778 3173 1783 3173 1649 3174 1781 3174 1646 3174 1784 3175 1780 3175 1643 3175 1642 3176 1766 3176 1782 3176 1694 3177 1702 3177 1783 3177 1779 3178 1785 3178 1671 3178 1781 3179 1784 3179 1643 3179 1646 3180 1781 3180 1643 3180 1786 3181 1777 3181 1686 3181 1694 3182 1783 3182 1787 3182 1671 3183 1785 3183 1665 3183 1766 3184 1765 3184 1788 3184 1782 3185 1766 3185 1788 3185 1786 3186 1686 3186 1693 3186 1790 3157 1786 3157 1693 3157 1748 3157 1749 3157 1789 3157 1691 3187 1694 3187 1787 3187 1691 3188 1787 3188 1792 3188 1788 3157 1765 3157 1793 3157 1746 3189 1748 3189 1794 3189 1765 3157 1764 3157 1793 3157 1764 3190 1791 3190 1793 3190 1748 3157 1789 3157 1794 3157 1795 3191 1796 3191 1797 3191 1665 3192 1785 3192 1662 3192 1791 3157 1795 3157 1793 3157 1789 3157 1749 3157 1798 3157 1785 3193 1799 3193 1662 3193 1790 3194 1693 3194 1714 3194 1689 3195 1691 3195 1792 3195 1689 3196 1792 3196 1800 3196 1793 3197 1795 3197 1801 3197 1749 3157 1751 3157 1798 3157 1795 3157 1797 3157 1801 3157 1746 3198 1794 3198 1802 3198 1685 3199 1689 3199 1800 3199 1797 3200 1767 3200 1660 3200 1662 3201 1799 3201 1658 3201 1798 3202 1751 3202 1803 3202 1797 3157 1660 3157 1801 3157 1790 3203 1714 3203 1733 3203 1804 3204 1790 3204 1733 3204 1751 3205 1753 3205 1803 3205 1685 3206 1800 3206 1805 3206 1745 3207 1746 3207 1802 3207 1801 3208 1660 3208 1806 3208 1799 3209 1807 3209 1658 3209 1684 3210 1685 3210 1805 3210 1745 3211 1802 3211 1808 3211 1660 3212 1664 3212 1806 3212 1803 3213 1753 3213 1810 3213 1806 3214 1664 3214 1809 3214 1684 3157 1805 3157 1811 3157 1753 3215 1755 3215 1810 3215 1809 3157 1664 3157 1668 3157 1684 3157 1811 3157 1682 3157 1744 3216 1745 3216 1808 3216 1682 3217 1811 3217 1812 3217 1810 3218 1755 3218 1813 3218 1809 3157 1668 3157 1814 3157 1814 3219 1668 3219 1672 3219 1682 3220 1812 3220 1680 3220 1755 3221 1756 3221 1813 3221 1744 3222 1808 3222 1815 3222 1743 3223 1744 3223 1815 3223 1680 3224 1812 3224 1816 3224 1814 3225 1672 3225 1817 3225 1807 3226 1818 3226 1658 3226 1817 3227 1672 3227 1674 3227 1819 3228 1804 3228 1634 3228 1804 3229 1733 3229 1634 3229 1658 3230 1818 3230 1468 3230 1680 3231 1816 3231 1679 3231 1816 3232 1820 3232 1679 3232 1756 3233 1631 3233 1813 3233 1821 3157 1817 3157 1674 3157 1742 3234 1743 3234 1822 3234 1743 3235 1815 3235 1822 3235 1813 3236 1631 3236 1823 3236 1821 3157 1674 3157 1677 3157 1820 3237 1824 3237 1676 3237 1679 3238 1820 3238 1676 3238 1818 3239 1825 3239 1468 3239 1821 3157 1677 3157 1678 3157 1468 3240 1825 3240 1655 3240 1631 3241 1630 3241 1823 3241 1819 3242 1634 3242 1633 3242 1824 3243 1826 3243 1676 3243 1827 3244 1819 3244 1633 3244 1828 3245 1821 3245 1678 3245 1742 3246 1822 3246 1769 3246 1740 3247 1742 3247 1769 3247 1676 3248 1826 3248 1675 3248 1655 3249 1825 3249 1652 3249 1823 3250 1630 3250 1772 3250 1828 3251 1678 3251 1681 3251 1826 3252 1768 3252 1675 3252 1630 3253 1636 3253 1772 3253 1828 3254 1681 3254 1683 3254 1771 3255 1828 3255 1683 3255 1774 3256 1782 3256 1829 3256 1774 3257 1829 3257 1830 3257 1799 3258 1785 3258 1832 3258 1785 3259 1831 3259 1832 3259 1772 3260 1774 3260 1830 3260 1772 3261 1830 3261 1833 3261 1807 3262 1799 3262 1832 3262 1823 3263 1772 3263 1833 3263 1823 3264 1833 3264 1834 3264 1807 3265 1832 3265 1835 3265 1818 3266 1807 3266 1835 3266 1813 3267 1823 3267 1834 3267 1818 3268 1835 3268 1836 3268 1813 3269 1834 3269 1837 3269 1825 3270 1818 3270 1836 3270 1810 3271 1813 3271 1837 3271 1810 3272 1837 3272 1838 3272 1825 3273 1836 3273 1839 3273 1803 3274 1810 3274 1838 3274 1770 3275 1825 3275 1839 3275 1770 3276 1839 3276 1840 3276 1803 3277 1838 3277 1841 3277 1798 3278 1803 3278 1841 3278 1776 3279 1770 3279 1840 3279 1789 3280 1798 3280 1841 3280 1789 3281 1841 3281 1842 3281 1776 3282 1840 3282 1843 3282 1781 3283 1776 3283 1843 3283 1794 3284 1789 3284 1842 3284 1794 3285 1842 3285 1844 3285 1781 3286 1843 3286 1845 3286 1802 3287 1794 3287 1844 3287 1784 3288 1781 3288 1845 3288 1780 3289 1784 3289 1846 3289 1784 3290 1845 3290 1846 3290 1808 3291 1802 3291 1847 3291 1802 3292 1844 3292 1847 3292 1808 3293 1847 3293 1848 3293 1775 3294 1780 3294 1849 3294 1780 3295 1846 3295 1849 3295 1815 3296 1808 3296 1848 3296 1827 3297 1775 3297 1849 3297 1827 3298 1849 3298 1850 3298 1822 3299 1815 3299 1848 3299 1822 3300 1848 3300 1851 3300 1822 3301 1851 3301 1852 3301 1827 3302 1850 3302 1853 3302 1819 3303 1827 3303 1853 3303 1769 3304 1822 3304 1852 3304 1773 3305 1769 3305 1852 3305 1773 3306 1852 3306 1854 3306 1819 3307 1853 3307 1855 3307 1804 3308 1819 3308 1855 3308 1778 3309 1773 3309 1854 3309 1790 3310 1804 3310 1855 3310 1783 3311 1778 3311 1856 3311 1778 3312 1854 3312 1856 3312 1790 3313 1855 3313 1857 3313 1787 3314 1783 3314 1856 3314 1787 3315 1856 3315 1858 3315 1786 3316 1790 3316 1859 3316 1790 3317 1857 3317 1859 3317 1792 3318 1787 3318 1858 3318 1777 3319 1786 3319 1859 3319 1792 3320 1858 3320 1860 3320 1800 3321 1792 3321 1860 3321 1777 3322 1859 3322 1861 3322 1771 3323 1777 3323 1861 3323 1800 3324 1860 3324 1862 3324 1771 3325 1861 3325 1863 3325 1805 3326 1800 3326 1864 3326 1800 3327 1862 3327 1864 3327 1828 3328 1771 3328 1863 3328 1805 3329 1864 3329 1865 3329 1828 3330 1863 3330 1866 3330 1811 3331 1805 3331 1865 3331 1821 3332 1828 3332 1866 3332 1812 3333 1811 3333 1865 3333 1812 3334 1865 3334 1867 3334 1821 3335 1866 3335 1868 3335 1817 3336 1821 3336 1868 3336 1817 3337 1868 3337 1869 3337 1816 3338 1812 3338 1870 3338 1812 3339 1867 3339 1870 3339 1814 3340 1817 3340 1869 3340 1820 3341 1816 3341 1870 3341 1814 3342 1869 3342 1871 3342 1820 3343 1870 3343 1872 3343 1824 3344 1820 3344 1872 3344 1809 3345 1814 3345 1871 3345 1809 3346 1871 3346 1873 3346 1826 3347 1824 3347 1874 3347 1824 3348 1872 3348 1874 3348 1806 3349 1809 3349 1875 3349 1809 3350 1873 3350 1875 3350 1768 3351 1826 3351 1876 3351 1826 3352 1874 3352 1876 3352 1801 3353 1806 3353 1875 3353 1801 3354 1875 3354 1877 3354 1779 3355 1768 3355 1878 3355 1768 3356 1876 3356 1878 3356 1793 3357 1801 3357 1877 3357 1793 3358 1877 3358 1879 3358 1785 3359 1779 3359 1878 3359 1785 3360 1878 3360 1831 3360 1788 3361 1793 3361 1879 3361 1788 3362 1879 3362 1880 3362 1782 3363 1788 3363 1880 3363 1782 3364 1880 3364 1829 3364 1842 3365 1841 3365 1838 3365 1847 3366 1844 3366 1848 3366 1838 3157 1837 3157 1834 3157 1844 3367 1842 3367 1852 3367 1851 3368 1848 3368 1852 3368 1848 3369 1844 3369 1852 3369 1842 3370 1838 3370 1833 3370 1838 3371 1834 3371 1833 3371 1852 3372 1842 3372 1833 3372 1852 3373 1833 3373 1830 3373 1854 3374 1852 3374 1830 3374 1854 3375 1830 3375 1829 3375 1854 3376 1829 3376 1856 3376 1856 3377 1829 3377 1880 3377 1856 3157 1880 3157 1858 3157 1858 3157 1880 3157 1879 3157 1860 3157 1858 3157 1879 3157 1860 3378 1879 3378 1877 3378 1862 3379 1860 3379 1877 3379 1862 3157 1877 3157 1864 3157 1864 3380 1877 3380 1875 3380 1864 3381 1875 3381 1873 3381 1865 3382 1864 3382 1873 3382 1867 3157 1865 3157 1871 3157 1865 3383 1873 3383 1871 3383 1867 3384 1871 3384 1869 3384 1867 3385 1869 3385 1870 3385 1870 3386 1869 3386 1868 3386 1870 3387 1868 3387 1866 3387 1872 3388 1870 3388 1874 3388 1874 3389 1870 3389 1863 3389 1870 3390 1866 3390 1863 3390 1874 3391 1863 3391 1861 3391 1876 3157 1874 3157 1861 3157 1876 3157 1861 3157 1878 3157 1878 3392 1861 3392 1859 3392 1878 3157 1859 3157 1831 3157 1831 3157 1859 3157 1832 3157 1857 3157 1855 3157 1853 3157 1835 3393 1832 3393 1836 3393 1859 3157 1857 3157 1853 3157 1832 3394 1859 3394 1853 3394 1836 3395 1832 3395 1853 3395 1836 3157 1853 3157 1839 3157 1839 3396 1853 3396 1849 3396 1853 3157 1850 3157 1849 3157 1839 3397 1849 3397 1840 3397 1840 3398 1849 3398 1845 3398 1843 3157 1840 3157 1845 3157 1849 3157 1846 3157 1845 3157 1716 3399 1725 3399 1881 3399 1716 3400 1881 3400 1882 3400 1885 3401 1886 3401 1883 3401 1887 3402 1885 3402 1883 3402 1881 3403 1884 3403 1882 3403 1881 3404 1883 3404 1884 3404 1888 3405 1887 3405 1883 3405 1888 3406 1883 3406 1881 3406 1888 3407 1881 3407 1889 3407 1891 3408 1888 3408 1889 3408 1890 3409 1887 3409 1888 3409 1892 3410 1890 3410 1888 3410 1725 3411 1889 3411 1881 3411 1725 3157 1731 3157 1889 3157 1731 3412 1732 3412 1891 3412 1731 3413 1891 3413 1889 3413 1732 3414 1888 3414 1891 3414 1732 3138 1729 3138 1888 3138 1729 3415 1728 3415 1892 3415 1729 3416 1892 3416 1888 3416 1728 3417 1890 3417 1892 3417 1728 3418 1721 3418 1890 3418 1721 3419 1722 3419 1887 3419 1721 3420 1887 3420 1890 3420 1722 3138 1709 3138 1885 3138 1722 3421 1885 3421 1887 3421 1709 3422 1708 3422 1886 3422 1709 3423 1886 3423 1885 3423 1711 3424 1883 3424 1886 3424 1708 3157 1711 3157 1886 3157 1711 3425 1712 3425 1884 3425 1711 3426 1884 3426 1883 3426 1716 3427 1882 3427 1884 3427 1712 3428 1716 3428 1884 3428 1698 3429 1893 3429 1703 3429 1894 3430 1893 3430 1698 3430 1893 3431 1894 3431 1895 3431 1893 3432 1895 3432 1896 3432 1895 3433 1698 3433 1696 3433 1895 3434 1894 3434 1698 3434 1896 3157 1696 3157 1700 3157 1896 3435 1895 3435 1696 3435 1893 3436 1700 3436 1703 3436 1893 3437 1896 3437 1700 3437 1735 3138 1724 3138 1897 3138 1735 3438 1897 3438 1898 3438 1898 3439 1899 3439 1900 3439 1898 3440 1897 3440 1899 3440 1902 3441 1901 3441 1903 3441 1902 3442 1900 3442 1901 3442 1898 3443 1900 3443 1902 3443 1904 3444 1898 3444 1902 3444 1904 3445 1902 3445 1905 3445 1907 3446 1904 3446 1905 3446 1906 3447 1898 3447 1904 3447 1908 3448 1906 3448 1904 3448 1723 3449 1899 3449 1897 3449 1724 3412 1723 3412 1897 3412 1726 3450 1900 3450 1899 3450 1723 3451 1726 3451 1899 3451 1727 3452 1901 3452 1900 3452 1726 3453 1727 3453 1900 3453 1730 3454 1903 3454 1901 3454 1727 3157 1730 3157 1901 3157 1736 3455 1902 3455 1903 3455 1730 3456 1736 3456 1903 3456 1736 3457 1739 3457 1905 3457 1736 3458 1905 3458 1902 3458 1741 3459 1907 3459 1905 3459 1739 3460 1741 3460 1905 3460 1741 3138 1738 3138 1904 3138 1741 3461 1904 3461 1907 3461 1737 3462 1908 3462 1904 3462 1738 3463 1737 3463 1904 3463 1737 3464 1734 3464 1906 3464 1737 3465 1906 3465 1908 3465 1735 3466 1898 3466 1906 3466 1734 3467 1735 3467 1906 3467 1909 3468 1717 3468 1713 3468 1910 3469 1909 3469 1713 3469 1911 3470 1912 3470 1913 3470 1914 3471 1911 3471 1913 3471 1915 3472 1911 3472 1914 3472 1910 3473 1912 3473 1911 3473 1909 3474 1910 3474 1911 3474 1912 3475 1713 3475 1707 3475 1912 3476 1910 3476 1713 3476 1912 3477 1707 3477 1710 3477 1913 3157 1912 3157 1710 3157 1715 3478 1913 3478 1710 3478 1914 3479 1913 3479 1715 3479 1915 3480 1715 3480 1719 3480 1915 3481 1914 3481 1715 3481 1911 3482 1719 3482 1718 3482 1911 3483 1915 3483 1719 3483 1909 3484 1718 3484 1717 3484 1909 3485 1911 3485 1718 3485 1690 3486 1916 3486 1917 3486 1687 3487 1690 3487 1917 3487 1919 3488 1917 3488 1916 3488 1919 3489 1918 3489 1917 3489 1690 3490 1692 3490 1919 3490 1690 3491 1919 3491 1916 3491 1692 3492 1688 3492 1918 3492 1919 3493 1692 3493 1918 3493 1688 3494 1687 3494 1917 3494 1688 3495 1917 3495 1918 3495 1920 3496 1921 3496 1701 3496 1921 3497 1697 3497 1701 3497 1922 3498 1923 3498 1921 3498 1920 3499 1922 3499 1921 3499 1924 3500 1922 3500 1920 3500 1925 3501 1923 3501 1922 3501 1926 3502 1925 3502 1922 3502 1920 3503 1701 3503 1924 3503 1924 3504 1701 3504 1706 3504 1924 3505 1706 3505 1922 3505 1922 3506 1706 3506 1705 3506 1926 3507 1922 3507 1704 3507 1922 3412 1705 3412 1704 3412 1926 3508 1704 3508 1699 3508 1925 3138 1926 3138 1699 3138 1923 3509 1925 3509 1695 3509 1925 3510 1699 3510 1695 3510 1923 3511 1695 3511 1697 3511 1921 3512 1923 3512 1697 3512 690 3513 682 3513 1430 3513 767 3514 690 3514 1430 3514 771 3515 767 3515 1430 3515 773 3516 771 3516 1430 3516 730 3517 773 3517 1430 3517 1430 3518 682 3518 680 3518 1430 3519 680 3519 1433 3519 1433 3520 1481 3520 1444 3520 1433 3521 681 3521 1481 3521 1433 3522 680 3522 681 3522 1627 3523 1659 3523 749 3523 1627 3524 749 3524 1596 3524 731 3525 1669 3525 1628 3525 1595 3526 731 3526 1628 3526 1628 3527 1669 3527 1666 3527 1629 3528 1628 3528 1666 3528 1629 3529 1666 3529 1663 3529 1627 3530 1663 3530 1659 3530 1627 3531 1629 3531 1663 3531 1929 3532 438 3532 590 3532 634 3533 1930 3533 1931 3533 1927 3534 657 3534 1932 3534 657 3535 659 3535 1932 3535 580 3536 1928 3536 486 3536 632 3537 634 3537 1931 3537 659 3538 661 3538 1932 3538 632 3539 1931 3539 1933 3539 1932 3540 661 3540 1934 3540 630 3541 632 3541 1933 3541 1928 3542 1935 3542 465 3542 486 3543 1928 3543 465 3543 1936 3544 1929 3544 587 3544 1929 3545 590 3545 587 3545 628 3546 630 3546 1937 3546 630 3547 1933 3547 1937 3547 661 3548 663 3548 1939 3548 1934 3549 661 3549 1939 3549 628 3550 1937 3550 1940 3550 663 3551 665 3551 1939 3551 626 3552 628 3552 1940 3552 465 3553 1935 3553 490 3553 1939 3554 665 3554 1941 3554 645 3555 647 3555 1938 3555 625 3556 626 3556 1940 3556 1936 3557 587 3557 578 3557 665 3558 666 3558 1941 3558 625 3559 1940 3559 1942 3559 1935 3560 1943 3560 490 3560 625 3561 1942 3561 624 3561 643 3562 645 3562 1938 3562 490 3563 1943 3563 505 3563 1941 3564 666 3564 1945 3564 1938 3565 647 3565 1944 3565 643 3566 1938 3566 1946 3566 624 3567 1942 3567 1947 3567 1948 3568 1936 3568 578 3568 666 3569 668 3569 1945 3569 647 3570 649 3570 1944 3570 1948 3571 578 3571 569 3571 624 3572 1947 3572 591 3572 1945 3573 668 3573 1949 3573 505 3574 1943 3574 519 3574 591 3575 1947 3575 1950 3575 1949 3576 668 3576 671 3576 642 3577 643 3577 1946 3577 1948 3578 569 3578 557 3578 1950 3579 1951 3579 591 3579 591 3580 1951 3580 477 3580 1952 3581 1949 3581 801 3581 1949 3582 671 3582 801 3582 649 3583 651 3583 1953 3583 1944 3584 649 3584 1953 3584 1943 3585 1954 3585 519 3585 1955 3586 1948 3586 531 3586 642 3587 1946 3587 1956 3587 1948 3588 557 3588 531 3588 640 3589 642 3589 1956 3589 519 3590 1954 3590 560 3590 477 3591 1951 3591 450 3591 1951 3592 1957 3592 450 3592 1952 3593 801 3593 494 3593 1953 3594 651 3594 1958 3594 1959 3595 1955 3595 531 3595 450 3596 1957 3596 504 3596 1960 3597 1952 3597 491 3597 1952 3598 494 3598 491 3598 560 3599 1954 3599 575 3599 651 3600 653 3600 1958 3600 1959 3601 531 3601 525 3601 1954 3602 1961 3602 575 3602 1957 3603 1962 3603 513 3603 504 3604 1957 3604 513 3604 1960 3605 491 3605 488 3605 575 3606 1961 3606 584 3606 1959 3607 525 3607 502 3607 640 3608 1956 3608 1963 3608 1964 3609 1960 3609 488 3609 638 3610 640 3610 1963 3610 1965 3611 1959 3611 502 3611 584 3612 1961 3612 452 3612 1961 3613 1966 3613 452 3613 513 3614 1962 3614 526 3614 1965 3615 502 3615 493 3615 1966 3616 1965 3616 493 3616 1964 3617 488 3617 479 3617 1958 3618 653 3618 1967 3618 452 3619 1966 3619 447 3619 1966 3620 493 3620 447 3620 636 3621 638 3621 1963 3621 653 3622 655 3622 1967 3622 1962 3623 1968 3623 543 3623 526 3624 1962 3624 543 3624 1964 3625 479 3625 440 3625 636 3626 1963 3626 1930 3626 655 3627 657 3627 1927 3627 1969 3628 1964 3628 440 3628 1967 3629 655 3629 1927 3629 1969 3630 440 3630 438 3630 634 3631 636 3631 1930 3631 1968 3632 1928 3632 580 3632 543 3633 1968 3633 580 3633 1929 3634 1969 3634 438 3634 1970 3635 1957 3635 1951 3635 1972 3636 1970 3636 1951 3636 1973 3637 1971 3637 1932 3637 1972 3638 1951 3638 1950 3638 1973 3639 1932 3639 1934 3639 1974 3640 1972 3640 1950 3640 1975 3641 1974 3641 1950 3641 1976 3642 1973 3642 1934 3642 1975 3643 1950 3643 1947 3643 1976 3644 1934 3644 1939 3644 1976 3645 1939 3645 1941 3645 1977 3646 1975 3646 1947 3646 1977 3647 1947 3647 1942 3647 1978 3648 1976 3648 1941 3648 1979 3649 1977 3649 1942 3649 1979 3650 1942 3650 1940 3650 1978 3651 1941 3651 1945 3651 1980 3652 1978 3652 1945 3652 1981 3653 1940 3653 1937 3653 1981 3654 1979 3654 1940 3654 1980 3655 1945 3655 1949 3655 1981 3656 1937 3656 1933 3656 1982 3657 1980 3657 1949 3657 1983 3658 1981 3658 1933 3658 1983 3659 1933 3659 1931 3659 1984 3660 1982 3660 1949 3660 1984 3661 1949 3661 1952 3661 1985 3662 1983 3662 1931 3662 1986 3663 1984 3663 1952 3663 1985 3664 1931 3664 1930 3664 1986 3665 1952 3665 1960 3665 1987 3666 1985 3666 1930 3666 1988 3667 1986 3667 1960 3667 1987 3668 1930 3668 1963 3668 1988 3669 1960 3669 1964 3669 1989 3670 1987 3670 1963 3670 1990 3671 1988 3671 1964 3671 1989 3672 1963 3672 1956 3672 1990 3673 1964 3673 1969 3673 1991 3674 1989 3674 1956 3674 1992 3675 1990 3675 1969 3675 1992 3676 1969 3676 1929 3676 1991 3677 1956 3677 1946 3677 1993 3678 1991 3678 1946 3678 1994 3679 1929 3679 1936 3679 1994 3680 1992 3680 1929 3680 1993 3681 1946 3681 1938 3681 1996 3682 1936 3682 1948 3682 1995 3683 1993 3683 1938 3683 1996 3684 1994 3684 1936 3684 1995 3685 1938 3685 1944 3685 1997 3686 1995 3686 1944 3686 1998 3687 1948 3687 1955 3687 1998 3688 1996 3688 1948 3688 1997 3689 1944 3689 1953 3689 1999 3690 1998 3690 1955 3690 2000 3691 1997 3691 1953 3691 1999 3692 1955 3692 1959 3692 2000 3693 1953 3693 1958 3693 2000 3694 1958 3694 1967 3694 2001 3695 1999 3695 1959 3695 2002 3696 2000 3696 1967 3696 2001 3697 1959 3697 1965 3697 2002 3698 1967 3698 1927 3698 2003 3699 1965 3699 1966 3699 2003 3700 2001 3700 1965 3700 2004 3701 2002 3701 1927 3701 2004 3702 1927 3702 1932 3702 1971 3703 2004 3703 1932 3703 2005 3704 1966 3704 1961 3704 2005 3705 2003 3705 1966 3705 2005 3706 1961 3706 1954 3706 2006 3707 2005 3707 1954 3707 2006 3708 1954 3708 1943 3708 2007 3709 2006 3709 1943 3709 2008 3710 2007 3710 1943 3710 2008 3711 1943 3711 1935 3711 2009 3712 1935 3712 1928 3712 2009 3713 2008 3713 1935 3713 2010 3714 1928 3714 1968 3714 2010 3715 2009 3715 1928 3715 2011 3716 1968 3716 1962 3716 2011 3717 2010 3717 1968 3717 2011 3718 1962 3718 1957 3718 1970 3719 2011 3719 1957 3719 1972 3720 1974 3720 1975 3720 1970 3721 1972 3721 1975 3721 1977 3722 1970 3722 1975 3722 1979 3723 1970 3723 1977 3723 2010 3724 2011 3724 1970 3724 1983 3725 1979 3725 1981 3725 1983 3726 2010 3726 1970 3726 1983 3727 1970 3727 1979 3727 2009 3728 2010 3728 1983 3728 2009 3729 1983 3729 1985 3729 2008 3730 1985 3730 1987 3730 2008 3731 2009 3731 1985 3731 1989 3732 2008 3732 1987 3732 2007 3733 2008 3733 1989 3733 2006 3734 2007 3734 1989 3734 1991 3735 2006 3735 1989 3735 1993 3736 2006 3736 1991 3736 1993 3737 2005 3737 2006 3737 1995 3738 2005 3738 1993 3738 2001 3739 2005 3739 1995 3739 2001 3740 2003 3740 2005 3740 2001 3741 1995 3741 1997 3741 1999 3742 2001 3742 1997 3742 1999 3743 1997 3743 2000 3743 1996 3744 1998 3744 1999 3744 1994 3745 1996 3745 1999 3745 2004 3746 1999 3746 2000 3746 2004 3747 2000 3747 2002 3747 1992 3748 1994 3748 1999 3748 1990 3749 1992 3749 1999 3749 1973 3750 1999 3750 2004 3750 1973 3751 2004 3751 1971 3751 1990 3752 1999 3752 1973 3752 1976 3753 1990 3753 1973 3753 1988 3754 1990 3754 1976 3754 1986 3755 1988 3755 1976 3755 1978 3756 1986 3756 1976 3756 1978 3757 1984 3757 1986 3757 1982 3758 1984 3758 1978 3758 1982 3759 1978 3759 1980 3759 1429 3760 1431 3760 1434 3760 1429 3761 1434 3761 1443 3761 2014 3762 2015 3762 1432 3762 2016 3763 1432 3763 2015 3763 2017 3764 2013 3764 1427 3764 2018 3765 2014 3765 1432 3765 2019 3766 2018 3766 1432 3766 2020 3767 2019 3767 1432 3767 2021 3768 2017 3768 1427 3768 1443 3769 2022 3769 2023 3769 1443 3770 2024 3770 2022 3770 1443 3771 2016 3771 2024 3771 1427 3772 2020 3772 1432 3772 1427 3773 2025 3773 2020 3773 1427 3774 2026 3774 2025 3774 1429 3775 2027 3775 2021 3775 2012 3776 1443 3776 2023 3776 1429 3777 2028 3777 2027 3777 1429 3778 2021 3778 1427 3778 1429 3779 2029 3779 2028 3779 2013 3780 2026 3780 1427 3780 1429 3781 1443 3781 2030 3781 1429 3782 2030 3782 2031 3782 1429 3783 2031 3783 2029 3783 2030 3784 1443 3784 2032 3784 2032 3785 1443 3785 2012 3785 1443 3786 1432 3786 2016 3786 1763 3787 1767 3787 1797 3787 1762 3788 1763 3788 1797 3788 1761 3789 1797 3789 1796 3789 1761 3790 1762 3790 1797 3790 1795 3791 1791 3791 1653 3791 1791 3792 1651 3792 1653 3792 1791 3793 1764 3793 1651 3793 1764 3794 1760 3794 1651 3794 1796 3795 1795 3795 1653 3795 1796 3796 1653 3796 1761 3796 619 3797 616 3797 600 3797 619 3797 600 3797 602 3797 621 3798 619 3798 602 3798 621 3799 602 3799 603 3799 618 3800 601 3800 600 3800 616 3801 618 3801 600 3801 384 3802 383 3802 2033 3802 303 3803 328 3803 2034 3803 303 3804 2034 3804 2035 3804 385 3805 2033 3805 2036 3805 385 3806 384 3806 2033 3806 280 3807 303 3807 2035 3807 2037 3808 280 3808 2035 3808 424 3809 385 3809 2036 3809 2038 3810 424 3810 2036 3810 247 3811 280 3811 2037 3811 422 3812 424 3812 2038 3812 252 3813 247 3813 2037 3813 252 3814 2037 3814 2039 3814 236 3815 252 3815 2039 3815 2040 3816 236 3816 2039 3816 208 3817 236 3817 2040 3817 2041 3818 208 3818 2040 3818 191 3819 208 3819 2041 3819 2042 3820 191 3820 2041 3820 194 3821 191 3821 2042 3821 194 3822 2042 3822 2043 3822 175 3823 2043 3823 2044 3823 175 3824 194 3824 2043 3824 190 3825 2044 3825 2045 3825 190 3826 175 3826 2044 3826 200 3827 190 3827 2045 3827 2046 3828 200 3828 2045 3828 204 3829 200 3829 2046 3829 204 3830 2046 3830 2047 3830 213 3831 204 3831 2047 3831 249 3832 213 3832 2047 3832 249 3833 2047 3833 2048 3833 260 3834 2048 3834 2049 3834 260 3835 249 3835 2048 3835 2050 3836 260 3836 2049 3836 286 3837 260 3837 2050 3837 286 3838 2050 3838 2051 3838 327 3839 286 3839 2051 3839 327 3840 2051 3840 2052 3840 332 3841 327 3841 2052 3841 361 3842 332 3842 2052 3842 361 3843 2052 3843 2053 3843 370 3844 361 3844 2053 3844 370 3845 2053 3845 2054 3845 71 3846 2054 3846 2055 3846 71 3847 370 3847 2054 3847 113 3848 2055 3848 2056 3848 113 3849 71 3849 2055 3849 149 3850 113 3850 2056 3850 2057 3851 149 3851 2056 3851 196 3852 149 3852 2057 3852 2058 3853 196 3853 2057 3853 217 3854 196 3854 2058 3854 2059 3855 217 3855 2058 3855 233 3856 217 3856 2059 3856 242 3857 233 3857 2059 3857 2067 3858 2063 3858 2068 3858 2069 3859 2061 3859 2063 3859 2070 3860 2151 3860 2149 3860 2070 3861 2149 3861 2061 3861 2066 3862 242 3862 2059 3862 2072 3863 2150 3863 2151 3863 2073 3864 2067 3864 2066 3864 2071 3865 2066 3865 2059 3865 2071 3866 2059 3866 2058 3866 2069 3867 2063 3867 2067 3867 2071 3868 2058 3868 2057 3868 2070 3869 2061 3869 2069 3869 2077 3870 2073 3870 2066 3870 2077 3871 2066 3871 2071 3871 2075 3872 2071 3872 2057 3872 2073 3873 2076 3873 2069 3873 2073 3874 2069 3874 2067 3874 2075 3875 2057 3875 2056 3875 2076 3876 2070 3876 2069 3876 2078 3877 2077 3877 2071 3877 2078 3878 2071 3878 2075 3878 2079 3879 2075 3879 2056 3879 2079 3880 2056 3880 2055 3880 2079 3881 2055 3881 2054 3881 2080 3882 2078 3882 2075 3882 2082 3883 2077 3883 2078 3883 2081 3884 2079 3884 2054 3884 2081 3885 2054 3885 2053 3885 2080 3886 2075 3886 2079 3886 2084 3887 2080 3887 2079 3887 2082 3888 2078 3888 2080 3888 2085 3889 2076 3889 2077 3889 2081 3890 2053 3890 2052 3890 2084 3891 2079 3891 2081 3891 2088 3892 2082 3892 2080 3892 2085 3893 2077 3893 2082 3893 2086 3894 2052 3894 2051 3894 2089 3895 2084 3895 2081 3895 2051 3896 2090 3896 2086 3896 2088 3897 2080 3897 2084 3897 2089 3898 2081 3898 2086 3898 2090 3899 2051 3899 2050 3899 2090 3900 2050 3900 2049 3900 2088 3901 2084 3901 2089 3901 2094 3902 2049 3902 2048 3902 2094 3903 2090 3903 2049 3903 2095 3904 2088 3904 2089 3904 2093 3905 2086 3905 2090 3905 2094 3906 2048 3906 2047 3906 2095 3907 2089 3907 2086 3907 2047 3908 2096 3908 2094 3908 2097 3909 2092 3909 2088 3909 2097 3910 2088 3910 2095 3910 2098 3911 2095 3911 2086 3911 2098 3912 2086 3912 2093 3912 2099 3913 2093 3913 2090 3913 2099 3914 2090 3914 2094 3914 2096 3915 2047 3915 2046 3915 2100 3916 2091 3916 2092 3916 2096 3917 2046 3917 2045 3917 2105 3918 2099 3918 2094 3918 2105 3919 2094 3919 2096 3919 2104 3920 2096 3920 2045 3920 2098 3921 2093 3921 2099 3921 2101 3922 2095 3922 2098 3922 2101 3923 2097 3923 2095 3923 2104 3924 2045 3924 2044 3924 2100 3925 2097 3925 2101 3925 2110 3926 2101 3926 2098 3926 2105 3927 2096 3927 2104 3927 2043 3928 2104 3928 2044 3928 2106 3929 2099 3929 2105 3929 2106 3930 2098 3930 2099 3930 2043 3931 2108 3931 2104 3931 2104 3932 2109 3932 2107 3932 2104 3933 2107 3933 2105 3933 2108 3934 2043 3934 2042 3934 2108 3935 2042 3935 2041 3935 2107 3936 2106 3936 2105 3936 2111 3937 2108 3937 2041 3937 2109 3938 2104 3938 2108 3938 2111 3939 2041 3939 2040 3939 2112 3940 2109 3940 2108 3940 2115 3941 2101 3941 2110 3941 2113 3942 2111 3942 2040 3942 2114 3943 2106 3943 2107 3943 2112 3944 2108 3944 2111 3944 2039 3945 2113 3945 2040 3945 2116 3946 2112 3946 2111 3946 2116 3947 2111 3947 2113 3947 2118 3948 2119 3948 2109 3948 2118 3949 2109 3949 2112 3949 2119 3950 2114 3950 2107 3950 2037 3951 2121 3951 2117 3951 2116 3952 2118 3952 2112 3952 2121 3953 2037 3953 2035 3953 2117 3954 2123 3954 2116 3954 2117 3955 2116 3955 2113 3955 2116 3956 2123 3956 2118 3956 2122 3957 2035 3957 2034 3957 2122 3958 2121 3958 2035 3958 2062 3959 2122 3959 2034 3959 2062 3960 2034 3960 328 3960 2124 3961 2117 3961 2121 3961 2124 3962 2121 3962 2122 3962 2125 3963 2118 3963 2123 3963 2125 3964 2119 3964 2118 3964 2062 3965 101 3965 100 3965 2126 3966 2123 3966 2117 3966 2132 3967 2120 3967 2119 3967 418 3968 2060 3968 2062 3968 418 3969 2062 3969 100 3969 2126 3970 2117 3970 2124 3970 2129 3971 2122 3971 2062 3971 2130 3972 2060 3972 418 3972 2130 3973 418 3973 421 3973 2125 3974 2123 3974 2126 3974 2131 3975 2124 3975 2122 3975 2130 3976 421 3976 422 3976 2060 3977 2129 3977 2062 3977 2038 3978 2130 3978 422 3978 2131 3979 2122 3979 2129 3979 2038 3980 2133 3980 2130 3980 2036 3981 2134 3981 2133 3981 2036 3982 2133 3982 2038 3982 2130 3983 2135 3983 2060 3983 2060 3984 2131 3984 2129 3984 2060 3985 2136 3985 2131 3985 2133 3986 2137 3986 2135 3986 2133 3987 2135 3987 2130 3987 2140 3988 2132 3988 2126 3988 2137 3989 2133 3989 2134 3989 2135 3990 2136 3990 2060 3990 2138 3991 2127 3991 2139 3991 2136 3992 2142 3992 2140 3992 2137 3993 2141 3993 2135 3993 2141 3994 2136 3994 2135 3994 2141 3995 2142 3995 2136 3995 2144 3996 387 3996 389 3996 2134 3997 2143 3997 2145 3997 2145 3998 2146 3998 2137 3998 2142 3999 2141 3999 2146 3999 2148 4000 2157 4000 2149 4000 2150 4001 2156 4001 2151 4001 2074 4002 2065 4002 2147 4002 2072 4003 2151 4003 2070 4003 2074 4004 2150 4004 2072 4004 2070 4005 2076 4005 2083 4005 2083 4006 2072 4006 2070 4006 2074 4007 2072 4007 2087 4007 2077 4008 2076 4008 2073 4008 2072 4009 2083 4009 2087 4009 2083 4010 2076 4010 2085 4010 2083 4011 2085 4011 2091 4011 2086 4012 2081 4012 2052 4012 2082 4013 2088 4013 2092 4013 2087 4014 2083 4014 2091 4014 2092 4015 2085 4015 2082 4015 2091 4016 2103 4016 2087 4016 2091 4017 2085 4017 2092 4017 2100 4018 2092 4018 2097 4018 2102 4019 2103 4019 2091 4019 2100 4020 2102 4020 2091 4020 2106 4021 2110 4021 2098 4021 2115 4022 2100 4022 2101 4022 2115 4023 2102 4023 2100 4023 2110 4024 2106 4024 2114 4024 2115 4025 2114 4025 2120 4025 2115 4026 2110 4026 2114 4026 2109 4027 2119 4027 2107 4027 2037 4028 2113 4028 2039 4028 2037 4029 2117 4029 2113 4029 2120 4030 2114 4030 2119 4030 2120 4031 2127 4031 2128 4031 2062 4032 328 4032 101 4032 2125 4033 2132 4033 2119 4033 2120 4034 2132 4034 2127 4034 2124 4035 2131 4035 2126 4035 2128 4036 2127 4036 2152 4036 2132 4037 2125 4037 2126 4037 2126 4038 2131 4038 2140 4038 2127 4039 2132 4039 2139 4039 2139 4040 2132 4040 2140 4040 2140 4041 2131 4041 2136 4041 2138 4042 2064 4042 2152 4042 2139 4043 2065 4043 2138 4043 2065 4044 2139 4044 2142 4044 2138 4045 2065 4045 2064 4045 2074 4046 2147 4046 2150 4046 2065 4047 2074 4047 2064 4047 2087 4048 2064 4048 2074 4048 2087 4049 2103 4049 2064 4049 2128 4050 2115 4050 2120 4050 2152 4051 2127 4051 2138 4051 2139 4052 2140 4052 2142 4052 2033 4053 2134 4053 2036 4053 2033 4054 2143 4054 2134 4054 2143 4055 2033 4055 383 4055 2143 4056 383 4056 387 4056 2144 4057 2143 4057 387 4057 2144 4058 389 4058 390 4058 2153 4059 390 4059 392 4059 2153 4060 2144 4060 390 4060 2145 4061 2137 4061 2134 4061 2153 4062 392 4062 394 4062 2143 4063 2154 4063 2145 4063 2152 4064 2103 4064 2102 4064 2137 4065 2146 4065 2141 4065 2155 4066 394 4066 395 4066 2155 4067 2153 4067 394 4067 2155 4068 395 4068 397 4068 2153 4069 2148 4069 2154 4069 2155 4070 397 4070 399 4070 2152 4071 2102 4071 2115 4071 2145 4072 2156 4072 2146 4072 2128 4073 2152 4073 2115 4073 2157 4074 2155 4074 399 4074 2148 4075 2153 4075 2155 4075 2157 4076 399 4076 402 4076 2156 4077 2145 4077 2154 4077 2157 4078 402 4078 403 4078 2156 4079 2154 4079 2148 4079 2148 4080 2155 4080 2157 4080 2158 4081 2157 4081 403 4081 2158 4082 403 4082 406 4082 2156 4083 2150 4083 2147 4083 2156 4084 2147 4084 2146 4084 2158 4085 406 4085 408 4085 2151 4086 2156 4086 2148 4086 2152 4087 2064 4087 2103 4087 2147 4088 2142 4088 2146 4088 2158 4089 408 4089 410 4089 2065 4090 2142 4090 2147 4090 2149 4091 2157 4091 2158 4091 2151 4092 2148 4092 2149 4092 410 4093 2068 4093 2158 4093 2061 4094 2149 4094 2158 4094 2068 4095 410 4095 411 4095 2068 4096 411 4096 413 4096 2144 4097 2154 4097 2143 4097 2063 4098 2158 4098 2068 4098 2063 4099 2061 4099 2158 4099 2067 4100 413 4100 415 4100 2067 4101 2068 4101 413 4101 2066 4102 415 4102 242 4102 2066 4103 2067 4103 415 4103 2153 4104 2154 4104 2144 4104 2028 4105 2160 4105 2159 4105 2027 4106 2028 4106 2159 4106 2027 4107 2159 4107 2161 4107 2021 4108 2027 4108 2161 4108 2021 4109 2161 4109 2162 4109 2017 4110 2021 4110 2162 4110 2013 4111 2162 4111 2163 4111 2013 4112 2017 4112 2162 4112 2012 4113 2164 4113 2165 4113 2032 4114 2012 4114 2165 4114 2030 4115 2032 4115 2165 4115 2030 4116 2165 4116 2166 4116 2031 4117 2030 4117 2166 4117 2031 4118 2166 4118 2167 4118 2029 4119 2167 4119 2168 4119 2029 4120 2031 4120 2167 4120 2016 4121 2015 4121 2169 4121 2016 4122 2169 4122 2170 4122 2024 4123 2170 4123 2171 4123 2024 4124 2016 4124 2170 4124 2022 4125 2024 4125 2171 4125 2022 4126 2171 4126 2172 4126 2022 4127 2172 4127 2173 4127 2023 4128 2022 4128 2173 4128 2025 4129 2026 4129 2174 4129 2025 4130 2174 4130 2175 4130 2020 4131 2025 4131 2175 4131 2020 4132 2175 4132 2176 4132 2019 4133 2176 4133 2177 4133 2019 4134 2020 4134 2176 4134 2018 4135 2019 4135 2177 4135 2018 4136 2177 4136 2178 4136 2014 4137 2018 4137 2178 4137 2165 4138 2164 4138 2173 4138 2165 4139 2173 4139 2172 4139 2177 4140 2169 4140 2178 4140 2170 4141 2169 4141 2177 4141 2162 4142 2176 4142 2175 4142 2165 4143 2172 4143 2171 4143 2161 4144 2176 4144 2162 4144 2176 4145 2170 4145 2177 4145 2161 4146 2171 4146 2176 4146 2171 4147 2170 4147 2176 4147 2165 4148 2171 4148 2161 4148 2166 4149 2165 4149 2161 4149 2159 4150 2166 4150 2161 4150 2167 4151 2166 4151 2159 4151 2168 4152 2167 4152 2159 4152 2160 4153 2168 4153 2159 4153 2162 4154 2174 4154 2163 4154 2162 4155 2175 4155 2174 4155 2026 4156 2013 4156 2174 4156 2013 4157 2163 4157 2174 4157 2029 4158 2168 4158 2028 4158 2028 4159 2168 4159 2160 4159 2023 4160 2173 4160 2012 4160 2012 4161 2173 4161 2164 4161 2015 4162 2014 4162 2169 4162 2014 4163 2178 4163 2169 4163 2179 4164 2180 4164 2181 4164 837 4165 2184 4165 956 4165 2186 4166 2182 4166 2183 4166 2179 4167 2187 4167 2180 4167 2186 4168 2183 4168 2188 4168 851 4169 2184 4169 837 4169 882 4170 2185 4170 2189 4170 2190 4171 2187 4171 2179 4171 851 4172 2191 4172 2184 4172 2186 4173 2188 4173 2192 4173 849 4174 882 4174 2189 4174 2193 4175 2186 4175 2192 4175 2190 4176 2194 4176 2187 4176 2195 4177 2193 4177 2192 4177 2196 4178 2194 4178 2190 4178 2195 4179 2192 4179 2197 4179 2198 4180 2199 4180 2200 4180 2196 4181 2201 4181 2194 4181 2202 4182 2195 4182 2197 4182 2203 4183 2198 4183 2200 4183 872 4184 2191 4184 851 4184 2204 4185 2201 4185 2196 4185 2202 4186 2197 4186 2205 4186 2206 4187 2202 4187 2205 4187 2206 4188 2205 4188 2207 4188 872 4189 2208 4189 2191 4189 2204 4190 2209 4190 2201 4190 2210 4191 2203 4191 2200 4191 953 4192 849 4192 2189 4192 2211 4193 2206 4193 2207 4193 2212 4194 2209 4194 2204 4194 2213 4195 2211 4195 2207 4195 2210 4196 2200 4196 2214 4196 2198 4197 2215 4197 2199 4197 2212 4198 2216 4198 2209 4198 953 4199 2189 4199 2217 4199 892 4200 2218 4200 2208 4200 892 4201 2208 4201 872 4201 2219 4202 2215 4202 2198 4202 2220 4203 2211 4203 2213 4203 2221 4204 2211 4204 2220 4204 2222 4205 2216 4205 2212 4205 759 4206 2216 4206 2222 4206 936 4207 953 4207 2217 4207 2223 4208 2210 4208 2214 4208 907 4209 2224 4209 2221 4209 907 4210 2221 4210 2220 4210 2223 4211 2214 4211 2225 4211 936 4212 2217 4212 2226 4212 2219 4213 2227 4213 2215 4213 745 4214 2222 4214 2228 4214 745 4215 759 4215 2222 4215 911 4216 2224 4216 907 4216 911 4217 2229 4217 2224 4217 2230 4218 2227 4218 2219 4218 924 4219 2218 4219 892 4219 2231 4220 2223 4220 2225 4220 924 4221 2232 4221 2218 4221 912 4222 936 4222 2226 4222 2230 4223 2233 4223 2227 4223 745 4224 2228 4224 2234 4224 912 4225 2226 4225 2235 4225 944 4226 2232 4226 924 4226 820 4227 745 4227 2234 4227 925 4228 2229 4228 911 4228 894 4229 912 4229 2235 4229 925 4230 2236 4230 2229 4230 2231 4231 2225 4231 2237 4231 820 4232 2234 4232 2238 4232 880 4233 894 4233 2235 4233 944 4234 2239 4234 2232 4234 951 4235 820 4235 2238 4235 880 4236 2235 4236 2240 4236 845 4237 2239 4237 944 4237 934 4238 2236 4238 925 4238 2241 4239 2233 4239 2230 4239 2241 4240 2242 4240 2233 4240 866 4241 880 4241 2240 4241 934 4242 2243 4242 2236 4242 2244 4243 2237 4243 2245 4243 2244 4244 2231 4244 2237 4244 866 4245 2240 4245 2239 4245 845 4246 866 4246 2239 4246 945 4247 2243 4247 934 4247 932 4248 951 4248 2238 4248 932 4249 2238 4249 2246 4249 2241 4250 2247 4250 2242 4250 2248 4251 2244 4251 2245 4251 916 4252 932 4252 2246 4252 2181 4253 2247 4253 2241 4253 956 4254 2243 4254 945 4254 2248 4255 2245 4255 2249 4255 916 4256 2246 4256 2185 4256 2181 4257 2180 4257 2247 4257 956 4258 2184 4258 2243 4258 882 4259 916 4259 2185 4259 2182 4260 2248 4260 2249 4260 2182 4261 2249 4261 2183 4261 2254 4262 2251 4262 1498 4262 2255 4263 2279 4263 2253 4263 1037 4264 1036 4264 2252 4264 2254 4265 2250 4265 2251 4265 2256 4266 907 4266 2220 4266 2256 4267 906 4267 907 4267 999 4268 2255 4268 2253 4268 2257 4269 2250 4269 2254 4269 2257 4270 2252 4270 2250 4270 971 4271 906 4271 2256 4271 2257 4272 1037 4272 2252 4272 973 4273 2256 4273 2220 4273 970 4274 1037 4274 2257 4274 2258 4275 1498 4275 1503 4275 2258 4276 2254 4276 1498 4276 969 4277 970 4277 2257 4277 973 4278 971 4278 2256 4278 2213 4279 973 4279 2220 4279 2260 4280 2254 4280 2258 4280 2259 4281 999 4281 2253 4281 2260 4282 2257 4282 2254 4282 1317 4283 969 4283 2257 4283 1317 4284 2257 4284 2260 4284 979 4285 973 4285 2213 4285 1009 4286 999 4286 2259 4286 2207 4287 979 4287 2213 4287 986 4288 979 4288 2207 4288 2262 4289 2207 4289 2205 4289 2263 4290 1009 4290 2259 4290 2262 4291 2205 4291 2261 4291 1015 4292 1009 4292 2263 4292 2262 4293 986 4293 2207 4293 2261 4294 995 4294 2262 4294 2261 4295 1008 4295 995 4295 2266 4296 1018 4296 1015 4296 2266 4297 1023 4297 1018 4297 2264 4298 1019 4298 1008 4298 2264 4299 1008 4299 2261 4299 2267 4300 1015 4300 2263 4300 2266 4301 1025 4301 1023 4301 2267 4302 2266 4302 1015 4302 1019 4303 2264 4303 2265 4303 2268 4304 1019 4304 2265 4304 2269 4305 2266 4305 2267 4305 2270 4306 2268 4306 2265 4306 1025 4307 2266 4307 2269 4307 2272 4308 1025 4308 2269 4308 2271 4309 2270 4309 2265 4309 1040 4310 2270 4310 2271 4310 2273 4311 2267 4311 1436 4311 2273 4312 2269 4312 2267 4312 963 4313 1040 4313 2271 4313 2274 4314 963 4314 2271 4314 966 4315 963 4315 2274 4315 975 4316 2274 4316 2275 4316 975 4317 966 4317 2274 4317 1032 4318 1025 4318 2272 4318 2276 4319 975 4319 2275 4319 2277 4320 2269 4320 2273 4320 1489 4321 2273 4321 1436 4321 2277 4322 2272 4322 2269 4322 2251 4323 2273 4323 1489 4323 2278 4324 2276 4324 2275 4324 2279 4325 2278 4325 2275 4325 989 4326 2276 4326 2278 4326 2252 4327 2272 4327 2277 4327 2252 4328 1032 4328 2272 4328 2251 4329 2277 4329 2273 4329 2252 4330 1036 4330 1032 4330 2250 4331 2277 4331 2251 4331 2279 4332 989 4332 2278 4332 2255 4333 989 4333 2279 4333 1498 4334 2251 4334 1489 4334 2250 4335 2252 4335 2277 4335 2280 4336 2290 4336 2285 4336 2281 4337 2284 4337 2286 4337 2286 4338 2284 4338 2287 4338 2291 4339 2280 4339 2281 4339 2281 4340 2285 4340 2284 4340 2285 4341 1407 4341 1412 4341 2283 4342 2282 4342 2288 4342 793 4343 791 4343 2290 4343 1458 4344 795 4344 2291 4344 1457 4345 2281 4345 2286 4345 2290 4346 1413 4346 1407 4346 1608 4347 2289 4347 1612 4347 2285 4348 1412 4348 2282 4348 2290 4349 791 4349 1413 4349 1457 4350 1458 4350 2281 4350 1458 4351 2291 4351 2281 4351 2280 4352 2285 4352 2281 4352 1612 4353 2288 4353 1422 4353 2287 4354 2289 4354 1608 4354 1612 4355 1422 4355 1426 4355 2291 4356 2290 4356 2280 4356 2291 4357 793 4357 2290 4357 2285 4358 2290 4358 1407 4358 2287 4359 1461 4359 2286 4359 2284 4360 2285 4360 2282 4360 2287 4361 2284 4361 2282 4361 1461 4362 2287 4362 1608 4362 2288 4363 1418 4363 1422 4363 1612 4364 2289 4364 2288 4364 795 4365 793 4365 2291 4365 2287 4366 2282 4366 2283 4366 2287 4367 2283 4367 2289 4367 2289 4368 2283 4368 2288 4368 1426 4369 1422 4369 1424 4369 1428 4370 1432 4370 1438 4370 1427 4371 1432 4371 1428 4371 2216 4372 762 4372 2292 4372 2216 4373 759 4373 762 4373 2209 4374 2292 4374 2293 4374 2209 4375 2216 4375 2292 4375 2201 4376 2209 4376 2293 4376 2201 4377 2293 4377 2294 4377 2194 4378 2201 4378 2294 4378 2194 4379 2294 4379 2295 4379 2187 4380 2194 4380 2295 4380 2187 4381 2295 4381 2296 4381 2187 4382 2296 4382 2297 4382 2180 4383 2187 4383 2297 4383 2180 4384 2297 4384 2298 4384 2247 4385 2298 4385 2299 4385 2247 4386 2180 4386 2298 4386 2242 4387 2247 4387 2299 4387 2242 4388 2299 4388 2300 4388 2233 4389 2242 4389 2300 4389 2233 4390 2300 4390 2301 4390 2227 4391 2233 4391 2301 4391 2227 4392 2301 4392 2302 4392 2215 4393 2227 4393 2302 4393 2215 4394 2302 4394 2303 4394 2199 4395 2215 4395 2303 4395 2199 4396 2303 4396 2304 4396 2200 4397 2199 4397 2304 4397 2214 4398 2200 4398 2304 4398 2214 4399 2304 4399 2305 4399 2225 4400 2305 4400 2306 4400 2225 4401 2214 4401 2305 4401 2237 4402 2225 4402 2306 4402 2237 4403 2306 4403 2307 4403 2245 4404 2237 4404 2307 4404 2245 4405 2307 4405 2308 4405 2249 4406 2245 4406 2308 4406 2249 4407 2308 4407 2309 4407 2183 4408 2249 4408 2309 4408 2183 4409 2309 4409 2310 4409 2188 4410 2183 4410 2310 4410 2188 4411 2310 4411 2311 4411 2192 4412 2188 4412 2311 4412 2192 4413 2311 4413 2312 4413 2197 4414 2192 4414 2312 4414 2197 4415 2312 4415 2261 4415 2205 4416 2197 4416 2261 4416 2261 4417 2312 4417 2264 4417 2265 4418 2264 4418 2312 4418 2265 4419 2312 4419 2311 4419 2265 4420 2311 4420 2310 4420 2271 4421 2265 4421 2310 4421 2271 4422 2310 4422 2309 4422 2274 4423 2271 4423 2309 4423 2274 4424 2309 4424 2308 4424 2275 4425 2274 4425 2308 4425 2279 4426 2275 4426 2307 4426 2275 4427 2308 4427 2307 4427 2253 4428 2279 4428 2307 4428 2253 4429 2307 4429 2306 4429 2259 4430 2253 4430 2306 4430 2259 4431 2306 4431 2305 4431 2263 4432 2259 4432 2304 4432 2259 4433 2305 4433 2304 4433 2313 4434 2267 4434 2304 4434 2267 4435 2263 4435 2304 4435 2313 4436 2304 4436 2303 4436 2313 4437 2303 4437 2302 4437 2313 4438 2302 4438 2301 4438 2313 4439 2301 4439 2300 4439 2313 4440 2300 4440 2299 4440 2292 4441 762 4441 769 4441 2313 4442 2299 4442 2314 4442 2299 4443 2298 4443 2314 4443 2298 4444 2297 4444 2314 4444 2297 4445 2296 4445 2314 4445 2296 4446 2295 4446 2314 4446 2293 4447 2292 4447 769 4447 2293 4448 769 4448 776 4448 2293 4449 776 4449 778 4449 2294 4450 2293 4450 778 4450 2294 4451 778 4451 780 4451 2295 4452 2294 4452 780 4452 2295 4453 780 4453 785 4453 2314 4454 2295 4454 785 4454 2314 4455 785 4455 787 4455 2314 4456 787 4456 788 4456 2314 4457 788 4457 790 4457 1428 4458 2314 4458 790 4458 1428 4459 790 4459 792 4459 1428 4460 792 4460 794 4460 1438 4461 2313 4461 1428 4461 2313 4462 2314 4462 1428 4462 1436 4463 2267 4463 1438 4463 2267 4464 2313 4464 1438 4464 2212 4465 2360 4465 2315 4465 2184 4466 2348 4466 2316 4466 2222 4467 2212 4467 2315 4467 2222 4468 2315 4468 2317 4468 2243 4469 2184 4469 2316 4469 2228 4470 2222 4470 2317 4470 2228 4471 2317 4471 2318 4471 2243 4472 2316 4472 2319 4472 2236 4473 2243 4473 2319 4473 2236 4474 2319 4474 2320 4474 2234 4475 2228 4475 2318 4475 2234 4476 2318 4476 2321 4476 2229 4477 2236 4477 2320 4477 2238 4478 2234 4478 2321 4478 2229 4479 2320 4479 2322 4479 2238 4480 2321 4480 2323 4480 2238 4481 2323 4481 2324 4481 2229 4482 2322 4482 2325 4482 2246 4483 2238 4483 2324 4483 2224 4484 2229 4484 2325 4484 2224 4485 2325 4485 2326 4485 2246 4486 2324 4486 2327 4486 2221 4487 2224 4487 2326 4487 2185 4488 2246 4488 2327 4488 2185 4489 2327 4489 2328 4489 2211 4490 2221 4490 2326 4490 2189 4491 2185 4491 2328 4491 2211 4492 2326 4492 2329 4492 2206 4493 2211 4493 2329 4493 2189 4494 2328 4494 2330 4494 2206 4495 2329 4495 2331 4495 2217 4496 2189 4496 2330 4496 2202 4497 2206 4497 2331 4497 2217 4498 2330 4498 2332 4498 2202 4499 2331 4499 2333 4499 2226 4500 2217 4500 2332 4500 2195 4501 2202 4501 2333 4501 2226 4502 2332 4502 2334 4502 2195 4503 2333 4503 2335 4503 2193 4504 2195 4504 2335 4504 2235 4505 2226 4505 2334 4505 2235 4506 2334 4506 2336 4506 2193 4507 2335 4507 2337 4507 2186 4508 2193 4508 2337 4508 2240 4509 2235 4509 2336 4509 2240 4510 2336 4510 2338 4510 2186 4511 2337 4511 2339 4511 2182 4512 2186 4512 2339 4512 2239 4513 2240 4513 2338 4513 2239 4514 2338 4514 2340 4514 2182 4515 2339 4515 2341 4515 2248 4516 2182 4516 2341 4516 2232 4517 2239 4517 2340 4517 2248 4518 2341 4518 2342 4518 2232 4519 2340 4519 2343 4519 2244 4520 2248 4520 2342 4520 2218 4521 2343 4521 2344 4521 2218 4522 2232 4522 2343 4522 2231 4523 2342 4523 2345 4523 2231 4524 2244 4524 2342 4524 2231 4525 2345 4525 2346 4525 2208 4526 2344 4526 2347 4526 2208 4527 2218 4527 2344 4527 2223 4528 2231 4528 2346 4528 2191 4529 2208 4529 2347 4529 2210 4530 2223 4530 2346 4530 2191 4531 2347 4531 2348 4531 2210 4532 2346 4532 2349 4532 2203 4533 2349 4533 2350 4533 2203 4534 2210 4534 2349 4534 2184 4535 2191 4535 2348 4535 2198 4536 2203 4536 2350 4536 2198 4537 2350 4537 2351 4537 2219 4538 2351 4538 2352 4538 2219 4539 2198 4539 2351 4539 2230 4540 2219 4540 2352 4540 2230 4541 2352 4541 2353 4541 2241 4542 2230 4542 2353 4542 2241 4543 2353 4543 2354 4543 2241 4544 2354 4544 2355 4544 2181 4545 2241 4545 2355 4545 2179 4546 2355 4546 2356 4546 2179 4547 2181 4547 2355 4547 2179 4548 2356 4548 2357 4548 2190 4549 2179 4549 2357 4549 2190 4550 2357 4550 2358 4550 2196 4551 2190 4551 2358 4551 2196 4552 2358 4552 2359 4552 2204 4553 2196 4553 2359 4553 2204 4554 2359 4554 2360 4554 2212 4555 2204 4555 2360 4555 2343 4556 2340 4556 2338 4556 2343 4557 2338 4557 2336 4557 2343 4558 2336 4558 2334 4558 2344 4559 2343 4559 2334 4559 2344 4560 2334 4560 2332 4560 2328 4561 2344 4561 2332 4561 2328 4562 2332 4562 2330 4562 2328 4563 2347 4563 2344 4563 2348 4564 2347 4564 2328 4564 2324 4565 2328 4565 2327 4565 2324 4566 2348 4566 2328 4566 2324 4567 2316 4567 2348 4567 2319 4568 2316 4568 2324 4568 2320 4569 2323 4569 2321 4569 2320 4570 2319 4570 2324 4570 2320 4571 2324 4571 2323 4571 2318 4572 2320 4572 2321 4572 2322 4573 2320 4573 2318 4573 2325 4574 2322 4574 2318 4574 2317 4575 2325 4575 2318 4575 2329 4576 2326 4576 2325 4576 2329 4577 2325 4577 2317 4577 2329 4578 2315 4578 2360 4578 2329 4579 2317 4579 2315 4579 2359 4580 2329 4580 2360 4580 2331 4581 2329 4581 2359 4581 2358 4582 2331 4582 2359 4582 2335 0 2333 0 2331 0 2356 4583 2331 4583 2358 4583 2356 4584 2358 4584 2357 4584 2355 4585 2335 4585 2331 4585 2355 4586 2331 4586 2356 4586 2355 4587 2337 4587 2335 4587 2341 4588 2339 4588 2337 4588 2342 4589 2341 4589 2337 4589 2353 4590 2337 4590 2355 4590 2353 4591 2342 4591 2337 4591 2353 4592 2355 4592 2354 4592 2345 4593 2342 4593 2353 4593 2350 4594 2345 4594 2353 4594 2350 4595 2346 4595 2345 4595 2350 4596 2353 4596 2352 4596 2350 4597 2352 4597 2351 4597 2350 4598 2349 4598 2346 4598 2361 4599 35 4599 27 4599 2362 4600 2363 4600 34 4600 2363 4601 2361 4601 27 4601 2363 4602 27 4602 34 4602 2364 4603 2362 4603 2 4603 2362 4604 34 4604 2 4604 2365 4605 2364 4605 11 4605 2364 4606 2 4606 11 4606 2366 4607 2365 4607 21 4607 2365 4608 11 4608 21 4608 2366 4609 21 4609 18 4609 2367 4610 2366 4610 18 4610 2367 4611 18 4611 17 4611 2368 4612 2367 4612 17 4612 2368 4613 17 4613 35 4613 2361 4614 2368 4614 35 4614 2365 4615 2366 4615 2364 4615 2366 0 2367 0 2364 0 2364 4616 2367 4616 2362 4616 2367 0 2368 0 2362 0 2362 0 2368 0 2363 0 2368 0 2361 0 2363 0 2369 4617 24 4617 32 4617 2370 4618 2371 4618 0 4618 2371 4619 2369 4619 32 4619 2371 4620 32 4620 0 4620 2372 4621 2370 4621 6 4621 2370 4604 0 4604 6 4604 2373 4622 2372 4622 8 4622 2372 4623 6 4623 8 4623 2373 4624 8 4624 37 4624 2374 4625 2373 4625 37 4625 2374 4626 37 4626 30 4626 2375 4627 2374 4627 30 4627 2375 4628 30 4628 25 4628 2376 4629 2375 4629 25 4629 2376 4630 25 4630 24 4630 2369 4631 2376 4631 24 4631 2373 4632 2374 4632 2372 4632 2374 0 2375 0 2372 0 2372 0 2375 0 2370 0 2375 0 2376 0 2370 0 2370 0 2376 0 2371 0 2376 0 2369 0 2371 0</p>
        </triangles>
      </mesh>
    </geometry>
  </library_geometries>
  <library_visual_scenes>
    <visual_scene id="Scene" name="Scene">
      <node id="link_1" name="link_1" type="NODE">
        <matrix sid="transform">1 0 0 0 0 1 0 0 0 0 1 0 0 0 0 1</matrix>
        <instance_geometry url="#link_1-mesh" name="link_1">
          <bind_material>
            <technique_common>
              <instance_material symbol="link_01_part_000_mtl-material" target="#link_01_part_000_mtl-material"/>
            </technique_common>
          </bind_material>
        </instance_geometry>
      </node>
      <node id="Lamp" name="Lamp" type="NODE">
        <matrix sid="transform">-0.2908646 -0.7711008 0.5663933 4.076245 0.9551712 -0.1998833 0.2183912 1.005454 -0.05518904 0.6045247 0.7946723 5.903862 0 0 0 1</matrix>
        <instance_light url="#Lamp-light"/>
      </node>
      <node id="Camera" name="Camera" type="NODE">
        <matrix sid="transform">0.6859207 -0.3240135 0.6515582 7.481132 0.7276763 0.3054209 -0.6141704 -6.50764 -4.01133e-9 0.8953956 0.4452714 5.343665 0 0 0 1</matrix>
        <instance_camera url="#Camera-camera"/>
      </node>
    </visual_scene>
  </library_visual_scenes>
  <scene>
    <instance_visual_scene url="#Scene"/>
  </scene>
</COLLADA>