<?xml version="1.0" encoding="utf-8"?>
<COLLADA xmlns="http://www.collada.org/2005/11/COLLADASchema" version="1.4.1" xmlns:xsi="http://www.w3.org/2001/XMLSchema-instance">
  <asset>
    <contributor>
      <author>Blender User</author>
      <authoring_tool>Blender 2.82.7</authoring_tool>
    </contributor>
    <created>2023-09-18T16:35:44</created>
    <modified>2023-09-18T16:35:44</modified>
    <unit name="meter" meter="1"/>
    <up_axis>Z_UP</up_axis>
  </asset>
  <library_cameras>
    <camera id="Camera-camera" name="Camera.013">
      <optics>
        <technique_common>
          <perspective>
            <xfov sid="xfov">49.13434</xfov>
            <aspect_ratio>1.777778</aspect_ratio>
            <znear sid="znear">0.1</znear>
            <zfar sid="zfar">100</zfar>
          </perspective>
        </technique_common>
      </optics>
      <extra>
        <technique profile="blender">
          <shiftx sid="shiftx" type="float">0</shiftx>
          <shifty sid="shifty" type="float">0</shifty>
          <dof_distance sid="dof_distance" type="float">10</dof_distance>
        </technique>
      </extra>
    </camera>
  </library_cameras>
  <library_lights>
    <light id="Lamp-light" name="Lamp.012">
      <technique_common>
        <point>
          <color sid="color">1 1 1</color>
          <constant_attenuation>1</constant_attenuation>
          <linear_attenuation>0</linear_attenuation>
          <quadratic_attenuation>0.00111109</quadratic_attenuation>
        </point>
      </technique_common>
      <extra>
        <technique profile="blender">
          <type sid="type" type="int">0</type>
          <flag sid="flag" type="int">0</flag>
          <mode sid="mode" type="int">8192</mode>
          <gamma sid="blender_gamma" type="float">1</gamma>
          <red sid="red" type="float">1</red>
          <green sid="green" type="float">1</green>
          <blue sid="blue" type="float">1</blue>
          <shadow_r sid="blender_shadow_r" type="float">0</shadow_r>
          <shadow_g sid="blender_shadow_g" type="float">0</shadow_g>
          <shadow_b sid="blender_shadow_b" type="float">0</shadow_b>
          <energy sid="blender_energy" type="float">1</energy>
          <dist sid="blender_dist" type="float">29.99998</dist>
          <spotsize sid="spotsize" type="float">75</spotsize>
          <spotblend sid="spotblend" type="float">0.15</spotblend>
          <att1 sid="att1" type="float">0</att1>
          <att2 sid="att2" type="float">1</att2>
          <falloff_type sid="falloff_type" type="int">2</falloff_type>
          <clipsta sid="clipsta" type="float">1.000799</clipsta>
          <clipend sid="clipend" type="float">30.002</clipend>
          <bias sid="bias" type="float">1</bias>
          <soft sid="soft" type="float">3</soft>
          <bufsize sid="bufsize" type="int">2880</bufsize>
          <samp sid="samp" type="int">3</samp>
          <buffers sid="buffers" type="int">1</buffers>
          <area_shape sid="area_shape" type="int">1</area_shape>
          <area_size sid="area_size" type="float">0.1</area_size>
          <area_sizey sid="area_sizey" type="float">0.1</area_sizey>
          <area_sizez sid="area_sizez" type="float">1</area_sizez>
        </technique>
      </extra>
    </light>
  </library_lights>
  <library_effects>
    <effect id="link_06_part_000_mtl-effect">
      <profile_COMMON>
        <technique sid="common">
          <lambert>
            <emission>
              <color sid="emission">0 0 0 1</color>
            </emission>
            <diffuse>
              <color sid="diffuse">0.6 0.6 0.6 1</color>
            </diffuse>
            <index_of_refraction>
              <float sid="ior">1</float>
            </index_of_refraction>
          </lambert>
        </technique>
      </profile_COMMON>
    </effect>
  </library_effects>
  <library_images/>
  <library_materials>
    <material id="link_06_part_000_mtl-material" name="link_06_part_000_mtl">
      <instance_effect url="#link_06_part_000_mtl-effect"/>
    </material>
  </library_materials>
  <library_geometries>
    <geometry id="link_6-mesh" name="link_6">
      <mesh>
        <source id="link_6-mesh-positions">
          <float_array id="link_6-mesh-positions-array" count="2259">-0.01350653 0.01012277 -0.01726901 -0.01350653 0.008124411 -0.01829499 -0.01350653 0.003846704 -0.01964545 -0.01350653 0.006023824 -0.01909041 -0.01350653 0.01199334 -0.0160256 -0.01350653 0.001621723 -0.01995295 -0.01350653 -6.24232e-4 -0.02000898 -0.01350653 0.01371264 -0.01458048 -0.01350653 0.01525938 -0.01295161 -0.01350653 -0.002860844 -0.01981312 -0.01350653 -0.00506258 -0.01936757 -0.01350653 0.01775872 -0.009226918 -0.01350653 -0.007199823 -0.0186783 -0.01350653 0.01661396 -0.01115924 -0.01350653 -0.009246528 -0.01775377 -0.01350653 0.01936548 -0.005038976 -0.01350653 0.01867991 -0.007177889 -0.01350653 -0.01117694 -0.01660555 -0.01350653 0.01980704 -0.002836346 -0.01350653 -0.01296627 -0.01524835 -0.01350653 -0.01459282 -0.01369851 -0.01350653 0.01993858 0.001647353 -0.01350653 0.01999884 -5.98265e-4 -0.01350653 -0.01603442 -0.01197731 -0.01350653 0.01962697 0.003872036 -0.01350653 -0.01727467 -0.01010453 -0.01350653 0.01906788 0.006048023 -0.01350653 -0.01829689 -0.008105099 -0.01350653 -0.01908868 -0.006003499 -0.01350653 0.01826834 0.008147478 -0.01350653 0.01723861 0.01014387 -0.01350653 -0.01963996 -0.00382626 -0.01350653 0.01599127 0.01201272 -0.01350653 -0.01994377 -0.001601219 -0.01350653 -0.01999628 6.43575e-4 -0.01350653 0.01416206 0.01414 -0.01350653 0.01203292 0.01597326 -0.01350653 -0.01979684 0.002880454 -0.01350653 0.01016533 0.01722127 -0.01350653 0.007656216 0.01848757 -0.01350653 -0.01803272 0.0086748 -0.01350653 -0.01919841 0.005664706 -0.01350653 0.004989504 0.01936393 -0.01350653 -0.01668471 0.01102977 -0.01350653 -0.01533693 0.01283663 -0.01350653 0.002294778 0.01987552 -0.01350653 -0.01379412 0.01448059 -0.01350653 -0.001009941 0.01998299 -0.01350653 -0.003908812 0.0196107 -0.01350653 -0.0120759 0.01594078 -0.01350653 -0.01020383 0.01719856 -0.01350653 -0.006094157 0.01904553 -0.01350653 -0.008201122 0.01823818 -5.06271e-4 -0.008988618 -0.01788604 -5.06248e-4 -0.01094502 -0.01675963 -5.06219e-4 -0.01276201 -0.01542001 -5.09131e-4 -0.0186851 0.007148563 -5.06707e-4 -0.01800543 0.00869435 -5.06197e-4 -0.01441687 -0.013884 -5.06685e-4 -0.01714676 0.01029789 -5.06175e-4 -0.01588773 -0.0121718 -5.06738e-4 -0.01585078 0.01219719 -5.06148e-4 -0.01715666 -0.01030433 -5.06765e-4 -0.01434612 0.01393455 -5.06137e-4 -0.01820731 -0.008305311 -5.06797e-4 -0.01265281 0.01548731 -5.06122e-4 -0.01902586 -0.006201028 -5.06814e-4 -0.01079249 0.0168358 -5.06097e-4 -0.01960206 -0.004018187 -5.06077e-4 -0.01992869 -0.001784145 -5.0681e-4 -0.008789062 0.01796251 -5.0606e-4 -0.02000153 4.72368e-4 -5.06796e-4 -0.006670057 0.01885181 -5.06042e-4 -0.01981961 0.002722859 -5.06765e-4 -0.00446403 0.01949208 -5.06023e-4 -0.01938539 0.004938364 -0.00350666 -4.93874e-4 0.01998215 -5.00427e-4 -0.002280175 0.01986044 -5.06707e-4 -4.93874e-4 0.01998215 -5.02184e-4 0.002299129 0.01985865 -0.00350362 4.93603e-4 0.01998472 -5.06707e-4 4.93797e-4 0.01998215 -5.06957e-4 0.00445187 0.01949459 -5.09804e-4 0.006585121 0.01888138 -5.06902e-4 0.008637905 0.01803547 -5.06885e-4 0.01061594 0.0169475 -5.06864e-4 0.01245862 0.01564383 -5.06837e-4 0.01414322 0.01414024 -5.06819e-4 0.01564705 0.01245743 -5.06797e-4 0.01695215 0.01061522 -5.06775e-4 0.01804137 0.008637845 -5.0675e-4 0.01890099 0.006550014 -5.06723e-4 0.01951986 0.004379034 -5.06703e-4 0.01989018 0.002152144 -5.06679e-4 0.02000731 -1.0222e-4 -5.06657e-4 0.01986968 -0.002355575 -5.06634e-4 0.01947909 -0.004579067 -5.06612e-4 0.01884055 -0.006744444 -5.06586e-4 0.01796203 -0.00882411 -5.06568e-4 0.01685488 -0.01079154 -5.06545e-4 0.01553297 -0.01262193 -5.0651e-4 0.01401376 -0.01429122 -5.06494e-4 0.0123158 -0.01577907 -5.06476e-4 0.01046049 -0.01706647 -5.06444e-4 0.008472323 -0.01813644 -5.0642e-4 0.006376802 -0.01897543 -5.06387e-4 0.00420022 -0.01957297 -5.06367e-4 0.001969575 -0.01992166 -5.0633e-4 -2.85218e-4 -0.02001678 -5.06322e-4 -0.002537667 -0.01985728 -5.06309e-4 -0.004758715 -0.01944464 -5.06294e-4 -0.006917476 -0.01878494 -6.70448e-6 -0.01736241 0.008880734 -6.69298e-6 -0.01847463 0.006290674 -6.70573e-6 -0.01623368 0.01080489 -6.70675e-6 -0.01489329 0.01258677 -6.70639e-6 -0.01335823 0.01420426 -6.70496e-6 -0.0116477 0.01563662 -6.70508e-6 -0.009785056 0.01686406 -6.70514e-6 -0.007795512 0.01787048 -6.70532e-6 -0.005703032 0.01864361 -6.70555e-6 -0.003535866 0.01917278 -6.68833e-6 -0.001400232 0.01944428 -6.2627e-6 2.9256e-7 0.01949071 -6.70794e-6 0.001995861 0.0193932 -6.70836e-6 0.00419116 0.01903992 -6.70818e-6 0.006422698 0.01841086 -6.70692e-6 0.008563518 0.0175153 -6.70752e-6 0.01050293 0.01642662 -6.70788e-6 0.01230555 0.01512455 -6.70669e-6 0.01394808 0.01362591 -6.70752e-6 0.01540899 0.01195061 -6.70627e-6 0.01667028 0.01011925 -6.70639e-6 0.01771467 0.008156895 -6.70651e-6 0.01852893 0.006088674 -6.70669e-6 0.01910263 0.003941237 -6.70687e-6 0.01942831 0.001742482 -6.708e-6 0.01950174 -4.78724e-4 -6.70728e-6 0.01932197 -0.002694308 -6.70752e-6 0.01889151 -0.004874587 -6.70788e-6 0.01821583 -0.006991505 -6.70806e-6 0.01730382 -0.009017944 -6.70824e-6 0.01616686 -0.01092809 -6.70931e-6 0.01482075 -0.01269549 -6.70847e-6 0.01328259 -0.01429826 -6.70937e-6 0.01157134 -0.01571637 -6.708e-6 0.009710073 -0.01693052 -6.70967e-6 0.007724046 -0.0179246 -6.7077e-6 0.005636632 -0.01868689 -6.70859e-6 0.003476381 -0.0192067 -6.70919e-6 0.001271009 -0.01947748 -6.70877e-6 -9.51281e-4 -0.01949572 -6.708e-6 -0.003161847 -0.019261 -6.70812e-6 -0.005330264 -0.01877653 -6.70782e-6 -0.007430791 -0.01804816 -6.70758e-6 -0.009433448 -0.01708626 -6.70728e-6 -0.01131469 -0.01590216 -6.70687e-6 -0.01304835 -0.01451236 -6.70776e-6 -0.01461356 -0.01293349 -6.70651e-6 -0.01598858 -0.01118731 -6.70633e-6 -0.017156 -0.009296059 -6.70639e-6 -0.01810091 -0.007283866 -6.70651e-6 -0.01881086 -0.005176901 -6.70657e-6 -0.01927638 -0.003003001 -6.70782e-6 -0.01949155 -7.90149e-4 -6.70812e-6 -0.01945352 0.001433014 -6.7077e-6 -0.01916271 0.003637433 -0.006006598 0.009997844 4.20989e-4 -0.006006598 0.009799003 0.002019047 -0.006006598 0.008252382 -0.005671977 -0.006006598 0.009218513 -0.003939509 -0.006006598 -8.34614e-4 0.009960949 -0.006006598 -0.002787172 0.009613752 -0.006006598 -0.008011221 -0.006030738 -0.006006598 0.004016458 -0.009180545 -0.006006598 0.005493164 -0.008376181 -0.006006598 0.002004146 -0.009829521 -0.006006598 -0.005010068 0.008666813 -0.006006598 0.009218811 0.003915965 -0.006006598 -0.006941616 0.007215321 -0.006006598 -0.009218871 -0.003938853 -0.006006598 -0.008252441 0.005649149 -0.006006598 0.002689301 0.009636759 -0.006006598 -0.009799122 -0.002041876 -0.006006598 0.007010936 -0.007164478 -0.006006598 0.008219122 0.005697309 -0.006006598 -0.009997904 -4.43815e-4 -0.006006598 -0.001506447 -0.009907662 -0.006006598 0.007148921 0.006995558 -0.006006598 1.00623e-4 -0.01001554 -0.006006598 -0.009890794 0.001596271 -0.006006598 0.005873084 0.008091092 -0.006006598 -0.003072559 -0.00953257 -0.006006598 -0.004497349 -0.008951127 -0.006006598 -0.009218573 0.00391668 -0.006006598 0.004497289 0.008928298 -0.006006598 0.009890735 -0.0016191 -0.006006598 -0.005597412 -0.00829792 -0.006006598 -0.006614267 -0.007521152 -0.006006598 7.75835e-4 0.009965658 -5.09453e-4 -0.009102106 0.004148066 -5.07316e-4 -0.008308827 0.005566716 -5.07335e-4 -0.007308244 0.006825327 -5.07347e-4 -0.006118476 0.007907867 -5.07355e-4 -0.004771351 0.008785426 -5.07353e-4 -0.003300964 0.009435951 -5.07347e-4 -0.001745641 0.009842634 -5.07332e-4 -1.44407e-4 0.009994983 -5.07308e-4 0.001460313 0.009888887 -5.06707e-4 0.002685189 0.009621143 -5.07273e-4 0.003875672 0.009214937 -5.07298e-4 0.005303561 0.008475005 -5.11817e-4 0.006858587 0.0072878 -5.07114e-4 0.008144855 0.005802989 -5.07053e-4 0.008970916 0.004423379 -5.06985e-4 0.009565532 0.002928972 -5.06911e-4 0.009913027 0.001358449 -5.06831e-4 0.0100044 -2.47648e-4 -5.06747e-4 0.009837269 -0.001847684 -5.06707e-4 0.009516596 -0.003082334 -5.09453e-4 0.009102046 -0.004170894 -5.07317e-4 0.008308768 -0.005589544 -5.07336e-4 0.007308185 -0.006848156 -5.04193e-4 0.006084024 -0.007960557 -5.06987e-4 0.004684627 -0.008854508 -5.09759e-4 0.003250718 -0.009473204 -5.06707e-4 0.002098739 -0.009788513 -5.07144e-4 8.48986e-4 -0.009982645 -5.11835e-4 -0.001114368 -0.009965181 -5.06707e-4 -0.002685308 -0.009643971 -5.07273e-4 -0.003875792 -0.009237766 -5.09828e-4 -0.005259394 -0.008522152 -5.07187e-4 -0.006519436 -0.007603764 -5.07143e-4 -0.00765115 -0.006461739 -5.07079e-4 -0.008585512 -0.00515294 -5.07019e-4 -0.009298384 -0.003710865 -5.06947e-4 -0.009770989 -0.002173304 -5.06871e-4 -0.009991109 -5.80032e-4 -5.06787e-4 -0.009953141 0.00102806 -5.06697e-4 -0.009657979 0.002609431 -6.70913e-6 -0.008763611 -0.01030451 -6.70949e-6 -0.008652627 -0.01156038 -6.72361e-6 -0.005139529 -0.00917679 -6.71378e-6 0.009573638 0.01307642 -6.72767e-6 0.01039761 0.01353633 -6.72326e-6 -0.01300495 -0.01284092 -6.71366e-6 -0.01359611 -0.01169955 -6.72129e-6 -0.009202778 0.005059599 -6.72171e-6 -0.008292078 0.006442308 -6.70973e-6 -0.01065927 0.008652091 -6.70913e-6 0.01812297 8.32158e-4 -6.7232e-6 -0.006516873 -0.008254587 -6.72308e-6 3.93798e-4 0.01048922 -6.72373e-6 0.002039968 0.0102967 -6.70824e-6 4.77273e-4 0.01326501 -6.72171e-6 0.01388162 -0.001704156 -6.7136e-6 0.01329046 -5.62782e-4 -6.72081e-6 0.01029193 -0.002128481 -6.71378e-6 -0.009830594 0.008993744 -6.72016e-6 -0.007175445 0.007664799 -6.71378e-6 0.001306176 0.01360678 -6.72564e-6 -0.01648902 0.002399504 -6.70996e-6 0.01741635 0.001877665 -6.71062e-6 -0.009470224 -0.009259104 -6.72022e-6 0.01049685 -4.85659e-4 -6.70955e-6 -0.009126663 0.009619057 -6.71378e-6 -0.01361185 -0.01079589 -6.70871e-6 0.002010047 0.01423203 -6.7223e-6 0.003635168 0.009847819 -6.7114e-6 -0.0140832 0.001877665 -6.7195e-6 -0.00985521 0.003625214 -6.7167e-6 -0.01192659 0.008731663 -6.70979e-6 0.0116142 -0.01362144 -6.71849e-6 -7.89678e-4 0.01334458 -6.70979e-6 4.77278e-4 -0.01823449 -6.72242e-6 -0.00126177 0.0104205 -6.71378e-6 0.01244294 -0.01327979 -6.71271e-6 0.0162903 0.002449452 -6.69977e-6 0.008952021 0.01236647 -6.70776e-6 0.001616358 -0.01769238 -6.71378e-6 0.01327472 3.40816e-4 -6.7204e-6 -0.005880594 0.008696675 -6.72266e-6 -0.007732033 -0.007127165 -6.71271e-6 -0.01520919 0.002449452 -6.70865e-6 0.01314681 -0.01265448 -6.70877e-6 -0.008652627 0.01071316 -6.7173e-6 0.01034694 -0.01354187 -6.6928e-6 -0.01332151 -0.009907066 -6.70776e-6 0.002484083 0.0153262 -6.71777e-6 -7.89667e-4 -0.01815491 -6.71902e-6 -0.01300495 0.009432613 -6.72326e-6 -0.001868128 0.01404565 -6.7232e-6 -0.002885997 0.01009243 -6.72022e-6 0.01044112 0.001169443 -6.6928e-6 0.01356494 0.001229524 -6.71378e-6 0.002171456 -0.01699984 -6.71277e-6 -0.01059615 -0.008687376 -6.71998e-6 -0.004438698 0.00951296 -6.72397e-6 -0.008754372 -0.005823314 -6.70877e-6 0.01362091 -0.01156038 -6.71032e-6 -0.008763611 0.01196902 -6.71014e-6 0.002486407 -0.01611745 -6.71378e-6 0.01418662 0.001939594 -6.72206e-6 0.01012593 0.002795517 -6.72057e-6 0.009268581 -0.01284092 -6.7136e-6 -0.002459287 0.01518702 -6.71378e-6 -0.0126999 -0.009197115 -6.72171e-6 -0.001868128 -0.01745396 -6.72415e-6 0.01501047 0.002399504 -6.72558e-6 -0.01187598 -0.008737206 -6.72022e-6 -0.009559094 -0.004374861 -6.70722e-6 0.002373158 0.01658195 -6.72022e-6 0.009559035 0.004352033 -6.70913e-6 0.01350992 -0.01030451 -6.71026e-6 0.002373158 -0.01491761 -6.71366e-6 -0.01359611 0.01057392 -6.71366e-6 0.008677423 -0.01169955 -6.7136e-6 -0.002459287 -0.01631253 -6.70937e-6 0.001666545 0.01762747 -6.7111e-6 0.01280331 -0.009259104 -6.71032e-6 0.0116142 0.008652091 -6.7108e-6 -0.01527249 -0.002484679 -6.71378e-6 -0.002475023 -0.01540893 -6.71378e-6 0.01244294 0.008993744 -6.72069e-6 -0.01012599 -0.002818286 -6.71378e-6 -0.01444357 -0.002142965 -6.7223e-6 0.008754253 0.005800485 -6.71014e-6 0.01314687 0.009619057 -6.71378e-6 -0.01361185 0.01147758 -6.6928e-6 -0.01332151 0.01236647 -6.70955e-6 -0.0137397 -0.001517713 -6.71205e-6 5.40541e-4 0.0181992 -6.71718e-6 0.01034688 0.008731663 -6.71712e-6 -0.01653945 -0.002405107 -6.71378e-6 -0.0126999 0.01307642 -6.72022e-6 -0.01044118 -0.001192271 -6.73702e-6 -7.3924e-4 0.01814931 -6.73047e-6 -0.01187592 0.01353633 -6.72266e-6 0.007731974 0.007104337 -6.71378e-6 -0.001563072 0.0176894 -6.70877e-6 0.01362091 0.01071316 -6.71265e-6 -0.01059615 0.01358616 -6.70877e-6 -0.01326566 -4.23549e-4 -6.68439e-6 -0.002184808 0.01697933 -6.72171e-6 0.009268581 0.009432554 -6.72099e-6 0.004438579 -0.009535789 -6.7111e-6 -0.009470224 0.01301443 -6.72171e-6 -0.01761794 -0.001704156 -6.72165e-6 0.002885997 -0.0101152 -6.71378e-6 -0.002475023 0.01609057 -6.71062e-6 0.001666545 -0.01387208 -6.72153e-6 -0.01049691 4.6283e-4 -6.7232e-6 0.006516754 0.008231759 -6.7204e-6 0.005880534 -0.008719503 -6.71378e-6 0.008661687 -0.01079589 -6.70979e-6 -0.01337659 8.32119e-4 -6.72081e-6 -0.01029205 0.002105653 -6.70824e-6 0.01350992 0.01196902 -6.72236e-6 0.00126183 -0.01044332 -6.71366e-6 0.008677423 0.01057392 -6.71253e-6 5.40535e-4 -0.01330029 -6.6928e-6 0.008952021 -0.009907066 -6.72016e-6 0.007175326 -0.007687628 -6.71354e-6 -0.01820909 -5.62779e-4 -6.72558e-6 0.00513947 0.009153962 -6.72761e-6 -7.39245e-4 -0.01335024 -6.72308e-6 -3.9385e-4 -0.01051205 -6.71378e-6 0.009573638 -0.009197115 -6.72034e-6 0.008292019 -0.006465137 -6.72755e-6 0.01039755 -0.008737206 -6.71068e-6 0.01280331 0.01301443 -6.71378e-6 0.008661687 0.01147758 -6.71378e-6 -0.01822483 3.40816e-4 -6.71378e-6 -0.001563072 -0.01381015 -6.72373e-6 -0.002039909 -0.01031953 -6.70979e-6 -0.01065933 -0.01362144 -6.70979e-6 0.01622706 -0.002484679 -6.71378e-6 -0.009830594 -0.01327979 -6.71378e-6 0.01705598 -0.002142965 -6.71289e-6 0.01167738 -0.008687376 -6.72129e-6 0.009202659 -0.005082428 -6.69804e-6 -0.002184808 -0.01452016 -6.68857e-6 -0.01793456 0.001229524 -6.71008e-6 -0.009126663 -0.01265448 -6.70955e-6 0.01775985 -0.001517772 -6.71724e-6 -0.01192659 -0.01354187 -6.71598e-6 0.01496011 -0.002405107 -6.72373e-6 -0.003635227 -0.009870648 -6.71241e-6 0.01167738 0.01358616 -6.71378e-6 -0.01731288 0.001939594 -6.70776e-6 0.01823389 -4.2358e-4 -6.7195e-6 0.009855151 -0.003648042 -0.005006611 -0.001864075 0.01407247 -0.005006611 -0.001330077 0.01362156 -0.005006611 -0.002309679 0.01669508 -0.005006611 -0.002252399 0.01465368 -0.005006611 -0.001932501 0.01732432 -0.005006611 -0.002464652 0.01531958 -0.005006611 -0.002484261 0.01601827 -0.005006611 -0.001388907 0.01781702 -0.005006611 -7.25741e-4 0.01813066 -0.005006611 0 0.0182383 -0.005006611 6.47001e-4 0.01815313 -0.005006611 0.001249909 0.01790338 -0.005006611 0.001767694 0.01750612 -0.005006611 0.002164959 0.01698833 -0.005006611 0.002414703 0.01638537 -0.005006611 0.002499878 0.01573836 -0.005006611 0.002414703 0.0150913 -0.005006611 0.002164959 0.01448839 -0.005006611 0.001767694 0.01397061 -0.005006611 0.001249909 0.01357334 -0.005006611 6.47001e-4 0.0133236 -0.005006611 0 0.01323837 -0.00501281 -6.76688e-4 0.01333391 -0.003006577 0 0.01948833 -0.007006585 -0.0130009 0.009459495 -0.007006585 -0.01246684 0.009008586 -0.007006585 -0.01344645 0.01208204 -0.007006585 -0.01338917 0.0100407 -0.007006585 -0.01306933 0.01271128 -0.007006585 -0.01360142 0.01070654 -0.007006585 -0.01362103 0.01140528 -0.007006585 -0.01252573 0.01320397 -0.007006585 -0.01186251 0.01351767 -0.007006585 -0.01113682 0.01362526 -0.007006585 -0.01048976 0.01354014 -0.007006585 -0.009886801 0.0132904 -0.007006585 -0.009369075 0.01289314 -0.007006585 -0.00897175 0.01237529 -0.007006585 -0.008722007 0.01177239 -0.007006585 -0.008636832 0.01112532 -0.007006585 -0.008722007 0.01047831 -0.007006585 -0.00897175 0.009875357 -0.007006585 -0.009369075 0.009357571 -0.007006585 -0.009886801 0.008960306 -0.007006585 -0.01048976 0.008710563 -0.007006585 -0.01113682 0.008625328 -0.007012784 -0.0118134 0.008720815 -0.007006585 -0.01761388 -0.001677274 -0.007006585 -0.01707988 -0.002128183 -0.007006585 -0.01805949 9.453e-4 -0.007006585 -0.01800221 -0.001096069 -0.007006585 -0.01768231 0.001574516 -0.007006585 -0.01821446 -4.3017e-4 -0.007006585 -0.01823407 2.6849e-4 -0.007006585 -0.01713871 0.002067208 -0.007006585 -0.01647549 0.002380847 -0.007006585 -0.01574981 0.002488553 -0.007006585 -0.01510274 0.002403318 -0.007006585 -0.01449984 0.002153575 -0.007006585 -0.01398205 0.00175631 -0.007006585 -0.01358479 0.001238524 -0.007006585 -0.01333504 6.35612e-4 -0.007006585 -0.01324981 -1.14134e-5 -0.007006585 -0.01333504 -6.58439e-4 -0.007006585 -0.01358479 -0.001261353 -0.007006585 -0.01398205 -0.001779139 -0.007006585 -0.01449984 -0.002176403 -0.007006585 -0.01510274 -0.002426147 -0.007006585 -0.01574981 -0.002511322 -0.007012784 -0.01642644 -0.002415835 -0.007006585 -0.0130009 -0.01281404 -0.007006585 -0.01246684 -0.01326495 -0.007006585 -0.01344645 -0.0101915 -0.007006585 -0.01338917 -0.01223284 -0.007006585 -0.01306933 -0.009562253 -0.007006585 -0.01360142 -0.01156693 -0.007006585 -0.01362103 -0.01086825 -0.007006585 -0.01252573 -0.009069502 -0.007006585 -0.01186251 -0.008755862 -0.007006585 -0.01113682 -0.008648157 -0.007006585 -0.01048976 -0.008733391 -0.007006585 -0.009886801 -0.008983135 -0.007006585 -0.009369075 -0.0093804 -0.007006585 -0.00897175 -0.009898185 -0.007006585 -0.008722007 -0.01050114 -0.007006585 -0.008636832 -0.01114815 -0.007006585 -0.008722007 -0.01179522 -0.007006585 -0.00897175 -0.01239812 -0.007006585 -0.009369075 -0.01291596 -0.007006585 -0.009886801 -0.01331323 -0.007006585 -0.01048976 -0.01356297 -0.007006585 -0.01113682 -0.01364809 -0.007012784 -0.0118134 -0.01355266 -0.007006585 -0.001864075 -0.01742708 -0.007006585 -0.001330077 -0.01787799 -0.007006585 -0.002309679 -0.01480448 -0.007006585 -0.002252399 -0.01684588 -0.007006585 -0.002464652 -0.01617991 -0.007006585 -0.001932501 -0.01417517 -0.007006585 -0.002484261 -0.01548129 -0.007006585 -0.001388907 -0.01368254 -0.007006585 -7.25741e-4 -0.0133689 -0.007006585 0 -0.01326119 -0.007006585 6.47001e-4 -0.01334643 -0.007006585 0.001249909 -0.01359617 -0.007006585 0.001767694 -0.01399344 -0.007006585 0.002164959 -0.01451116 -0.007006585 0.002414703 -0.01511418 -0.007006585 0.002499878 -0.01576119 -0.007006585 0.002414703 -0.0164082 -0.007006585 0.002164959 -0.01701116 -0.007006585 0.001767694 -0.01752895 -0.007006585 0.001249909 -0.01792621 -0.007006585 6.47001e-4 -0.01817595 -0.007006585 0 -0.01826113 -0.007012784 -6.76691e-4 -0.01816564 -0.007006585 0.009272634 0.009459495 -0.007006585 0.009806632 0.009008586 -0.007006585 0.00882703 0.01208204 -0.007006585 0.00888431 0.0100407 -0.007006585 0.009204208 0.01271128 -0.007006585 0.008672058 0.01070654 -0.007006585 0.008652448 0.01140528 -0.007006585 0.009747803 0.01320397 -0.007006585 0.01041102 0.01351767 -0.007006585 0.01113671 0.01362526 -0.007006585 0.01178377 0.01354014 -0.007006585 0.01238667 0.0132904 -0.007006585 0.01290446 0.01289314 -0.007006585 0.01330178 0.01237529 -0.007006585 0.01355153 0.01177239 -0.007006585 0.0136367 0.01112532 -0.007006585 0.01355153 0.01047831 -0.007006585 0.01330178 0.009875357 -0.007006585 0.01290446 0.009357571 -0.007006585 0.01238667 0.008960306 -0.007006585 0.01178377 0.008710563 -0.007006585 0.01113671 0.008625328 -0.007012784 0.01046013 0.008720815 -0.007006585 0.009272634 -0.01281404 -0.007006585 0.009806632 -0.01326495 -0.007006585 0.00882703 -0.0101915 -0.007006585 0.00888431 -0.01223284 -0.007006585 0.009204208 -0.009562253 -0.007006585 0.008672058 -0.01156693 -0.007006585 0.008652448 -0.01086825 -0.007006585 0.009747803 -0.009069502 -0.007006585 0.01041102 -0.008755862 -0.007006585 0.01113671 -0.008648157 -0.007006585 0.01178377 -0.008733391 -0.007006585 0.01238667 -0.008983135 -0.007006585 0.01290446 -0.0093804 -0.007006585 0.01330178 -0.009898185 -0.007006585 0.01355153 -0.01050114 -0.007006585 0.0136367 -0.01114815 -0.007006585 0.01355153 -0.01179522 -0.007006585 0.01330178 -0.01239812 -0.007006585 0.01290446 -0.01291596 -0.007006585 0.01238667 -0.01331323 -0.007006585 0.01178377 -0.01356297 -0.007006585 0.01113671 -0.01364809 -0.007012784 0.01046013 -0.01355266 -0.007006585 0.01388567 -0.001677274 -0.007006585 0.01441967 -0.002128183 -0.007006585 0.01344007 9.453e-4 -0.007006585 0.01349735 -0.001096069 -0.007006585 0.01381725 0.001574516 -0.007006585 0.0132851 -4.3017e-4 -0.007006585 0.01326549 2.6849e-4 -0.007006585 0.01436084 0.002067208 -0.007006585 0.015024 0.002380847 -0.007006585 0.01574975 0.002488553 -0.007006585 0.01639676 0.002403318 -0.007006585 0.01699972 0.002153575 -0.007006585 0.0175175 0.00175631 -0.007006585 0.01791477 0.001238524 -0.007006585 0.01816451 6.35612e-4 -0.007006585 0.01824969 -1.14134e-5 -0.007006585 0.01816451 -6.58439e-4 -0.007006585 0.01791477 -0.001261353 -0.007006585 0.0175175 -0.001779139 -0.007006585 0.01699972 -0.002176403 -0.007006585 0.01639676 -0.002426147 -0.007006585 0.01574975 -0.002511322 -0.007011055 0.01509326 -0.002421617 -0.007943153 0.01170021 0.01188236 -0.008142471 0.01168888 0.01140451 -0.008498668 0.01112902 0.01113355 -0.007714211 0.01236337 0.011644 -0.007714211 0.01165539 0.01235198 -0.008134067 0.01110202 0.01175343 -0.007507324 0.01113671 0.01279199 -0.007905423 0.01072371 0.01205271 -0.007507324 0.01280337 0.01112532 -0.007923364 0.01023459 0.0115084 -0.007507324 0.01030337 0.01256871 -0.00771898 0.01008063 0.01192641 -0.007793784 0.009944081 0.01101189 -0.008502602 0.01113796 0.01111251 -0.007818579 0.01019424 0.01045596 -0.007507324 0.01030337 0.009681999 -0.008009016 0.01155132 0.01040464 -0.00731486 0.01163417 0.009197771 -0.007898509 0.01196205 0.0105232 -0.00789529 0.01215803 0.0109958 -0.007507324 0.01258009 0.01029199 -0.007507324 0.01197004 0.009681999 -0.008069694 0.01610291 6.36409e-4 -0.007920861 0.01665365 3.7468e-4 -0.007714211 0.01655274 0.001051068 -0.007507324 0.01719307 8.21889e-4 -0.007895767 0.01588082 0.001007497 -0.008500218 0.01575505 -4.05431e-6 -0.007507324 0.01574975 0.00165522 -0.00772041 0.01523137 0.001205742 -0.007507324 0.01741635 -1.14134e-5 -0.007943153 0.0151906 7.49786e-4 -0.008142471 0.01519757 2.67814e-4 -0.008502542 0.01574826 -2.4698e-5 -0.007721126 0.01453053 5.00495e-4 -0.007793784 0.014557 -1.24862e-4 -0.008009076 0.01533514 -7.32017e-4 -0.007821261 0.01480865 -6.73288e-4 -0.007507324 0.01491641 -0.00145471 -0.007314801 0.01624727 -0.001938998 -0.007892787 0.01657801 -6.2721e-4 -0.00789529 0.01677101 -1.40942e-4 -0.007507324 0.01719307 -8.44716e-4 -0.007507324 0.01658308 -0.00145471 -0.007714211 0.01245832 -0.01098406 -0.007507324 0.01258009 -0.01031482 -0.007943153 0.01170021 -0.01039117 -0.008142471 0.01168888 -0.01086902 -0.008498668 0.01112902 -0.01113998 -0.007714211 0.01165539 -0.00992155 -0.008134067 0.01110202 -0.01051998 -0.007507324 0.01113671 -0.009481549 -0.007905423 0.01072371 -0.01022076 -0.007923364 0.01023459 -0.01076513 -0.007507324 0.01030337 -0.009704828 -0.00771898 0.01008063 -0.01034712 -0.007793843 0.009944081 -0.01126158 -0.008502542 0.0111382 -0.01116144 -0.007818579 0.01019424 -0.01181757 -0.007507324 0.01030337 -0.01259154 -0.008009076 0.01155132 -0.01186889 -0.007332742 0.01160752 -0.01304966 -0.007898509 0.01196205 -0.01175034 -0.00789529 0.01215797 -0.01127767 -0.007507324 0.01258009 -0.01198148 -0.007507324 0.01197004 -0.01259154 -0.007943034 5.63616e-4 -0.01500409 -0.008142471 5.5208e-4 -0.015482 -0.008498668 -7.75542e-6 -0.01575297 -0.007714152 0.001226603 -0.01524245 -0.007714211 5.18673e-4 -0.01453459 -0.008134007 -3.47178e-5 -0.0151329 -0.007507324 0 -0.01409453 -0.007905542 -4.13052e-4 -0.01483404 -0.007507324 0.001666605 -0.01576119 -0.007923424 -9.02093e-4 -0.01537811 -0.007507324 -8.33361e-4 -0.01431781 -0.00771898 -0.001056075 -0.01496011 -0.007793784 -0.001192688 -0.01587462 -0.008502602 1.17819e-6 -0.01577395 -0.00781852 -9.42575e-4 -0.01643067 -0.007507324 -8.33361e-4 -0.01720452 -0.008009076 4.14457e-4 -0.01648181 -0.007314801 4.97488e-4 -0.01768881 -0.007898569 8.25235e-4 -0.01636338 -0.00789529 0.001021206 -0.01589071 -0.007507324 0.001443266 -0.01659446 -0.007507324 8.33283e-4 -0.01720452 -0.007943153 -0.01057332 -0.01039117 -0.008142471 -0.01058459 -0.01086896 -0.008498668 -0.01114451 -0.01113998 -0.007714211 -0.009815156 -0.01098406 -0.007507324 -0.009693443 -0.01031482 -0.007714211 -0.01061815 -0.00992155 -0.008134067 -0.01117146 -0.01052004 -0.007507324 -0.01113682 -0.009481549 -0.007905423 -0.01154983 -0.01022082 -0.007923364 -0.01203894 -0.01076513 -0.007507324 -0.0119701 -0.009704828 -0.00771898 -0.0121929 -0.01034712 -0.007793843 -0.01232939 -0.01126158 -0.008502542 -0.01113533 -0.01116144 -0.007818579 -0.01207929 -0.01181757 -0.007507324 -0.0119701 -0.01259154 -0.008009076 -0.01072221 -0.01186883 -0.007332742 -0.01066601 -0.01304966 -0.007898509 -0.01031148 -0.01175034 -0.00789529 -0.0101155 -0.01127767 -0.007507324 -0.009693443 -0.01198148 -0.007507324 -0.01030349 -0.01259154 -0.007943034 -0.01518619 7.4565e-4 -0.008142411 -0.01519763 2.67819e-4 -0.008498668 -0.0157575 -3.20377e-6 -0.007714152 -0.01452314 5.07289e-4 -0.007714211 -0.01523113 0.001215159 -0.008134007 -0.0157845 6.16846e-4 -0.007507324 -0.01574981 0.00165522 -0.007905542 -0.01616281 9.15761e-4 -0.007507324 -0.01408314 -1.14134e-5 -0.007923424 -0.01665186 3.71659e-4 -0.007507324 -0.01658314 0.001431882 -0.00771898 -0.01680588 7.89678e-4 -0.007793784 -0.0169425 -1.2487e-4 -0.008502542 -0.01574832 -2.46991e-5 -0.00781852 -0.01669234 -6.80891e-4 -0.007507324 -0.01658314 -0.00145471 -0.008009076 -0.01533526 -7.32011e-4 -0.007332682 -0.01527899 -0.001913011 -0.007898569 -0.01492452 -6.13616e-4 -0.00789529 -0.01472854 -1.40966e-4 -0.007507324 -0.01430642 -8.44716e-4 -0.007507324 -0.01491647 -0.00145471 -0.008142411 -0.01058459 0.01140457 -0.007943212 -0.01057773 0.01188653 -0.007714211 -0.009910166 0.011644 -0.007714211 -0.01061815 0.01235198 -0.008500218 -0.01114213 0.01113265 -0.008069634 -0.0114901 0.01177328 -0.007895708 -0.01126796 0.01214438 -0.007920801 -0.01204073 0.01151138 -0.007507324 -0.01113682 0.01279199 -0.007507324 -0.009470164 0.01112532 -0.007507324 -0.0119701 0.01256871 -0.00771892 -0.0121929 0.01192641 -0.007793784 -0.01232945 0.01101189 -0.008502542 -0.01113533 0.01111203 -0.007818579 -0.01207929 0.01045596 -0.007507324 -0.0119701 0.009681999 -0.008009016 -0.01072216 0.01040464 -0.007332682 -0.01066583 0.009223818 -0.007898509 -0.01031148 0.01052314 -0.007895231 -0.0101155 0.0109958 -0.007507324 -0.009693443 0.01029199 -0.007507324 -0.01030349 0.009681999 -0.005943059 5.63618e-4 0.01649546 -0.006142497 5.5207e-4 0.01601755 -0.006498694 -7.75583e-6 0.01574659 -0.005714178 0.001226603 0.01625704 -0.005714237 5.18672e-4 0.01696497 -0.006134033 -3.47182e-5 0.0163666 -0.005507349 0 0.01740503 -0.005905568 -4.13052e-4 0.01666551 -0.005507349 0.001666605 0.01573836 -0.005923449 -9.02095e-4 0.01612144 -0.005507349 -8.33361e-4 0.01718169 -0.005719006 -0.001056075 0.01653945 -0.005793809 -0.001192688 0.01562494 -0.006502568 1.4451e-6 0.01572507 -0.005818545 -9.42573e-4 0.01506888 -0.005507349 -8.33361e-4 0.01429504 -0.006009101 4.14527e-4 0.01501774 -0.005332708 4.70724e-4 0.01383674 -0.005898594 8.25246e-4 0.01513618 -0.005895316 0.001021206 0.01560878 -0.005507349 0.001443266 0.01490503 -0.005507349 8.33283e-4 0.01429504</float_array>
          <technique_common>
            <accessor source="#link_6-mesh-positions-array" count="753" stride="3">
              <param name="X" type="float"/>
              <param name="Y" type="float"/>
              <param name="Z" type="float"/>
            </accessor>
          </technique_common>
        </source>
        <source id="link_6-mesh-normals">
          <float_array id="link_6-mesh-normals-array" count="4353">-1 6.43244e-6 0 -1 -1.07659e-6 0 -1 0 0 -1 1.6071e-6 0 -1 3.19536e-7 0 -1 -9.72893e-7 0 -1 8.04459e-7 0 -1 -5.83596e-7 0 -1 6.43302e-6 0 -1 2.43927e-7 0 -1 0 0 -1 0 0 -1 1.39095e-7 0 -1 -6.43447e-6 0 -1 1.28607e-5 0 -1 -6.43724e-6 0 -1 0 0 -1 1.28767e-5 0 -1 -4.30968e-6 0 -1 4.74491e-6 0 -1 -5.03763e-6 0 -1 2.94756e-6 5.50426e-6 -1 5.47046e-6 2.48968e-5 -1 -1.81192e-7 0 -1 1.89281e-7 -2.08579e-6 -1 -1.99289e-6 3.15205e-6 -1 1.32721e-6 -6.49283e-5 -0.001068174 -0.5112155 -0.859452 0.001045107 -0.593412 -0.8048983 -0.001029431 -0.604324 -0.796738 0.001313805 -0.9154287 0.402478 0.001006603 -0.6802974 -0.7329356 0.001137793 -0.8815527 0.4720842 -9.96198e-4 -0.689822 -0.7239784 -0.002876937 -0.8678742 0.4967758 9.66253e-4 -0.7585498 -0.6516144 0.00237447 -0.8260239 0.5636301 -9.55993e-4 -0.7666244 -0.6420952 9.24419e-4 -0.8271225 -0.562021 -0.002273499 -0.8015591 0.5979114 -9.17842e-4 -0.8337466 -0.5521466 0.002322196 -0.755913 0.6546679 8.84391e-4 -0.8851842 -0.4652398 -0.002218544 -0.7291853 0.6843128 -8.7624e-4 -0.8903825 -0.4552124 0.00225985 -0.6758586 0.737028 8.37741e-4 -0.9319708 -0.3625325 -8.35574e-4 -0.9357852 -0.3525696 -0.002158164 -0.6475679 0.7620047 0.002196133 -0.5869043 0.8096534 7.94045e-4 -0.9668838 -0.2552156 -7.95963e-4 -0.9694072 -0.2454572 -0.002091288 -0.5576942 0.8300439 7.5078e-4 -0.9894806 -0.1446638 0.002125501 -0.4901806 0.8716184 -7.54862e-4 -0.9908087 -0.135269 -0.002017438 -0.4607126 0.8875471 7.04664e-4 -0.9994792 -0.0322631 0.002049744 -0.3869792 0.9220862 -7.11658e-4 -0.9997263 -0.02338916 6.58385e-4 -0.9967502 0.08055251 -0.001936674 -0.3578201 0.9337885 -6.68864e-4 -0.9960501 0.08879047 0.001963138 -0.2787247 0.9603691 6.12155e-4 -0.9813275 0.1923432 -0.001858651 -0.2503762 0.9681469 -0.002319872 -0.9776703 0.2101324 0 -0.06796061 0.9976881 0.003166496 -0.9532846 0.3020573 0.001893818 -0.1663427 0.9860663 -0.004398286 -0.9325052 0.36113 8.59299e-4 0.06824547 0.9976682 0.003305673 -0.06242084 0.9980446 -0.003096163 -0.12738 0.9918491 2.20715e-4 -0.002631962 0.9999966 -0.005059659 0.0324983 0.999459 0.001272916 0.06756293 0.9977142 0.001224637 0.1667436 0.9859996 -0.002158284 0.1865062 0.9824515 0.001768231 0.2762594 0.9610816 -0.003058195 0.3122233 0.9500038 0.003379583 0.3809928 0.9245719 0.001748085 0.4819308 0.8762076 -0.002977609 0.4505304 0.8927562 0.001773893 0.5775719 0.8163379 -0.001749098 0.5556233 0.8314323 9.48481e-4 0.6658674 0.7460695 -0.002162396 0.652483 0.7578004 0.001065611 0.7456605 0.6663253 -0.002227127 0.7582316 0.6519816 0.001829683 0.815977 0.5780816 -0.001800179 0.831742 0.5551595 0.001807749 0.8759025 0.482485 -0.001775264 0.8887442 0.4584002 0.001782298 0.924688 0.3807216 -0.001749217 0.9345289 0.355883 0.001756668 0.9616921 0.2741264 -0.001724779 0.968537 0.2488636 0.001730501 0.9864508 0.1640488 -0.001698315 0.9903296 0.1387243 0.001705229 0.9986523 0.05187422 -0.001671075 0.9996389 0.02682429 0.001678884 0.9981398 -0.06094354 -0.001644849 0.9963455 -0.0854001 0.001650393 0.9849178 -0.1730152 -0.001617193 0.9804908 -0.1965587 0.001622557 0.959159 -0.2828629 -0.001588344 0.9522801 -0.3052219 0.001593053 0.9211863 -0.3891185 -0.001559495 0.9120668 -0.4100388 0.001565992 0.8714842 -0.4904214 -0.001530051 0.8603445 -0.5097108 0.001533508 0.810682 -0.5854848 -0.001499891 0.7977977 -0.6029235 0.001504421 0.7395685 -0.6730797 -0.001472771 0.7251611 -0.6885778 0.001472175 0.6590451 -0.7521021 -0.00144124 0.6434288 -0.7655047 0.00144118 0.5701004 -0.8215739 -0.001407444 0.5535687 -0.8328024 0.001406729 0.4739016 -0.8805767 -0.001375436 0.456732 -0.8896034 0.001373589 0.3716847 -0.9283581 -0.001345276 0.3541225 -0.9351982 0.001338481 0.2647424 -0.9643182 -0.001317501 0.2470485 -0.9690022 0.001307129 0.1544314 -0.9880027 -0.001279711 0.1368966 -0.9905846 0.00127542 0.04215276 -0.9991105 -0.001250505 0.02494716 -0.999688 0.00124222 -0.07064652 -0.9975007 -0.001215159 -0.08724182 -0.9961865 0.001200854 -0.1826494 -0.9831774 -0.001176714 -0.1983447 -0.9801317 0.001159548 -0.2922517 -0.9563408 -0.001140952 -0.3069267 -0.9517326 0.001122653 -0.39814 -0.917324 -0.001104474 -0.4116687 -0.911333 0.001081645 -0.4989584 -0.8666253 0.7269577 -0.6309667 0.2709495 0.7170031 -0.6385314 0.2796144 0.6917161 -0.6366344 0.3409186 0.72807 -0.591281 0.3468443 0.6836998 -0.6027951 0.4113306 0.7279787 -0.5478975 0.4121353 0.6838611 -0.5515196 0.4776613 0.7279163 -0.4973389 0.4720084 0.6839886 -0.493028 0.5376645 0.7278702 -0.4402308 0.5257393 0.684099 -0.4280788 0.5905566 0.7278044 -0.3773671 0.5726211 0.6842001 -0.3574878 0.6356672 0.7276967 -0.3096007 0.6120499 0.6843236 -0.2821815 0.6723652 0.7276217 -0.237742 0.6434637 0.684459 -0.2032138 0.7001572 0.7275764 -0.1627283 0.6664474 0.6860726 -0.122952 0.7170686 0.727691 -0.08652025 0.6804265 0.6911162 -0.04669922 0.7212335 0.7121649 -0.02345037 0.7016205 0.7172046 0.03416895 0.6960245 0.6990756 0.04705679 0.7134978 0.7156876 0.1109584 0.6895502 0.7013192 0.1203724 0.7026107 0.71276 0.1903128 0.6750957 0.7028853 0.1973692 0.6833723 0.7027685 0.2702004 0.6581096 0.7129606 0.2705994 0.6468873 0.7009688 0.3437048 0.6249079 0.7136327 0.3429033 0.6108566 0.7001672 0.4123693 0.5828529 0.7143468 0.4097615 0.567278 0.6993255 0.4759584 0.5332987 0.7150337 0.4711983 0.5164291 0.6985833 0.533538 0.4767795 0.7157206 0.5263605 0.4590085 0.7163776 0.5746153 0.3957531 0.6978272 0.5844532 0.4140673 0.7170115 0.6153422 0.3274884 0.6970827 0.6280121 0.3459431 0.7176026 0.6480381 0.2551337 0.6963801 0.6636217 0.2732416 0.6957111 0.6908034 0.1969183 0.7181945 0.6722652 0.1796005 0.6950533 0.7092171 0.1179499 0.7187756 0.6877389 0.1018675 0.6944156 0.7186051 0.03733396 0.7193174 0.6943022 0.02295714 0.6937909 0.7188381 -0.04388582 0.7198733 0.6918327 -0.05612486 0.6931915 0.709885 -0.124695 0.7203808 0.6804403 -0.1343594 0.6926147 0.6918517 -0.2040248 0.7208842 0.6602441 -0.210722 0.6920782 0.6649367 -0.2808683 0.7213621 0.631545 -0.2842319 0.7218461 0.5946771 -0.3539739 0.6915348 0.629514 -0.3542483 0.7222734 0.5502042 -0.4190427 0.6910014 0.5860093 -0.4232143 0.7227147 0.4986617 -0.4785605 0.6905404 0.5349333 -0.486827 0.7231581 0.4407055 -0.5318093 0.6900696 0.4769831 -0.5443263 0.7235466 0.3771371 -0.5781419 0.6896029 0.4128646 -0.5949712 0.7239037 0.308797 -0.6169343 0.6891825 0.343392 -0.6380513 0.7243127 0.2364954 -0.6476428 0.6887883 0.2694645 -0.6730228 0.6883891 0.1920384 -0.6994583 0.724686 0.1612089 -0.6699567 0.6880047 0.1120781 -0.7169993 0.7250384 0.08393609 -0.6835744 0.6876627 0.03061544 -0.7253845 0.7254002 0.005649149 -0.6883043 0.7257407 -0.07264119 -0.6841226 0.6872925 -0.05131399 -0.724566 0.6869255 -0.1327325 -0.7145038 0.7259967 -0.1499435 -0.6711526 0.6866781 -0.2124516 -0.6952248 0.7263501 -0.2251824 -0.6493909 0.6863784 -0.2895388 -0.6671222 0.7266182 -0.2974652 -0.6193065 0.6861355 -0.3629735 -0.6304509 0.7269072 -0.3658061 -0.5811986 0.6858584 -0.4318399 -0.5857581 0.7271445 -0.4293848 -0.5356209 0.6856309 -0.4952174 -0.5335448 0.7274329 -0.4873068 -0.4830875 0.6854342 -0.5523223 -0.4744682 0.7276631 -0.5389168 -0.4243527 0.6852453 -0.6024001 -0.4093326 0.7278805 -0.5834833 -0.3601906 0.6850459 -0.6448554 -0.3389303 0.7280848 -0.6204808 -0.2913694 0.6849045 -0.6790629 -0.2641583 0.7282894 -0.6493981 -0.2188076 0.684779 -0.7046154 -0.1859974 0.7284663 -0.6698931 -0.1434577 0.6846549 -0.721199 -0.1054499 0.7286382 -0.681684 -0.06628286 0.6845647 -0.7285726 -0.02352291 0.7287921 -0.6846348 0.01171898 0.6844837 -0.7266595 0.05872035 0.7289312 -0.6787064 0.08953744 0.684444 -0.7154536 0.1402235 0.7355618 -0.6557654 0.1700607 0.6758298 -0.7023558 0.223496 1 0 0 1 -1.37749e-6 0 1 -1.08189e-6 0 1 1.30153e-6 0 1 0 0 1 -1.84047e-7 0 1 4.49815e-7 0 1 0 0 1 0 0 1 -5.62867e-7 0 1 9.56261e-6 0 1 0 0 1 0 0 1 -2.57664e-7 0 0.002044737 0.8728104 -0.4880552 0.001650512 0.8733726 -0.4870501 -0.001305222 0.7827805 -0.6222965 0.005607485 0.7668364 -0.6418183 -0.007586896 0.6729648 -0.7396357 -0.005618572 0.5458415 -0.8378697 0.01075243 0.6007182 -0.7993886 0.002165615 0.4045731 -0.9145032 0.006874263 0.3918909 -0.919986 -0.007640182 0.2529542 -0.9674481 0.007822215 0.1750645 -0.9845259 -0.005726814 0.09470558 -0.995489 0.005816459 0.002953886 -0.9999787 -0.005726277 -0.06595641 -0.9978061 0.007321655 -0.1694048 -0.9855194 -0.002937376 -0.2135505 -0.9769276 -0.002931356 -0.3229005 -0.9464285 0.007295668 -0.3648356 -0.9310435 -0.005723714 -0.4600967 -0.8878504 0.005802273 -0.5198255 -0.8542527 -0.007357537 -0.6068232 -0.7948028 0.005931794 -0.6514586 -0.7586611 -0.005110383 -0.7558283 -0.65475 0.001794993 -0.7716137 -0.6360889 -0.001721858 -0.8579467 -0.5137359 0.005845665 -0.8720468 -0.4893878 -0.007772028 -0.9291307 -0.3696698 -0.005713582 -0.9763662 -0.2160472 0.00778836 -0.9562374 -0.2924886 -0.005713164 -0.9983686 -0.0568127 0.00573939 -0.9923337 -0.1234549 0.007568717 -0.9985957 0.05243533 -0.005345284 -0.9945747 0.1038871 0.001045048 -0.9678796 0.2514122 0.008686721 -0.9604724 0.2782398 -0.004824578 -0.9345102 0.3559037 0.002044618 -0.872811 0.4880543 0.001650512 -0.8733721 0.487051 -0.001305103 -0.7827815 0.6222954 0.004772305 -0.7687924 0.6394807 -0.006216764 -0.672515 0.7400575 0.007964968 -0.6238942 0.7814683 -0.005851447 -0.5383122 0.8427252 0.00605005 -0.4783232 0.8781632 -0.00630176 -0.3961662 0.9181572 -0.002644836 -0.2640206 0.9645135 0.007915794 -0.3069249 0.9517009 -0.004722535 -0.153455 0.9881444 0.007275462 -0.09727638 0.9952308 -0.007200062 0.008894443 0.9999346 0.00566405 0.06698077 0.9977382 -0.004040062 0.2003353 0.9797192 0.003290235 0.2329183 0.9724909 -0.003572523 0.3229006 0.9464262 0.005554616 0.377842 0.9258534 -0.005628526 0.459422 0.8882004 0.003676474 0.51057 0.8598284 -0.003253936 0.5889804 0.8081408 0.001470029 0.6070239 0.7946822 -0.001675486 0.7103216 0.7038754 0.005819737 0.7296075 0.6838414 -0.007752835 0.8138403 0.5810371 -0.005405545 0.8964362 0.4431401 0.01063829 0.8659967 0.4999366 0.00164473 0.9558659 0.2937988 0.002102136 0.956264 0.2924976 -0.001793444 0.9905883 0.1368643 0.001832008 0.9923486 0.1234551 -0.00181955 0.9997196 -0.02360963 0.005903601 0.998607 -0.05243384 -0.007811784 0.982992 -0.1834821 -0.00562942 0.9404854 -0.3397874 0.01059675 0.9604548 -0.2782345 1 3.97469e-6 0 1 2.11778e-5 -7.74254e-6 1 9.82524e-6 -3.31978e-6 1 3.30832e-6 -1.87741e-6 1 2.82451e-6 3.76564e-6 1 -2.26228e-7 -5.3398e-6 1 1.02545e-6 -6.57062e-6 1 4.94257e-6 -1.26402e-7 1 1.21343e-6 -2.37557e-6 1 7.26427e-6 -1.39695e-6 1 3.69685e-6 -6.50737e-6 1 -1.55788e-6 -2.55062e-7 1 3.0683e-6 3.49877e-6 1 -2.3699e-6 0 1 3.02899e-6 1.8562e-7 1 -6.30269e-7 -6.0581e-6 1 3.41076e-6 1.96897e-6 1 -3.78363e-6 -3.84567e-6 1 -1.97481e-6 -3.83194e-6 1 1.83627e-6 1.9615e-7 1 2.08612e-6 2.976e-7 1 -5.85441e-6 -5.59215e-6 1 -6.99108e-7 2.1336e-7 1 -8.41217e-6 -5.09363e-6 1 4.55107e-7 -1.41869e-6 1 -6.41537e-7 -1.69022e-6 1 1.99389e-6 6.85187e-6 1 -2.29137e-6 2.83441e-7 1 1.9284e-5 2.84394e-6 1 -1.53949e-6 -5.03376e-7 1 -1.56107e-6 -3.12577e-7 1 -2.36453e-6 1.566e-7 1 2.51215e-6 -2.92065e-6 1 3.23427e-6 3.01068e-6 1 -2.35546e-6 -3.97286e-6 1 -6.64427e-7 9.83142e-7 1 1.82961e-7 5.96337e-7 1 3.94911e-7 1.41333e-7 1 -6.87395e-6 -4.58996e-7 1 -1.76102e-7 -7.67118e-7 1 -9.58646e-6 -1.32863e-5 1 -5.90688e-6 3.1991e-7 1 2.79633e-6 -1.91983e-6 1 7.34139e-6 -2.60023e-5 1 -1.36322e-6 -2.80532e-7 1 -5.83737e-6 7.41613e-6 1 -1.30107e-6 1.31533e-6 1 -4.79272e-6 -5.71361e-7 1 -2.29419e-6 0 1 -5.06621e-7 1.45596e-7 1 -8.37558e-6 -2.0871e-5 1 4.55347e-6 5.04226e-6 1 6.79842e-7 5.09239e-6 1 1.67252e-6 -3.46509e-6 1 5.18184e-6 -7.30985e-7 1 -3.9302e-6 -2.52099e-6 1 -1.20022e-6 2.96949e-6 1 2.0376e-6 2.60247e-6 1 2.28595e-6 -5.73522e-7 1 3.89659e-7 0 1 3.08792e-6 1.50734e-6 1 -6.82299e-6 -1.68486e-6 1 -4.96725e-7 3.4277e-7 1 -7.40252e-7 1.08057e-6 1 -1.83587e-6 -5.73777e-7 1 0 1.38861e-6 1 2.93476e-6 3.18088e-6 1 3.53567e-6 2.64525e-5 1 -1.11899e-6 2.95444e-6 1 -2.25839e-6 2.83162e-6 1 -8.76616e-6 -5.62867e-7 1 1.33063e-6 -1.58822e-6 1 1.03603e-6 2.86437e-5 1 6.63022e-7 6.63247e-6 1 8.46383e-6 -4.07632e-6 1 1.07449e-6 6.81724e-6 1 -9.09396e-6 3.89033e-6 1 0 -5.50585e-7 1 -1.01755e-5 4.17463e-6 1 4.1156e-7 1.45522e-6 1 5.42661e-6 4.22894e-7 1 4.12509e-7 -3.9091e-7 1 1.65435e-6 8.06834e-7 1 5.35956e-6 1.29492e-5 1 -2.48034e-6 -2.09059e-6 1 -2.75888e-7 2.60976e-7 1 -3.50608e-6 -1.43808e-6 1 0 4.30357e-7 1 0 0 1 9.34846e-7 1.86162e-6 1 3.51649e-6 -1.41189e-6 1 2.7171e-6 -3.29359e-6 1 2.87207e-6 -4.57081e-6 1 3.51377e-7 1.81688e-6 1 1.1904e-5 -9.35999e-7 1 -3.14483e-7 0 1 -1.1251e-6 1.29254e-6 1 -7.48849e-7 1.37393e-6 1 0 -2.25904e-6 1 1.20038e-5 4.15626e-6 1 1.40126e-6 0 1 1.71398e-6 2.27636e-7 1 0 -8.21345e-7 1 4.15198e-6 0 1 5.60474e-7 1.20638e-6 1 -1.76035e-6 -2.25816e-6 1 -6.86975e-7 2.20773e-7 1 1.74871e-6 9.43101e-7 1 6.08339e-7 -1.5527e-6 1 3.73334e-6 -3.3571e-7 1 -3.61984e-6 -5.70919e-7 1 9.30823e-7 3.7024e-7 1 -1.97271e-6 -3.59392e-6 1 -1.01416e-6 -6.00503e-7 1 5.6893e-6 2.31948e-7 1 -1.16493e-5 -1.97993e-5 1 2.86657e-6 -1.58757e-6 1 4.61604e-7 -7.28811e-6 1 -2.5513e-6 -3.34617e-7 1 -5.33662e-6 1.15022e-6 1 -4.51417e-6 7.52694e-6 1 2.10412e-4 -2.59921e-4 1 2.47397e-5 7.88894e-6 1 -7.85811e-6 7.23742e-6 0.9999999 -2.88391e-4 -4.68583e-4 1 3.20224e-6 3.27623e-7 1 -1.7695e-5 -4.6634e-5 1 1.80362e-5 3.97533e-6 1 -1.52389e-6 -9.20705e-7 1 3.82923e-5 -1.80566e-5 1 3.67637e-6 8.14915e-7 1 1.02692e-5 -1.32626e-5 1 -9.82018e-7 -8.27701e-7 1 -1.35106e-5 -1.06781e-5 1 -6.29541e-6 -1.39179e-5 1 3.45221e-6 -2.20368e-6 1 2.12784e-5 2.27536e-5 1 -7.94248e-7 1.36069e-7 1 -3.12603e-6 1.6536e-6 1 1.89532e-6 -2.77817e-6 1 -2.2653e-6 -1.74889e-6 1 1.81452e-6 9.33818e-6 1 -5.95378e-7 2.22208e-6 1 -1.9521e-6 8.44421e-6 1 -1.36236e-6 2.51613e-6 1 -1.86973e-5 -2.69561e-5 1 2.59108e-6 2.09392e-6 1 4.30669e-6 9.36906e-7 1 2.81709e-6 2.46829e-7 1 7.88403e-7 -1.49917e-6 1 -5.09339e-7 0 1 -1.92648e-6 -5.62692e-7 1 7.20893e-7 -1.72012e-6 1 1.05698e-6 -1.05223e-6 1 -1.10523e-6 1.22276e-6 1 -2.31023e-6 0 1 4.22869e-6 1.1805e-6 1 3.95817e-6 -9.28552e-7 1 -3.80912e-7 -4.60948e-7 1 -1.10522e-6 3.294e-6 1 2.06846e-6 -5.97942e-6 1 0 3.43013e-6 1 -1.60802e-5 -1.83519e-5 1 -6.11019e-6 7.43526e-6 1 5.24812e-6 -4.43605e-6 1 8.07032e-6 1.34986e-6 1 -2.75584e-6 -1.52987e-6 1 -1.17765e-5 -1.63128e-7 1 -5.80594e-7 3.58885e-6 1 1.02767e-5 2.05531e-5 1 -3.8572e-7 -8.33345e-7 1 -1.62959e-6 1.63507e-6 1 1.21799e-5 8.11394e-6 1 -3.479e-6 0 1 2.58039e-6 -1.60482e-6 1 2.29824e-6 3.09273e-6 1 -3.39911e-6 0 1 4.40114e-6 3.40866e-7 1 0 -4.93285e-6 1 1.41151e-5 4.77982e-6 1 -5.76817e-7 -1.52608e-6 1 7.18026e-7 8.90817e-7 1 3.81783e-6 -1.70048e-5 1 3.97779e-6 2.0433e-6 1 -2.76125e-6 4.36069e-7 1 3.03479e-6 4.32926e-6 1 -1.12455e-5 -5.38917e-6 1 2.43674e-6 -9.15341e-7 1 1.90779e-5 5.45756e-6 1 -7.79569e-7 0 1 -1.59728e-5 -2.31515e-5 1 -6.13052e-6 9.89025e-7 1 4.65744e-6 0 1 3.77333e-7 5.38639e-7 1 -3.54319e-6 -2.77967e-6 1 -5.70626e-6 2.73749e-6 1 4.57138e-6 5.40216e-6 1 -5.00446e-6 -1.78531e-6 1 -1.02897e-6 1.03696e-6 1 -1.05748e-6 1.04603e-6 1 8.38722e-7 6.83665e-7 1 -5.9692e-6 -1.57558e-5 1 -1.1376e-6 4.1471e-7 1 1.70481e-6 6.05685e-6 1 -2.46867e-6 -1.90974e-6 1 -2.51087e-6 -1.91971e-6 1 -7.26196e-6 4.18659e-5 1 -1.6847e-6 1.85012e-7 1 0 -1.68369e-6 1 8.85575e-7 5.80141e-6 1 -3.13381e-6 1.79375e-7 1 -9.27327e-7 9.77699e-7 1 -1.19986e-5 1.95479e-6 1 7.78252e-7 9.78616e-6 1 2.77717e-6 -5.55707e-7 1 1.01943e-5 7.52624e-6 1 -1.9468e-6 5.16726e-6 1 1.67471e-6 3.45835e-6 1 9.08345e-6 9.57041e-6 1 -4.71267e-6 -6.79873e-6 1 2.36329e-7 1.11305e-6 1 -1.34798e-6 -5.5418e-7 1 1.5195e-7 8.19347e-7 0.004624426 0.6451541 0.7640385 -0.01231431 0.8878918 0.4598878 0.003655076 0.8314738 0.5555521 -0.007491886 0.7523464 -0.6587251 0.007803618 0.8577046 -0.5140838 0.007033705 0.9527523 0.3036672 -0.002095937 0.9998464 0.01740658 -0.005306482 0.4874155 -0.8731541 -3.25936e-4 0.9996066 0.02804702 0.004481315 0.6715375 -0.7409571 -0.006094515 0.9505727 -0.3104427 0.00182712 0.9683037 -0.249769 0.004524469 0.4275325 -0.9039888 -0.01202791 0.03898227 -0.9991676 0.004083573 0.1467566 -0.9891642 0.00636363 -0.1305599 -0.99142 -0.01147603 -0.4527173 -0.8915804 3.72375e-4 -0.3826829 -0.9238798 0.00694406 -0.6087304 -0.7933468 -0.0110172 -0.8284736 -0.5599199 -0.001272082 -0.7933486 -0.6087663 0.007362067 -0.9238591 -0.3826622 -0.01040172 -0.9960648 -0.08801668 -0.003111839 -0.9914395 -0.1305302 0.007626831 -0.9914156 0.1305256 -0.005156219 -0.92387 0.3826715 -0.008047282 -0.9175584 0.3975197 0.006631195 -0.7933371 0.6087465 -0.006895244 -0.6640803 0.7476295 0.001541614 -0.6087352 0.793372 -0.001895666 -0.3811557 0.9245089 -0.00217235 -0.3826941 0.9238725 -0.01130241 0.06267571 0.99797 0.007178008 -0.1305452 0.9914165 0.001033425 0.1397405 0.9901877 -0.01246434 0.5449503 0.8383758 0.00713551 0.4029785 0.9151817 6.5743e-4 -0.708747 0.7054625 -4.80285e-4 -0.7058715 0.7083398 -6.39425e-4 0.7054775 0.7087321 0 0.707099 0.7071146 0.7046557 -0.004038333 0.7095379 0.7268157 0.6463831 -0.2322238 0.6850789 0.7001193 -0.2012461 0.7279304 0.6740029 -0.1258473 0.6845785 0.7233349 -0.09021663 0.7275065 0.6859087 -0.01623612 0.6851116 0.7280253 0.02452236 0.7270188 0.6801613 0.09393811 0.6857101 0.7145744 0.1385109 0.7264633 0.6568868 0.2018684 0.6863763 0.6833398 0.2488662 0.7258489 0.6166383 0.3047961 0.6870841 0.6351364 0.3528699 0.7251464 0.5604393 0.4000883 0.6878818 0.5711783 0.4478549 0.7243964 0.489699 0.4852266 0.6886529 0.4931581 0.5315566 0.7229688 0.4079092 0.5576077 0.6882511 0.403639 0.6028152 0.7233937 0.3161462 0.6138021 0.6875209 0.3041394 0.6594045 0.721432 0.2232972 0.6554954 0.727402 0.1397606 0.6718284 0.6891597 0.1962804 0.6975191 0.6728858 0.08591932 0.7347399 0.731743 0.004302322 0.6815671 0.6902918 -0.02999997 0.7229089 0.7196955 -0.10679 0.686028 0.7216018 -0.1810011 0.6682287 0.6895979 -0.1434077 0.7098514 0.7253519 -0.2739062 0.6315379 0.6857572 -0.2544869 0.6818897 0.7284977 -0.3698142 0.576653 0.686019 -0.358425 0.6331741 0.7290838 -0.4592625 0.5074591 0.6842001 -0.4545274 0.5703291 0.6829689 -0.5393245 0.4926285 0.7281128 -0.5365693 0.4265504 0.6826285 -0.6102883 0.4019536 0.7279611 -0.5979496 0.3354535 0.6821922 -0.6655511 0.3027468 0.7186652 -0.6504287 0.2458923 0.6938002 -0.6921419 0.1989492 0.7145025 -0.6771555 0.1759168 0.6969151 -0.7116401 0.08875691 0.7170594 -0.6932364 0.07245022 0.6955351 -0.7180849 -0.0241869 0.7183508 -0.6945595 -0.03948813 0.7195493 -0.6780474 -0.1500023 0.6942325 -0.7065995 -0.136961 0.7206521 -0.6441946 -0.2562696 0.693019 -0.6773926 -0.2467063 0.7216394 -0.593945 -0.3556205 0.6918673 -0.6311559 -0.3506591 0.7314626 -0.5165421 -0.4451368 0.6908026 -0.5689904 -0.4461411 0.6729294 -0.5030986 -0.5422711 0.7334111 -0.4111637 -0.5413433 0.6866938 -0.4044596 -0.6040398 0.7252588 -0.3167607 -0.6112794 0.6875237 -0.3041388 -0.6594018 0.7214325 -0.2232966 -0.6554952 0.6891666 -0.1962886 -0.6975101 0.7220517 -0.148082 -0.6758055 0.6863334 -0.08447778 -0.7223642 0.7261326 -0.04536032 -0.6860569 0.6856485 0.03017973 -0.727307 0.7266352 0.06505954 -0.6839361 0.6849575 0.1442698 -0.7141565 0.7270448 0.1736778 -0.6642605 0.6843944 0.2549324 -0.6830915 0.727408 0.2776202 -0.6275386 0.6838297 0.3594387 -0.6349653 0.7276818 0.3744099 -0.5747143 0.6834064 0.4549905 -0.5709111 0.7279523 0.4614207 -0.5071258 0.6829692 0.5393248 -0.4926276 0.7281115 0.5365695 -0.4265523 0.6826255 0.6102907 -0.4019551 0.7279598 0.5979508 -0.3354543 0.6821911 0.6655519 -0.3027474 0.003310382 0.6451516 0.7640474 -0.008791685 0.8879296 0.4598956 0.002616822 0.8314778 0.5555519 -0.005346059 0.7523542 -0.6587372 0.00557661 0.8577182 -0.51409 0.005024194 0.9527564 0.3036942 -0.001496732 0.9998472 0.01741445 -0.003782987 0.4874193 -0.8731599 -2.34151e-4 0.9996068 0.02804261 0.003207504 0.6715407 -0.7409607 -0.004353702 0.9505702 -0.310479 0.001305401 0.9682985 -0.2497929 0.0032323 0.4275977 -0.9039633 -0.008587598 0.03890502 -0.999206 0.002920389 0.1466781 -0.98918 0.00453794 -0.1304713 -0.9914417 -0.008204638 -0.4527468 -0.8916015 2.59214e-4 -0.3826843 -0.9238792 0.004952073 -0.6087365 -0.7933571 -0.007865548 -0.8284712 -0.5599766 -9.16145e-4 -0.7933835 -0.6087214 0.005259931 -0.9238575 -0.3827005 -0.00743097 -0.9960904 -0.08802759 -0.002225458 -0.9914437 -0.1305168 0.005447804 -0.9914299 0.1305265 -0.003682553 -0.9238759 0.3826745 -0.005750179 -0.9175636 0.3975475 0.004731059 -0.7933423 0.6087574 -0.004930198 -0.6641288 0.747602 0.001100718 -0.6087408 0.7933685 -0.001354515 -0.381164 0.9245066 -0.001551449 -0.3826924 0.9238745 -0.00808525 0.06266903 0.9980017 0.005120396 -0.1305533 0.9914281 7.29413e-4 0.1397406 0.9901879 -0.008893311 0.5449824 0.8384004 0.005099833 0.403032 0.9151718 0.00330466 0.6451603 0.7640402 -0.008796572 0.8879236 0.4599069 0.002611577 0.831472 0.5555606 -0.005351185 0.7523625 -0.6587276 0.005573749 0.8577067 -0.5141093 0.005023479 0.9527627 0.3036743 -0.001496911 0.9998473 0.01741337 -0.003790438 0.4874202 -0.8731594 -2.33987e-4 0.9996067 0.02804207 0.003201723 0.6715428 -0.7409589 -0.004353702 0.950582 -0.3104433 0.001305222 0.9683046 -0.249769 0.003231346 0.4275341 -0.9039934 -0.008591711 0.03898864 -0.9992027 0.002916157 0.1467531 -0.9891689 0.004545032 -0.1305529 -0.9914309 -0.008197605 -0.4527388 -0.8916056 2.65286e-4 -0.3826928 -0.9238757 0.004959464 -0.6087325 -0.7933601 -0.00786966 -0.8285069 -0.5599237 -9.08153e-4 -0.7933567 -0.6087564 0.005257904 -0.9238656 -0.3826809 -0.007429778 -0.9960925 -0.08800357 -0.002222239 -0.991443 -0.1305215 0.005446732 -0.9914311 0.1305168 -0.00368452 -0.9238712 0.3826858 -0.005747079 -0.9175762 0.3975186 0.004738211 -0.7933461 0.6087525 -0.004924237 -0.6640795 0.7476459 0.001100718 -0.6087406 0.7933686 -0.001354753 -0.3811554 0.9245101 -0.001551985 -0.3826897 0.9238756 -0.008074641 0.06266748 0.9980019 0.005126178 -0.1305547 0.9914278 7.39299e-4 0.1397508 0.9901865 -0.008902132 0.5449659 0.838411 0.005098998 0.4029672 0.9152003 0.003310561 0.6451531 0.7640463 -0.008791565 0.8879321 0.4598906 0.002616584 0.8314815 0.5555464 -0.005345523 0.752353 -0.6587386 0.005577027 0.8577148 -0.5140956 0.0050233 0.9527552 0.303698 -0.001496791 0.9998472 0.01741468 -0.003790616 0.4874172 -0.873161 -2.34238e-4 0.9996067 0.02804267 0.003202736 0.6715895 -0.7409166 -0.004353225 0.950572 -0.3104737 0.001305639 0.9682995 -0.249789 0.003231525 0.4275326 -0.9039942 -0.008597433 0.03890419 -0.999206 0.002918601 0.1467527 -0.989169 0.004534304 -0.130554 -0.9914308 -0.008204102 -0.4527485 -0.8916006 2.58616e-4 -0.3826916 -0.9238762 0.004952311 -0.6087341 -0.793359 -0.007870137 -0.8284705 -0.5599775 -9.15018e-4 -0.7933513 -0.6087635 0.00525856 -0.9238694 -0.3826717 -0.007431805 -0.9960902 -0.08802944 -0.002225697 -0.9914424 -0.1305267 0.005448341 -0.9914314 0.1305148 -0.00368309 -0.9238638 0.3827037 -0.005747437 -0.9175612 0.3975532 0.004732906 -0.793375 0.6087148 -0.004930078 -0.664132 0.7475991 0.001100361 -0.6087434 0.7933664 -0.001354694 -0.3811637 0.9245066 -0.001550495 -0.382684 0.923878 -0.008075594 0.06266951 0.9980016 0.005123674 -0.1304706 0.9914389 7.30181e-4 0.1396673 0.9901983 -0.008893847 0.5449817 0.8384009 0.005100369 0.4030237 0.9151753 0.003305196 0.645157 0.764043 -0.008796334 0.8879238 0.4599065 0.00261116 0.8314765 0.555554 -0.005352139 0.7523567 -0.6587342 0.005024135 0.952764 0.3036703 0.005573928 0.8577175 -0.5140913 -0.001497089 0.9998474 0.01740658 -0.003790259 0.4874216 -0.8731586 -2.32812e-4 0.9996066 0.0280472 0.003201305 0.67154 -0.7409614 -0.004353463 0.950581 -0.3104462 0.001305103 0.9683047 -0.2497687 0.003231406 0.4275344 -0.9039933 -0.008592247 0.03898352 -0.999203 0.00291717 0.1467572 -0.9891683 0.004545092 -0.1305627 -0.9914297 -0.008197963 -0.452736 -0.8916071 2.65584e-4 -0.3826817 -0.9238803 0.004958689 -0.6087387 -0.7933554 -0.007870256 -0.8284964 -0.5599392 -9.09641e-4 -0.7933485 -0.6087672 0.005258083 -0.9238717 -0.3826664 -0.006700575 -0.9955504 -0.09399306 -0.002223074 -0.9914418 -0.1305308 -0.004314482 -0.9417955 0.3361588 0.004734933 -0.9914335 0.1305272 2.39501e-4 -0.9238819 0.3826779 -2.87731e-4 -0.7802985 0.6254072 -0.002930939 -0.7933514 0.6087571 0.005371034 -0.6087273 0.7933613 -0.007661044 -0.4296929 0.9029425 -0.001551628 -0.3826971 0.9238727 -0.008074045 0.06267786 0.9980012 0.005127191 -0.1305441 0.9914293 7.39238e-4 0.1397438 0.9901875 0.005097687 0.4029668 0.9152005 -0.008902311 0.5449542 0.8384186 0.00331062 0.6451559 0.7640438 -0.008792281 0.887923 0.4599081 0.002615928 0.8314735 0.5555582 -0.005345523 0.7523494 -0.6587427 0.005577325 0.8577179 -0.5140904 0.005025029 0.9527585 0.3036874 -0.001497089 0.9998474 0.01741218 -0.003783047 0.4874128 -0.8731635 -2.3278e-4 0.9996065 0.02804851 0.003207325 0.6715407 -0.7409607 -0.004353463 0.9505707 -0.310478 0.001305043 0.9682967 -0.2497999 0.003231287 0.4276022 -0.9039613 -0.008587837 0.03890508 -0.9992061 0.002920031 0.1466777 -0.98918 0.004538357 -0.1304713 -0.9914417 -0.008203864 -0.4527494 -0.8916001 2.60408e-4 -0.3826832 -0.9238797 0.004952907 -0.6087365 -0.7933571 -0.007865667 -0.8284727 -0.5599743 -9.15343e-4 -0.793379 -0.6087274 0.005259633 -0.9238575 -0.3827004 -0.007431209 -0.996091 -0.08802068 -0.002225995 -0.9914448 -0.1305074 0.005447626 -0.9914313 0.1305155 -0.003681957 -0.9238753 0.3826759 -0.005750477 -0.9175607 0.397554 0.004731059 -0.7933377 0.6087636 -0.00492984 -0.6641276 0.7476031 0.001101136 -0.6087408 0.7933685 -0.001354634 -0.3811625 0.9245072 -0.001550853 -0.3826913 0.923875 -0.008085012 0.0626704 0.9980015 0.005120396 -0.1305537 0.9914281 7.29614e-4 0.1397427 0.9901877 -0.008892953 0.5449823 0.8384005 0.005100369 0.4030287 0.9151731 0.003311157 0.6451561 0.7640436 -0.008792161 0.8879269 0.4599006 0.002616524 0.8314761 0.5555545 -0.005345284 0.7523481 -0.6587441 0.005577206 0.8577173 -0.5140914 0.005024433 0.9527564 0.303694 -0.001497089 0.9998474 0.01741003 -0.003790855 0.4874138 -0.8731629 -2.32728e-4 0.9996066 0.02804857 -0.004353463 0.9505701 -0.3104797 0.001305341 0.9682977 -0.249796 0.003230869 0.4275348 -0.9039932 -0.008597791 0.03890162 -0.9992061 0.002918601 0.1467527 -0.989169 -0.008203864 -0.4527506 -0.8915995 2.59412e-4 -0.3826905 -0.9238767 0.004952073 -0.6087341 -0.793359 -0.007870852 -0.8284703 -0.5599779 -9.15013e-4 -0.7933467 -0.6087695 0.005258321 -0.9238694 -0.3826717 -0.007431983 -0.996091 -0.08802068 -0.002225875 -0.991444 -0.1305142 0.005448162 -0.9914327 0.1305054 -0.003682315 -0.9238638 0.3827037 -0.005748629 -0.9175559 0.3975654 0.004731893 -0.793372 0.6087188 -0.004930496 -0.6641364 0.7475952 0.00110054 -0.6087434 0.7933664 -0.001354992 -0.3811605 0.9245079 7.30181e-4 0.1396673 0.9901983 -0.008892953 0.5449794 0.8384023 0.005100786 0.4030258 0.9151745 0.00330466 0.6451574 0.7640427 -0.008796453 0.8879253 0.4599037 0.002611517 0.8314747 0.5555565 -0.00535202 0.7523559 -0.6587351 0.00557363 0.8577165 -0.5140928 0.00502336 0.9527627 0.3036743 -0.001496911 0.9998472 0.0174179 -0.003790259 0.4874262 -0.873156 -2.34267e-4 0.9996067 0.02804505 0.003201365 0.6715385 -0.7409627 -0.004353463 0.9505816 -0.3104447 0.003232181 0.4275342 -0.9039935 -0.008592069 0.03898829 -0.9992028 0.002916216 0.1467524 -0.989169 0.004545092 -0.1305537 -0.9914308 -0.008197247 -0.4527457 -0.891602 2.6623e-4 -0.3826906 -0.9238767 0.004959344 -0.6087341 -0.7933589 -0.007870018 -0.8285002 -0.5599336 -9.08365e-4 -0.793346 -0.6087704 0.005258083 -0.9238702 -0.3826701 -0.007430315 -0.996092 -0.08800858 -0.002223074 -0.991443 -0.1305215 0.005447447 -0.9914308 0.1305199 -0.003682255 -0.9238769 0.3826723 -0.00574851 -0.9175702 0.3975326 0.004737377 -0.7933369 0.6087645 -0.004924118 -0.6640785 0.7476467 -0.001354694 -0.3811569 0.9245094 -0.001551926 -0.3826876 0.9238766 -0.008074581 0.06266695 0.9980019 0.005126178 -0.1305556 0.9914278 2.43181e-4 0.1354318 0.9907867 -0.008901894 0.544963 0.838413 0.005436658 0.3993969 0.916762 0.8435119 -0.414137 -0.3420209 0.7953345 -0.42863 -0.4286252 0.8765167 -0.1839274 -0.4448475 0.8594592 -0.4055798 -0.3111831 0.851039 -0.4851261 -0.2009607 0.8082602 0.02310138 -0.5883724 0.8601075 -0.5031828 -0.08379834 0.8879218 -0.03491455 -0.4586675 0.8433424 0.3855999 -0.3742812 0.8362731 0.1419028 -0.5296328 0.8581694 0.3266377 -0.3960468 0.8920688 0.3211246 -0.3179506 0.8510358 -0.2009502 -0.4851361 0.859461 -0.3111902 -0.4055706 0.8728796 -0.3450264 -0.3450189 0.8531516 0.5156336 -0.07908499 0.8531797 0.4888481 0.181967 0.7765307 0.6107794 -0.154754 0.8546662 0.07615208 -0.5135627 0.855192 -0.06762546 -0.5138809 0.8601019 -0.08378267 -0.5031951 0.8322098 0.5489307 0.07811546 0.8599779 0.342709 -0.3781386 0.8511182 0.2244817 -0.4745585 0.8712444 0.1270307 -0.474127 0.8444852 0.3065824 0.4391493 0.8511804 0.4502006 -0.2698357 0.1918092 -0.9795325 -0.06103491 0.8531756 0.2169822 0.4743524 0.8532149 0.3370473 -0.3980243 0.8518112 0.5236428 0.01469343 0.8636839 0.4880549 -0.1259073 0.8680778 0.4756643 -0.1420717 0.854819 -0.2025428 0.4777666 0.8552663 -0.06202942 0.5144628 0.8517313 0.4356767 0.291101 0.8609337 0.4846902 0.1544945 0.8551589 0.4859047 0.180555 0.8579497 0.3321989 0.3918755 0.8576126 0.331804 0.3929464 0.8475587 -0.1616212 -0.5054926 0.852603 -0.3430933 0.394151 0.8579752 -0.3769875 -0.3489398 0.8523552 -0.485135 0.1952817 0.8577089 0.1236519 -0.4990447 0.855199 -0.4788478 0.1983419 0.855201 -0.4111891 0.315523 0.8220122 -0.3506214 0.4487323 0.9036385 -0.08679395 0.4194095 0.8715623 -0.346687 0.3466808 0.8378706 -0.3859917 0.3859836 0.9026425 -0.2619962 0.3414596 0.8546376 -0.1987027 0.4796997 0.8524373 -0.06825745 0.5183548 0.8200201 -0.262939 0.5083602 0.8551961 -0.5138715 -0.06764435 0.8551961 -0.5138709 0.0676496 0.855145 0.06473863 0.5143305 0.8527703 -0.5165545 -0.0771653 0.8715611 -0.4735802 0.1268978 0.860119 -0.4732643 0.1903054 0.8354839 -0.53079 0.1422279 0.8613479 -0.5013897 -0.08178275 0.8610041 -0.3895324 -0.3270115 0.8536794 -0.5153377 -0.07522404 0.8643232 -0.3865712 -0.321727 0.8612112 -0.3933986 -0.3217964 0.8552004 -0.4111905 -0.3155232 0.8551988 -0.4788473 -0.1983445 0.8469507 -0.3970296 -0.3536128 0.8386855 -0.1936349 -0.5090307 0.8249702 -0.1883845 -0.5328561 0.8715598 -0.4735822 -0.1268989 0.8619217 0.07986098 -0.5007128 0.8898742 0.1047065 -0.4440277 0.8659272 0.4377785 -0.2419092 0.8594581 -0.1956339 -0.4722914 0.7959056 0.4290364 -0.4271557 0.8510354 -0.3196548 -0.4166048 0.8534741 0.5146853 -0.08173781 0.8601037 -0.3938848 -0.3241548 0.8515853 0.4913207 0.1827746 0.8436034 0.4132432 -0.3428751 0.8549176 0.5129288 -0.07758831 0.8546631 0.07619148 -0.5135621 0.8551904 -0.06766831 -0.513878 0.8722763 -0.129976 -0.4714238 0.8520289 0.3476126 0.3914237 0.8636437 0.3385262 -0.3735233 0.8498301 0.2253364 -0.4764583 0.8581693 0.08607423 -0.5060995 0.8289885 0.3448431 0.4402971 0.374531 -0.9269373 0.022668 0.8522385 0.4487243 -0.2689536 0.8527805 0.2133079 0.4767233 0.8704309 0.3487508 -0.3474522 0.8518103 0.5236445 0.01468998 0.8636813 0.4880632 -0.1258938 0.8479744 0.5245175 -0.07629489 0.8552559 -0.06206083 0.5144762 0.8519091 0.4354357 0.2909412 0.8607885 0.4849268 0.1545613 0.855181 0.4860129 0.1801583 0.8583332 0.3326218 0.3906752 0.8576251 0.3317911 0.3929298 0.8566106 -0.1525972 -0.4928818 0.8428161 0.136532 -0.520596 0.8315908 -0.548691 0.08599364 0.8539779 -0.4820986 0.1957107 0.8551984 -0.4788479 0.1983441 0.8552003 -0.4111902 0.3155235 0.856804 0.3797501 -0.3488221 0.8366181 -0.3873455 0.3873417 0.8442882 -0.2960903 0.4466632 0.8715616 -0.3466872 0.346682 0.9031548 -0.08812427 0.4201734 0.9026492 -0.2619895 0.341447 0.8546372 -0.1987019 0.4797009 0.8524419 -0.06825691 0.5183472 0.8551965 -0.5138709 -0.06764441 0.8200258 -0.2629454 0.5083479 0.8551965 -0.5138709 0.06764441 0.8715597 -0.4735825 0.1268989 0.8522604 -0.517629 -0.07558077 0.8550907 0.06452089 0.5144481 0.8549926 0.2075024 0.4753217 0.8607106 -0.4716623 0.191604 0.8354812 -0.530794 0.1422283 0.8611446 -0.5032544 -0.07186901 0.8386908 -0.5260499 -0.1409583 0.8052009 -0.4966015 -0.3240966 0.8852214 -0.4213883 -0.1970156 0.8552002 -0.4111894 -0.3155249 0.8211117 -0.3689442 -0.4354949 0.8551985 -0.4788489 -0.1983414 0.8765147 -0.1839427 -0.4448451 0.8601065 -0.4776723 -0.1790137 0.8879232 -0.03491133 -0.4586651 0.8433424 0.3855964 -0.3742849 0.8082442 0.02311152 -0.5883938 0.8362756 0.1418984 -0.5296301 0.8581736 0.3266236 -0.3960496 0.8510374 -0.2009525 -0.4851325 0.8920775 0.3211058 -0.317945 0.8594609 -0.31119 -0.4055709 0.8722822 -0.3432853 -0.3482514 0.8531537 0.5156283 -0.07909691 0.8531783 0.4888514 0.1819647 0.7765401 0.6107662 -0.1547582 0.8546813 0.07618743 -0.5135324 0.8552082 -0.0676645 -0.513849 0.8601039 -0.08377951 -0.5031923 0.833684 0.545813 0.08402001 0.8599906 0.3427196 -0.3780997 0.8511311 0.2244378 -0.4745562 0.8712455 0.1270282 -0.4741257 0.8444623 0.3066512 0.4391452 0.8511793 0.4502006 -0.2698395 0.1917256 -0.9795472 -0.06106317 0.8531762 0.2169837 0.4743506 0.8532124 0.3370482 -0.3980293 0.8518102 0.5236445 0.01469314 0.8636811 0.4880601 -0.125906 0.8544604 -0.1988955 0.4799354 0.8680766 0.4756643 -0.1420788 0.855248 -0.06157326 0.514548 0.8517322 0.4356763 0.2910991 0.8609336 0.4846903 0.1544958 0.8551637 0.4858988 0.1805475 0.8579513 0.3322022 0.3918691 0.8475659 -0.1616427 -0.5054738 0.8524971 -0.3432002 0.3942871 0.8579761 -0.3769739 -0.3489525 0.8522774 -0.4852582 0.1953144 0.8551935 -0.4788503 0.1983594 0.8577057 0.1236842 -0.4990422 0.8551924 -0.4112173 0.3155097 0.8715612 -0.3466882 0.346682 0.8195798 -0.3512035 0.4527086 0.9030173 -0.09468549 0.4190398 0.8378727 -0.385989 0.3859816 0.9024971 -0.2621828 0.3417003 0.8566914 -0.1973994 0.4765642 0.8524987 -0.06820243 0.518261 0.851041 -0.5206078 -0.06853407 0.8594616 -0.5068283 0.06671476 0.816723 -0.2585725 0.5158525 0.8722822 -0.4732379 0.1231662 0.8551121 0.06470358 0.5143897 0.8527421 -0.5165917 -0.07722711 0.8601193 -0.4732691 0.1902929 0.8078224 -0.5814587 0.09658604 0.861464 -0.3916044 -0.3233049 0.8709375 -0.4900881 -0.03580117 0.8435054 -0.4141451 -0.3420275 0.7953085 -0.4286514 -0.4286518 0.8594626 -0.405559 -0.3112008 0.876529 -0.1839492 -0.4448143 0.8510386 -0.4851346 -0.2009421 0.8879405 -0.03493678 -0.4586297 0.8601049 -0.5031857 -0.08380818 0.8433415 0.3855923 -0.374291 0.8082174 0.02315098 -0.5884292 0.8362932 0.1419225 -0.5295958 0.8581624 0.326614 -0.3960818 0.8920639 0.3211315 -0.3179572 0.851037 -0.200949 -0.4851347 0.8594579 -0.3111953 -0.4055735 0.8728774 -0.3450307 -0.3450203 0.8531537 0.5156283 -0.07909739 0.8531791 0.4888477 0.1819709 0.776541 0.6107599 -0.1547793 0.8546649 0.07619476 -0.5135585 0.8551923 -0.06767219 -0.5138742 0.8601032 -0.08383572 -0.5031839 0.8321868 0.5490064 0.07782781 0.8599907 0.342695 -0.3781219 0.8511298 0.2244381 -0.4745585 0.8712406 0.1270583 -0.4741267 0.8444886 0.3065534 0.4391628 0.8511832 0.4501958 -0.269835 0.1907143 -0.9797123 -0.06157982 0.8531908 0.2169297 0.4743492 0.8532097 0.3370202 -0.3980585 0.8518091 0.5236464 0.01469248 0.8636797 0.488066 -0.125894 0.8680803 0.4756566 -0.1420824 0.8548146 -0.2025842 0.4777569 0.8552628 -0.06204295 0.5144669 0.8517315 0.4356772 0.2910996 0.8609359 0.48469 0.1544834 0.8551611 0.4858998 0.1805573 0.8579496 0.3321671 0.3919026 0.857626 0.3317893 0.3929294 0.8475336 -0.1616254 -0.5055335 0.8525992 -0.3430242 0.3942196 0.857967 -0.3769868 -0.3489609 0.8523569 -0.4851301 0.1952859 0.8576855 0.1236009 -0.4990977 0.8551975 -0.4788502 0.1983426 0.855199 -0.4111953 0.3155205 0.8378555 -0.3860037 0.3860044 0.8220501 -0.3505259 0.4487375 0.9036149 -0.08683025 0.4194529 0.8715633 -0.346681 0.346684 0.9026499 -0.2619849 0.3414486 0.8546378 -0.1987062 0.479698 0.8524447 -0.06825059 0.5183434 0.8200299 -0.2629454 0.5083412 0.8551961 -0.5138704 -0.06765496 0.8551966 -0.5138695 0.06765413 0.8551434 0.06475323 0.5143315 0.871559 -0.4735841 0.1268982 0.8527628 -0.5165652 -0.07717555 0.8601162 -0.4732666 0.1903126 0.8354799 -0.5307959 0.1422288 0.8613514 -0.5013836 -0.08178347 0.8610337 -0.3895848 -0.3268711 0.8536806 -0.5153367 -0.07521808 0.8051949 -0.4966067 -0.3241032 0.8852221 -0.4213858 -0.1970177 0.8211075 -0.368943 -0.4355038 0.8552 -0.4111924 -0.3155214 0.8765115 -0.1839376 -0.4448534 0.8551979 -0.4788494 -0.1983431 0.8879227 -0.03491097 -0.4586661 0.8601059 -0.4776735 -0.1790134 0.8433417 0.3856034 -0.3742791 0.8082469 0.0231145 -0.5883901 0.8362746 0.1418982 -0.5296316 0.8581719 0.3266323 -0.3960462 0.8920722 0.3211212 -0.3179442 0.8510393 -0.2009534 -0.4851287 0.8594623 -0.3111878 -0.4055698 0.8722833 -0.3432818 -0.3482522 0.8531542 0.5156278 -0.07909446 0.8531769 0.4888539 0.181965 0.7765384 0.6107687 -0.1547571 0.8546807 0.07618737 -0.5135334 0.8552075 -0.0676645 -0.51385 0.8601045 -0.08378082 -0.5031909 0.8337678 0.5456792 0.08405703 0.8599925 0.3427183 -0.3780971 0.8511319 0.2244352 -0.4745561 0.8712462 0.1270282 -0.4741244 0.8444618 0.3066514 0.4391461 0.8511812 0.4501978 -0.2698382 0.1915881 -0.9795682 -0.0611577 0.8531765 0.2169838 0.4743498 0.8532131 0.3370482 -0.3980278 0.8518108 0.5236438 0.01468783 0.8636807 0.488062 -0.1259018 0.8544614 -0.1989116 0.479927 0.8680765 0.4756641 -0.1420807 0.8552481 -0.06156796 0.5145486 0.8517323 0.4356789 0.2910947 0.8609327 0.48469 0.1545011 0.855164 0.4858987 0.1805465 0.8579519 0.3321998 0.3918698 0.8576126 0.3318014 0.3929486 0.8475665 -0.1616392 -0.505474 0.8524957 -0.3431984 0.3942919 0.8579779 -0.3769683 -0.3489543 0.8522746 -0.4852607 0.1953207 0.8577075 0.1236746 -0.4990415 0.8551933 -0.4788502 0.1983608 0.8551917 -0.411221 0.3155069 0.8195831 -0.3511968 0.4527079 0.9030157 -0.09469443 0.4190415 0.8715617 -0.346686 0.3466829 0.8378731 -0.3859875 0.3859824 0.9024953 -0.2621855 0.3417033 0.8566918 -0.1974002 0.4765632 0.8524963 -0.06820207 0.5182649 0.816728 -0.2585719 0.515845 0.8510407 -0.5206076 -0.06853854 0.8594624 -0.5068264 0.06671899 0.8551114 0.06470167 0.5143911 0.8722814 -0.4732393 0.1231657 0.8527389 -0.5165981 -0.07722079 0.8601202 -0.4732662 0.1902959 0.8078286 -0.5814493 0.09659069 0.8614584 -0.3914383 -0.3235207 0.8709397 -0.4900854 -0.03578138 0.8435068 -0.4141371 -0.3420336 0.7953158 -0.4286407 -0.4286491 0.8594613 -0.4055639 -0.3111982 0.8765281 -0.183949 -0.4448161 0.851038 -0.485132 -0.2009512 0.8879391 -0.03493261 -0.4586327 0.8601057 -0.5031846 -0.08380651 0.8433439 0.3855801 -0.3742985 0.8082193 0.02315372 -0.5884263 0.8362925 0.1419281 -0.5295954 0.8581653 0.3266065 -0.3960815 0.8920628 0.3211299 -0.3179617 0.8510363 -0.2009539 -0.4851338 0.8594578 -0.3111919 -0.4055761 0.872878 -0.3450273 -0.3450223 0.8531544 0.5156273 -0.07909512 0.8531827 0.4888405 0.1819732 0.7765409 0.6107612 -0.1547739 0.8546636 0.07619172 -0.5135611 0.8551903 -0.06766796 -0.513878 0.8601032 -0.08383321 -0.5031845 0.8336974 0.5458255 0.08380478 0.8599904 0.3426973 -0.3781207 0.8511304 0.2244377 -0.4745576 0.8712407 0.1270628 -0.4741252 0.8444642 0.3066226 0.4391615 0.8511809 0.4501956 -0.2698429 0.1907622 -0.9797047 -0.06155133 0.8531891 0.2169327 0.4743508 0.8532094 0.3370212 -0.3980587 0.8518095 0.5236458 0.01469159 0.8636802 0.4880654 -0.1258924 0.854453 -0.1990102 0.4799013 0.8680806 0.4756578 -0.1420766 0.8552488 -0.061625 0.5145406 0.8517307 0.4356756 0.2911043 0.8609347 0.4846906 0.1544873 0.8551577 0.4859043 0.1805612 0.8579497 0.3321716 0.3918987 0.8576262 0.331792 0.3929269 0.8475356 -0.1616255 -0.5055301 0.8524894 -0.3431193 0.3943743 0.8579649 -0.3769971 -0.3489548 0.8522765 -0.485248 0.1953441 0.8576853 0.1236116 -0.4990954 0.8551967 -0.4788486 0.1983501 0.8551985 -0.4111968 0.3155199 0.8378558 -0.3860021 0.3860051 0.8196238 -0.3510905 0.4527168 0.9029924 -0.09472763 0.419084 0.8715625 -0.3466826 0.3466846 0.9025058 -0.2621709 0.3416867 0.8566918 -0.1974029 0.476562 0.8524984 -0.06824451 0.5182561 0.8167354 -0.2585816 0.5158283 0.8551961 -0.5138711 -0.06764876 0.8551961 -0.5138711 0.06764876 0.8551108 0.0647639 0.5143844 0.8715599 -0.4735827 0.1268979 0.8527361 -0.5165984 -0.07724827 0.8601169 -0.4732629 0.1903187 0.8354801 -0.5307955 0.1422296 0.8613526 -0.5013822 -0.08177822 0.861522 -0.3920425 -0.3226181 0.853686 -0.5153278 -0.07521682 0.8433822 -0.4137996 -0.3427487 0.7954521 -0.4285166 -0.4285202 0.859459 -0.4055814 -0.3111817 0.8886198 -0.1056102 -0.4463197 0.8510388 -0.4851274 -0.2009593 0.8469637 0.3970585 -0.3535494 0.8601062 -0.5031852 -0.0837984 0.8619214 -0.08082544 -0.5005586 0.8359489 0.1420295 -0.5301105 0.7945244 0.278936 -0.5393754 0.8868654 0.2595473 -0.3822368 0.8800338 0.3758922 -0.2902508 0.8510392 -0.2009507 -0.4851302 0.859462 -0.3111889 -0.4055693 0.8728802 -0.3450219 -0.3450219 0.8529198 0.5156938 -0.08116662 0.853069 0.4890107 0.1820493 0.7774574 0.6096265 -0.1546471 0.8546656 0.07615202 -0.5135636 0.8551921 -0.06762522 -0.5138807 0.8340517 0.5450537 0.08528846 0.8601033 -0.08378607 -0.5031921 0.8599802 0.3427069 -0.378135 0.8511198 0.2244787 -0.4745573 0.8712447 0.1270309 -0.4741266 0.8444609 0.3066551 0.4391453 0.1915883 -0.9795674 -0.06117099 0.851179 0.4502027 -0.2698368 0.8531779 0.2169841 0.4743475 0.8532126 0.3370438 -0.3980325 0.8518111 0.5236431 0.01468819 0.8636832 0.4880575 -0.1259025 0.8544524 -0.1989883 0.4799114 0.8552455 -0.06167751 0.5145396 0.868077 0.4756672 -0.1420673 0.8517317 0.4356787 0.2910968 0.8609329 0.4846904 0.1544985 0.8551616 0.4858998 0.1805554 0.8579516 0.3321972 0.3918725 0.8576132 0.3318006 0.3929477 0.8568166 -0.3797528 -0.3487882 0.8524932 -0.3431729 0.3943194 0.84284 -0.1365001 -0.5205656 0.8522759 -0.4852541 0.1953319 0.8551988 -0.4788477 0.1983433 0.8552002 -0.4111929 0.3155202 0.856629 0.1525984 -0.4928495 0.8196019 -0.3511729 0.4526923 0.8715629 -0.3466846 0.3466815 0.903019 -0.09463113 0.4190484 0.8378695 -0.3859914 0.3859863 0.902493 -0.2621868 0.3417084 0.8566957 -0.1974013 0.4765556 0.8525232 -0.0682407 0.5182156 0.8551966 -0.5138701 -0.06764853 0.8167315 -0.2585791 0.515836 0.8551974 -0.5138683 0.06765359 0.8715603 -0.473582 0.1268973 0.8527424 -0.5165938 -0.07720899 0.8551135 0.06474357 0.5143826 0.8601219 -0.4732596 0.1903045 0.8659447 -0.4375184 -0.242317 0.8354837 -0.5307902 0.1422282 0.8613516 -0.501385 -0.08177226 0.8536779 -0.5153425 -0.07520723 0.843511 -0.4141429 -0.3420161 0.7953028 -0.4286548 -0.428659 0.8594622 -0.4055597 -0.3112011 0.8765259 -0.1839525 -0.4448187 0.8510383 -0.485135 -0.2009428 0.8879403 -0.03493541 -0.4586302 0.8601056 -0.5031847 -0.08380752 0.8433411 0.3855938 -0.3742905 0.8082125 0.02315413 -0.5884355 0.8362936 0.1419231 -0.529595 0.8581616 0.3266167 -0.3960811 0.8920643 0.321133 -0.3179543 0.8510373 -0.2009488 -0.4851344 0.859457 -0.3111954 -0.405575 0.8728785 -0.3450288 -0.3450195 0.8531517 0.5156315 -0.07909685 0.8531826 0.4888421 0.18197 0.7765396 0.6107622 -0.1547768 0.8546643 0.07619363 -0.5135597 0.8601036 -0.08383464 -0.5031837 0.833676 0.5458599 0.08379334 0.8599892 0.3426973 -0.3781234 0.8511292 0.224438 -0.4745596 0.8712403 0.1270595 -0.4741269 0.8444643 0.3066266 0.4391584 0.8511837 0.4501954 -0.2698345 0.1907826 -0.9797014 -0.06153911 0.8531911 0.2169337 0.4743466 0.8532104 0.3370217 -0.3980562 0.8518097 0.5236454 0.01469224 0.8636811 0.4880633 -0.1258935 0.8544506 -0.1990265 0.4798986 0.8680802 0.4756571 -0.1420816 0.8552482 -0.06160777 0.5145435 0.8517325 0.435676 0.2910982 0.8609354 0.4846907 0.1544838 0.8551591 0.4859027 0.180559 0.8579502 0.3321683 0.3919002 0.8576267 0.3317894 0.392928 0.8475354 -0.161628 -0.5055298 0.8524898 -0.3431126 0.3943791 0.8579682 -0.376995 -0.3489492 0.8522782 -0.4852479 0.1953365 0.8576852 0.1236127 -0.4990953 0.8551982 -0.4788493 0.198342 0.8551988 -0.4111959 0.3155204 0.8378573 -0.3860012 0.386003 0.8196254 -0.3510867 0.4527168 0.902992 -0.09473413 0.4190835 0.871563 -0.3466819 0.3466838 0.9025065 -0.2621682 0.341687 0.8566921 -0.1974054 0.4765603 0.8524952 -0.06824123 0.5182617 0.816732 -0.258579 0.5158352 0.8551968 -0.5138691 -0.06765484 0.8551109 0.06475669 0.5143851 0.8715602 -0.473582 0.1268978 0.85274 -0.5165949 -0.07722908 0.860116 -0.4732663 0.1903143 0.8354797 -0.5307962 0.1422287 0.8613519 -0.5013827 -0.08178246 0.8615728 -0.3919994 -0.3225348 0.8536798 -0.515338 -0.07521748</float_array>
          <technique_common>
            <accessor source="#link_6-mesh-normals-array" count="1451" stride="3">
              <param name="X" type="float"/>
              <param name="Y" type="float"/>
              <param name="Z" type="float"/>
            </accessor>
          </technique_common>
        </source>
        <vertices id="link_6-mesh-vertices">
          <input semantic="POSITION" source="#link_6-mesh-positions"/>
        </vertices>
        <triangles material="link_06_part_000_mtl-material" count="1502">
          <input semantic="VERTEX" source="#link_6-mesh-vertices" offset="0"/>
          <input semantic="NORMAL" source="#link_6-mesh-normals" offset="1"/>
          <p>4 0 0 0 1 0 4 1 1 1 3 1 6 2 3 2 2 2 6 2 4 2 3 2 6 3 2 3 5 3 6 4 7 4 4 4 8 5 7 5 6 5 10 2 8 2 6 2 10 6 6 6 9 6 11 7 10 7 12 7 11 8 13 8 8 8 11 9 8 9 10 9 14 2 11 2 12 2 15 2 16 2 11 2 18 2 11 2 14 2 18 2 15 2 11 2 18 10 14 10 17 10 18 11 17 11 19 11 23 12 22 12 18 12 23 2 18 2 19 2 23 13 19 13 20 13 26 2 22 2 23 2 26 2 21 2 22 2 26 14 24 14 21 14 28 15 25 15 27 15 28 2 23 2 25 2 28 2 26 2 23 2 30 2 29 2 26 2 31 2 26 2 28 2 31 16 30 16 26 16 32 2 30 2 31 2 34 17 31 17 33 17 36 2 35 2 32 2 37 2 32 2 31 2 37 18 31 18 34 18 39 19 38 19 36 19 40 20 37 20 41 20 40 2 32 2 37 2 44 2 36 2 32 2 44 2 32 2 40 2 44 2 40 2 43 2 45 21 39 21 36 21 45 22 42 22 39 22 46 23 36 23 44 23 46 24 45 24 36 24 48 2 46 2 49 2 48 25 45 25 46 25 48 26 47 26 45 26 50 2 48 2 49 2 52 2 48 2 50 2 52 2 51 2 48 2 17 27 14 27 54 27 17 28 54 28 55 28 19 29 17 29 55 29 40 30 56 30 57 30 19 31 55 31 58 31 40 32 57 32 59 32 20 33 19 33 58 33 43 34 40 34 59 34 20 35 58 35 60 35 43 36 59 36 61 36 23 37 20 37 60 37 23 38 60 38 62 38 44 39 43 39 61 39 25 40 23 40 62 40 44 41 61 41 63 41 25 42 62 42 64 42 46 43 44 43 63 43 27 44 25 44 64 44 46 45 63 45 65 45 27 46 64 46 66 46 28 47 27 47 66 47 49 48 46 48 65 48 49 49 65 49 67 49 28 50 66 50 68 50 31 51 28 51 68 51 50 52 49 52 67 52 31 53 68 53 69 53 50 54 67 54 70 54 33 55 31 55 69 55 52 56 50 56 70 56 33 57 69 57 71 57 52 58 70 58 72 58 34 59 33 59 71 59 34 60 71 60 73 60 51 61 52 61 72 61 37 62 34 62 73 62 51 63 72 63 74 63 37 64 73 64 75 64 48 65 51 65 74 65 41 66 37 66 75 66 76 67 77 67 78 67 41 68 75 68 56 68 48 69 74 69 77 69 40 70 41 70 56 70 79 71 80 71 81 71 47 72 77 72 76 72 47 73 48 73 77 73 47 74 76 74 80 74 45 75 47 75 80 75 45 76 80 76 79 76 45 77 79 77 82 77 42 78 45 78 82 78 42 79 82 79 83 79 39 80 42 80 83 80 39 81 83 81 84 81 38 82 84 82 85 82 38 83 39 83 84 83 36 84 85 84 86 84 36 85 38 85 85 85 35 86 86 86 87 86 35 87 36 87 86 87 35 88 87 88 88 88 32 89 35 89 88 89 32 90 88 90 89 90 30 91 32 91 89 91 30 92 89 92 90 92 29 93 30 93 90 93 29 94 90 94 91 94 26 95 29 95 91 95 26 96 91 96 92 96 24 97 26 97 92 97 24 98 92 98 93 98 21 99 24 99 93 99 21 100 93 100 94 100 22 101 21 101 94 101 22 102 94 102 95 102 18 103 22 103 95 103 18 104 95 104 96 104 15 105 18 105 96 105 15 106 96 106 97 106 16 107 15 107 97 107 16 108 97 108 98 108 11 109 16 109 98 109 11 110 98 110 99 110 13 111 11 111 99 111 13 112 99 112 100 112 8 113 13 113 100 113 8 114 100 114 101 114 7 115 8 115 101 115 7 116 101 116 102 116 4 117 7 117 102 117 4 118 102 118 103 118 0 119 4 119 103 119 0 120 103 120 104 120 1 121 0 121 104 121 1 122 104 122 105 122 3 123 1 123 105 123 3 124 105 124 106 124 2 125 3 125 106 125 2 126 106 126 107 126 5 127 2 127 107 127 5 128 107 128 108 128 6 129 5 129 108 129 6 130 108 130 109 130 9 131 6 131 109 131 9 132 109 132 110 132 10 133 9 133 110 133 10 134 110 134 111 134 12 135 10 135 111 135 12 136 111 136 53 136 14 137 12 137 53 137 14 138 53 138 54 138 112 139 56 139 113 139 57 140 56 140 112 140 59 141 57 141 112 141 114 142 59 142 112 142 61 143 59 143 114 143 115 144 61 144 114 144 63 145 61 145 115 145 116 146 63 146 115 146 65 147 63 147 116 147 117 148 65 148 116 148 67 149 65 149 117 149 118 150 67 150 117 150 70 151 67 151 118 151 119 152 70 152 118 152 72 153 70 153 119 153 120 154 72 154 119 154 74 155 72 155 120 155 121 156 74 156 120 156 77 157 74 157 121 157 122 158 77 158 121 158 78 159 77 159 122 159 78 160 122 160 123 160 124 161 81 161 123 161 79 162 81 162 124 162 125 163 79 163 124 163 82 164 79 164 125 164 126 165 82 165 125 165 83 166 82 166 126 166 84 167 83 167 126 167 84 168 126 168 127 168 85 169 84 169 127 169 85 170 127 170 128 170 86 171 85 171 128 171 86 172 128 172 129 172 87 173 86 173 129 173 87 174 129 174 130 174 88 175 87 175 130 175 88 176 130 176 131 176 89 177 131 177 132 177 89 178 88 178 131 178 90 179 132 179 133 179 90 180 89 180 132 180 91 181 133 181 134 181 91 182 90 182 133 182 92 183 91 183 134 183 92 184 134 184 135 184 93 185 92 185 135 185 93 186 135 186 136 186 94 187 93 187 136 187 94 188 136 188 137 188 95 189 94 189 137 189 95 190 137 190 138 190 96 191 95 191 138 191 96 192 138 192 139 192 97 193 96 193 139 193 97 194 139 194 140 194 98 195 97 195 140 195 98 196 140 196 141 196 99 197 141 197 142 197 99 198 98 198 141 198 100 199 142 199 143 199 100 200 99 200 142 200 101 201 143 201 144 201 101 202 100 202 143 202 102 203 144 203 145 203 102 204 101 204 144 204 103 205 145 205 146 205 103 206 102 206 145 206 104 207 146 207 147 207 104 208 103 208 146 208 105 209 147 209 148 209 105 210 104 210 147 210 106 211 105 211 148 211 106 212 148 212 149 212 107 213 106 213 149 213 107 214 149 214 150 214 108 215 107 215 150 215 108 216 150 216 151 216 109 217 151 217 152 217 109 218 108 218 151 218 110 219 109 219 152 219 153 220 110 220 152 220 111 221 110 221 153 221 154 222 111 222 153 222 53 223 111 223 154 223 155 224 53 224 154 224 54 225 53 225 155 225 156 226 54 226 155 226 55 227 54 227 156 227 157 228 55 228 156 228 58 229 55 229 157 229 158 230 58 230 157 230 60 231 58 231 158 231 159 232 60 232 158 232 62 233 60 233 159 233 160 234 62 234 159 234 64 235 62 235 160 235 161 236 64 236 160 236 66 237 64 237 161 237 162 238 66 238 161 238 68 239 66 239 162 239 163 240 68 240 162 240 69 241 68 241 163 241 164 242 69 242 163 242 71 243 69 243 164 243 165 244 71 244 164 244 73 245 71 245 165 245 166 246 73 246 165 246 75 247 73 247 166 247 113 248 75 248 166 248 56 249 75 249 113 249 169 250 170 250 168 250 173 250 169 250 168 250 173 250 168 250 178 250 173 250 178 250 180 250 176 251 174 251 175 251 179 252 181 252 172 252 182 250 171 250 172 250 177 253 179 253 172 253 181 254 182 254 172 254 180 255 178 255 183 255 176 256 175 256 184 256 178 250 185 250 188 250 189 257 176 257 187 257 176 250 184 250 169 250 192 250 187 250 193 250 188 250 191 250 195 250 183 258 178 258 181 258 190 250 186 250 181 250 186 250 183 250 181 250 194 250 190 250 181 250 178 250 188 250 182 250 188 259 195 259 182 259 197 260 193 260 198 260 181 250 178 250 182 250 176 261 169 261 173 261 182 262 199 262 171 262 193 250 187 250 173 250 198 250 193 250 173 250 187 263 176 263 173 263 196 250 167 250 168 250 170 250 196 250 168 250 201 264 200 264 194 264 201 265 194 265 181 265 202 266 201 266 181 266 202 267 181 267 179 267 203 268 202 268 179 268 204 269 203 269 177 269 203 270 179 270 177 270 205 271 204 271 177 271 205 272 177 272 172 272 206 273 205 273 172 273 206 274 172 274 171 274 207 275 206 275 171 275 207 276 171 276 199 276 208 277 207 277 199 277 208 278 199 278 182 278 209 279 208 279 182 279 210 280 209 280 182 280 210 281 182 281 195 281 211 282 210 282 195 282 211 283 195 283 191 283 212 284 211 284 191 284 212 285 191 285 188 285 213 286 212 286 188 286 213 287 188 287 185 287 214 288 213 288 185 288 214 289 185 289 178 289 215 290 214 290 178 290 216 291 215 291 168 291 215 292 178 292 168 292 217 293 216 293 167 293 216 294 168 294 167 294 217 295 167 295 196 295 218 296 217 296 196 296 219 297 218 297 196 297 219 298 196 298 170 298 220 299 219 299 170 299 221 300 220 300 170 300 221 301 170 301 169 301 222 302 221 302 169 302 222 303 169 303 184 303 223 304 222 304 184 304 223 305 184 305 175 305 224 306 223 306 175 306 224 307 175 307 174 307 225 308 224 308 174 308 226 309 225 309 176 309 225 310 174 310 176 310 227 311 226 311 176 311 227 312 176 312 189 312 228 313 227 313 189 313 228 314 189 314 187 314 229 315 228 315 187 315 229 316 187 316 192 316 230 317 229 317 192 317 230 318 192 318 193 318 231 319 230 319 193 319 231 320 193 320 197 320 232 321 231 321 197 321 232 322 197 322 198 322 233 323 232 323 198 323 233 324 198 324 173 324 234 325 233 325 173 325 235 326 234 326 180 326 234 327 173 327 180 327 236 328 235 328 180 328 236 329 180 329 183 329 237 330 236 330 183 330 237 331 183 331 186 331 238 332 237 332 186 332 238 333 186 333 190 333 239 334 238 334 190 334 200 335 239 335 194 335 239 336 190 336 194 336 240 337 241 337 242 337 243 338 244 338 128 338 158 339 245 339 246 339 247 340 248 340 249 340 240 341 242 341 251 341 252 342 253 342 254 342 255 343 256 343 257 343 249 344 248 344 258 344 248 345 259 345 258 345 254 346 253 346 260 346 166 347 261 347 113 347 250 348 136 348 262 348 263 349 240 349 251 349 257 350 256 350 264 350 246 351 266 351 159 351 258 352 259 352 265 352 158 353 246 353 159 353 260 354 253 354 267 354 253 355 268 355 267 355 269 356 270 356 271 356 270 357 247 357 271 357 247 358 249 358 271 358 145 359 144 359 272 359 252 360 254 360 273 360 275 361 252 361 273 361 243 362 128 362 127 362 272 363 144 363 276 363 277 364 262 364 135 364 278 365 243 365 127 365 274 366 150 366 279 366 262 367 136 367 135 367 256 368 280 368 264 368 259 369 281 369 265 369 263 370 251 370 282 370 268 371 278 371 267 371 283 372 269 372 271 372 151 373 150 373 274 373 144 374 143 374 284 374 276 375 144 375 284 375 150 376 149 376 279 376 261 377 283 377 113 377 145 378 272 378 286 378 265 379 281 379 285 379 266 380 287 380 159 380 267 381 278 381 288 381 151 382 274 382 289 382 283 383 271 383 290 383 275 384 273 384 291 384 264 385 280 385 293 385 292 386 275 386 291 386 280 387 294 387 293 387 279 388 149 388 295 388 296 389 263 389 282 389 281 390 297 390 285 390 283 391 290 391 113 391 159 392 287 392 160 392 146 393 145 393 286 393 296 394 282 394 298 394 297 395 292 395 291 395 284 396 143 396 299 396 285 397 297 397 300 397 295 398 149 398 301 398 149 399 148 399 301 399 288 400 278 400 126 400 277 401 135 401 134 401 278 402 127 402 126 402 113 403 290 403 112 403 294 404 302 404 303 404 146 405 286 405 304 405 147 406 146 406 304 406 293 407 294 407 303 407 300 408 297 408 305 408 287 409 306 409 160 409 151 410 289 410 307 410 297 411 291 411 305 411 152 412 151 412 307 412 308 413 277 413 134 413 143 414 142 414 299 414 309 415 296 415 310 415 148 416 147 416 301 416 296 417 298 417 310 417 311 418 288 418 126 418 160 419 306 419 161 419 302 420 308 420 312 420 303 421 302 421 312 421 299 422 142 422 313 422 308 423 134 423 133 423 311 424 126 424 125 424 301 425 147 425 314 425 147 426 304 426 314 426 112 427 290 427 114 427 290 428 315 428 114 428 314 429 304 429 316 429 153 430 152 430 317 430 152 431 307 431 317 431 142 432 141 432 313 432 318 433 311 433 125 433 313 434 141 434 319 434 312 435 308 435 320 435 306 436 309 436 321 436 161 437 306 437 321 437 153 438 317 438 322 438 318 439 125 439 124 439 320 440 308 440 323 440 154 441 153 441 322 441 308 442 133 442 323 442 141 443 140 443 319 443 310 444 324 444 325 444 309 445 310 445 325 445 321 446 309 446 325 446 326 447 312 447 320 447 162 448 161 448 321 448 323 449 133 449 327 449 133 450 132 450 327 450 315 451 328 451 115 451 328 452 329 452 115 452 114 453 315 453 115 453 325 454 324 454 330 454 331 455 318 455 124 455 326 456 320 456 332 456 162 457 321 457 333 457 331 458 124 458 123 458 329 459 334 459 116 459 115 460 329 460 116 460 331 461 123 461 122 461 324 462 335 462 330 462 336 463 331 463 122 463 334 464 337 464 116 464 338 465 326 465 332 465 339 466 336 466 122 466 163 467 162 467 333 467 116 468 337 468 117 468 327 469 132 469 340 469 337 470 341 470 117 470 339 471 122 471 121 471 330 472 335 472 342 472 343 473 339 473 121 473 340 474 132 474 131 474 338 475 332 475 344 475 117 476 341 476 118 476 341 477 346 477 118 477 163 478 333 478 347 478 314 479 316 479 345 479 343 480 121 480 120 480 314 481 345 481 348 481 349 482 343 482 120 482 350 483 314 483 348 483 335 484 351 484 342 484 305 485 349 485 120 485 118 486 346 486 119 486 352 487 338 487 344 487 346 488 300 488 119 488 305 489 120 489 119 489 300 490 305 490 119 490 345 491 316 491 353 491 316 492 354 492 353 492 342 493 351 493 355 493 351 494 356 494 355 494 357 495 340 495 131 495 350 496 348 496 358 496 352 497 344 497 359 497 360 498 350 498 358 498 354 499 361 499 353 499 353 500 361 500 362 500 347 501 363 501 164 501 163 502 347 502 164 502 364 503 352 503 359 503 365 504 360 504 366 504 360 505 358 505 366 505 361 506 367 506 362 506 357 507 131 507 130 507 362 508 367 508 368 508 367 509 369 509 368 509 357 510 130 510 370 510 356 511 270 511 269 511 355 512 356 512 269 512 364 513 359 513 371 513 363 514 372 514 164 514 364 515 371 515 268 515 373 516 365 516 374 516 365 517 366 517 374 517 156 518 155 518 375 518 268 519 371 519 278 519 375 520 155 520 377 520 139 521 138 521 378 521 376 522 139 522 378 522 369 523 379 523 380 523 368 524 369 524 380 524 381 525 373 525 374 525 140 526 139 526 376 526 372 527 382 527 165 527 377 528 155 528 383 528 164 529 372 529 165 529 155 530 154 530 383 530 378 531 138 531 384 531 156 532 375 532 385 532 157 533 156 533 385 533 140 534 376 534 386 534 319 535 140 535 386 535 379 536 319 536 386 536 154 537 322 537 383 537 322 538 381 538 383 538 138 539 137 539 384 539 381 540 374 540 387 540 370 541 130 541 129 541 388 542 370 542 129 542 382 543 389 543 165 543 383 544 381 544 241 544 384 545 137 545 390 545 241 546 381 546 387 546 380 547 379 547 391 547 379 548 386 548 391 548 244 549 388 549 129 549 157 550 385 550 245 550 165 551 389 551 166 551 389 552 261 552 166 552 386 553 255 553 391 553 241 554 387 554 242 554 157 555 245 555 158 555 244 556 129 556 128 556 390 557 137 557 250 557 250 558 137 558 136 558 391 559 255 559 257 559 291 560 393 560 392 560 305 561 291 561 395 561 291 562 392 562 395 562 339 563 343 563 396 563 343 564 394 564 396 564 305 565 395 565 397 565 349 566 305 566 398 566 336 567 339 567 399 567 305 568 397 568 398 568 339 569 396 569 399 569 343 570 349 570 394 570 349 571 398 571 394 571 336 572 399 572 400 572 331 573 336 573 401 573 336 574 400 574 401 574 331 575 401 575 402 575 318 576 331 576 403 576 331 577 402 577 403 577 318 578 403 578 404 578 311 579 318 579 405 579 318 580 404 580 405 580 311 581 405 581 406 581 288 582 311 582 407 582 311 583 406 583 407 583 288 584 407 584 408 584 288 585 408 585 409 585 267 586 288 586 409 586 267 587 409 587 410 587 260 588 267 588 410 588 260 589 410 589 411 589 254 590 260 590 411 590 254 591 411 591 412 591 273 592 254 592 413 592 254 593 412 593 413 593 273 594 413 594 414 594 291 595 273 595 393 595 273 596 414 596 393 596 81 597 80 597 415 597 123 598 81 598 415 598 78 599 123 599 415 599 78 600 415 600 76 600 80 601 76 601 415 601 239 602 200 602 270 602 239 603 270 603 356 603 238 604 239 604 356 604 238 605 356 605 351 605 237 606 238 606 351 606 237 607 351 607 335 607 236 608 237 608 335 608 236 609 335 609 324 609 235 610 236 610 324 610 235 611 324 611 310 611 234 612 235 612 310 612 234 613 310 613 298 613 233 614 234 614 298 614 233 615 298 615 282 615 232 616 233 616 282 616 232 617 282 617 251 617 231 618 232 618 251 618 231 619 251 619 242 619 230 620 231 620 242 620 230 621 242 621 387 621 229 622 230 622 387 622 228 623 229 623 374 623 229 624 387 624 374 624 228 625 374 625 366 625 227 626 228 626 366 626 227 627 366 627 358 627 226 628 227 628 358 628 225 629 226 629 348 629 226 630 358 630 348 630 224 631 225 631 345 631 225 632 348 632 345 632 223 633 224 633 353 633 224 634 345 634 353 634 222 635 223 635 362 635 223 636 353 636 362 636 222 637 362 637 368 637 222 638 368 638 221 638 221 639 368 639 380 639 221 640 380 640 220 640 220 641 380 641 391 641 219 642 220 642 391 642 219 643 391 643 257 643 218 644 219 644 257 644 218 645 257 645 264 645 217 646 218 646 264 646 217 647 264 647 293 647 216 648 217 648 293 648 215 649 216 649 303 649 216 650 293 650 303 650 214 651 215 651 312 651 215 652 303 652 312 652 213 653 214 653 326 653 214 654 312 654 326 654 212 655 213 655 338 655 213 656 326 656 338 656 212 657 338 657 352 657 211 658 212 658 352 658 211 659 352 659 364 659 210 660 211 660 364 660 210 661 364 661 268 661 209 662 210 662 268 662 209 663 268 663 253 663 208 664 209 664 253 664 208 665 253 665 252 665 207 666 208 666 252 666 207 667 252 667 275 667 206 668 207 668 275 668 206 669 275 669 292 669 205 670 206 670 292 670 205 671 292 671 297 671 204 672 205 672 297 672 204 673 297 673 281 673 203 674 204 674 281 674 203 675 281 675 259 675 202 676 203 676 259 676 202 677 259 677 248 677 202 678 248 678 201 678 201 679 248 679 247 679 201 680 247 680 200 680 200 681 247 681 270 681 290 682 417 682 416 682 315 683 290 683 419 683 290 684 416 684 419 684 334 685 329 685 420 685 329 686 418 686 420 686 315 687 419 687 421 687 328 688 315 688 422 688 337 689 334 689 423 689 315 690 421 690 422 690 334 691 420 691 423 691 329 692 328 692 418 692 328 693 422 693 418 693 337 694 423 694 424 694 341 695 337 695 425 695 337 696 424 696 425 696 341 697 425 697 426 697 346 698 341 698 427 698 341 699 426 699 427 699 346 700 427 700 428 700 300 701 346 701 429 701 346 702 428 702 429 702 300 703 429 703 430 703 285 704 300 704 431 704 300 705 430 705 431 705 285 706 431 706 432 706 285 707 432 707 433 707 265 708 285 708 433 708 265 709 433 709 434 709 258 710 265 710 434 710 258 711 434 711 435 711 249 712 258 712 435 712 249 713 435 713 436 713 271 714 249 714 437 714 249 715 436 715 437 715 271 716 437 716 438 716 290 717 271 717 417 717 271 718 438 718 417 718 347 719 440 719 439 719 363 720 347 720 442 720 347 721 439 721 442 721 389 722 382 722 443 722 382 723 441 723 443 723 363 724 442 724 444 724 372 725 363 725 445 725 261 726 389 726 446 726 363 727 444 727 445 727 389 728 443 728 446 728 382 729 372 729 441 729 372 730 445 730 441 730 261 731 446 731 447 731 283 732 261 732 448 732 261 733 447 733 448 733 283 734 448 734 449 734 269 735 283 735 450 735 283 736 449 736 450 736 269 737 450 737 451 737 355 738 269 738 452 738 269 739 451 739 452 739 355 740 452 740 453 740 342 741 355 741 454 741 355 742 453 742 454 742 342 743 454 743 455 743 342 744 455 744 456 744 330 745 342 745 456 745 330 746 456 746 457 746 325 747 330 747 457 747 325 748 457 748 458 748 321 749 325 749 458 749 321 750 458 750 459 750 333 751 321 751 460 751 321 752 459 752 460 752 333 753 460 753 461 753 347 754 333 754 440 754 333 755 461 755 440 755 245 756 463 756 462 756 246 757 245 757 465 757 245 758 462 758 465 758 306 759 287 759 466 759 287 760 464 760 466 760 246 761 465 761 467 761 266 762 246 762 468 762 309 763 306 763 469 763 246 764 467 764 468 764 306 765 466 765 469 765 287 766 266 766 464 766 266 767 468 767 464 767 309 768 469 768 470 768 296 769 309 769 471 769 309 770 470 770 471 770 296 771 471 771 472 771 263 772 296 772 473 772 296 773 472 773 473 773 263 774 473 774 474 774 240 775 263 775 475 775 263 776 474 776 475 776 240 777 475 777 476 777 241 778 240 778 477 778 240 779 476 779 477 779 241 780 477 780 478 780 241 781 478 781 479 781 383 782 241 782 479 782 383 783 479 783 480 783 377 784 383 784 480 784 377 785 480 785 481 785 375 786 377 786 481 786 375 787 481 787 482 787 385 788 375 788 483 788 375 789 482 789 483 789 385 790 483 790 484 790 245 791 385 791 463 791 385 792 484 792 463 792 307 793 486 793 485 793 317 794 307 794 488 794 307 795 485 795 488 795 373 796 381 796 490 796 317 797 488 797 489 797 381 798 487 798 490 798 322 799 317 799 491 799 365 800 373 800 492 800 317 801 489 801 491 801 373 802 490 802 492 802 381 803 322 803 487 803 322 804 491 804 487 804 365 805 492 805 493 805 360 806 365 806 494 806 365 807 493 807 494 807 360 808 494 808 495 808 350 809 360 809 496 809 360 810 495 810 496 810 350 811 496 811 497 811 314 812 350 812 498 812 350 813 497 813 498 813 314 814 498 814 499 814 301 815 314 815 500 815 314 816 499 816 500 816 295 817 301 817 501 817 301 818 500 818 501 818 295 819 501 819 502 819 279 820 295 820 502 820 279 821 502 821 503 821 279 822 503 822 504 822 274 823 279 823 504 823 274 824 504 824 505 824 289 825 274 825 506 825 274 826 505 826 506 826 289 827 506 827 507 827 289 828 507 828 486 828 307 829 289 829 486 829 344 830 509 830 508 830 359 831 344 831 511 831 344 832 508 832 511 832 243 833 278 833 512 833 278 834 510 834 512 834 359 835 511 835 513 835 371 836 359 836 514 836 244 837 243 837 515 837 359 838 513 838 514 838 243 839 512 839 515 839 278 840 371 840 510 840 371 841 514 841 510 841 244 842 515 842 516 842 388 843 244 843 517 843 244 844 516 844 517 844 388 845 517 845 518 845 370 846 388 846 519 846 388 847 518 847 519 847 370 848 519 848 520 848 357 849 370 849 521 849 370 850 520 850 521 850 357 851 521 851 522 851 340 852 357 852 523 852 357 853 522 853 523 853 340 854 523 854 524 854 340 855 524 855 525 855 327 856 340 856 525 856 327 857 525 857 526 857 323 858 327 858 526 858 323 859 526 859 527 859 320 860 323 860 527 860 320 861 527 861 528 861 332 862 320 862 529 862 320 863 528 863 529 863 332 864 529 864 530 864 344 865 332 865 509 865 332 866 530 866 509 866 304 867 532 867 531 867 316 868 304 868 534 868 304 869 531 869 534 869 367 870 361 870 535 870 361 871 533 871 535 871 316 872 534 872 536 872 354 873 316 873 537 873 369 874 367 874 538 874 316 875 536 875 537 875 367 765 535 765 538 765 361 876 354 876 533 876 354 877 537 877 533 877 369 878 538 878 539 878 379 879 369 879 540 879 369 880 539 880 540 880 379 771 540 771 541 771 319 881 379 881 542 881 379 882 541 882 542 882 319 883 542 883 543 883 313 884 319 884 544 884 319 885 543 885 544 885 313 886 544 886 545 886 299 887 313 887 546 887 313 888 545 888 546 888 299 889 546 889 547 889 299 890 547 890 548 890 284 891 299 891 548 891 284 892 548 892 549 892 276 893 284 893 549 893 276 894 549 894 550 894 272 895 276 895 550 895 272 787 550 787 551 787 286 788 272 788 552 788 272 789 551 789 552 789 286 896 552 896 553 896 304 897 286 897 532 897 286 898 553 898 532 898 255 899 555 899 554 899 256 900 255 900 557 900 255 901 554 901 557 901 302 902 294 902 558 902 294 903 556 903 558 903 256 904 557 904 559 904 280 905 256 905 560 905 308 906 302 906 561 906 256 907 559 907 560 907 302 908 558 908 561 908 294 909 280 909 556 909 280 730 560 730 556 730 308 910 561 910 562 910 277 911 308 911 563 911 308 912 562 912 563 912 277 913 563 913 564 913 262 914 277 914 565 914 277 915 564 915 565 915 262 916 565 916 566 916 250 917 262 917 567 917 262 918 566 918 567 918 250 919 567 919 568 919 390 920 250 920 569 920 250 921 568 921 569 921 390 922 569 922 570 922 390 923 570 923 571 923 384 924 390 924 571 924 384 925 571 925 572 925 378 926 384 926 572 926 378 748 572 748 573 748 376 927 378 927 573 927 376 928 573 928 574 928 386 929 376 929 575 929 376 930 574 930 575 930 386 931 575 931 576 931 255 932 386 932 555 932 386 933 576 933 555 933 578 934 580 934 577 934 580 935 581 935 577 935 582 936 577 936 581 936 521 937 520 937 580 937 522 938 521 938 580 938 582 939 581 939 584 939 585 940 522 940 580 940 581 941 583 941 584 941 584 942 586 942 579 942 583 943 587 943 584 943 584 944 587 944 588 944 586 945 584 945 588 945 519 946 518 946 581 946 520 947 519 947 581 947 580 948 520 948 581 948 586 949 589 949 579 949 589 950 591 950 579 950 588 951 589 951 586 951 517 952 516 952 583 952 518 953 517 953 583 953 581 954 518 954 583 954 579 955 591 955 590 955 515 956 512 956 587 956 516 957 515 957 587 957 583 958 516 958 587 958 590 959 591 959 530 959 512 960 510 960 588 960 591 961 592 961 530 961 592 962 509 962 530 962 587 963 512 963 588 963 514 964 513 964 589 964 510 965 514 965 589 965 588 966 510 966 589 966 594 967 593 967 590 967 529 968 594 968 590 968 511 969 508 969 591 969 513 970 511 970 591 970 589 971 513 971 591 971 591 972 508 972 592 972 508 973 509 973 592 973 577 974 582 974 579 974 593 975 595 975 590 975 579 976 578 976 577 976 595 977 596 977 590 977 582 978 584 978 579 978 525 979 524 979 597 979 526 980 525 980 597 980 593 981 594 981 595 981 594 982 598 982 595 982 598 983 526 983 597 983 598 984 597 984 595 984 527 985 526 985 594 985 528 986 527 986 594 986 529 987 528 987 594 987 526 988 598 988 594 988 523 989 522 989 585 989 524 990 523 990 585 990 530 991 529 991 590 991 590 992 596 992 578 992 597 993 524 993 585 993 595 994 597 994 596 994 597 995 585 995 596 995 596 996 585 996 580 996 578 997 579 997 590 997 578 998 596 998 580 998 599 999 600 999 601 999 600 1000 602 1000 601 1000 567 1001 566 1001 602 1001 568 1002 567 1002 602 1002 600 1003 599 1003 604 1003 599 1004 601 1004 603 1004 601 1005 605 1005 603 1005 607 1006 568 1006 602 1006 603 1007 605 1007 606 1007 608 1008 603 1008 606 1008 604 1009 609 1009 610 1009 565 1010 564 1010 601 1010 606 1011 611 1011 608 1011 566 1012 565 1012 601 1012 609 1013 612 1013 610 1013 602 1014 566 1014 601 1014 612 1015 614 1015 610 1015 609 1016 608 1016 611 1016 612 1017 609 1017 611 1017 563 1018 562 1018 605 1018 564 1019 563 1019 605 1019 601 1020 564 1020 605 1020 614 1021 613 1021 610 1021 561 1022 558 1022 606 1022 562 1023 561 1023 606 1023 605 1024 562 1024 606 1024 613 1025 614 1025 576 1025 614 1026 615 1026 576 1026 558 1027 556 1027 611 1027 615 1028 555 1028 576 1028 606 1029 558 1029 611 1029 560 1030 559 1030 612 1030 556 1031 560 1031 612 1031 611 1032 556 1032 612 1032 575 1033 616 1033 610 1033 557 1034 554 1034 614 1034 559 1035 557 1035 614 1035 612 1036 559 1036 614 1036 614 1037 554 1037 615 1037 554 1038 555 1038 615 1038 599 1039 603 1039 604 1039 603 1040 608 1040 604 1040 610 1041 617 1041 604 1041 617 1042 618 1042 604 1042 571 1043 570 1043 619 1043 572 1044 571 1044 619 1044 604 1045 608 1045 609 1045 620 1046 619 1046 617 1046 610 1047 616 1047 617 1047 620 1048 572 1048 619 1048 616 1049 620 1049 617 1049 573 1050 572 1050 616 1050 574 1051 573 1051 616 1051 575 1052 574 1052 616 1052 569 1053 568 1053 607 1053 572 1054 620 1054 616 1054 570 1055 569 1055 607 1055 619 1056 570 1056 607 1056 604 1057 618 1057 600 1057 575 1058 610 1058 576 1058 610 1059 613 1059 576 1059 617 1060 619 1060 618 1060 619 1061 607 1061 618 1061 618 1062 607 1062 600 1062 607 1063 602 1063 600 1063 624 1064 621 1064 623 1064 621 1065 622 1065 623 1065 544 1066 543 1066 622 1066 622 1067 626 1067 623 1067 545 1068 544 1068 622 1068 627 1069 623 1069 626 1069 621 1070 545 1070 622 1070 626 1071 628 1071 629 1071 629 1072 630 1072 625 1072 627 1073 626 1073 629 1073 628 1074 631 1074 629 1074 629 1075 631 1075 632 1075 542 1076 541 1076 626 1076 630 1077 629 1077 632 1077 543 1078 542 1078 626 1078 622 1079 543 1079 626 1079 630 1080 633 1080 625 1080 633 1081 635 1081 625 1081 632 1082 633 1082 630 1082 540 1083 539 1083 628 1083 541 1084 540 1084 628 1084 626 1085 541 1085 628 1085 625 1086 635 1086 634 1086 538 1087 535 1087 631 1087 539 1088 538 1088 631 1088 628 1089 539 1089 631 1089 634 1090 635 1090 553 1090 535 1091 533 1091 632 1091 635 1092 636 1092 553 1092 636 1093 532 1093 553 1093 631 1094 535 1094 632 1094 537 1095 536 1095 633 1095 533 1096 537 1096 633 1096 637 1097 634 1097 638 1097 632 1098 533 1098 633 1098 634 1099 552 1099 638 1099 534 1100 531 1100 635 1100 536 1101 534 1101 635 1101 633 1102 536 1102 635 1102 635 1103 531 1103 636 1103 531 973 532 973 636 973 623 1104 627 1104 625 1104 637 1105 639 1105 634 1105 625 1106 624 1106 623 1106 639 1107 640 1107 634 1107 548 1108 547 1108 641 1108 627 1109 629 1109 625 1109 549 1110 548 1110 641 1110 642 1111 549 1111 641 1111 637 1112 638 1112 639 1112 638 1113 642 1113 639 1113 642 1114 641 1114 639 1114 550 1115 549 1115 638 1115 551 1116 550 1116 638 1116 552 1117 551 1117 638 1117 546 1118 545 1118 621 1118 547 1119 546 1119 621 1119 549 1120 642 1120 638 1120 641 1121 547 1121 621 1121 553 1122 552 1122 634 1122 634 1123 640 1123 624 1123 639 1124 641 1124 640 1124 641 1125 621 1125 640 1125 624 1126 625 1126 634 1126 624 1127 640 1127 621 1127 644 1128 646 1128 643 1128 646 1129 647 1129 643 1129 498 1130 497 1130 646 1130 648 1131 643 1131 647 1131 499 1132 498 1132 646 1132 647 1133 649 1133 650 1133 651 1134 499 1134 646 1134 650 1135 652 1135 645 1135 648 1136 647 1136 650 1136 649 1137 653 1137 650 1137 650 1138 653 1138 654 1138 652 1139 650 1139 654 1139 496 1140 495 1140 647 1140 497 1141 496 1141 647 1141 646 1142 497 1142 647 1142 652 1143 655 1143 645 1143 655 1144 657 1144 645 1144 654 1145 655 1145 652 1145 494 1146 493 1146 649 1146 495 1147 494 1147 649 1147 647 1148 495 1148 649 1148 645 1149 657 1149 656 1149 492 1150 490 1150 653 1150 493 1151 492 1151 653 1151 649 1152 493 1152 653 1152 656 1153 657 1153 507 1153 490 1154 487 1154 654 1154 657 1155 658 1155 507 1155 658 1156 486 1156 507 1156 653 1157 490 1157 654 1157 491 1158 489 1158 655 1158 487 1159 491 1159 655 1159 654 1160 487 1160 655 1160 660 1161 659 1161 656 1161 506 1162 660 1162 656 1162 488 1163 485 1163 657 1163 489 1164 488 1164 657 1164 655 1165 489 1165 657 1165 657 1166 485 1166 658 1166 485 1167 486 1167 658 1167 643 1168 648 1168 645 1168 659 1169 661 1169 656 1169 645 1170 644 1170 643 1170 661 1171 662 1171 656 1171 648 1172 650 1172 645 1172 502 1173 501 1173 663 1173 503 1174 502 1174 663 1174 664 1175 663 1175 661 1175 659 1176 660 1176 661 1176 660 1177 664 1177 661 1177 664 1178 503 1178 663 1178 504 1179 503 1179 660 1179 505 1180 504 1180 660 1180 506 1181 505 1181 660 1181 503 1182 664 1182 660 1182 500 1183 499 1183 651 1183 501 1184 500 1184 651 1184 507 1185 506 1185 656 1185 663 1186 501 1186 651 1186 656 1187 662 1187 644 1187 661 1188 663 1188 662 1188 663 1189 651 1189 662 1189 662 1190 651 1190 646 1190 644 1191 645 1191 656 1191 644 1192 662 1192 646 1192 666 1193 668 1193 665 1193 668 1194 669 1194 665 1194 669 1195 670 1195 665 1195 475 1196 474 1196 669 1196 671 1197 665 1197 670 1197 476 1198 475 1198 669 1198 670 1199 672 1199 673 1199 668 1200 476 1200 669 1200 673 1201 674 1201 667 1201 671 1202 670 1202 673 1202 672 1203 675 1203 673 1203 673 1204 675 1204 676 1204 674 1205 673 1205 676 1205 473 1206 472 1206 670 1206 474 1207 473 1207 670 1207 669 1208 474 1208 670 1208 674 1209 677 1209 667 1209 677 1210 679 1210 667 1210 676 1211 677 1211 674 1211 471 1212 470 1212 672 1212 472 1213 471 1213 672 1213 670 1214 472 1214 672 1214 667 1215 679 1215 678 1215 469 1216 466 1216 675 1216 470 1217 469 1217 675 1217 672 1218 470 1218 675 1218 678 1219 679 1219 484 1219 466 1220 464 1220 676 1220 679 1221 680 1221 484 1221 680 1222 463 1222 484 1222 675 1223 466 1223 676 1223 468 1224 467 1224 677 1224 464 1225 468 1225 677 1225 681 1226 678 1226 682 1226 676 1227 464 1227 677 1227 678 1228 483 1228 682 1228 465 1229 462 1229 679 1229 467 1230 465 1230 679 1230 677 1231 467 1231 679 1231 679 1232 462 1232 680 1232 462 1233 463 1233 680 1233 665 1234 671 1234 667 1234 681 1235 683 1235 678 1235 667 1236 666 1236 665 1236 683 1237 684 1237 678 1237 671 1238 673 1238 667 1238 479 1239 478 1239 685 1239 480 1240 479 1240 685 1240 681 1241 682 1241 683 1241 682 1242 686 1242 683 1242 686 1243 480 1243 685 1243 686 1244 685 1244 683 1244 481 1245 480 1245 682 1245 482 1246 481 1246 682 1246 483 1247 482 1247 682 1247 480 1248 686 1248 682 1248 477 1249 476 1249 668 1249 478 1250 477 1250 668 1250 484 1251 483 1251 678 1251 685 1252 478 1252 668 1252 678 1253 684 1253 666 1253 683 1254 685 1254 684 1254 685 1255 668 1255 684 1255 666 1256 667 1256 678 1256 666 1257 684 1257 668 1257 688 1258 690 1258 687 1258 690 1259 691 1259 687 1259 452 1260 451 1260 690 1260 692 1261 687 1261 691 1261 453 1262 452 1262 690 1262 691 1263 693 1263 694 1263 695 1264 453 1264 690 1264 694 1265 696 1265 689 1265 692 1266 691 1266 694 1266 693 1267 697 1267 694 1267 694 1268 697 1268 698 1268 696 1269 694 1269 698 1269 450 1270 449 1270 691 1270 451 1271 450 1271 691 1271 690 1272 451 1272 691 1272 696 1273 699 1273 689 1273 699 1274 701 1274 689 1274 698 1275 699 1275 696 1275 448 1276 447 1276 693 1276 449 1277 448 1277 693 1277 691 1278 449 1278 693 1278 689 1279 701 1279 700 1279 446 1280 443 1280 697 1280 447 1281 446 1281 697 1281 693 1282 447 1282 697 1282 700 1283 701 1283 461 1283 443 1284 441 1284 698 1284 701 1285 702 1285 461 1285 702 1286 440 1286 461 1286 697 1287 443 1287 698 1287 445 1288 444 1288 699 1288 441 1289 445 1289 699 1289 703 1290 700 1290 704 1290 698 1291 441 1291 699 1291 700 1292 460 1292 704 1292 442 1293 439 1293 701 1293 444 1294 442 1294 701 1294 699 1295 444 1295 701 1295 701 1296 439 1296 702 1296 439 1297 440 1297 702 1297 687 1298 692 1298 689 1298 703 1299 705 1299 700 1299 689 1300 688 1300 687 1300 705 1301 706 1301 700 1301 692 1302 694 1302 689 1302 456 1303 455 1303 707 1303 457 1304 456 1304 707 1304 708 1305 707 1305 705 1305 703 1306 704 1306 705 1306 704 1307 708 1307 705 1307 708 1308 457 1308 707 1308 458 1309 457 1309 704 1309 459 1310 458 1310 704 1310 460 1311 459 1311 704 1311 457 1312 708 1312 704 1312 454 1313 453 1313 695 1313 455 1314 454 1314 695 1314 461 1315 460 1315 700 1315 707 1316 455 1316 695 1316 700 1317 706 1317 688 1317 705 1318 707 1318 706 1318 707 1319 695 1319 706 1319 706 1320 695 1320 690 1320 688 1321 689 1321 700 1321 688 1322 706 1322 690 1322 709 1323 711 1323 710 1323 711 1324 712 1324 710 1324 429 1325 428 1325 711 1325 715 1326 710 1326 712 1326 430 1327 429 1327 711 1327 714 1328 716 1328 713 1328 718 1329 430 1329 711 1329 712 1330 717 1330 715 1330 717 1331 719 1331 715 1331 714 1332 715 1332 720 1332 715 1333 719 1333 720 1333 716 1334 714 1334 720 1334 427 1335 426 1335 712 1335 428 1336 427 1336 712 1336 711 1337 428 1337 712 1337 716 1338 721 1338 713 1338 721 1339 723 1339 713 1339 720 1340 721 1340 716 1340 425 1341 424 1341 717 1341 426 1342 425 1342 717 1342 713 1343 723 1343 722 1343 712 1344 426 1344 717 1344 423 1345 420 1345 719 1345 424 1346 423 1346 719 1346 717 1347 424 1347 719 1347 722 1348 723 1348 438 1348 723 1349 724 1349 438 1349 420 1350 418 1350 720 1350 724 1351 417 1351 438 1351 719 1352 420 1352 720 1352 422 1353 421 1353 721 1353 418 1354 422 1354 721 1354 725 1355 722 1355 726 1355 722 1356 437 1356 726 1356 720 1357 418 1357 721 1357 419 1358 416 1358 723 1358 421 1359 419 1359 723 1359 721 1360 421 1360 723 1360 723 1361 416 1361 724 1361 416 1362 417 1362 724 1362 713 1363 709 1363 710 1363 725 1364 727 1364 722 1364 710 1365 715 1365 713 1365 727 1366 728 1366 722 1366 433 1367 432 1367 729 1367 434 1368 433 1368 729 1368 713 1369 715 1369 714 1369 725 1370 726 1370 727 1370 730 1371 434 1371 729 1371 726 1372 730 1372 727 1372 730 1373 729 1373 727 1373 435 1374 434 1374 726 1374 436 1375 435 1375 726 1375 437 1376 436 1376 726 1376 431 1377 430 1377 718 1377 434 1378 730 1378 726 1378 432 1379 431 1379 718 1379 729 1380 432 1380 718 1380 722 1381 728 1381 709 1381 438 1382 437 1382 722 1382 727 1383 729 1383 728 1383 709 1384 713 1384 722 1384 729 1385 718 1385 728 1385 728 1386 718 1386 711 1386 709 1387 728 1387 711 1387 732 1388 734 1388 731 1388 734 1389 735 1389 731 1389 405 1390 404 1390 734 1390 736 1391 731 1391 735 1391 406 1392 405 1392 734 1392 735 1393 737 1393 738 1393 739 1394 406 1394 734 1394 738 1395 740 1395 733 1395 736 1396 735 1396 738 1396 737 1397 741 1397 738 1397 738 1398 741 1398 742 1398 740 1399 738 1399 742 1399 403 1400 402 1400 735 1400 404 1401 403 1401 735 1401 734 1402 404 1402 735 1402 740 1403 743 1403 733 1403 743 1404 745 1404 733 1404 742 1405 743 1405 740 1405 401 1406 400 1406 737 1406 402 1147 401 1147 737 1147 735 1407 402 1407 737 1407 733 1408 745 1408 744 1408 399 1409 396 1409 741 1409 400 1410 399 1410 741 1410 737 1411 400 1411 741 1411 744 1412 745 1412 414 1412 396 1413 394 1413 742 1413 745 1414 746 1414 414 1414 746 1415 393 1415 414 1415 741 1416 396 1416 742 1416 398 1417 397 1417 743 1417 394 1418 398 1418 743 1418 747 1419 744 1419 748 1419 742 1420 394 1420 743 1420 744 1421 413 1421 748 1421 395 1422 392 1422 745 1422 397 1423 395 1423 745 1423 743 1424 397 1424 745 1424 745 1425 392 1425 746 1425 392 1426 393 1426 746 1426 731 1427 736 1427 733 1427 747 1428 749 1428 744 1428 733 1429 732 1429 731 1429 749 1430 750 1430 744 1430 736 1431 738 1431 733 1431 409 1432 408 1432 751 1432 410 1433 409 1433 751 1433 752 1434 751 1434 749 1434 747 1435 748 1435 749 1435 748 1436 752 1436 749 1436 752 1437 410 1437 751 1437 411 1438 410 1438 748 1438 412 1439 411 1439 748 1439 413 1440 412 1440 748 1440 410 1441 752 1441 748 1441 407 1442 406 1442 739 1442 408 1184 407 1184 739 1184 414 1443 413 1443 744 1443 751 1444 408 1444 739 1444 744 1445 750 1445 732 1445 749 1446 751 1446 750 1446 751 1447 739 1447 750 1447 750 1448 739 1448 734 1448 732 1449 733 1449 744 1449 732 1450 750 1450 734 1450</p>
        </triangles>
      </mesh>
    </geometry>
  </library_geometries>
  <library_visual_scenes>
    <visual_scene id="Scene" name="Scene">
      <node id="link_6" name="link_6" type="NODE">
        <matrix sid="transform">1 0 0 0 0 1 0 5.96046e-8 0 0 1 0 0 0 0 1</matrix>
        <instance_geometry url="#link_6-mesh" name="link_6">
          <bind_material>
            <technique_common>
              <instance_material symbol="link_06_part_000_mtl-material" target="#link_06_part_000_mtl-material"/>
            </technique_common>
          </bind_material>
        </instance_geometry>
      </node>
      <node id="Lamp" name="Lamp" type="NODE">
        <matrix sid="transform">-0.2908646 -0.7711008 0.5663933 4.076245 0.9551712 -0.1998833 0.2183912 1.005454 -0.05518904 0.6045247 0.7946723 5.903862 0 0 0 1</matrix>
        <instance_light url="#Lamp-light"/>
      </node>
      <node id="Camera" name="Camera" type="NODE">
        <matrix sid="transform">0.6859207 -0.3240135 0.6515582 7.481132 0.7276763 0.3054209 -0.6141704 -6.50764 -4.01133e-9 0.8953956 0.4452714 5.343665 0 0 0 1</matrix>
        <instance_camera url="#Camera-camera"/>
      </node>
    </visual_scene>
  </library_visual_scenes>
  <scene>
    <instance_visual_scene url="#Scene"/>
  </scene>
</COLLADA>