<?xml version="1.0" encoding="utf-8"?>
<COLLADA xmlns="http://www.collada.org/2005/11/COLLADASchema" version="1.4.1" xmlns:xsi="http://www.w3.org/2001/XMLSchema-instance">
  <asset>
    <contributor>
      <author>Blender User</author>
      <authoring_tool>Blender 2.82.7</authoring_tool>
    </contributor>
    <created>2023-09-19T11:08:28</created>
    <modified>2023-09-19T11:08:28</modified>
    <unit name="meter" meter="1"/>
    <up_axis>Z_UP</up_axis>
  </asset>
  <library_cameras>
    <camera id="Camera-camera" name="Camera.008">
      <optics>
        <technique_common>
          <perspective>
            <xfov sid="xfov">49.13434</xfov>
            <aspect_ratio>1.777778</aspect_ratio>
            <znear sid="znear">0.1</znear>
            <zfar sid="zfar">100</zfar>
          </perspective>
        </technique_common>
      </optics>
      <extra>
        <technique profile="blender">
          <shiftx sid="shiftx" type="float">0</shiftx>
          <shifty sid="shifty" type="float">0</shifty>
          <dof_distance sid="dof_distance" type="float">10</dof_distance>
        </technique>
      </extra>
    </camera>
  </library_cameras>
  <library_lights>
    <light id="Lamp-light" name="Lamp.007">
      <technique_common>
        <point>
          <color sid="color">1 1 1</color>
          <constant_attenuation>1</constant_attenuation>
          <linear_attenuation>0</linear_attenuation>
          <quadratic_attenuation>0.00111109</quadratic_attenuation>
        </point>
      </technique_common>
      <extra>
        <technique profile="blender">
          <type sid="type" type="int">0</type>
          <flag sid="flag" type="int">0</flag>
          <mode sid="mode" type="int">8192</mode>
          <gamma sid="blender_gamma" type="float">1</gamma>
          <red sid="red" type="float">1</red>
          <green sid="green" type="float">1</green>
          <blue sid="blue" type="float">1</blue>
          <shadow_r sid="blender_shadow_r" type="float">0</shadow_r>
          <shadow_g sid="blender_shadow_g" type="float">0</shadow_g>
          <shadow_b sid="blender_shadow_b" type="float">0</shadow_b>
          <energy sid="blender_energy" type="float">1</energy>
          <dist sid="blender_dist" type="float">29.99998</dist>
          <spotsize sid="spotsize" type="float">75</spotsize>
          <spotblend sid="spotblend" type="float">0.15</spotblend>
          <att1 sid="att1" type="float">0</att1>
          <att2 sid="att2" type="float">1</att2>
          <falloff_type sid="falloff_type" type="int">2</falloff_type>
          <clipsta sid="clipsta" type="float">1.000799</clipsta>
          <clipend sid="clipend" type="float">30.002</clipend>
          <bias sid="bias" type="float">1</bias>
          <soft sid="soft" type="float">3</soft>
          <bufsize sid="bufsize" type="int">2880</bufsize>
          <samp sid="samp" type="int">3</samp>
          <buffers sid="buffers" type="int">1</buffers>
          <area_shape sid="area_shape" type="int">1</area_shape>
          <area_size sid="area_size" type="float">0.1</area_size>
          <area_sizey sid="area_sizey" type="float">0.1</area_sizey>
          <area_sizez sid="area_sizez" type="float">1</area_sizez>
        </technique>
      </extra>
    </light>
  </library_lights>
  <library_effects>
    <effect id="RAL2003_003-effect">
      <profile_COMMON>
        <technique sid="common">
          <lambert>
            <emission>
              <color sid="emission">0 0 0 1</color>
            </emission>
            <diffuse>
              <color sid="diffuse">0.64 0.2610176 0.08784001 1</color>
            </diffuse>
            <index_of_refraction>
              <float sid="ior">1</float>
            </index_of_refraction>
          </lambert>
        </technique>
      </profile_COMMON>
    </effect>
  </library_effects>
  <library_images/>
  <library_materials>
    <material id="RAL2003_003-material" name="RAL2003.003">
      <instance_effect url="#RAL2003_003-effect"/>
    </material>
  </library_materials>
  <library_geometries>
    <geometry id="Link_4-mesh" name="Link 4">
      <mesh>
        <source id="Link_4-mesh-positions">
          <float_array id="Link_4-mesh-positions-array" count="6396">-0.01653122 0.03449952 -0.04721653 0.04231798 0.03449952 0.02657854 0.04502999 0.03449952 0.02167057 0.0164963 0.03449952 0.04717028 -0.02661919 0.03449952 0.04231226 -0.02171123 0.03449952 0.04502427 -0.04235291 0.03449952 -0.02662479 -0.04506492 0.03449952 -0.02171695 0.04966783 0.03449952 -0.005621075 0.04872786 0.03449952 -0.01114904 0.04966783 0.03449952 0.005574822 0.04998183 0.03449952 -2.32458e-5 0.04717588 0.03449952 0.01649057 -0.005615353 0.03449952 0.04966223 -1.75238e-5 0.03449952 0.04997611 -0.01653122 0.03449952 0.04717028 -0.03910899 0.03449952 0.03115046 -0.03537213 0.03449952 0.03533148 -0.04970288 0.03449952 0.005574822 -0.04876291 0.03449952 0.01110279 -0.04970288 0.03449952 -0.005621075 -0.05001688 0.03449952 -2.32458e-5 -0.04721093 0.03449952 -0.01653695 -0.03119111 0.03449952 -0.03911459 -0.03537213 0.03449952 -0.03537762 0.04717588 0.03449952 -0.01653695 -0.005615353 0.03449952 -0.04970848 -0.01114344 0.03449952 -0.04876852 0.005580425 0.03449952 -0.04970848 -1.75238e-5 0.03449952 -0.0500226 0.0164963 0.03449952 -0.04721653 0.03533709 0.03449952 -0.03537762 0.03115606 0.03449952 -0.03911459 0.04231798 0.03449952 -0.02662479 0.03907394 0.03449952 -0.03119671 0.04502999 0.03449952 -0.02171695 0.04872786 0.03449952 0.01110279 0.005580425 0.03449952 0.04966223 -0.01114344 0.03449952 0.04872226 -0.04235291 0.03449952 0.02657854 -0.04876291 0.03449952 -0.01114904 -0.02661919 0.03449952 -0.04235863 0.01110839 0.03449952 -0.04876852 0.02658414 0.03449952 -0.04235863 0.03533709 0.03449952 0.03533148 0.03907394 0.03449952 0.03115046 0.02658414 0.03449952 0.04231226 0.03115606 0.03449952 0.03906834 0.0216763 0.03449952 0.04502427 -0.03119111 0.03449952 0.03906834 -0.03910899 0.03449952 -0.03119671 -0.04721093 0.03449952 0.01649057 -0.04506492 0.03449952 0.02167057 -0.02171123 0.03449952 -0.04507064 0.0216763 0.03449952 -0.04507064 0.01110839 0.03449952 0.04872226 -0.005615353 0.04449939 -0.04970848 -0.01114344 0.04449939 -0.04876852 -0.01653122 0.04449939 -0.04721653 -0.02171123 0.04449939 -0.04507064 -0.02661919 0.04449939 -0.04235863 -0.03119111 0.04449939 -0.03911459 -0.03537213 0.04449939 -0.03537762 -0.03910899 0.04449939 -0.03119671 -0.04235291 0.04449939 -0.02662479 -0.04506492 0.04449939 -0.02171695 -0.04721093 0.04449939 -0.01653695 -0.04876291 0.04449939 -0.01114904 -0.04970288 0.04449939 -0.005621075 -0.05001688 0.04449939 -2.32458e-5 -0.04970288 0.04449939 0.005574822 -0.04876291 0.04449939 0.01110279 -0.04721093 0.04449939 0.01649057 -0.04506492 0.04449939 0.02167057 -0.04235291 0.04449939 0.02657854 -0.03910899 0.04449939 0.03115046 -0.03537213 0.04449939 0.03533148 -0.03119111 0.04449939 0.03906834 -0.02661919 0.04449939 0.04231226 -0.02171123 0.04449939 0.04502427 -0.01653122 0.04449939 0.04717028 -0.01114344 0.04449939 0.04872226 -0.005615353 0.04449939 0.04966223 -1.75238e-5 0.04449939 0.04997611 0.005580425 0.04449939 0.04966223 0.01110839 0.04449939 0.04872226 0.0164963 0.04449939 0.04717028 0.0216763 0.04449939 0.04502427 0.02658414 0.04449939 0.04231226 0.03115606 0.04449939 0.03906834 0.03533709 0.04449939 0.03533148 0.03907394 0.04449939 0.03115046 0.04231798 0.04449939 0.02657854 0.04502999 0.04449939 0.02167057 0.04717588 0.04449939 0.01649057 0.04872786 0.04449939 0.01110279 0.04966783 0.04449939 0.005574822 0.04998183 0.04449939 -2.32458e-5 0.04966783 0.04449939 -0.005621075 0.04872786 0.04449939 -0.01114904 0.04717588 0.04449939 -0.01653695 0.04502999 0.04449939 -0.02171695 0.04231798 0.04449939 -0.02662479 0.03907394 0.04449939 -0.03119671 0.03533709 0.04449939 -0.03537762 0.03115606 0.04449939 -0.03911459 0.02658414 0.04449939 -0.04235863 0.0216763 0.04449939 -0.04507064 0.0164963 0.04449939 -0.04721653 0.01110839 0.04449939 -0.04876852 0.005580425 0.04449939 -0.04970848 -1.75238e-5 0.04449939 -0.0500226 0.0891503 0.04449939 -2.40803e-5 0.05200076 0.04449939 0.072263 0.0856744 0.04449939 0.02436447 0.08741533 0.04449939 0.01711463 0.08854329 0.04449939 0.009744763 0.0457679 0.04449939 0.07635486 0.05786871 0.04449939 0.06766402 0.06333076 0.04449939 0.06259012 0.06834959 0.04449939 0.05707597 0.07288956 0.04449939 0.05116212 0.08333337 0.04449939 0.0314424 0.08854329 0.04449939 -0.009791016 -0.08826839 0.04449939 -0.01491498 -0.08826839 0.04449939 0.01486873 -0.08671736 0.04449939 0.02218461 0.07691848 0.04449939 0.04488933 0.08040738 0.04449939 0.03830039 0.08741533 0.04449939 -0.01716089 -0.004145383 0.04449939 -0.08892214 -0.0115714 0.04449939 -0.088256 -0.08671736 0.04449939 -0.02223086 -0.08181345 0.04449939 -0.03634774 -0.08456039 0.04449939 -0.02939176 -0.08456039 0.04449939 0.02934551 -0.08181345 0.04449939 0.03630137 0.02533316 0.04449939 0.0853188 0.0856744 0.04449939 -0.02441084 0.08333337 0.04449939 -0.03148877 0.07288956 0.04449939 -0.05120849 0.06834959 0.04449939 -0.05712246 0.01810121 0.04449939 -0.08717894 0.01074337 0.04449939 -0.08838093 0.003310561 0.04449939 -0.08896303 -0.01891529 0.04449939 -0.08697104 -0.03315317 0.04449939 -0.08258402 -0.03994596 0.04449939 -0.07951211 -0.04645884 0.04449939 -0.07588315 -0.05264484 0.04449939 -0.07172131 -0.05846083 0.04449939 -0.06705629 -0.06524765 0.04446846 -0.06045138 -0.004145383 0.04449939 0.08887565 -0.07424855 0.04464834 -0.05003142 -0.07849538 0.04449939 -0.04304969 -0.07849538 0.04449939 0.04300332 -0.08920443 0.04449939 0.007448792 0.003310561 0.04449939 0.08891665 0.01074337 0.04449939 0.08833479 0.01810121 0.04449939 0.08713281 0.03238701 0.04449939 0.08290565 0.03921496 0.04449939 0.07991075 0.08040738 0.04449939 -0.03834664 0.07691848 0.04449939 -0.04493558 0.06333076 0.04449939 -0.06263625 0.05786871 0.04449939 -0.06771016 0.05200076 0.04449939 -0.07230913 0.0457679 0.04449939 -0.07640111 0.02533316 0.04449939 -0.08536505 -0.02612614 0.04449939 -0.08507609 -0.05846083 0.04449939 0.06700992 -0.05264484 0.04449939 0.07167494 -0.04645884 0.04449939 0.07583689 -0.03994596 0.04449939 0.07946574 -0.0115714 0.04449939 0.08820974 -0.06867468 0.0445007 -0.0568844 -0.07073569 0.04453808 -0.05488252 -0.06863355 0.04450058 0.05687916 -0.07424759 0.04464834 0.04998517 -0.07075262 0.04453837 0.05481517 0.03921496 0.04449939 -0.07995712 0.03238701 0.04449939 -0.08295214 -0.06524765 0.04446846 0.06040513 -0.03315317 0.04449939 0.08253788 -0.02612614 0.04449939 0.08502972 -0.01891529 0.04449939 0.08692479 -0.08920443 0.04449939 -0.007495045 -0.0895164 0.04449939 -2.32458e-5 -0.05846083 0.02675497 0.06700992 -0.06490063 0.03195983 0.06092107 -0.05264484 0.02687716 0.07167494 -0.04645884 0.02698612 0.07583689 -0.03994596 0.02708113 0.07946574 -0.03315317 0.02716159 0.08253788 -0.02612614 0.0272268 0.08502972 -0.01891529 0.02727645 0.08692479 -0.0115714 0.02731007 0.08820974 -0.004145383 0.02732753 0.08887565 0.003310561 0.02732861 0.08891665 0.01074337 0.02731341 0.08833479 0.01810121 0.02728188 0.08713281 0.02533316 0.02723437 0.0853188 0.03238701 0.02717119 0.08290565 0.03921496 0.02709281 0.07991075 0.0457679 0.02699971 0.07635486 0.05200076 0.02689254 0.072263 0.05786871 0.02677208 0.06766402 0.06333076 0.02663922 0.06259012 0.06834959 0.02649486 0.05707597 0.07288956 0.02634 0.05116212 0.07691848 0.02617573 0.04488933 0.08040738 0.02600318 0.03830039 0.08333337 0.02582359 0.0314424 0.0856744 0.02563828 0.02436447 0.08741533 0.02544844 0.01711463 0.08854329 0.02525544 0.009744763 0.08913528 0.02499967 -2.40803e-5 0.08854329 0.02525544 -0.009791016 0.08741533 0.02544844 -0.01716089 0.0856744 0.02563828 -0.02441084 0.08333337 0.02582359 -0.03148877 0.08040738 0.02600318 -0.03834664 0.07691848 0.02617573 -0.04493558 0.07288956 0.02634 -0.05120849 0.06834959 0.02649486 -0.05712246 0.06333076 0.02663922 -0.06263625 0.05786871 0.02677208 -0.06771016 0.05200076 0.02689254 -0.07230913 0.0457679 0.02699971 -0.07640111 0.03921496 0.02709281 -0.07995712 0.03238701 0.02717119 -0.08295214 0.02533316 0.02723437 -0.08536505 0.01810121 0.02728188 -0.08717894 0.01074337 0.02731341 -0.08838093 0.003310561 0.02732861 -0.08896303 -0.004145383 0.02732753 -0.08892214 -0.0115714 0.02731007 -0.088256 -0.01891529 0.02727645 -0.08697104 -0.02612614 0.0272268 -0.08507609 -0.03315317 0.02716159 -0.08258402 -0.03994596 0.02708113 -0.07951211 -0.04645884 0.02698612 -0.07588315 -0.05264484 0.02687716 -0.07172131 -0.06409573 0.02661764 -0.06180334 -0.05846083 0.02675497 -0.06705629 -0.1389926 0.04528945 0.02708947 -0.1460546 0.04524111 0.02871048 -0.1381746 0.04375571 0.02912628 -0.1415547 0.04134404 0.0328685 -0.1317367 0.04529297 0.02694451 -0.1355206 0.04148441 0.03154349 -0.1304337 0.04302567 0.02960443 -0.1246759 0.04527014 0.02777349 -0.1380157 0.03850841 0.03533625 -0.1327297 0.03928226 0.03363037 -0.1268988 0.04005247 0.03265738 -0.1215938 0.04144775 0.03182935 -0.116423 0.04349339 0.03104853 -0.1187709 0.0452395 0.0290215 -0.1352207 0.03638589 0.03696429 -0.1297007 0.03680187 0.03575336 -0.1343858 0.03461253 0.03847038 -0.1218798 0.03589528 0.03631329 -0.1139061 0.04084038 0.03361034 -0.110489 0.04517406 0.03146147 -0.1263158 0.03428184 0.03767442 -0.1158488 0.03635638 0.03642439 -0.107151 0.04065722 0.03550338 -0.1312637 0.0326398 0.03965842 -0.11005 0.03696441 0.03697931 -0.1031311 0.04509896 0.03430736 -0.1230849 0.03172832 0.03944134 -0.1260238 0.02935069 0.04148435 -0.1158999 0.03081345 0.04001033 -0.09925913 0.03836524 0.03927338 -0.09685719 0.04502153 0.0371654 -0.1220928 0.02862471 0.0415343 -0.110241 0.03108167 0.04030442 -0.1021102 0.03478461 0.04003441 -0.1181299 0.02760487 0.04195535 -0.104875 0.03145271 0.04095828 -0.09327423 0.03736168 0.04200613 -0.09068834 0.04162639 0.04162931 -0.0860573 0.04171228 0.04413735 -0.111134 0.02612477 0.04278337 -0.09491634 0.03207314 0.04331529 -0.08776235 0.03595364 0.04494035 -0.106015 0.02613127 0.0431813 -0.09787225 0.0291621 0.04349029 -0.08133947 0.04080164 0.04725825 -0.1012811 0.02614969 0.04386234 -0.08936536 0.03047788 0.04582321 -0.0828365 0.03437942 0.04784226 -0.07830655 0.04472577 0.0485233 -0.07463753 0.0446524 0.05140423 -0.09617018 0.02617782 0.04493927 -0.09202229 0.0262075 0.0460813 -0.08478653 0.02948188 0.04798924 -0.07823646 0.03212839 0.0508852 -0.07531058 0.03395599 0.05245721 -0.07277858 0.03679251 0.05390918 -0.06957852 0.03656619 0.05652725 -0.08521234 0.02627032 0.04847729 -0.08020246 0.0263316 0.05077922 -0.07033157 0.02648609 0.05671906 -0.07450449 0.02641224 0.0539211 -0.06567466 0.02658009 0.06033015 -0.08625936 0.04487365 0.04300427 -0.09248328 0.04496747 0.03941035 -0.1182229 0.0261206 0.04279124 -0.07849538 0.04487371 -0.04304969 -0.08181345 0.04504919 -0.03634774 -0.08456039 0.04523134 -0.02939176 -0.08671736 0.04541885 -0.02223086 -0.08826839 0.04561042 -0.01491498 -0.08920443 0.04580473 -0.007495045 -0.0895164 0.04600042 -2.32458e-5 -0.08920443 0.04580473 0.007448792 -0.08826839 0.04561042 0.01486873 -0.08671736 0.04541885 0.02218461 -0.08456039 0.04523134 0.02934551 -0.08181345 0.04504919 0.03630137 -0.07849538 0.04487371 0.04300332 -0.1337367 0.04537278 0.02394759 -0.1155309 0.04564201 0.01366567 -0.1092361 0.04583513 0.006357789 -0.108087 0.04600137 -2.21729e-5 -0.1389836 0.04528945 -0.02713572 -0.1460556 0.04524105 -0.02875769 -0.1382327 0.04376995 -0.02916479 -0.1325707 0.04529267 -0.02698385 -0.1305667 0.04308819 -0.02957975 -0.1340658 0.04023468 -0.0328406 -0.1415506 0.04134261 -0.03291475 -0.1237859 0.04360651 -0.02959871 -0.1261909 0.03946864 -0.03327071 -0.115679 0.04250478 -0.03207671 -0.1206039 0.04062694 -0.0326687 -0.1380157 0.03850829 -0.03538274 -0.1296547 0.0367645 -0.03582763 -0.1352207 0.03638577 -0.03701162 -0.110015 0.04517012 -0.03167581 -0.107369 0.04079937 -0.0354036 -0.115799 0.03633266 -0.03649282 -0.1218109 0.03585857 -0.03636467 -0.1262538 0.03421491 -0.03776967 -0.1034041 0.04510152 -0.03424572 -0.1100081 0.03695261 -0.03704166 -0.1172989 0.03204399 -0.03922867 -0.1211179 0.03006875 -0.04056453 -0.1312627 0.03263962 -0.03970456 -0.09552526 0.04091775 -0.03968453 -0.09922719 0.03836417 -0.03933167 -0.1020671 0.03476941 -0.04009962 -0.1101862 0.03105485 -0.04037153 -0.09077334 0.04165393 -0.04162263 -0.1048331 0.03143805 -0.04102063 -0.1180928 0.02753305 -0.04204273 -0.1231619 0.02781879 -0.04226267 -0.08616936 0.04165846 -0.04413461 -0.1112329 0.02612471 -0.04283952 -0.08776438 0.03600329 -0.04497158 -0.09126138 0.03397923 -0.0440545 -0.09488129 0.03206735 -0.04337561 -0.08143651 0.04069638 -0.04726457 -0.09762823 0.02901029 -0.04365754 -0.1059581 0.0261318 -0.04323267 -0.07704949 0.03905159 -0.05052256 -0.0828365 0.03443115 -0.04787647 -0.1010763 0.0261507 -0.04394757 -0.07336556 0.0386281 -0.05329453 -0.06986665 0.03772777 -0.05623137 -0.07818448 0.0321381 -0.05096149 -0.08469438 0.02944833 -0.04808545 -0.08759427 0.02624815 -0.04763853 -0.09189522 0.02620863 -0.04616749 -0.0961982 0.0261777 -0.04497861 -0.06633675 0.0349164 -0.05952835 -0.07373559 0.02642965 -0.05449044 -0.08165752 0.0263102 -0.0500915 -0.0701946 0.02648878 -0.05686748 -0.06723356 0.02654832 -0.05912435 -0.07773554 0.02636265 -0.05208253 -0.1182229 0.0261206 -0.04283761 -0.1270219 0.04528135 -0.02746677 -0.117881 0.04523384 -0.02926671 -0.09795224 0.04504054 -0.03667759 -0.09258222 0.04496896 -0.03940272 -0.08738744 0.04489105 -0.04238557 -0.08119142 0.0447846 -0.04642558 -0.07466745 0.04465413 -0.05141258 -0.1155309 0.04564201 -0.01371204 -0.1240468 0.04550158 -0.0191859 -0.1337367 0.04537284 -0.02399384 -0.109238 0.04583495 -0.006410121 -0.107515 0.02609282 0.04171931 0.05813574 0.02499961 -1.5521e-4 -0.09322535 0.02606844 0.04081439 0.05765473 0.02520424 0.007788777 0.00464642 0.02650785 0.05757212 0.01076328 0.02648973 0.05688309 -0.07686054 0.02605521 0.04028439 0.05645167 0.02538633 0.01474058 -0.038841 0.02622675 0.04690229 -0.03440809 0.02628165 0.04900228 0.05451083 0.0255658 0.02159655 0.01689326 0.02645444 0.05553019 -0.02067029 0.0264244 0.05438911 -0.04291403 0.02617841 0.04499828 0.05232286 0.02570229 0.02681255 0.02358627 0.02639734 0.05334913 -0.05964279 0.02605664 0.04034042 -0.04778385 0.02612406 0.04296541 0.05007481 0.02581238 0.03101754 0.02937114 0.02632606 0.05063426 -0.0156883 0.02645879 0.05571317 -0.02803921 0.02635622 0.05182814 0.03754794 0.02618646 0.04530024 -0.004509449 0.02650678 0.05754113 0.04729592 0.025922 0.03520441 0.03359603 0.02626079 0.04814016 -0.05329084 0.02607882 0.04119539 -0.0107913 0.02648663 0.05676817 0.04446101 0.02601486 0.03875029 0.04117 0.02610439 0.0421673 0.0581057 0.01485025 3.51906e-4 0.05773782 0.01143848 0.006690859 0.05697679 0.01201665 0.01214563 0.05571877 0.01119315 0.01759767 0.05422282 0.01165503 0.02219164 0.05238676 0.01161706 0.02660346 0.04997384 0.01160842 0.03112041 0.04746174 0.01204001 0.03491544 0.04461181 0.01153457 0.03851938 0.04107391 0.01161289 0.04220533 0.03763794 0.01197814 0.04516327 0.03389906 0.01162201 0.04789018 0.02945506 0.01163029 0.05054116 0.02522826 0.01194614 0.05257427 0.02077317 0.01170277 0.0543121 0.01568329 0.01169687 0.05580914 0.01043736 0.01164805 0.05687308 0.005080342 0.01140469 0.05749118 1.30534e-4 0.01252329 0.05767917 -0.004638433 0.01192134 0.05749011 -0.03802299 0.01251542 0.05060517 -0.02665317 0.01219123 0.05335116 -0.03047728 0.01619291 0.0520612 -0.03852999 0.01649987 0.0497061 -0.045174 0.01488387 0.0485661 -0.04438292 0.01131331 0.04962921 -0.03367006 0.004278361 0.05195319 -0.03432714 0.008608937 0.05178117 -0.0435599 0.007648885 0.05036318 -0.04197096 0.003854572 0.05084216 -0.03011715 0 0.0522232 -0.03815603 -1.76176e-5 0.05114221 -0.04188489 -4.06765e-4 0.05079329 -0.04706394 0.003620803 0.05036818 -0.05167782 0.01445698 0.04783618 -0.05082488 0.01088178 0.04900324 -0.04948782 0.007158517 0.04985415 -0.0579257 0.01127862 0.04851603 -0.0589627 0.01503789 0.04721617 -0.05713474 0.00807476 0.04926919 -0.05539679 0.004121005 0.04984521 -0.04757595 1.04939e-4 0.05035316 -0.04803693 0.0216369 0.0452553 -0.05718576 0.02068549 0.04446923 -0.05200684 0.02090984 0.04482221 -0.05491483 0.02385532 0.04255938 -0.05112075 0.02448761 0.04285335 -0.04513394 0.02036607 0.04667627 -0.04959595 0.01796102 0.04664325 -0.03601503 0.02105587 0.04944932 -0.03162503 0.02032154 0.05117928 -0.04116499 0.0210734 0.04766726 -0.05892074 0.01640886 0.04662227 -0.0609287 0.01970863 0.04492127 -0.009767413 0.01656597 0.05694711 -0.01614832 0.01564341 0.05574715 -0.02504014 0.02018278 0.05336225 -0.009560465 0.01026248 0.05688416 -0.01181042 0.005596041 0.05628108 -0.006010413 0.004339098 0.05693602 -0.01735019 0.007517337 0.05537915 -0.006760358 -8.48942e-4 0.05628108 -0.0130093 -0.002144396 0.05514323 -0.02410316 0.002498269 0.05363225 -0.01858532 -7.08084e-4 0.05424916 -0.05917978 0.02333498 0.04258537 -0.06454372 0.02437424 0.0415883 -0.05632078 -5.77726e-5 0.04986917 -0.1490975 -0.005084812 0.05315518 -0.1348067 -8.17745e-4 0.05161607 -0.1524994 0.05458235 0.005271792 -0.1254398 0.048967 0.004333734 -0.1506856 0.05444622 -2.32458e-5 -0.1394287 -0.0420916 0.03390347 -0.1285789 -0.03829687 0.03579139 -0.2023668 -8.99986e-4 0.06131505 -0.1762841 -0.00391817 0.05737113 -0.195531 0.001948118 0.06035804 -0.1485105 -0.02317172 0.04843819 -0.1346797 -0.02255928 0.04677021 -0.1556274 -8.88235e-4 0.05433416 -0.1488316 -0.0150336 0.0513072 -0.1347427 -0.01189506 0.05024421 -0.1452397 0.001964688 0.05287516 -0.1482886 -0.009622991 0.05242323 -0.1347818 -0.00638926 0.05120122 -0.1486685 -0.01910966 0.05001425 -0.1347048 -0.01731109 0.04875826 -0.1763881 -0.01577311 0.05541825 -0.1763442 -0.009901106 0.05668306 -0.1763621 -0.02150303 0.05358016 -0.1763383 -0.02700287 0.05120909 -0.1474505 -0.03543877 0.04120624 -0.1287077 -0.03411281 0.03925931 -0.1414127 -0.03151822 0.04289734 -0.1482166 -0.02832603 0.04589021 -0.1346507 -0.02757012 0.04431438 -0.1468095 -0.03973197 0.03756034 -0.1762732 -0.03712427 0.04497826 -0.1763042 -0.03223246 0.0483272 -0.1762372 -0.04164439 0.04119133 -0.2019388 -0.02492886 0.05611121 -0.1971869 -0.01320469 0.05917811 -0.2019388 -0.006897747 0.06088209 -0.2018508 -0.02048325 0.057796 -0.2031698 -0.016465 0.05922603 -0.2170376 -0.01205223 0.06195807 -0.2018128 -0.03832566 0.04824614 -0.2015209 -0.03326195 0.05170118 -0.2015669 -0.0293048 0.05395019 -0.200935 -0.04314565 0.04401528 -0.196859 -0.04704344 0.03928434 -0.1761653 -0.04573392 0.03701746 -0.1257488 -0.05230516 0.01456069 -0.1479066 -0.05323457 0.01919972 -0.1554204 -0.05533492 0.01618766 -0.1206589 -0.04703629 0.0239396 -0.1321387 -0.04576611 0.02821147 -0.1327987 -0.04292058 0.0317924 -0.1686253 -0.05386018 0.02345561 -0.1738312 -0.05246967 0.02727448 -0.1752431 -0.04944217 0.03222441 -0.1759612 -0.0562281 0.02009356 -0.1549994 -0.0576741 0.00622785 -0.1250789 -0.05407959 0.007672786 -0.1550644 -0.05675476 0.01123368 -0.1253747 -0.05332279 0.01109969 -0.1513835 -0.05770522 8.39829e-4 -0.1289627 -0.05506551 0.003819823 -0.1758271 -0.05927842 0.009445786 -0.1758891 -0.05803245 0.0148127 -0.1740683 -0.05979609 0.004091858 -0.196213 -0.05891001 0.01856064 -0.1972539 -0.0540269 0.02963042 -0.1969751 -0.05078178 0.03459942 -0.1967149 -0.05677109 0.02415859 -0.1966259 -0.06152361 0.007273793 -0.1966569 -0.06051766 0.0129857 -0.182586 -0.06075239 0.001299858 -0.1033622 -0.003330111 0.04918026 -0.09289336 -7.48879e-4 0.04909825 -0.07957553 -0.002818703 0.04895818 -0.07259953 -7.83324e-4 0.04925525 -0.06697165 -0.008178591 0.04836821 -0.06759071 -0.01275432 0.0470612 -0.05490779 -0.003823816 0.04959726 -0.06801164 -0.01605725 0.0457853 -0.07760441 -0.01993781 0.04402828 -0.0555098 -0.01900762 0.04454612 -0.06798768 -0.02664721 0.03967726 -0.07763659 -0.03132647 0.0363183 -0.05797684 -0.02969408 0.03673529 -0.05650568 -0.02273529 0.04228937 -0.07682955 -0.02371495 0.04191529 -0.08449339 -0.03541302 0.03293335 -0.06129467 -0.03333276 0.0331335 -0.0823965 0.001728892 0.04912519 -0.08816647 -0.0107581 0.04755318 -0.08819139 -0.005777537 0.04856216 -0.08810329 -0.01565855 0.04603219 -0.09843719 -0.02085202 0.0442413 -0.08786547 -0.02858144 0.03916537 -0.09835922 -0.02547907 0.04182136 -0.09814524 -0.03335726 0.03624033 -0.08904242 -0.03915083 0.02929353 -0.07170963 -0.03734332 0.02930152 -0.08542442 -0.04601174 0.01709365 -0.09309637 -0.04868805 0.01253974 -0.07937347 -0.04073607 0.02557253 -0.07718956 -0.04287135 0.0214796 -0.09529423 -0.05019915 0.007669806 -0.05692481 -0.04445761 0.008686661 -0.09813022 -0.0510779 0.004144787 -0.09639024 -0.05108189 1.9908e-5 -0.0593487 -0.04539448 0.004013895 -0.111267 -0.03599113 0.03546547 -0.1087151 -0.04024386 0.03084444 -0.1243678 -8.11338e-4 0.05059027 -0.113888 -7.94089e-4 0.04982817 -0.1034201 0.001806855 0.04935729 -0.1036891 -0.00862956 0.04845416 -0.103228 -0.01365536 0.04721224 -0.108779 -0.01756376 0.04618132 -0.1144089 -0.01277339 0.04814124 -0.1138451 -0.006095349 0.04939115 -0.1136289 -0.02154648 0.0449692 -0.108604 -0.03054064 0.03941226 -0.113565 -0.02633869 0.04255127 -0.1241219 -0.01973146 0.04670131 -0.1240649 -0.0247519 0.04447138 -0.1246569 -0.01315975 0.0489012 -0.1243218 -0.0062415 0.05016517 -0.1240038 -0.02951025 0.04180324 -0.108668 -0.04340887 0.02694559 -0.113475 -0.04799425 0.02066957 -0.1266198 -0.05493742 -2.32458e-5 -0.119536 0.0479691 -2.32458e-5 -0.1263239 0.04857254 0.009111762 -0.114183 0.04633104 0.008797764 -0.1432776 0.05125868 0.01339876 -0.1246088 0.04733872 0.01350963 -0.1240468 0.04550158 0.01913964 -0.07176053 0.02189409 0.04338932 -0.07199358 0.01771628 0.0457133 -0.0825684 0.02006655 0.04446732 -0.08203947 0.02389889 0.0420773 -0.09313023 0.02247244 0.04330229 -0.09307646 0.01830887 0.0454992 -0.08250439 0.01583045 0.04643023 -0.07195353 0.01339751 0.04743218 -0.0719155 0.008841395 0.04861128 -0.07024061 0.00424838 0.04925608 -0.08244049 0.006589412 0.04878222 -0.08247041 0.01131385 0.04788017 -0.09301829 0.01384818 0.04720532 -0.09297919 0.009143948 0.04838526 -0.09294128 0.004256129 0.04901826 -0.1035702 0.01646208 0.04661619 -0.1036241 0.02088338 0.0446583 -0.110484 0.02352494 0.04362833 -0.1140879 0.01918649 0.04613518 -0.1250408 0.02436578 0.0446062 -0.1245229 0.01972657 0.04682612 -0.1348928 0.02501624 0.04551529 -0.1349027 0.0203036 0.04777324 -0.1034651 0.006865262 0.04898726 -0.1035151 0.01176798 0.04806935 -0.1140309 0.01449447 0.04785513 -0.113981 0.009568214 0.04905605 -0.113946 0.004432201 0.04972028 -0.1244568 0.009809076 0.04978716 -0.1244959 0.01488137 0.04856824 -0.1348887 0.01529902 0.0495392 -0.1348707 0.01007777 0.05077826 -0.1244088 0.00455898 0.05046319 -0.1348466 0.004675805 0.05147612 -0.1797941 0.05935281 0.001055836 -0.1753102 0.0585609 0.004008889 -0.1645754 0.0570175 -2.32458e-5 -0.1660884 0.05712985 0.003942847 -0.1527994 0.05085855 0.02049553 -0.1447876 0.05262601 0.008236646 -0.1532264 0.05255025 0.01600265 -0.1609644 0.05523812 0.01129376 -0.1532095 0.04871398 0.02525353 -0.1619364 0.04725146 0.03059744 -0.1627783 0.04411548 0.03503036 -0.1637324 0.04056012 0.03915536 -0.1658873 0.05281639 0.02163958 -0.1705583 0.05745065 0.007792711 -0.1658504 0.05465698 0.01664769 -0.1807951 0.05819338 0.01216375 -0.1809171 0.05676847 0.01752269 -0.1810921 0.05482602 0.02276051 -0.1712222 0.05120235 0.02692461 -0.1815541 0.04941922 0.03267347 -0.1818501 0.04598265 0.03725337 -0.1822271 0.04209452 0.04151427 -0.1488546 0.01850914 0.05035126 -0.1409857 0.02858054 0.04426729 -0.1406466 0.03076744 0.04274022 -0.1486295 0.02594393 0.04708528 -0.1499545 0.0222944 0.04901921 -0.1736391 0.03708118 0.04428434 -0.1452535 0.007564604 0.05244123 -0.1491805 0.01427453 0.05165421 -0.1502505 0.01075899 0.05259811 -0.1560034 0.005152821 0.05422914 -0.1735992 0.01946228 0.05394017 -0.1795392 0.03279739 0.04845821 -0.1820752 0.02930998 0.05095028 -0.1846941 0.02534824 0.05337321 -0.1762042 0.01386892 0.05593717 -0.194751 0.008612036 0.05968916 -0.2016988 0.06183516 0.004531741 -0.1909199 0.06078886 -0.001196146 -0.186523 0.05982124 0.006897807 -0.2017148 0.06113362 0.01024663 -0.2015688 0.05982029 0.0160526 -0.2017258 0.058016 0.02161455 -0.2017118 0.05563241 0.02704548 -0.186631 0.05290091 0.02830743 -0.2021008 0.05110526 0.03477036 -0.2023108 0.05356401 0.03095555 -0.2023198 0.0475009 0.03949034 -0.2024959 0.043347 0.04394531 -0.2017018 0.02015179 0.05794513 -0.192542 0.03601163 0.04844927 -0.1923929 0.03951281 0.04568028 -0.2038499 0.03366941 0.05176115 -0.2028539 0.03004032 0.05374515 -0.2035268 0.02600145 0.0558741 -0.2018588 0.01430708 0.05962908 -0.2167197 0.03897982 0.04981529 -0.2170506 0.009114265 0.0624659 -0.2170627 0.004847049 0.06295514 -0.2154147 0.06337857 -2.71797e-5 -0.2155976 0.06297636 0.00699675 -0.2158266 0.06141376 0.01570165 -0.2160567 0.0584349 0.02448642 -0.2162497 0.05474174 0.03184151 -0.2164207 0.0503205 0.03840136 -0.2165915 0.04455828 0.04494619 -0.2168556 0.03112822 0.05503511 -0.2169426 0.02424538 0.05831706 -0.2169907 0.01912111 0.060166 -0.2170276 0.01379078 0.06159806 -0.2170677 -0.001874208 0.06307101 -0.2170556 -0.007672965 0.06263208 -0.2170047 -0.01734822 0.06068515 -0.2169576 -0.02264875 0.05892705 -0.2168956 -0.02817028 0.05654513 -0.2168177 -0.0335431 0.0535531 -0.2167207 -0.0389232 0.04984915 -0.2165896 -0.04465752 0.04488325 -0.2164087 -0.05077242 0.03794622 -0.2162326 -0.05518072 0.03124749 -0.2160866 -0.05805468 0.0256145 -0.2159596 -0.05996811 0.02080464 -0.2158406 -0.06138658 0.01624965 -0.2156927 -0.0626291 0.01058471 -0.2155476 -0.06332254 0.005013823 -0.2154147 -0.06354129 -0.001984119 -0.05045878 -0.04383701 0.006194829 -0.05628883 -0.04342353 0.01300561 -0.05607271 -0.04201638 0.0174576 -0.05564379 -0.04016607 0.02182161 -0.0549637 -0.03786367 0.02608561 -0.05374681 -0.03523159 0.03001248 -0.04768991 -0.03138238 0.03438341 -0.05020189 -0.02602344 0.03978335 -0.05232882 -0.01529932 0.04644227 -0.05225789 -0.01137447 0.04796326 -0.05175888 -0.007625937 0.04904723 -0.04304289 -0.03164082 0.03380048 -0.04456794 -0.03425437 0.03038251 -0.03284811 -0.003458976 0.05129015 -0.02695906 -0.03236895 0.03818941 -0.02866208 -0.03475403 0.0351324 -0.046512 -0.04041868 0.01856756 -0.04683589 -0.04184496 0.01404654 -0.04604995 -0.03668773 0.02663457 -0.04718589 -0.03883296 0.02265059 -0.04212391 -0.03851878 0.0229876 -0.0457549 -0.04277759 0.00854659 -0.04555189 -0.0421971 0.01178264 -0.04568588 -0.04318934 0.00425291 -0.05116689 -0.04430407 6.31809e-4 -0.038455 -0.01855564 0.04517328 -0.03224313 -0.0190047 0.04554724 -0.03813803 -0.00901097 0.04939115 -0.03758394 -0.01170814 0.04850423 -0.03963398 -0.005702495 0.05016613 -0.0308001 -0.008122622 0.05044817 -0.03783106 -0.01451069 0.04732525 -0.03181803 -0.01383703 0.04825425 -0.04028904 -0.02545177 0.04015135 -0.04161703 -0.02873867 0.03704237 -0.03651905 -0.02859514 0.03768134 -0.03919899 -0.02198809 0.04289734 -0.03472805 -0.0254302 0.04075431 -0.03316199 -0.02186018 0.04362237 -0.0246092 -0.003706932 0.05254423 -0.01483929 -0.0208314 0.04979717 -0.01198434 -0.01155579 0.05342423 -0.009064435 -0.00788486 0.05478823 -0.01303136 -0.01715785 0.05157518 -0.02345418 -0.008936524 0.05146312 -0.02516806 -0.01357412 0.04953825 -0.02444815 -0.02029675 0.04689228 -0.02267122 -0.02690333 0.04404723 -0.01843523 -0.0276755 0.04554927 -0.02064323 -0.02359139 0.04661822 -0.0166074 -0.02340221 0.04821527 -0.02440214 -0.02934986 0.04174137 -0.02547812 -0.03132355 0.03985929 -0.02116024 -0.03038394 0.0428543 -0.02700006 -0.0249142 0.04347825 -0.0291872 -0.02828925 0.04034042 -0.03144514 -0.03132313 0.03686344 -0.02820014 -0.01790553 0.04698324 -0.03084111 -0.02414566 0.04270625 -0.03344798 -0.02872568 0.03836631 -0.03689193 -0.03149384 0.03459835 -0.03599309 -0.04122096 0.01973462 -0.03890502 -0.03418457 0.03086149 -0.03323805 -0.03411579 0.03314626 -0.03225004 -0.03788995 0.0290054 -0.03105103 -0.03489756 0.03346443 -0.03080308 -0.03676021 0.03153443 -0.03366911 -0.03751641 0.02837848 -0.03534722 -0.03663659 0.0287255 -0.037135 -0.03863155 0.02427256 -0.03556609 -0.03930175 0.02387654 -0.03434407 -0.03971451 0.02439153 -0.03260612 -0.04011476 0.02619147 -0.03417503 -0.04118895 0.0227915 -0.03719508 -0.04069888 0.01926648 -0.03929901 -0.04025095 0.01933169 -0.04058599 -0.03650468 0.02702748 -0.04245793 -0.04043745 0.01819467 -0.03869891 -0.04337197 0.008379697 -0.03801095 -0.04294252 0.01208174 -0.03699302 -0.04189616 0.01667463 -0.03868007 -0.04175525 0.01432263 -0.03854191 -0.04249686 0.01187968 -0.03978002 -0.04248207 0.009198665 -0.04065299 -0.04155665 0.01395654 -0.04164803 -0.04234009 0.009005665 -0.03925597 -0.04364258 0.003967881 -0.03879594 -0.04440099 0.00365889 -0.03944003 -0.04305177 0.006624817 -0.03995597 -0.04305708 0.003731846 -0.03894007 -0.04448831 -2.2006e-4 -0.03971993 -0.0433678 -8.85129e-4 -0.04073488 -0.04292088 0.002172827 -0.04183995 -0.04284739 -2.32458e-5 -0.04224193 -0.04276311 0.004067778 -0.04409599 -0.04306507 -7.12156e-4 -0.09322535 0.02606844 -0.04086053 -0.1075161 0.02609282 -0.04176557 0.004043459 0.02650874 -0.05765545 0.01110529 0.02648824 -0.05687034 0.05761075 0.0252152 -0.008259057 -0.07685744 0.02605521 -0.04033052 0.01874828 0.02644097 -0.05506646 0.05658173 0.02537262 -0.01426792 -0.04778385 0.02612406 -0.04301154 0.05528676 0.02550226 -0.01921796 -0.04291498 0.02617835 -0.04504346 -0.03884005 0.02622681 -0.04694855 -0.02067124 0.02642434 -0.05443549 0.02598917 0.02637016 -0.05235946 0.05295276 0.02566802 -0.02554678 -0.03440809 0.02628165 -0.04904842 -0.02803814 0.02635622 -0.05187451 -0.05846869 0.02605783 -0.04043352 -0.01569032 0.02645874 -0.05575942 -0.05227291 0.02608621 -0.04152059 0.03268706 0.02627611 -0.0487715 -0.01092326 0.02648597 -0.05678939 -0.003984451 0.02650868 -0.05763936 0.03722 0.0261929 -0.04559051 0.04083704 0.02611213 -0.04250955 0.04987287 0.02582061 -0.03137671 0.04724085 0.02592402 -0.03532266 0.04427492 0.02601999 -0.03899157 -0.1390867 -0.003625452 -0.05199539 -0.1391396 0.001953721 -0.05213046 -0.1524994 0.05458235 -0.005318045 -0.1254398 0.04896706 -0.004380106 -0.1394287 -0.04209119 -0.03394961 -0.1468095 -0.03973126 -0.03760766 -0.1285778 -0.03829687 -0.03583765 -0.2023677 -9.00491e-4 -0.06136131 -0.195531 0.001948833 -0.06040441 -0.1483596 -0.02577257 -0.04727363 -0.1486486 -0.02052092 -0.04956746 -0.1290618 -0.01964169 -0.04729259 -0.1762852 -0.003917753 -0.05741739 -0.1556243 -8.88516e-4 -0.05438041 -0.1488325 -0.01503396 -0.05135345 -0.1482905 -0.00962311 -0.05246949 -0.1347637 -0.009149432 -0.05083656 -0.1556134 -0.006673991 -0.05397534 -0.1347248 -0.01461458 -0.04961347 -0.1763992 -0.01577383 -0.05546641 -0.193418 -0.01010525 -0.0592904 -0.1763731 -0.02150255 -0.05362844 -0.1763361 -0.02700281 -0.05125546 -0.1474496 -0.03543913 -0.04125261 -0.1479905 -0.03077507 -0.0444895 -0.1288598 -0.02958935 -0.04239368 -0.1289649 -0.02473968 -0.0450716 -0.1287077 -0.0341137 -0.03930568 -0.1762682 -0.03712487 -0.04502356 -0.1762973 -0.03223162 -0.04837262 -0.1762262 -0.04164355 -0.04123651 -0.2019358 -0.02492922 -0.05615735 -0.2019019 -0.01610499 -0.0592004 -0.2029818 -0.006519317 -0.06110024 -0.2018488 -0.02048265 -0.05784249 -0.2170417 -0.01130467 -0.0621494 -0.2018128 -0.03832632 -0.04829263 -0.2015239 -0.03326123 -0.05174851 -0.2015688 -0.02930468 -0.05399644 -0.2009339 -0.04314529 -0.04406154 -0.1968549 -0.04704391 -0.03932964 -0.1257518 -0.05230581 -0.01460587 -0.1554185 -0.0553348 -0.01623308 -0.1645193 -0.05404889 -0.02208387 -0.1761722 -0.04573404 -0.03706455 -0.1206599 -0.04703623 -0.02398681 -0.1321418 -0.04576635 -0.02825772 -0.1328006 -0.04292064 -0.03183877 -0.1752462 -0.04944294 -0.03227066 -0.1738282 -0.05246937 -0.02732086 -0.1759622 -0.05622804 -0.02014088 -0.1650173 -0.05829101 -0.009109973 -0.1250859 -0.05408042 -0.007719039 -0.1686983 -0.05750924 -0.0141009 -0.1253808 -0.05332314 -0.01114702 -0.1636774 -0.05880564 -0.004160165 -0.1289677 -0.05506604 -0.003865122 -0.1962109 -0.05890983 -0.01860678 -0.1967139 -0.05677127 -0.02420473 -0.1972559 -0.05402666 -0.02967774 -0.1969718 -0.05078196 -0.03464472 -0.1966269 -0.06152373 -0.007320046 -0.1966559 -0.0605176 -0.013031 -0.1033631 -0.00333023 -0.0492264 -0.103421 0.001806795 -0.04940342 -0.09288632 -7.47467e-4 -0.0491445 -0.07709753 -9.93233e-4 -0.04916846 -0.08239448 0.001730084 -0.04917144 -0.05663681 -8.80717e-4 -0.04986953 -0.07774055 -0.01055216 -0.04763555 -0.05630576 -0.01042306 -0.04817342 -0.07785344 -0.005695879 -0.04866456 -0.0611447 -0.005308389 -0.04918444 -0.07765662 -0.01533383 -0.04609048 -0.05559182 -0.01499146 -0.04654049 -0.05711376 -0.01930642 -0.04442346 -0.07760441 -0.01993727 -0.04407453 -0.06644856 -0.02619695 -0.04002058 -0.05479979 -0.03000175 -0.03635776 -0.06582069 -0.02242946 -0.0425316 -0.0776354 -0.03132617 -0.03636467 -0.05662977 -0.0332238 -0.03293871 -0.09277427 -0.01086056 -0.04767262 -0.09327924 -0.005905926 -0.0486685 -0.09269428 -0.01581102 -0.04616057 -0.09843719 -0.02085226 -0.04428756 -0.08786427 -0.02858155 -0.03921163 -0.08811736 -0.02495902 -0.04162359 -0.08449435 -0.03541296 -0.03298068 -0.09814631 -0.0333572 -0.03628671 -0.07992744 -0.0379942 -0.02948379 -0.07781147 -0.04490482 -0.01731789 -0.07545149 -0.04608684 -0.01304507 -0.08010661 -0.04081785 -0.02562177 -0.07796049 -0.04295796 -0.02154183 -0.09825122 -0.05102813 -0.004991054 -0.09224236 -0.0496332 -0.008394122 -0.05444586 -0.04421955 -0.008018016 -0.09869635 -0.04947292 -0.01252198 -0.05288982 -0.0444622 -0.003699064 -0.108712 -0.04024296 -0.0308907 -0.1243628 -8.11358e-4 -0.05063641 -0.113887 -7.92847e-4 -0.04987454 -0.1036862 -0.008629858 -0.04850053 -0.1032302 -0.01365542 -0.04725956 -0.1087771 -0.0175628 -0.04622757 -0.114408 -0.01277303 -0.04818749 -0.1138439 -0.006095647 -0.04943752 -0.1136299 -0.02154749 -0.04501461 -0.1086031 -0.03054076 -0.03945863 -0.1086601 -0.02606135 -0.04228961 -0.111265 -0.03599101 -0.03551161 -0.1246569 -0.01315921 -0.04894745 -0.1243208 -0.006240904 -0.05021154 -0.1009042 -0.04818212 -0.01689791 -0.1134729 -0.04799389 -0.02071583 -0.1086671 -0.04340898 -0.02699077 -0.114183 0.04633104 -0.008844017 -0.1263239 0.04857265 -0.009158015 -0.1246088 0.04733872 -0.013556 -0.1432806 0.05125916 -0.0134449 -0.05870473 0.02016925 -0.04474151 -0.07199358 0.01771628 -0.04575955 -0.07869446 0.01998478 -0.04452157 -0.08203947 0.02389854 -0.04212367 -0.0660516 0.02366715 -0.04223358 -0.09313631 0.02247208 -0.0433495 -0.09308028 0.01830911 -0.04554557 -0.08250534 0.01583075 -0.04647648 -0.05777168 0.01730132 -0.04632544 -0.07194554 0.0133965 -0.04747951 -0.05583477 0.01423233 -0.04769849 -0.0719186 0.008839905 -0.04865741 -0.05805683 0.01104587 -0.04863142 -0.06858861 0.004160583 -0.04935145 -0.05724179 0.0081321 -0.04930257 -0.05570983 0.00391817 -0.04989457 -0.08243942 0.006589472 -0.04882848 -0.08247041 0.01131421 -0.04792654 -0.09301531 0.01384818 -0.04725146 -0.09297919 0.00914359 -0.04843056 -0.09293937 0.004255533 -0.04906439 -0.103568 0.01646375 -0.04666149 -0.1036241 0.02088308 -0.04470455 -0.110483 0.0235244 -0.04367458 -0.1140861 0.01918536 -0.04618155 -0.1250408 0.02436554 -0.04465258 -0.1245269 0.01972669 -0.04687273 -0.1348987 0.02270281 -0.04674756 -0.1353067 0.02745181 -0.04420351 -0.1034642 0.006866037 -0.0490334 -0.1035201 0.01176905 -0.04811549 -0.114044 0.01448255 -0.04790651 -0.113982 0.009563624 -0.04910349 -0.1139479 0.00443089 -0.04976642 -0.124456 0.009806692 -0.04983353 -0.1349027 0.01783084 -0.04876744 -0.1244919 0.01488143 -0.0486145 -0.1348817 0.0127052 -0.05027449 -0.1391446 0.007469415 -0.05170154 -0.1244049 0.004558384 -0.05050849 -0.1753091 0.05856072 -0.004056096 -0.1662282 0.05708283 -0.005173206 -0.1532124 0.04871463 -0.02529978 -0.1528015 0.05085897 -0.02054083 -0.1447867 0.05262571 -0.008283138 -0.1532256 0.05254977 -0.01604986 -0.1609684 0.05523824 -0.01134312 -0.1627793 0.04411584 -0.03507673 -0.1637763 0.04800456 -0.03007566 -0.1720821 0.05460631 -0.01988184 -0.1658504 0.05465632 -0.01669597 -0.1761472 0.0580523 -0.009371042 -0.1761882 0.056903 -0.01468396 -0.1710892 0.05244344 -0.0245248 -0.1637383 0.04056072 -0.0392028 -0.1801211 0.05062299 -0.03051674 -0.1818511 0.04598283 -0.03729975 -0.1816672 0.04858559 -0.03389763 -0.1488535 0.01850879 -0.05039739 -0.1495685 0.02363681 -0.04842257 -0.1478235 0.0283221 -0.04565954 -0.1406446 0.03076714 -0.04278659 -0.1343867 0.03461199 -0.03851664 -0.1736332 0.03708028 -0.04432952 -0.1502494 0.01076 -0.05264353 -0.1491814 0.01427316 -0.05170047 -0.1560144 0.005152583 -0.05427646 -0.1736072 0.01946407 -0.05398643 -0.184737 0.02535915 -0.05342149 -0.1822252 0.04209476 -0.04155957 -0.1795392 0.03279656 -0.04850447 -0.1820791 0.02931219 -0.05099546 -0.1762222 0.0138691 -0.0559864 -0.1947538 0.008612334 -0.05973529 -0.2016979 0.06183499 -0.00458002 -0.186617 0.05542391 -0.02322673 -0.1865581 0.05889207 -0.01246893 -0.186524 0.05982136 -0.00694406 -0.1865881 0.05742341 -0.01791489 -0.2017258 0.06113427 -0.01029598 -0.2015678 0.05982011 -0.01609897 -0.2017278 0.05801618 -0.02166092 -0.1866331 0.05290126 -0.02835381 -0.2020999 0.05110532 -0.03481578 -0.2017118 0.05563241 -0.02709078 -0.2023098 0.05356371 -0.03100275 -0.2023198 0.04750037 -0.03953659 -0.2024978 0.043347 -0.04399156 -0.2017018 0.02015137 -0.05799138 -0.2035398 0.02600216 -0.05592143 -0.192545 0.03601181 -0.04849648 -0.192394 0.03951311 -0.04572653 -0.2027399 0.03135889 -0.05305647 -0.2018578 0.01430678 -0.05967533 -0.2167607 0.03683799 -0.05145263 -0.2166767 0.04100555 -0.04820942 -0.2075308 0.005067527 -0.06181538 -0.2170556 0.007819771 -0.06270825 -0.05903971 0.02334511 -0.0426346 -0.04831492 0.00366187 -0.05032849 -0.04727089 -0.003477513 -0.05010044 -0.05039083 -0.006760954 -0.04935443 -0.05078387 -0.026358 -0.03956758 -0.05340981 -0.03542238 -0.02975285 -0.05435776 -0.03793591 -0.02591586 -0.05575776 -0.04043895 -0.02133488 -0.05604076 -0.04205387 -0.01739394 -0.05590569 -0.0433346 -0.0132209 -0.2155476 -0.06332254 -0.005059957 -0.2156927 -0.0626291 -0.01063096 -0.2158406 -0.06138652 -0.0162959 -0.2159596 -0.05996817 -0.02085077 -0.2160866 -0.05805486 -0.02565979 -0.2162326 -0.05518054 -0.03129482 -0.2164087 -0.05077254 -0.03799283 -0.2165896 -0.04465812 -0.0449295 -0.2167207 -0.03892332 -0.04989552 -0.2168177 -0.03354328 -0.05359947 -0.2168956 -0.02817124 -0.05659139 -0.2169576 -0.02264863 -0.05897343 -0.2170047 -0.01734775 -0.06073129 -0.2170627 -0.004772186 -0.06296432 -0.2170677 6.98168e-4 -0.06313633 -0.2170276 0.01379013 -0.06164431 -0.2169907 0.01912111 -0.06021249 -0.2169426 0.02424502 -0.05836343 -0.2168676 0.03026586 -0.05553042 -0.2165517 0.04604429 -0.04342055 -0.2164207 0.05032068 -0.03844761 -0.2162767 0.05408227 -0.03294372 -0.2161226 0.05728936 -0.0270847 -0.2159286 0.06025093 -0.01964592 -0.2157616 0.06195092 -0.01326692 -0.2155886 0.06302756 -0.006663084 -0.03802299 0.01251494 -0.05065143 -0.03852999 0.0164994 -0.04975259 -0.03047811 0.01619404 -0.05210745 -0.04372394 0.01734304 -0.04822647 -0.04438197 0.01131415 -0.04967546 -0.02990818 0.004427492 -0.05269348 -0.03588306 0.004143536 -0.05167937 -0.03432714 0.008609354 -0.05182743 -0.02665615 0.01218795 -0.05339646 -0.0435599 0.007647991 -0.05040955 -0.04197299 0.003927469 -0.05087745 -0.03012812 -1.10454e-5 -0.05227649 -0.03601801 -7.65704e-5 -0.05144548 -0.04190802 0 -0.0508635 -0.04831492 0.01458257 -0.0481944 -0.05093491 0.01099413 -0.04900956 -0.05015087 0.007192969 -0.04984152 -0.04780888 3.32303e-5 -0.05037641 -0.0464729 0.02182275 -0.04560351 -0.05491578 0.02385449 -0.04260647 -0.05112075 0.02448868 -0.04289865 -0.05200576 0.02090948 -0.04486858 -0.04959595 0.01796185 -0.04668855 -0.03601503 0.02105516 -0.04949545 -0.03162407 0.02032172 -0.05122637 -0.04116499 0.02107346 -0.04771351 -0.009736418 0.01624196 -0.05699837 -0.004887461 0.01514124 -0.05753445 -0.01617133 0.01564103 -0.05578947 -0.0250411 0.02018254 -0.05340838 -0.01181733 0.005512475 -0.05631935 -0.005764484 0.004243791 -0.05699038 -0.009590268 0.01025032 -0.05692446 -0.003866434 0.00925225 -0.0575025 -0.01783537 0.007494926 -0.05532741 -0.02397322 0.004685461 -0.05385947 -0.006754398 -0.001228332 -0.0562694 -0.01262629 2.28639e-5 -0.05555248 -0.01858031 -0.001001 -0.05426037 -0.02429211 -1.20185e-6 -0.05332934 -9.38416e-4 0.01234459 -0.05771529 0.003740429 0.01168012 -0.05762732 0.008385419 0.01205402 -0.05720937 0.01340627 0.0116024 -0.05637252 0.02376925 0.01164638 -0.05324256 0.02805197 0.0118128 -0.05129837 0.03224003 0.01159232 -0.04899263 0.03663802 0.01159167 -0.04599761 0.04062688 0.01152187 -0.04266655 0.04373085 0.01192581 -0.03954565 0.04679095 0.01157861 -0.03588163 0.04970383 0.01149886 -0.0316087 0.05183386 0.01176446 -0.02775669 0.0538088 0.01154446 -0.0233618 0.05677878 0.0115453 -0.01321899 0.05772876 0.0115168 -0.006986975 -0.04302191 -0.03098386 -0.03465282 -0.03016209 -0.003684461 -0.05168151 -0.035923 -0.003614366 -0.05097544 -0.0271511 -0.03229516 -0.03818666 -0.02527511 -0.033903 -0.03828966 -0.04497706 -0.03369677 -0.03127765 -0.04662692 -0.04047906 -0.01846385 -0.0457009 -0.04184979 -0.01355791 -0.04603695 -0.03670185 -0.02665483 -0.04212296 -0.03851878 -0.02303373 -0.04736793 -0.03890603 -0.02256786 -0.04648292 -0.04249465 -0.01101303 -0.04572391 -0.04303973 -0.006299972 -0.03867399 -0.01871883 -0.0451045 -0.03224205 -0.01900511 -0.0455935 -0.04161393 -0.003616511 -0.05047154 -0.03858101 -0.00812292 -0.04967057 -0.03079915 -0.008122503 -0.05049443 -0.03181803 -0.01383703 -0.04829955 -0.03785109 -0.0124737 -0.04824542 -0.03804504 -0.01590836 -0.04666352 -0.04060101 -0.02418386 -0.04125869 -0.03472805 -0.02542996 -0.04080069 -0.03651905 -0.02859556 -0.03772664 -0.03919398 -0.02193129 -0.04298055 -0.03316009 -0.0218625 -0.04366755 -0.04167902 -0.02883088 -0.03699278 -0.02434027 -0.004073083 -0.05256152 -0.01579225 -0.02099347 -0.04947042 -0.01336836 -0.01737993 -0.05144441 -0.01334524 -0.003482162 -0.05489444 -0.01325535 -0.009389102 -0.05371344 -0.0116384 -0.0136674 -0.05296254 -0.008078336 -0.00470817 -0.05556046 -0.0239942 -0.008949518 -0.05140149 -0.02260315 -0.01623225 -0.04926645 -0.02285623 -0.02687484 -0.04404652 -0.02038228 -0.02813744 -0.04449856 -0.01871919 -0.02434289 -0.04704558 -0.02398622 -0.03028994 -0.0414406 -0.02780413 -0.02931642 -0.04020166 -0.02700221 -0.02491456 -0.04352366 -0.02494907 -0.02125203 -0.04628157 -0.03144407 -0.03132337 -0.03690969 -0.02819907 -0.0179004 -0.04703259 -0.02642214 -0.01274251 -0.04964745 -0.03083813 -0.02413731 -0.04275965 -0.03344798 -0.02872568 -0.03841269 -0.03689193 -0.03149402 -0.03464376 -0.03612804 -0.04152625 -0.01904296 -0.03323709 -0.03411555 -0.0331937 -0.03275597 -0.03779846 -0.02866482 -0.03239202 -0.03952735 -0.0271157 -0.03105103 -0.03489756 -0.03351068 -0.02873909 -0.03499501 -0.03492867 -0.03084409 -0.03730189 -0.03102278 -0.03534805 -0.03663671 -0.02877175 -0.037135 -0.03863143 -0.02431881 -0.03453195 -0.04018801 -0.02349793 -0.03556716 -0.03930169 -0.02392184 -0.03719508 -0.04069876 -0.01931297 -0.03929901 -0.04025101 -0.01937687 -0.04058599 -0.03650474 -0.02707374 -0.03890502 -0.03418427 -0.0309087 -0.04245793 -0.0404374 -0.01824092 -0.03842294 -0.04348582 -0.00929892 -0.03740811 -0.04277402 -0.01414096 -0.0372051 -0.04161131 -0.01703691 -0.038679 -0.04175513 -0.01436901 -0.03854191 -0.04249691 -0.01192605 -0.03978002 -0.04248207 -0.009245991 -0.04065299 -0.04155647 -0.01400399 -0.04164707 -0.04233986 -0.009053945 -0.03901302 -0.04386442 -0.004634141 -0.03944003 -0.04305195 -0.006670117 -0.04044497 -0.04286295 -0.004089117 -0.04224193 -0.04276311 -0.004113197 -0.001257538 -0.01582688 0.05354821 0.05461788 -0.01014024 0.004736781 0.05208683 -0.01760506 0.004972815 0.05316281 -0.01524513 -2.32458e-5 -0.001546502 0.004150032 0.05722117 -0.001318454 -0.001599371 0.05655515 -0.004354476 -0.007677495 0.05539107 0.001035571 -0.00748521 0.05560016 -0.006961464 -0.01529574 0.0532782 0.001586437 0.007040739 0.05744016 -0.001163601 -0.0267381 0.0495553 -0.00409758 -0.03282105 0.04638922 8.45194e-5 -0.03675997 0.04429841 -0.004060506 -0.03962576 0.04225933 -0.008171439 -0.03961545 0.04165339 -0.01228129 -0.03959792 0.04062938 -0.01630532 -0.03966552 0.03911626 -0.02008819 -0.03965538 0.03729236 -0.02377617 -0.03934288 0.03526341 -0.02702617 -0.03917473 0.03290545 -0.01706326 -0.03300267 0.04320037 -0.02169418 -0.03529602 0.03955233 0.001261472 -0.03175401 0.04711019 -0.008735299 -0.03281486 0.04573726 -0.0128653 -0.03254652 0.04488325 0.001423478 -0.02134066 0.05171918 -0.00385034 -0.0211234 0.05165922 -0.01214838 -0.02823108 0.04735422 -0.006176471 -0.02648228 0.04929018 -0.01134431 -0.02468782 0.04913926 -0.009109377 -0.0210976 0.05101728 0.04561293 -0.03225755 0.004372835 0.04751896 -0.02879315 -2.32458e-5 0.04905498 -0.02500706 0.004689812 0.04230701 -0.03827404 0.005633831 0.044003 -0.03575116 -2.32458e-5 0.04504382 -0.03232574 0.008596658 0.04269099 -0.03528439 0.01233661 0.04280102 -0.0324245 0.0170437 0.03972303 -0.03843539 0.01581358 0.04104006 -0.03253138 0.02118647 0.03736102 -0.03950995 0.01962959 0.03533113 -0.03961843 0.02311646 0.03298509 -0.03953051 0.02657747 0.03025114 -0.0395472 0.02973949 0.03698408 -0.03277903 0.02792751 0.039595 -0.03198975 0.02461051 0.03411304 -0.03286772 0.03149545 0.04490685 -0.02488201 0.02187657 0.05058479 -0.02195817 -2.21729e-5 0.04748392 -0.02532476 0.01354575 0.04843986 -0.02523016 0.009018778 0.0461049 -0.02539509 0.01813268 0.05043494 -0.01813101 0.01418066 0.05144286 -0.0179153 0.009502768 0.04903876 -0.01810675 0.01905465 0.0476669 -0.01821845 0.02258253 0.04004693 -0.02578568 0.02979147 0.04265284 -0.02563971 0.02570152 0.03698801 -0.02590775 0.03364348 0.04266786 -0.01850295 0.03146052 0.04541182 -0.0183624 0.02712249 0.03941392 -0.01864731 0.03555142 0.03350698 -0.0260182 0.03717446 0.03086709 -0.03296494 0.03474438 0.02721118 -0.03961366 0.03255951 0.02384209 -0.0396679 0.03510534 0.02028727 -0.03964722 0.03731334 0.01647627 -0.03967475 0.03913533 0.02279412 -0.03484034 0.03934931 0.02724814 -0.03307086 0.03765618 0.02464199 -0.03013652 0.04129731 0.01764726 -0.03504413 0.04182231 0.01970624 -0.03155243 0.04303133 0.0124613 -0.03955471 0.0406773 0.008394479 -0.0396285 0.04164838 0.004201531 -0.03964054 0.04225933 -0.001072525 -0.04345625 0.03979623 0.005269527 -0.03284579 0.0462861 0.009888291 -0.03282457 0.04555928 0.01448225 -0.03280967 0.04434621 0.01859021 -0.02636522 0.04630219 0.03570604 -0.01879334 0.03928029 0.02977705 -0.02657759 0.03995132 0.02961707 -0.02265965 0.04223835 0.02320122 -0.02629226 0.04425024 0.0266931 -0.02090448 0.04489326 0.033481 -0.01512837 0.04279339 0.03013014 -0.01523613 0.04514122 0.02196323 -0.02098071 0.04728519 0.02534615 -0.01534438 0.04784524 0.02031731 -0.01541346 0.05004024 0.01704216 -0.0210365 0.04916822 0.008879423 -0.02647089 0.04895317 0.01381039 -0.02642166 0.0478692 0.00386846 -0.02648568 0.04955422 0.006691455 -0.02111738 0.05142927 0.01193034 -0.02108108 0.0505532 0.01508629 -0.01547068 0.05171823 0.009700298 -0.01553493 0.05287122 0.004200458 -0.01740801 0.05292809 0.05637884 -0.002971589 0.005022883 0.05647277 -0.00344026 -2.32458e-5 0.05745971 0.002497255 -2.32458e-5 0.05744278 0.004761576 0.005856752 0.03702104 -0.01319384 0.04061436 0.0550028 -0.009432673 -2.32458e-5 0.05009782 -0.01069104 0.02340745 0.05289578 -0.01061975 0.01489567 0.0539838 -0.01035201 0.009792685 0.05190384 -0.01060456 0.01855063 0.044878 -0.01097309 0.03272044 0.04775989 -0.01083421 0.02815246 0.04158997 -0.01139461 0.03673744 0.04031097 -0.007285535 0.03969728 0.05360686 -0.00282967 0.01955068 0.05166685 -0.002925455 0.02460849 0.05609071 -0.001942574 0.0094527 0.05458784 -0.004903435 0.01421272 0.05564975 0.001109659 0.01467466 0.04919171 -0.003011822 0.02951145 0.04642176 -0.002698719 0.03395342 0.04424893 -0.005096077 0.0359863 0.04281699 -0.001235902 0.03878343 0.03151607 -0.007505595 0.04672133 0.03612411 -0.0074023 0.04343533 0.02657616 -0.007599472 0.04949915 0.02094721 -0.009587347 0.05144309 0.004319429 -0.01170486 0.05453515 0.009995341 -0.009668231 0.05433523 0.01554429 -0.009636342 0.05315423 0.01888823 -0.003658831 0.05342519 0.03873705 -0.001313924 0.04275929 0.02392411 -0.00304991 0.05166602 0.03421998 -0.00137645 0.04628336 0.02933013 -0.001436293 0.04931318 0.007606387 -0.003721237 0.05584514 0.01330542 -0.003698229 0.05490314 0.004366397 9.32281e-4 0.05678319 0.041103 0.002788245 0.04134833 0.05795776 0.008165121 -4.3273e-5 0.05454778 0.004905402 0.02028155 0.05252277 0.004881501 0.02546644 0.05706083 0.00496298 0.009543776 0.05618178 0.008920013 0.01559567 0.04994785 0.004839599 0.03046047 0.04682481 0.00478506 0.03517949 0.0433979 0.005188465 0.0393753 0.039016 0.006852328 0.04375135 0.02154207 0.002603113 0.05340421 0.03198707 0.002692341 0.0483942 0.03675007 0.002738356 0.04510927 0.02690613 0.002643942 0.05115711 0.03443109 0.006830215 0.04725527 0.02948701 0.006789267 0.0502572 0.0242542 0.006758511 0.05274128 0.00886631 0.004570722 0.05673003 0.01459741 0.004559159 0.05568706 0.01879131 0.006743967 0.05470216 -0.03370714 -0.04396986 0.02019858 -0.03087806 -0.04385906 0.02442359 -0.02731716 -0.04375058 0.02855849 -0.02190423 -0.04363501 0.0329864 -0.01709234 -0.04356187 0.03578937 -0.01268231 -0.04351371 0.0376234 -0.007810473 -0.04347807 0.03898036 0.006587505 -0.0434702 0.03927934 0.01442217 -0.04352718 0.03710532 0.02062618 -0.04361063 0.03392541 0.02450919 -0.04368305 0.03115856 0.02901303 -0.04379296 0.0269556 0.03416705 -0.04398113 0.01976561 0.03675401 -0.04413306 0.01396572 0.03807497 -0.04424983 0.009506583 0.03884899 -0.04436844 0.004979729 0.03913402 -0.04449838 -2.56181e-4 -0.03564 -0.04407083 0.01634073 -0.037225 -0.0441848 0.01199662 -0.03836202 -0.04430621 0.007336616 -0.001282453 -0.01200425 -0.05462539 0.001438498 -0.01956373 -0.05241644 -0.003925442 -0.01929593 -0.05236542 0.05461788 -0.0101394 -0.004783153 0.05208683 -0.01760464 -0.005020141 -0.001213431 5.69027e-4 -0.05690836 -0.004436492 -0.006055235 -0.05572843 0.001551508 -0.005693316 -0.05595433 -0.00700438 -0.01339012 -0.05382442 -0.009539365 -0.01724177 -0.0523194 -0.007894396 -0.009534299 -0.05466246 0.001585483 0.007043361 -0.05748629 -0.001164555 -0.02673792 -0.04960143 8.45194e-5 -0.03194499 -0.04709351 8.45194e-5 -0.0367611 -0.04434359 -0.004059553 -0.03962481 -0.04230558 -0.001071453 -0.04345625 -0.03984272 -0.008171439 -0.03961545 -0.04169952 -0.01228129 -0.03959822 -0.04067564 -0.01630735 -0.03966635 -0.0391606 -0.02008032 -0.03967547 -0.0373286 -0.02429723 -0.03809094 -0.03589975 -0.02194118 -0.04363489 -0.03301572 -0.02524316 -0.04370003 -0.03047478 -0.02092623 -0.03471374 -0.04037559 -0.005083441 -0.03283536 -0.04632151 -0.009700417 -0.0328322 -0.04557061 -0.01643824 -0.03492641 -0.04228961 -0.01430439 -0.03280931 -0.04434657 -0.01940023 -0.03126019 -0.04323959 -0.01095044 -0.02819794 -0.04767942 -0.006175398 -0.02648425 -0.04933547 -0.01548933 -0.02627217 -0.04737854 -0.01220834 -0.02281802 -0.0497905 -0.009115338 -0.02109342 -0.05106437 0.04561185 -0.0322594 -0.004419088 0.04905498 -0.02500724 -0.004736065 0.04230797 -0.03827291 -0.005679965 0.04504382 -0.03232592 -0.00864315 0.04269099 -0.03528475 -0.01238298 0.03972303 -0.03843486 -0.01585996 0.04279994 -0.03242498 -0.01708984 0.04104006 -0.03253227 -0.02123177 0.03736102 -0.03950983 -0.01967692 0.03719997 -0.03597867 -0.0243138 0.03298509 -0.03953051 -0.02662384 0.03310108 -0.04393583 -0.02151989 0.03025114 -0.03954756 -0.02978479 0.03698503 -0.03277945 -0.02797293 0.04107797 -0.02921462 -0.02499485 0.03244614 -0.03481203 -0.03173971 0.03561806 -0.02941638 -0.03263473 0.04490685 -0.02488166 -0.02192294 0.0461049 -0.02539509 -0.01817882 0.04748392 -0.02532446 -0.013592 0.04843878 -0.02523034 -0.009064912 0.05043494 -0.01813191 -0.01422595 0.05144286 -0.01791578 -0.009549021 0.04903876 -0.01810747 -0.0191009 0.0476669 -0.01821798 -0.0226289 0.04004693 -0.02578496 -0.02983677 0.04408991 -0.02204442 -0.02647376 0.03825807 -0.02231001 -0.03468275 0.04266786 -0.01850354 -0.03150761 0.04659581 -0.01462608 -0.0278238 0.03990793 -0.0168749 -0.03599059 0.03224503 -0.02954006 -0.03602862 0.02721607 -0.039613 -0.0326029 0.02837324 -0.03482425 -0.03551876 0.0238502 -0.03965151 -0.0351597 0.02028727 -0.03964561 -0.03736066 0.01647531 -0.03967809 -0.03917956 0.02235424 -0.0333783 -0.04066658 0.02629721 -0.03333783 -0.03822958 0.01818132 -0.03340899 -0.04268264 0.0124613 -0.03955507 -0.04072356 0.0144813 -0.03280907 -0.04439258 0.008394479 -0.03962868 -0.04169452 0.004200458 -0.03964072 -0.04230558 0.005269527 -0.03284686 -0.04633152 0.009888291 -0.03282487 -0.04560554 0.01858627 -0.026367 -0.04634952 0.03465509 -0.02245563 -0.03831565 0.02755522 -0.02619922 -0.04178965 0.03062605 -0.02610903 -0.03960359 0.02319622 -0.02628415 -0.04430353 0.02709317 -0.0190218 -0.04554557 0.03110814 -0.02080494 -0.04208862 0.03663313 -0.01504302 -0.04025757 0.03261101 -0.01564007 -0.04330563 0.02230024 -0.01911866 -0.04795348 0.01728916 -0.01919794 -0.04985451 0.008892178 -0.02645874 -0.04900252 0.01381325 -0.02641987 -0.04791557 0.003867387 -0.02648508 -0.04960143 0.006791472 -0.0192756 -0.05213952 0.01209735 -0.01924765 -0.05125355 0.05637884 -0.002972245 -0.005068063 0.05744278 0.004761636 -0.005903124 0.04159092 -0.01139378 -0.03678357 0.05009782 -0.01069146 -0.02345478 0.05190384 -0.01060461 -0.01859796 0.05289387 -0.01062476 -0.01494312 0.0539838 -0.01035219 -0.009837985 0.04487693 -0.01097339 -0.03276669 0.04863393 -0.006973266 -0.02877283 0.04031181 -0.007285594 -0.03974282 0.05360579 -0.00282979 -0.01959788 0.05503082 -0.002901136 -0.01433801 0.05609071 -0.001943111 -0.009499073 0.05166685 -0.002925038 -0.02465379 0.04424798 -0.005096375 -0.03603363 0.04642176 -0.002698302 -0.03399968 0.04943287 -0.001073896 -0.02979481 0.04281699 -0.001236319 -0.03882956 0.02075827 -0.01156991 -0.05106651 0.03045713 -0.01334613 -0.0456345 0.02563023 -0.01343023 -0.04835951 0.03151607 -0.007504284 -0.04676747 0.03612411 -0.007402181 -0.04348146 0.02657616 -0.007599472 -0.04954552 0.009912252 -0.01167702 -0.05393743 0.01540219 -0.0116508 -0.0527625 0.004317522 -0.01170855 -0.05458033 0.01888728 -0.003659129 -0.05347263 0.02392411 -0.003050565 -0.05171263 0.03421902 -0.001377761 -0.04633045 0.03873705 -0.001314103 -0.04280447 0.0293312 -0.001435935 -0.04935944 0.007593393 -0.003734827 -0.05589139 0.01330542 -0.003698587 -0.0549494 0.004365444 9.33303e-4 -0.05682933 0.04110395 0.002788066 -0.04139459 0.05454778 0.004905641 -0.02032792 0.05705976 0.004962146 -0.009590029 0.05605161 0.004927814 -0.01499593 0.05252277 0.004881083 -0.02551293 0.04994881 0.004838347 -0.03050374 0.04682791 0.004792571 -0.03522264 0.04339897 0.005187928 -0.0394206 0.05551266 0.01157695 -0.01838994 0.03901505 0.006852328 -0.04379749 0.02154421 0.002610504 -0.05345046 0.03198707 0.002693235 -0.0484395 0.03675007 0.002739191 -0.04515659 0.02690613 0.002645909 -0.05120348 0.02948701 0.006790161 -0.05030345 0.03443109 0.006829559 -0.04730057 0.02423715 0.006767332 -0.05279552 0.01868319 0.0099864 -0.05500638 0.008867383 0.004570603 -0.0567764 0.01459622 0.004559338 -0.05573344 -0.02824509 -0.04377442 -0.02761173 -0.02771818 -0.03804498 -0.03328764 0.0388149 -0.04436194 -0.00527203 0.03807497 -0.04424977 -0.009557008 0.0362581 -0.04409623 -0.01542198 0.02901303 -0.04379296 -0.02700173 0.02455723 -0.04368406 -0.03116774 0.02062714 -0.04361063 -0.03397178 0.01442134 -0.04352718 -0.03715169 0.006587505 -0.0434702 -0.03932559 -0.007811427 -0.04347807 -0.03902661 -0.01268136 -0.04351371 -0.03766965 -0.0170933 -0.04356187 -0.03583562 -0.03192913 -0.04389518 -0.02309584 -0.03474307 -0.04402142 -0.01827192 -0.03657007 -0.04413205 -0.0140469 -0.037817 -0.04423958 -0.009927034 -0.038666 -0.04436212 -0.005265116 0.03691303 -0.04437208 0.004838824 -0.03694796 -0.04437208 0.004838824 -0.0359981 -0.04424691 0.009617805 0.03723192 -0.04449939 -2.32458e-5 0.03596305 -0.04424691 0.009617805 0.034397 -0.04412609 0.01423168 -0.03443205 -0.04412609 0.01423168 -0.03227603 -0.04401171 0.01860165 -0.03726708 -0.04449939 -2.32458e-5 0.0322411 -0.04401171 0.01860165 -0.02635729 -0.04380965 0.0263164 0.02953422 -0.04390561 0.0226525 0.026322 -0.04380965 0.0263164 -0.02269315 -0.04372555 0.02952849 -0.02956902 -0.04390561 0.0226525 0.0226581 -0.04372555 0.02952849 0.01860725 -0.04365468 0.03223538 0.01423728 -0.04359823 0.0343914 -0.01427221 -0.04359823 0.0343914 -0.009658455 -0.04355722 0.03595745 -0.01864218 -0.04365468 0.03223538 0.009623408 -0.04355722 0.03595745 0.004844427 -0.04353231 0.03690731 -1.75238e-5 -0.04352396 0.03722631 -0.004879474 -0.04353231 0.03690731 -0.03694796 -0.04437208 -0.004885077 0.03691303 -0.04437208 -0.004885077 0.03596305 -0.04424691 -0.009663939 0.034397 -0.04412609 -0.01427793 -0.0359981 -0.04424691 -0.009663939 -0.03443205 -0.04412609 -0.01427793 -0.02635729 -0.04380965 -0.02636301 -0.02956902 -0.04390561 -0.02269887 0.0322411 -0.04401171 -0.0186479 -0.03227603 -0.04401171 -0.0186479 0.02953422 -0.04390561 -0.02269887 0.026322 -0.04380965 -0.02636301 0.0226581 -0.04372555 -0.02957475 -0.02269315 -0.04372555 -0.02957475 -0.01427221 -0.04359823 -0.03443765 -0.01864218 -0.04365468 -0.03228175 0.01423728 -0.04359823 -0.03443765 0.01860725 -0.04365468 -0.03228175 0.009623408 -0.04355722 -0.0360037 -0.009658455 -0.04355722 -0.0360037 -1.75238e-5 -0.04352396 -0.03727269 -0.004879474 -0.04353231 -0.03695368 0.004844427 -0.04353231 -0.03695368 -0.03694796 -0.05099928 -0.004885077 -0.03726708 -0.05099928 -2.32458e-5 -0.0359981 -0.05099928 -0.009663939 -0.03443205 -0.05099928 -0.01427793 -0.03227603 -0.05099928 -0.0186479 -0.02956902 -0.05099928 -0.02269887 -0.02635729 -0.05099928 -0.02636301 -0.02269315 -0.05099928 -0.02957475 -0.01864218 -0.05099928 -0.03228175 -0.01427221 -0.05099928 -0.03443765 -0.009658455 -0.05099928 -0.0360037 -0.004879474 -0.05099928 -0.03695368 -1.75238e-5 -0.05099928 -0.03727269 0.004844427 -0.05099928 -0.03695368 0.009623408 -0.05099928 -0.0360037 0.01423728 -0.05099928 -0.03443765 0.01860725 -0.05099928 -0.03228175 0.0226581 -0.05099928 -0.02957475 0.026322 -0.05099928 -0.02636301 0.02953422 -0.05099928 -0.02269887 0.0322411 -0.05099928 -0.0186479 0.034397 -0.05099928 -0.01427793 0.03596305 -0.05099928 -0.009663939 0.03691303 -0.05099928 -0.004885077 0.03691303 -0.05099928 0.004838824 0.03723192 -0.05099928 -2.32458e-5 0.03596305 -0.05099928 0.009617805 0.034397 -0.05099928 0.01423168 0.0322411 -0.05099928 0.01860165 0.02953422 -0.05099928 0.0226525 0.026322 -0.05099928 0.0263164 0.0226581 -0.05099928 0.02952849 0.01860725 -0.05099928 0.03223538 0.01423728 -0.05099928 0.0343914 0.009623408 -0.05099928 0.03595745 0.004844427 -0.05099928 0.03690731 -1.75238e-5 -0.05099928 0.03722631 -0.004879474 -0.05099928 0.03690731 -0.009658455 -0.05099928 0.03595745 -0.01427221 -0.05099928 0.0343914 -0.01864218 -0.05099928 0.03223538 -0.02269315 -0.05099928 0.02952849 -0.02635729 -0.05099928 0.0263164 -0.02956902 -0.05099928 0.0226525 -0.03227603 -0.05099928 0.01860165 -0.03443205 -0.05099928 0.01423168 -0.0359981 -0.05099928 0.009617805 -0.03694796 -0.05099928 0.004838824 0.02375829 -0.05099928 -0.007748126 0.0222572 -0.05099928 -0.01137316 0.01133227 -0.05099928 -0.02229785 0.02020728 -0.05099928 -0.01471793 0.01766026 -0.05099928 -0.01770079 0.02467417 -0.05099928 -0.003934025 0.0222572 -0.05099928 0.01132667 -0.0237931 -0.05099928 0.007701754 -0.02229213 -0.05099928 0.01132667 0.007707476 -0.05099928 -0.02379882 0.003893375 -0.05099928 -0.02471482 0.01467728 -0.05099928 -0.02024793 0.02498209 -0.05099928 -2.32458e-5 0.02467417 -0.05099928 0.003887891 0.02375829 -0.05099928 0.007701754 0.02020728 -0.05099928 0.01467168 0.01766026 -0.05099928 0.01765465 0.007707476 -0.05099928 0.02375257 0.01133227 -0.05099928 0.0222516 -0.02024233 -0.05099928 0.01467168 -0.0176953 -0.05099928 0.01765465 -0.0247091 -0.05099928 0.003887891 0.01467728 -0.05099928 0.02020156 0.003893375 -0.05099928 0.02466857 -0.003928422 -0.05099928 0.02466857 -1.75238e-5 -0.05099928 0.02497649 -0.007742404 -0.05099928 0.02375257 -0.01136744 -0.05099928 0.0222516 -0.02501726 -0.05099928 -2.32458e-5 -0.0247091 -0.05099928 -0.003934025 -0.02229213 -0.05099928 -0.01137316 -0.0237931 -0.05099928 -0.007748126 -0.007742404 -0.05099928 -0.02379882 -0.01136744 -0.05099928 -0.02229785 -1.75238e-5 -0.05099928 -0.02502286 -0.01471233 -0.05099928 0.02020156 -0.01471233 -0.05099928 -0.02024793 -0.0176953 -0.05099928 -0.01770079 -0.003928422 -0.05099928 -0.02471482 -0.02024233 -0.05099928 -0.01471793 0.003893375 -0.06099915 -0.02471482 -1.75238e-5 -0.06099915 -0.02502286 0.007707476 -0.06099915 -0.02379882 0.01133227 -0.06099915 -0.02229785 0.01467728 -0.06099915 -0.02024793 0.01766026 -0.06099915 -0.01770079 0.02020728 -0.06099915 -0.01471793 0.0222572 -0.06099915 -0.01137316 0.02375829 -0.06099915 -0.007748126 0.02467417 -0.06099915 -0.003934025 0.02498209 -0.06099915 -2.32458e-5 0.02467417 -0.06099915 0.003887891 0.02375829 -0.06099915 0.007701754 0.0222572 -0.06099915 0.01132667 0.02020728 -0.06099915 0.01467168 0.01766026 -0.06099915 0.01765465 0.01467728 -0.06099915 0.02020156 0.01133227 -0.06099915 0.0222516 0.007707476 -0.06099915 0.02375257 0.003893375 -0.06099915 0.02466857 -1.75238e-5 -0.06099915 0.02497649 -0.003928422 -0.06099915 0.02466857 -0.007742404 -0.06099915 0.02375257 -0.01136744 -0.06099915 0.0222516 -0.01471233 -0.06099915 0.02020156 -0.0176953 -0.06099915 0.01765465 -0.02024233 -0.06099915 0.01467168 -0.02229213 -0.06099915 0.01132667 -0.0237931 -0.06099915 0.007701754 -0.0247091 -0.06099915 0.003887891 -0.02501726 -0.06099915 -2.32458e-5 -0.0247091 -0.06099915 -0.003934025 -0.0237931 -0.06099915 -0.007748126 -0.02229213 -0.06099915 -0.01137316 -0.02024233 -0.06099915 -0.01471793 -0.0176953 -0.06099915 -0.01770079 -0.01471233 -0.06099915 -0.02024793 -0.01136744 -0.06099915 -0.02229785 -0.007742404 -0.06099915 -0.02379882 -0.003928422 -0.06099915 -0.02471482 -0.2177677 -0.01803255 0.0898447 -0.2177226 -0.02508234 0.08811867 -0.2176626 -0.0319702 0.08583676 -0.2174006 -0.05122703 0.07581388 -0.2172876 -0.05704015 0.07148897 -0.2171627 0.06248712 0.06671595 -0.2172876 0.05704015 0.07148897 -0.2177226 0.02508234 0.08811867 -0.2177987 0.01086634 0.09100079 -0.2178137 -0.003629922 0.0915817 -0.2177987 -0.01086634 0.09100079 -0.2175016 -0.04508453 0.07966387 -0.2171627 -0.06248712 0.06671595 -0.2163926 0.08312731 0.0373224 -0.2165627 0.07996881 0.0438143 -0.2170267 0.06753361 0.06152713 -0.2174006 0.05122703 0.07581388 -0.2176626 0.0319702 0.08583676 -0.2177677 0.01803255 0.0898447 -0.2178137 0.003629922 0.0915817 -0.2175886 -0.03865194 0.08301186 -0.2162166 0.08575814 0.03060448 -0.2167257 0.07630157 0.05003929 -0.2175016 0.04508453 0.07966387 -0.2175886 0.03865194 0.08301186 -0.2168806 -0.07214802 0.055956 -0.2160357 -0.08784586 0.02370452 -0.2160357 0.08784586 0.02370452 -0.2170267 -0.06753361 0.06152713 -0.2167257 -0.07630157 0.05003929 -0.2165627 -0.07996881 0.0438143 -0.2162166 -0.08575814 0.03060448 -0.2154147 0.09082424 -2.32458e-5 -0.2156647 0.09034746 0.009533762 -0.2158516 0.08937841 0.01666653 -0.2168806 0.07214802 0.055956 -0.2163926 -0.08312731 0.0373224 -0.2158516 -0.08937841 0.01666653 -0.2156647 -0.09034746 0.009533762 -0.2154136 -0.09082049 5.84125e-6 -0.2420544 -0.1010515 5.19872e-4 -0.2420994 -0.1004382 0.01060175 -0.2420994 -0.09928268 0.01851558 -0.2420994 -0.09750461 0.02631247 -0.2420994 -0.09511494 0.03394544 -0.2420994 -0.09212845 0.04136621 -0.2420994 -0.08856505 0.04852521 -0.2420994 -0.08444458 0.0553832 -0.2420994 -0.07979613 0.06189 -0.2420994 -0.07464694 0.06800997 -0.2420994 -0.06902992 0.07370388 -0.2420994 -0.06297922 0.0789349 -0.2420994 -0.05653226 0.08367168 -0.2420994 -0.04973399 0.0878818 -0.2420994 -0.04262238 0.09154164 -0.2420984 -0.03524303 0.09462666 -0.2420994 -0.02764707 0.09711766 -0.2420994 -0.01987373 0.09900069 -0.2420994 -0.0119726 0.1002635 -0.2420994 -0.003998637 0.1008965 -0.2420994 0.003999233 0.1008965 -0.2420994 0.01197165 0.1002635 -0.2420984 0.01986593 0.09900259 -0.2420994 0.02764558 0.09711766 -0.2420984 0.03523904 0.09462857 -0.2420994 0.04262471 0.09154069 -0.2420994 0.0497328 0.08788275 -0.2420994 0.05653643 0.08366882 -0.2420994 0.06297826 0.07893574 -0.2420994 0.06902951 0.07370388 -0.2420994 0.07464528 0.06801199 -0.2420994 0.07979398 0.0618931 -0.2420994 0.08444601 0.05538105 -0.2420994 0.08856451 0.04852604 -0.2420994 0.09212827 0.04136621 -0.2420994 0.09511494 0.03394544 -0.2420994 0.09750437 0.02631342 -0.2420994 0.09928268 0.01851558 -0.2420994 0.1004384 0.0106008 -0.2420383 0.101072 -3.32594e-5 -0.2177677 -0.01803255 -0.08989095 -0.2176626 -0.0319702 -0.08588302 -0.2177226 -0.02508234 -0.08816504 -0.2177987 -0.01086634 -0.09104692 -0.2174006 -0.05122703 -0.07586014 -0.2175016 -0.04508453 -0.07971 -0.2172876 -0.05704015 -0.07153522 -0.2178137 -0.003629922 -0.09162795 -0.2177987 0.01086634 -0.09104692 -0.2177677 0.01803255 -0.08989095 -0.2177226 0.02508234 -0.08816504 -0.2176626 0.0319702 -0.08588302 -0.2172876 0.05704015 -0.07153522 -0.2171627 0.06248712 -0.06676232 -0.2170267 0.06753361 -0.06157326 -0.2171627 -0.06248712 -0.06676232 -0.2175886 -0.03865194 -0.08305799 -0.2178137 0.003629922 -0.09162795 -0.2168806 0.07214802 -0.05600249 -0.2163926 0.08312731 -0.03736865 -0.2168806 -0.07214802 -0.05600249 -0.2170267 -0.06753361 -0.06157326 -0.2175886 0.03865194 -0.08305799 -0.2175016 0.04508453 -0.07971 -0.2167257 0.07630157 -0.05008542 -0.2165627 0.07996881 -0.04386055 -0.2162166 0.08575814 -0.03065073 -0.2160357 -0.08784586 -0.02375078 -0.2162166 -0.08575814 -0.03065073 -0.2163926 -0.08312731 -0.03736865 -0.2167257 -0.07630157 -0.05008542 -0.2174006 0.05122703 -0.07586014 -0.2160357 0.08784586 -0.02375078 -0.2158516 0.08937841 -0.01671302 -0.2158516 -0.08937841 -0.01671302 -0.2165627 -0.07996881 -0.04386055 -0.2156647 0.09034746 -0.009580016 -0.2156647 -0.09034746 -0.009580016 -0.2420994 0.1004382 -0.01064801 -0.2420994 0.09928274 -0.01856088 -0.2420994 0.09750431 -0.02635979 -0.2420994 0.0951144 -0.03399372 -0.2420994 0.09212797 -0.04141354 -0.2420994 0.08856451 -0.04857265 -0.2420994 0.08444565 -0.05542743 -0.2420994 0.07979643 -0.06193637 -0.2420994 0.07464677 -0.06805622 -0.2420994 0.06902861 -0.07375109 -0.2420994 0.06297981 -0.07898104 -0.2420994 0.05653387 -0.0837171 -0.2420994 0.04973548 -0.08792698 -0.2420994 0.04262232 -0.0915879 -0.2420994 0.03524458 -0.09467196 -0.2420994 0.02764374 -0.09716486 -0.2420994 0.01987057 -0.09904778 -0.2420994 0.01197218 -0.1003098 -0.2420903 0.004020571 -0.1009387 -0.2420994 -0.004000067 -0.1009428 -0.2420994 -0.01197034 -0.1003098 -0.2420994 -0.01987195 -0.09904778 -0.2420994 -0.0276457 -0.09716391 -0.2420994 -0.03524708 -0.09467196 -0.2420994 -0.04261916 -0.09158897 -0.2420994 -0.04973411 -0.08792793 -0.2420994 -0.05653464 -0.08371615 -0.2420994 -0.06298077 -0.07898008 -0.2420994 -0.06903016 -0.07374918 -0.2420994 -0.07464957 -0.06805324 -0.2420994 -0.07979667 -0.06193542 -0.2420994 -0.08444583 -0.05542743 -0.2420994 -0.08856403 -0.04857349 -0.2420994 -0.09212839 -0.04141271 -0.2420994 -0.09511476 -0.03399288 -0.2420994 -0.09750455 -0.02635884 -0.2420994 -0.0992828 -0.01856088 -0.2420994 -0.1004382 -0.01064801 -0.2455143 -0.0998274 0.01531362 -0.2455143 -0.1007304 0.007333755 -0.2455143 -0.09829336 0.02319645 -0.2455143 -0.09613782 0.03093242 -0.2455143 -0.09337449 0.03847241 -0.2455143 -0.09002083 0.04576933 -0.2455143 -0.08609801 0.05277729 -0.2455143 -0.08163088 0.0594511 -0.2455143 -0.07664763 0.06574797 -0.2455143 -0.07117974 0.07162988 -0.2455143 -0.0652619 0.07705891 -0.2455143 -0.05893141 0.08199977 -0.2455143 -0.05222839 0.0864228 -0.2455143 -0.0451951 0.09029972 -0.2455143 -0.03787612 0.09360456 -0.2455143 -0.03031766 0.09631752 -0.2455143 -0.02256751 0.09842157 -0.2455143 -0.01467472 0.09990358 -0.2455143 -0.006689071 0.1007535 -0.2455143 0.00133872 0.1009665 -0.2455143 0.009358167 0.1005414 -0.2455143 0.01731842 0.09947967 -0.2455143 0.02516919 0.09778964 -0.2455143 0.03286081 0.09548068 -0.2455143 0.04034471 0.09256768 -0.2455143 0.0475735 0.08906972 -0.2455143 0.05450153 0.08500778 -0.2455143 0.06108504 0.08040881 -0.2455143 0.06728225 0.07530188 -0.2455143 0.07305413 0.069718 -0.2455143 0.07836419 0.06369304 -0.2455143 0.08317875 0.05726599 -0.2455143 0.08746743 0.05047607 -0.2455143 0.09120309 0.04336738 -0.2455143 0.09436213 0.03598439 -0.2455143 0.09692466 0.02837347 -0.2455143 0.09887433 0.02058255 -0.2455143 0.1001989 0.01266169 -0.2455143 0.10089 0.004660844 -0.2455143 0.1009433 -0.003369092 -0.2455143 0.1003583 -0.011379 -0.2455143 0.09913879 -0.01931691 -0.2455143 0.09729254 -0.02713179 -0.2455143 0.09483116 -0.03477668 -0.2455143 0.09177023 -0.04220056 -0.2455143 0.0881291 -0.04935848 -0.2455143 0.08393085 -0.05620431 -0.2455143 0.07920187 -0.06269538 -0.2455143 0.07397216 -0.06879031 -0.2455143 0.06827479 -0.07444918 -0.2455143 0.06214582 -0.07963907 -0.2455143 0.05562388 -0.08432507 -0.2455143 0.04875028 -0.08847701 -0.2455143 0.04156845 -0.09207093 -0.2455143 0.03412389 -0.09508287 -0.2455143 0.0264635 -0.09749293 -0.2455143 0.01863586 -0.09928774 -0.2455143 0.01069033 -0.1004548 -0.2455143 0.001736223 -0.1010198 -0.2455143 -0.005352675 -0.1008797 -0.2455143 -0.01334887 -0.1001358 -0.2455143 -0.02126061 -0.09875881 -0.2455143 -0.02903795 -0.09675788 -0.2455143 -0.03663176 -0.09414494 -0.2455143 -0.04399389 -0.09093689 -0.2455143 -0.0510779 -0.08715403 -0.2455143 -0.05783903 -0.08282005 -0.2455143 -0.06423443 -0.07796311 -0.2455143 -0.07022374 -0.07261323 -0.2455143 -0.07576906 -0.06680417 -0.2455143 -0.0808354 -0.06057333 -0.2455143 -0.08539056 -0.05396032 -0.2455143 -0.08940595 -0.04700553 -0.2455143 -0.09285604 -0.03975367 -0.2455143 -0.09571909 -0.03225064 -0.2455143 -0.09797692 -0.02454376 -0.2455143 -0.09961539 -0.0166819 -0.2455143 -0.100624 -0.008715033 -0.2455143 -0.1009964 -6.92129e-4 -0.2455143 0.04999929 -2.32458e-5 -0.2455143 0.04968494 0.005574822 -0.2455143 -0.04719352 -0.01653695 -0.2455143 0.04874575 0.01110279 -0.2455143 0.04968494 -0.005621075 -0.2455143 0.04719352 -0.01653695 -0.2455143 -0.03909105 -0.03119671 -0.2455143 -0.03535485 -0.03537762 -0.2455143 -0.04504781 -0.02171695 -0.2455143 -0.04233562 -0.02662479 -0.2455143 -0.04968494 -0.005621075 -0.2455143 -0.04874575 -0.01114904 -0.2455143 0.04719352 0.01649057 -0.2455143 0.04874575 -0.01114904 -0.2455143 0.04504781 -0.02171695 -0.2455143 -0.04999929 -2.32458e-5 -0.2455143 -0.04874575 0.01110279 -0.2455143 0.04504781 0.02167057 -0.2455143 0.04233562 -0.02662479 -0.2455143 -0.04968494 0.005574822 -0.2455143 -0.04719352 0.01649057 -0.2455143 -0.04504781 0.02167057 -0.2455143 0.02660125 0.04231226 -0.2455143 0.03535485 0.03533148 -0.2455143 0.04233562 0.02657854 -0.2455143 0.03909105 0.03115046 -0.2455143 0.03909105 -0.03119671 -0.2455143 0 -0.0500226 -0.2455143 0.005598127 -0.04970848 -0.2455143 -0.005598127 -0.04970848 -0.2455143 -0.03909105 0.03115046 -0.2455143 -0.04233562 0.02657854 -0.2455143 -0.02660125 0.04231226 -0.2455143 0.02169388 0.04502427 -0.2455143 0.03117406 0.03906834 -0.2455143 0.03117406 -0.03911459 -0.2455143 0.02169388 -0.04507064 -0.2455143 0.02660125 -0.04235863 -0.2455143 0.01112586 -0.04876852 -0.2455143 0.0165137 -0.04721653 -0.2455143 -0.01112586 -0.04876852 -0.2455143 -0.03117406 -0.03911459 -0.2455143 -0.03535485 0.03533148 -0.2455143 -0.03117406 0.03906834 -0.2455143 -0.02169388 0.04502427 -0.2455143 0.01112586 0.04872226 -0.2455143 0.005598127 0.04966223 -0.2455143 0.03535485 -0.03537762 -0.2455143 -0.0165137 -0.04721653 -0.2455143 -0.02660125 -0.04235863 -0.2455143 -0.02169388 -0.04507064 -0.2455143 0 0.04997611 -0.2455143 0.0165137 0.04717028 -0.2455143 -0.0165137 0.04717028 -0.2455143 -0.01112586 0.04872226 -0.2455143 -0.005598127 0.04966223 -0.2555143 0.005598127 0.04966223 -0.2555143 0 0.04997611 -0.2555143 0.01112586 0.04872226 -0.2555143 0.0165137 0.04717028 -0.2555143 0.02169388 0.04502427 -0.2555143 0.02660125 0.04231226 -0.2555143 0.03117406 0.03906834 -0.2555143 0.03535485 0.03533148 -0.2555143 0.03909105 0.03115046 -0.2555143 0.04233562 0.02657854 -0.2555143 0.04504781 0.02167057 -0.2555143 0.04719352 0.01649057 -0.2555143 0.04874575 0.01110279 -0.2555143 0.04968494 0.005574822 -0.2555143 0.04999929 -2.32458e-5 -0.2555143 0.04968494 -0.005621075 -0.2555143 0.04874575 -0.01114904 -0.2555143 0.04719352 -0.01653695 -0.2555143 0.04504781 -0.02171695 -0.2555143 0.04233562 -0.02662479 -0.2555143 0.03909105 -0.03119671 -0.2555143 0.03535485 -0.03537762 -0.2555143 0.03117406 -0.03911459 -0.2555143 0.02660125 -0.04235863 -0.2555143 0.02169388 -0.04507064 -0.2555143 0.0165137 -0.04721653 -0.2555143 0.01112586 -0.04876852 -0.2555143 0.005598127 -0.04970848 -0.2555143 0 -0.0500226 -0.2555143 -0.005598127 -0.04970848 -0.2555143 -0.01112586 -0.04876852 -0.2555143 -0.0165137 -0.04721653 -0.2555143 -0.02169388 -0.04507064 -0.2555143 -0.02660125 -0.04235863 -0.2555143 -0.03117406 -0.03911459 -0.2555143 -0.03535485 -0.03537762 -0.2555143 -0.03909105 -0.03119671 -0.2555143 -0.04233562 -0.02662479 -0.2555143 -0.04504781 -0.02171695 -0.2555143 -0.04719352 -0.01653695 -0.2555143 -0.04874575 -0.01114904 -0.2555143 -0.04968494 -0.005621075 -0.2555143 -0.04999929 -2.32458e-5 -0.2555143 -0.04968494 0.005574822 -0.2555143 -0.04874575 0.01110279 -0.2555143 -0.04719352 0.01649057 -0.2555143 -0.04504781 0.02167057 -0.2555143 -0.04233562 0.02657854 -0.2555143 -0.03909105 0.03115046 -0.2555143 -0.03535485 0.03533148 -0.2555143 -0.03117406 0.03906834 -0.2555143 -0.02660125 0.04231226 -0.2555143 -0.02169388 0.04502427 -0.2555143 -0.0165137 0.04717028 -0.2555143 -0.01112586 0.04872226 -0.2555143 -0.005598127 0.04966223</float_array>
          <technique_common>
            <accessor source="#Link_4-mesh-positions-array" count="2132" stride="3">
              <param name="X" type="float"/>
              <param name="Y" type="float"/>
              <param name="Z" type="float"/>
            </accessor>
          </technique_common>
        </source>
        <source id="Link_4-mesh-normals">
          <float_array id="Link_4-mesh-normals-array" count="12111">0 1 2.08325e-7 0 1 -6.25306e-7 0 1 -2.08328e-7 0 1 -2.44871e-7 0 1 -4.46334e-7 0 1 -9.97751e-7 0 1 4.17961e-6 0 1 0 0 1 -6.74389e-7 0 1 -1.17983e-6 0 1 -7.56448e-7 0 1 0 0 1 -8.74375e-7 0 1 -1.39195e-6 0 1 -5.67834e-7 0 1 1.56329e-7 0 1 -5.53117e-6 0 1 0 0 1 1.30245e-6 0 1 0 0 1 -2.47304e-7 0 1 -1.64234e-6 0 1 2.21603e-7 0 1 -3.70965e-7 0 1 1.55969e-7 0 1 1.12054e-6 0 1 4.43211e-7 0 1 1.61382e-6 0 1 3.37129e-6 0 1 -3.30519e-7 0 1 -1.5597e-7 0 1 8.28014e-6 0 1 1.76275e-6 0.05602568 0 0.9984294 0.1676276 0 0.9858505 0.2768015 0 0.9609272 0.3827232 0 0.9238631 0.4836472 0 0.875263 0.5786826 0 0.8155529 0.6664042 0 0.7455907 0.7455921 0 0.6664027 0.8155628 0 0.5786686 0.875258 0 0.4836562 0.9238557 0 0.3827412 0.9609289 0 0.2767957 0.9858497 0 0.1676319 0.9984306 0 0.05600464 0.9984307 0 -0.05600225 0.9858497 0 -0.1676318 0.9609272 0 -0.2768014 0.9238557 0 -0.3827412 0.875263 0 -0.4836472 0.8155628 0 -0.5786686 0.7456013 0 -0.6663924 0.6663921 0 -0.7456015 0.5786681 0 -0.8155632 0.4836472 0 -0.875263 0.3827418 0 -0.9238554 0.2768015 0 -0.9609272 0.1676297 0 -0.98585 0.05598431 0 -0.9984318 -0.05598104 0 -0.9984319 -0.1676311 0 -0.9858498 -0.276795 0 -0.960929 -0.3827409 0 -0.9238557 -0.4836561 0 -0.8752583 -0.5786688 0 -0.8155627 -0.6663926 0 -0.745601 -0.7456018 0 -0.6663919 -0.8155529 0 -0.5786826 -0.8752632 0 -0.483647 -0.9238632 0 -0.382723 -0.9609272 0 -0.2768014 -0.9858497 0 -0.1676319 -0.9984307 0 -0.05600225 -0.9984306 0 0.05600464 -0.9858497 0 0.1676318 -0.9609288 0 0.2767958 -0.9238632 0 0.382723 -0.875258 0 0.4836562 -0.8155529 0 0.5786826 -0.7455925 0 0.6664022 -0.6664037 0 0.7455912 -0.5786826 0 0.8155529 -0.4836561 0 0.8752583 -0.3827232 0 0.9238631 -0.276795 0 0.960929 -0.1676331 0 0.9858496 -0.05602449 0 0.9984294 -0.1676311 0 0.9858498 -0.2767958 0 0.9609288 -0.4836562 0 0.875258 -0.5786828 0 0.8155528 -0.666404 0 0.7455909 -0.7455918 0 0.666403 -0.9609289 0 0.2767957 -0.9858497 0 0.1676319 -0.9858497 0 -0.1676318 -0.875263 0 -0.4836472 -0.745601 0 -0.6663926 -0.6663919 0 -0.7456018 -0.5786683 0 -0.815563 -0.4836562 0 -0.875258 -0.3827418 0 -0.9238554 -0.2767958 0 -0.9609288 -0.1676331 0 -0.9858496 -0.05598312 0 -0.9984318 0.05598223 0 -0.9984318 0.1676276 0 -0.9858505 0.2768007 0 -0.9609274 0.3827409 0 -0.9238557 0.483647 0 -0.8752632 0.578669 0 -0.8155626 0.6663924 0 -0.7456012 0.7456015 0 -0.6663921 0.815563 0 -0.5786684 0.8752632 0 -0.483647 0.9858497 0 -0.1676319 0.9858497 0 0.1676318 0.9609288 0 0.2767958 0.815563 0 0.5786684 0.7455923 0 0.6664025 0.6664034 0 0.7455915 0.5786828 0 0.8155528 0.483647 0 0.8752632 0.2768007 0 0.9609274 0.1676296 0 0.9858502 0.05602568 0 0.9984294 0 1 -4.72858e-7 0 1 2.65326e-7 0 1 1.32506e-7 0 1 -7.99526e-7 0 1 4.5677e-7 0 1 -2.65664e-7 0 1 -4.00493e-7 0 1 6.63616e-7 0 1 -1.32579e-7 0 1 -6.50258e-7 0 1 -6.09145e-7 0 1 0 0 1 -7.89636e-7 0 1 -3.99822e-7 0 1 -2.00141e-7 0 1 9.94976e-7 0 1 0 0 1 4.4417e-7 0 1 0 0 1 0 0 1 2.65479e-7 0 1 1.06131e-6 0 1 8.0026e-7 0 1 6.746e-7 0 1 8.00317e-7 0 1 2.00197e-7 0 1 -4.00964e-7 0 1 -2.66187e-7 -0.002667248 0.9999946 0.001944363 -0.01384931 0.9998208 0.01290762 0 1 5.42884e-7 0 1 2.65903e-7 0 1 -2.00393e-7 0 1 -4.50139e-7 0 1 4.64127e-7 0 1 -2.00151e-7 0 1 -7.95972e-7 0 1 4.00491e-7 0 1 2.00394e-7 0 1 1.32973e-7 0 1 2.0075e-7 0 1 4.01498e-7 0 1 -2.00909e-7 -5.91786e-4 0.9999997 -5.28945e-4 -7.4404e-4 0.9999997 -4.11315e-4 0 1 -2.66119e-7 0 1 -4.01494e-7 0 1 3.99612e-7 0.01275718 0.9999034 -0.005524158 0.006498575 0.999975 -0.002800524 0.01928633 0.9997752 0.008810579 0 1 -2.00197e-7 0 1 -5.31066e-7 0 1 0 0 1 -1.06131e-6 0 1 0 0 1 2.00268e-7 0 1 -4.00085e-7 0 1 3.983e-7 0 1 -2.00428e-7 -6.59808e-4 0.9999997 -4.68042e-4 -6.59808e-4 0.9999998 4.6845e-4 -0.002667248 0.9999946 -0.001944243 0 1 2.00483e-7 0 1 1.3297e-7 0 1 2.00577e-7 0.01925182 0.9997761 -0.00878793 -0.01384794 0.9998208 -0.01290637 0 1 4.00853e-7 0 1 -1.0618e-6 0 1 5.3133e-7 0 1 -2.65479e-7 0 1 -2.00578e-7 -0.001008331 0.9999995 -2.90272e-4 -5.91795e-4 0.9999998 5.29337e-4 0 1 -2.00735e-7 0 1 -4.67626e-7 0.01255738 0.9999065 0.005424797 0 1 4.00088e-7 0 1 -2.65904e-7 -8.54053e-4 0.9999997 -3.54201e-4 0 1 -2.65947e-7 0.006548881 0.9999747 0.002817451 0 1 2.99917e-7 0 1 -5.32817e-7 -8.54053e-4 0.9999997 3.542e-4 0 1 -2.00752e-7 0 1 0 -7.44046e-4 0.9999997 4.11237e-4 0 1 -7.89649e-7 -0.001008272 0.9999995 2.901e-4 -0.679548 0.01721066 0.7334293 -0.6870298 0 0.7266293 -0.6974183 0.0102086 0.7165917 -0.6256949 0 0.7800679 -0.5582187 0 0.8296939 -0.4867274 0 0.8735541 -0.4120817 0 0.9111469 -0.3342156 0 0.9424967 -0.2541761 0 0.967158 -0.1723513 0 0.9850355 -0.08931326 0 0.9960036 -0.005500018 0 0.9999849 0.07804387 0 0.99695 0.1612249 0 0.9869177 0.243295 0 0.9699524 0.3236859 0 0.9461646 0.4016817 0 0.9157794 0.4769462 0 0.8789326 0.5488014 0 0.8359529 0.6168624 0 0.787071 0.6805955 0 0.7326594 0.7395409 0 0.6731116 0.7932173 0 0.6089387 0.8413977 0 0.5404165 0.8837527 0 0.4679545 0.9197822 0 0.3924292 0.9494163 0 0.3140203 0.9723578 0 0.2334963 0.9884898 0 0.1512882 0.9980751 0 0.06201809 0.9981673 -7.6923e-4 0.0605092 0.9884897 0 0.1512882 0.9723578 0 0.2334963 0.9494163 0 0.3140203 0.9197823 0 0.3924292 0.8837525 0 0.4679546 0.8413977 0 0.5404165 0.7932165 0 0.6089397 0.7395408 0 0.6731118 0.680595 0 0.7326598 0.6168617 0 0.7870716 0.5488014 0 0.8359529 0.4769447 0 0.8789333 0.4016821 0 0.9157792 0.3236862 0 0.9461646 0.2432965 0 0.9699521 0.1612238 0 0.986918 0.07804548 0 0.9969499 -0.00550127 0 0.9999849 -0.08931303 0 0.9960037 -0.172351 0 0.9850357 -0.2541767 0 0.9671579 -0.3342159 0 0.9424966 -0.41208 0 0.9111476 -0.4867269 0 0.8735542 -0.5582187 0 0.829694 -0.6256956 0 0.7800675 0.9981667 -7.6938e-4 -0.06052094 0.9884897 0 -0.1512882 0.9723586 0 -0.2334926 0.9494164 0 -0.3140202 0.9197798 0 -0.3924352 0.8837526 0 -0.4679546 0.8414025 0 -0.540409 0.793223 0 -0.6089313 0.7395194 0 -0.6731352 0.6805951 0 -0.7326598 0.6168624 0 -0.7870712 0.5488129 0 -0.8359454 0.4769575 0 -0.8789264 0.4016947 0 -0.9157736 0.3236581 0 -0.9461742 0.2432801 0 -0.969956 0.1612234 0 -0.986918 0.07807552 0 -0.9969475 -0.00548309 0 -0.999985 -0.08934372 0 -0.996001 -0.172351 0 -0.9850357 -0.2541615 0 -0.9671618 -0.3342432 0 -0.9424869 -0.4120546 0 -0.9111592 -0.4867405 0 -0.8735466 -0.5582076 0 -0.8297013 -0.6256945 0 -0.7800683 -0.6818822 0 -0.7314621 -0.6974295 0.009266614 -0.7165935 -0.6256949 0 -0.7800679 -0.5582081 0 -0.8297011 -0.4867389 0 -0.8735476 -0.4120531 0 -0.9111599 -0.3342441 0 -0.9424866 -0.2541617 0 -0.9671618 -0.1723515 0 -0.9850355 -0.08934575 0 -0.9960008 -0.00548458 0 -0.999985 0.07807463 0 -0.9969475 0.1612249 0 -0.9869177 0.2432813 0 -0.9699559 0.3236584 0 -0.946174 0.4016954 0 -0.9157735 0.4769586 0 -0.8789258 0.5488126 0 -0.8359454 0.6168614 0 -0.7870718 0.6805955 0 -0.7326594 0.7395195 0 -0.6731351 0.7932228 0 -0.6089316 0.8414022 0 -0.5404095 0.8837525 0 -0.4679548 0.9197799 0 -0.3924347 0.9494163 0 -0.3140203 0.9723587 0 -0.2334927 0.9884898 0 -0.1512883 0.9980743 0 -0.06203013 0.115631 0.7841063 0.6097598 0.01412504 0.7643709 0.6446222 0.128459 0.7374105 0.663117 0.01853221 0.7269162 0.6864762 -0.07231676 0.6978293 0.7126041 -0.1486083 0.6575785 0.7385839 0.1238259 0.7014374 0.7018923 0.1097615 0.6729315 0.731516 0.02593421 0.6776368 0.7349394 -0.1296516 0.6223785 0.7719038 -0.06236457 0.6289916 0.7749066 -0.2090799 0.5617613 0.8004437 0.1018844 0.626573 0.7726745 -0.1372342 0.5685129 0.8111473 0.08663964 0.5854968 0.8060317 0.01267296 0.5979528 0.8014311 -0.2665376 0.4680894 0.8425261 -0.06922078 0.5423268 0.8373113 -0.1923119 0.4906522 0.8498687 -0.1387481 0.490717 0.860201 -0.3273612 0.3906053 0.8603849 -0.4242483 0.3316955 0.8426099 -0.4620516 0.2729043 0.8438197 -0.255619 0.3914281 0.8839927 -0.3839614 0.3096758 0.8698704 -0.06954044 0.4561977 0.8871572 -0.1904362 0.4058736 0.8938685 -0.1316789 0.4059955 0.9043387 -0.3127149 0.318605 0.8948186 -0.43142 0.2486609 0.867205 -0.2546865 0.3067948 0.9170669 -0.368447 0.2521328 0.894805 -0.4757538 0.1890162 0.8590292 -0.5398755 0.1522128 0.8278683 -0.5885537 0.1157993 0.800122 -0.6283593 0.07377058 0.7744176 -0.4114758 0.1905836 0.8912719 -0.6598516 0.04532283 0.7500278 -0.5680475 0.08821535 0.8182544 -0.6124143 0.06074947 0.7881994 -0.4959788 0.2647101 0.8270029 -0.4743229 0.295853 0.8291494 -0.3085016 0.4975088 0.8107477 -0.2225455 0.5962116 0.7713658 -0.0760504 0.7401388 0.6681399 0.0115683 0.8010189 0.5985272 0.03318893 0.4888584 0.8717316 0.05927032 0.4870298 0.871372 -0.1959958 0.3355888 0.9213934 -0.3229358 0.2559919 0.9111425 -0.4792276 0.1467123 0.8653419 6.54335e-4 0.5095576 0.8604363 -0.1522737 0.6588869 0.7366687 -0.5595816 0.1710686 0.8109278 -0.696354 0.05118381 0.7158711 -0.6759496 0.01632493 0.7367671 -0.5552962 0.1008565 0.8255145 -0.5221812 0.1083561 0.8459231 -0.6293889 0.06175976 0.7746324 -0.4118233 0.1900391 0.8912277 -0.7212228 0.008561015 0.6926503 -0.4927313 0.1514456 0.8569015 -0.3861721 0.1884229 0.9029772 -0.6560631 0.08386892 0.7500314 -0.612006 0.115528 0.7823695 -0.5415448 0.1520068 0.8268152 -0.4475786 0.2043369 0.8705859 -0.3336883 0.2623369 0.9054455 -0.246702 0.3057888 0.9195822 -0.5144613 0.1958397 0.8348511 -0.4014373 0.2591539 0.8784575 -0.2134433 0.3539944 0.9105657 -0.2813171 0.3396092 0.8975111 -0.1381629 0.4068247 0.9029976 -0.4640546 0.2556616 0.8481101 -0.347036 0.3254851 0.8795599 -0.06773257 0.4559932 0.8874021 -0.4275592 0.3314959 0.8410135 -0.2205447 0.4262642 0.8773021 0.03653484 0.4993441 0.8656331 -0.291202 0.4150713 0.8619265 -0.1338554 0.4909284 0.8608555 0.005764722 0.5603631 0.8282271 0.09635329 0.577495 0.8106884 -0.3757958 0.4002925 0.8357892 -0.05692631 0.5426701 0.8380147 0.03035348 0.5944436 0.8035643 0.09179455 0.6425443 0.7607303 -0.2199912 0.5060357 0.8339855 -0.1425009 0.5697026 0.8094025 0.015594 0.6193348 0.7849721 0.09929883 0.6841709 0.7225303 -0.2154175 0.5648458 0.796583 -0.04431015 0.6290362 0.7761123 0.03420603 0.6736592 0.7382501 0.09835189 0.7136994 0.6935129 -0.04052114 0.6919543 0.7208033 0.0471968 0.7179544 0.6944884 0.1015906 0.7491067 0.6546134 0.0436291 0.7515239 0.6582618 0.1156608 0.7840903 0.6097746 0.1240189 0.8159736 0.5646295 0.8961773 0 0.4436962 0.9301053 0 0.3672932 0.9575055 0 0.2884152 0.9782565 0 0.2073993 0.992137 0 0.1251576 0.9991295 0 0.04171669 0.9991295 0 -0.04171526 0.9921367 0 -0.1251591 0.9782562 0 -0.2073999 0.9575053 0 -0.2884157 0.9300985 0 -0.3673104 0.8961796 0 -0.4436916 0.8543032 0 -0.5197752 0.8961775 0 -0.443696 0.9301032 0 -0.3672983 0.9575055 0 -0.2884152 0.9782565 0 -0.2073992 0.9921369 0 -0.1251575 0.9991295 0 -0.04171538 0.9991295 0 0.04171663 0.9921367 0 0.1251591 0.9782563 0 0.2073998 0.9575053 0 0.2884157 0.9301006 0 0.3673048 0.8961798 0 0.4436912 0.8543542 0 0.5196912 1.65519e-4 0.9996557 0.02623903 4.79115e-5 0.9996549 0.02627193 4.17814e-4 0.9996543 0.0262922 8.62301e-5 0.9996407 0.02680724 -4.71238e-4 0.9996416 0.02676659 -5.50593e-5 0.9996443 0.02666854 4.59105e-5 0.9996462 0.02660161 -2.52662e-4 0.9996185 0.02762138 -0.001226246 0.9996998 0.02447158 -4.10266e-4 0.9996904 0.024881 1.01077e-4 0.9996582 0.02614629 -0.001065254 0.9996397 0.02682161 -8.69923e-5 0.9996528 0.02635306 -3.83865e-5 0.9996579 0.02615624 0.03974616 0.9991773 0.008068919 -8.15496e-5 0.999653 0.02634322 -1.21659e-4 0.9996561 0.02622449 0.02566057 0.999662 0.004196345 -2.92752e-6 0.9996412 0.02678447 -3.02263e-6 0.9996573 0.02618151 9.04146e-5 0.9996577 0.02616673 9.59327e-5 0.9996603 0.02606439 9.41956e-5 0.9996579 0.02615624 5.20462e-5 0.9996575 0.02617502 0.1239955 0.8157324 -0.564983 0.02893561 0.7366345 -0.6756718 0.1216331 0.7806928 -0.6129634 -0.05403143 0.6801651 -0.7310651 -0.1479365 0.6286615 -0.7634787 0.02464973 0.6699916 -0.7419593 0.09780657 0.7177464 -0.6894012 0.109896 0.6726046 -0.7317965 -0.1239044 0.5789917 -0.8058637 -0.06450724 0.6031131 -0.7950431 0.01807284 0.6209877 -0.783612 0.09977638 0.6837196 -0.7228916 -0.2276409 0.5095199 -0.8298006 -0.0612514 0.5519443 -0.8316285 5.79428e-4 0.5594413 -0.8288698 0.09609538 0.6354647 -0.7661269 -0.3616374 0.4084563 -0.8380822 -0.2918094 0.4146654 -0.8619164 -0.1341059 0.4902776 -0.8611873 -0.2207909 0.4258984 -0.8774179 0.02538156 0.525893 -0.8501721 0.06742852 0.5613004 -0.8248609 -0.07825267 0.4595025 -0.8847225 -0.4631657 0.2562014 -0.848433 -0.4004033 0.2993913 -0.8660498 -0.3398452 0.330838 -0.8803701 -0.2827517 0.3368934 -0.8980837 -0.1385936 0.405955 -0.9033231 -0.5128273 0.1962212 -0.8357664 -0.2149759 0.3516312 -0.9111207 -0.554928 0.1431314 -0.8194928 -0.448163 0.2036057 -0.8704567 -0.389806 0.2286496 -0.8920598 -0.3135325 0.2735261 -0.9093299 -0.2560979 0.299371 -0.9191251 -0.7209589 0.01525384 -0.6928099 -0.5913487 0.09642988 -0.8006298 -0.4882359 0.1629665 -0.857361 -0.6322293 0.06215727 -0.772284 -0.6668892 0.03553605 -0.7443091 -0.5132406 0.1249192 -0.849105 -0.6952579 0.05324947 -0.7167852 -0.4498914 0.1363478 -0.8826138 -0.3749487 0.21379 -0.9020572 -0.1968846 0.3310059 -0.9228606 -5.26655e-4 0.4904802 -0.8714522 0.06517082 0.4848357 -0.8721739 0.01371294 0.8027919 -0.5961017 -0.0569204 0.7388915 -0.6714161 -0.1413425 0.6628679 -0.7352744 -0.2293011 0.602295 -0.7646319 -0.3088268 0.5020347 -0.8078288 -0.4719475 0.2980887 -0.8297041 -0.5270009 0.2421825 -0.8146274 -0.5113255 0.2020721 -0.8352923 -0.6005092 0.1299823 -0.7889825 -0.6574006 0.09156304 -0.7479577 -0.4180608 0.3616732 -0.8333172 -0.6493812 0.03291404 -0.7597504 -0.6057949 0.06256723 -0.7931569 -0.5558091 0.09779298 -0.8255379 -0.6945164 0.009668111 -0.719412 -0.3998312 0.1867154 -0.8973698 -0.5020601 0.1366395 -0.8539703 -0.662721 0.04455751 -0.7475396 -0.2503413 0.3095484 -0.9173381 -0.3144274 0.2724204 -0.9093528 -0.3771977 0.2473149 -0.8925006 -0.4757542 0.1901836 -0.8587713 -0.630162 0.07269942 -0.7730529 -0.5876495 0.1228062 -0.7997418 -0.1339958 0.4053785 -0.9042752 -0.4312857 0.2499454 -0.8669027 -0.5345348 0.2005339 -0.8210108 -0.06668531 0.4579297 -0.8864838 -0.1905976 0.4054234 -0.8940383 -0.2559759 0.3910816 -0.8840427 -0.3263908 0.3519422 -0.8772718 -0.3997428 0.3003922 -0.8660082 0.009767651 0.5280209 -0.8491753 -0.4596824 0.282359 -0.8420009 -0.1394168 0.4900378 -0.8604801 -0.3997545 0.3493545 -0.8474361 -0.05713021 0.5510616 -0.8325066 -0.1914029 0.4927716 -0.848847 0.07153099 0.5586629 -0.8263046 -0.2651386 0.4708185 -0.841446 -0.3705585 0.394977 -0.8406425 0.0210725 0.6161015 -0.7873849 0.1015676 0.6263638 -0.7728858 -0.1381052 0.578086 -0.8042036 0.0263729 0.6687732 -0.7429986 -0.04817426 0.6336673 -0.7721043 -0.2065008 0.5595625 -0.8026502 0.1353352 0.7091934 -0.6919026 -0.06309294 0.6826899 -0.7279793 -0.1384372 0.654039 -0.7436856 0.1147134 0.7298642 -0.6738985 0.03428822 0.7335778 -0.67874 -0.05843561 0.7400164 -0.6700455 0.03474158 0.7748485 -0.6311918 0.115696 0.7840166 -0.6098628 6.43881e-5 0.9996556 -0.02624201 -4.19872e-5 0.9996468 -0.02657604 1.84983e-4 0.9996566 -0.02620488 -2.95474e-4 0.9996378 -0.0269156 4.17397e-4 0.9996542 -0.02629423 1.30022e-4 0.9996421 -0.02675318 -1.07647e-4 0.9996475 -0.0265516 -0.001223862 0.9996994 -0.02448886 -2.06069e-5 0.9996572 -0.02618396 0.03996074 0.9991697 -0.007945418 2.25193e-5 0.9996563 -0.02621763 -8.17198e-5 0.9996529 -0.02634441 -9.46632e-5 0.9996523 -0.02636915 0.02618706 0.9996501 -0.003765583 -2.85685e-5 0.999658 -0.02615386 6.44155e-5 0.9996557 -0.02624142 -1.52916e-4 0.9996553 -0.02625477 -1.03634e-4 0.9996543 -0.02629351 -2.74334e-4 0.9996705 -0.02567118 1.02686e-4 0.9996582 -0.0261467 9.18497e-5 0.9996577 -0.02616608 9.56843e-5 0.9996579 -0.02615672 9.79661e-5 0.9996607 -0.02605217 4.90217e-5 0.9996574 -0.02617621 -6.79626e-5 -0.9996499 0.02646106 2.59001e-5 -0.9996684 0.0257523 -2.04576e-5 -0.9996466 0.02658689 -1.23947e-4 -0.999651 0.02642118 -1.09432e-4 -0.9996576 0.02616852 1.18708e-4 -0.9996572 0.02618253 -7.16537e-7 -0.9996573 0.02617692 -8.46789e-4 -0.9996305 0.02717328 -6.69516e-5 -0.9996513 0.02640819 -9.77016e-7 -0.9996574 0.02617692 -9.3011e-6 -0.9996573 0.02617889 1.12503e-4 -0.9996525 0.02636599 -3.47442e-6 -0.9996572 0.02618503 6.26819e-7 -0.9996574 0.02617806 -1.46755e-6 -0.9996573 0.02617877 6.25014e-4 -0.999482 0.03217566 -2.73613e-6 -0.9996575 0.02617537 4.21504e-5 -0.9996543 0.02629435 -4.15837e-5 -0.9996563 0.02622091 -2.49059e-7 -0.9996576 0.02616769 5.99571e-7 -0.9996575 0.0261746 1.63822e-5 -0.9996575 0.02617037 -3.17377e-4 -0.9996559 0.0262292 -1.09717e-6 -0.9996573 0.0261777 0 -0.9996573 0.02618002 -3.14739e-4 -0.9996602 0.02606844 -3.88979e-6 -0.9996572 0.02618139 9.51437e-6 -0.9996578 0.02616035 -1.49825e-6 -0.9996574 0.02617424 3.51915e-6 -0.9996575 0.02617305 -2.66562e-6 -0.9996574 0.02617484 8.15411e-5 -0.9996551 0.02626663 -5.73265e-6 -0.9996573 0.02618074 -5.90134e-7 -0.9996575 0.02617597 -1.93578e-5 -0.9996564 0.02621322 1.38482e-4 -0.9996516 0.02639412 2.32247e-6 -0.9996574 0.02617633 1.95583e-6 -0.9996573 0.02617937 -8.9432e-5 -0.9996587 0.026129 -5.5158e-5 -0.9996575 0.02617013 1.31679e-4 -0.9996557 0.0262385 5.0776e-5 -0.9996556 0.02624344 -3.55675e-5 -0.999656 0.02622556 2.7139e-6 -0.9996573 0.02617704 1.06827e-6 -0.9996573 0.02617847 -2.51864e-5 -0.999657 0.02618819 -5.94522e-7 -0.9996572 0.02618497 -3.77552e-6 -0.999657 0.02618873 -2.66886e-5 -0.999656 0.02622932 1.03189e-5 -0.9996575 0.02617007 1.57934e-6 -0.9996573 0.02617883 -3.05592e-5 -0.9996569 0.02619439 -1.69446e-4 -0.99966 0.02607733 7.54028e-7 -0.9996573 0.02618062 4.46278e-6 -0.9996573 0.02617657 5.15497e-6 -0.9996573 0.02617752 -1.49791e-5 -0.9996573 0.02618181 4.03596e-5 -0.9996569 0.02619302 -5.01302e-6 -0.999657 0.0261892 1.13652e-6 -0.9996573 0.02617865 3.32304e-6 -0.9996573 0.0261805 -1.97185e-7 -0.9996573 0.02618122 -1.91054e-6 -0.9996572 0.02618128 -5.31226e-7 -0.9996573 0.02618217 2.33509e-6 -0.9996572 0.02618503 3.72292e-6 -0.9996573 0.02617746 2.93191e-5 -0.9996574 0.0261783 0.9983222 -6.13762e-5 0.05790418 0.9903207 -0.005085051 0.1387051 0.985363 0.005632519 0.1703765 0.974556 -0.005215287 0.2240836 0.962211 0.005119502 0.2722571 0.9506468 -0.006411969 0.3102089 0.9221403 -0.001559615 0.3868526 0.8820375 -0.002993404 0.4711697 0.8818485 -0.002853453 0.4715241 0.833159 -0.001916766 0.5530303 0.8337823 -0.001532852 0.5520914 0.7810361 -0.001824021 0.6244833 0.7214059 -0.003529906 0.6925035 0.6541607 -0.002352774 0.756352 0.6522238 -0.003176033 0.7580199 0.5835441 -0.00178802 0.8120796 0.5122921 -0.004060804 0.8588017 0.4248114 -0.003309011 0.905276 0.433524 9.39704e-4 0.9011416 0.309856 0.002988576 0.9507789 0.2155225 7.8736e-4 0.9764986 0.1119313 -0.002109825 0.9937137 -0.003385841 0.008747935 0.999956 0.03698241 -0.004293024 0.9993067 -0.03921717 -0.003148555 0.9992258 0.1147634 -0.003190398 0.9933878 0.1988074 -0.005026996 0.9800257 0.2821681 -0.005001246 0.959352 0.3638026 -0.008606374 0.9314364 0.5083302 -0.002552747 0.8611585 0.58951 -0.004052519 0.8077509 0.7202202 -0.00295484 0.6937393 0.7846183 -0.003532946 0.6199691 0.923245 -0.002678573 0.3842027 0.9981731 0.001206815 0.06040841 -0.2313311 0.09116631 0.9685941 -0.2698645 0.1791427 0.9460872 -0.2322017 0.07231795 0.9699756 -0.164392 0.1384736 0.9766271 -0.219327 0.2334619 0.9473074 -0.1574829 0.05849397 0.9857878 -0.09178763 -0.01327383 0.9956901 -0.1299148 -0.05126494 0.990199 -0.1252199 0.2807465 0.9515784 -0.1073034 0.184732 0.9769136 -0.048644 0.2994382 0.952875 -0.05578821 0.3124984 0.9482787 -0.0501607 0.2053633 0.9773996 -0.05484002 0.2156497 0.9749297 -0.06177258 0.1172502 0.9911794 -0.09205037 -0.01327872 0.9956659 -0.07648783 0.00687921 0.9970468 -0.09193992 0.08121025 0.9924475 -0.08047169 0.5560643 0.8272346 -0.2500732 0.4512642 0.8566353 -0.1500033 0.5049299 0.8500264 -0.2381352 0.4298448 0.8709335 -0.4210925 0.2050674 0.8835319 -0.3177594 0.227288 0.9205266 -0.3232211 0.2301547 0.917909 -0.282337 0.3144835 0.9063035 -0.1802971 0.3217354 0.9295049 -0.0802983 0.474017 0.8768467 -0.1729527 0.4112709 0.8949546 -0.01059138 0.4530695 0.8914124 -0.06102216 0.3539831 0.933259 -0.1278797 0.3868832 0.9132186 -0.107543 -0.00252676 0.9941973 -0.122137 0.005295395 0.9924992 -0.2106559 0.01203078 0.9774863 -0.3119817 0.08362144 0.9464011 -0.3103837 0.1152739 0.9435962 -0.1262839 -0.06702089 0.9897276 -0.1041523 -0.05372703 0.9931092 -0.2263166 0.01268583 0.9739712 -0.2778371 0.05474841 0.9590669 -0.1837798 -0.01732653 0.9828147 -0.2186539 -0.01184743 0.9757305 -0.1340298 -0.1050212 0.9853968 -0.174977 -0.04275715 0.9836437 -0.1841266 -0.1065837 0.9771067 -0.19758 -0.1125473 0.9738045 -0.1536297 -0.1203782 0.9807686 -0.1725496 -0.1085817 0.9789978 -0.1892891 -0.09551697 0.9772647 -0.327977 0.07468932 0.9417286 -0.3340407 0.1818332 0.9248533 -0.2862534 0.3650767 0.8858771 -0.1605654 0.5986697 0.7847379 -0.071823 0.6273688 0.7754031 -0.05533188 0.003791987 0.9984608 -0.06146997 0.01931405 0.9979221 -0.1175979 -0.013776 0.9929658 -0.04494684 0.5562085 0.8298264 -0.0208342 0.6340631 0.7730006 -0.1109071 0.5772756 0.8089824 -0.2698043 0.4935379 0.8268169 -0.3594952 0.3829635 0.850942 -0.405572 0.3105129 0.8597052 -0.4028393 0.1421511 0.9041646 -0.170454 0.01327407 0.9852762 -0.2104719 -0.05650347 0.9759656 -0.2689833 0.05295771 0.9616879 -0.2064762 0.01353436 0.9783581 -0.1825842 -0.0158106 0.9830632 -0.2569307 0.02092206 0.9662033 -0.1846312 -0.001328825 0.982807 -0.04620963 0.3982755 0.9161012 -0.08102226 0.4749077 0.876298 -0.2287303 0.283396 0.9313266 -0.2739326 0.1274722 0.9532638 -0.3134468 0.2762175 0.9085456 -0.1848796 0.508566 0.8409401 -0.06167238 0.5471363 0.8347685 -0.2240697 0.4529917 0.862897 -0.05594986 0.1059191 0.9927995 -0.09853667 0.1741178 0.9797825 -0.1106686 0.2610091 0.9589718 -0.09619337 0.08491069 0.9917345 -0.1330153 -0.04798305 0.9899518 -0.1335943 0.01908814 0.9908522 -0.1845124 0.1939339 0.9635065 -0.1783393 0.154585 0.9717503 0.2044765 0.9778413 0.04489743 0.1471209 -0.02081984 0.9888995 0.1505761 -0.0431708 0.9876554 0.1283363 -0.07306867 0.9890353 0.1288542 -0.1689351 0.9771682 0.1304044 -0.2614742 0.9563608 0.1274173 -0.3508228 0.9277328 0.1497496 -0.2141308 0.9652581 0.15135 -0.04194915 0.9875898 0.1500869 -0.1312931 0.9799163 0.1470033 -0.2937227 0.9445195 0.1494204 -0.3526092 0.9237642 0.1246897 -0.5486238 0.8267191 0.1277736 -0.4358857 0.890886 0.1239784 -0.6309479 0.7658553 0.1394526 -0.5654115 0.8129348 0.1480125 -0.4314709 0.8899018 0.1433668 -0.4968801 0.8558949 0.1353155 -0.629541 0.7650934 0.1423872 -0.3913419 0.9091631 0.1488647 -0.209285 0.966457 0.1477372 -0.1144627 0.9823808 0.1438186 -0.3016883 0.942497 0.1271213 -0.1683173 0.9775016 0.1310374 -0.5594658 0.8184298 0.1356458 -0.4774997 0.8680981 0.1256979 -0.6365171 0.7609508 0.1210193 -0.7079941 0.6957721 0.1142913 -0.9257594 0.3604264 0.1288554 -0.6942802 0.7080758 0.1190388 -0.8513427 0.5109261 0.1189998 -0.831559 0.5425392 0.1240597 -0.7655999 0.6312418 0.1291372 -0.7155367 0.6865354 0.1098197 -0.9094978 0.4009407 0.1102325 -0.9230139 0.3686385 0.1111469 -0.9501318 0.291369 0.1129212 -0.9681279 0.2235561 0.1114734 -0.9839396 0.1394152 0.1032972 -0.9780512 0.1809575 0.1068141 -0.9537357 0.2810319 0.1020752 -0.9920034 0.07422953 0.1098645 -0.8336686 0.5412268 0.1156911 -0.7747144 0.6216375 0.1028739 -0.8813416 0.4611443 0.1041461 -0.9057965 0.4107145 0.100188 -0.9411063 0.3229264 0.09610319 -0.9693391 0.2261542 0.09343242 -0.9875979 0.126178 -0.02790546 -0.05007076 0.9983558 -0.004469156 -0.4032725 0.9150691 0.03591519 -0.6305898 0.775285 0.01305812 -0.5814902 0.8134486 0.007402837 -0.4870405 0.8733481 0.0557155 -0.690697 0.7209948 0.005319833 -0.03340375 0.9994279 -0.01351481 -0.1985985 0.9799878 -0.005930364 -0.2964899 0.9550176 0.02578735 -0.3713631 0.9281296 0.03404921 -0.4627265 0.885847 0.07708448 -0.7421496 0.6657868 0.1376702 -0.9618706 0.2363298 0.1449259 -0.9874921 0.06209641 0.1442222 -0.9811596 0.1285536 0.08144187 -0.7105606 0.6989069 0.09327626 -0.7505601 0.6541858 0.05328953 -0.03379094 0.9980072 0.02375763 -0.2377721 0.9710304 0.02762717 -0.08038753 0.9963808 0.03456532 -0.3005062 0.9531533 0.05654186 -0.1389534 0.9886835 0.06100392 -0.3578673 0.9317777 0.05969911 -0.5249431 0.8490411 0.06814098 -0.4486894 0.8910863 0.07556045 -0.6087746 0.7897368 0.08057153 -0.4038463 0.9112719 0.07456398 -0.08132964 0.9938943 0.07972556 -0.189886 0.9785639 0.07604002 -0.3109465 0.9473808 0.09934955 -0.07682299 0.9920826 0.1070769 -0.1837099 0.9771311 0.1134276 -0.3070729 0.9449024 0.1136606 -0.402221 0.9084601 0.09175997 -0.5518992 0.828847 0.08548825 -0.4864612 0.8695099 0.09878939 -0.6332101 0.7676495 0.1161682 -0.4846417 0.8669645 0.1058869 -0.7040095 0.7022525 0.1010075 -0.8111975 0.5759829 0.1105948 -0.855741 0.5054467 0.09244954 -0.7725206 0.6282238 0.1005431 -0.7940057 0.5995383 0.1174181 -0.8985385 0.4228966 0.1231436 -0.948409 0.2921577 0.1259212 -0.9663534 0.2242879 0.1259656 -0.9841457 0.1248608 0.1298921 -0.7137816 0.6882179 0.1111522 -0.7679817 0.630753 0.1179866 -0.8955641 0.4290038 0.1263321 -0.9910122 0.0439884 0.1863743 0.982091 0.02760159 0.1832266 0.9763787 0.1145104 0.2006091 0.9608078 0.1913232 -0.02520471 0.4870408 0.8730155 0.007310032 0.5735546 0.8191347 0.005012035 0.4859027 0.8739986 0.02616369 0.5263898 0.8498408 -0.02473658 0.320586 0.9468964 -0.03503531 0.3981702 0.9166423 -0.03190934 0.2212553 0.9746938 -0.03831475 0.01420116 0.9991648 0.01871943 0.4205918 0.9070569 -0.00296998 0.3697649 0.9291206 -0.008386969 0.250466 0.9680891 0.01254457 0.3057222 0.9520382 0.008473575 0.1875924 0.9822105 -0.01268005 0.1344767 0.9908357 -0.01188778 0.005407094 0.9999148 0.006769239 0.07044559 0.9974927 0.04993808 0.569136 0.8207256 0.04348057 0.4666699 0.8833622 0.08210748 0.4466067 0.890955 0.1125391 0.5288583 0.8412158 0.1058158 0.4388024 0.8923316 0.06312119 0.4047435 0.9122491 0.03643482 0.3574172 0.9332339 0.03155744 0.2434141 0.969409 0.05728298 0.2958558 0.9535135 0.05378818 0.1842904 0.9813989 0.02896392 0.1286006 0.9912734 0.02853882 0.01624643 0.9994607 0.05263161 0.0733205 0.9959188 0.07648855 0.3439849 0.9358547 0.0730586 0.2369084 0.9687811 0.1009973 0.3371177 0.9360295 0.09809267 0.2332453 0.9674577 0.07178825 0.1284098 0.9891195 0.07247793 0.02138882 0.9971407 0.09721446 0.1279814 0.9870007 0.09775245 0.02428907 0.9949144 0.1819027 0.9826185 0.03704547 0.1802345 0.9827723 0.04091906 0.1860954 0.8978208 0.399107 0.2014596 0.9598295 0.1952989 0.2055796 0.9727557 0.1071611 0.2075512 0.9710118 0.1185694 0.196179 0.9385343 0.2840199 0.1861205 0.9700638 0.1559986 0.186107 0.9532026 0.2382629 0.1671781 0.8468966 0.5047948 0.1633529 0.7905158 0.5902548 0.1570363 0.7298181 0.6653611 0.1534876 0.9876384 0.0318132 0.1718108 0.9780395 0.1179826 0.171854 0.9502008 0.2599707 0.1681972 0.9244821 0.3421151 0.1529108 0.9691239 0.1934354 0.1487546 0.9548224 0.2572669 0.1480186 0.9256508 0.3482258 0.1626906 0.8857444 0.4347283 0.1482081 0.8374084 0.5261005 0.1469128 0.7866002 0.5997306 0.1460371 0.7242938 0.6738485 0.1315751 0.5203459 0.8437584 0.1306521 0.4281623 0.8942075 0.1496117 0.6730054 0.7243481 0.1302684 0.3302484 0.9348617 0.1243898 0.229512 0.9653246 0.1266585 0.1276426 0.9836997 0.126653 0.02618217 0.9916016 0.1467941 0.07678008 0.9861827 0.1473664 0.3661558 0.9188108 0.1506363 0.6583326 0.7375005 0.1481532 0.5779036 0.8025449 0.1489393 0.5009354 0.8525732 0.1468161 0.4436404 0.8840975 0.1464906 0.1777096 0.9731186 0.1466904 0.271308 0.9512487 0.1510644 0.02658092 0.9881666 0.1192718 0.9919192 0.04324984 0.1290529 0.9892107 0.06933689 0.1164141 0.9693537 0.2163363 0.1119599 0.9862703 0.1213924 0.1174198 0.9436423 0.3094381 0.1184362 0.9093561 0.3988036 0.1374655 0.885179 0.4444789 0.1175922 0.8702518 0.4783659 0.12308 0.8372204 0.5328353 0.1244904 0.7857902 0.605835 0.1261401 0.7230524 0.679179 0.1404615 0.3538399 0.9246988 0.1372459 0.610843 0.7797657 0.1399886 0.6516932 0.7454524 0.1324054 0.5379493 0.832514 0.1330475 0.4447195 0.8857331 0.1325469 0.5032148 0.8539358 0.1416535 0.2705484 0.9522279 0.1462265 0.08183944 0.9858602 0.1144729 0.6439403 0.7564635 0.1166308 0.5784772 0.8073176 0.1255329 0.1669921 0.9779342 0.1252764 0.1126574 0.9857049 0.108538 0.6400272 0.7606475 0.1267918 0.6281695 0.7676764 0.1793168 0.854576 0.4873862 0.1709967 0.9415733 0.2901722 0.1766117 0.9634507 0.2014225 0.183027 0.9651041 0.187284 0.1897664 0.9634824 0.1889187 0.1691152 0.9839985 0.05609828 0.09213215 0.9939785 0.05931693 0.1026083 0.9872749 0.12149 0.08835726 0.9800111 0.1782451 0.1031443 0.9707119 0.2169787 0.09808057 0.945798 0.3095907 0.1066506 0.9105663 0.399368 0.09358543 0.8887584 0.4487208 0.1040661 0.8724662 0.4774653 0.1048351 0.8385272 0.5346794 0.09632557 0.824216 0.5580229 0.1106169 0.7874067 0.6064278 0.1105719 0.7247176 0.6801164 0.1093117 0.6522135 0.7501123 0.1013769 0.5495565 0.8292831 0.1179164 0.5010619 0.8573405 0.1164683 0.4478753 0.8864778 0.1076407 0.426797 0.8979186 0.1204349 0.3644876 0.9233874 0.1131412 0.336282 0.9349405 0.1203664 0.2718557 0.9547808 0.1205633 0.180553 0.9761481 0.1224685 -0.06276214 0.9904859 0.1212989 -0.1505066 0.9811394 0.1189165 -0.2980325 0.9471197 0.1201737 -0.3538926 0.9275335 0.1115636 -0.3925707 0.9129304 0.1194441 -0.4314407 0.8941992 0.1114016 -0.4822668 0.8689122 0.1136444 -0.4899106 0.8643337 0.1095646 -0.5623049 0.8196395 0.1069828 -0.6494864 0.7528095 0.1042795 -0.6452888 0.7567881 0.1075417 -0.7198628 0.6857349 0.09702986 -0.7453635 0.6595593 0.09414869 -0.8304994 0.5490054 0.0925799 -0.8859641 0.454419 0.09282332 -0.886334 0.4536476 0.09089982 -0.9275201 0.3625518 0.08909243 -0.9246684 0.3702037 0.0848369 -0.9507049 0.2982665 0.08075058 -0.9731462 0.2155597 0.07907336 -0.9889808 0.1251578 0.08135539 -0.9961491 0.03268665 0.147601 -0.9882999 0.03843742 0.1418081 -0.982177 0.1233648 0.1357502 -0.9678533 0.2117353 0.1294902 -0.9346523 0.3311457 0.1170276 -0.8983179 0.4234732 0.09993219 -0.8593001 0.5016143 0.08415681 -0.8170385 0.5704084 0.06599706 -0.7735745 0.6302593 0.0562973 -0.7866885 0.6147779 0.03981465 -0.72104 0.6917486 0.01874476 -0.6619384 0.7493239 0.01575034 -0.5868051 0.809575 -0.02181249 -0.3578376 0.9335291 -0.02237224 -0.3609024 0.9323353 -0.03192043 -0.2737234 0.9612787 -0.03312462 -0.2703585 0.9621898 -0.03762042 -0.1735257 0.9841106 -0.03824031 0.1275811 0.9910907 -0.008763313 0.5444874 0.8387232 -0.02244424 0.6293759 0.7767769 0.00443685 0.6330099 0.7741311 0.02635937 0.6009247 0.798871 0.08178055 0.5451781 0.8343219 0.0859186 0.5285273 0.8445574 0.08730661 0.5319305 0.8422752 -0.002651333 0.6007163 0.799458 -0.01605439 -0.4442517 0.8957582 0.06365787 -0.7708773 0.6337948 0.07733428 -0.8391008 0.5384508 0.09411859 -0.8822113 0.4613512 0.1093712 -0.9189584 0.3788846 0.1253636 -0.9477148 0.2934634 0.08572226 -0.9936273 0.07318884 0.08696234 -0.9810321 0.173244 0.0892663 -0.9588809 0.269405 0.09685766 -0.8358077 0.5404111 0.1061568 -0.7785105 0.6185891 0.1105845 -0.5645053 0.8179883 0.1153068 -0.3117972 0.9431262 0.1166372 -0.231419 0.965837 0.1184545 -0.0747016 0.9901456 0.1174727 0.01702982 0.9929301 0.115796 0.2569692 0.9594572 0.09820383 0.7456554 0.6590554 0.09205895 0.9422786 0.3219258 0.1244117 0.5550333 0.8224718 0.1243017 0.03486335 0.9916318 0.130452 0.08389097 0.9878991 0.1193631 0.612748 0.7812122 0.142282 0.2733874 0.9513229 0.1430373 0.188771 0.9715483 0.1337409 0.5099612 0.8497371 0.1345382 0.450751 0.8824529 0.1290545 0.6706123 0.7304958 0.1433794 0.5822551 0.8002634 0.1349377 0.3678302 0.9200505 0.1276522 0.7269893 0.6746788 0.1260836 0.7895475 0.6005979 0.1244358 0.8412383 0.5261502 0.1251815 0.8919074 0.4345467 0.1394106 0.8468586 0.5132204 0.1242539 0.9289745 0.3486652 0.1232811 0.958348 0.2576252 0.1218913 0.9779261 0.1697152 0.1219517 0.9906576 0.06103748 0.136687 0.9785978 0.1538276 0.1397248 0.9837033 0.1131594 0.1059626 0.9942111 0.01778584 0.1498147 0.1313636 0.9799486 0.1497942 0.213601 0.9653686 0.1483476 0.2803843 0.9483552 0.1491221 0.4201864 0.8951011 0.1486499 0.6610279 0.7354899 0.1470546 0.4912442 0.8585186 0.1494908 0.5504015 0.8214078 0.147348 0.3662499 0.9187762 0.132185 0.02545315 0.9908983 0.1286166 0.1530751 0.9798091 0.1132494 0.07703673 0.9905756 0.127265 0.2208863 0.9669606 0.1204744 0.2834622 0.9513859 0.1225565 0.1434876 0.9820342 0.1481846 0.5781048 0.8023941 0.1546932 0.6808373 0.7159125 0.131088 0.4266175 0.8948818 0.1575555 0.7232277 0.6723972 0.1242872 0.3613176 0.9241225 0.149159 0.7316722 0.6651371 0.1500952 0.7934626 0.5898209 0.1493201 0.8934636 0.4235877 0.1638642 0.8502115 0.5002889 0.1700146 0.8928284 0.4170762 0.1498766 0.9272943 0.3430196 0.1534062 0.9575808 0.2439378 0.1533055 0.9835007 0.09604108 0.1717411 0.9272232 0.3328098 0.1742054 0.9748889 0.1387239 0.153728 0.9876372 0.03066939 0.1632866 0.7557215 0.6342101 0.1694931 0.8039357 0.5700523 0.1926395 0.9610442 0.1982024 0.1879088 0.9249426 0.3304111 0.1808012 0.890717 0.4170542 0.0968455 0.02605128 0.9949585 0.09723603 0.1279382 0.9870041 0.07109755 0.0241388 0.9971773 0.07197785 0.1280279 0.9891553 0.09968817 0.2300744 0.9680538 0.1039845 0.331215 0.9378081 0.07469719 0.2335483 0.9694719 0.07957816 0.3376687 0.9378951 0.03970307 0.02106279 0.9989895 0.03949064 0.1284245 0.9909327 0.01518201 0.07308149 0.9972104 0.04168409 0.237035 0.9706065 0.04630005 0.3442999 0.9377174 0.019975 0.2958826 0.9550155 0.01640051 0.184164 0.9827587 0.111048 0.429227 0.896344 0.122196 0.5075244 0.8529286 0.08541232 0.4378035 0.8950045 0.04833936 0.4693133 0.8817077 0.05350774 0.5551825 0.8300057 0.04463106 0.4613876 0.8860753 0.02599966 0.4050358 0.9139312 -0.00632435 0.01591879 0.9998533 -0.006235659 0.1283835 0.991705 -0.02527457 0.07013618 0.9972172 -0.003609597 0.2432591 0.9699546 0.001498639 0.3572564 0.9340052 -0.01996833 0.3054634 0.9519945 -0.02413564 0.187345 0.9819977 -0.03949344 0.01834911 0.9990513 -0.0376209 0.1254592 0.9913852 -0.03697985 0.2500795 0.9675189 -0.02763634 0.3694275 0.9288485 -0.01709014 0.4498915 0.8929197 -0.0135104 0.4202262 0.9073188 0.008769989 0.4667429 0.8843495 0.01758801 0.5691794 0.8220253 -0.004960596 0.5296593 0.848196 0.1952449 0.9379536 0.2865701 0.1700276 0.9744638 0.1466659 0.2033114 0.9777565 0.0515443 0.110378 -0.7709958 0.627202 0.1127853 -0.8279967 0.549273 0.1187933 -0.915681 0.3839488 0.1278992 -0.9815989 0.1417945 0.1275039 -0.990326 0.05474847 0.1273921 -0.9621164 0.2410464 0.1242792 -0.932636 0.33874 0.1105874 -0.8616146 0.4953695 0.1067055 -0.7015604 0.7045757 0.1116049 -0.4994978 0.8590962 0.1031618 -0.4372588 0.8933994 0.1168024 -0.569207 0.8138554 0.1035203 -0.6160299 0.780891 0.0970335 -0.5195945 0.8488853 0.09500283 -0.4474137 0.8892668 0.1003626 -0.3520346 0.9305907 0.09490561 -0.2627701 0.9601796 0.09950995 -0.1697148 0.9804564 0.09757494 -0.07346493 0.9925131 0.085388 -0.3838109 0.9194553 0.08169871 -0.2936536 0.9524143 0.07497411 -0.1827342 0.9802996 0.0724399 -0.07723081 0.9943782 0.07083719 -0.5419548 0.837417 0.06349688 -0.4616705 0.8847761 0.06819105 -0.6236961 0.7786868 0.08553212 -0.6486148 0.7562958 0.05289804 -0.3242581 0.9444885 0.04378187 -0.1873665 0.9813139 0.04159653 -0.08175247 0.9957843 0.06215244 -0.234053 0.9702352 0.04365897 -0.4022246 0.9144996 0.03529673 -0.2958258 0.9545896 0.02967005 -0.1983218 0.9796879 0.01827907 -0.1368311 0.9904258 0.1437072 -0.982028 0.1223487 0.08501082 -0.8177338 0.5692843 0.066657 -0.700438 0.7105938 0.04251813 -0.5628659 0.8254539 0.03015446 -0.4832705 0.8749516 0.05720311 -0.6080826 0.7918102 0.03143268 -0.5448033 0.8379747 0.04237854 -0.6388219 0.7681866 -0.007035732 -0.112504 0.9936264 0.002860546 -0.4183242 0.9082933 0.004300594 -0.3608168 0.9326269 -0.00448364 -0.1198199 0.9927856 -0.003608763 -0.2742016 0.9616655 0.04545271 -0.7233962 0.6889355 0.001772999 -0.5182393 0.8552339 -0.03378659 -0.08457767 0.995844 -0.0330103 -0.1857179 0.9820485 -0.02693688 -0.05336833 0.9982115 0.01627242 -0.03425228 0.9992808 0.08674162 -0.9933569 0.0756185 0.09104812 -0.958762 0.2692319 0.08780145 -0.9809591 0.1732345 0.1044967 -0.8848304 0.4540437 0.1168754 -0.7776998 0.6176758 0.110386 -0.8349739 0.5391044 0.09530591 -0.9270014 0.362747 0.09772855 -0.9943085 0.04242372 0.09565359 -0.9872955 0.1268787 0.09832233 -0.9691224 0.2261296 0.1023102 -0.9408934 0.3228816 0.1122221 -0.9930555 0.03531354 0.1064555 -0.991319 0.0771628 0.1127303 -0.9529924 0.2812428 0.1086919 -0.9774726 0.1809236 0.1250906 -0.7729176 0.6220538 0.1167542 -0.8714134 0.4764528 0.1169304 -0.8912175 0.4382449 0.1223679 -0.8122418 0.5703417 0.1316855 -0.7069315 0.694915 0.1223563 -0.7116837 0.6917625 0.1269969 -0.6411753 0.7568132 0.1361795 -0.4293367 0.8928188 0.1381708 -0.4881562 0.8617497 0.132099 -0.563866 0.8152332 0.1234336 -0.2122605 0.9693863 0.1388782 -0.3533495 0.9251254 0.1426455 -0.2476797 0.9582834 0.1420497 -0.2901732 0.9463728 0.1419003 -0.1571357 0.9773294 0.142306 -0.06116318 0.9879312 0.1366111 -0.6355384 0.759887 0.1416079 -0.4770677 0.8673834 0.1386749 -0.5588459 0.8175944 0.1241804 -0.6314617 0.7653988 0.1270802 -0.5206721 0.844246 0.1267884 -0.4337515 0.8920675 0.1443633 -0.3912211 0.9089034 0.1485981 -0.3014531 0.9418306 0.1474373 -0.1144652 0.9824256 0.1488177 -0.2092855 0.9664641 0.128948 -0.3543427 0.9261823 0.1232796 -0.2955651 0.947335 0.1217107 -0.1368619 0.9830846 0.1204241 -0.2121236 0.9697947 0.1480026 -0.01789021 0.9888252 0.1233246 -0.7017117 0.7017064 0.113784 -0.02281397 0.9932435 -0.0426805 -0.7843775 0.6188136 0.02359408 -0.8830196 0.4687427 -0.01135277 -0.8366159 0.5476725 0.1489573 -0.9784729 0.1428379 0.1487084 -0.9749239 0.1655573 0.1248354 -0.9487391 0.2903624 0.08919972 -0.8873572 0.4523723 0.07753789 -0.8391159 0.5383982 0.1082976 -0.9205245 0.375375 0.1360228 -0.9643148 0.2271451 0.1572767 -0.9855605 0.06272727 -0.08070528 -0.04100173 0.9958943 -0.07956522 -0.3261024 0.9419802 -0.08384704 -0.08665156 0.992704 -0.08996963 -0.2150747 0.9724445 -0.1049373 -0.2715418 0.9566887 -0.1087657 -0.1623728 0.9807167 -0.09979599 -0.3783428 0.9202703 -0.086353 -0.4575102 0.8850015 -0.05183088 -0.2710418 0.9611711 -0.04216802 -0.319909 0.9465095 -0.05404895 -0.140058 0.988667 -0.04974657 -0.2490522 0.9672116 -0.06003504 -0.1914457 0.9796655 -0.0371527 -0.3605113 0.9320147 -0.04273647 -0.3842096 0.9222562 -0.02850472 -0.4660575 0.8842952 -0.02132523 -0.4405962 0.8974521 -0.07381045 -0.6693933 0.7392325 -0.08370494 -0.6027582 0.7935213 -0.0893777 -0.5368812 0.8389103 0.01291501 -0.6898612 0.7238265 -0.07114505 -0.727428 0.6824858 0.04046452 -0.7532373 0.6565031 -0.007789254 -0.5163547 0.8563395 0.004919707 -0.6001658 0.7998605 0.03085321 -0.7431445 0.6684193 0.02517676 -0.6696724 0.7422298 -0.1975298 -0.1536514 0.9681804 -0.2004755 -0.1971158 0.959664 -0.1446757 -0.1598101 0.9764885 -0.2215247 -0.2680637 0.9375867 -0.1957037 -0.1572082 0.9679802 -0.2172082 -0.2433928 0.9452939 -0.2871642 -0.3772881 0.880449 -0.3702892 -0.4409589 0.8175826 -0.3212568 -0.3985269 0.8590521 -0.3364613 -0.3147345 0.8875451 -0.3703391 -0.4174138 0.8298282 -0.4151047 -0.4510011 0.7901179 -0.54324 -0.4050984 0.7353813 -0.3438795 -0.5101146 0.7883718 -0.3218777 -0.4414025 0.8375911 -0.3523067 -0.5797705 0.7346742 -0.1531383 -0.1428583 0.9778243 -0.1666363 -0.3273982 0.9300768 -0.1591041 -0.2426427 0.9569799 -0.1906331 -0.4431661 0.8759354 -0.3001921 -0.5605019 0.7718306 -0.2740561 -0.4620968 0.8434215 -0.2801361 -0.6333786 0.7213566 -0.1952733 -0.624079 0.7565672 -0.2229347 -0.5492301 0.8053858 -0.1719641 -0.5119869 0.8416043 -0.2540084 -0.714815 0.6515515 -0.3354865 -0.668329 0.6639167 -0.4488536 -0.5659109 0.6915745 -0.4370347 -0.6880739 0.5792711 -0.3472351 -0.7337066 0.5840399 -0.2943471 -0.7795205 0.5529083 -0.2535892 -0.857813 0.4470452 -0.3223561 -0.8088418 0.4917942 -0.659875 -0.5465393 0.515616 -0.638817 -0.5982156 0.4837882 -0.418293 -0.7636364 0.4918238 -0.7153208 -0.5499027 0.4311881 -0.4430545 -0.7951224 0.4141051 -0.2708631 -0.873334 0.4048717 -0.1852597 -0.9203677 0.3443866 -0.1444143 -0.8625142 0.4849886 -0.2050824 -0.7949474 0.5709642 -0.08056259 -0.9234105 0.3752638 0.02970093 -0.9286804 0.36969 -0.4822895 -0.8089718 0.3360974 -0.412369 -0.8779574 0.2431932 -0.1933252 -0.9459999 0.2602109 -0.1292763 -0.9775452 0.1664126 -0.3523641 -0.9224907 0.1576403 -0.8719387 -0.4695022 0.1388915 -0.6740328 -0.7089596 0.2075001 -0.6305553 -0.7657527 0.1265818 -0.8330591 -0.5510587 0.04844516 -0.6450981 -0.7638775 0.0184291 -0.2700433 -0.9615017 0.05090272 -0.08312851 -0.9938345 0.07336586 -0.08951944 -0.9959161 0.01172566 0.109943 -0.9707685 0.213357 0.02310746 -0.9538866 0.2992766 0.01099562 -0.9656293 0.2596908 0.06560665 -0.9875344 0.1430795 0.09754371 -0.9925289 0.07329201 0.123593 -0.9922234 0.01474881 -0.05332487 -0.09179997 0.9943487 0.1785014 -0.9834011 0.03255069 0.1273682 -0.98713 0.09670495 0.08548897 -0.9816033 0.1707235 -0.03028386 -0.9695186 0.243139 0.0871998 -0.995766 0.02909052 0.002615749 -0.996374 0.08504146 -0.6603164 -0.7414798 0.1191217 -0.8462733 -0.5309791 0.04339355 -0.3786374 -0.9191209 0.10886 -0.5742184 -0.812083 0.1038972 -0.7390295 -0.6450072 0.1944252 -0.8287714 -0.5482811 0.1119192 -0.0924797 -0.9804418 0.1737285 -0.1455934 -0.95235 0.2680152 -0.4989011 -0.8367303 0.2257884 -0.6776894 -0.6700851 0.3028582 -0.5188795 -0.7907314 0.3248198 -0.1120333 -0.9287162 0.3534614 -0.2157925 -0.8003602 0.5593364 -0.1707729 -0.8717965 0.459138 -0.4926471 -0.7691036 0.4071595 -0.4567688 -0.7440786 0.4875544 -0.487401 -0.6587527 0.5731364 -0.3873519 -0.6877477 0.6139721 -0.3499981 -0.6654965 0.659254 -0.250415 -0.7121723 0.6558224 -0.1827775 -0.7051485 0.6850972 -0.1611349 -0.51066 0.8445485 -0.1775944 -0.621744 0.7628203 -0.2722116 -0.63048 0.7269084 -0.2637747 -0.4749598 0.8395453 -0.2693167 -0.5563286 0.7861089 -0.1562106 -0.4184244 0.8947175 -0.1531941 -0.2323941 0.9604815 -0.1647123 -0.3255733 0.9310595 -0.2188192 -0.3775678 0.899756 -0.1627764 -0.1575077 0.9740099 -0.3446679 -0.5781664 0.7395457 -0.317464 -0.4525137 0.8333355 -0.2853919 -0.401966 0.870043 -0.337593 -0.5080208 0.7924304 -0.2480491 -0.320412 0.9142253 -0.2420671 -0.2942854 0.9245538 -0.1891219 -0.1963292 0.9621267 -7.15659e-4 -0.6211078 0.7837249 -0.01612353 -0.5501197 0.8349303 -0.06584608 -0.7229837 0.6877201 -0.08931297 -0.5368039 0.8389665 -0.08264392 -0.6018698 0.7943066 -0.07728749 -0.6716647 0.7368128 -0.08562797 -0.4567859 0.885446 -0.09323275 -0.3423404 0.9349389 0.1347045 -0.9679594 0.2119182 0.1095824 -0.9189435 0.3788597 0.06208777 -0.8060228 0.5886191 0.06927525 -0.8489999 0.5238324 0.0938282 -0.8822165 0.4614006 0.1259425 -0.9476522 0.2934175 0.1723935 -0.9802634 0.09676939 0.1591189 -0.9852811 0.06246888 0.03329682 -0.9297855 0.3665927 -0.03424209 -0.8483282 0.5283622 -0.002158522 -0.8946115 0.4468398 0.03618752 -0.7743225 0.6317557 -0.1312024 -0.1603084 0.9783084 -0.05938124 -0.7946344 0.6041772 -6.97395e-4 -0.9996269 -0.02730768 -1.93539e-5 -0.9996466 -0.02658647 1.12033e-4 -0.9996572 -0.02618718 -1.17987e-4 -0.9996506 -0.02643215 -6.73817e-5 -0.9996497 -0.02646893 2.19196e-7 -0.9996573 -0.02617853 8.29864e-6 -0.9996574 -0.02617704 -1.79153e-6 -0.9996573 -0.02617675 3.9327e-6 -0.9996573 -0.02617841 -1.6619e-5 -0.9996464 -0.02659171 4.72279e-5 -0.9996497 -0.02646905 -2.00942e-5 -0.9996465 -0.02658683 9.09191e-5 -0.9996578 -0.02615964 -2.91282e-4 -0.9996626 -0.025972 -2.603e-6 -0.9996574 -0.0261774 1.20221e-6 -0.9996574 -0.0261752 5.80495e-4 -0.9994964 -0.0317294 -2.62701e-7 -0.9996574 -0.02617651 -3.04265e-7 -0.999657 -0.02619147 1.73704e-4 -0.9996539 -0.02630656 -3.52984e-5 -0.9996561 -0.02622586 1.82319e-4 -0.9996526 -0.02635657 -2.3806e-7 -0.9996573 -0.026178 -3.91694e-6 -0.9996573 -0.02618199 -4.41291e-5 -0.9996563 -0.02621829 -2.35451e-6 -0.9996505 -0.02643674 5.14758e-7 -0.9996574 -0.02617692 -1.02984e-6 -0.9996572 -0.02618253 9.59721e-4 -0.9996557 -0.02622455 3.18241e-6 -0.9996575 -0.02617549 -8.09568e-7 -0.9996574 -0.02617627 -3.11925e-4 -0.9996601 -0.02606976 5.27965e-5 -0.9996557 -0.02624386 1.29135e-4 -0.9996557 -0.02623778 -8.34089e-7 -0.9996573 -0.02618026 -2.07315e-7 -0.9996574 -0.02617627 -1.75978e-6 -0.9996572 -0.0261811 -8.05354e-6 -0.9996572 -0.02618288 -3.30533e-7 -0.9996574 -0.02617532 -2.71919e-5 -0.999656 -0.02622973 -5.64257e-5 -0.9996576 -0.02617055 5.4709e-5 -0.9996569 -0.02619528 -2.35533e-5 -0.999657 -0.02619326 6.0246e-7 -0.9996575 -0.02617603 -3.49635e-6 -0.999657 -0.02618908 -2.50896e-7 -0.9996573 -0.02618062 5.86453e-5 -0.9996572 -0.02618181 1.22247e-7 -0.9996576 -0.02616721 6.78209e-5 -0.9996541 -0.0263015 -6.13588e-4 -0.9996677 -0.02577388 -4.4913e-6 -0.9996573 -0.02618139 0 -0.9996573 -0.02617955 6.04499e-6 -0.9996576 -0.02616715 -1.94176e-4 -0.9996599 -0.02607744 1.82048e-6 -0.9996573 -0.02617824 0 -0.9996574 -0.02617716 -1.84418e-5 -0.9996564 -0.02621316 -2.24507e-4 -0.9996603 -0.02606087 9.60388e-6 -0.9996575 -0.02617233 -1.29995e-7 -0.9996574 -0.0261774 -4.32278e-6 -0.9996572 -0.02618479 3.24615e-7 -0.9996573 -0.02617835 2.47067e-6 -0.9996573 -0.02617812 -4.1345e-5 -0.9996573 -0.02617776 -4.38882e-6 -0.9996572 -0.02618342 1.03905e-5 -0.9996576 -0.02616721 2.8571e-6 -0.9996576 -0.02616733 -5.92278e-5 -0.9996566 -0.02620387 0.2044737 0.9778416 -0.04490268 0.1233316 -0.7018086 -0.7016083 0.123479 -0.3914871 -0.9118612 0.1479865 -0.01799017 -0.9888257 0.1244406 -0.2123798 -0.9692313 0.1312056 -0.06899255 -0.9889516 0.1255183 -0.3032595 -0.9446052 0.1483771 -0.2068914 -0.9670472 0.1484266 -0.1136081 -0.9823762 0.1486112 -0.3014892 -0.9418168 0.1469305 -0.391006 -0.9085845 0.1244914 -0.5559294 -0.8218543 0.1242034 -0.4755322 -0.8708862 0.1241669 -0.6314685 -0.7653955 0.1408736 -0.5586026 -0.8173847 0.1443706 -0.4769341 -0.8670011 0.136607 -0.6355648 -0.7598659 0.14608 -0.1067734 -0.9834938 0.1422739 -0.06144994 -0.9879181 0.1422782 -0.2916786 -0.9458756 0.1388852 -0.3533221 -0.9251348 0.1275912 -0.1950067 -0.9724674 0.1265062 -0.1569482 -0.979471 0.1321129 -0.5637964 -0.8152791 0.13814 -0.4880681 -0.8618044 0.1361576 -0.4294819 -0.8927522 0.1270035 -0.6412599 -0.7567403 0.1223521 -0.7116456 -0.6918025 0.1145552 -0.9178967 -0.3799247 0.1316782 -0.7069749 -0.6948722 0.1223824 -0.8121402 -0.570483 0.1163585 -0.8746269 -0.4706259 0.125092 -0.7728718 -0.6221103 0.1125301 -0.9553037 -0.2733715 0.1092252 -0.9665734 -0.2319604 0.1084885 -0.9853208 -0.1318084 0.109846 -0.9933714 -0.03387224 0.1073894 -0.9931771 -0.04546421 0.1022813 -0.9409916 -0.322604 0.09529602 -0.927017 -0.3627095 0.110374 -0.8349619 -0.5391255 0.1168957 -0.7777355 -0.617627 0.1044951 -0.884818 -0.4540681 0.09048777 -0.9807144 -0.1732372 0.0928601 -0.9586503 -0.2690107 0.08824133 -0.9939675 -0.06513065 0.0891329 -0.9949534 -0.0460785 0.01625514 -0.0342524 -0.999281 -0.03334134 -0.1195872 -0.9922637 -0.0253334 -0.2168684 -0.9758721 -0.02155238 -0.3394893 -0.940363 -0.01155906 -0.4371547 -0.899312 0.001514017 -0.5212002 -0.8534331 0.0430324 -0.7384834 -0.6728972 -0.002937793 -0.09166347 -0.9957857 0.003070771 -0.2072232 -0.978289 0.008651137 -0.3073219 -0.9515664 0.01699286 -0.4009244 -0.9159536 0.04217791 -0.6392686 -0.767826 0.02949899 -0.5577634 -0.8294756 0.03005731 -0.5525104 -0.832964 0.05720758 -0.6081095 -0.7917893 0.0303952 -0.4890791 -0.8717098 0.06664842 -0.7003322 -0.7106989 0.1416319 -0.9783439 -0.1509435 0.1342297 -0.959639 -0.2471347 0.144753 -0.9873731 -0.06435102 0.1454249 -0.9834965 -0.1076396 0.09041631 -0.7411865 -0.6651824 0.01983684 -0.1368582 -0.990392 0.03482908 -0.1935237 -0.9804772 0.0401017 -0.2912858 -0.9557952 0.04676818 -0.3942762 -0.9178013 0.06207698 -0.2339563 -0.9702633 0.04162263 -0.08172667 -0.9957853 0.04376494 -0.1874018 -0.9813079 0.05279529 -0.3243898 -0.944449 0.05654633 -0.55059 -0.8328585 0.0855115 -0.6485211 -0.7563785 0.06819868 -0.6237314 -0.7786578 0.06350731 -0.463604 -0.8837637 0.09627348 -0.02317607 -0.9950851 0.07245427 -0.07724887 -0.9943757 0.07495737 -0.182759 -0.9802961 0.08168756 -0.2936819 -0.9524065 0.08780807 -0.3864196 -0.9181338 0.09560173 -0.2167492 -0.9715349 0.09581243 -0.1319916 -0.9866095 0.1077973 -0.3140479 -0.9432675 0.09418368 -0.4364749 -0.8947733 0.09705221 -0.5308418 -0.8418955 0.1035454 -0.6160653 -0.7808598 0.1067119 -0.7016009 -0.7045345 0.1261667 -0.9324018 -0.338687 0.1106739 -0.8549912 -0.5066967 0.110657 -0.8615862 -0.4954031 0.1010624 -0.8053427 -0.5841315 0.1179149 -0.9002524 -0.4190964 0.118763 -0.8925732 -0.434981 0.1286618 -0.9764686 -0.173076 0.1237103 -0.9331046 -0.337656 0.1268692 -0.9634897 -0.2357793 0.1280191 -0.9900647 -0.05816465 0.1127928 -0.8279171 -0.5493917 0.1103895 -0.7710074 -0.6271857 0.1863949 0.9820867 -0.02761739 0.2033114 0.9777572 -0.05153149 0.16999 0.9744547 -0.1467704 0.1952335 0.9379541 -0.2865764 -0.02098679 0.4781152 -0.8780464 0.001718938 0.5234927 -0.8520286 0.01761692 0.5692901 -0.8219479 0.008595883 0.4666556 -0.8843974 -0.01743662 0.4387944 -0.8984183 -0.02617609 0.3695359 -0.9288477 -0.03795307 0.2498862 -0.9675312 -0.03780913 0.1202312 -0.9920257 -0.04148966 0.03304457 -0.9985924 -0.02409768 0.1873053 -0.9820061 -0.02000516 0.3054861 -0.9519864 0.001492917 0.3572027 -0.9340257 -0.003685176 0.2430796 -0.9699994 -0.02535122 0.07014685 -0.9972146 -0.006290733 0.1285402 -0.9916844 -0.006331682 0.01594251 -0.9998529 0.02597767 0.405031 -0.9139339 0.04459166 0.46133 -0.8861073 0.05351281 0.5551266 -0.8300427 0.04832243 0.4693043 -0.8817133 0.08542251 0.4378122 -0.8949992 0.1051037 0.4765978 -0.8728161 0.01649725 0.1841744 -0.9827552 0.01996821 0.2959734 -0.9549875 0.04631692 0.3443537 -0.9376968 0.04176473 0.2367341 -0.9706765 0.01518487 0.07306379 -0.9972118 0.03949725 0.1282502 -0.990955 0.03971695 0.02114021 -0.9989873 0.09824818 0.3810609 -0.9193149 0.07959645 0.3377203 -0.9378749 0.07460844 0.2334185 -0.9695099 0.09369421 0.2811929 -0.9550665 0.09409344 0.1897636 -0.9773107 0.07191342 0.1279143 -0.9891747 0.07106113 0.02431046 -0.9971757 0.09558606 0.07725948 -0.9924184 0.1349086 0.9902371 -0.03507351 0.1785456 0.9829093 -0.04484122 0.1808023 0.8907556 -0.416971 0.1860822 0.8978383 -0.399074 0.2075446 0.9710131 -0.1185693 0.1878957 0.9249185 -0.3304861 0.196186 0.9385451 -0.2839795 0.1926437 0.9610403 -0.1982176 0.1677721 0.8032767 -0.5714887 0.1633139 0.7558165 -0.6340898 0.1491323 0.9881859 -0.03533166 0.1759443 0.9742122 -0.1412591 0.1717443 0.9272006 -0.3328707 0.1606591 0.9748458 -0.1544812 0.1591556 0.9553328 -0.2490156 0.1682297 0.8932068 -0.4169899 0.1513777 0.7947311 -0.5877817 0.1491542 0.7316959 -0.6651122 0.1286469 0.3719607 -0.9192906 0.1575539 0.7233671 -0.6722477 0.1341312 0.4658427 -0.8746426 0.1546564 0.6804713 -0.7162683 0.1481764 0.5781851 -0.8023377 0.1305224 0.1603966 -0.9783849 0.1248563 0.2829003 -0.9509881 0.1209024 0.2229114 -0.9673123 0.1285119 0.1532049 -0.9798026 0.1308712 0.02550297 -0.9910713 0.147211 0.37327 -0.9159687 0.1484913 0.3682981 -0.9177728 0.1501117 0.5356625 -0.8309826 0.14961 0.4603212 -0.8750551 0.1486158 0.6609637 -0.7355545 0.1483233 0.2802842 -0.9483887 0.1498184 0.2135987 -0.9653654 0.1498164 0.1313451 -0.9799509 0.1039859 0.9942936 -0.02381414 0.1415463 0.9085825 -0.3929917 0.1406341 0.9674553 -0.2103624 0.1404498 0.9832447 -0.116206 0.1416714 0.9419825 -0.3042996 0.1196689 0.9899691 -0.07510364 0.1209964 0.9787792 -0.165382 0.1218922 0.9581388 -0.2590609 0.1230053 0.9285632 -0.3501999 0.1436172 0.865715 -0.4794911 0.1263765 0.8230254 -0.5537675 0.1245062 0.8901359 -0.4383565 0.1234557 0.8457269 -0.5191386 0.124067 0.7848462 -0.607144 0.1276296 0.72695 -0.6747255 0.1404749 0.353828 -0.9247015 0.1349041 0.3678798 -0.9200355 0.1434387 0.5822044 -0.8002897 0.1290562 0.6706638 -0.7304481 0.1327718 0.4520594 -0.8820511 0.1352275 0.5091035 -0.850016 0.1430286 0.1886621 -0.9715707 0.142299 0.2735373 -0.9512773 0.1197304 0.5486046 -0.8274647 0.1175615 0.6130116 -0.7812785 0.1376383 0.08305752 -0.986994 0.1251181 0.03279751 -0.9915996 0.128414 0.6245568 -0.7703497 0.1164937 0.5429885 -0.8316206 0.08731728 0.5318571 -0.8423204 0.08606225 0.5348829 -0.8405318 0.003855824 0.6338309 -0.7734622 -0.004524588 0.6106162 -0.7919138 -0.01426601 0.5517199 -0.8339075 -0.02021205 0.5767992 -0.8166359 -0.05315017 0.1639779 -0.9850311 -0.05836677 0.006066799 -0.9982768 -0.04729658 -0.2365778 -0.9704608 0.01504623 -0.6568482 -0.7538728 0.01457577 -0.6699411 -0.7422711 0.060943 -0.7633778 -0.6430711 0.07005304 -0.7865155 -0.6135845 0.07630878 -0.8425989 -0.533108 0.09390842 -0.8854659 -0.455117 0.1081256 -0.9225951 -0.370307 0.1230615 -0.9476023 -0.294798 0.1402674 -0.963447 -0.2282436 0.1347488 -0.9699079 -0.2027841 0.08557391 -0.9935528 -0.07436454 0.07907199 -0.9889805 -0.1251612 0.08696651 -0.9810264 -0.1732749 0.08076173 -0.973146 -0.2155563 0.08927327 -0.958891 -0.2693669 0.08483916 -0.9507074 -0.298258 0.09089869 -0.9275352 -0.3625136 0.09280234 -0.886327 -0.4536652 0.0968728 -0.8357873 -0.5404399 0.09417009 -0.8304879 -0.549019 0.1061711 -0.7785472 -0.6185403 0.1075756 -0.7198072 -0.685788 0.1043152 -0.6453732 -0.7567113 0.1105585 -0.5644468 -0.8180323 0.1095677 -0.5623133 -0.8196334 0.1136477 -0.4898139 -0.864388 0.1194685 -0.4315653 -0.8941358 0.1115542 -0.3925293 -0.9129493 0.1201602 -0.3538684 -0.9275445 0.1152876 -0.3117389 -0.9431478 0.1202452 -0.2927862 -0.9485871 0.1166412 -0.2262257 -0.9670661 0.1152838 -0.1225993 -0.9857378 0.1237408 -0.05954474 -0.9905264 0.1164866 -0.03110975 -0.9927049 0.1231517 0.03107362 -0.9919013 0.1209446 0.1736027 -0.977361 0.1203846 0.2718763 -0.9547727 0.1157869 0.2568986 -0.9594773 0.1204502 0.3645194 -0.9233729 0.1194397 0.4543126 -0.8827991 0.1076143 0.5229002 -0.8455736 0.1019235 0.6839903 -0.7223358 0.1114454 0.7246527 -0.6800431 0.1004047 0.7530661 -0.6502388 0.1106545 0.7873988 -0.6064311 0.1054439 0.8384068 -0.5347484 0.09904575 0.8717732 -0.4797932 0.1045516 0.910744 -0.3995178 0.09288996 0.9242267 -0.3703735 0.1048057 0.945093 -0.30954 0.1024288 0.9707702 -0.2170568 0.09157317 0.9824395 -0.1625638 0.09359937 0.9940876 -0.05503654 0.1691253 0.9839968 -0.05609959 0.1896152 0.9635215 -0.1888718 0.1830335 0.9651046 -0.187275 0.1709946 0.941572 -0.2901776 0.1793174 0.8546004 -0.4873433 0.1766093 0.9634487 -0.2014347 0.1029819 0.9872314 -0.1215282 0.09273409 0.9615036 -0.2586724 0.1001958 0.8731481 -0.4770465 0.09790283 0.8204408 -0.5632867 0.1086391 0.4221299 -0.9000021 0.1131583 0.3363233 -0.9349235 0.1101828 0.0594508 -0.9921317 0.1114417 -0.4823001 -0.8688887 0.1069517 -0.6494649 -0.7528324 0.09704077 -0.7453688 -0.6595517 0.09258943 -0.886004 -0.4543392 0.08907544 -0.924658 -0.3702341 0.1484841 -0.9886478 -0.02297824 0.1287229 -0.9352295 -0.3298125 0.1164497 -0.9004291 -0.4191265 0.1020241 -0.8578605 -0.5036532 0.08355373 -0.8062683 -0.5856195 0.003377974 -0.5549917 -0.8318491 -0.04046505 -0.184655 -0.9819701 -0.05234396 -0.1004418 -0.9935651 -0.04039114 0.08469092 -0.9955883 0.02635544 0.6009081 -0.7988835 0.08593916 0.5284798 -0.844585 0.1269882 0.12005 -0.9846127 0.1245249 0.1656488 -0.9782914 0.1167765 0.6482474 -0.752422 0.1165829 0.6084948 -0.7849475 0.1462354 0.08194035 -0.9858505 0.1416425 0.2705749 -0.952222 0.1327369 0.4519568 -0.8821089 0.1310952 0.5323641 -0.8363029 0.1400174 0.6516951 -0.7454452 0.1372803 0.6109142 -0.7797039 0.1261404 0.7230727 -0.6791573 0.1244644 0.7857877 -0.6058436 0.1226262 0.837176 -0.5330095 0.1175813 0.8703355 -0.4782163 0.1340408 0.8890085 -0.4378323 0.1147131 0.9097292 -0.3990412 0.1135363 0.9441065 -0.3094713 0.1119562 0.9862631 -0.1214537 0.1123343 0.9697837 -0.2165655 0.1326652 0.9273805 -0.3498076 0.1283315 0.9573451 -0.2588852 0.1280612 0.9778974 -0.1652788 0.1287375 0.9893404 -0.0680629 0.1510679 0.02675652 -0.9881613 0.1467093 0.2714499 -0.9512053 0.1465032 0.1775377 -0.9731482 0.1473846 0.4434818 -0.8840825 0.147264 0.5019415 -0.8522723 0.1481348 0.5779199 -0.8025365 0.1506446 0.6582155 -0.7376033 0.1401129 0.07689028 -0.9871456 0.1256356 0.2803193 -0.9516495 0.1496024 0.6731396 -0.7242253 0.1296253 0.4768575 -0.8693701 0.1339982 0.5639974 -0.8148323 0.1255369 0.3798643 -0.9164844 0.1460071 0.7242643 -0.6738867 0.1471624 0.7817289 -0.6060058 0.1508643 0.8594212 -0.4885032 0.1458723 0.8164326 -0.558712 0.1591079 0.8626111 -0.4801946 0.1462519 0.942388 -0.3008579 0.1455061 0.9824239 -0.1169246 0.1517618 0.9658302 -0.210096 0.1679119 0.9242261 -0.342946 0.1718518 0.9501839 -0.2600335 0.1590093 0.9871854 -0.013457 0.1630752 0.9072228 -0.3877543 0.1570444 0.7298347 -0.6653409 0.1633567 0.7943436 -0.5850923 0.169602 0.8484848 -0.5013071 0.1861181 0.9531948 -0.238285 0.1861195 0.9700613 -0.1560155 0.2055766 0.9727541 -0.1071816 0.2014515 0.9598256 -0.195326 0.1819028 0.9826184 -0.03704893 0.1051027 0.02450543 -0.9941594 0.1050757 0.1278564 -0.9862108 0.07248103 0.02148395 -0.9971384 0.07175809 0.1282305 -0.9891449 0.1056582 0.2329703 -0.966727 0.109201 0.3369598 -0.9351649 0.0730201 0.2366814 -0.9688395 0.07654893 0.3439517 -0.9358619 0.05261099 0.07328844 -0.9959222 0.02851855 0.01630562 -0.9994603 0.0290203 0.1287715 -0.9912496 0.05382019 0.1843439 -0.9813872 0.05735975 0.295893 -0.9534974 0.03160029 0.2432149 -0.9694576 0.03641146 0.3574094 -0.9332378 0.06310701 0.4047547 -0.9122452 0.1152704 0.439189 -0.890969 0.119418 0.5202549 -0.8456206 0.08213496 0.4465736 -0.8909692 0.04344362 0.4666001 -0.8834009 0.04990977 0.569209 -0.8206766 0.006749451 0.07046329 -0.9974915 -0.009566247 -0.01970154 -0.9997602 -0.01329427 0.137439 -0.9904211 0.008369207 0.1875586 -0.9822179 0.01252549 0.3057515 -0.9520291 -0.008385121 0.2502214 -0.9681524 -0.002984166 0.3698837 -0.9290733 0.01668298 0.4131786 -0.9104973 -0.03425204 0.001402616 -0.9994122 -0.03249675 0.2156985 -0.9759192 -0.03278112 0.3908566 -0.9198676 -0.02848213 0.2991113 -0.9537931 0.02408772 0.5371623 -0.8431349 -0.01396536 0.4468963 -0.8944768 0.2005984 0.9608066 -0.19134 0.1832323 0.9763773 -0.1145138 0.1264552 -0.9909915 -0.04410171 0.1111651 -0.7679872 -0.630744 0.1298539 -0.7137948 -0.6882114 0.1247535 -0.9841498 -0.1260394 0.1262317 -0.9663026 -0.2243317 0.121822 -0.9486089 -0.2920627 0.09106969 -0.7726339 -0.628286 0.1012057 -0.8113831 -0.5756865 0.1058982 -0.7040353 -0.702225 0.09880185 -0.6332949 -0.7675778 0.08833718 -0.4800308 -0.8727927 0.0931037 -0.5591502 -0.8238221 0.1096588 -0.1838099 -0.9768259 0.106172 -0.07675421 -0.9913811 0.08043891 -0.2975141 -0.9513227 0.0797168 -0.1899243 -0.9785571 0.07455557 -0.08130306 -0.993897 0.0859434 -0.3965501 -0.9139813 0.07556927 -0.6088096 -0.789709 0.06038069 -0.5327222 -0.8441335 0.05291646 -0.446453 -0.8932411 0.06096714 -0.3578837 -0.9317737 0.05655664 -0.1388641 -0.9886952 0.0370844 -0.3040627 -0.9519301 0.03099662 -0.09418243 -0.9950723 0.02512335 -0.2375062 -0.9710612 0.05331784 -0.0337904 -0.9980057 0.08141398 -0.7106168 -0.6988531 0.1288089 -0.9352034 -0.3298527 0.01698201 -0.4670342 -0.8840762 0.02590501 -0.3739583 -0.9270837 0.01372063 -0.2918828 -0.9563556 0.006447553 -0.1964205 -0.9804987 0.001707136 -0.1068122 -0.9942778 -0.00158298 -0.004172325 -0.9999901 0.05531412 -0.6902298 -0.7214729 0.03689527 -0.6321339 -0.7739804 -0.003246724 -0.4011729 -0.9159966 -0.01462996 -0.3076701 -0.9513807 -0.02328747 -0.207754 -0.977904 -0.02857416 -0.1019555 -0.9943785 0.0937252 -0.9873331 -0.1280196 0.0958724 -0.9701674 -0.222674 0.1004545 -0.941874 -0.3205966 0.1035693 -0.9072695 -0.4075974 0.1047089 -0.885275 -0.4531274 0.1156803 -0.7746752 -0.6216884 0.1098627 -0.8336821 -0.5412065 0.09689748 -0.9951084 -0.01924264 0.1072144 -0.9838081 -0.1436197 0.1099066 -0.9685071 -0.2234162 0.1116826 -0.9500597 -0.2913996 0.111446 -0.9200705 -0.3755666 0.1291399 -0.715451 -0.6866242 0.1240688 -0.7656087 -0.6312293 0.118997 -0.8315659 -0.5425294 0.1190361 -0.8514022 -0.5108276 0.117658 -0.8944383 -0.4314358 0.1288614 -0.6943834 -0.7079735 0.1159521 -0.9143377 -0.387997 0.1210357 -0.7080122 -0.6957508 0.1256917 -0.6365522 -0.7609226 0.1356566 -0.4775793 -0.8680527 0.1310537 -0.5594037 -0.8184695 0.1438211 -0.3017258 -0.9424845 0.1441513 -0.2183136 -0.9651734 0.1423971 -0.3912939 -0.9091821 0.1353067 -0.6295477 -0.7650895 0.1435846 -0.4731616 -0.869196 0.1398082 -0.5535548 -0.8209938 0.1239938 -0.631028 -0.7657868 0.1248738 -0.4775302 -0.8696963 0.1246871 -0.5564738 -0.8214561 0.1465508 -0.3891593 -0.9094383 0.1486276 -0.3015691 -0.9417887 0.1495469 -0.1292032 -0.9802767 0.1549389 -0.06870865 -0.9855319 0.149764 -0.2140982 -0.9652631 0.1233145 -0.2980809 -0.9465419 0.1437158 -0.1431379 -0.9792126 0.1229308 -0.1106873 -0.9862233 0.1390315 -0.02264797 -0.990029 0.1258398 -0.2158072 -0.9682931 0.1243783 -0.3943111 -0.9105212 0.1471145 -0.02088779 -0.9888989 -0.2699031 0.1790822 -0.9460878 -0.1684814 0.02603149 -0.9853611 -0.2321631 0.07237297 -0.9699807 -0.1783356 0.1545892 -0.9717503 -0.1644012 0.1384955 -0.9766224 -0.1844918 0.1938832 -0.9635208 -0.1309876 0.01277166 -0.9913018 -0.1628457 -0.08428609 -0.9830449 -0.1389799 -0.05036944 -0.9890135 -0.1286138 -0.05077725 -0.9903939 -0.09839367 -0.005161643 -0.9951342 -0.1108705 0.2964354 -0.9485958 -0.09650248 0.174571 -0.9799043 -0.04812735 0.3114222 -0.9490522 -0.05030184 0.2107914 -0.9762361 -0.0472657 0.2042568 -0.9777756 -0.05448198 0.1085612 -0.9925957 -0.08229261 -0.004900336 -0.9965963 -0.08628422 0.001124382 -0.99627 -0.08951127 0.0866025 -0.9922136 -0.06189787 0.5472203 -0.8346967 -0.1954129 0.5095232 -0.8379738 -0.1912892 0.4058825 -0.8936823 -0.3133877 0.2762518 -0.9085555 -0.3177059 0.2273427 -0.9205315 -0.2739605 0.1274206 -0.9532626 -0.2275149 0.284143 -0.9313967 -0.07742929 0.4771885 -0.8753833 -0.07849258 0.3807981 -0.9213207 -0.1216025 0.006159186 -0.9925598 -0.1099854 -4.3549e-4 -0.9939331 -0.1845154 -0.001328289 -0.9828288 -0.2569622 0.02090626 -0.9661954 -0.3119302 0.08371031 -0.9464101 -0.1105716 -0.05953884 -0.9920833 -0.1240271 -0.06813234 -0.9899371 -0.2264937 0.01277559 -0.9739289 -0.1831133 -0.01659166 -0.9829519 -0.2191938 -0.01056271 -0.9756242 -0.2066712 0.01407772 -0.9783092 -0.2689111 0.05289059 -0.9617118 -0.2105782 -0.05006182 -0.9762943 -0.1314988 -0.106071 -0.9856252 -0.1960022 -0.1072802 -0.9747175 -0.1935263 -0.1055352 -0.9754025 -0.144684 -0.1159518 -0.9826605 -0.1849113 -0.1064873 -0.976969 -0.1927559 -4.70842e-4 -0.9812467 -0.1877574 -0.0977739 -0.977337 -0.1767864 -0.08337616 -0.9807115 -0.144935 0.5663836 -0.8112975 -0.2756885 0.5061199 -0.817214 -0.3567821 0.3999918 -0.8442233 -0.4055944 0.3105937 -0.8596655 -0.334182 0.1818476 -0.9247993 -0.4028055 0.1422507 -0.904164 -0.3280556 0.07471126 -0.9416995 -0.1155515 -0.02542114 -0.9929761 -0.1030184 -0.01478129 -0.9945696 -0.0578503 0.005116462 -0.9983122 -0.01529109 0.6319332 -0.7748721 -0.3005435 0.3591127 -0.883579 -0.1581321 0.5771048 -0.8012143 -0.07352888 0.6376489 -0.7668098 -0.1769049 -0.09873044 -0.9792636 -0.1761891 -0.04278135 -0.9834263 -0.1842991 -0.01809209 -0.9827037 -0.2778493 0.05470061 -0.9590661 -0.3103356 0.1152625 -0.9436135 -0.2112381 0.01210683 -0.9773597 -0.07101076 0.369672 -0.926445 -0.1854612 0.4020044 -0.8966585 -0.06815147 0.4652564 -0.8825485 -0.2060861 0.332052 -0.9204728 -0.323342 0.230301 -0.9178297 -0.3072649 0.3333391 -0.8913323 -0.4211473 0.2050527 -0.8835092 -0.1498285 0.504908 -0.8500703 -0.2467008 0.443915 -0.8614396 -0.07734507 0.5581422 -0.8261327 -0.09163093 0.08913636 -0.9917957 -0.1084678 0.1911458 -0.9755502 -0.07596629 0.2732969 -0.9589255 -0.1573293 0.05688321 -0.9859066 -0.2350607 0.251318 -0.938928 -0.1550955 0.2468304 -0.9565669 -0.2312982 0.09099692 -0.968618 -0.04947948 -0.005286395 -0.9987612 0.01847696 -0.002274453 -0.9998267 -0.00200504 0.004929959 -0.9999859 0.08908647 0.006607234 -0.9960021 0.1104833 -0.004143357 -0.9938694 0.1637305 -0.007681548 -0.9864753 0.2297223 0.002961397 -0.9732518 0.2493259 -0.004522204 -0.9684092 0.3290307 -0.004749536 -0.9443073 0.3502061 0.003378629 -0.9366667 0.4135996 -0.007753133 -0.9104259 0.4721887 -0.001100361 -0.8814969 0.5628659 -0.004688739 -0.826535 0.5744217 -7.31946e-5 -0.8185597 0.6409325 -0.004145205 -0.7675861 0.6484243 -0.001148641 -0.7612784 0.7151638 -0.002780556 -0.6989514 0.7090035 3.54108e-4 -0.7052049 0.7673122 -0.004410445 -0.6412587 0.777675 1.07398e-4 -0.6286665 0.8262303 -0.003962218 -0.5633187 0.8319045 -8.30528e-4 -0.5549183 0.8841633 -0.002868652 -0.4671692 0.8749071 0.006559729 -0.4842463 0.9382544 0.00335139 -0.34593 0.9459921 -0.003929734 -0.3241662 0.9674466 6.45983e-4 -0.2530745 0.9712929 -0.004200637 -0.2378498 0.9856564 0.001244664 -0.1687605 0.9885619 -0.005479574 -0.1507165 0.9979093 0.002600669 -0.06457906 0.9987916 -0.005397379 -0.0488485 0.9119519 -0.008188486 -0.4102154 0.4824674 0.004522085 -0.8759023 -0.06507891 -0.7927488 -0.6060645 -0.1220207 -0.157589 -0.9799371 -0.1369819 -0.1340761 -0.9814579 -0.00197792 -0.8946515 -0.4467603 -0.03594475 -0.8479597 -0.5288407 0.03645724 -0.9309222 -0.3633933 0.1595398 -0.9773942 -0.1387362 0.1280502 -0.946953 -0.2947597 0.125925 -0.9490345 -0.2889231 0.0949459 -0.8855072 -0.4548212 0.09188228 -0.8886278 -0.4493308 0.07601338 -0.8425846 -0.5331729 0.1122475 -0.9222745 -0.369879 0.113352 -0.9207308 -0.3733714 -0.06736689 -0.08844316 -0.9938005 -0.08236581 -0.1139988 -0.9900608 -0.09893977 -0.3413681 -0.9347079 -0.09915983 -0.1151823 -0.9883828 -0.08735883 -0.1335052 -0.9871904 -0.1209661 -0.2402564 -0.9631428 -0.08574867 -0.2300134 -0.9694024 -0.08064007 -0.4571571 -0.8857226 -0.03891485 -0.3169405 -0.9476467 -0.05006486 -0.2073446 -0.9769861 -0.05241042 -0.2288314 -0.9720543 -0.02815252 -0.4168537 -0.9085376 -0.03120452 -0.4794962 -0.876989 -0.01939457 -0.4348686 -0.9002851 -0.08440327 -0.6691794 -0.738292 -0.08358818 -0.6016446 -0.7943783 -0.08768481 -0.5372372 -0.8388609 0.02310532 -0.6789786 -0.7337945 -0.06482964 -0.7231022 -0.6876922 -0.002058804 -0.60648 -0.7950961 -0.01331931 -0.5499691 -0.8350788 -0.005023181 -0.5078279 -0.8614439 0.02468061 -0.6759907 -0.7364969 0.03626805 -0.7369013 -0.6750268 -0.1888373 -0.1798097 -0.9654062 -0.1860986 -0.144288 -0.9718787 -0.1756128 -0.2341979 -0.9561964 -0.1658644 -0.1865044 -0.9683517 -0.2136021 -0.246639 -0.9452743 -0.1935173 -0.1951787 -0.9614865 -0.2551986 -0.3260636 -0.9102507 -0.2240341 -0.277621 -0.9342031 -0.3605332 -0.4057379 -0.8398767 -0.3868656 -0.4750699 -0.7903441 -0.3814937 -0.5738484 -0.7246797 -0.294997 -0.3776335 -0.8777071 -0.3209702 -0.4576855 -0.8291575 -0.3501117 -0.5762858 -0.7384554 -0.2269173 -0.4172294 -0.8800161 -0.1743315 -0.180472 -0.9680075 -0.1897873 -0.3094199 -0.9317941 -0.1637142 -0.3258115 -0.9311523 -0.160712 -0.2391979 -0.9575783 -0.1424843 -0.4080705 -0.9017632 -0.1907541 -0.4430221 -0.8759819 -0.2688361 -0.5485311 -0.7917328 -0.2640091 -0.481376 -0.8358089 -0.2925748 -0.6378864 -0.712391 -0.1775766 -0.6217082 -0.7628535 -0.2231017 -0.5491673 -0.8053825 -0.1611694 -0.5104806 -0.8446502 -0.1829189 -0.7051297 -0.6850786 -0.2505034 -0.7120608 -0.6559098 -0.5387609 -0.6222755 -0.5678997 -0.347156 -0.6660292 -0.660218 -0.4068593 -0.6735569 -0.6170791 -0.5327966 -0.6302366 -0.5647386 -0.3471718 -0.7337177 -0.5840634 -0.3384363 -0.800611 -0.4944521 -0.6521586 -0.5774211 -0.4911966 -0.4379051 -0.7491661 -0.4969802 -0.4931241 -0.7687661 -0.407219 -0.1707872 -0.8718259 -0.4590767 -0.2157874 -0.8003587 -0.5593405 -0.1120281 -0.9287312 -0.3534235 -0.5063379 -0.7996261 -0.3228315 -0.7313746 -0.6136065 -0.2976212 -0.4991981 -0.836502 -0.2259775 -0.1454055 -0.9523723 -0.2680379 -0.0925312 -0.9804341 -0.1737443 -0.766473 -0.6117746 -0.1955789 -0.487817 -0.8637024 -0.1266999 -0.05403172 -0.9943215 -0.09168094 -0.05528151 -0.9983561 -0.01514393 0.1053257 -0.9939594 -0.03084093 0.08337837 -0.9882981 -0.1277304 0.02422302 -0.9616392 -0.273246 -0.0302506 -0.9695091 -0.2431812 0.1162498 -0.9707087 -0.2102633 0.1001676 -0.9944 -0.03369194 -0.04827529 -0.08562403 -0.9951573 -0.151681 -0.1522403 -0.976635 -0.156184 -0.1397804 -0.9777873 0.1226411 -0.9899768 -0.07003706 0.04437547 -0.9880724 -0.147458 0.03225386 -0.9628631 -0.2680568 -0.08426904 -0.9928787 -0.08420628 -0.04400801 -0.9989676 -0.011276 -0.4777309 -0.8779858 -0.03023833 -0.7982236 -0.5981286 -0.07128322 -0.798335 -0.5979756 -0.07132005 -0.3502011 -0.9342062 -0.06795537 -0.6798327 -0.7190195 -0.1443555 -0.3522418 -0.9225421 -0.1576132 -0.1291573 -0.9775519 -0.1664652 -0.1934176 -0.9459903 -0.2601769 -0.6491163 -0.7211482 -0.2420604 -0.3674647 -0.8954519 -0.2512682 -0.5734815 -0.7455481 -0.3395245 -0.5295637 -0.7865378 -0.3176802 0.02905267 -0.9286846 -0.369731 -0.08047056 -0.923413 -0.3752774 -0.2051103 -0.7949672 -0.5709265 -0.1444169 -0.8625403 -0.4849414 -0.1853929 -0.9203126 -0.3444623 -0.2708493 -0.8733599 -0.4048247 -0.4919444 -0.7694315 -0.4073889 -0.2611144 -0.8648169 -0.4288484 -0.3173743 -0.7602763 -0.5667922 -0.4470817 -0.5694541 -0.6898117 -0.335364 -0.6683183 -0.6639892 -0.2540555 -0.7146764 -0.6516851 -0.1723939 -0.5118615 -0.8415926 -0.1954445 -0.6240683 -0.7565318 -0.2801575 -0.6334527 -0.7212833 -0.2790909 -0.4595597 -0.8431568 -0.3031589 -0.558832 -0.7718819 -0.1563649 -0.2342084 -0.9595293 -0.1658762 -0.32767 -0.930117 -0.2476742 -0.368851 -0.8958831 -0.1578206 -0.1564576 -0.9749943 -0.323839 -0.4465478 -0.8341005 -0.3459912 -0.524212 -0.7781336 -0.3790618 -0.4788131 -0.791865 -0.2941033 -0.3832013 -0.8755913 -0.25483 -0.316542 -0.9137083 -0.2136881 -0.2404074 -0.946859 -0.196069 -0.1667494 -0.9663083 -0.1760823 -0.1955665 -0.9647533 0.0342679 -0.74518 -0.6659824 -0.05869531 -0.7176108 -0.6939666 -0.08919835 -0.5392339 -0.8374189 -0.06028044 -0.5821514 -0.8108428 -0.0753867 -0.6647837 -0.7432224 -0.04167121 -0.3420585 -0.9387542 -0.06851315 -0.1586812 -0.9849499 -0.08768385 -0.4681357 -0.8792956 -0.1011093 -0.4114717 -0.905797 -0.1026851 -0.2202113 -0.9700323 -0.08135068 -0.3225538 -0.9430489 0.133938 -0.9700622 -0.2025837 0.1343314 -0.9696208 -0.2044278 0.05371481 -0.7956481 -0.6033731 0.07802754 -0.8439457 -0.5307235 0.1546357 -0.981732 -0.1108605 0.1669011 -0.9855044 -0.03041762 0.1750033 -0.9830056 -0.05544298 -0.0117523 -0.83713 -0.5468778 0.02358222 -0.8831 -0.4685919 0.05422288 -0.7933868 -0.6062982 -0.4956856 -0.5345079 -0.6845416 -0.02346652 -0.7725334 -0.6345404 0.9462184 -0.319153 0.05303126 -0.02948081 -0.2311142 0.9724799 -0.1795052 -0.2779285 0.9436809 -0.1136425 -0.2292239 0.9667171 -0.03203517 -0.1725456 0.9844805 -0.03297132 -0.05226755 0.9980888 -0.0658555 -0.1155974 0.9911106 -0.06147378 -0.5181 0.8531082 -0.35658 -0.5173988 0.7779134 -0.3690904 -0.5312956 0.7625598 -0.02080625 -0.4858921 0.8737711 -0.2053629 -0.5179549 0.8303909 -0.1197202 -0.5183953 0.8467192 -0.2706022 -0.5136113 0.8142346 -0.292104 -0.5237436 0.8002299 -0.3782325 -0.4877717 0.7867776 -0.4413967 -0.5357688 0.7198061 -0.4174791 -0.4752522 0.7744976 -0.0254895 -0.361449 0.9320434 -0.06965124 -0.4339304 0.8982501 -0.1608574 -0.4326959 0.8870734 -0.2831165 -0.4470521 0.8485221 -0.1693699 -0.4124923 0.8950776 -0.2507442 -0.3895595 0.8862115 -0.2107238 -0.3468914 0.9139267 -0.1147996 -0.3595502 0.9260371 -0.07319718 -0.303042 0.9501619 -0.1703585 -0.3023964 0.937835 0.9012789 -0.4301317 0.05180078 0.8920788 -0.4507779 0.03153997 0.8806272 -0.4605717 0.1112188 0.8322963 -0.4821643 0.2734968 0.7935965 -0.4967586 0.3513339 0.7035604 -0.514705 0.4899812 0.7342541 -0.500269 0.4589139 0.7532495 -0.5038178 0.4228274 0.6472187 -0.5205972 0.5568542 0.6773487 -0.5076655 0.5324234 0.8266493 -0.448531 0.3398101 0.9233241 -0.3802441 0.05373227 0.8736411 -0.4444635 0.1979988 0.8935499 -0.4344111 0.1133831 0.8610323 -0.4433012 0.2492137 0.903827 -0.3868988 0.1827737 0.9168234 -0.3836987 0.1105006 0.8839777 -0.3887013 0.2597978 0.8597317 -0.3909256 0.3286922 0.7488073 -0.4561216 0.4808751 0.793889 -0.4521498 0.4065722 0.6980322 -0.4581735 0.5502984 0.7819986 -0.3924086 0.4842457 0.824384 -0.3922291 0.4081023 0.7267024 -0.3912016 0.5646814 0.6354219 -0.4587491 0.6211186 0.5850257 -0.5248581 0.618279 0.6148841 -0.5129764 0.5989764 0.4433141 -0.5356184 0.718739 0.4761551 -0.52003 0.7091158 0.5175062 -0.5276558 0.6736222 0.545791 -0.5168422 0.6595349 0.4729252 -0.4892568 0.732782 0.3676708 -0.5345441 0.7609736 0.3858504 -0.5230966 0.7599273 0.3913779 -0.4985927 0.7734525 0.2891445 -0.5341044 0.7944357 0.01836991 -0.5600458 0.8282579 0.1246017 -0.5202743 0.8448604 0.2071259 -0.5213215 0.8278423 0.04285001 -0.4969115 0.8667427 0.3188347 -0.4555134 0.8311752 0.6622757 -0.3883445 0.6407647 0.5642333 -0.4616816 0.684464 0.4927963 -0.4235679 0.7600935 0.4084904 -0.4547972 0.791388 0.5867584 -0.3902205 0.7095369 0.5802385 -0.3518273 0.7345344 0.5098223 -0.3436359 0.788667 0.4727359 -0.4000899 0.7851427 0.3793974 -0.3907752 0.8386612 0.4286913 -0.3404495 0.8368501 0.1409143 -0.4489536 0.8823741 0.2291778 -0.4514813 0.8623468 0.06237083 -0.4452461 0.8932333 0.3401059 -0.3343977 0.8789234 0.2914868 -0.3860515 0.8752141 0.2020512 -0.3820741 0.9017732 0.24958 -0.3294802 0.9105782 0.1581186 -0.3259778 0.9320607 0.1112973 -0.3793505 0.9185348 0.01925611 -0.3799876 0.9247912 0.06593632 -0.3354418 0.9397507 0.9859095 -0.1638761 0.03357344 0.9881668 -0.1421616 0.05758988 0.6786608 -0.3172007 0.6624224 0.9698442 -0.2399454 0.04275959 0.8855851 -0.3226131 0.3341556 0.9285042 -0.3218274 0.1852219 0.9406917 -0.3203175 0.111786 0.9073975 -0.3289597 0.2615633 0.9130671 -0.3228549 0.2491453 0.8053641 -0.3198912 0.4990575 0.8518716 -0.3221932 0.4129242 0.7470664 -0.3194715 0.5829492 0.9086105 -0.2367911 0.3440306 0.9594159 -0.2340103 0.1573545 0.9475853 -0.2579697 0.1885046 0.964383 -0.2368575 0.1177458 0.9343969 -0.2386873 0.2644446 0.9643263 -0.1848561 0.189481 0.8181706 -0.2311006 0.5264878 0.8694252 -0.2346744 0.4347734 0.7886627 -0.2319865 0.5693799 0.7653752 -0.1665468 0.6216615 0.6827215 -0.2750918 0.6769165 0.6073828 -0.2698669 0.7471666 0.5595427 -0.2610958 0.7866011 0.4801071 -0.2554555 0.83919 0.3897339 -0.2552003 0.8848619 0.1024523 -0.2717753 0.9568917 0.2982162 -0.2501302 0.9211418 0.2056744 -0.2466698 0.9470227 0.005903124 -0.2403929 0.9706577 0.6883966 -0.1789832 0.7029048 0.3834757 -0.2053235 0.900438 0.5205505 -0.1698499 0.8367666 0.6071768 -0.1745091 0.7751665 0.4350774 -0.1677174 0.8846347 0.2970128 -0.2083961 0.9318554 0.2048912 -0.2046535 0.9571502 0.1074368 -0.2038992 0.9730789 0.05508828 -0.1603084 0.9855286 0.9970318 -0.05123549 0.05746889 0.9224379 -0.1406523 0.3596183 0.9841127 -0.139695 0.1095783 0.9486413 -0.1421005 0.2826433 0.9755181 -0.09010714 0.2006126 0.8271128 -0.1339681 0.5458361 0.8805926 -0.1395445 0.4528622 0.7621566 -0.1273923 0.6347351 0.7201196 -0.1279421 0.6819521 0.9223989 -0.04610723 0.383477 0.9986966 -0.02474045 0.04464364 0.9889871 -0.04070484 0.1422944 0.9567735 -0.05640131 0.2853131 0.9486981 -0.04297089 0.3132499 0.9743836 4.00885e-4 0.2248921 0.832871 -0.05687367 0.5505373 0.8810076 -0.04925757 0.4705309 0.7701146 -0.06167703 0.6349169 0.6924347 -0.06600457 0.7184551 0.6500769 -0.1166747 0.7508575 0.5647844 -0.1140632 0.8173177 0.4755445 -0.1118099 0.8725572 0.3843885 -0.1194967 0.9154049 0.650515 -0.1102624 0.7514469 0.5650945 -0.1086663 0.8178386 0.4757769 -0.1066824 0.8730723 0.3849291 -0.1049476 0.91696 0.2806139 -0.1157322 0.9528179 0.1775035 -0.120497 0.9767154 0.110319 -0.1220248 0.9863771 0.01119905 -0.1146252 0.9933457 0.2818623 -0.1114633 0.9529584 0.0205571 -0.09765702 0.9950078 0.3373555 -0.06093692 0.939403 0.5185344 -0.05548322 0.8532549 0.6064453 -0.05544501 0.7931898 0.4285464 -0.05008733 0.9021305 0.1786081 -0.05949932 0.9821197 0.2555239 -0.05538064 0.9652153 0.07321041 -0.0702455 0.9948396 -0.6839902 -0.5557202 0.4725809 -0.6824618 -0.5449548 0.4871038 -0.6256656 -0.5499705 0.5532407 -0.5031387 -0.56593 0.653127 -0.5106998 -0.5748623 0.6393114 -0.4345768 -0.5626294 0.7032719 -0.3602774 -0.5625861 0.7441082 -0.2818327 -0.5659156 0.7747967 -0.3070161 -0.5813623 0.7534979 -0.2009242 -0.5700787 0.7966428 -0.2144675 -0.5808427 0.785255 -0.1209612 -0.5724965 0.8109354 0.05316692 -0.5924067 0.8038829 0.1208838 -0.56161 0.8185239 0.1990551 -0.58051 0.7895475 0.2822142 -0.5606765 0.7784581 0.3556596 -0.5770459 0.7352036 0.4333837 -0.5638734 0.7030118 0.5047821 -0.5610348 0.6560755 0.4655929 -0.579842 0.6685855 0.5509968 -0.5742974 0.6054627 0.5698605 -0.5603072 0.6010947 0.636054 -0.5441904 0.5470761 0.6597682 -0.5715388 0.4879031 0.6847785 -0.5499608 0.4781439 0.7452902 -0.5196828 0.4176989 0.7738842 -0.5428941 0.326143 0.8255804 -0.5091218 0.2433353 0.8529426 -0.4931652 0.1711052 0.8513203 -0.5000804 0.1586616 0.8654515 -0.4974522 0.05945837 0.8723904 -0.4867848 0.04444992 -0.1178036 -0.1690454 0.9785428 -0.1492375 -0.2379058 0.9597547 -0.3581377 -0.4523692 0.8167617 -0.4429219 -0.4803958 0.7569941 -0.4672457 -0.5013421 0.7282428 -0.50666 -0.5198168 0.6878126 -0.5670942 -0.528213 0.6319773 -0.628551 -0.5694492 0.5297654 -0.7263082 -0.5301474 0.437516 -0.7635955 -0.5314089 0.3667784 -0.7895368 -0.5368837 0.2973004 -0.8188731 -0.5327182 0.2136785 -0.8180495 -0.5338729 0.2139509 -0.7955268 -0.5241314 0.3040122 -0.740425 -0.5506876 0.3853753 -0.5850796 -0.5386902 0.6062135 -0.576868 -0.5702849 0.5848065 -0.5157914 -0.5299591 0.6731291 -0.2488332 -0.3776679 0.8918795 -0.06619507 -0.06080299 0.9959524 0.8237074 -0.5053035 0.2572447 0.7747993 -0.5202417 0.3592141 0.3628914 -0.5873446 0.7234199 0.2111101 -0.5938852 0.7763587 -0.0951873 -0.5898689 0.8018691 -0.4030196 -0.5811011 0.7070338 0.02989166 -0.03561055 0.9989186 0.1165593 -0.04592746 0.9921213 0.1989658 -0.04701006 0.9788783 0.2820118 -0.0373007 0.9586856 0.3649682 -0.03858006 0.9302204 0.4297494 -0.05167013 0.9014686 0.6499322 -0.03439444 0.7592137 0.5913169 -0.0410605 0.8053933 0.5116735 -0.04694408 0.8578966 0.07181876 -0.07428866 0.9946474 0.2545812 -0.1307961 0.9581654 0.1622196 -0.1290467 0.9782801 0.3371695 -0.07029032 0.9388163 0.4281039 -0.07095247 0.90094 0.6058463 -0.07217592 0.7923011 0.5181064 -0.07141947 0.8523293 0.4311485 -0.1462261 0.8903532 0.6092271 -0.1525523 0.7781839 0.5221341 -0.1490976 0.8397297 0.6914523 -0.07006454 0.7190164 0.3416851 -0.1416932 0.9290717 0.7202643 -0.0444054 0.6922771 0.7867009 -0.04666292 0.6155682 0.887454 -0.059237 0.4570738 0.8299405 -0.05264991 0.5553618 0.9927296 -0.05710411 0.1059587 0.982552 -0.05394887 0.1779917 0.930004 -0.05793726 0.3629547 0.7719132 -0.1430509 0.6194244 0.8842 -0.1457118 0.4438001 0.8350135 -0.144587 0.5308929 0.9625251 -0.09549695 0.2538224 0.9844244 -0.1459993 0.09794402 0.9765812 -0.1393539 0.1639201 0.9955087 -0.08735018 0.03650319 0.9246258 -0.1457231 0.3518979 0.6909292 -0.1556774 0.7059614 0.02696561 -0.1495814 0.9883816 0.07265514 -0.1905483 0.9789855 0.2527417 -0.1844437 0.9497906 0.1610761 -0.1815928 0.9700921 0.4839165 -0.1904621 0.8541365 0.5722934 -0.1955621 0.7963892 0.6555716 -0.200514 0.7280247 0.3440905 -0.1880531 0.9199119 0.1221672 -0.2460871 0.9615178 0.2029817 -0.2490161 0.9469897 0.2941395 -0.2536824 0.921481 0.03058397 -0.2716872 0.9618995 0.3940721 -0.2513695 0.8840366 0.4773475 -0.2573142 0.8401957 0.5647284 -0.2583184 0.783807 0.6487654 -0.2496727 0.718865 0.6166547 -0.3165438 0.7207892 0.7289857 -0.2032345 0.6536632 0.7324072 -0.23289 0.6397984 0.7618877 -0.2503951 0.5973522 0.8732669 -0.2418597 0.4229762 0.8243166 -0.2399663 0.5127556 0.9507355 -0.1868988 0.2473279 0.9350868 -0.2463493 0.2548032 0.9641153 -0.2412544 0.1108068 0.9107241 -0.242492 0.3343343 0.749899 -0.3172426 0.5805244 0.853462 -0.320643 0.4108414 0.8057669 -0.3195391 0.4986328 0.9428132 -0.3163554 0.1049896 0.9300605 -0.3194203 0.1815444 0.8904213 -0.3181851 0.3254355 0.9704216 -0.2380507 0.040174 0.6831384 -0.3128704 0.6598744 0.0194115 -0.306276 0.9517449 0.1138324 -0.3055405 0.9453503 0.06647223 -0.3599884 0.9305858 0.2027158 -0.3071151 0.9298315 0.2933769 -0.3110644 0.903974 0.2464727 -0.3645301 0.8979806 0.1562236 -0.3613244 0.91926 0.02173739 -0.4295645 0.9027745 0.1084854 -0.4353322 0.8937095 0.1972431 -0.4373495 0.8773943 0.2844533 -0.4398645 0.8518249 0.3358494 -0.3686301 0.8667855 0.383158 -0.3162025 0.8678744 0.4713999 -0.3217581 0.8211297 0.4234987 -0.3729997 0.8255423 0.5474511 -0.3373129 0.7658442 0.589783 -0.3862292 0.709213 0.4779085 -0.4154075 0.7739768 0.3715129 -0.4366985 0.8193124 0.574438 -0.4560736 0.679719 0.5076854 -0.4560797 0.7309221 0.660707 -0.3894012 0.6417422 0.06205898 -0.5160445 0.8543107 0.220232 -0.516189 0.8276756 0.3204237 -0.4731034 0.8206717 0.1354745 -0.5159381 0.8458456 0.2755139 -0.521725 0.8074002 0.4102426 -0.4818277 0.7743016 0.6410557 -0.4554544 0.6177451 0.7269895 -0.3909937 0.5644556 0.8308094 -0.386547 0.4004216 0.7834134 -0.3912925 0.4828598 0.7047199 -0.4539679 0.5452368 0.8078754 -0.4434089 0.3882344 0.7614434 -0.4472847 0.4691913 0.8629755 -0.3882793 0.3232843 0.886265 -0.3861398 0.2557939 0.9189004 -0.3803767 0.1045743 0.9330598 -0.358322 0.03169703 0.9061955 -0.383774 0.1775594 0.8597931 -0.4443152 0.2516741 0.9119647 -0.4090657 0.03139507 0.8965659 -0.4302296 0.1052238 0.8835307 -0.4334301 0.1775158 0.8344746 -0.4429849 0.3277445 0.7693846 -0.4955424 0.4030945 0.8103182 -0.4828792 0.3319823 0.862581 -0.4785832 0.1640496 0.8798307 -0.4723078 0.05313634 -0.1162312 -0.3229821 0.9392406 -0.2109497 -0.3397898 0.9165388 -0.1580981 -0.3786166 0.911951 -0.06813603 -0.3785021 0.9230893 -0.02414995 -0.3253176 0.9452964 -0.2846779 -0.4168035 0.863269 -0.2931146 -0.4379366 0.8498798 -0.1251427 -0.4465152 0.8859817 -0.2083801 -0.4596904 0.8632859 -0.471756 -0.5154508 0.7153719 -0.1262409 -0.5151883 0.8477289 -0.2091506 -0.5161218 0.8305869 -0.0255919 -0.5547243 0.8316406 -0.03051197 -0.4498566 0.8925796 -0.06826043 -0.1174736 0.9907273 -0.02773356 -0.04559105 0.9985752 -0.07079321 -0.1534049 0.9856243 -0.06857287 -0.2447671 0.967154 0.9528765 -0.3016429 0.03221631 -0.02349263 -0.2881848 -0.9572867 0.9528751 -0.301642 -0.0322709 0.9462257 -0.3191264 -0.05305981 -0.02519255 -0.1951482 -0.9804502 -0.1155683 -0.2946001 -0.9486067 -0.07717084 -0.221172 -0.9721767 -0.06746125 -0.1430571 -0.9874126 -0.02571874 -0.5546601 -0.8316795 -0.4994277 -0.557309 -0.6633089 -0.3690186 -0.5312433 -0.762631 -0.04425078 -0.4953644 -0.8675575 -0.2085704 -0.5197896 -0.8284426 -0.1257895 -0.5190458 -0.8454399 -0.2901266 -0.5327891 -0.7949606 -0.3604302 -0.495908 -0.7900414 -0.4428952 -0.5201507 -0.7302652 -0.05701082 -0.4442907 -0.8940669 -0.1441085 -0.4443691 -0.884177 -0.2310479 -0.453923 -0.8605643 -0.317336 -0.4457396 -0.837027 -0.2291406 -0.401523 -0.8867209 -0.06788897 -0.3693997 -0.9267874 -0.1626666 -0.3806518 -0.9102988 -0.2005395 -0.3234106 -0.9247646 0.9012646 -0.4301601 -0.05181336 0.8920781 -0.4507773 -0.03156989 0.8798545 -0.472266 -0.05311244 0.8625878 -0.478569 -0.1640551 0.8806541 -0.4605306 -0.1111753 0.8322794 -0.482109 -0.2736459 0.8104129 -0.4828212 -0.3318353 0.7048243 -0.5290134 -0.4726178 0.7028252 -0.5145701 -0.4911765 0.7689407 -0.4954702 -0.404029 0.7692263 -0.4831232 -0.41819 0.7494292 -0.4760022 -0.4601934 0.6440501 -0.5273116 -0.554204 0.8344283 -0.4430601 -0.3277611 0.9233328 -0.3802259 -0.05370974 0.883615 -0.4333185 -0.1773687 0.8965277 -0.4302555 -0.1054445 0.911969 -0.409058 -0.03137242 0.8598111 -0.4442906 -0.2516557 0.9061443 -0.3839029 -0.1775422 0.9330562 -0.3583301 -0.03171342 0.9189099 -0.3803659 -0.1045299 0.8862625 -0.3861686 -0.2557591 0.8629223 -0.3883135 -0.3233849 0.8099293 -0.4439797 -0.3832709 0.777876 -0.4226749 -0.4650321 0.7113199 -0.4542996 -0.536317 0.8348307 -0.3872358 -0.3912879 0.8019291 -0.3579373 -0.4783207 0.7358199 -0.3916255 -0.5524478 0.581401 -0.5210054 -0.6249211 0.5847617 -0.5259876 -0.6175684 0.4503324 -0.5282289 -0.7198438 0.4465771 -0.5252695 -0.7243348 0.6332034 -0.4737644 -0.6120463 0.5094279 -0.5278697 -0.6795859 0.5156538 -0.5330482 -0.6707912 0.555112 -0.4727677 -0.6843548 0.3726149 -0.527877 -0.7632195 0.369909 -0.5259714 -0.765847 0.2864069 -0.5225369 -0.8030731 0.2912827 -0.5258294 -0.7991608 0.1354118 -0.5159476 -0.8458497 0.2203509 -0.5161391 -0.827675 0.06199735 -0.51602 -0.8543301 0.04133796 -0.4954262 -0.8676659 0.6516512 -0.4234548 -0.6293146 0.526094 -0.4519694 -0.7203811 0.6006487 -0.4232957 -0.6782639 0.4530141 -0.4487018 -0.7703537 0.3698134 -0.4457517 -0.8151953 0.5036652 -0.3748743 -0.7783256 0.6595377 -0.3591029 -0.6603448 0.59841 -0.3486608 -0.7213468 0.5239924 -0.3368082 -0.7822993 0.4232366 -0.3686538 -0.8276262 0.3353805 -0.364114 -0.8688734 0.2843544 -0.4399552 -0.8518111 0.1972543 -0.4373241 -0.8774044 0.108798 -0.4353564 -0.8936598 0.02158546 -0.4296199 -0.9027518 0.1556865 -0.3567432 -0.9211385 0.245958 -0.3599967 -0.8999484 0.06736189 -0.3555142 -0.9322403 0.9881671 -0.1421594 -0.05759096 0.687108 -0.3062984 -0.6588352 0.9704228 -0.2380493 -0.04015439 0.8904206 -0.318206 -0.3254168 0.9300774 -0.3193868 -0.1815162 0.9428263 -0.3163285 -0.1049513 0.9074032 -0.3289727 -0.2615272 0.8588005 -0.3211712 -0.3991374 0.750061 -0.3170869 -0.5804001 0.8232628 -0.2804592 -0.4935393 0.910757 -0.2423678 -0.3343345 0.9500281 -0.2479991 -0.1895872 0.9641112 -0.241283 -0.1107803 0.936856 -0.2392202 -0.255097 0.879379 -0.2410478 -0.4105955 0.7620279 -0.2504051 -0.5971691 0.7324131 -0.2328315 -0.639813 0.8315408 -0.2022361 -0.51734 0.7289922 -0.2032143 -0.6536623 0.4737916 -0.2938232 -0.8301743 0.3799828 -0.2852495 -0.8799124 0.6472004 -0.2593439 -0.716849 0.564785 -0.2575896 -0.7840061 0.4782673 -0.2499684 -0.8418884 0.3979763 -0.2444208 -0.884236 0.2937251 -0.2788557 -0.9143113 0.2024741 -0.2747815 -0.9399465 0.1113706 -0.2719079 -0.955857 0.02215749 -0.2730555 -0.9617431 0.3445588 -0.1976407 -0.9177241 0.6555678 -0.2004037 -0.7280586 0.5722479 -0.1956609 -0.7963978 0.4839798 -0.1905493 -0.8540812 0.1608934 -0.1912401 -0.9682667 0.2521765 -0.1942101 -0.9479925 0.07196348 -0.1905415 -0.9790379 0.02319842 -0.1405472 -0.9898021 0.6908153 -0.1559356 -0.7060159 0.9970048 -0.05147057 -0.05772519 0.9246316 -0.1458035 -0.3518492 0.9954827 -0.08760511 -0.03660327 0.9727593 -0.1389548 -0.185556 0.9844265 -0.1460001 -0.09792131 0.9543126 -0.1463212 -0.260533 0.8296782 -0.1372839 -0.5410981 0.8871788 -0.1454712 -0.4378951 0.7719373 -0.1429783 -0.6194112 0.9297707 -0.06231355 -0.3628273 0.9989084 -0.01959872 -0.04240381 0.9814177 -0.05880033 -0.1826522 0.9925743 -0.0590803 -0.1063287 0.9607665 -0.06031334 -0.2707216 0.8247929 -0.05019992 -0.5632022 0.8873592 -0.06019943 -0.4571322 0.7642645 -0.04957771 -0.6429946 0.7113113 -0.04805004 -0.7012329 0.3417425 -0.1415369 -0.9290745 0.69143 -0.06975847 -0.7190677 0.5221727 -0.1487664 -0.8397645 0.6093528 -0.1527801 -0.7780407 0.4311268 -0.1461061 -0.8903835 0.5182061 -0.0715242 -0.8522598 0.6058566 -0.07181894 -0.7923257 0.4280037 -0.07087057 -0.9009941 0.334419 -0.0685569 -0.9399276 0.1621527 -0.1291156 -0.978282 0.2544334 -0.1307458 -0.9582116 0.07173091 -0.0743094 -0.9946521 0.6402226 -0.03513497 -0.7673857 0.5625316 -0.0346806 -0.8260481 0.4143707 -0.04355394 -0.9090656 0.4805065 -0.03628438 -0.8762402 0.1601347 -0.04673308 -0.9859883 0.2365064 -0.04809826 -0.9704387 0.09360957 -0.05149728 -0.9942763 0.0135771 -0.03670078 -0.9992341 -0.5690206 -0.5504426 -0.6109244 -0.5088149 -0.5132271 -0.6911624 -0.5179043 -0.5332513 -0.6688933 -0.4495127 -0.4906406 -0.7464652 -0.3369103 -0.418475 -0.8434277 -0.3089255 -0.3656619 -0.8779843 -0.2670033 -0.3682414 -0.8905659 -0.2493488 -0.3300812 -0.9104238 -0.2034642 -0.2878623 -0.9358086 -0.1630563 -0.2453371 -0.9556267 -0.1137898 -0.1859335 -0.9759512 -0.104522 -0.1601977 -0.9815356 -0.04919177 -0.08313226 -0.9953237 0.8733663 -0.4849321 -0.04552125 0.8633787 -0.4998816 -0.06852543 0.852971 -0.4931207 -0.1710921 0.8198596 -0.506377 -0.2672312 0.8220939 -0.520923 -0.2297846 0.7885973 -0.5093013 -0.3445674 0.7383386 -0.5454916 -0.3966043 0.6542388 -0.5651063 -0.5026198 0.6360051 -0.5441665 -0.5471567 0.5700849 -0.5602169 -0.6009661 0.5048102 -0.5609857 -0.6560959 0.4333874 -0.5637744 -0.7030888 0.3556914 -0.5771079 -0.7351396 0.3628325 -0.5872725 -0.7235079 0.2822358 -0.5607134 -0.7784237 0.2111116 -0.5939244 -0.7763285 0.1990173 -0.5805045 -0.7895611 0.1208724 -0.561608 -0.818527 0.05319851 -0.5923984 -0.8038868 -0.1208316 -0.5724602 -0.8109803 -0.09519845 -0.5897426 -0.8019607 -0.2008711 -0.5700317 -0.79669 -0.2819505 -0.5659598 -0.7747216 -0.360008 -0.5626009 -0.7442275 -0.4026244 -0.5811407 -0.7072263 -0.6355184 -0.5582357 -0.5333753 -0.6819536 -0.5331113 -0.5007312 -0.730578 -0.5361759 -0.4228136 -0.7155207 -0.5491973 -0.4317553 -0.7851577 -0.5089436 -0.3528511 -0.7745378 -0.5344607 -0.3382943 -0.8476183 -0.4576695 -0.2684806 -0.831371 -0.5305466 -0.1653561 -0.8892814 -0.4328801 -0.1476265 -0.852558 -0.5192578 -0.05929893 -0.8167105 -0.5211393 -0.2477864 -0.3069179 -0.5813002 -0.7535859 -0.2145364 -0.5808905 -0.7852009 0.4659808 -0.5798676 -0.668293 0.5518305 -0.5737581 -0.6052147 0.8515461 -0.4992305 -0.1601192 -0.05648624 -0.01520931 -0.9982876 -0.4070269 -0.4487537 -0.7955811 -0.4575124 -0.4861224 -0.7445586 -0.5769398 -0.5282871 -0.6229392 -0.5712742 -0.5521065 -0.6073091 -0.6252492 -0.5452944 -0.5583167 0.07490676 -0.0650776 -0.9950648 0.1786877 -0.05892884 -0.9821397 0.428351 -0.05626064 -0.9018593 0.6061546 -0.0640034 -0.7927675 0.5184149 -0.0644434 -0.8526975 0.3426119 -0.05308467 -0.9379762 0.02047502 -0.09766942 -0.9950084 0.2882129 -0.0893206 -0.9533915 0.1101714 -0.1220071 -0.9863958 0.1775752 -0.1204882 -0.9767035 0.2806647 -0.1155682 -0.9528229 0.3849549 -0.1049138 -0.916953 0.475894 -0.1067776 -0.8729969 0.5648663 -0.1085227 -0.8180153 0.6505462 -0.1099281 -0.751469 0.3844038 -0.1194093 -0.9154099 0.4756806 -0.1115658 -0.8725143 0.5645543 -0.1139914 -0.8174867 0.6500618 -0.1170262 -0.750816 0.6925635 -0.06506174 -0.7184168 0.7705407 -0.05744862 -0.6347966 0.910489 -0.04294455 -0.4112976 0.8755121 -0.04756939 -0.4808492 0.8328225 -0.06064647 -0.550208 0.9452146 -0.04268908 -0.3236464 0.9703585 -0.04276043 -0.2378573 0.9877235 -0.04094481 -0.1507507 0.7202527 -0.1279743 -0.6818054 0.7622492 -0.1274369 -0.634615 0.8815234 -0.1313064 -0.4535141 0.8271679 -0.1339477 -0.5457575 0.9529425 -0.1413561 -0.2681775 0.9841058 -0.1395498 -0.1098261 0.973242 -0.1420718 -0.1805984 0.9224379 -0.1407199 -0.3595917 0.060844 -0.156014 -0.9858791 0.01917392 -0.2142573 -0.9765891 0.1128538 -0.2061808 -0.9719844 0.2056191 -0.2087203 -0.9561153 0.29789 -0.2126016 -0.9306246 0.4350892 -0.1677736 -0.8846184 0.6073287 -0.1744747 -0.7750552 0.5205524 -0.1699754 -0.8367398 0.3783799 -0.2089971 -0.9017477 0.6883144 -0.1789202 -0.7030013 0.06489354 -0.2870569 -0.955713 0.2514125 -0.2926229 -0.9225854 0.1591609 -0.2887493 -0.9440825 0.4794216 -0.2489483 -0.8415341 0.5717462 -0.2548785 -0.7798354 0.6063338 -0.2745048 -0.7463287 0.4314108 -0.3129445 -0.8461385 0.5178968 -0.3193916 -0.7935819 0.6798466 -0.2773443 -0.6788879 0.3427544 -0.2974627 -0.8910866 0.765385 -0.166537 -0.621652 0.8716455 -0.195878 -0.449295 0.7886931 -0.2320639 -0.5693063 0.8135148 -0.2313667 -0.5335383 0.9366289 -0.2380837 -0.2569875 0.9643793 -0.2368826 -0.1177255 0.9584667 -0.2335481 -0.1636976 0.9086477 -0.2366819 -0.3440073 0.8563795 -0.281736 -0.4327114 0.7529388 -0.3148041 -0.5779115 0.7966302 -0.3195001 -0.5131279 0.9130699 -0.3228704 -0.2491148 0.9407036 -0.3202925 -0.1117558 0.9285043 -0.3218228 -0.1852297 0.8855312 -0.3226825 -0.3342315 0.9698321 -0.2399877 -0.04279649 0.9859098 -0.1638766 -0.0335614 0.01864194 -0.3710585 -0.9284223 0.1118633 -0.3700468 -0.9222538 0.2029356 -0.3728415 -0.9054316 0.2925424 -0.3767669 -0.8789003 0.05343723 -0.4471473 -0.8928628 0.2292778 -0.4515029 -0.862309 0.1408438 -0.4488399 -0.8824431 0.3807075 -0.3814687 -0.842344 0.4664267 -0.3863717 -0.7957155 0.6038122 -0.3450213 -0.7185897 0.5400275 -0.3968236 -0.7422273 0.5806811 -0.3880824 -0.7156826 0.6720274 -0.3502575 -0.6524561 0.3898035 -0.4563369 -0.7998811 0.552032 -0.4624537 -0.693828 0.6498653 -0.4245859 -0.6303982 0.4705524 -0.4588029 -0.7537112 0.3124986 -0.4527978 -0.8350562 0.2070865 -0.5213337 -0.8278445 0.1245908 -0.5202631 -0.844869 0.01834344 -0.559992 -0.8282949 0.5917932 -0.4949982 -0.6362056 0.7297605 -0.3612059 -0.5804997 0.8340894 -0.3581117 -0.4195842 0.7750691 -0.3925964 -0.4951123 0.7062962 -0.4254519 -0.565806 0.8079948 -0.423829 -0.4092841 0.7480216 -0.4559583 -0.4822507 0.8597285 -0.3909197 -0.3287077 0.8839684 -0.3887382 -0.259774 0.9167418 -0.383832 -0.1107142 0.9038465 -0.3869351 -0.1825999 0.8609195 -0.4433844 -0.2494554 0.8936128 -0.4342955 -0.1133304 0.8736499 -0.4444388 -0.1980154 0.8267178 -0.4485245 -0.3396518 0.6762439 -0.4889432 -0.5510252 0.6735361 -0.5066193 -0.5382249 0.7336668 -0.5280754 -0.4276323 0.7936539 -0.4967374 -0.3512343 -0.124706 -0.3197812 -0.9392489 -0.1996526 -0.3238525 -0.9248018 -0.1089491 -0.3569524 -0.9277474 -0.1715677 -0.3943688 -0.9027945 -0.3251226 -0.4397729 -0.8371948 -0.2455629 -0.4441475 -0.8616449 -0.1479856 -0.4424169 -0.8845154 -0.06972807 -0.4374456 -0.8965374 -0.02669107 -0.3567302 -0.9338262 -0.4067332 -0.4699426 -0.7834042 -0.4459924 -0.5223597 -0.7267951 -0.3218933 -0.4726315 -0.8203683 -0.2678607 -0.5188083 -0.8118427 -0.138029 -0.5141918 -0.8464956 -0.2227495 -0.5142239 -0.8282248 -0.3554579 -0.5217555 -0.7755135 -0.4463819 -0.5549009 -0.7020173 -0.5108795 -0.5515707 -0.6593725 -0.06427192 -0.515215 -0.8546478 -0.07634961 -0.1166551 -0.9902336 -0.02815026 -0.07679516 -0.9966495 -0.01797419 -0.0516901 -0.9985014 -0.0273959 -0.1623606 -0.9863512 -0.08023679 -0.2293509 -0.9700311 -0.1609099 -0.2655292 -0.95058 -0.06829339 -0.2726871 -0.959676 -1.46273e-5 -0.9996573 0.02617931 -2.48983e-4 -0.9996561 0.02622491 0.003778338 -0.9996438 0.02642357 1.61821e-6 -0.9996573 0.02618014 1.41105e-6 -0.9996574 0.0261774 7.34582e-6 -0.9996573 0.02617996 -3.6873e-5 -0.9996569 0.02619248 7.37503e-5 -0.999658 0.02615183 -0.001112878 -0.9996548 0.02625006 8.47853e-5 -0.999692 0.02481734 1.99716e-5 -0.9996572 0.02618604 -1.03181e-4 -0.9996538 0.02631449 1.55053e-5 -0.999656 0.02622747 8.05371e-6 -0.9996572 0.02618646 -1.53949e-5 -0.9996577 0.02616304 -0.009314596 -0.9996957 0.02284431 -8.58592e-6 -0.9996577 0.0261659 -1.12989e-4 -0.9996538 0.02631396 -6.92436e-5 -0.9996559 0.02623432 -4.29524e-5 -0.9996554 0.02625304 -8.72153e-4 -0.999665 0.0258724 1.7225e-5 -0.999657 0.02619057 -9.79669e-6 -0.9996575 0.0261693 1.79679e-6 -0.9996575 0.02617555 -9.40126e-5 -0.9996603 0.02606558 2.51579e-6 -0.9996576 0.02616697 -5.35789e-5 -0.9996596 0.0260936 -1.48337e-7 -0.9996576 0.02616888 -3.42562e-5 -0.999659 0.02611249 -6.59637e-5 -0.9996591 0.02611142 1.37419e-5 -0.9996584 0.02613615 3.77418e-5 -0.9996596 0.02609282 8.4238e-7 -0.9996575 0.02617442 -8.88334e-5 -0.9996569 0.02619266 -3.09646e-5 -0.9996592 0.02610546 -3.74354e-6 -0.9996576 0.02616602 -2.44939e-6 -0.9996572 0.02618354 1.12814e-6 -0.9996573 0.02617758 -4.43182e-5 -0.9996535 0.02632451 -1.15983e-5 -0.9996532 0.02633577 2.77528e-5 -0.9996578 0.02616411 -6.10778e-6 -0.9996574 0.02617514 2.83871e-6 -0.9996573 0.02617985 -1.32915e-5 -0.999659 0.02611494 5.17452e-5 -0.9996588 0.02612143 5.39915e-5 -0.9996554 0.02625292 -4.18995e-6 -0.9996573 -0.02617615 -0.003519773 -0.9996451 -0.02640807 -3.90699e-5 -0.9996578 -0.02616244 -5.79302e-6 -0.9996573 -0.02617865 -2.47381e-4 -0.9996533 -0.0263285 -2.71214e-4 -0.9996576 -0.02616578 -5.33192e-5 -0.9996567 -0.02620476 -0.002642273 -0.9996584 -0.02600413 -2.50086e-4 -0.9996871 -0.02501404 7.06713e-6 -0.9996574 -0.02617627 -5.22614e-5 -0.9996569 -0.02619296 -1.53818e-5 -0.999657 -0.02618759 -4.94651e-6 -0.9996578 -0.02616101 -2.08497e-4 -0.9996309 -0.02717083 -5.52381e-5 -0.9996567 -0.02620273 -6.33533e-4 -0.9996289 -0.02723687 -6.69752e-6 -0.9996577 -0.02616298 -3.6305e-5 -0.9996578 -0.02616119 1.31285e-4 -0.9996525 -0.02636545 -1.4832e-5 -0.9996571 -0.02618604 -5.33713e-5 -0.999657 -0.02619373 2.35646e-4 -0.9996532 -0.02633661 1.87165e-4 -0.999657 -0.02619051 -8.67358e-4 -0.999638 -0.02688932 -4.72467e-5 -0.9996598 -0.02608209 -5.35673e-4 -0.9996408 -0.02679687 4.00484e-5 -0.9996597 -0.02608799 -8.8161e-6 -0.9996575 -0.02617442 -4.11637e-6 -0.9996577 -0.02616304 -1.42789e-6 -0.9996576 -0.02616697 -6.45473e-4 -0.9996492 -0.02648228 -1.32134e-4 -0.9996523 -0.02636927 5.62943e-5 -0.9996588 -0.02612149 -5.31237e-5 -0.9996595 -0.02609354 -1.74717e-4 -0.9996572 -0.02618229 1.23344e-5 -0.9996584 -0.02613931 -1.15139e-5 -0.9996532 -0.02633756 -4.35617e-5 -0.9996535 -0.02632284 -6.59132e-5 -0.9996591 -0.02611064 2.11325e-6 -0.9996573 -0.02618074 -6.62343e-6 -0.9996574 -0.02617388 -5.84434e-5 -0.9996596 -0.02609223 2.5009e-5 -0.9996577 -0.02616411 1.2034e-6 -0.9996573 -0.02617883 -1.67088e-6 -0.9996572 -0.02618432 5.30379e-5 -0.9996556 -0.02624869 -0.9978528 0 -0.06549757 -0.9808135 0 -0.1949491 -0.9469419 0 -0.3214049 -0.8967926 0 -0.4424514 -0.8314478 0 -0.555603 -0.7520052 0 -0.6591573 -0.6591578 0 -0.7520047 -0.5556033 0 -0.8314476 -0.4424321 0 -0.896802 -0.32142 0 -0.9469368 -0.1949684 0 -0.9808095 -0.06547093 0 -0.9978545 0.06547158 0 -0.9978545 0.194969 0 -0.9808095 0.3214111 0 -0.9469398 0.4424322 0 -0.896802 0.5556138 0 -0.8314405 0.6591821 0 -0.7519835 0.751956 0 -0.6592134 0.8314586 0 -0.5555868 0.8968022 0 -0.4424319 0.9469419 0 -0.3214049 0.9808087 0 -0.1949726 0.997856 0 -0.06544882 0.9978562 0 0.0654456 0.9808096 0 0.1949679 0.9469394 0 0.3214125 0.8968022 0 0.4424318 0.8314515 0 0.5555973 0.7519352 0 0.6592372 0.6592235 0 0.7519472 0.5555977 0 0.8314514 0.4424511 0 0.8967927 0.3214125 0 0.9469394 0.1949452 0 0.9808141 0.06547093 0 0.9978545 -0.06547206 0 0.9978544 -0.1949437 0 0.9808145 -0.3214187 0 0.9469373 -0.4424527 0 0.8967918 -0.555586 0 0.8314591 -0.6591988 0 0.7519688 -0.7519834 0 0.6591821 -0.8314399 0 0.5556147 -0.8967925 0 0.4424515 -0.9469394 0 0.3214123 -0.9808143 0 0.1949443 -0.9978531 0 0.06549429 -0.997853 0 0.06549441 -0.9808143 0 0.1949445 -0.9469394 0 0.3214125 -0.8967926 0 0.4424514 -0.8314402 0 0.5556145 -0.7519836 0 0.659182 -0.6591996 0 0.7519681 -0.5555863 0 0.8314589 -0.4424511 0 0.8967927 -0.32142 0 0.9469368 -0.1949452 0 0.9808141 -0.06547093 0 0.9978545 0.06547129 0 0.9978545 0.1949435 0 0.9808146 0.3214115 0 0.9469397 0.4424532 0 0.8967916 0.5555974 0 0.8314514 0.659223 0 0.7519475 0.7519348 0 0.6592376 0.8314512 0 0.5555979 0.8968022 0 0.4424319 0.9469394 0 0.3214124 0.9808097 0 0.1949679 0.9978562 0 0.0654456 0.997856 0 -0.06544882 0.9808088 0 -0.1949725 0.9469419 0 -0.3214049 0.8968022 0 -0.4424318 0.8314592 0 -0.5555859 0.7519567 0 -0.6592125 0.6591817 0 -0.7519838 0.5556147 0 -0.83144 0.4424321 0 -0.896802 0.3214125 0 -0.9469394 0.1949684 0 -0.9808095 0.06547093 0 -0.9978545 -0.06547129 0 -0.9978545 -0.1949696 0 -0.9808093 -0.3214188 0 -0.9469372 -0.4424324 0 -0.8968019 -0.5556025 0 -0.8314481 -0.6591577 0 -0.7520048 -0.7520048 0 -0.6591579 -0.8314474 0 -0.5556035 -0.8967925 0 -0.4424515 -0.9469419 0 -0.3214049 -0.9808135 0 -0.194949 -0.9978528 0 -0.06549751 0 -1 -3.00861e-7 0 -1 0 0 -1 -9.03723e-7 0 -1 9.81365e-7 0 -1 -1.96271e-6 0 -1 1.50434e-6 0 -1 -6.02493e-7 0 -1 4.90688e-7 0 -1 9.80163e-7 0 -1 -4.90074e-7 0 -1 -2.41001e-6 0 -1 1.9547e-6 0 -1 1.58631e-6 0 -1 1.35571e-6 0 -1 -9.81382e-7 0 -1 6.01759e-7 0 -1 -1.71735e-6 0 -1 -1.20888e-6 0 -1 1.96273e-6 0 -1 -1.46595e-6 0 -1 6.04461e-7 0 -1 6.02441e-7 0 -1 -4.90675e-7 0 -1 -1.22507e-7 0 -1 6.04349e-7 0 -1 6.0251e-7 0 -1 6.01727e-7 0 -1 1.47026e-6 0 -1 -1.9546e-6 0 -1 -1.35981e-6 0 -1 -1.5043e-6 0 -1 -6.01727e-7 0 -1 -6.04342e-7 0 -1 -2.41745e-6 0 -1 -4.90086e-7 0 -1 3.01247e-7 0 -1 -4.90699e-7 0 -1 -9.80152e-7 0 -1 1.28277e-6 0 -1 9.81346e-7 0 -1 -6.04441e-7 0 -1 -6.02467e-7 0 -1 4.90682e-7 0 -1 1.22506e-7 0 -1 -4.90024e-7 0 -1 -2.45344e-7 0 -1 2.41722e-6 0 -1 1.9627e-6 0 -1 4.90073e-7 0 -1 -3.01255e-7 0 -1 4.88625e-7 0 -1 7.55436e-7 0 -1 1.20892e-6 0 -1 -3.67527e-7 0 -1 -1.9603e-6 0 -1 9.77303e-7 0 -1 2.45349e-7 0 -1 -9.77362e-7 0 -1 -7.55427e-7 0 -1 -4.88651e-7 0.07851952 0 -0.9969127 0.2335225 0 -0.9723515 0.3825802 0 -0.9239223 0.5225167 0 -0.852629 0.6493661 0 -0.7604761 0.7604783 0 -0.6493635 0.8526127 0 -0.5225435 0.9239207 0 -0.3825843 0.9723584 0 -0.2334937 0.9969148 0 -0.0784927 0.9969154 0 0.07848554 0.9723551 0 0.2335075 0.9239162 0 0.3825951 0.8526293 0 0.5225164 0.7604911 0 0.6493485 0.6493309 0 0.7605061 0.5225389 0 0.8526156 0.3825802 0 0.9239223 0.2335218 0 0.9723516 0.07849001 0 0.9969149 -0.0784915 0 0.9969149 -0.2335289 0 0.9723499 -0.3825585 0 0.9239313 -0.522552 0 0.8526074 -0.6493309 0 0.7605061 -0.7604911 0 0.6493485 -0.8526428 0 0.5224944 -0.923927 0 0.3825691 -0.9723482 0 0.2335361 -0.9969105 0 0.07854592 -0.99691 0 -0.07855308 -0.9723516 0 -0.2335223 -0.9239314 0 -0.3825583 -0.8526262 0 -0.5225213 -0.7604783 0 -0.6493635 -0.6493661 0 -0.7604761 -0.5225299 0 -0.852621 -0.3825579 0 -0.9239316 -0.2335296 0 -0.9723498 -0.07852095 0 -0.9969125 -0.07851958 0 -0.9969127 -0.2335295 0 -0.9723498 -0.3825588 0 -0.9239313 -0.9239313 0 -0.3825587 -0.9239268 0 0.3825694 -0.8526428 0 0.5224943 -0.3825588 0 0.9239313 -0.2335287 0 0.97235 -0.07849007 0 0.9969149 0.07849156 0 0.9969149 0.233522 0 0.9723515 0.3825801 0 0.9239225 0.5225384 0 0.8526157 0.852629 0 0.5225168 0.9723551 0 0.2335073 0.9723584 0 -0.2334935 0.8526125 0 -0.5225437 0.5225164 0 -0.8526293 0.3825793 0 -0.9239227 0.2335227 0 -0.9723514 0.07852101 0 -0.9969125 0 -1 -8.53938e-7 0 -1 -1.44908e-6 0 -1 -3.23124e-7 0 -1 -1.44432e-6 0 -1 2.16292e-6 0 -1 3.41559e-6 0 -1 3.11026e-6 0 -1 3.90662e-7 0 -1 8.44321e-7 0 -1 -6.45472e-7 0 -1 -1.69055e-6 0 -1 -9.3127e-7 0 -1 -1.44192e-6 0 -1 6.18076e-7 0 -1 4.5335e-6 0 -1 -7.91148e-7 0 -1 -1.20586e-6 0 -1 -6.46233e-7 0 -1 -1.20865e-5 0 -1 -2.41115e-6 0 -1 2.38168e-6 0.999658 -1.80122e-5 0.02615505 0.9996572 7.79498e-5 0.02618664 0.9996554 1.76001e-4 0.02625 0.9996579 -7.79336e-5 0.02615356 0.9996578 -3.19228e-5 0.02616411 0.9996556 -6.24104e-5 0.02624273 0.9996569 1.82457e-4 0.02619463 0.9996573 -2.6967e-5 0.02617996 0.9996576 3.26696e-5 0.02616828 0.9996566 -4.1069e-5 0.02620762 0.9996572 -2.07826e-5 0.0261839 0.9996582 6.15212e-5 0.02614676 0.9996564 1.26189e-5 0.0262162 0.9996577 3.64918e-5 0.02616602 0.9996584 5.84494e-5 0.02613836 0.9996564 -9.12911e-5 0.02621167 0.9996579 0 0.02615708 0.9996579 -5.85804e-5 0.02615666 0.999657 1.59093e-5 0.02619069 0.999655 9.56851e-5 0.02626734 0.9996573 -9.32631e-6 0.02617913 0.9996563 -2.84561e-5 0.02621698 0.9996568 3.0782e-5 0.02620065 0.9996577 9.07616e-5 0.02616637 0.999656 -1.30168e-4 0.02622765 0.9996573 -2.82276e-5 0.02618223 0.9996578 9.52878e-5 0.02616292 0.9996574 1.18375e-5 0.02617681 0.9996576 -6.54151e-5 0.02616721 0.9996578 -1.15828e-5 0.02616226 0.9996578 -1.64069e-5 0.02615946 0.9996579 1.00468e-4 0.02615565 0.9996561 3.00173e-5 0.02622729 0.9996583 -8.161e-5 0.02614098 0.9996573 0 0.02618163 0.999659 -1.2428e-5 0.02611327 0.9996565 -2.8058e-5 0.02620887 0.9996582 7.81454e-5 0.02614468 0.9996562 4.5412e-6 0.02621942 0.9996564 -2.95378e-4 0.02621352 0.9996582 -7.41679e-5 0.02614396 0.999657 -3.48445e-5 0.02618962 0.9996525 5.54174e-5 0.02636396 0.9996581 2.78987e-5 0.02614933 0.9996584 -7.0426e-6 0.0261417 0.9996594 4.30077e-5 0.02609753 0.9996567 3.45345e-6 0.02620023 0.9996574 2.10277e-5 0.02617412 0.9996563 1.17309e-6 0.02621722 0.9996613 -4.47217e-6 0.02602577 0.9996572 2.02928e-5 0.02618736 0.9996569 1.00077e-4 0.02619391 0.9996562 -1.72243e-5 0.02622258 0.999657 -8.09455e-6 0.02618807 0.9996592 -2.92603e-6 0.02610647 0.9996542 -1.23532e-5 0.02629578 0.9996572 3.45564e-6 0.02618557 0.9996553 2.69769e-5 0.02625799 0.9996572 2.79652e-5 0.02618235 0.9996569 1.65667e-5 0.02619451 0.9996567 -6.17111e-5 0.02619904 0.9996624 -1.40381e-4 0.02598589 0.9996582 -2.35524e-6 0.02614372 0.9996532 7.53034e-5 0.02633649 0.9996567 2.23696e-5 0.02619993 0.9996568 -3.44633e-6 0.02619779 0.9998195 0.001421034 0.01894605 0.9996574 -1.0815e-5 0.02617818 0.9996612 2.3474e-5 0.02603036 0.3588855 -0.9317175 0.05571269 0.3580747 -0.9318727 0.05827313 0.3581188 -0.9238786 0.134905 0.3581163 -0.9103069 0.2075911 0.3581141 -0.891023 0.2789844 0.3581207 -0.8910282 0.2789596 0.3581191 -0.866165 0.3485815 0.3581181 -0.8661637 0.3485857 0.3581207 -0.8358514 0.4160555 0.3581172 -0.8003288 0.4808595 0.3581117 -0.7597407 0.5427247 0.3581109 -0.7144278 0.6011236 0.3581159 -0.7144389 0.6011074 0.3581416 -0.664608 0.6557675 0.3581243 -0.6106728 0.706276 0.3581237 -0.5528263 0.7524166 0.358116 -0.4916278 0.7937601 0.3581161 -0.4272453 0.8301893 0.3581027 -0.3602152 0.8613985 0.3581282 -0.2908139 0.8872269 0.3581013 -0.2198793 0.9074231 0.3581402 -0.1471927 0.9219924 0.358114 -0.07397329 0.9307429 0.3581163 0 0.933677 0.3581365 0.0739715 0.9307344 0.3581241 0.1471948 0.9219984 0.3581069 0.2198804 0.9074206 0.358121 0.2908149 0.8872294 0.3581173 0.3602144 0.8613929 0.3581277 0.4272425 0.8301858 0.3581228 0.4916268 0.7937576 0.3581285 0.5528258 0.7524147 0.358125 0.6106732 0.7062753 0.3581324 0.6106519 0.70629 0.3581222 0.6646155 0.6557704 0.3581219 0.7144247 0.6011208 0.3581158 0.7597401 0.5427228 0.3581165 0.8003301 0.4808579 0.3581136 0.8358546 0.4160549 0.3581192 0.8661658 0.3485795 0.3581148 0.8910226 0.2789847 0.3581163 0.9103062 0.2075941 0.3581178 0.9238793 0.134903 0.3586395 0.9318028 0.0558691 0.3580651 0.9319196 0.05757945 0.358117 0.9238796 0.1349031 0.358115 0.9103063 0.207596 0.3581202 0.8910275 0.2789623 0.358113 0.8661581 0.3486046 0.3581159 0.8358585 0.4160453 0.358119 0.8003351 0.4808477 0.358113 0.7597345 0.5427327 0.3581153 0.7144119 0.6011399 0.3581312 0.664637 0.6557437 0.3581294 0.5528272 0.7524132 0.3581224 0.4916274 0.7937574 0.3581234 0.4272278 0.8301953 0.3581107 0.3601928 0.8614047 0.3581134 0.2907876 0.8872414 0.3581129 0.2199002 0.9074134 0.3581349 0.1472296 0.9219885 0.358117 0.07390087 0.9307476 0.3581165 0 0.9336769 0.3581377 -0.07388472 0.9307408 0.3580927 -0.1473672 0.921983 0.3581175 -0.2198186 0.9074314 0.3581033 -0.2909057 0.8872068 0.3581165 -0.3601673 0.8614129 0.3581166 -0.4272411 0.8301913 0.3581295 -0.4915829 0.7937819 0.3581244 -0.5528264 0.7524162 0.3581414 -0.6106227 0.7063107 0.3581158 -0.6646826 0.6557058 0.3581188 -0.7597235 0.5427442 0.3581176 -0.8003274 0.4808617 0.358118 -0.8358571 0.4160462 0.3581181 -0.9103055 0.2075948 0.3581188 -0.9238789 0.1349031 0.999658 -2.39733e-5 -0.02615463 0.9996576 3.15424e-5 -0.02616792 0.9996579 -1.26648e-5 -0.02615493 0.9996572 9.91486e-5 -0.02618479 0.999657 1.36368e-5 -0.02619105 0.9996554 1.75627e-4 -0.02625054 0.9996572 7.53799e-6 -0.02618169 0.9996562 -9.4631e-5 -0.02622073 0.9996572 -2.70984e-5 -0.02618223 0.9996574 9.14602e-6 -0.02617663 0.9996572 -2.29179e-5 -0.02618116 0.9996573 -1.48074e-5 -0.02618044 0.9996544 6.96901e-5 -0.02629339 0.9996577 -3.19229e-5 -0.02616417 0.999657 0 -0.02619069 0.9996569 -2.88464e-5 -0.0261932 0.999657 9.28892e-5 -0.02618843 0.9996566 2.70064e-5 -0.0262075 0.9996569 -2.04985e-5 -0.02619403 0.9996597 1.38825e-4 -0.02608597 0.9996568 -6.89292e-6 -0.02619868 0.9996567 4.6048e-6 -0.0262013 0.9996579 -6.3914e-5 -0.02615702 0.9996581 -5.98439e-5 -0.02615034 0.9996579 9.27016e-5 -0.02615594 0.9996584 5.39566e-5 -0.02613836 0.9996578 -1.3578e-5 -0.0261594 0.9996552 -9.08323e-5 -0.02625924 0.9996574 6.94175e-6 -0.02617323 0.9996599 3.664e-5 -0.02607876 0.9996563 0 -0.02621716 0.9996574 0 -0.02617454 0.9996579 8.79262e-5 -0.02615493 0.999657 2.20416e-5 -0.02619117 0.999659 -1.06529e-5 -0.02611392 0.9996575 2.3364e-5 -0.02617383 0.9996572 -6.93797e-6 -0.02618718 0.9996572 -5.49713e-5 -0.02618712 0.9996572 -1.18563e-4 -0.02618646 0.9996571 2.25474e-5 -0.02618741 0.9996564 -1.59357e-6 -0.02621018 0.9996586 4.74142e-5 -0.02613049 0.9996548 -3.74035e-5 -0.02627778 0.9996552 2.59422e-5 -0.02626037 0.9996582 -7.50673e-5 -0.02614486 0.9996562 -1.83725e-5 -0.02622199 0.9996584 -7.87778e-5 -0.0261411 0.9996564 -1.13e-4 -0.02621668 0.9996564 -1.13221e-6 -0.02621191 0.9996572 4.56115e-5 -0.02618223 0.9996572 2.30367e-6 -0.02618443 0.9996567 1.74372e-5 -0.02620303 0.9996582 -2.35531e-6 -0.02614456 0.9996524 5.86868e-5 -0.02636796 0.999657 -3.48455e-5 -0.02619051 0.9996576 -1.399e-5 -0.02616864 0.999657 -1.29502e-5 -0.02619409 0.9996567 3.8339e-6 -0.02620106 0.9996592 -2.92602e-6 -0.02610647 0.9996625 -1.44311e-4 -0.02597892 0.9996576 1.24617e-5 -0.02616417 0.9996582 -4.69471e-6 -0.02614319 0.9996573 -1.00738e-5 -0.02618223 0.9996582 -8.86735e-6 -0.02614814 0.9996573 4.81193e-5 -0.02617871 0.9996613 2.42307e-5 -0.02602976 0.9996572 2.67998e-5 -0.02618193 0.999657 1.65661e-5 -0.02619361 0.9996564 -2.22254e-5 -0.02621084 0.9990531 -0.00312525 -0.0433951 0.3586759 0.9317888 -0.055871 0.3580662 0.9319122 -0.05769222 0.3581193 0.9238795 -0.1348977 0.3581135 0.9238783 -0.134921 0.3581097 0.910308 -0.207598 0.3581148 0.9103103 -0.207579 0.3581153 0.8910231 -0.2789828 0.358123 0.8910295 -0.2789522 0.3581277 0.8661628 -0.348578 0.3581175 0.8661513 -0.348617 0.3581204 0.8358512 -0.4160561 0.3581221 0.8358539 -0.4160491 0.3581221 0.8003234 -0.4808651 0.3581154 0.8003128 -0.4808875 0.3581113 0.7597561 -0.5427035 0.3581163 0.759764 -0.5426892 0.3581148 0.7144086 -0.6011441 0.3581147 0.7144066 -0.6011464 0.3581134 0.6646304 -0.6557601 0.3581294 0.6646673 -0.655714 0.3581344 0.6106618 -0.7062804 0.3581343 0.6106624 -0.7062799 0.3581325 0.5528253 -0.752413 0.3581339 0.5528282 -0.7524104 0.3581351 0.4916129 -0.7937607 0.3581162 0.4915574 -0.7938036 0.3581188 0.4272679 -0.8301767 0.3581107 0.4272446 -0.8301919 0.3580826 0.3601063 -0.8614524 0.3581201 0.3602263 -0.8613867 0.3581179 0.2909743 -0.8871784 0.3580762 0.2908331 -0.8872417 0.3581034 0.2198102 -0.907439 0.3581194 0.2198641 -0.9074196 0.3581408 0.1473193 -0.921972 0.3581007 0.1471796 -0.9220098 0.3581531 0.07402646 -0.9307237 0.358142 0.07398653 -0.9307311 0.3581157 6.78278e-5 -0.9336773 0.3580967 0 -0.9336845 0.3581366 -0.07391995 -0.9307385 0.3581176 -0.07398831 -0.9307403 0.3581097 -0.1472628 -0.9219931 0.3581328 -0.1471763 -0.9219979 0.358104 -0.2198997 -0.9074171 0.358114 -0.2198651 -0.9074216 0.3581027 -0.2908573 -0.8872229 0.3581101 -0.2908296 -0.8872291 0.358113 -0.3602308 -0.8613878 0.3581128 -0.3602279 -0.8613891 0.3581181 -0.4271926 -0.8302156 0.3581025 -0.427247 -0.8301944 0.3581225 -0.4916056 -0.793771 0.358118 -0.4916171 -0.7937659 0.3581259 -0.5528193 -0.7524206 0.3581234 -0.5528262 -0.7524167 0.3581201 -0.6106986 -0.7062558 0.3581313 -0.6106637 -0.7062804 0.358111 -0.664658 -0.6557334 0.358121 -0.6646297 -0.6557567 0.3581026 -0.7144586 -0.6010919 0.3581221 -0.7144055 -0.6011433 0.3581166 -0.75973 -0.5427367 0.3581053 -0.7597594 -0.542703 0.3581231 -0.8003186 -0.4808721 0.3581202 -0.8003236 -0.4808661 0.3581199 -0.8358535 -0.4160518 0.3581204 -0.8358513 -0.416056 0.3581284 -0.866147 -0.3486165 0.3581184 -0.8661653 -0.3485814 0.3581147 -0.8910388 -0.2789331 0.3581275 -0.8910183 -0.2789825 0.3581117 -0.9103105 -0.2075836 0.3581162 -0.9103056 -0.2075974 0.3581188 -0.9238777 -0.134911 0.3581156 -0.9238809 -0.1348972 0.3571231 -0.9325729 -0.05264109 0.3580312 -0.9320665 -0.05537039 -0.02259886 -0.9934056 0.1124041 0.02715361 -0.9977802 0.06080675 -0.02252882 -0.9813363 0.1909752 -0.02241855 -0.9630625 0.2683433 -0.02235531 -0.9386947 0.3440238 0.02224165 -0.954087 0.2987029 -0.02232903 -0.9084008 0.4175038 0.02212011 -0.9274662 0.3732522 -0.02219355 -0.8723761 0.4883314 -0.02210044 -0.8308141 0.5561111 -0.0218935 -0.7839653 0.6204185 -0.02189165 -0.7322401 0.6806948 0.0218389 -0.7650055 0.6436535 -0.02195507 -0.6758562 0.7367064 -0.02177727 -0.6151246 0.7881292 -0.02169877 -0.5506244 0.8344711 -0.02154225 -0.4826323 0.8755582 -0.02140468 -0.4114379 0.9111864 -0.02120769 -0.3377514 0.9409965 -0.02121978 -0.2619435 0.9648499 -0.02109444 -0.1844994 0.9826062 -0.02107971 -0.1058156 0.9941623 -0.02096939 -0.02652072 0.9994284 -0.02077645 0.05292284 0.9983825 -0.02052807 0.1321874 0.9910122 -0.02040821 0.2104047 0.9774014 -0.02002441 0.2874584 0.9575839 -0.0200684 0.3626551 0.9317074 -0.02010089 0.4354871 0.8999707 -0.01996326 0.5056795 0.8624904 -0.01980692 0.5725641 0.8196206 -0.01967531 0.6358305 0.7715779 -0.01943123 0.6951751 0.7185778 0.01934361 0.6539095 0.7563255 -0.01922464 0.7500764 0.6610717 -0.01908344 0.8001947 0.5994367 -0.01898026 0.845319 0.5339249 -0.01874846 0.8850566 0.4651057 -0.01855176 0.9192164 0.3933157 -0.01838988 0.9475651 0.3190332 -0.01822888 0.9699236 0.242726 -0.01810181 0.9861436 0.1649033 -0.01793462 0.9961299 0.08604407 -0.04335302 0.9990378 0.006631374 0.02033734 0.9980095 -0.05969631 -0.007773339 0.9973136 -0.07283711 0.007749676 0.9894745 -0.1444994 -0.008041083 0.9883721 -0.1518421 0.008126974 0.9749411 -0.2223147 -0.008381962 0.9731756 -0.2299112 0.008352339 0.9542921 -0.2987591 -0.008680284 0.9518462 -0.3064532 0.008667647 0.9276435 -0.3733665 -0.009007394 0.9244635 -0.3811646 0.008905708 0.8951959 -0.4455839 -0.009315907 0.8912718 -0.4533739 0.009224236 0.8571225 -0.5150301 -0.009583532 0.8524273 -0.522758 0.009550213 0.813699 -0.5812081 -0.009843051 0.808211 -0.5888108 0.009887695 0.7651151 -0.6438177 -0.00994271 0.7588819 -0.6511524 0.01033955 0.7118507 -0.7022547 -0.01051694 0.7046673 -0.7094599 0.01026296 0.654016 -0.7564111 -0.01076167 0.6461793 -0.7631099 0.01068377 0.5920719 -0.8058143 -0.0109086 0.5834629 -0.8120665 0.01106637 0.5264465 -0.8501363 -0.01129132 0.5170006 -0.8559105 0.01119351 0.4575894 -0.8890932 -0.01160877 0.447484 -0.8942167 0.01148396 0.3856567 -0.9225709 -0.01153665 0.3750236 -0.9269435 0.01205945 0.3116201 -0.9501303 -0.01207607 0.30009 -0.9538345 0.01200169 0.2354053 -0.9718232 -0.01231336 0.2234742 -0.9746321 0.01234161 0.1577739 -0.9873982 -0.01255106 0.1453118 -0.9893064 0.01271229 0.07885932 -0.9968048 -0.01838737 0.0629692 -0.9978461 -0.01063442 -0.01975417 -0.9997484 0.02334648 4.78882e-4 -0.9997274 0.01295191 -0.07916438 -0.9967775 -0.01334899 -0.09263455 -0.9956108 0.01333755 -0.1577082 -0.9873958 -0.01363754 -0.1714503 -0.9850984 0.01353442 -0.2354977 -0.9717807 -0.01356554 -0.2491381 -0.968373 0.01401889 -0.3114848 -0.9501478 -0.01400244 -0.3253377 -0.9454942 0.01405113 -0.3857806 -0.9224836 -0.01423585 -0.3994244 -0.9166557 0.01439839 -0.4574913 -0.8890975 -0.01454555 -0.4709969 -0.8820151 0.01452213 -0.5264708 -0.8500693 -0.01478296 -0.5395991 -0.8417924 0.01468449 -0.5920256 -0.8057854 -0.01512718 -0.6047306 -0.7962864 0.01485568 -0.6540079 -0.7563418 -0.01523733 -0.6660978 -0.7457088 0.0151931 -0.7117882 -0.7022299 -0.01543426 -0.7232498 -0.690414 0.01537138 -0.7651141 -0.6437115 -0.01563435 -0.7757899 -0.6307978 0.01564049 -0.8135973 -0.5812183 -0.0158773 -0.8234297 -0.5671961 0.01586383 -0.8570629 -0.5149675 -0.01607328 -0.865913 -0.4999364 0.01609796 -0.8951128 -0.4455493 -0.01630032 -0.9028946 -0.4295529 0.01626783 -0.9275563 -0.3733293 -0.01655924 -0.934162 -0.3564651 0.01645308 -0.9542037 -0.2987048 -0.0166862 -0.9595296 -0.281113 0.01669126 -0.9748367 -0.2222947 -0.01690936 -0.9788271 -0.2039895 0.01686257 -0.9893648 -0.1444749 -0.01714408 -0.9919354 -0.1255793 0.02320283 -0.9982221 -0.05490261 3.67026e-4 -0.9989241 -0.04637598 -0.02748447 -0.9990735 0.0331217 0.0282604 0.9978215 0.05961281 0.01779711 0.9893501 0.1444634 0.01799631 0.9748103 0.2223085 0.01823019 0.9541639 0.298729 0.01843041 0.9275278 0.3732996 0.01857817 0.8950782 0.4455223 0.01869314 0.857039 0.5149126 0.01889204 0.8135566 0.5811788 0.01898759 0.7650217 0.6437247 0.01918977 0.7117214 0.7021998 0.0193541 0.5919914 0.8057119 0.01957356 0.5264518 0.8499797 0.01972293 0.4574887 0.8889967 0.01991844 0.3856614 0.9224255 0.02018076 0.3114221 0.9500575 0.02047902 0.2354279 0.9716761 0.02027672 0.1577018 0.9872786 0.02053683 0.07913398 0.9966524 0.02049088 0 0.9997901 0.02058392 -0.07911753 0.9966528 0.02078205 -0.1578008 0.9872524 0.02089077 -0.2353821 0.9716784 0.02104449 -0.3115373 0.9500009 0.02125281 -0.3856253 0.9224107 0.02136802 -0.457486 0.8889602 0.02134591 -0.5263854 0.8499782 0.02143311 -0.5919589 0.8056832 0.02158522 -0.6538537 0.7563131 0.02164012 -0.711732 0.7021178 0.02200853 -0.8134946 0.5811558 0.02201455 -0.8569724 0.5148919 0.02202528 -0.895016 0.44549 0.02230232 -0.9747263 0.2222867 0.02235722 -0.9892594 0.1444514 -1 0 0 -1 -1.13832e-6 0 -1 1.13845e-6 0 -1 -5.6891e-7 0 -1 2.43901e-6 0 -1 8.13268e-7 0 -1 -1.13874e-6 0 -1 5.69339e-7 0 -1 4.06723e-7 0 -1 8.13403e-7 0 -1 8.14168e-7 0 -1 -1.13842e-6 0 -1 -2.27573e-6 0 -1 3.25242e-6 0 -1 1.62793e-6 0 -1 -5.69275e-7 0 -1 -4.2654e-7 0 -1 -8.13634e-7 0 -1 -1.62811e-6 0 -1 -5.68904e-7 0 -1 -1.13718e-6 0 -1 -8.1294e-7 0 -1 -4.06875e-7 0 -1 8.13757e-7 0 -1 -8.13242e-7 0 -1 1.13848e-6 0 -1 6.10494e-7 0 -1 4.55424e-6 0 -1 5.6899e-7 0 -1 -5.68758e-7 0 -1 8.13204e-7 0 -1 2.2775e-6 0 -1 -5.69336e-7 0 -1 -1.70743e-6 0 -1 -2.27621e-6 0 -1 3.25474e-6 0 -1 4.55286e-6 0 -1 -4.06495e-7 0 -1 2.03294e-7 0 -1 2.03672e-6 0 -1 -3.28278e-6 0 -1 4.54895e-6 0 -1 2.84672e-7 0 -1 1.7074e-6 0 -1 8.13491e-7 0 -1 -5.69376e-7 0 -1 -1.52432e-6 0 -1 1.70615e-6 0 -1 3.25274e-6 0 -1 -2.27743e-6 0 -1 8.13265e-7 0 -1 -3.41649e-6 0 -1 2.84877e-6 0 -1 -2.84662e-6 0 -1 3.41465e-6 0 -1 -6.51194e-6 0 -1 -2.03269e-7 0 -1 4.06751e-7 0 -1 -5.69342e-7 0 -1 1.62629e-6 0 -1 -1.13769e-6 0 -1 1.57725e-6 0 -1 1.42315e-7 0 -1 4.55443e-6 0 -1 -1.13834e-6 0 -1 4.55176e-6 0 -1 6.50457e-6 0 -1 -2.03539e-6 0 -1 -3.25539e-6 0 -1 5.69033e-7 0 -1 -1.70601e-6 0 -1 -6.50664e-6 0 -1 -1.70764e-6 0 -1 1.52507e-6 0 -1 -3.41626e-6 0 -1 -3.41331e-6 0 -1 6.50457e-6 0 -1 2.84478e-7 0 -1 -2.52315e-6 0 0 0.05598008 0.9984319 0 0.1676386 0.9858486 0 0.2767994 0.9609277 0 0.3827301 0.9238603 0 0.4836929 0.8752378 0 0.5785917 0.8156175 0 0.6664125 0.7455833 0 0.7456601 0.6663265 0 0.8155072 0.578747 0 0.8752483 0.483674 0 0.9238752 0.3826941 0 0.9609171 0.2768365 0 0.985872 0.1675003 0 0.9984268 0.05607098 0 0.9984267 -0.0560733 0 0.9858717 -0.1675024 0 0.9609189 -0.2768301 0 0.9238752 -0.3826941 0 0.8752449 -0.4836803 0 0.8155063 -0.5787484 0 0.7456523 -0.6663354 0 0.6664257 -0.7455715 0 0.578606 -0.8156073 0 0.4836933 -0.8752375 0 0.3827124 -0.9238677 0 0.2767993 -0.9609278 0 0.1676385 -0.9858486 0 0.05602246 -0.9984295 0 -0.05602246 -0.9984295 0 -0.1676386 -0.9858486 0 -0.2767994 -0.9609277 0 -0.3827124 -0.9238677 0 -0.4836929 -0.8752378 0 -0.5786054 -0.8156076 0 -0.6664252 -0.745572 0 -0.7456528 -0.6663348 0 -0.8155072 -0.578747 0 -0.8752444 -0.483681 0 -0.9238752 -0.3826941 0 -0.9609187 -0.276831 0 -0.985872 -0.1675003 0 -0.9984267 -0.0560733 0 -0.9984268 0.05607098 0 -0.9858717 0.1675024 0 -0.9609174 0.2768356 0 -0.9238752 0.3826941 0 -0.8752487 0.4836732 0 -0.8155063 0.5787484 0 -0.7456596 0.6663271 0 -0.666413 0.7455829 0 -0.5785921 0.8156172 0 -0.4836933 0.8752375 0 -0.3827301 0.9238603 0 -0.2767993 0.9609278 0 -0.1676385 0.9858486 0 -0.05598032 0.9984319 0 -0.05598008 0.9984319 0 -0.1676381 0.9858487 0 -0.2767994 0.9609277 0 -0.4836929 0.8752378 0 -0.578593 0.8156164 0 -0.6664125 0.7455833 0 -0.7456601 0.6663265 0 -0.8155072 0.578747 0 -0.8752492 0.4836722 0 -0.9238745 0.3826956 0 -0.9609167 0.2768377 0 -0.9858722 0.1674997 0 -0.9984268 0.05607074 0 -0.9984267 -0.05607348 0 -0.9858719 -0.1675017 0 -0.9609189 -0.2768301 0 -0.9238745 -0.3826956 0 -0.8752449 -0.4836803 0 -0.8155063 -0.5787484 0 -0.7456504 -0.6663374 0 -0.6664245 -0.7455726 0 -0.5786073 -0.8156063 0 -0.4836933 -0.8752375 0 -0.2767993 -0.9609278 0 -0.1676381 -0.9858486 0 -0.05602276 -0.9984295 0 0.05602276 -0.9984295 0 0.1676381 -0.9858487 0 0.2767994 -0.9609277 0 0.4836929 -0.8752378 0 0.5786069 -0.8156067 0 0.666424 -0.745573 0 0.745651 -0.6663368 0 0.8155072 -0.578747 0 0.8752444 -0.483681 0 0.9238745 -0.3826956 0 0.9609187 -0.276831 0 0.9858722 -0.1674997 0 0.9984267 -0.05607348 0 0.9984268 0.05607074 0 0.9858719 0.1675017 0 0.960917 0.2768367 0 0.9238745 0.3826956 0 0.8752497 0.4836714 0 0.8155063 0.5787484 0 0.7456596 0.6663271 0 0.666413 0.7455829 0 0.5785936 0.8156161 0 0.4836933 0.8752375 0 0.2767993 0.9609278 0 0.1676381 0.9858486 0 0.05598032 0.9984319 -1 -2.21422e-5 0 -1 1.3482e-5 0 -1 2.21433e-5 0 -1 5.00191e-6 0 -1 -9.0832e-6 0 -1 -6.45417e-6 0 -1 -1.3142e-5 0 -1 9.0832e-6 0 -1 -6.6148e-5 0 -1 -1.34878e-6 0 -1 1.34878e-6 0 -1 2.00076e-5 0 -1 1.29083e-5 0 -1 1.99907e-6 0 -1 4.40663e-6 0 -1 -8.81341e-7 0 -1 6.05466e-6 0 -1 -2.84924e-6 0 -1 -1.58287e-5 0 -1 -1.30249e-6 0 -1 -1.26016e-5 0 -1 1.96122e-6 0 -1 1.48359e-6 0 -1 -2.80745e-6 0 -1 -1.80403e-6 0 -1 6.58267e-6 0 -1 -6.27868e-6 0 -1 2.80745e-6 0 -1 -9.52389e-7 0 -1 1.9947e-6 0 -1 -1.74608e-6 0 -1 -1.9947e-6 0 -1 6.9126e-6 0 -1 -8.42582e-6 0</float_array>
          <technique_common>
            <accessor source="#Link_4-mesh-normals-array" count="4037" stride="3">
              <param name="X" type="float"/>
              <param name="Y" type="float"/>
              <param name="Z" type="float"/>
            </accessor>
          </technique_common>
        </source>
        <vertices id="Link_4-mesh-vertices">
          <input semantic="POSITION" source="#Link_4-mesh-positions"/>
        </vertices>
        <triangles material="RAL2003_003-material" count="4260">
          <input semantic="VERTEX" source="#Link_4-mesh-vertices" offset="0"/>
          <input semantic="NORMAL" source="#Link_4-mesh-normals" offset="1"/>
          <p>0 0 1 0 2 0 3 1 4 1 5 1 3 2 6 2 7 2 0 3 8 3 9 3 0 4 10 4 11 4 2 5 12 5 0 5 3 6 13 6 14 6 5 7 15 7 3 7 3 8 16 8 17 8 3 9 18 9 19 9 3 10 20 10 21 10 7 7 22 7 3 7 3 11 23 11 24 11 25 12 26 12 27 12 25 7 28 7 29 7 30 13 31 13 32 13 30 14 33 14 34 14 30 15 25 15 35 15 11 7 8 7 0 7 12 7 36 7 0 7 14 16 37 16 3 16 15 7 38 7 3 7 3 17 39 17 16 17 21 18 18 18 3 18 22 7 40 7 3 7 3 19 41 19 23 19 29 7 26 7 25 7 25 20 30 20 42 20 32 7 43 7 30 7 35 21 33 21 30 21 36 7 10 7 0 7 0 22 44 22 45 22 0 23 46 23 47 23 0 24 3 24 48 24 38 7 13 7 3 7 17 7 49 7 3 7 40 25 20 25 3 25 24 26 50 26 3 26 42 27 28 27 25 27 34 28 31 28 30 28 45 7 1 7 0 7 48 7 46 7 0 7 49 7 4 7 3 7 3 29 51 29 52 29 50 7 6 7 3 7 3 30 0 30 53 30 43 7 54 7 30 7 47 7 44 7 0 7 52 7 39 7 3 7 53 7 41 7 3 7 9 7 25 7 0 7 19 7 51 7 3 7 37 31 55 31 3 31 27 32 0 32 25 32 56 33 26 33 29 33 57 34 27 34 26 34 58 35 0 35 27 35 59 36 53 36 0 36 60 37 41 37 53 37 61 38 23 38 41 38 62 39 24 39 23 39 63 40 50 40 24 40 64 41 6 41 50 41 65 42 7 42 6 42 66 43 22 43 7 43 67 44 40 44 22 44 68 45 20 45 40 45 69 46 21 46 20 46 70 47 18 47 21 47 71 48 19 48 18 48 72 49 51 49 19 49 73 50 52 50 51 50 74 51 39 51 52 51 75 52 16 52 39 52 76 53 17 53 16 53 77 54 49 54 17 54 78 55 4 55 49 55 79 56 5 56 4 56 80 57 15 57 5 57 81 58 38 58 15 58 82 59 13 59 38 59 83 60 14 60 13 60 84 61 37 61 14 61 85 62 55 62 37 62 86 63 3 63 55 63 87 64 48 64 3 64 88 65 46 65 48 65 89 66 47 66 46 66 90 67 44 67 47 67 91 68 45 68 44 68 92 69 1 69 45 69 93 70 2 70 1 70 94 71 12 71 2 71 95 72 36 72 12 72 96 73 10 73 36 73 97 74 11 74 10 74 98 75 8 75 11 75 99 76 9 76 8 76 100 77 25 77 9 77 101 78 35 78 25 78 102 79 33 79 35 79 103 80 34 80 33 80 104 81 31 81 34 81 105 82 32 82 31 82 106 83 43 83 32 83 107 84 54 84 43 84 108 85 30 85 54 85 109 86 42 86 30 86 110 87 28 87 42 87 111 88 29 88 28 88 28 88 110 88 111 88 42 89 109 89 110 89 30 90 108 90 109 90 54 85 107 85 108 85 43 91 106 91 107 91 32 92 105 92 106 92 31 93 104 93 105 93 34 94 103 94 104 94 33 80 102 80 103 80 35 79 101 79 102 79 25 78 100 78 101 78 9 95 99 95 100 95 8 96 98 96 99 96 11 75 97 75 98 75 10 74 96 74 97 74 36 97 95 97 96 97 12 72 94 72 95 72 2 71 93 71 94 71 1 98 92 98 93 98 45 69 91 69 92 69 44 99 90 99 91 99 47 100 89 100 90 100 46 101 88 101 89 101 48 102 87 102 88 102 3 103 86 103 87 103 55 104 85 104 86 104 37 105 84 105 85 105 14 106 83 106 84 106 13 107 82 107 83 107 38 108 81 108 82 108 15 109 80 109 81 109 5 110 79 110 80 110 4 111 78 111 79 111 49 112 77 112 78 112 17 113 76 113 77 113 16 114 75 114 76 114 39 115 74 115 75 115 52 116 73 116 74 116 51 50 72 50 73 50 19 49 71 49 72 49 18 117 70 117 71 117 21 47 69 47 70 47 20 46 68 46 69 46 40 118 67 118 68 118 22 119 66 119 67 119 7 43 65 43 66 43 6 42 64 42 65 42 50 120 63 120 64 120 24 121 62 121 63 121 23 122 61 122 62 122 41 123 60 123 61 123 53 124 59 124 60 124 0 36 58 36 59 36 27 125 57 125 58 125 26 126 56 126 57 126 29 127 111 127 56 127 112 128 97 128 96 128 113 129 89 129 88 129 114 130 95 130 94 130 115 131 116 131 96 131 96 132 116 132 112 132 117 133 88 133 87 133 88 134 117 134 113 134 118 7 119 7 90 7 120 135 91 135 90 135 121 136 92 136 91 136 94 137 122 137 114 137 112 138 123 138 98 138 124 139 68 139 67 139 125 140 126 140 71 140 113 7 118 7 89 7 90 141 119 141 120 141 91 142 120 142 121 142 127 7 128 7 93 7 122 143 94 143 93 143 96 7 95 7 115 7 129 144 99 144 98 144 130 7 131 7 56 7 67 145 132 145 124 145 67 146 133 146 134 146 71 147 135 147 136 147 71 7 70 7 125 7 137 148 86 148 85 148 90 149 89 149 118 149 93 7 92 7 127 7 114 150 115 150 95 150 98 151 123 151 129 151 138 152 139 152 100 152 140 7 141 7 103 7 142 153 143 153 110 153 144 7 111 7 110 7 111 7 144 7 130 7 131 7 145 7 57 7 146 7 147 7 59 7 147 154 148 154 60 154 149 155 61 155 60 155 150 156 151 156 62 156 152 7 83 7 82 7 134 7 132 7 67 7 67 157 153 157 154 157 136 7 155 7 71 7 70 158 156 158 125 158 157 7 158 7 84 7 159 159 85 159 84 159 85 160 159 160 137 160 160 7 161 7 87 7 121 7 127 7 92 7 98 7 97 7 112 7 99 161 129 161 138 161 139 7 162 7 101 7 163 162 102 162 101 162 102 163 163 163 140 163 141 7 164 7 104 7 165 164 105 164 104 164 166 165 167 165 106 165 168 166 142 166 109 166 110 7 143 7 144 7 57 7 56 7 131 7 169 167 58 167 57 167 58 168 169 168 146 168 60 169 148 169 149 169 61 170 149 170 150 170 151 171 63 171 62 171 151 172 65 172 64 172 170 173 77 173 76 173 171 174 172 174 78 174 173 175 79 175 78 175 174 7 82 7 81 7 82 7 174 7 152 7 154 7 133 7 67 7 67 176 175 176 176 176 67 177 151 177 175 177 71 178 178 178 179 178 126 7 135 7 71 7 84 179 158 179 159 179 87 180 86 180 160 180 93 181 128 181 122 181 101 182 100 182 139 182 103 7 102 7 140 7 104 183 164 183 165 183 105 184 165 184 166 184 167 185 180 185 107 185 181 186 108 186 107 186 108 187 181 187 168 187 56 7 111 7 130 7 59 7 58 7 146 7 62 7 61 7 150 7 64 188 63 188 151 188 182 189 75 189 74 189 76 190 182 190 170 190 78 191 172 191 173 191 183 192 80 192 79 192 184 193 185 193 81 193 152 7 157 7 83 7 176 194 153 194 67 194 155 195 178 195 71 195 137 196 160 196 86 196 100 7 99 7 138 7 104 197 103 197 141 197 107 198 106 198 167 198 109 199 108 199 168 199 57 200 145 200 169 200 151 201 67 201 66 201 76 202 75 202 182 202 78 7 77 7 171 7 79 203 173 203 183 203 81 7 185 7 174 7 186 7 187 7 69 7 156 204 70 204 69 204 179 205 177 205 71 205 87 206 161 206 117 206 106 7 105 7 166 7 110 207 109 207 142 207 66 208 65 208 151 208 170 7 171 7 77 7 81 209 80 209 184 209 69 7 68 7 186 7 177 210 182 210 71 210 101 211 162 211 163 211 60 212 59 212 147 212 182 213 73 213 72 213 183 214 184 214 80 214 69 215 187 215 156 215 107 7 180 7 181 7 74 216 73 216 182 216 84 7 83 7 157 7 124 217 186 217 68 217 72 218 71 218 182 218 188 219 189 219 306 219 188 220 170 220 189 220 170 221 182 221 189 221 170 222 188 222 190 222 171 223 190 223 191 223 172 224 191 224 192 224 173 225 192 225 193 225 183 226 193 226 194 226 184 227 194 227 195 227 185 228 195 228 196 228 174 229 196 229 197 229 152 230 197 230 198 230 158 231 157 231 198 231 159 232 158 232 199 232 137 233 159 233 200 233 160 234 137 234 201 234 161 235 160 235 202 235 117 236 161 236 203 236 113 237 117 237 204 237 118 238 113 238 205 238 119 239 118 239 206 239 120 240 119 240 207 240 121 241 120 241 208 241 127 242 121 242 209 242 128 243 127 243 210 243 122 244 128 244 211 244 114 245 122 245 212 245 115 246 114 246 213 246 116 247 115 247 214 247 112 248 116 248 215 248 215 249 216 249 112 249 214 250 215 250 116 250 213 251 214 251 115 251 212 252 213 252 114 252 211 253 212 253 122 253 210 254 211 254 128 254 209 255 210 255 127 255 208 256 209 256 121 256 207 257 208 257 120 257 206 258 207 258 119 258 205 259 206 259 118 259 204 260 205 260 113 260 203 261 204 261 117 261 202 262 203 262 161 262 201 263 202 263 160 263 200 264 201 264 137 264 199 265 200 265 159 265 198 266 199 266 158 266 198 267 157 267 152 267 197 268 152 268 174 268 196 269 174 269 185 269 195 270 185 270 184 270 194 271 184 271 183 271 193 272 183 272 173 272 192 273 173 273 172 273 191 274 172 274 171 274 190 275 171 275 170 275 112 276 216 276 217 276 123 277 217 277 218 277 129 278 218 278 219 278 138 279 219 279 220 279 139 280 220 280 221 280 162 281 221 281 222 281 163 282 222 282 223 282 140 283 223 283 224 283 141 284 224 284 225 284 164 285 225 285 226 285 165 286 226 286 227 286 166 287 227 287 228 287 167 288 228 288 229 288 180 289 229 289 230 289 181 290 230 290 231 290 168 291 231 291 232 291 142 292 232 292 233 292 143 293 233 293 234 293 130 294 144 294 234 294 131 295 130 295 235 295 145 296 131 296 236 296 169 297 145 297 237 297 146 298 169 298 238 298 147 299 146 299 239 299 148 300 147 300 240 300 149 301 148 301 241 301 150 302 149 302 242 302 243 303 150 303 244 303 243 304 151 304 150 304 242 305 244 305 150 305 241 306 242 306 149 306 240 307 241 307 148 307 239 308 240 308 147 308 238 309 239 309 146 309 237 310 238 310 169 310 236 311 237 311 145 311 235 312 236 312 131 312 234 313 235 313 130 313 234 314 144 314 143 314 233 315 143 315 142 315 232 316 142 316 168 316 231 317 168 317 181 317 230 318 181 318 180 318 229 319 180 319 167 319 228 320 167 320 166 320 227 321 166 321 165 321 226 322 165 322 164 322 225 323 164 323 141 323 224 324 141 324 140 324 223 325 140 325 163 325 222 326 163 326 162 326 221 327 162 327 139 327 220 328 139 328 138 328 219 329 138 329 129 329 218 330 129 330 123 330 217 331 123 331 112 331 247 332 246 332 248 332 250 333 251 333 249 333 250 334 248 334 253 334 254 335 255 335 251 335 255 336 256 336 252 336 256 337 257 337 258 337 254 338 253 338 259 338 260 339 259 339 261 339 260 340 262 340 255 340 256 341 263 341 257 341 262 342 266 342 256 342 263 343 267 343 264 343 265 344 261 344 268 344 266 345 269 345 263 345 271 346 268 346 272 346 271 347 273 347 262 347 267 348 274 348 270 348 273 349 277 349 266 349 269 350 278 350 267 350 277 351 280 351 269 351 274 352 281 352 275 352 281 353 282 353 308 353 282 354 283 354 307 354 278 355 285 355 274 355 281 356 286 356 282 356 284 357 287 357 277 357 280 358 288 358 278 358 287 359 290 359 280 359 285 360 291 360 281 360 286 361 292 361 283 361 295 362 296 362 285 362 291 363 297 363 286 363 292 364 298 364 289 364 298 365 299 365 293 365 299 366 300 366 294 366 300 367 301 367 179 367 297 368 303 368 292 368 301 369 189 369 177 369 299 370 304 370 300 370 304 371 306 371 301 371 283 372 289 372 307 372 307 373 308 373 282 373 270 374 264 374 267 374 257 375 264 375 258 375 252 376 249 376 251 376 245 377 247 377 249 377 279 378 276 378 309 378 273 379 279 379 309 379 290 380 295 380 288 380 296 381 302 381 291 381 303 382 305 382 298 382 309 383 284 383 273 383 258 384 252 384 256 384 293 385 307 385 289 385 177 386 179 386 301 386 189 387 301 387 306 387 304 388 299 388 305 388 299 389 298 389 305 389 301 390 300 390 304 390 303 391 297 391 302 391 177 392 189 392 182 392 298 393 292 393 303 393 297 394 291 394 302 394 179 395 294 395 300 395 294 396 293 396 299 396 293 397 289 397 298 397 292 398 286 398 297 398 291 399 285 399 296 399 285 400 288 400 295 400 289 401 283 401 292 401 286 402 281 402 291 402 288 403 280 403 290 403 285 404 278 404 288 404 280 405 277 405 287 405 283 406 282 406 286 406 281 407 274 407 285 407 277 408 273 408 284 408 308 409 275 409 281 409 278 410 269 410 280 410 273 411 276 411 279 411 274 412 267 412 278 412 269 413 266 413 277 413 273 414 271 414 276 414 272 415 276 415 271 415 275 416 270 416 274 416 266 417 262 417 273 417 262 418 265 418 271 418 268 419 271 419 265 419 267 420 263 420 269 420 263 421 256 421 266 421 262 422 260 422 265 422 261 423 265 423 260 423 264 424 257 424 263 424 256 425 255 425 262 425 255 426 254 426 260 426 259 427 260 427 254 427 252 428 251 428 255 428 251 429 250 429 254 429 253 430 254 430 250 430 249 431 247 431 250 431 248 432 250 432 247 432 246 433 247 433 245 433 133 434 154 434 310 434 134 435 133 435 311 435 132 436 134 436 312 436 124 437 132 437 313 437 186 438 124 438 314 438 187 439 186 439 315 439 187 440 316 440 317 440 156 441 317 441 318 441 125 442 318 442 319 442 126 443 319 443 320 443 135 444 320 444 321 444 136 445 321 445 322 445 155 446 322 446 178 446 322 447 155 447 136 447 321 448 136 448 135 448 320 449 135 449 126 449 319 450 126 450 125 450 318 451 125 451 156 451 317 452 156 452 187 452 315 453 316 453 187 453 314 454 315 454 186 454 313 455 314 455 124 455 312 456 313 456 132 456 311 457 312 457 134 457 310 458 311 458 133 458 153 459 310 459 154 459 258 460 264 460 324 460 324 461 264 461 270 461 258 462 324 462 626 462 626 463 249 463 252 463 626 464 252 464 258 464 249 465 626 465 323 465 323 466 245 466 249 466 321 467 270 467 275 467 245 468 323 468 246 468 321 469 275 469 308 469 325 470 320 470 319 470 322 471 293 471 294 471 324 472 270 472 320 472 308 473 307 473 321 473 294 474 178 474 322 474 325 475 324 475 320 475 270 476 321 476 320 476 294 477 179 477 178 477 322 478 307 478 293 478 307 479 322 479 321 479 325 480 318 480 317 480 317 481 326 481 325 481 325 482 319 482 318 482 317 483 316 483 326 483 327 484 329 484 328 484 331 485 332 485 329 485 329 486 332 486 333 486 334 487 335 487 331 487 336 488 337 488 334 488 335 489 339 489 332 489 332 490 339 490 340 490 1055 491 340 491 339 491 336 492 343 492 337 492 343 493 344 493 335 493 344 494 345 494 339 494 339 495 345 495 1055 495 342 496 347 496 336 496 343 497 348 497 344 497 348 498 349 498 345 498 345 499 349 499 350 499 351 500 352 500 346 500 352 501 353 501 342 501 347 502 354 502 343 502 353 503 356 503 347 503 348 504 357 504 349 504 349 505 357 505 358 505 354 506 360 506 348 506 359 507 361 507 355 507 361 508 362 508 351 508 362 509 363 509 352 509 363 510 365 510 353 510 356 511 366 511 354 511 364 512 368 512 359 512 365 513 369 513 356 513 367 514 372 514 364 514 368 515 373 515 361 515 373 516 374 516 362 516 374 517 375 517 363 517 375 518 376 518 365 518 151 519 377 519 175 519 370 520 378 520 367 520 372 521 379 521 368 521 371 522 380 522 370 522 377 523 381 523 371 523 378 524 382 524 372 524 371 525 176 525 175 525 382 526 379 526 372 526 379 527 374 527 373 527 365 528 376 528 369 528 383 529 357 529 360 529 383 530 358 530 357 530 330 531 329 531 327 531 331 532 330 532 384 532 384 533 385 533 334 533 336 534 385 534 341 534 342 535 341 535 346 535 355 536 387 536 388 536 388 537 389 537 359 537 389 538 364 538 359 538 367 539 389 539 390 539 370 540 390 540 176 540 386 541 387 541 351 541 381 542 377 542 243 542 380 543 371 543 381 543 378 544 370 544 380 544 377 545 151 545 243 545 373 546 368 546 379 546 372 547 367 547 378 547 371 548 175 548 377 548 365 549 363 549 375 549 363 550 362 550 374 550 362 551 361 551 373 551 368 552 364 552 372 552 370 553 176 553 371 553 367 554 390 554 370 554 366 555 356 555 369 555 361 556 359 556 368 556 364 557 389 557 367 557 360 558 354 558 366 558 356 559 353 559 365 559 353 560 352 560 363 560 352 561 351 561 362 561 351 562 355 562 361 562 357 563 348 563 360 563 355 564 388 564 359 564 354 565 347 565 356 565 351 566 387 566 355 566 348 567 343 567 354 567 347 568 342 568 353 568 358 569 350 569 349 569 342 570 346 570 352 570 346 571 386 571 351 571 345 572 344 572 348 572 350 573 1055 573 345 573 343 574 336 574 347 574 339 575 335 575 344 575 335 576 337 576 343 576 336 577 341 577 342 577 340 578 338 578 332 578 335 579 334 579 337 579 334 580 385 580 336 580 338 581 333 581 332 581 332 582 331 582 335 582 331 583 384 583 334 583 329 584 330 584 331 584 333 585 328 585 329 585 341 586 385 586 391 586 385 587 384 587 392 587 346 588 341 588 391 588 384 589 330 589 393 589 392 590 391 590 385 590 330 591 327 591 393 591 393 592 392 592 384 592 328 593 393 593 327 593 312 594 311 594 387 594 310 595 153 595 390 595 387 596 386 596 312 596 312 597 391 597 394 597 312 598 346 598 391 598 153 599 176 599 390 599 388 600 387 600 311 600 311 601 389 601 388 601 311 602 310 602 389 602 390 603 389 603 310 603 386 604 346 604 312 604 313 605 312 605 394 605 315 606 314 606 394 606 314 607 313 607 394 607 394 608 326 608 315 608 326 609 316 609 315 609 397 610 295 610 290 610 215 611 398 611 396 611 395 612 397 612 290 612 296 613 295 613 397 613 396 614 216 614 215 614 290 615 287 615 395 615 399 616 199 616 198 616 287 617 284 617 395 617 302 618 296 618 397 618 398 619 215 619 214 619 399 620 400 620 199 620 401 621 303 621 302 621 214 622 402 622 398 622 201 623 200 623 400 623 400 624 200 624 199 624 284 625 309 625 395 625 402 626 214 626 213 626 302 627 397 627 401 627 190 628 403 628 404 628 213 629 405 629 402 629 202 630 201 630 406 630 400 631 406 631 201 631 305 632 303 632 401 632 405 633 213 633 212 633 194 634 193 634 407 634 190 635 408 635 403 635 408 636 190 636 188 636 211 637 409 637 405 637 203 638 202 638 410 638 406 639 410 639 202 639 401 640 411 640 305 640 304 641 305 641 411 641 188 642 306 642 408 642 405 643 212 643 211 643 193 644 192 644 416 644 412 645 408 645 306 645 210 646 413 646 409 646 204 647 203 647 414 647 306 648 304 648 421 648 194 649 407 649 415 649 416 650 407 650 193 650 192 651 404 651 416 651 404 652 191 652 190 652 409 653 211 653 210 653 206 654 205 654 417 654 410 655 414 655 203 655 197 656 196 656 418 656 195 657 194 657 415 657 404 658 192 658 191 658 209 659 419 659 413 659 205 660 204 660 420 660 411 661 421 661 304 661 306 662 421 662 412 662 413 663 210 663 209 663 205 664 420 664 417 664 414 665 420 665 204 665 422 666 418 666 196 666 415 667 422 667 195 667 208 668 423 668 419 668 207 669 206 669 424 669 419 670 209 670 208 670 207 671 424 671 423 671 417 672 424 672 206 672 422 673 196 673 195 673 198 674 197 674 418 674 423 675 208 675 207 675 418 676 399 676 198 676 426 677 425 677 396 677 398 678 427 678 426 678 427 679 398 679 402 679 402 680 428 680 427 680 402 681 405 681 428 681 429 682 428 682 405 682 405 683 409 683 430 683 431 684 430 684 409 684 409 685 413 685 431 685 431 686 413 686 419 686 419 687 432 687 431 687 419 688 423 688 433 688 434 689 433 689 423 689 434 690 424 690 417 690 417 691 435 691 434 691 417 692 420 692 436 692 437 693 436 693 420 693 437 694 414 694 410 694 410 695 438 695 437 695 410 696 406 696 439 696 406 697 400 697 440 697 400 698 399 698 442 698 399 699 418 699 443 699 443 700 442 700 399 700 443 701 418 701 444 701 442 702 441 702 400 702 441 703 440 703 400 703 440 704 439 704 406 704 439 705 438 705 410 705 420 706 414 706 437 706 436 707 435 707 417 707 423 708 424 708 434 708 433 709 432 709 419 709 430 710 429 710 405 710 396 711 398 711 426 711 445 712 446 712 447 712 447 713 448 713 445 713 446 714 445 714 452 714 453 715 452 715 445 715 448 716 449 716 450 716 452 717 453 717 454 717 454 718 457 718 456 718 456 719 451 719 454 719 449 720 459 720 460 720 450 721 460 721 461 721 460 722 459 722 462 722 459 723 463 723 462 723 461 724 460 724 464 724 460 725 462 725 464 725 461 726 464 726 465 726 457 727 454 727 458 727 458 728 466 728 457 728 453 729 461 729 458 729 468 730 469 730 470 730 412 731 471 731 467 731 471 732 470 732 469 732 467 733 473 733 472 733 404 734 403 734 474 734 476 735 448 735 474 735 475 736 474 736 448 736 476 737 472 737 449 737 472 738 473 738 449 738 469 739 468 739 477 739 467 740 469 740 473 740 468 741 478 741 477 741 473 742 477 742 459 742 473 743 459 743 449 743 479 744 444 744 418 744 418 745 422 745 479 745 422 746 415 746 480 746 475 747 481 747 416 747 481 748 475 748 447 748 482 749 483 749 484 749 484 750 444 750 482 750 480 751 415 751 446 751 446 752 415 752 481 752 480 753 485 753 482 753 446 754 485 754 480 754 484 755 483 755 486 755 483 756 482 756 485 756 485 757 489 757 487 757 487 758 483 758 485 758 483 759 487 759 486 759 485 760 488 760 489 760 451 761 455 761 488 761 407 762 416 762 481 762 404 763 474 763 475 763 472 764 476 764 408 764 470 765 471 765 421 765 490 766 470 766 411 766 492 767 466 767 458 767 465 768 492 768 458 768 479 769 482 769 444 769 478 770 468 770 490 770 491 771 490 771 411 771 421 772 411 772 470 772 412 773 421 773 471 773 408 774 412 774 472 774 403 775 408 775 476 775 416 776 404 776 475 776 452 777 451 777 488 777 452 778 488 778 485 778 447 779 446 779 481 779 446 780 452 780 485 780 482 781 479 781 480 781 481 782 415 782 407 782 480 783 479 783 422 783 463 784 459 784 477 784 477 785 473 785 469 785 449 786 448 786 476 786 448 787 447 787 475 787 476 788 474 788 403 788 469 789 467 789 471 789 470 790 490 790 468 790 467 791 472 791 412 791 465 792 458 792 461 792 461 793 453 793 450 793 460 794 450 794 449 794 458 795 454 795 453 795 451 796 456 796 455 796 454 797 451 797 452 797 450 798 445 798 448 798 445 799 450 799 453 799 495 800 496 800 497 800 500 801 501 801 502 801 505 802 493 802 508 802 493 803 510 803 494 803 509 804 507 804 510 804 506 805 512 805 507 805 503 806 504 806 512 806 513 807 506 807 509 807 501 808 493 808 505 808 514 809 509 809 493 809 515 810 511 810 506 810 515 811 503 811 511 811 517 812 518 812 519 812 520 813 521 813 504 813 522 814 499 814 518 814 523 815 517 815 519 815 516 816 520 816 503 816 524 817 519 817 520 817 525 818 522 818 517 818 526 819 516 819 515 819 527 820 513 820 514 820 528 821 514 821 501 821 529 822 515 822 513 822 531 823 527 823 528 823 532 824 523 824 524 824 533 825 524 825 516 825 535 826 525 826 523 826 536 827 537 827 525 827 539 828 540 828 538 828 537 829 498 829 522 829 545 830 619 830 541 830 545 831 541 831 546 831 546 832 542 832 543 832 537 833 543 833 498 833 547 834 539 834 544 834 547 835 540 835 539 835 550 836 551 836 538 836 550 837 549 837 551 837 548 838 553 838 549 838 554 839 548 839 550 839 555 840 550 840 540 840 556 841 552 841 548 841 558 842 545 842 546 842 559 843 546 843 537 843 560 844 544 844 545 844 560 845 547 845 544 845 557 846 555 846 547 846 562 847 554 847 555 847 561 848 556 848 554 848 567 849 566 849 570 849 571 850 572 850 573 850 574 851 575 851 576 851 577 852 578 852 574 852 572 853 578 853 577 853 575 854 579 854 580 854 565 855 566 855 581 855 583 856 582 856 568 856 582 857 584 857 569 857 584 858 585 858 572 858 585 859 587 859 578 859 579 860 589 860 590 860 592 861 595 861 596 861 598 862 599 862 597 862 595 863 597 863 599 863 579 864 600 864 601 864 601 865 589 865 579 865 603 866 564 866 604 866 605 867 606 867 582 867 564 868 583 868 565 868 606 869 607 869 584 869 609 870 605 870 564 870 607 871 610 871 585 871 587 872 611 872 586 872 610 873 612 873 587 873 611 874 600 874 588 874 613 875 614 875 610 875 616 876 609 876 603 876 615 877 608 877 609 877 615 878 613 878 607 878 510 879 616 879 602 879 507 880 615 880 616 880 512 881 613 881 615 881 504 882 614 882 613 882 617 883 518 883 611 883 614 884 617 884 612 884 518 885 499 885 600 885 521 886 617 886 614 886 499 887 543 887 601 887 593 888 618 888 541 888 541 889 594 889 593 889 589 890 601 890 618 890 618 891 593 891 589 891 619 892 591 892 594 892 538 893 551 893 592 893 551 894 549 894 595 894 549 895 553 895 597 895 498 896 543 896 499 896 543 897 542 897 618 897 619 898 539 898 591 898 620 899 598 899 553 899 621 900 496 900 325 900 496 901 622 901 623 901 622 902 624 902 625 902 478 903 627 903 628 903 630 904 627 904 491 904 629 905 628 905 627 905 631 906 629 906 630 906 634 907 462 907 463 907 634 908 463 908 477 908 635 909 464 909 462 909 567 910 492 910 465 910 632 911 633 911 629 911 633 912 634 912 628 912 638 913 635 913 634 913 639 914 638 914 633 914 640 915 637 915 638 915 637 916 636 916 635 916 581 917 567 917 636 917 641 918 581 918 637 918 644 919 631 919 397 919 643 920 632 920 631 920 647 921 645 921 644 921 648 922 646 922 276 922 649 923 647 923 646 923 645 924 642 924 643 924 642 925 639 925 632 925 651 926 640 926 639 926 652 927 651 927 642 927 653 928 650 928 651 928 650 929 641 929 640 929 604 930 565 930 641 930 654 931 604 931 650 931 656 932 652 932 645 932 655 933 653 933 652 933 657 934 656 934 647 934 658 935 655 935 656 935 659 936 654 936 653 936 602 937 603 937 654 937 660 938 659 938 655 938 494 939 602 939 659 939 495 940 497 940 663 940 663 941 664 941 495 941 323 942 626 942 665 942 622 943 666 943 624 943 496 944 495 944 666 944 666 945 622 945 496 945 626 946 624 946 667 946 495 947 668 947 666 947 668 948 667 948 624 948 669 949 670 949 246 949 670 950 671 950 248 950 671 951 672 951 253 951 661 952 662 952 664 952 664 953 674 953 495 953 668 954 675 954 667 954 675 955 673 955 665 955 674 956 676 956 668 956 676 957 677 957 675 957 677 958 678 958 673 958 673 959 679 959 669 959 679 960 680 960 670 960 680 961 681 961 671 961 681 962 682 962 672 962 686 963 648 963 684 963 687 964 649 964 648 964 688 965 268 965 261 965 683 966 657 966 649 966 691 967 658 967 657 967 689 968 660 968 658 968 508 969 494 969 660 969 692 970 508 970 689 970 687 971 693 971 683 971 672 972 688 972 261 972 688 973 694 973 685 973 694 974 695 974 686 974 695 975 696 975 686 975 697 976 698 976 691 976 693 977 697 977 690 977 502 978 505 978 692 978 700 979 699 979 661 979 661 980 701 980 662 980 702 981 703 981 676 981 699 982 702 982 701 982 703 983 704 983 677 983 704 984 705 984 678 984 678 985 706 985 679 985 705 986 708 986 706 986 708 987 707 987 680 987 707 988 709 988 681 988 709 989 710 989 682 989 696 990 711 990 693 990 713 991 712 991 688 991 682 992 713 992 688 992 712 993 714 993 694 993 715 994 716 994 696 994 714 995 715 995 695 995 711 996 717 996 697 996 698 997 502 997 692 997 710 998 718 998 713 998 718 999 714 999 712 999 717 1000 719 1000 698 1000 719 1001 720 1001 698 1001 272 1002 684 1002 276 1002 272 1003 268 1003 685 1003 246 1004 323 1004 669 1004 626 1005 324 1005 625 1005 622 1006 625 1006 324 1006 324 1007 623 1007 622 1007 324 1008 325 1008 623 1008 326 1009 621 1009 325 1009 699 1010 721 1010 722 1010 702 1011 699 1011 722 1011 722 1012 723 1012 702 1012 723 1013 703 1013 702 1013 723 1014 704 1014 703 1014 724 1015 705 1015 704 1015 724 1016 725 1016 705 1016 708 1017 705 1017 725 1017 725 1018 707 1018 708 1018 707 1019 725 1019 726 1019 726 1020 709 1020 707 1020 727 1021 710 1021 709 1021 727 1022 718 1022 710 1022 714 1023 718 1023 728 1023 728 1024 715 1024 714 1024 716 1025 715 1025 728 1025 716 1026 728 1026 729 1026 729 1027 711 1027 716 1027 711 1028 729 1028 730 1028 730 1029 717 1029 711 1029 719 1030 717 1030 731 1030 528 1031 500 1031 732 1031 531 1032 528 1032 733 1032 529 1033 530 1033 734 1033 526 1034 529 1034 735 1034 526 1035 735 1035 736 1035 736 1036 534 1036 526 1036 534 1037 736 1037 737 1037 737 1038 533 1038 534 1038 533 1039 737 1039 738 1039 532 1040 738 1040 739 1040 739 1041 535 1041 532 1041 535 1042 739 1042 536 1042 536 1043 739 1043 740 1043 559 1044 740 1044 741 1044 558 1045 741 1045 742 1045 742 1046 560 1046 558 1046 557 1047 560 1047 743 1047 560 1048 742 1048 743 1048 557 1049 743 1049 744 1049 562 1050 744 1050 745 1050 561 1051 745 1051 746 1051 563 1052 746 1052 747 1052 598 1053 772 1053 599 1053 596 1054 599 1054 748 1054 596 1055 749 1055 592 1055 591 1056 592 1056 749 1056 594 1057 591 1057 750 1057 593 1058 594 1058 751 1058 590 1059 593 1059 752 1059 590 1060 753 1060 580 1060 753 1061 754 1061 580 1061 576 1062 580 1062 754 1062 576 1063 755 1063 574 1063 577 1064 574 1064 755 1064 756 1065 569 1065 571 1065 756 1066 757 1066 569 1066 569 1067 757 1067 758 1067 758 1068 568 1068 569 1068 568 1069 758 1069 570 1069 636 1070 465 1070 464 1070 627 1071 478 1071 490 1071 490 1072 491 1072 627 1072 401 1073 630 1073 491 1073 630 1074 401 1074 397 1074 646 1075 309 1075 276 1075 644 1076 395 1076 309 1076 309 1077 646 1077 644 1077 411 1078 401 1078 491 1078 573 1079 756 1079 571 1079 580 1080 579 1080 590 1080 752 1081 753 1081 590 1081 751 1082 752 1082 593 1082 750 1083 751 1083 594 1083 749 1084 750 1084 591 1084 746 1085 563 1085 561 1085 745 1086 561 1086 562 1086 744 1087 562 1087 557 1087 741 1088 558 1088 559 1088 740 1089 559 1089 536 1089 738 1090 532 1090 533 1090 734 1091 735 1091 529 1091 531 1092 734 1092 530 1092 732 1093 733 1093 528 1093 720 1094 732 1094 500 1094 730 1095 731 1095 717 1095 726 1096 727 1096 709 1096 723 1097 724 1097 704 1097 272 1098 685 1098 684 1098 500 1099 502 1099 720 1099 502 1100 698 1100 720 1100 712 1101 713 1101 718 1101 697 1102 693 1102 711 1102 698 1103 697 1103 717 1103 695 1104 694 1104 714 1104 696 1105 695 1105 715 1105 713 1106 682 1106 710 1106 694 1107 688 1107 712 1107 696 1108 716 1108 711 1108 682 1109 681 1109 709 1109 681 1110 680 1110 707 1110 680 1111 706 1111 708 1111 706 1112 678 1112 705 1112 680 1113 679 1113 706 1113 678 1114 677 1114 704 1114 677 1115 676 1115 703 1115 676 1116 701 1116 702 1116 701 1117 661 1117 699 1117 676 1118 674 1118 701 1118 674 1119 662 1119 701 1119 699 1120 700 1120 721 1120 692 1121 691 1121 698 1121 691 1122 690 1122 697 1122 690 1123 683 1123 693 1123 687 1124 686 1124 696 1124 688 1125 672 1125 682 1125 686 1126 684 1126 694 1126 684 1127 685 1127 694 1127 687 1128 696 1128 693 1128 508 1129 692 1129 505 1129 689 1130 691 1130 692 1130 660 1131 689 1131 508 1131 657 1132 690 1132 691 1132 657 1133 683 1133 690 1133 658 1134 691 1134 689 1134 268 1135 688 1135 685 1135 261 1136 259 1136 672 1136 648 1137 686 1137 687 1137 259 1138 253 1138 672 1138 649 1139 687 1139 683 1139 672 1140 671 1140 681 1140 671 1141 670 1141 680 1141 679 1142 673 1142 678 1142 670 1143 669 1143 679 1143 669 1144 665 1144 673 1144 673 1145 675 1145 677 1145 675 1146 668 1146 676 1146 674 1147 664 1147 662 1147 665 1148 667 1148 675 1148 668 1149 495 1149 674 1149 664 1150 663 1150 661 1150 253 1151 248 1151 671 1151 248 1152 246 1152 670 1152 624 1153 666 1153 668 1153 667 1154 665 1154 626 1154 665 1155 669 1155 323 1155 659 1156 660 1156 494 1156 655 1157 658 1157 660 1157 654 1158 659 1158 602 1158 653 1159 655 1159 659 1159 656 1160 657 1160 658 1160 647 1161 649 1161 657 1161 652 1162 656 1162 655 1162 645 1163 647 1163 656 1163 604 1164 654 1164 603 1164 650 1165 653 1165 654 1165 641 1166 650 1166 604 1166 651 1167 652 1167 653 1167 642 1168 645 1168 652 1168 639 1169 642 1169 651 1169 640 1170 651 1170 650 1170 646 1171 648 1171 649 1171 276 1172 684 1172 648 1172 644 1173 646 1173 647 1173 643 1174 644 1174 645 1174 397 1175 395 1175 644 1175 631 1176 644 1176 643 1176 632 1177 643 1177 642 1177 581 1178 641 1178 565 1178 637 1179 640 1179 641 1179 636 1180 637 1180 581 1180 638 1181 639 1181 640 1181 633 1182 632 1182 639 1182 634 1183 633 1183 638 1183 635 1184 638 1184 637 1184 465 1185 636 1185 567 1185 464 1186 635 1186 636 1186 462 1187 634 1187 635 1187 477 1188 628 1188 634 1188 628 1189 477 1189 478 1189 628 1190 629 1190 633 1190 629 1191 631 1191 632 1191 630 1192 397 1192 631 1192 627 1193 630 1193 629 1193 625 1194 624 1194 626 1194 623 1195 325 1195 496 1195 496 1196 621 1196 497 1196 618 1197 601 1197 543 1197 541 1198 618 1198 542 1198 538 1199 591 1199 539 1199 597 1200 595 1200 549 1200 598 1201 597 1201 553 1201 595 1202 592 1202 551 1202 592 1203 591 1203 538 1203 541 1204 619 1204 594 1204 601 1205 600 1205 499 1205 617 1206 521 1206 519 1206 614 1207 504 1207 521 1207 617 1208 519 1208 518 1208 600 1209 611 1209 518 1209 611 1210 612 1210 617 1210 612 1211 610 1211 614 1211 613 1212 512 1212 504 1212 615 1213 507 1213 512 1213 616 1214 510 1214 507 1214 602 1215 494 1215 510 1215 610 1216 607 1216 613 1216 607 1217 608 1217 615 1217 609 1218 616 1218 615 1218 603 1219 602 1219 616 1219 611 1220 587 1220 612 1220 587 1221 585 1221 610 1221 588 1222 586 1222 611 1222 588 1223 600 1223 579 1223 607 1224 606 1224 608 1224 605 1225 609 1225 608 1225 564 1226 603 1226 609 1226 606 1227 605 1227 608 1227 585 1228 584 1228 607 1228 584 1229 582 1229 606 1229 582 1230 583 1230 605 1230 583 1231 564 1231 605 1231 599 1232 596 1232 595 1232 593 1233 590 1233 589 1233 579 1234 575 1234 588 1234 586 1235 578 1235 587 1235 578 1236 572 1236 585 1236 586 1237 588 1237 575 1237 578 1238 586 1238 574 1238 575 1239 574 1239 586 1239 566 1240 565 1240 583 1240 572 1241 571 1241 584 1241 571 1242 569 1242 584 1242 568 1243 566 1243 583 1243 569 1244 568 1244 582 1244 580 1245 576 1245 575 1245 577 1246 573 1246 572 1246 570 1247 492 1247 567 1247 568 1248 570 1248 566 1248 567 1249 581 1249 566 1249 565 1250 604 1250 564 1250 556 1251 561 1251 563 1251 555 1252 557 1252 562 1252 554 1253 562 1253 561 1253 545 1254 558 1254 560 1254 537 1255 536 1255 559 1255 546 1256 559 1256 558 1256 547 1257 560 1257 557 1257 552 1258 556 1258 563 1258 548 1259 554 1259 556 1259 550 1260 555 1260 554 1260 540 1261 547 1261 555 1261 552 1262 620 1262 553 1262 553 1263 548 1263 552 1263 538 1264 540 1264 550 1264 549 1265 550 1265 548 1265 543 1266 537 1266 546 1266 619 1267 545 1267 544 1267 619 1268 544 1268 539 1268 542 1269 546 1269 541 1269 522 1270 525 1270 537 1270 525 1271 535 1271 536 1271 523 1272 532 1272 535 1272 516 1273 526 1273 534 1273 516 1274 534 1274 533 1274 524 1275 533 1275 532 1275 527 1276 531 1276 530 1276 515 1277 529 1277 526 1277 513 1278 527 1278 530 1278 513 1279 530 1279 529 1279 514 1280 528 1280 527 1280 501 1281 500 1281 528 1281 517 1282 523 1282 525 1282 520 1283 516 1283 524 1283 519 1284 524 1284 523 1284 518 1285 517 1285 522 1285 521 1286 520 1286 519 1286 504 1287 503 1287 520 1287 503 1288 515 1288 516 1288 506 1289 513 1289 515 1289 493 1290 501 1290 514 1290 509 1291 514 1291 513 1291 512 1292 511 1292 503 1292 512 1293 506 1293 511 1293 510 1294 493 1294 509 1294 507 1295 509 1295 506 1295 505 1296 502 1296 501 1296 499 1297 522 1297 498 1297 494 1298 508 1298 493 1298 759 1299 760 1299 810 1299 766 1300 767 1300 768 1300 760 1301 766 1301 824 1301 596 1302 748 1302 769 1302 770 1303 596 1303 769 1303 765 1304 764 1304 750 1304 767 1305 766 1305 752 1305 753 1306 752 1306 766 1306 764 1307 767 1307 751 1307 770 1308 765 1308 749 1308 772 1309 748 1309 599 1309 466 1310 570 1310 457 1310 775 1311 776 1311 780 1311 457 1312 761 1312 456 1312 761 1313 777 1313 778 1313 777 1314 775 1314 778 1314 761 1315 457 1315 777 1315 776 1316 779 1316 780 1316 779 1317 773 1317 774 1317 775 1318 758 1318 757 1318 775 1319 757 1319 776 1319 457 1320 570 1320 777 1320 777 1321 758 1321 775 1321 777 1322 570 1322 758 1322 779 1323 757 1323 756 1323 779 1324 776 1324 757 1324 756 1325 773 1325 779 1325 756 1326 573 1326 773 1326 781 1327 782 1327 783 1327 784 1328 781 1328 785 1328 773 1329 784 1329 786 1329 755 1330 782 1330 781 1330 782 1331 759 1331 808 1331 754 1332 759 1332 782 1332 573 1333 577 1333 784 1333 577 1334 755 1334 781 1334 576 1335 754 1335 782 1335 755 1336 576 1336 782 1336 489 1337 488 1337 787 1337 487 1338 789 1338 790 1338 790 1339 486 1339 487 1339 789 1340 792 1340 791 1340 489 1341 787 1341 487 1341 787 1342 792 1342 789 1342 793 1343 794 1343 788 1343 801 1344 796 1344 795 1344 796 1345 798 1345 797 1345 788 1346 797 1346 798 1346 796 1347 797 1347 795 1347 799 1348 801 1348 795 1348 799 1349 762 1349 800 1349 802 1350 803 1350 799 1350 794 1351 802 1351 797 1351 803 1352 804 1352 762 1352 455 1353 761 1353 787 1353 778 1354 780 1354 793 1354 761 1355 778 1355 792 1355 805 1356 780 1356 774 1356 806 1357 807 1357 803 1357 805 1358 806 1358 794 1358 807 1359 808 1359 804 1359 785 1360 783 1360 807 1360 806 1361 786 1361 785 1361 774 1362 786 1362 806 1362 808 1363 810 1363 811 1363 804 1364 811 1364 813 1364 762 1365 813 1365 763 1365 813 1366 815 1366 812 1366 813 1367 811 1367 816 1367 813 1368 816 1368 815 1368 817 1369 818 1369 815 1369 815 1370 816 1370 817 1370 812 1371 819 1371 820 1371 819 1372 821 1372 820 1372 819 1373 812 1373 815 1373 821 1374 819 1374 809 1374 809 1375 819 1375 818 1375 817 1376 823 1376 818 1376 822 1377 818 1377 823 1377 824 1378 768 1378 817 1378 810 1379 824 1379 816 1379 768 1380 825 1380 823 1380 768 1381 764 1381 825 1381 828 1382 809 1382 822 1382 830 1383 828 1383 829 1383 829 1384 822 1384 823 1384 831 1385 829 1385 832 1385 836 1386 830 1386 831 1386 826 1387 834 1387 1438 1387 826 1388 827 1388 830 1388 834 1389 826 1389 836 1389 834 1390 839 1390 838 1390 839 1391 834 1391 837 1391 837 1392 840 1392 839 1392 840 1393 831 1393 833 1393 840 1394 842 1394 841 1394 765 1395 770 1395 825 1395 825 1396 764 1396 765 1396 825 1397 770 1397 832 1397 833 1398 832 1398 770 1398 842 1399 833 1399 769 1399 843 1400 842 1400 771 1400 466 1401 492 1401 570 1401 771 1402 772 1402 843 1402 769 1403 771 1403 842 1403 770 1404 769 1404 833 1404 832 1405 823 1405 825 1405 842 1406 843 1406 841 1406 833 1407 842 1407 840 1407 836 1408 837 1408 834 1408 838 1409 835 1409 834 1409 831 1410 840 1410 837 1410 831 1411 837 1411 836 1411 830 1412 836 1412 826 1412 835 1413 1438 1413 834 1413 832 1414 833 1414 831 1414 823 1415 832 1415 829 1415 829 1416 831 1416 830 1416 828 1417 830 1417 827 1417 822 1418 829 1418 828 1418 823 1419 817 1419 768 1419 816 1420 811 1420 810 1420 817 1421 816 1421 824 1421 818 1422 822 1422 809 1422 815 1423 818 1423 819 1423 812 1424 814 1424 813 1424 814 1425 763 1425 813 1425 813 1426 762 1426 804 1426 811 1427 804 1427 808 1427 808 1428 807 1428 783 1428 806 1429 805 1429 774 1429 807 1430 806 1430 785 1430 804 1431 803 1431 807 1431 802 1432 794 1432 806 1432 803 1433 802 1433 806 1433 805 1434 793 1434 780 1434 792 1435 787 1435 761 1435 793 1436 792 1436 778 1436 794 1437 793 1437 805 1437 787 1438 488 1438 455 1438 762 1439 799 1439 803 1439 795 1440 797 1440 802 1440 797 1441 788 1441 794 1441 799 1442 795 1442 802 1442 788 1443 791 1443 793 1443 791 1444 792 1444 793 1444 789 1445 487 1445 787 1445 781 1446 784 1446 577 1446 784 1447 773 1447 573 1447 808 1448 783 1448 782 1448 786 1449 774 1449 773 1449 785 1450 786 1450 784 1450 783 1451 785 1451 781 1451 774 1452 780 1452 779 1452 780 1453 778 1453 775 1453 596 1454 770 1454 749 1454 751 1455 750 1455 764 1455 753 1456 760 1456 759 1456 766 1457 760 1457 753 1457 752 1458 751 1458 767 1458 750 1459 749 1459 765 1459 771 1460 769 1460 748 1460 772 1461 771 1461 748 1461 764 1462 768 1462 767 1462 824 1463 810 1463 760 1463 768 1464 824 1464 766 1464 754 1465 753 1465 759 1465 761 1466 455 1466 456 1466 810 1467 808 1467 759 1467 845 1468 360 1468 366 1468 845 1469 366 1469 369 1469 217 1470 216 1470 396 1470 844 1471 376 1471 375 1471 369 1472 376 1472 844 1472 234 1473 233 1473 846 1473 233 1474 847 1474 846 1474 233 1475 232 1475 847 1475 218 1476 217 1476 848 1476 396 1477 848 1477 217 1477 849 1478 844 1478 374 1478 369 1479 844 1479 845 1479 379 1480 382 1480 849 1480 849 1481 374 1481 379 1481 231 1482 850 1482 847 1482 219 1483 218 1483 851 1483 845 1484 383 1484 360 1484 847 1485 232 1485 231 1485 848 1486 851 1486 218 1486 854 1487 852 1487 244 1487 242 1488 241 1488 859 1488 844 1489 375 1489 374 1489 220 1490 219 1490 853 1490 244 1491 242 1491 854 1491 859 1492 855 1492 242 1492 378 1493 861 1493 849 1493 850 1494 231 1494 230 1494 851 1495 853 1495 219 1495 849 1496 382 1496 378 1496 230 1497 857 1497 850 1497 221 1498 220 1498 858 1498 855 1499 854 1499 242 1499 240 1500 860 1500 859 1500 239 1501 856 1501 860 1501 856 1502 239 1502 238 1502 857 1503 230 1503 229 1503 853 1504 858 1504 220 1504 228 1505 864 1505 857 1505 222 1506 221 1506 858 1506 859 1507 241 1507 240 1507 862 1508 856 1508 238 1508 237 1509 865 1509 862 1509 863 1510 861 1510 380 1510 857 1511 229 1511 228 1511 862 1512 238 1512 237 1512 237 1513 236 1513 865 1513 236 1514 866 1514 865 1514 866 1515 236 1515 235 1515 863 1516 380 1516 381 1516 861 1517 378 1517 380 1517 226 1518 868 1518 867 1518 223 1519 222 1519 869 1519 858 1520 869 1520 222 1520 863 1521 381 1521 243 1521 864 1522 228 1522 227 1522 867 1523 227 1523 226 1523 860 1524 240 1524 239 1524 852 1525 863 1525 243 1525 867 1526 864 1526 227 1526 224 1527 223 1527 870 1527 869 1528 870 1528 223 1528 868 1529 226 1529 225 1529 225 1530 224 1530 871 1530 234 1531 846 1531 866 1531 871 1532 868 1532 225 1532 870 1533 871 1533 224 1533 866 1534 235 1534 234 1534 243 1535 244 1535 852 1535 497 1536 875 1536 874 1536 876 1537 877 1537 878 1537 881 1538 882 1538 883 1538 884 1539 880 1539 885 1539 886 1540 887 1540 888 1540 889 1541 885 1541 872 1541 882 1542 886 1542 890 1542 891 1543 892 1543 887 1543 892 1544 884 1544 889 1544 893 1545 891 1545 886 1545 894 1546 893 1546 882 1546 895 1547 896 1547 897 1547 896 1548 881 1548 898 1548 877 1549 895 1549 899 1549 900 1550 901 1550 896 1550 901 1551 894 1551 881 1551 902 1552 900 1552 895 1552 892 1553 905 1553 884 1553 905 1554 879 1554 884 1554 906 1555 904 1555 891 1555 903 1556 906 1556 893 1556 904 1557 907 1557 892 1557 907 1558 905 1558 892 1558 908 1559 909 1559 901 1559 909 1560 910 1560 894 1560 910 1561 903 1561 894 1561 911 1562 908 1562 900 1562 912 1563 911 1563 902 1563 913 1564 914 1564 915 1564 916 1565 902 1565 877 1565 917 1566 920 1566 918 1566 915 1567 921 1567 987 1567 920 1568 916 1568 919 1568 925 1569 914 1569 913 1569 923 1570 925 1570 926 1570 927 1571 923 1571 924 1571 928 1572 620 1572 552 1572 552 1573 927 1573 928 1573 925 1574 922 1574 914 1574 929 1575 930 1575 922 1575 931 1576 932 1576 920 1576 932 1577 912 1577 916 1577 930 1578 931 1578 921 1578 933 1579 934 1579 923 1579 934 1580 929 1580 925 1580 747 1581 933 1581 927 1581 747 1582 927 1582 563 1582 935 1583 936 1583 937 1583 938 1584 940 1584 944 1584 943 1585 944 1585 942 1585 941 1586 942 1586 946 1586 945 1587 946 1587 947 1587 948 1588 947 1588 951 1588 952 1589 950 1589 953 1589 955 1590 937 1590 938 1590 955 1591 943 1591 941 1591 954 1592 941 1592 945 1592 956 1593 945 1593 948 1593 958 1594 949 1594 952 1594 951 1595 949 1595 959 1595 949 1596 958 1596 959 1596 952 1597 961 1597 958 1597 957 1598 948 1598 959 1598 961 1599 952 1599 960 1599 968 1600 969 1600 967 1600 970 1601 964 1601 968 1601 967 1602 971 1602 598 1602 967 1603 969 1603 971 1603 960 1604 962 1604 972 1604 975 1605 935 1605 955 1605 975 1606 955 1606 954 1606 976 1607 954 1607 956 1607 977 1608 956 1608 957 1608 978 1609 975 1609 976 1609 979 1610 974 1610 935 1610 978 1611 979 1611 975 1611 978 1612 976 1612 977 1612 982 1613 959 1613 958 1613 960 1614 983 1614 961 1614 981 1615 958 1615 961 1615 980 1616 957 1616 982 1616 872 1617 873 1617 973 1617 985 1618 973 1618 974 1618 984 1619 985 1619 979 1619 984 1620 978 1620 977 1620 883 1621 977 1621 980 1621 890 1622 888 1622 984 1622 888 1623 872 1623 985 1623 883 1624 890 1624 984 1624 898 1625 980 1625 982 1625 897 1626 982 1626 981 1626 899 1627 981 1627 983 1627 878 1628 983 1628 972 1628 963 1629 970 1629 986 1629 965 1630 966 1630 917 1630 966 1631 987 1631 917 1631 962 1632 965 1632 988 1632 966 1633 963 1633 987 1633 963 1634 986 1634 987 1634 924 1635 968 1635 967 1635 913 1636 986 1636 970 1636 926 1637 970 1637 968 1637 928 1638 967 1638 598 1638 918 1639 988 1639 917 1639 919 1640 972 1640 988 1640 394 1641 875 1641 621 1641 497 1642 621 1642 875 1642 875 1643 394 1643 989 1643 392 1644 992 1644 991 1644 993 1645 1001 1645 994 1645 995 1646 996 1646 997 1646 998 1647 844 1647 996 1647 999 1648 998 1648 995 1648 1000 1649 995 1649 994 1649 1002 1650 994 1650 1001 1650 1004 1651 1002 1651 1005 1651 1006 1652 1004 1652 1007 1652 938 1653 1006 1653 1008 1653 1009 1654 1010 1654 1004 1654 1010 1655 1000 1655 1002 1655 1011 1656 999 1656 1000 1656 1012 1657 1011 1657 1010 1657 939 1658 1009 1658 1006 1658 1013 1659 1012 1659 1009 1659 937 1660 1013 1660 939 1660 1014 1661 1015 1661 999 1661 1015 1662 1016 1662 998 1662 1016 1663 845 1663 844 1663 1017 1664 1016 1664 1015 1664 1019 1665 1018 1665 1016 1665 1020 1666 1021 1666 1018 1666 1022 1667 1023 1667 1012 1667 1023 1668 1014 1668 1011 1668 1024 1669 1017 1669 1014 1669 1025 1670 1024 1670 1023 1670 936 1671 1022 1671 1013 1671 1026 1672 1025 1672 1022 1672 974 1673 1026 1673 936 1673 1028 1674 1020 1674 1019 1674 1029 1675 1019 1675 1017 1675 1027 1676 1029 1676 1024 1676 1030 1677 1028 1677 1029 1677 1031 1678 1030 1678 1027 1678 1032 1679 1027 1679 1025 1679 973 1680 1032 1680 1026 1680 873 1681 1031 1681 1032 1681 661 1682 1033 1682 700 1682 874 1683 1034 1683 663 1683 393 1684 1035 1684 1036 1684 1036 1685 392 1685 393 1685 875 1686 990 1686 1037 1686 392 1687 1036 1687 1038 1687 1038 1688 992 1688 392 1688 1039 1689 1037 1689 992 1689 1041 1690 328 1690 333 1690 1040 1691 333 1691 338 1691 661 1692 663 1692 1034 1692 1034 1693 874 1693 1039 1693 1043 1694 1038 1694 1036 1694 1044 1695 1034 1695 1039 1695 1045 1696 1039 1696 1043 1696 1046 1697 1036 1697 1035 1697 1050 1698 1041 1698 1040 1698 1049 1699 1040 1699 1047 1699 1051 1700 1052 1700 1020 1700 1047 1701 338 1701 340 1701 1052 1702 1053 1702 1021 1702 1047 1703 340 1703 1055 1703 1054 1704 1056 1704 350 1704 1031 1705 1057 1705 1030 1705 1058 1706 1051 1706 1028 1706 1057 1707 1058 1707 1030 1707 1059 1708 1057 1708 1031 1708 885 1709 1059 1709 873 1709 1051 1710 1060 1710 1052 1710 1060 1711 1061 1711 1052 1711 1063 1712 1054 1712 1053 1712 1064 1713 1053 1713 1052 1713 1062 1714 1047 1714 1056 1714 1060 1715 1051 1715 1058 1715 1065 1716 1058 1716 1057 1716 1066 1717 1057 1717 1059 1717 721 1718 700 1718 1067 1718 1068 1719 1042 1719 1046 1719 1069 1720 1044 1720 1045 1720 1070 1721 1033 1721 1044 1721 1071 1722 1045 1722 1042 1722 1067 1723 700 1723 1070 1723 1072 1724 1070 1724 1069 1724 1073 1725 1069 1725 1071 1725 1074 1726 1071 1726 1068 1726 1075 1727 1046 1727 1048 1727 1076 1728 1048 1728 1050 1728 1077 1729 1068 1729 1075 1729 1078 1730 1075 1730 1048 1730 1076 1731 1050 1731 1049 1731 1079 1732 1049 1732 1062 1732 1060 1733 1081 1733 1061 1733 1081 1734 1082 1734 1061 1734 1083 1735 1056 1735 1063 1735 1080 1736 1062 1736 1084 1736 1085 1737 1064 1737 1061 1737 1085 1738 1063 1738 1064 1738 1086 1739 1065 1739 1066 1739 1081 1740 1060 1740 1065 1740 1087 1741 1083 1741 1085 1741 1088 1742 1084 1742 1083 1742 1089 1743 1066 1743 880 1743 1089 1744 880 1744 879 1744 1054 1745 350 1745 358 1745 1021 1746 1054 1746 358 1746 1016 1747 1018 1747 383 1747 358 1748 383 1748 1018 1748 997 1749 996 1749 849 1749 997 1750 849 1750 861 1750 995 1751 1091 1751 993 1751 995 1752 997 1752 1091 1752 1006 1753 1007 1753 1143 1753 1008 1754 1092 1754 940 1754 942 1755 944 1755 1094 1755 1204 1756 1095 1756 949 1756 949 1757 1095 1757 950 1757 962 1758 960 1758 953 1758 953 1759 1096 1759 962 1759 1096 1760 1097 1760 962 1760 965 1761 1097 1761 1098 1761 966 1762 1098 1762 1099 1762 963 1763 1099 1763 1100 1763 969 1764 968 1764 964 1764 1100 1765 969 1765 964 1765 933 1766 747 1766 1101 1766 1101 1767 1102 1767 933 1767 934 1768 933 1768 1102 1768 1102 1769 1103 1769 934 1769 929 1770 934 1770 1103 1770 1103 1771 1104 1771 929 1771 1104 1772 930 1772 929 1772 931 1773 930 1773 1105 1773 932 1774 931 1774 1106 1774 1106 1775 1107 1775 932 1775 912 1776 932 1776 1107 1776 912 1777 1108 1777 911 1777 908 1778 911 1778 1108 1778 909 1779 908 1779 1109 1779 1109 1780 1110 1780 909 1780 910 1781 909 1781 1110 1781 903 1782 910 1782 1111 1782 1111 1783 1112 1783 903 1783 1112 1784 906 1784 903 1784 906 1785 1112 1785 1113 1785 1113 1786 904 1786 906 1786 904 1787 1113 1787 907 1787 905 1788 907 1788 1114 1788 1114 1789 879 1789 905 1789 879 1790 1114 1790 1115 1790 1089 1791 879 1791 1115 1791 1116 1792 1086 1792 1090 1792 1081 1793 1086 1793 1117 1793 1086 1794 1116 1794 1117 1794 1082 1795 1081 1795 1118 1795 1119 1796 1085 1796 1082 1796 1085 1797 1119 1797 1087 1797 1080 1798 1088 1798 1120 1798 1079 1799 1080 1799 1120 1799 1079 1800 1120 1800 1121 1800 1076 1801 1079 1801 1121 1801 1078 1802 1076 1802 1122 1802 1078 1803 1122 1803 1123 1803 1074 1804 1077 1804 1123 1804 1074 1805 1123 1805 1124 1805 1073 1806 1074 1806 1124 1806 1072 1807 1073 1807 1125 1807 1072 1808 1125 1808 1126 1808 1067 1809 1126 1809 721 1809 394 1810 621 1810 326 1810 989 1811 394 1811 391 1811 990 1812 989 1812 391 1812 991 1813 391 1813 392 1813 1035 1814 393 1814 328 1814 391 1815 991 1815 990 1815 1126 1816 1067 1816 1072 1816 1124 1817 1125 1817 1073 1817 1123 1818 1077 1818 1078 1818 1121 1819 1122 1819 1076 1819 1118 1820 1119 1820 1082 1820 1117 1821 1118 1821 1081 1821 1115 1822 1090 1822 1089 1822 1110 1823 1111 1823 910 1823 1108 1824 1109 1824 908 1824 1107 1825 1108 1825 912 1825 1105 1826 1106 1826 931 1826 1104 1827 1105 1827 930 1827 971 1828 772 1828 598 1828 1100 1829 964 1829 963 1829 1099 1830 963 1830 966 1830 1098 1831 966 1831 965 1831 1097 1832 965 1832 962 1832 1204 1833 949 1833 951 1833 1093 1834 1094 1834 944 1834 940 1835 1093 1835 944 1835 1143 1836 1008 1836 1006 1836 844 1837 849 1837 996 1837 383 1838 845 1838 1016 1838 1066 1839 1089 1839 1090 1839 1066 1840 1090 1840 1086 1840 1084 1841 1088 1841 1080 1841 1083 1842 1087 1842 1088 1842 1059 1843 880 1843 1066 1843 1065 1844 1086 1844 1081 1844 1061 1845 1082 1845 1085 1845 1063 1846 1085 1846 1083 1846 1056 1847 1084 1847 1062 1847 1056 1848 1083 1848 1084 1848 1062 1849 1080 1849 1079 1849 1049 1850 1079 1850 1076 1850 1048 1851 1076 1851 1078 1851 1075 1852 1078 1852 1077 1852 1046 1853 1075 1853 1068 1853 1068 1854 1077 1854 1074 1854 1071 1855 1074 1855 1073 1855 1070 1856 1072 1856 1067 1856 1069 1857 1073 1857 1072 1857 1042 1858 1068 1858 1071 1858 1045 1859 1071 1859 1069 1859 1044 1860 1069 1860 1070 1860 1033 1861 1070 1861 700 1861 1059 1862 885 1862 880 1862 1058 1863 1065 1863 1060 1863 1057 1864 1066 1864 1065 1864 1052 1865 1061 1865 1064 1865 1053 1866 1064 1866 1063 1866 1054 1867 1063 1867 1056 1867 1055 1868 1056 1868 1047 1868 1031 1869 873 1869 1059 1869 1028 1870 1030 1870 1058 1870 1055 1871 350 1871 1056 1871 1021 1872 1020 1872 1052 1872 1054 1873 1021 1873 1053 1873 1020 1874 1028 1874 1051 1874 1047 1875 1062 1875 1049 1875 1040 1876 1049 1876 1050 1876 1041 1877 1048 1877 1046 1877 1041 1878 1050 1878 1048 1878 1035 1879 1041 1879 1046 1879 1043 1880 1042 1880 1045 1880 1034 1881 1044 1881 1033 1881 1039 1882 1045 1882 1044 1882 1036 1883 1042 1883 1043 1883 1038 1884 1043 1884 1039 1884 1034 1885 1033 1885 661 1885 1036 1886 1046 1886 1042 1886 338 1887 1047 1887 1040 1887 333 1888 1040 1888 1041 1888 328 1889 1041 1889 1035 1889 992 1890 1038 1890 1039 1890 1037 1891 1039 1891 874 1891 1037 1892 874 1892 875 1892 992 1893 1037 1893 990 1893 663 1894 497 1894 874 1894 1032 1895 973 1895 873 1895 1027 1896 1032 1896 1031 1896 1026 1897 974 1897 973 1897 1025 1898 1026 1898 1032 1898 1029 1899 1027 1899 1030 1899 1019 1900 1029 1900 1028 1900 1024 1901 1025 1901 1027 1901 1017 1902 1024 1902 1029 1902 1022 1903 936 1903 1026 1903 1013 1904 937 1904 936 1904 1012 1905 1013 1905 1022 1905 1023 1906 1022 1906 1025 1906 1014 1907 1023 1907 1024 1907 1011 1908 1012 1908 1023 1908 999 1909 1011 1909 1014 1909 1015 1910 1014 1910 1017 1910 1018 1911 1019 1911 1020 1911 358 1912 1018 1912 1021 1912 1016 1913 1017 1913 1019 1913 998 1914 999 1914 1015 1914 844 1915 998 1915 1016 1915 1009 1916 939 1916 1013 1916 1006 1917 938 1917 939 1917 1004 1918 1006 1918 1009 1918 1010 1919 1009 1919 1012 1919 1000 1920 1010 1920 1011 1920 1002 1921 1004 1921 1010 1921 994 1922 1002 1922 1000 1922 995 1923 1000 1923 999 1923 1008 1924 940 1924 938 1924 1005 1925 1007 1925 1004 1925 1001 1926 1003 1926 1002 1926 1003 1927 1005 1927 1002 1927 996 1928 995 1928 998 1928 994 1929 995 1929 993 1929 991 1930 992 1930 990 1930 989 1931 990 1931 875 1931 928 1932 598 1932 620 1932 988 1933 918 1933 919 1933 878 1934 919 1934 876 1934 967 1935 928 1935 924 1935 968 1936 924 1936 926 1936 970 1937 926 1937 913 1937 988 1938 972 1938 962 1938 917 1939 988 1939 965 1939 972 1940 919 1940 878 1940 983 1941 878 1941 899 1941 982 1942 897 1942 898 1942 981 1943 899 1943 897 1943 985 1944 984 1944 888 1944 973 1945 985 1945 872 1945 977 1946 883 1946 984 1946 979 1947 978 1947 984 1947 974 1948 979 1948 985 1948 980 1949 898 1949 883 1949 961 1950 983 1950 981 1950 958 1951 981 1951 982 1951 959 1952 982 1952 957 1952 957 1953 980 1953 977 1953 935 1954 975 1954 979 1954 956 1955 977 1955 976 1955 937 1956 955 1956 935 1956 954 1957 976 1957 975 1957 936 1958 935 1958 974 1958 972 1959 983 1959 960 1959 964 1960 970 1960 963 1960 951 1961 959 1961 948 1961 948 1962 957 1962 956 1962 945 1963 956 1963 954 1963 941 1964 954 1964 955 1964 938 1965 943 1965 955 1965 939 1966 938 1966 937 1966 953 1967 960 1967 952 1967 950 1968 952 1968 949 1968 947 1969 948 1969 945 1969 946 1970 945 1970 941 1970 942 1971 941 1971 943 1971 944 1972 943 1972 938 1972 923 1973 927 1973 933 1973 925 1974 923 1974 934 1974 922 1975 925 1975 929 1975 915 1976 922 1976 930 1976 921 1977 915 1977 930 1977 916 1978 920 1978 932 1978 920 1979 921 1979 931 1979 927 1980 552 1980 563 1980 924 1981 928 1981 927 1981 926 1982 924 1982 923 1982 913 1983 926 1983 925 1983 915 1984 914 1984 922 1984 876 1985 919 1985 916 1985 919 1986 918 1986 920 1986 920 1987 917 1987 921 1987 917 1988 987 1988 921 1988 987 1989 986 1989 915 1989 877 1990 876 1990 916 1990 915 1991 986 1991 913 1991 902 1992 916 1992 912 1992 900 1993 902 1993 911 1993 894 1994 901 1994 909 1994 901 1995 900 1995 908 1995 891 1996 893 1996 906 1996 892 1997 891 1997 904 1997 893 1998 894 1998 903 1998 895 1999 877 1999 902 1999 881 2000 896 2000 901 2000 896 2001 895 2001 900 2001 899 2002 878 2002 877 2002 898 2003 897 2003 896 2003 897 2004 899 2004 895 2004 882 2005 881 2005 894 2005 886 2006 882 2006 893 2006 889 2007 887 2007 892 2007 885 2008 889 2008 884 2008 887 2009 886 2009 891 2009 890 2010 883 2010 882 2010 872 2011 887 2011 889 2011 872 2012 888 2012 887 2012 873 2013 872 2013 885 2013 888 2014 890 2014 886 2014 883 2015 898 2015 881 2015 880 2016 884 2016 879 2016 1127 2017 1128 2017 1129 2017 1132 2018 1133 2018 1134 2018 1134 2019 1127 2019 1135 2019 1136 2020 1131 2020 1127 2020 1127 2021 1134 2021 1136 2021 1128 2022 1127 2022 1131 2022 1134 2023 1133 2023 1137 2023 1133 2024 1132 2024 1138 2024 1138 2025 1139 2025 1133 2025 1137 2026 1133 2026 1139 2026 1139 2027 1140 2027 1137 2027 1141 2028 1131 2028 1142 2028 1131 2029 1136 2029 1143 2029 1003 2030 1142 2030 1005 2030 1142 2031 1007 2031 1005 2031 1007 2032 1142 2032 1143 2032 1143 2033 1092 2033 1008 2033 1140 2034 1144 2034 1137 2034 1092 2035 1137 2035 1144 2035 1136 2036 1137 2036 1092 2036 993 2037 1091 2037 1146 2037 1147 2038 1145 2038 1148 2038 1130 2039 1149 2039 1145 2039 855 2040 1150 2040 1152 2040 1150 2041 1128 2041 1152 2041 1151 2042 1129 2042 1128 2042 1152 2043 1128 2043 1130 2043 1148 2044 1149 2044 1001 2044 1149 2045 1141 2045 1003 2045 1153 2046 865 2046 866 2046 866 2047 1154 2047 1153 2047 865 2048 1153 2048 1155 2048 856 2049 862 2049 1156 2049 860 2050 1156 2050 1151 2050 1159 2051 1160 2051 1158 2051 1158 2052 1157 2052 1159 2052 1135 2053 862 2053 1155 2053 1155 2054 1153 2054 1159 2054 1155 2055 1161 2055 1135 2055 1161 2056 1134 2056 1135 2056 1156 2057 1135 2057 1129 2057 1161 2058 1162 2058 1134 2058 1163 2059 1157 2059 1158 2059 1164 2060 1161 2060 1157 2060 1164 2061 1165 2061 1161 2061 1163 2062 1164 2062 1157 2062 1165 2063 1162 2063 1161 2063 1162 2064 1132 2064 1134 2064 1166 2065 1132 2065 1162 2065 1166 2066 1138 2066 1132 2066 1146 2067 861 2067 863 2067 1147 2068 863 2068 852 2068 1145 2069 852 2069 854 2069 1152 2070 854 2070 855 2070 1151 2071 1150 2071 859 2071 1151 2072 859 2072 860 2072 1156 2073 860 2073 856 2073 1153 2074 1154 2074 1160 2074 1160 2075 1159 2075 1153 2075 940 2076 1092 2076 1144 2076 861 2077 1091 2077 997 2077 854 2078 1152 2078 1145 2078 863 2079 1147 2079 1146 2079 861 2080 1146 2080 1091 2080 1165 2081 1166 2081 1162 2081 1161 2082 1159 2082 1157 2082 1159 2083 1161 2083 1155 2083 1156 2084 862 2084 1135 2084 1129 2085 1151 2085 1156 2085 1155 2086 862 2086 865 2086 1003 2087 1001 2087 1149 2087 1149 2088 1148 2088 1145 2088 1001 2089 993 2089 1148 2089 1141 2090 1149 2090 1130 2090 1128 2091 1150 2091 1151 2091 1130 2092 1145 2092 1152 2092 1150 2093 855 2093 859 2093 1148 2094 1146 2094 1147 2094 1145 2095 1147 2095 852 2095 1146 2096 1148 2096 993 2096 1092 2097 1143 2097 1136 2097 1143 2098 1142 2098 1131 2098 1142 2099 1003 2099 1141 2099 1137 2100 1136 2100 1134 2100 1131 2101 1130 2101 1128 2101 1131 2102 1141 2102 1130 2102 1129 2103 1135 2103 1127 2103 866 2104 1167 2104 1154 2104 846 2105 1168 2105 1167 2105 1167 2106 866 2106 846 2106 847 2107 1169 2107 1168 2107 1168 2108 846 2108 847 2108 847 2109 1170 2109 1169 2109 1170 2110 847 2110 850 2110 850 2111 1588 2111 1170 2111 1171 2112 1588 2112 850 2112 850 2113 857 2113 1171 2113 1172 2114 1171 2114 857 2114 857 2115 864 2115 1173 2115 864 2116 1174 2116 1173 2116 1174 2117 864 2117 867 2117 1175 2118 1174 2118 867 2118 867 2119 868 2119 1175 2119 1175 2120 868 2120 871 2120 871 2121 1176 2121 1175 2121 871 2122 1177 2122 1176 2122 1177 2123 871 2123 870 2123 1178 2124 1177 2124 870 2124 870 2125 869 2125 1178 2125 1178 2126 869 2126 858 2126 858 2127 1179 2127 1178 2127 1180 2128 858 2128 853 2128 853 2129 1579 2129 1180 2129 853 2130 851 2130 1579 2130 1181 2131 1579 2131 851 2131 851 2132 848 2132 1181 2132 1182 2133 1181 2133 848 2133 1182 2134 848 2134 396 2134 396 2135 425 2135 1182 2135 858 2136 1180 2136 1179 2136 1173 2137 1172 2137 857 2137 1183 2138 1231 2138 1246 2138 1138 2139 1184 2139 1185 2139 1185 2140 1139 2140 1138 2140 1191 2141 1245 2141 1192 2141 1188 2142 1246 2142 1245 2142 1193 2143 1192 2143 1189 2143 969 2144 1194 2144 1195 2144 1190 2145 1100 2145 1099 2145 1099 2146 1189 2146 1190 2146 1193 2147 1098 2147 1097 2147 1097 2148 1191 2148 1193 2148 1096 2149 1188 2149 1097 2149 1189 2150 1099 2150 1098 2150 1098 2151 1193 2151 1189 2151 1198 2152 1093 2152 1144 2152 1144 2153 1140 2153 1198 2153 1199 2154 1200 2154 1201 2154 1198 2155 1140 2155 1139 2155 1139 2156 1185 2156 1198 2156 1185 2157 1184 2157 1200 2157 1198 2158 1185 2158 1199 2158 1203 2159 1201 2159 1197 2159 1199 2160 1202 2160 942 2160 1198 2161 1199 2161 1094 2161 1094 2162 1199 2162 942 2162 946 2163 1202 2163 1203 2163 946 2164 1203 2164 1196 2164 1196 2165 947 2165 946 2165 1204 2166 1205 2166 1206 2166 1207 2167 1208 2167 1205 2167 1196 2168 1197 2168 1208 2168 1204 2169 1209 2169 1095 2169 1209 2170 1206 2170 1231 2170 951 2171 1207 2171 1204 2171 947 2172 1196 2172 1207 2172 1207 2173 951 2173 947 2173 1209 2174 950 2174 1095 2174 1183 2175 953 2175 950 2175 1166 2176 1165 2176 1210 2176 1165 2177 1164 2177 1213 2177 1214 2178 1449 2178 1215 2178 1213 2179 1216 2179 1449 2179 1217 2180 1214 2180 1215 2180 1210 2181 1213 2181 1214 2181 1218 2182 1212 2182 1211 2182 1217 2183 1215 2183 1212 2183 1219 2184 1221 2184 1220 2184 1219 2185 1220 2185 1222 2185 1223 2186 1222 2186 1186 2186 1225 2187 1211 2187 1221 2187 1224 2188 1221 2188 1219 2188 1226 2189 1223 2189 1186 2189 1227 2190 1218 2190 1225 2190 1138 2191 1166 2191 1210 2191 1228 2192 1217 2192 1218 2192 1200 2193 1217 2193 1228 2193 1184 2194 1210 2194 1217 2194 1201 2195 1228 2195 1227 2195 1197 2196 1201 2196 1227 2196 1229 2197 1224 2197 1223 2197 1229 2198 1225 2198 1224 2198 1230 2199 1223 2199 1226 2199 1205 2200 1229 2200 1230 2200 1205 2201 1208 2201 1229 2201 1197 2202 1227 2202 1229 2202 1206 2203 1230 2203 1231 2203 1231 2204 1226 2204 1233 2204 1234 2205 1238 2205 1235 2205 1226 2206 1186 2206 1236 2206 1236 2207 1237 2207 1238 2207 1236 2208 1238 2208 1234 2208 1239 2209 1233 2209 1236 2209 1240 2210 1239 2210 1234 2210 1235 2211 1241 2211 1234 2211 1241 2212 1242 2212 1234 2212 1232 2213 1243 2213 1242 2213 1245 2214 1239 2214 1240 2214 1246 2215 1233 2215 1239 2215 1192 2216 1240 2216 1244 2216 1250 2217 1251 2217 1243 2217 1249 2218 1252 2218 1250 2218 1252 2219 1253 2219 1251 2219 1251 2220 1254 2220 1244 2220 1253 2221 1255 2221 1254 2221 1248 2222 1257 2222 1252 2222 1257 2223 1258 2223 1253 2223 1258 2224 1259 2224 1255 2224 841 2225 1259 2225 1258 2225 841 2226 843 2226 1259 2226 1255 2227 1195 2227 1194 2227 1190 2228 1189 2228 1247 2228 1247 2229 1244 2229 1254 2229 1255 2230 1194 2230 1190 2230 1259 2231 843 2231 1195 2231 1144 2232 1093 2232 940 2232 1163 2233 1213 2233 1164 2233 1213 2234 1163 2234 1216 2234 1195 2235 1255 2235 1259 2235 1190 2236 1254 2236 1255 2236 1254 2237 1190 2237 1247 2237 1255 2238 1253 2238 1258 2238 840 2239 841 2239 1258 2239 839 2240 840 2240 1258 2240 1257 2241 1256 2241 839 2241 839 2242 1256 2242 838 2242 1258 2243 1257 2243 839 2243 1257 2244 1248 2244 1256 2244 1253 2245 1252 2245 1257 2245 1254 2246 1251 2246 1253 2246 1244 2247 1243 2247 1251 2247 1252 2248 1249 2248 1248 2248 1251 2249 1250 2249 1252 2249 1250 2250 1232 2250 1249 2250 1243 2251 1232 2251 1250 2251 1247 2252 1189 2252 1192 2252 1244 2253 1247 2253 1192 2253 1239 2254 1245 2254 1246 2254 1240 2255 1192 2255 1245 2255 1244 2256 1242 2256 1243 2256 1242 2257 1244 2257 1240 2257 1242 2258 1241 2258 1232 2258 1234 2259 1242 2259 1240 2259 1234 2260 1239 2260 1236 2260 1237 2261 1236 2261 1186 2261 1236 2262 1233 2262 1226 2262 1233 2263 1246 2263 1231 2263 1229 2264 1208 2264 1197 2264 1230 2265 1206 2265 1205 2265 1226 2266 1231 2266 1230 2266 1225 2267 1229 2267 1227 2267 1223 2268 1230 2268 1229 2268 1217 2269 1200 2269 1184 2269 1228 2270 1201 2270 1200 2270 1218 2271 1227 2271 1228 2271 1210 2272 1184 2272 1138 2272 1221 2273 1224 2273 1225 2273 1219 2274 1223 2274 1224 2274 1222 2275 1223 2275 1219 2275 1211 2276 1225 2276 1218 2276 1212 2277 1218 2277 1217 2277 1214 2278 1217 2278 1210 2278 1213 2279 1210 2279 1165 2279 1449 2280 1214 2280 1213 2280 950 2281 1209 2281 1183 2281 1231 2282 1183 2282 1209 2282 1208 2283 1207 2283 1196 2283 1205 2284 1204 2284 1207 2284 1206 2285 1209 2285 1204 2285 946 2286 942 2286 1202 2286 1094 2287 1093 2287 1198 2287 1197 2288 1196 2288 1203 2288 1201 2289 1203 2289 1202 2289 1200 2290 1199 2290 1185 2290 1201 2291 1202 2291 1199 2291 1100 2292 1194 2292 969 2292 1100 2293 1190 2293 1194 2293 1096 2294 953 2294 1188 2294 1191 2295 1097 2295 1188 2295 1195 2296 971 2296 969 2296 971 2297 843 2297 772 2297 843 2298 971 2298 1195 2298 1245 2299 1191 2299 1188 2299 1192 2300 1193 2300 1191 2300 953 2301 1183 2301 1188 2301 1187 2302 1237 2302 1186 2302 1246 2303 1188 2303 1183 2303 1261 2304 1262 2304 1263 2304 1267 2305 1266 2305 1260 2305 1268 2306 789 2306 791 2306 1266 2307 790 2307 1268 2307 1265 2308 1266 2308 1267 2308 1269 2309 443 2309 444 2309 484 2310 486 2310 1265 2310 1272 2311 1271 2311 1273 2311 1276 2312 1280 2312 1281 2312 1281 2313 1277 2313 1276 2313 1272 2314 1282 2314 1271 2314 1283 2315 1284 2315 1275 2315 1271 2316 1283 2316 1274 2316 1275 2317 1284 2317 1280 2317 1280 2318 1276 2318 1275 2318 1280 2319 801 2319 1281 2319 1281 2320 1278 2320 1277 2320 801 2321 799 2321 1281 2321 1285 2322 1286 2322 1270 2322 1270 2323 1288 2323 1271 2323 1288 2324 1287 2324 1283 2324 1287 2325 796 2325 1280 2325 1288 2326 1289 2326 1287 2326 1289 2327 798 2327 1287 2327 1290 2328 788 2328 1289 2328 1286 2329 1290 2329 1288 2329 1260 2330 1268 2330 1286 2330 1268 2331 791 2331 1290 2331 1292 2332 1293 2332 1291 2332 1291 2333 1295 2333 1292 2333 1291 2334 1296 2334 1294 2334 1297 2335 1298 2335 1299 2335 1300 2336 1301 2336 1299 2336 1303 2337 1302 2337 1305 2337 1302 2338 1306 2338 1305 2338 1306 2339 1302 2339 1301 2339 1304 2340 1303 2340 1307 2340 1303 2341 1305 2341 1307 2341 1308 2342 1300 2342 1298 2342 1262 2343 1293 2343 1309 2343 1310 2344 1297 2344 1296 2344 1311 2345 1296 2345 1291 2345 1312 2346 1298 2346 1297 2346 1313 2347 1310 2347 1311 2347 1314 2348 1311 2348 1293 2348 1315 2349 1312 2349 1310 2349 1316 2350 1308 2350 1312 2350 1317 2351 1305 2351 1306 2351 1318 2352 1306 2352 1300 2352 1319 2353 1307 2353 1305 2353 1320 2354 1317 2354 1318 2354 1321 2355 1318 2355 1308 2355 1322 2356 1319 2356 1317 2356 1323 2357 1324 2357 1307 2357 1325 2358 1304 2358 1324 2358 1304 2359 1307 2359 1324 2359 1327 2360 1326 2360 1329 2360 1326 2361 1330 2361 1329 2361 1326 2362 1325 2362 1330 2362 1325 2363 1324 2363 1330 2363 1331 2364 1329 2364 1330 2364 1328 2365 1327 2365 1332 2365 1327 2366 1329 2366 1332 2366 1333 2367 1332 2367 1329 2367 1334 2368 1328 2368 1332 2368 1272 2369 1337 2369 1336 2369 1338 2370 1336 2370 1335 2370 1339 2371 1335 2371 1334 2371 1272 2372 1338 2372 1282 2372 1341 2373 1340 2373 1333 2373 1342 2374 1323 2374 1319 2374 1343 2375 1330 2375 1324 2375 1344 2376 1331 2376 1343 2376 1345 2377 1333 2377 1331 2377 1344 2378 1343 2378 1323 2378 1347 2379 1344 2379 1342 2379 1348 2380 1346 2380 1344 2380 1346 2381 1345 2381 1344 2381 1349 2382 1341 2382 1345 2382 1350 2383 1349 2383 1346 2383 1353 2384 1338 2384 1339 2384 1354 2385 1339 2385 1340 2385 1355 2386 1282 2386 1338 2386 1351 2387 1352 2387 1349 2387 1352 2388 1354 2388 1341 2388 1357 2389 1353 2389 1354 2389 1358 2390 1357 2390 1352 2390 1359 2391 1356 2391 1357 2391 1356 2392 1355 2392 1353 2392 1285 2393 1270 2393 1355 2393 1360 2394 1285 2394 1356 2394 1361 2395 1362 2395 1363 2395 1363 2396 1364 2396 1361 2396 1365 2397 1342 2397 1322 2397 1361 2398 1261 2398 1366 2398 1367 2399 1316 2399 1315 2399 1368 2400 1313 2400 1314 2400 1369 2401 1314 2401 1262 2401 1315 2402 1313 2402 1370 2402 1313 2403 1368 2403 1370 2403 1371 2404 1320 2404 1321 2404 1372 2405 1321 2405 1316 2405 1373 2406 1322 2406 1320 2406 1375 2407 1376 2407 1367 2407 1369 2408 1377 2408 1378 2408 1378 2409 1368 2409 1369 2409 1361 2410 1377 2410 1369 2410 1378 2411 1375 2411 1370 2411 1377 2412 1379 2412 1378 2412 1380 2413 1381 2413 1371 2413 1376 2414 1380 2414 1372 2414 1381 2415 1382 2415 1371 2415 1381 2416 1383 2416 1382 2416 1374 2417 1365 2417 1373 2417 1385 2418 1347 2418 1365 2418 1384 2419 1348 2419 1347 2419 1386 2420 1350 2420 1348 2420 1387 2421 1351 2421 1350 2421 1388 2422 1360 2422 1359 2422 1390 2423 1358 2423 1351 2423 1389 2424 1359 2424 1358 2424 1267 2425 1260 2425 1388 2425 1383 2426 1392 2426 1374 2426 1393 2427 1387 2427 1386 2427 1394 2428 1395 2428 1384 2428 1392 2429 1394 2429 1385 2429 1395 2430 1393 2430 1386 2430 1391 2431 1390 2431 1387 2431 1397 2432 1389 2432 1390 2432 1396 2433 1388 2433 1389 2433 1398 2434 1267 2434 1396 2434 426 2435 1364 2435 1400 2435 1401 2436 1402 2436 1376 2436 1364 2437 1403 2437 1377 2437 1379 2438 1401 2438 1375 2438 1403 2439 1404 2439 1379 2439 1405 2440 1406 2440 1381 2440 1402 2441 1405 2441 1380 2441 1406 2442 1407 2442 1383 2442 1407 2443 1399 2443 1383 2443 429 2444 430 2444 1402 2444 425 2445 426 2445 1400 2445 426 2446 427 2446 1403 2446 1404 2447 428 2447 1401 2447 428 2448 429 2448 1401 2448 427 2449 428 2449 1404 2449 1406 2450 1405 2450 431 2450 430 2451 431 2451 1405 2451 1407 2452 1406 2452 433 2452 1408 2453 1407 2453 434 2453 1399 2454 1411 2454 1392 2454 1411 2455 1410 2455 1394 2455 1410 2456 1412 2456 1395 2456 1412 2457 1409 2457 1393 2457 1411 2458 1399 2458 1408 2458 1410 2459 1411 2459 1413 2459 1412 2460 1410 2460 1414 2460 1409 2461 1412 2461 1415 2461 1409 2462 1417 2462 1391 2462 1417 2463 1416 2463 1397 2463 1416 2464 1398 2464 1396 2464 1264 2465 1265 2465 1398 2465 1417 2466 1409 2466 1418 2466 1264 2467 1398 2467 1269 2467 1418 2468 1415 2468 439 2468 1414 2469 1413 2469 436 2469 1413 2470 1408 2470 435 2470 1415 2471 1414 2471 437 2471 1416 2472 1417 2472 441 2472 1417 2473 1418 2473 440 2473 1269 2474 1416 2474 442 2474 821 2475 1419 2475 1420 2475 1420 2476 820 2476 821 2476 820 2477 1420 2477 1421 2477 1278 2478 1279 2478 1422 2478 1279 2479 1421 2479 1422 2479 1422 2480 1277 2480 1278 2480 1423 2481 1276 2481 1277 2481 1275 2482 1276 2482 1424 2482 1276 2483 1423 2483 1424 2483 1274 2484 1275 2484 1425 2484 1275 2485 1424 2485 1425 2485 1425 2486 1273 2486 1274 2486 1337 2487 1426 2487 1336 2487 1335 2488 1336 2488 1426 2488 1334 2489 1335 2489 1426 2489 1427 2490 1328 2490 1334 2490 1427 2491 1327 2491 1328 2491 1326 2492 1327 2492 1428 2492 1325 2493 1326 2493 1429 2493 1326 2494 1428 2494 1429 2494 1325 2495 1429 2495 1430 2495 1430 2496 1304 2496 1325 2496 1430 2497 1303 2497 1304 2497 1303 2498 1430 2498 1431 2498 1431 2499 1302 2499 1303 2499 1301 2500 1302 2500 1431 2500 1299 2501 1301 2501 1431 2501 1297 2502 1299 2502 1432 2502 1433 2503 1294 2503 1297 2503 1294 2504 1433 2504 1434 2504 1294 2505 1434 2505 1435 2505 1435 2506 1295 2506 1294 2506 1266 2507 486 2507 790 2507 1268 2508 790 2508 789 2508 796 2509 801 2509 1280 2509 799 2510 800 2510 1281 2510 1281 2511 800 2511 762 2511 762 2512 763 2512 1278 2512 1279 2513 763 2513 814 2513 1421 2514 812 2514 820 2514 1419 2515 821 2515 809 2515 1436 2516 809 2516 828 2516 1436 2517 828 2517 827 2517 1438 2518 1437 2518 827 2518 827 2519 826 2519 1438 2519 827 2520 1437 2520 1436 2520 809 2521 1436 2521 1419 2521 812 2522 1421 2522 1279 2522 814 2523 812 2523 1279 2523 763 2524 1279 2524 1278 2524 798 2525 1289 2525 788 2525 444 2526 484 2526 1264 2526 1432 2527 1433 2527 1297 2527 1431 2528 1432 2528 1299 2528 1427 2529 1428 2529 1327 2529 1426 2530 1427 2530 1334 2530 1425 2531 1337 2531 1273 2531 1422 2532 1423 2532 1277 2532 442 2533 443 2533 1269 2533 441 2534 442 2534 1416 2534 440 2535 441 2535 1417 2535 439 2536 440 2536 1418 2536 438 2537 439 2537 1415 2537 437 2538 438 2538 1415 2538 434 2539 435 2539 1408 2539 435 2540 436 2540 1413 2540 436 2541 437 2541 1414 2541 1416 2542 1269 2542 1398 2542 1397 2543 1391 2543 1417 2543 1396 2544 1397 2544 1416 2544 1415 2545 1418 2545 1409 2545 1414 2546 1415 2546 1412 2546 1408 2547 1413 2547 1411 2547 1413 2548 1414 2548 1410 2548 1393 2549 1395 2549 1412 2549 1394 2550 1392 2550 1411 2550 1395 2551 1394 2551 1410 2551 1407 2552 1408 2552 1399 2552 1391 2553 1393 2553 1409 2553 433 2554 434 2554 1407 2554 432 2555 433 2555 1406 2555 1405 2556 1402 2556 430 2556 431 2557 432 2557 1406 2557 1403 2558 1364 2558 426 2558 1404 2559 1403 2559 427 2559 1402 2560 1401 2560 429 2560 1383 2561 1381 2561 1406 2561 1380 2562 1376 2562 1402 2562 1381 2563 1380 2563 1405 2563 1401 2564 1379 2564 1404 2564 1377 2565 1361 2565 1364 2565 1379 2566 1377 2566 1403 2566 1364 2567 1363 2567 1400 2567 1376 2568 1375 2568 1401 2568 1392 2569 1383 2569 1399 2569 1267 2570 1398 2570 1265 2570 1388 2571 1396 2571 1267 2571 1390 2572 1391 2572 1397 2572 1389 2573 1397 2573 1396 2573 1386 2574 1384 2574 1395 2574 1384 2575 1385 2575 1394 2575 1385 2576 1374 2576 1392 2576 1387 2577 1393 2577 1391 2577 1359 2578 1389 2578 1388 2578 1358 2579 1390 2579 1389 2579 1351 2580 1387 2580 1390 2580 1360 2581 1388 2581 1260 2581 1350 2582 1386 2582 1387 2582 1348 2583 1384 2583 1386 2583 1347 2584 1385 2584 1384 2584 1365 2585 1374 2585 1385 2585 1342 2586 1365 2586 1347 2586 1374 2587 1382 2587 1383 2587 1373 2588 1382 2588 1374 2588 1373 2589 1371 2589 1382 2589 1372 2590 1367 2590 1376 2590 1371 2591 1372 2591 1380 2591 1375 2592 1378 2592 1379 2592 1370 2593 1368 2593 1378 2593 1369 2594 1261 2594 1361 2594 1367 2595 1370 2595 1375 2595 1320 2596 1371 2596 1373 2596 1316 2597 1367 2597 1372 2597 1321 2598 1372 2598 1371 2598 1262 2599 1261 2599 1369 2599 1314 2600 1369 2600 1368 2600 1315 2601 1370 2601 1367 2601 1366 2602 1362 2602 1361 2602 1322 2603 1373 2603 1365 2603 1285 2604 1360 2604 1260 2604 1356 2605 1359 2605 1360 2605 1355 2606 1356 2606 1285 2606 1357 2607 1358 2607 1359 2607 1352 2608 1351 2608 1358 2608 1354 2609 1352 2609 1357 2609 1353 2610 1357 2610 1356 2610 1282 2611 1355 2611 1270 2611 1338 2612 1353 2612 1355 2612 1339 2613 1354 2613 1353 2613 1340 2614 1341 2614 1354 2614 1341 2615 1349 2615 1352 2615 1349 2616 1350 2616 1351 2616 1346 2617 1348 2617 1350 2617 1345 2618 1346 2618 1349 2618 1344 2619 1347 2619 1348 2619 1323 2620 1342 2620 1344 2620 1331 2621 1344 2621 1345 2621 1333 2622 1345 2622 1341 2622 1324 2623 1323 2623 1343 2623 1330 2624 1343 2624 1331 2624 1319 2625 1322 2625 1342 2625 1336 2626 1338 2626 1272 2626 1334 2627 1340 2627 1339 2627 1332 2628 1333 2628 1340 2628 1335 2629 1339 2629 1338 2629 1332 2630 1340 2630 1334 2630 1329 2631 1331 2631 1333 2631 1307 2632 1319 2632 1323 2632 1317 2633 1320 2633 1322 2633 1308 2634 1316 2634 1321 2634 1318 2635 1321 2635 1320 2635 1305 2636 1317 2636 1319 2636 1300 2637 1308 2637 1318 2637 1306 2638 1318 2638 1317 2638 1312 2639 1315 2639 1316 2639 1310 2640 1313 2640 1315 2640 1293 2641 1262 2641 1314 2641 1309 2642 1263 2642 1262 2642 1311 2643 1314 2643 1313 2643 1297 2644 1310 2644 1312 2644 1292 2645 1309 2645 1293 2645 1291 2646 1293 2646 1311 2646 1296 2647 1311 2647 1310 2647 1298 2648 1312 2648 1308 2648 1301 2649 1300 2649 1306 2649 1299 2650 1298 2650 1300 2650 1297 2651 1294 2651 1296 2651 1295 2652 1291 2652 1294 2652 1290 2653 1286 2653 1268 2653 788 2654 1290 2654 791 2654 1289 2655 1288 2655 1290 2655 1288 2656 1270 2656 1286 2656 1286 2657 1285 2657 1260 2657 796 2658 1287 2658 798 2658 1280 2659 1284 2659 1287 2659 1283 2660 1271 2660 1288 2660 1284 2661 1283 2661 1287 2661 1281 2662 762 2662 1278 2662 1274 2663 1273 2663 1271 2663 1275 2664 1274 2664 1283 2664 1273 2665 1337 2665 1272 2665 1271 2666 1282 2666 1270 2666 1265 2667 1264 2667 484 2667 444 2668 1264 2668 1269 2668 1266 2669 1265 2669 486 2669 1268 2670 1260 2670 1266 2670 1263 2671 1366 2671 1261 2671 1439 2672 1440 2672 1441 2672 1442 2673 1366 2673 1263 2673 1263 2674 1443 2674 1442 2674 1445 2675 1446 2675 1439 2675 1447 2676 1441 2676 1448 2676 1445 2677 1439 2677 1449 2677 1163 2678 1444 2678 1445 2678 1453 2679 1455 2679 1454 2679 1460 2680 1461 2680 1462 2680 1458 2681 1459 2681 1463 2681 1453 2682 1464 2682 1452 2682 1465 2683 1456 2683 1457 2683 1464 2684 1454 2684 1456 2684 1457 2685 1458 2685 1466 2685 1468 2686 1466 2686 1463 2686 1459 2687 1460 2687 1187 2687 1451 2688 1452 2688 1464 2688 1470 2689 1464 2689 1465 2689 1469 2690 1465 2690 1467 2690 1471 2691 1467 2691 1468 2691 1472 2692 1469 2692 1471 2692 1441 2693 1451 2693 1470 2693 1473 2694 1470 2694 1472 2694 1448 2695 1473 2695 1472 2695 1474 2696 1475 2696 1292 2696 1292 2697 1295 2697 1474 2697 1476 2698 1474 2698 1295 2698 1477 2699 1476 2699 1478 2699 1476 2700 1477 2700 1474 2700 1479 2701 1480 2701 1478 2701 1481 2702 1480 2702 1479 2702 1484 2703 1483 2703 1485 2703 1487 2704 1483 2704 1484 2704 1483 2705 1481 2705 1482 2705 1488 2706 1481 2706 1483 2706 1487 2707 1488 2707 1483 2707 1489 2708 1484 2708 1486 2708 1491 2709 1492 2709 1480 2709 1309 2710 1475 2710 1443 2710 1493 2711 1494 2711 1477 2711 1494 2712 1475 2712 1474 2712 1475 2713 1309 2713 1292 2713 1492 2714 1493 2714 1478 2714 1495 2715 1496 2715 1494 2715 1443 2716 1263 2716 1309 2716 1496 2717 1443 2717 1475 2717 1497 2718 1495 2718 1493 2718 1498 2719 1497 2719 1492 2719 1488 2720 1491 2720 1481 2720 1499 2721 1500 2721 1488 2721 1490 2722 1499 2722 1487 2722 1500 2723 1498 2723 1491 2723 1502 2724 1503 2724 1500 2724 1501 2725 1502 2725 1499 2725 1506 2726 1507 2726 1489 2726 1489 2727 1486 2727 1506 2727 1509 2728 1511 2728 1512 2728 1512 2729 1508 2729 1509 2729 1505 2730 1490 2730 1489 2730 1508 2731 1512 2731 1507 2731 1507 2732 1506 2732 1508 2732 1512 2733 1505 2733 1507 2733 1510 2734 1513 2734 1511 2734 1511 2735 1509 2735 1510 2735 1514 2736 1515 2736 1513 2736 1513 2737 1510 2737 1514 2737 1518 2738 1519 2738 1516 2738 1519 2739 1515 2739 1514 2739 1453 2740 1518 2740 1517 2740 1452 2741 1518 2741 1453 2741 1521 2742 1501 2742 1490 2742 1522 2743 1523 2743 1512 2743 1523 2744 1521 2744 1505 2744 1524 2745 1522 2745 1511 2745 1520 2746 1524 2746 1513 2746 1525 2747 1526 2747 1522 2747 1527 2748 1504 2748 1501 2748 1528 2749 1527 2749 1521 2749 1525 2750 1528 2750 1526 2750 1529 2751 1525 2751 1524 2751 1530 2752 1529 2752 1520 2752 1532 2753 1520 2753 1515 2753 1531 2754 1532 2754 1519 2754 1533 2755 1531 2755 1518 2755 1451 2756 1533 2756 1452 2756 1534 2757 1535 2757 1531 2757 1535 2758 1530 2758 1532 2758 1440 2759 1534 2759 1533 2759 1536 2760 1537 2760 1363 2760 1527 2761 1538 2761 1504 2761 1536 2762 1362 2762 1366 2762 1539 2763 1540 2763 1497 2763 1541 2764 1542 2764 1496 2764 1542 2765 1442 2765 1443 2765 1540 2766 1495 2766 1497 2766 1503 2767 1539 2767 1498 2767 1538 2768 1543 2768 1502 2768 1543 2769 1544 2769 1503 2769 1546 2770 1540 2770 1539 2770 1542 2771 1541 2771 1547 2771 1536 2772 1442 2772 1542 2772 1547 2773 1541 2773 1540 2773 1549 2774 1539 2774 1544 2774 1550 2775 1543 2775 1538 2775 1545 2776 1550 2776 1538 2776 1552 2777 1544 2777 1551 2777 1553 2778 1550 2778 1545 2778 1556 2779 1555 2779 1525 2779 1554 2780 1556 2780 1529 2780 1558 2781 1545 2781 1527 2781 1557 2782 1558 2782 1528 2782 1559 2783 1557 2783 1555 2783 1554 2784 1559 2784 1556 2784 1561 2785 1554 2785 1530 2785 1560 2786 1561 2786 1535 2786 1562 2787 1560 2787 1534 2787 1439 2788 1562 2788 1440 2788 1563 2789 1564 2789 1554 2789 1566 2790 1545 2790 1558 2790 1565 2791 1558 2791 1557 2791 1567 2792 1557 2792 1559 2792 1568 2793 1569 2793 1560 2793 1569 2794 1563 2794 1561 2794 1446 2795 1568 2795 1562 2795 1444 2796 1570 2796 1446 2796 1571 2797 1553 2797 1566 2797 1400 2798 1537 2798 1182 2798 1572 2799 1546 2799 1549 2799 1400 2800 1363 2800 1537 2800 1573 2801 1548 2801 1547 2801 1537 2802 1536 2802 1548 2802 1574 2803 1547 2803 1546 2803 1576 2804 1552 2804 1551 2804 1575 2805 1549 2805 1552 2805 1577 2806 1551 2806 1553 2806 1180 2807 1572 2807 1575 2807 1182 2808 425 2808 1400 2808 1181 2809 1573 2809 1574 2809 1182 2810 1537 2810 1573 2810 1579 2811 1574 2811 1572 2811 1577 2812 1177 2812 1178 2812 1179 2813 1575 2813 1576 2813 1578 2814 1176 2814 1177 2814 1578 2815 1175 2815 1176 2815 1581 2816 1564 2816 1563 2816 1571 2817 1580 2817 1578 2817 1582 2818 1565 2818 1567 2818 1583 2819 1566 2819 1565 2819 1584 2820 1567 2820 1564 2820 1582 2821 1585 2821 1586 2821 1583 2822 1586 2822 1580 2822 1584 2823 1587 2823 1585 2823 1581 2824 1588 2824 1587 2824 1589 2825 1569 2825 1568 2825 1590 2826 1563 2826 1569 2826 1570 2827 1450 2827 1589 2827 1580 2828 1174 2828 1175 2828 1586 2829 1173 2829 1174 2829 1587 2830 1171 2830 1172 2830 1585 2831 1172 2831 1173 2831 1589 2832 1169 2832 1170 2832 1590 2833 1170 2833 1588 2833 1589 2834 1168 2834 1169 2834 1450 2835 1167 2835 1168 2835 1462 2836 1591 2836 1238 2836 1460 2837 1237 2837 1187 2837 1460 2838 1592 2838 1237 2838 1463 2839 1187 2839 1222 2839 1220 2840 1221 2840 1471 2840 1221 2841 1211 2841 1471 2841 1471 2842 1211 2842 1472 2842 1472 2843 1211 2843 1212 2843 1212 2844 1215 2844 1448 2844 1447 2845 1215 2845 1449 2845 1216 2846 1445 2846 1449 2846 1445 2847 1216 2847 1163 2847 1158 2848 1160 2848 1444 2848 1476 2849 1295 2849 1435 2849 1476 2850 1435 2850 1593 2850 1478 2851 1476 2851 1594 2851 1478 2852 1594 2852 1595 2852 1595 2853 1479 2853 1478 2853 1595 2854 1482 2854 1479 2854 1482 2855 1595 2855 1485 2855 1485 2856 1596 2856 1484 2856 1486 2857 1484 2857 1596 2857 1506 2858 1486 2858 1596 2858 1597 2859 1508 2859 1506 2859 1598 2860 1509 2860 1508 2860 1510 2861 1509 2861 1599 2861 1509 2862 1598 2862 1599 2862 1514 2863 1510 2863 1599 2863 1514 2864 1599 2864 1600 2864 1600 2865 1516 2865 1514 2865 1600 2866 1517 2866 1516 2866 1517 2867 1600 2867 1455 2867 1456 2868 1454 2868 1601 2868 1454 2869 1455 2869 1601 2869 1601 2870 1457 2870 1456 2870 1602 2871 1458 2871 1457 2871 1459 2872 1458 2872 1603 2872 1459 2873 1603 2873 1461 2873 1591 2874 1604 2874 1235 2874 1241 2875 1235 2875 1604 2875 1232 2876 1241 2876 1605 2876 1604 2877 1605 2877 1241 2877 1605 2878 1606 2878 1249 2878 1249 2879 1232 2879 1605 2879 1606 2880 1607 2880 1248 2880 1607 2881 1608 2881 1248 2881 1256 2882 1248 2882 1608 2882 1608 2883 838 2883 1256 2883 1248 2884 1249 2884 1606 2884 1602 2885 1603 2885 1458 2885 1601 2886 1602 2886 1457 2886 1597 2887 1598 2887 1508 2887 1596 2888 1597 2888 1506 2888 1593 2889 1594 2889 1476 2889 1154 2890 1167 2890 1160 2890 1222 2891 1220 2891 1468 2891 1186 2892 1222 2892 1187 2892 1238 2893 1237 2893 1592 2893 1238 2894 1592 2894 1462 2894 1235 2895 1238 2895 1591 2895 1168 2896 1589 2896 1450 2896 1170 2897 1590 2897 1589 2897 1172 2898 1585 2898 1587 2898 1174 2899 1580 2899 1586 2899 1173 2900 1586 2900 1585 2900 1171 2901 1587 2901 1588 2901 1450 2902 1570 2902 1444 2902 1588 2903 1581 2903 1590 2903 1568 2904 1570 2904 1589 2904 1569 2905 1589 2905 1590 2905 1563 2906 1590 2906 1581 2906 1587 2907 1584 2907 1581 2907 1585 2908 1582 2908 1584 2908 1586 2909 1583 2909 1582 2909 1580 2910 1571 2910 1583 2910 1564 2911 1581 2911 1584 2911 1567 2912 1584 2912 1582 2912 1565 2913 1582 2913 1583 2913 1566 2914 1583 2914 1571 2914 1175 2915 1578 2915 1580 2915 1177 2916 1577 2916 1578 2916 1575 2917 1179 2917 1180 2917 1576 2918 1178 2918 1179 2918 1178 2919 1576 2919 1577 2919 1572 2920 1180 2920 1579 2920 1574 2921 1579 2921 1181 2921 1573 2922 1181 2922 1182 2922 1553 2923 1571 2923 1578 2923 1553 2924 1578 2924 1577 2924 1552 2925 1576 2925 1575 2925 1551 2926 1577 2926 1576 2926 1546 2927 1572 2927 1574 2927 1548 2928 1573 2928 1537 2928 1547 2929 1574 2929 1573 2929 1549 2930 1575 2930 1572 2930 1568 2931 1446 2931 1570 2931 1562 2932 1439 2932 1446 2932 1560 2933 1562 2933 1568 2933 1561 2934 1560 2934 1569 2934 1554 2935 1561 2935 1563 2935 1559 2936 1564 2936 1567 2936 1558 2937 1565 2937 1566 2937 1557 2938 1567 2938 1565 2938 1559 2939 1554 2939 1564 2939 1545 2940 1566 2940 1553 2940 1534 2941 1440 2941 1562 2941 1530 2942 1535 2942 1561 2942 1535 2943 1534 2943 1560 2943 1555 2944 1556 2944 1559 2944 1528 2945 1555 2945 1557 2945 1527 2946 1528 2946 1558 2946 1525 2947 1529 2947 1556 2947 1528 2948 1525 2948 1555 2948 1538 2949 1527 2949 1545 2949 1529 2950 1530 2950 1554 2950 1550 2951 1553 2951 1551 2951 1544 2952 1552 2952 1549 2952 1543 2953 1550 2953 1551 2953 1543 2954 1551 2954 1544 2954 1540 2955 1546 2955 1547 2955 1542 2956 1548 2956 1536 2956 1547 2957 1548 2957 1542 2957 1539 2958 1549 2958 1546 2958 1539 2959 1503 2959 1544 2959 1502 2960 1504 2960 1538 2960 1503 2961 1502 2961 1543 2961 1540 2962 1541 2962 1495 2962 1443 2963 1496 2963 1542 2963 1496 2964 1495 2964 1541 2964 1497 2965 1498 2965 1539 2965 1366 2966 1442 2966 1536 2966 1363 2967 1362 2967 1536 2967 1533 2968 1451 2968 1440 2968 1531 2969 1533 2969 1534 2969 1532 2970 1531 2970 1535 2970 1520 2971 1532 2971 1530 2971 1518 2972 1452 2972 1533 2972 1515 2973 1519 2973 1532 2973 1519 2974 1518 2974 1531 2974 1524 2975 1520 2975 1529 2975 1522 2976 1524 2976 1525 2976 1521 2977 1526 2977 1528 2977 1523 2978 1522 2978 1526 2978 1521 2979 1523 2979 1526 2979 1501 2980 1521 2980 1527 2980 1511 2981 1513 2981 1524 2981 1505 2982 1512 2982 1523 2982 1490 2983 1505 2983 1521 2983 1512 2984 1511 2984 1522 2984 1513 2985 1515 2985 1520 2985 1514 2986 1516 2986 1519 2986 1516 2987 1517 2987 1518 2987 1517 2988 1455 2988 1453 2988 1489 2989 1507 2989 1505 2989 1502 2990 1501 2990 1504 2990 1498 2991 1500 2991 1503 2991 1500 2992 1499 2992 1502 2992 1499 2993 1490 2993 1501 2993 1491 2994 1488 2994 1500 2994 1488 2995 1487 2995 1499 2995 1492 2996 1491 2996 1498 2996 1493 2997 1492 2997 1497 2997 1475 2998 1494 2998 1496 2998 1494 2999 1493 2999 1495 2999 1478 3000 1480 3000 1492 3000 1474 3001 1477 3001 1494 3001 1477 3002 1478 3002 1493 3002 1480 3003 1481 3003 1491 3003 1487 3004 1489 3004 1490 3004 1489 3005 1487 3005 1484 3005 1482 3006 1485 3006 1483 3006 1479 3007 1482 3007 1481 3007 1473 3008 1448 3008 1441 3008 1472 3009 1212 3009 1448 3009 1470 3010 1473 3010 1441 3010 1469 3011 1472 3011 1470 3011 1468 3012 1220 3012 1471 3012 1467 3013 1471 3013 1469 3013 1465 3014 1469 3014 1470 3014 1464 3015 1470 3015 1451 3015 1451 3016 1441 3016 1440 3016 1463 3017 1222 3017 1468 3017 1187 3018 1463 3018 1459 3018 1466 3019 1468 3019 1467 3019 1466 3020 1467 3020 1457 3020 1456 3021 1465 3021 1464 3021 1457 3022 1467 3022 1465 3022 1463 3023 1466 3023 1458 3023 1461 3024 1460 3024 1459 3024 1462 3025 1592 3025 1460 3025 1454 3026 1464 3026 1453 3026 1444 3027 1163 3027 1158 3027 1160 3028 1450 3028 1444 3028 1160 3029 1167 3029 1450 3029 1446 3030 1445 3030 1444 3030 1447 3031 1449 3031 1439 3031 1448 3032 1215 3032 1447 3032 1441 3033 1447 3033 1439 3033 1609 3034 1434 3034 1433 3034 1610 3035 1611 3035 1438 3035 1609 3036 1612 3036 1435 3036 1613 3037 1433 3037 1432 3037 1433 3038 1613 3038 1609 3038 1432 3039 1614 3039 1613 3039 1615 3040 1616 3040 1436 3040 1611 3041 1615 3041 1437 3041 835 3042 1617 3042 1610 3042 1435 3043 1434 3043 1609 3043 1618 3044 1614 3044 1431 3044 1619 3045 1421 3045 1420 3045 1615 3046 1436 3046 1437 3046 1614 3047 1432 3047 1431 3047 1616 3048 1419 3048 1436 3048 835 3049 838 3049 1617 3049 1430 3050 1621 3050 1620 3050 1619 3051 1622 3051 1421 3051 1420 3052 1623 3052 1619 3052 1623 3053 1420 3053 1419 3053 1438 3054 835 3054 1610 3054 1431 3055 1620 3055 1618 3055 1624 3056 1621 3056 1430 3056 1419 3057 1616 3057 1623 3057 1437 3058 1438 3058 1611 3058 1431 3059 1430 3059 1620 3059 1625 3060 1624 3060 1428 3060 1626 3061 1625 3061 1427 3061 1430 3062 1429 3062 1624 3062 1625 3063 1428 3063 1427 3063 1627 3064 1628 3064 1424 3064 1423 3065 1629 3065 1627 3065 1622 3066 1629 3066 1422 3066 1622 3067 1422 3067 1421 3067 1624 3068 1429 3068 1428 3068 1427 3069 1630 3069 1626 3069 1631 3070 1630 3070 1426 3070 1632 3071 1631 3071 1426 3071 1426 3072 1337 3072 1632 3072 1337 3073 1633 3073 1632 3073 1628 3074 1425 3074 1424 3074 1427 3075 1426 3075 1630 3075 1425 3076 1628 3076 1633 3076 1423 3077 1422 3077 1629 3077 1424 3078 1423 3078 1627 3078 1337 3079 1425 3079 1633 3079 1635 3080 1636 3080 1594 3080 1634 3081 1617 3081 838 3081 1636 3082 1637 3082 1595 3082 1594 3083 1593 3083 1635 3083 1638 3084 1608 3084 1607 3084 1638 3085 1607 3085 1606 3085 1639 3086 1606 3086 1605 3086 1435 3087 1612 3087 1635 3087 838 3088 1608 3088 1634 3088 1608 3089 1638 3089 1634 3089 1606 3090 1639 3090 1638 3090 1640 3091 1641 3091 1604 3091 1595 3092 1594 3092 1636 3092 1593 3093 1435 3093 1635 3093 1605 3094 1643 3094 1639 3094 1604 3095 1591 3095 1640 3095 1644 3096 1645 3096 1596 3096 1595 3097 1637 3097 1642 3097 1642 3098 1485 3098 1595 3098 1641 3099 1643 3099 1604 3099 1643 3100 1605 3100 1604 3100 1642 3101 1644 3101 1485 3101 1644 3102 1596 3102 1485 3102 1640 3103 1591 3103 1462 3103 1646 3104 1597 3104 1596 3104 1462 3105 1647 3105 1640 3105 1648 3106 1649 3106 1603 3106 1596 3107 1645 3107 1646 3107 1650 3108 1652 3108 1599 3108 1599 3109 1651 3109 1650 3109 1462 3110 1461 3110 1647 3110 1461 3111 1649 3111 1647 3111 1648 3112 1603 3112 1602 3112 1598 3113 1646 3113 1651 3113 1649 3114 1461 3114 1603 3114 1602 3115 1653 3115 1648 3115 1654 3116 1655 3116 1455 3116 1654 3117 1455 3117 1600 3117 1599 3118 1598 3118 1651 3118 1655 3119 1653 3119 1601 3119 1652 3120 1600 3120 1599 3120 1598 3121 1597 3121 1646 3121 1602 3122 1601 3122 1653 3122 1600 3123 1656 3123 1654 3123 1600 3124 1652 3124 1656 3124 1655 3125 1601 3125 1455 3125 1657 3126 1658 3126 1617 3126 1659 3127 1657 3127 1634 3127 1660 3128 1659 3128 1638 3128 1661 3129 1660 3129 1639 3129 1662 3130 1661 3130 1643 3130 1663 3131 1662 3131 1641 3131 1664 3132 1663 3132 1640 3132 1665 3133 1664 3133 1647 3133 1666 3134 1665 3134 1649 3134 1667 3135 1666 3135 1648 3135 1668 3136 1667 3136 1653 3136 1669 3137 1668 3137 1655 3137 1669 3138 1654 3138 1656 3138 1670 3139 1656 3139 1652 3139 1671 3140 1652 3140 1650 3140 1672 3141 1650 3141 1651 3141 1673 3142 1651 3142 1646 3142 1674 3143 1646 3143 1645 3143 1675 3144 1645 3144 1644 3144 1676 3145 1644 3145 1642 3145 1677 3146 1642 3146 1637 3146 1678 3147 1637 3147 1636 3147 1679 3148 1636 3148 1635 3148 1680 3149 1635 3149 1612 3149 1681 3150 1682 3150 1612 3150 1683 3151 1681 3151 1609 3151 1684 3152 1683 3152 1613 3152 1685 3153 1684 3153 1614 3153 1686 3154 1685 3154 1618 3154 1687 3155 1686 3155 1620 3155 1688 3156 1687 3156 1621 3156 1689 3157 1688 3157 1624 3157 1690 3158 1689 3158 1625 3158 1691 3159 1690 3159 1626 3159 1692 3160 1691 3160 1630 3160 1693 3161 1692 3161 1631 3161 1693 3162 1632 3162 1633 3162 1694 3163 1633 3163 1628 3163 1695 3164 1628 3164 1627 3164 1696 3165 1627 3165 1629 3165 1697 3166 1629 3166 1622 3166 1698 3167 1622 3167 1619 3167 1699 3168 1619 3168 1623 3168 1700 3169 1623 3169 1616 3169 1701 3170 1616 3170 1615 3170 1702 3171 1615 3171 1611 3171 1703 3172 1611 3172 1610 3172 1704 3173 1610 3173 1617 3173 1617 3174 1658 3174 1704 3174 1610 3175 1704 3175 1703 3175 1611 3176 1703 3176 1702 3176 1615 3177 1702 3177 1701 3177 1616 3178 1701 3178 1700 3178 1623 3179 1700 3179 1699 3179 1619 3180 1699 3180 1698 3180 1622 3181 1698 3181 1697 3181 1629 3182 1697 3182 1696 3182 1627 3183 1696 3183 1695 3183 1628 3184 1695 3184 1694 3184 1633 3185 1694 3185 1693 3185 1631 3186 1632 3186 1693 3186 1630 3187 1631 3187 1692 3187 1626 3188 1630 3188 1691 3188 1625 3189 1626 3189 1690 3189 1624 3190 1625 3190 1689 3190 1621 3191 1624 3191 1688 3191 1620 3192 1621 3192 1687 3192 1618 3193 1620 3193 1686 3193 1614 3194 1618 3194 1685 3194 1613 3195 1614 3195 1684 3195 1609 3196 1613 3196 1683 3196 1612 3197 1609 3197 1681 3197 1612 3198 1682 3198 1680 3198 1635 3199 1680 3199 1679 3199 1636 3200 1679 3200 1678 3200 1637 3201 1678 3201 1677 3201 1642 3202 1677 3202 1676 3202 1644 3203 1676 3203 1675 3203 1645 3204 1675 3204 1674 3204 1646 3205 1674 3205 1673 3205 1651 3206 1673 3206 1672 3206 1650 3207 1672 3207 1671 3207 1652 3208 1671 3208 1670 3208 1656 3209 1670 3209 1669 3209 1655 3210 1654 3210 1669 3210 1653 3211 1655 3211 1668 3211 1648 3212 1653 3212 1667 3212 1649 3213 1648 3213 1666 3213 1647 3214 1649 3214 1665 3214 1640 3215 1647 3215 1664 3215 1641 3216 1640 3216 1663 3216 1643 3217 1641 3217 1662 3217 1639 3218 1643 3218 1661 3218 1638 3219 1639 3219 1660 3219 1634 3220 1638 3220 1659 3220 1617 3221 1634 3221 1657 3221 1678 3222 1705 3222 1706 3222 1672 3223 1673 3223 1707 3223 1676 3223 1708 3223 1709 3223 1677 3224 1706 3224 1708 3224 1706 3225 1677 3225 1678 3225 1679 3223 1680 3223 1710 3223 1684 3226 1685 3226 1711 3226 1702 3227 1712 3227 1713 3227 1671 3228 1714 3228 1715 3228 1714 3229 1671 3229 1672 3229 1673 3230 1674 3230 1716 3230 1674 3223 1675 3223 1709 3223 1708 3231 1676 3231 1677 3231 1710 3232 1705 3232 1679 3232 1680 3233 1682 3233 1717 3233 1681 3234 1718 3234 1717 3234 1683 3235 1719 3235 1718 3235 1719 3236 1683 3236 1684 3236 1685 3223 1686 3223 1720 3223 1686 3223 1687 3223 1721 3223 1690 3237 1722 3237 1723 3237 1700 3223 1724 3223 1725 3223 1701 3223 1713 3223 1724 3223 1713 3238 1701 3238 1702 3238 1703 3223 1704 3223 1726 3223 1707 3223 1714 3223 1672 3223 1709 3239 1716 3239 1674 3239 1678 3240 1679 3240 1705 3240 1717 3241 1682 3241 1681 3241 1711 3223 1719 3223 1684 3223 1721 3223 1720 3223 1686 3223 1688 3242 1727 3242 1721 3242 1689 3243 1723 3243 1727 3243 1723 3244 1689 3244 1690 3244 1691 3245 1692 3245 1728 3245 1694 3246 1729 3246 1730 3246 1695 3247 1731 3247 1729 3247 1696 3248 1732 3248 1731 3248 1724 3249 1700 3249 1701 3249 1726 3223 1712 3223 1703 3223 1704 3250 1658 3250 1733 3250 1657 3251 1734 3251 1733 3251 1660 3252 1735 3252 1736 3252 1666 3253 1737 3253 1738 3253 1670 3254 1715 3254 1739 3254 1716 3223 1707 3223 1673 3223 1717 3255 1710 3255 1680 3255 1720 3223 1711 3223 1685 3223 1727 3256 1688 3256 1689 3256 1728 3257 1722 3257 1691 3257 1692 3223 1693 3223 1730 3223 1729 3223 1694 3223 1695 3223 1731 3258 1695 3258 1696 3258 1697 3259 1698 3259 1740 3259 1702 3223 1703 3223 1712 3223 1733 3260 1658 3260 1657 3260 1659 3223 1736 3223 1734 3223 1736 3261 1659 3261 1660 3261 1664 3262 1741 3262 1742 3262 1665 3263 1738 3263 1741 3263 1738 3264 1665 3264 1666 3264 1667 3265 1668 3265 1743 3265 1715 3223 1670 3223 1671 3223 1718 3266 1681 3266 1683 3266 1690 3267 1691 3267 1722 3267 1730 3223 1693 3223 1694 3223 1740 3223 1732 3223 1697 3223 1698 3223 1699 3223 1725 3223 1733 3268 1726 3268 1704 3268 1660 3269 1661 3269 1735 3269 1741 3270 1664 3270 1665 3270 1743 3271 1737 3271 1667 3271 1709 3272 1675 3272 1676 3272 1730 3273 1728 3273 1692 3273 1725 3274 1740 3274 1698 3274 1734 3275 1657 3275 1659 3275 1661 3276 1662 3276 1744 3276 1662 3277 1663 3277 1742 3277 1666 3278 1667 3278 1737 3278 1668 3223 1669 3223 1739 3223 1721 3223 1687 3223 1688 3223 1725 3279 1699 3279 1700 3279 1742 3223 1744 3223 1662 3223 1739 3280 1743 3280 1668 3280 1696 3223 1697 3223 1732 3223 1742 3281 1663 3281 1664 3281 1744 3223 1735 3223 1661 3223 1739 3223 1669 3223 1670 3223 1715 3282 1745 3282 1746 3282 1714 3283 1747 3283 1745 3283 1707 3284 1748 3284 1747 3284 1716 3285 1749 3285 1748 3285 1709 3286 1750 3286 1749 3286 1708 3287 1751 3287 1750 3287 1706 3288 1752 3288 1751 3288 1705 3289 1753 3289 1752 3289 1710 3290 1754 3290 1753 3290 1717 3291 1755 3291 1754 3291 1718 3292 1756 3292 1755 3292 1719 3293 1757 3293 1756 3293 1711 3294 1758 3294 1757 3294 1720 3295 1759 3295 1758 3295 1721 3296 1760 3296 1759 3296 1727 3297 1761 3297 1760 3297 1723 3298 1762 3298 1761 3298 1722 3299 1763 3299 1762 3299 1728 3300 1764 3300 1763 3300 1730 3301 1765 3301 1764 3301 1729 3302 1766 3302 1765 3302 1731 3303 1767 3303 1766 3303 1732 3304 1768 3304 1767 3304 1740 3305 1769 3305 1768 3305 1725 3306 1770 3306 1769 3306 1724 3307 1771 3307 1770 3307 1713 3308 1772 3308 1771 3308 1712 3309 1773 3309 1772 3309 1726 3310 1774 3310 1773 3310 1733 3311 1775 3311 1774 3311 1734 3312 1776 3312 1775 3312 1736 3313 1777 3313 1776 3313 1735 3314 1778 3314 1777 3314 1744 3315 1779 3315 1778 3315 1742 3316 1780 3316 1779 3316 1741 3317 1781 3317 1780 3317 1738 3318 1782 3318 1781 3318 1737 3319 1783 3319 1782 3319 1743 3320 1784 3320 1783 3320 1739 3321 1746 3321 1784 3321 1784 3322 1743 3322 1739 3322 1783 3323 1737 3323 1743 3323 1782 3324 1738 3324 1737 3324 1781 3318 1741 3318 1738 3318 1780 3317 1742 3317 1741 3317 1779 3316 1744 3316 1742 3316 1778 3315 1735 3315 1744 3315 1777 3325 1736 3325 1735 3325 1776 3313 1734 3313 1736 3313 1775 3312 1733 3312 1734 3312 1774 3311 1726 3311 1733 3311 1773 3310 1712 3310 1726 3310 1772 3326 1713 3326 1712 3326 1771 3327 1724 3327 1713 3327 1770 3307 1725 3307 1724 3307 1769 3306 1740 3306 1725 3306 1768 3305 1732 3305 1740 3305 1767 3328 1731 3328 1732 3328 1766 3329 1729 3329 1731 3329 1765 3330 1730 3330 1729 3330 1764 3331 1728 3331 1730 3331 1763 3332 1722 3332 1728 3332 1762 3333 1723 3333 1722 3333 1761 3334 1727 3334 1723 3334 1760 3297 1721 3297 1727 3297 1759 3296 1720 3296 1721 3296 1758 3335 1711 3335 1720 3335 1757 3294 1719 3294 1711 3294 1756 3336 1718 3336 1719 3336 1755 3292 1717 3292 1718 3292 1754 3291 1710 3291 1717 3291 1753 3337 1705 3337 1710 3337 1752 3289 1706 3289 1705 3289 1751 3338 1708 3338 1706 3338 1750 3287 1709 3287 1708 3287 1749 3286 1716 3286 1709 3286 1748 3339 1707 3339 1716 3339 1747 3340 1714 3340 1707 3340 1745 3341 1715 3341 1714 3341 1746 3342 1739 3342 1715 3342 1755 3223 1751 3223 1752 3223 1765 3223 1761 3223 1762 3223 1752 3223 1753 3223 1755 3223 1755 3343 1749 3343 1750 3343 1755 3344 1747 3344 1748 3344 1755 3345 1746 3345 1745 3345 1757 3346 1773 3346 1774 3346 1757 3347 1771 3347 1772 3347 1762 3223 1763 3223 1765 3223 1765 3348 1759 3348 1760 3348 1750 3223 1751 3223 1755 3223 1745 3349 1747 3349 1755 3349 1757 3350 1783 3350 1784 3350 1757 3351 1781 3351 1782 3351 1772 3223 1773 3223 1757 3223 1757 3352 1769 3352 1770 3352 1760 3223 1761 3223 1765 3223 1765 3353 1757 3353 1758 3353 1746 3354 1755 3354 1756 3354 1748 3223 1749 3223 1755 3223 1782 3355 1783 3355 1757 3355 1757 3356 1779 3356 1780 3356 1770 3223 1771 3223 1757 3223 1758 3223 1759 3223 1765 3223 1753 3357 1754 3357 1755 3357 1780 3223 1781 3223 1757 3223 1757 3358 1775 3358 1776 3358 1757 3359 1768 3359 1769 3359 1757 3360 1766 3360 1767 3360 1763 3361 1764 3361 1765 3361 1784 3223 1746 3223 1757 3223 1757 3223 1777 3223 1778 3223 1774 3223 1775 3223 1757 3223 1765 3223 1766 3223 1757 3223 1778 3362 1779 3362 1757 3362 1767 3223 1768 3223 1757 3223 1776 3363 1777 3363 1757 3363 1756 3223 1757 3223 1746 3223 1785 3364 1786 3364 734 3364 1785 3365 531 3365 733 3365 1787 3366 735 3366 734 3366 734 3367 531 3367 1785 3367 1788 3368 1789 3368 738 3368 1791 3369 718 3369 727 3369 1793 3370 720 3370 719 3370 1794 3371 1795 3371 733 3371 734 3372 1786 3372 1787 3372 1789 3373 1797 3373 739 3373 1798 3374 1799 3374 725 3374 1800 3375 727 3375 726 3375 727 3376 1800 3376 1790 3376 1791 3377 1801 3377 718 3377 1802 3378 730 3378 729 3378 719 3379 1803 3379 1793 3379 1804 3380 1794 3380 732 3380 1796 3381 737 3381 736 3381 737 3382 1796 3382 1788 3382 739 3383 738 3383 1789 3383 1806 3384 1798 3384 724 3384 725 3385 724 3385 1798 3385 727 3386 1790 3386 1791 3386 1808 3387 1809 3387 728 3387 1809 3388 729 3388 728 3388 730 3389 1802 3389 1792 3389 733 3390 732 3390 1794 3390 736 3391 1787 3391 1805 3391 736 3392 735 3392 1787 3392 725 3393 1799 3393 1807 3393 729 3394 1809 3394 1802 3394 731 3395 730 3395 1792 3395 720 3396 1793 3396 1804 3396 1805 3397 1796 3397 736 3397 738 3398 737 3398 1788 3398 1811 3399 744 3399 743 3399 1812 3400 1806 3400 723 3400 1801 3401 728 3401 718 3401 1801 3402 1808 3402 728 3402 732 3403 720 3403 1804 3403 1813 3404 740 3404 739 3404 1814 3405 1815 3405 741 3405 1816 3406 743 3406 742 3406 1817 3407 1818 3407 722 3407 1819 3408 1812 3408 723 3408 1807 3409 726 3409 725 3409 740 3410 1813 3410 1810 3410 742 3411 1821 3411 1816 3411 743 3412 1816 3412 1811 3412 722 3413 721 3413 1817 3413 731 3414 1792 3414 1803 3414 733 3415 1795 3415 1785 3415 739 3416 1797 3416 1813 3416 740 3417 1810 3417 1814 3417 1822 3418 745 3418 744 3418 1819 3419 723 3419 722 3419 726 3420 1807 3420 1820 3420 741 3421 740 3421 1814 3421 1815 3422 1821 3422 742 3422 1822 3423 1823 3423 745 3423 719 3424 731 3424 1803 3424 742 3425 741 3425 1815 3425 744 3426 1811 3426 1822 3426 1823 3427 1824 3427 746 3427 722 3428 1818 3428 1819 3428 726 3429 1820 3429 1800 3429 747 3430 746 3430 1824 3430 724 3431 723 3431 1806 3431 746 3432 745 3432 1823 3432 1824 3433 1823 3433 1825 3433 1823 3434 1826 3434 1825 3434 1823 3435 1822 3435 1827 3435 1822 3436 1811 3436 1828 3436 1811 3437 1816 3437 1828 3437 1816 3438 1829 3438 1828 3438 1816 3439 1821 3439 1829 3439 1821 3440 1830 3440 1829 3440 1821 3441 1815 3441 1831 3441 1815 3442 1814 3442 1832 3442 1814 3443 1810 3443 1833 3443 1810 3444 1813 3444 1833 3444 1813 3445 1834 3445 1833 3445 1813 3446 1797 3446 1835 3446 1797 3447 1789 3447 1836 3447 1789 3448 1788 3448 1837 3448 1788 3449 1796 3449 1838 3449 1796 3450 1805 3450 1839 3450 1805 3451 1787 3451 1840 3451 1787 3452 1786 3452 1841 3452 1786 3453 1785 3453 1842 3453 1785 3454 1795 3454 1843 3454 1795 3455 1794 3455 1844 3455 1794 3456 1804 3456 1845 3456 1804 3457 1793 3457 1846 3457 1793 3458 1803 3458 1847 3458 1803 3459 1792 3459 1848 3459 1792 3460 1802 3460 1849 3460 1802 3461 1809 3461 1850 3461 1809 3462 1808 3462 1851 3462 1808 3463 1801 3463 1852 3463 1801 3464 1791 3464 1853 3464 1791 3465 1790 3465 1853 3465 1790 3466 1854 3466 1853 3466 1790 3467 1800 3467 1855 3467 1800 3468 1820 3468 1856 3468 1820 3469 1807 3469 1857 3469 1807 3470 1799 3470 1858 3470 1799 3471 1798 3471 1859 3471 1798 3472 1806 3472 1860 3472 1806 3473 1812 3473 1861 3473 1812 3474 1819 3474 1862 3474 1819 3475 1818 3475 1863 3475 1818 3476 1817 3476 1864 3476 1864 3477 1863 3477 1818 3477 1863 3478 1862 3478 1819 3478 1862 3479 1861 3479 1812 3479 1861 3480 1860 3480 1806 3480 1860 3481 1859 3481 1798 3481 1859 3482 1858 3482 1799 3482 1858 3483 1857 3483 1807 3483 1857 3484 1856 3484 1820 3484 1856 3485 1855 3485 1800 3485 1855 3486 1854 3486 1790 3486 1853 3487 1852 3487 1801 3487 1852 3488 1851 3488 1808 3488 1851 3489 1850 3489 1809 3489 1850 3490 1849 3490 1802 3490 1849 3491 1848 3491 1792 3491 1848 3492 1847 3492 1803 3492 1847 3493 1846 3493 1793 3493 1846 3494 1845 3494 1804 3494 1845 3495 1844 3495 1794 3495 1844 3496 1843 3496 1795 3496 1843 3497 1842 3497 1785 3497 1842 3498 1841 3498 1786 3498 1841 3499 1840 3499 1787 3499 1840 3500 1839 3500 1805 3500 1839 3501 1838 3501 1796 3501 1838 3502 1837 3502 1788 3502 1837 3503 1836 3503 1789 3503 1836 3504 1835 3504 1797 3504 1835 3505 1834 3505 1813 3505 1833 3506 1832 3506 1814 3506 1832 3507 1831 3507 1815 3507 1831 3508 1830 3508 1821 3508 1828 3509 1827 3509 1822 3509 1827 3510 1826 3510 1823 3510 1865 3511 907 3511 1113 3511 1866 3512 1867 3512 1113 3512 1113 3513 1867 3513 1865 3513 1865 3514 1868 3514 907 3514 1869 3515 1870 3515 1110 3515 1113 3516 1112 3516 1866 3516 1869 3517 1110 3517 1109 3517 1873 3518 1874 3518 1090 3518 1875 3519 1876 3519 1117 3519 1877 3520 1878 3520 1088 3520 1878 3521 1879 3521 1120 3521 1109 3522 1880 3522 1871 3522 1109 3523 1108 3523 1880 3523 1109 3524 1871 3524 1869 3524 1881 3525 1866 3525 1112 3525 1114 3526 1868 3526 1872 3526 1872 3527 1115 3527 1114 3527 1882 3528 1873 3528 1090 3528 1874 3529 1116 3529 1090 3529 1877 3530 1088 3530 1087 3530 1879 3531 1883 3531 1121 3531 1885 3532 1886 3532 1107 3532 1111 3533 1110 3533 1870 3533 1112 3534 1111 3534 1881 3534 1875 3535 1117 3535 1116 3535 1118 3536 1117 3536 1876 3536 1876 3537 1887 3537 1118 3537 1121 3538 1120 3538 1879 3538 1889 3539 1890 3539 1122 3539 1891 3540 1124 3540 1123 3540 1892 3541 1893 3541 1104 3541 1115 3542 1872 3542 1882 3542 1119 3543 1887 3543 1888 3543 1123 3544 1884 3544 1891 3544 1104 3545 1103 3545 1892 3545 1893 3546 1894 3546 1105 3546 1895 3547 1885 3547 1107 3547 1868 3548 1114 3548 907 3548 1090 3549 1115 3549 1882 3549 1874 3550 1875 3550 1116 3550 1896 3551 1087 3551 1119 3551 1120 3552 1088 3552 1878 3552 1123 3553 1122 3553 1890 3553 1895 3554 1107 3554 1106 3554 1108 3555 1107 3555 1886 3555 1886 3556 1880 3556 1108 3556 1111 3557 1870 3557 1881 3557 1119 3558 1118 3558 1887 3558 1119 3559 1888 3559 1896 3559 1087 3560 1896 3560 1877 3560 1883 3561 1889 3561 1121 3561 1123 3562 1890 3562 1884 3562 1899 3563 1892 3563 1103 3563 1105 3564 1104 3564 1893 3564 1106 3565 1900 3565 1895 3565 1125 3566 1124 3566 1897 3566 1898 3567 1901 3567 1126 3567 1817 3568 721 3568 1126 3568 1103 3569 1102 3569 1899 3569 1900 3570 1106 3570 1105 3570 1122 3571 1121 3571 1889 3571 1125 3572 1897 3572 1898 3572 1126 3573 1125 3573 1898 3573 1126 3574 1901 3574 1817 3574 1101 3575 1824 3575 1902 3575 1902 3576 1102 3576 1101 3576 1105 3577 1894 3577 1900 3577 1102 3578 1902 3578 1899 3578 1124 3579 1891 3579 1897 3579 1824 3580 1101 3580 747 3580 1864 3581 1817 3581 1901 3581 1901 3582 1903 3582 1864 3582 1903 3583 1901 3583 1898 3583 1898 3584 1904 3584 1903 3584 1904 3585 1898 3585 1897 3585 1897 3586 1905 3586 1904 3586 1905 3587 1897 3587 1891 3587 1891 3588 1906 3588 1905 3588 1906 3589 1891 3589 1884 3589 1884 3590 1907 3590 1906 3590 1907 3591 1884 3591 1890 3591 1890 3592 1908 3592 1907 3592 1908 3593 1890 3593 1889 3593 1889 3594 1909 3594 1908 3594 1909 3595 1889 3595 1883 3595 1883 3596 1910 3596 1909 3596 1910 3597 1883 3597 1879 3597 1879 3598 1911 3598 1910 3598 1911 3599 1879 3599 1878 3599 1878 3600 1912 3600 1911 3600 1912 3601 1878 3601 1877 3601 1877 3602 1913 3602 1912 3602 1913 3603 1877 3603 1896 3603 1896 3604 1914 3604 1913 3604 1914 3605 1896 3605 1888 3605 1888 3606 1915 3606 1914 3606 1887 3607 1916 3607 1915 3607 1915 3608 1888 3608 1887 3608 1876 3609 1917 3609 1916 3609 1916 3610 1887 3610 1876 3610 1875 3611 1918 3611 1917 3611 1917 3612 1876 3612 1875 3612 1874 3613 1919 3613 1918 3613 1918 3614 1875 3614 1874 3614 1873 3615 1920 3615 1919 3615 1919 3616 1874 3616 1873 3616 1882 3617 1921 3617 1920 3617 1920 3618 1873 3618 1882 3618 1872 3619 1922 3619 1921 3619 1921 3620 1882 3620 1872 3620 1868 3621 1923 3621 1922 3621 1922 3622 1872 3622 1868 3622 1865 3623 1924 3623 1923 3623 1923 3624 1868 3624 1865 3624 1867 3625 1925 3625 1924 3625 1924 3626 1865 3626 1867 3626 1866 3627 1926 3627 1925 3627 1925 3628 1867 3628 1866 3628 1881 3629 1927 3629 1926 3629 1926 3630 1866 3630 1881 3630 1870 3631 1928 3631 1927 3631 1927 3632 1881 3632 1870 3632 1869 3633 1929 3633 1928 3633 1928 3634 1870 3634 1869 3634 1871 3635 1930 3635 1929 3635 1929 3636 1869 3636 1871 3636 1880 3637 1931 3637 1930 3637 1930 3638 1871 3638 1880 3638 1886 3639 1932 3639 1931 3639 1931 3640 1880 3640 1886 3640 1885 3641 1933 3641 1932 3641 1932 3642 1886 3642 1885 3642 1895 3643 1934 3643 1933 3643 1933 3644 1885 3644 1895 3644 1900 3645 1935 3645 1934 3645 1934 3646 1895 3646 1900 3646 1894 3647 1936 3647 1935 3647 1935 3648 1900 3648 1894 3648 1893 3649 1937 3649 1936 3649 1936 3650 1894 3650 1893 3650 1892 3651 1938 3651 1937 3651 1937 3652 1893 3652 1892 3652 1899 3653 1939 3653 1938 3653 1938 3654 1892 3654 1899 3654 1902 3655 1940 3655 1939 3655 1939 3656 1899 3656 1902 3656 1824 3657 1825 3657 1940 3657 1940 3658 1902 3658 1824 3658 1941 3659 1942 3659 1826 3659 1942 3660 1825 3660 1826 3660 1943 3661 1941 3661 1827 3661 1944 3662 1943 3662 1828 3662 1945 3663 1944 3663 1829 3663 1944 3664 1828 3664 1829 3664 1946 3665 1945 3665 1830 3665 1945 3666 1829 3666 1830 3666 1947 3667 1946 3667 1831 3667 1948 3668 1947 3668 1832 3668 1949 3669 1948 3669 1833 3669 1950 3670 1949 3670 1834 3670 1949 3671 1833 3671 1834 3671 1951 3672 1950 3672 1835 3672 1952 3673 1951 3673 1836 3673 1953 3674 1952 3674 1837 3674 1954 3675 1953 3675 1838 3675 1955 3676 1954 3676 1839 3676 1956 3677 1955 3677 1840 3677 1957 3678 1956 3678 1841 3678 1958 3679 1957 3679 1842 3679 1959 3680 1958 3680 1843 3680 1960 3681 1959 3681 1844 3681 1961 3682 1960 3682 1845 3682 1962 3683 1961 3683 1846 3683 1963 3684 1962 3684 1847 3684 1964 3685 1963 3685 1848 3685 1965 3686 1964 3686 1849 3686 1966 3687 1965 3687 1850 3687 1967 3688 1966 3688 1851 3688 1968 3689 1967 3689 1852 3689 1969 3690 1968 3690 1853 3690 1970 3691 1969 3691 1854 3691 1969 3692 1853 3692 1854 3692 1971 3693 1970 3693 1855 3693 1972 3694 1971 3694 1856 3694 1973 3695 1972 3695 1857 3695 1974 3696 1973 3696 1858 3696 1975 3697 1974 3697 1859 3697 1976 3698 1975 3698 1860 3698 1977 3699 1976 3699 1861 3699 1978 3700 1977 3700 1862 3700 1979 3701 1978 3701 1863 3701 1864 3702 1980 3702 1979 3702 1980 3703 1864 3703 1903 3703 1903 3704 1981 3704 1980 3704 1981 3705 1903 3705 1904 3705 1904 3706 1982 3706 1981 3706 1982 3707 1904 3707 1905 3707 1905 3708 1983 3708 1982 3708 1983 3709 1905 3709 1906 3709 1906 3710 1984 3710 1983 3710 1984 3711 1906 3711 1907 3711 1907 3712 1985 3712 1984 3712 1985 3713 1907 3713 1908 3713 1908 3714 1986 3714 1985 3714 1986 3715 1908 3715 1909 3715 1909 3716 1987 3716 1986 3716 1987 3717 1909 3717 1910 3717 1910 3718 1988 3718 1987 3718 1988 3719 1910 3719 1911 3719 1911 3720 1989 3720 1988 3720 1989 3721 1911 3721 1912 3721 1912 3722 1990 3722 1989 3722 1990 3723 1912 3723 1913 3723 1913 3724 1991 3724 1990 3724 1991 3725 1913 3725 1914 3725 1914 3726 1992 3726 1991 3726 1992 3727 1914 3727 1915 3727 1915 3728 1993 3728 1992 3728 1993 3729 1915 3729 1916 3729 1916 3730 1994 3730 1993 3730 1994 3731 1916 3731 1917 3731 1917 3732 1995 3732 1994 3732 1995 3733 1917 3733 1918 3733 1918 3734 1996 3734 1995 3734 1996 3735 1918 3735 1919 3735 1919 3736 1997 3736 1996 3736 1997 3737 1919 3737 1920 3737 1920 3738 1998 3738 1997 3738 1998 3739 1920 3739 1921 3739 1921 3740 1999 3740 1998 3740 1922 3741 2000 3741 1999 3741 1999 3742 1921 3742 1922 3742 2000 3743 1922 3743 1923 3743 1923 3744 2001 3744 2000 3744 2001 3745 1923 3745 1924 3745 1924 3746 2002 3746 2001 3746 2002 3747 1924 3747 1925 3747 1925 3748 2003 3748 2002 3748 2003 3749 1925 3749 1926 3749 1926 3750 2004 3750 2003 3750 2004 3751 1926 3751 1927 3751 1927 3752 2005 3752 2004 3752 2005 3753 1927 3753 1928 3753 1928 3754 2006 3754 2005 3754 2006 3755 1928 3755 1929 3755 1929 3756 2007 3756 2006 3756 2007 3757 1929 3757 1930 3757 1930 3758 2008 3758 2007 3758 2008 3759 1930 3759 1931 3759 1931 3760 2009 3760 2008 3760 2009 3761 1931 3761 1932 3761 1932 3762 2010 3762 2009 3762 2010 3763 1932 3763 1933 3763 1933 3764 2011 3764 2010 3764 2011 3765 1933 3765 1934 3765 1934 3766 2012 3766 2011 3766 2012 3767 1934 3767 1935 3767 1935 3768 2013 3768 2012 3768 2013 3769 1935 3769 1936 3769 1936 3770 2014 3770 2013 3770 2014 3771 1936 3771 1937 3771 1937 3772 2015 3772 2014 3772 2015 3773 1937 3773 1938 3773 1938 3774 2016 3774 2015 3774 2016 3775 1938 3775 1939 3775 1939 3776 2017 3776 2016 3776 2017 3777 1939 3777 1940 3777 1940 3778 2018 3778 2017 3778 2018 3779 1940 3779 1825 3779 1825 3780 2019 3780 2018 3780 1942 3781 2019 3781 1825 3781 1863 3782 1864 3782 1979 3782 1862 3783 1863 3783 1978 3783 1861 3784 1862 3784 1977 3784 1860 3785 1861 3785 1976 3785 1859 3786 1860 3786 1975 3786 1858 3787 1859 3787 1974 3787 1857 3788 1858 3788 1973 3788 1856 3789 1857 3789 1972 3789 1855 3790 1856 3790 1971 3790 1854 3791 1855 3791 1970 3791 1852 3792 1853 3792 1968 3792 1851 3793 1852 3793 1967 3793 1850 3794 1851 3794 1966 3794 1849 3795 1850 3795 1965 3795 1848 3796 1849 3796 1964 3796 1847 3797 1848 3797 1963 3797 1846 3798 1847 3798 1962 3798 1845 3799 1846 3799 1961 3799 1844 3800 1845 3800 1960 3800 1843 3801 1844 3801 1959 3801 1842 3802 1843 3802 1958 3802 1841 3803 1842 3803 1957 3803 1840 3804 1841 3804 1956 3804 1839 3805 1840 3805 1955 3805 1838 3806 1839 3806 1954 3806 1837 3807 1838 3807 1953 3807 1836 3808 1837 3808 1952 3808 1835 3809 1836 3809 1951 3809 1834 3810 1835 3810 1950 3810 1832 3811 1833 3811 1948 3811 1831 3812 1832 3812 1947 3812 1830 3813 1831 3813 1946 3813 1827 3814 1828 3814 1943 3814 1826 3815 1827 3815 1941 3815 1979 3816 2020 3816 2021 3816 2014 3817 2015 3817 2022 3817 1976 3818 1977 3818 2023 3818 2021 3816 1978 3816 1979 3816 1980 3819 1981 3819 2024 3819 1983 3816 1984 3816 2025 3816 2010 3820 2026 3820 2027 3820 2013 3821 2028 3821 2029 3821 2028 3822 2013 3822 2014 3822 2017 3816 2030 3816 2031 3816 2032 3823 1975 3823 1976 3823 1977 3816 1978 3816 2021 3816 2024 3824 2020 3824 1980 3824 1982 3825 2033 3825 2024 3825 2033 3816 1982 3816 1983 3816 1985 3826 2034 3826 2025 3826 2027 3827 2009 3827 2010 3827 2011 3828 2012 3828 2029 3828 2022 3829 2028 3829 2014 3829 2016 3830 2031 3830 2022 3830 2031 3831 2016 3831 2017 3831 2018 3832 2019 3832 2035 3832 1941 3816 1943 3816 2036 3816 1975 3833 2032 3833 2037 3833 2021 3834 2023 3834 1977 3834 2024 3835 1981 3835 1982 3835 2025 3836 1984 3836 1985 3836 1986 3837 2038 3837 2034 3837 2029 3816 2026 3816 2011 3816 2022 3816 2015 3816 2016 3816 2035 3838 2030 3838 2018 3838 1942 3816 2039 3816 2035 3816 2039 3816 1942 3816 1941 3816 1944 3839 2040 3839 2036 3839 1945 3816 1946 3816 2041 3816 1966 3816 1967 3816 2042 3816 1969 3816 1970 3816 2043 3816 1972 3840 2044 3840 2045 3840 2023 3816 2032 3816 1976 3816 2025 3816 2033 3816 1983 3816 2034 3841 1985 3841 1986 3841 1987 3816 1988 3816 2046 3816 1999 3842 2047 3842 2048 3842 2000 3843 2001 3843 2049 3843 2029 3844 2012 3844 2013 3844 2035 3816 2019 3816 1942 3816 2036 3845 1943 3845 1944 3845 2040 3816 1944 3816 1945 3816 1948 3846 2050 3846 2051 3846 1952 3816 1953 3816 2052 3816 2053 3847 1965 3847 1966 3847 1968 3816 2054 3816 2042 3816 2054 3848 1968 3848 1969 3848 1970 3816 1971 3816 2045 3816 2045 3849 1971 3849 1972 3849 1973 3850 1974 3850 2037 3850 1979 3816 1980 3816 2020 3816 2046 3851 2038 3851 1987 3851 1990 3852 1991 3852 2055 3852 1993 3853 2056 3853 2057 3853 1996 3854 2058 3854 2059 3854 1997 3816 1998 3816 2048 3816 2048 3855 1998 3855 1999 3855 2047 3856 1999 3856 2000 3856 2001 3857 2002 3857 2060 3857 2007 3816 2008 3816 2061 3816 2017 3858 2018 3858 2030 3858 2041 3816 2040 3816 1945 3816 1946 3816 1947 3816 2051 3816 2051 3859 1947 3859 1948 3859 1949 3816 1950 3816 2062 3816 1951 3860 2063 3860 2062 3860 2063 3861 1951 3861 1952 3861 1953 3816 1954 3816 2064 3816 1962 3862 2065 3862 2066 3862 2042 3863 1967 3863 1968 3863 2045 3816 2043 3816 1970 3816 2037 3864 2044 3864 1973 3864 1986 3865 1987 3865 2038 3865 1989 3866 2067 3866 2046 3866 2067 3867 1989 3867 1990 3867 1992 3868 2057 3868 2055 3868 2057 3869 1992 3869 1993 3869 1994 3816 1995 3816 2059 3816 2059 3870 1995 3870 1996 3870 2060 3871 2049 3871 2001 3871 2003 3872 2068 3872 2060 3872 2006 3873 2069 3873 2070 3873 2069 3874 2006 3874 2007 3874 2036 3875 2039 3875 1941 3875 1948 3816 1949 3816 2050 3816 2062 3876 1950 3876 1951 3876 2064 3816 2052 3816 1953 3816 1961 3877 2066 3877 2071 3877 2066 3878 1961 3878 1962 3878 1963 3816 1964 3816 2072 3816 1965 3816 2053 3816 2072 3816 2043 3816 2054 3816 1969 3816 2037 3816 1974 3816 1975 3816 2055 3816 2067 3816 1990 3816 1993 3879 1994 3879 2056 3879 1996 3816 1997 3816 2058 3816 2049 3816 2047 3816 2000 3816 2060 3880 2002 3880 2003 3880 2004 3881 2005 3881 2070 3881 2061 3882 2069 3882 2007 3882 2009 3883 2027 3883 2061 3883 2051 3884 2041 3884 1946 3884 2052 3816 2063 3816 1952 3816 1962 3816 1963 3816 2065 3816 2072 3885 1964 3885 1965 3885 1972 3816 1973 3816 2044 3816 2055 3886 1991 3886 1992 3886 2048 3816 2058 3816 1997 3816 2070 3887 2068 3887 2004 3887 2061 3816 2008 3816 2009 3816 2062 3816 2050 3816 1949 3816 1955 3816 2073 3816 2064 3816 1959 3816 1960 3816 2071 3816 2072 3816 2065 3816 1963 3816 2046 3816 1988 3816 1989 3816 2003 3816 2004 3816 2068 3816 2010 3816 2011 3816 2026 3816 2064 3888 1954 3888 1955 3888 1956 3816 1957 3816 2074 3816 1958 3889 2075 3889 2074 3889 2075 3890 1958 3890 1959 3890 2042 3816 2053 3816 1966 3816 2070 3891 2005 3891 2006 3891 2074 3816 2073 3816 1956 3816 2071 3892 2075 3892 1959 3892 2059 3816 2056 3816 1994 3816 2074 3893 1957 3893 1958 3893 1955 3816 1956 3816 2073 3816 2071 3894 1960 3894 1961 3894 2066 3895 2076 3895 2077 3895 2065 3896 2078 3896 2076 3896 2072 3897 2079 3897 2078 3897 2053 3898 2080 3898 2079 3898 2042 3899 2081 3899 2080 3899 2054 3900 2082 3900 2081 3900 2043 3901 2083 3901 2082 3901 2045 3902 2084 3902 2083 3902 2044 3903 2085 3903 2084 3903 2037 3904 2086 3904 2085 3904 2032 3905 2087 3905 2086 3905 2023 3906 2088 3906 2087 3906 2021 3907 2089 3907 2088 3907 2020 3908 2090 3908 2089 3908 2024 3909 2091 3909 2090 3909 2033 3910 2092 3910 2091 3910 2025 3911 2093 3911 2092 3911 2034 3912 2094 3912 2093 3912 2038 3913 2095 3913 2094 3913 2046 3914 2096 3914 2095 3914 2067 3915 2097 3915 2096 3915 2055 3916 2098 3916 2097 3916 2057 3917 2099 3917 2098 3917 2056 3918 2100 3918 2099 3918 2059 3919 2101 3919 2100 3919 2058 3920 2102 3920 2101 3920 2048 3921 2103 3921 2102 3921 2047 3922 2104 3922 2103 3922 2049 3923 2105 3923 2104 3923 2060 3924 2106 3924 2105 3924 2068 3925 2107 3925 2106 3925 2070 3926 2108 3926 2107 3926 2069 3927 2109 3927 2108 3927 2061 3928 2110 3928 2109 3928 2027 3929 2111 3929 2110 3929 2026 3930 2112 3930 2111 3930 2029 3931 2113 3931 2112 3931 2028 3932 2114 3932 2113 3932 2022 3933 2115 3933 2114 3933 2031 3934 2116 3934 2115 3934 2030 3935 2117 3935 2116 3935 2035 3936 2118 3936 2117 3936 2039 3937 2119 3937 2118 3937 2036 3938 2120 3938 2119 3938 2040 3939 2121 3939 2120 3939 2041 3940 2122 3940 2121 3940 2051 3941 2123 3941 2122 3941 2050 3942 2124 3942 2123 3942 2062 3943 2125 3943 2124 3943 2063 3944 2126 3944 2125 3944 2052 3945 2127 3945 2126 3945 2064 3946 2128 3946 2127 3946 2073 3947 2129 3947 2128 3947 2074 3948 2130 3948 2129 3948 2075 3949 2131 3949 2130 3949 2131 3950 2075 3950 2071 3950 2071 3951 2077 3951 2131 3951 2130 3952 2074 3952 2075 3952 2129 3953 2073 3953 2074 3953 2128 3947 2064 3947 2073 3947 2127 3954 2052 3954 2064 3954 2126 3955 2063 3955 2052 3955 2125 3956 2062 3956 2063 3956 2124 3957 2050 3957 2062 3957 2123 3958 2051 3958 2050 3958 2122 3959 2041 3959 2051 3959 2121 3960 2040 3960 2041 3960 2120 3961 2036 3961 2040 3961 2119 3962 2039 3962 2036 3962 2118 3963 2035 3963 2039 3963 2117 3964 2030 3964 2035 3964 2116 3965 2031 3965 2030 3965 2115 3966 2022 3966 2031 3966 2114 3967 2028 3967 2022 3967 2113 3968 2029 3968 2028 3968 2112 3969 2026 3969 2029 3969 2111 3970 2027 3970 2026 3970 2110 3971 2061 3971 2027 3971 2109 3972 2069 3972 2061 3972 2108 3973 2070 3973 2069 3973 2107 3926 2068 3926 2070 3926 2106 3974 2060 3974 2068 3974 2105 3975 2049 3975 2060 3975 2104 3976 2047 3976 2049 3976 2103 3977 2048 3977 2047 3977 2102 3978 2058 3978 2048 3978 2101 3979 2059 3979 2058 3979 2100 3919 2056 3919 2059 3919 2099 3980 2057 3980 2056 3980 2098 3981 2055 3981 2057 3981 2097 3982 2067 3982 2055 3982 2096 3983 2046 3983 2067 3983 2095 3984 2038 3984 2046 3984 2094 3985 2034 3985 2038 3985 2093 3986 2025 3986 2034 3986 2092 3987 2033 3987 2025 3987 2091 3988 2024 3988 2033 3988 2090 3989 2020 3989 2024 3989 2089 3990 2021 3990 2020 3990 2088 3991 2023 3991 2021 3991 2087 3992 2032 3992 2023 3992 2086 3993 2037 3993 2032 3993 2085 3994 2044 3994 2037 3994 2084 3995 2045 3995 2044 3995 2083 3996 2043 3996 2045 3996 2082 3997 2054 3997 2043 3997 2081 3998 2042 3998 2054 3998 2080 3999 2053 3999 2042 3999 2079 3898 2072 3898 2053 3898 2078 4000 2065 4000 2072 4000 2076 4001 2066 4001 2065 4001 2077 4002 2071 4002 2066 4002 2120 4003 2117 4003 2118 4003 2120 4004 2115 4004 2116 4004 2093 4005 2090 4005 2091 4005 2093 3816 2088 3816 2089 3816 2114 4006 2121 4006 2122 4006 2116 3816 2117 3816 2120 3816 2088 4007 2093 4007 2094 4007 2089 3816 2090 3816 2093 3816 2095 4008 2085 4008 2086 4008 2114 4009 2120 4009 2121 4009 2120 4010 2114 4010 2115 4010 2091 3816 2092 3816 2093 3816 2086 3816 2087 3816 2095 3816 2118 4011 2119 4011 2120 4011 2123 4012 2112 4012 2113 4012 2085 4013 2095 4013 2096 4013 2087 4014 2088 4014 2095 4014 2113 4015 2114 4015 2123 4015 2123 4016 2110 4016 2111 4016 2094 3816 2095 3816 2088 3816 2097 4017 2083 4017 2084 4017 2110 4018 2123 4018 2124 4018 2111 3816 2112 3816 2123 3816 2084 3816 2085 3816 2097 3816 2097 4019 2081 4019 2082 4019 2110 4020 2125 4020 2126 4020 2122 4021 2123 4021 2114 4021 2081 4022 2097 4022 2098 4022 2082 4023 2083 4023 2097 4023 2124 3816 2125 3816 2110 3816 2081 4024 2099 4024 2100 4024 2096 3816 2097 3816 2085 3816 2101 4025 2131 4025 2077 4025 2101 4026 2129 4026 2130 4026 2127 4027 2109 4027 2110 4027 2127 4028 2107 4028 2108 4028 2129 4029 2103 4029 2104 4029 2129 4030 2101 4030 2102 4030 2098 3816 2099 3816 2081 3816 2101 4031 2079 4031 2080 4031 2101 4032 2076 4032 2078 4032 2130 3816 2131 3816 2101 3816 2107 4033 2127 4033 2128 4033 2108 3816 2109 3816 2127 3816 2129 4034 2105 4034 2106 4034 2102 3816 2103 3816 2129 3816 2080 3816 2081 3816 2101 3816 2077 3816 2076 3816 2101 3816 2126 3816 2127 3816 2110 3816 2104 4035 2105 4035 2129 4035 2078 3816 2079 3816 2101 3816 2106 3816 2107 3816 2129 3816 2128 3816 2129 3816 2107 3816 2100 4036 2101 4036 2081 4036</p>
        </triangles>
      </mesh>
    </geometry>
  </library_geometries>
  <library_visual_scenes>
    <visual_scene id="Scene" name="Scene">
      <node id="Link_4" name="Link_4" type="NODE">
        <matrix sid="transform">1 0 0 0 0 1 0 0 0 0 1 0 0 0 0 1</matrix>
        <instance_geometry url="#Link_4-mesh" name="Link_4">
          <bind_material>
            <technique_common>
              <instance_material symbol="RAL2003_003-material" target="#RAL2003_003-material"/>
            </technique_common>
          </bind_material>
        </instance_geometry>
      </node>
      <node id="Lamp" name="Lamp" type="NODE">
        <matrix sid="transform">-0.2908646 -0.7711008 0.5663933 4.076245 0.9551712 -0.1998833 0.2183912 1.005454 -0.05518904 0.6045247 0.7946723 5.903862 0 0 0 1</matrix>
        <instance_light url="#Lamp-light"/>
      </node>
      <node id="Camera" name="Camera" type="NODE">
        <matrix sid="transform">0.6859207 -0.3240135 0.6515582 7.481132 0.7276763 0.3054209 -0.6141704 -6.50764 -4.01133e-9 0.8953956 0.4452714 5.343665 0 0 0 1</matrix>
        <instance_camera url="#Camera-camera"/>
      </node>
    </visual_scene>
  </library_visual_scenes>
  <scene>
    <instance_visual_scene url="#Scene"/>
  </scene>
</COLLADA>