<?xml version="1.0" encoding="utf-8"?>
<COLLADA xmlns="http://www.collada.org/2005/11/COLLADASchema" version="1.4.1" xmlns:xsi="http://www.w3.org/2001/XMLSchema-instance">
  <asset>
    <contributor>
      <author>Blender User</author>
      <authoring_tool>Blender 2.82.7</authoring_tool>
    </contributor>
    <created>2024-02-04T11:52:05</created>
    <modified>2024-02-04T11:52:05</modified>
    <unit name="meter" meter="1"/>
    <up_axis>Z_UP</up_axis>
  </asset>
  <library_effects>
    <effect id="colour_abb_white_001-effect">
      <profile_COMMON>
        <technique sid="common">
          <lambert>
            <emission>
              <color sid="emission">0 0 0 1</color>
            </emission>
            <diffuse>
              <color sid="diffuse">0.7404 0.7404 0.7248001 1</color>
            </diffuse>
            <index_of_refraction>
              <float sid="ior">1</float>
            </index_of_refraction>
          </lambert>
        </technique>
      </profile_COMMON>
    </effect>
  </library_effects>
  <library_images/>
  <library_materials>
    <material id="colour_abb_white_001-material" name="colour_abb_white.001">
      <instance_effect url="#colour_abb_white_001-effect"/>
    </material>
  </library_materials>
  <library_geometries>
    <geometry id="Link5-mesh" name="Link5">
      <mesh>
        <source id="Link5-mesh-positions">
          <float_array id="Link5-mesh-positions-array" count="6243">0.04785299 2.36536e-4 -0.03152 0.04962301 -0.0205 -0.02865004 0.047095 -0.003226399 -0.03263998 0.04807603 0.003940582 -0.03118002 0.049371 0.0205 -0.02908003 0.05430698 0.0205 -0.01828002 0.05449599 -0.0205 -0.01771008 0.05448102 0 -0.01775002 0.05459201 0.00346899 -0.01741003 0.05490499 0.006808698 -0.01639008 0.05537003 0.009864866 -0.01476001 0.05591005 0.0125373 -0.01256 0.05644005 0.01474106 -0.009890079 0.05690997 0.0205 -0.006690025 0.05688995 0.01638019 -0.00683999 0.05719 0.01740247 -0.003499984 0.05730003 0.01774996 -2.00272e-5 0.05706006 0.0205 0.005190014 0.05719 0.0174036 0.003489971 0.05688995 0.01639056 0.006809949 0.04783701 0.007643342 -0.03154003 0.04714798 0.01114499 -0.03255999 0.04592603 0.0142349 -0.03426003 0.04403501 0.0163688 -0.03666007 0.04231297 0.0205 -0.03864002 0.04284298 0.01677554 -0.03805005 0.04158401 0.01660579 -0.03942 0.03928703 0.01478868 -0.04171001 0.03343701 0.0205 -0.04653 0.03720301 0.01084089 -0.04358005 0.03616201 0.006197929 -0.04445004 0.031924 0.009899914 -0.04758 0.03617697 0.001362979 -0.04444003 0.031924 -0.009899914 -0.04758 0.03368002 -0.0205 -0.04636001 0.03162801 -0.01172095 -0.04778003 0.03068101 -0.01339066 -0.04839003 0.03738403 -0.003226399 -0.04343008 0.04258203 -0.0205 -0.03834009 0.04258203 -0.003721117 -0.03834009 0.05459302 -0.003490507 -0.01740002 0.05490702 -0.006819784 -0.01639008 0.05537003 -0.009880781 -0.01475 0.05591005 -0.01255816 -0.01253998 0.05644005 -0.01474738 -0.009880065 0.05698996 -0.0205 -0.005990028 0.05688995 -0.01639139 -0.006810069 0.05719 -0.01740396 -0.00349009 0.05730003 -0.01774996 1.9908e-5 0.05698996 -0.0205 0.005989909 0.05719 -0.01740199 0.003499984 0.05688995 -0.01637947 0.00683999 0.05644005 -0.01474016 0.00988996 0.05449599 -0.0205 0.01770997 0.05591005 -0.01253634 0.0125699 0.05537003 -0.009864091 0.01476001 0.05490499 -0.006808102 0.01638996 0.05459201 -0.003468632 0.01740992 0.05448102 0 0.0177499 0.050116 0.0205 0.02777993 0.05459302 0.003490209 0.0173999 0.05476701 0.0205 0.01684999 0.05490702 0.006819188 0.01638996 0.05537003 0.009880006 0.01475 0.05591005 0.01255726 0.01253998 0.05644005 0.01474648 0.009879946 0 -0.01469087 0.05729997 0 -0.0205 0.05729997 0.00506401 -0.01464897 0.05707991 0.011913 -0.0205 0.05604994 0.007588028 -0.01468378 0.0568 0.01016098 -0.01481449 0.05638992 0.02818399 -0.01483225 0.04988992 0.02266401 -0.01483225 0.05262994 0.02330601 -0.0205 0.05234992 0.02891898 -0.01481539 0.04946994 0.03368002 -0.0205 0.04636001 0.03299999 -0.01849997 0.04683995 0.03506398 -0.01849997 0.04531991 0.03178 -0.01453685 0.04768002 0.03259098 -0.01438736 0.04712998 0.03299999 -0.01429414 0.04683995 0.04250299 -0.01699995 0.03842997 0.04086703 -0.01815086 0.04015994 0.04258203 -0.0205 0.03833997 0.04502099 -0.01699995 0.03544998 0.04733002 -0.01699995 0.03229999 0.04962301 -0.0205 0.02864992 0.04941999 -0.01699995 0.02899992 0.04971003 9.04745e-7 0.02849996 0.04941999 -0.002957999 0.02899992 0.04941999 0.002957999 0.02899992 0.04941999 0.01699995 0.02899992 0 -0.0205 -0.05730009 0.009532034 -0.01483225 -0.05650007 0.011913 -0.0205 -0.05605006 0 -0.01483225 -0.05730009 0.01879799 -0.01483225 -0.05413007 0.02330601 -0.0205 -0.05235004 0.02754002 -0.01483225 -0.05025005 0.02920198 -0.01448625 -0.04930007 0.03162801 0.01172095 -0.04778003 0.03068101 0.01339066 -0.04839003 0.02920198 0.01448625 -0.04930007 0.02754002 0.01483225 -0.05025005 0.02312302 0.0205 -0.05243003 0.01879799 0.01483225 -0.05413007 0.01181501 0.0205 -0.05607008 0.009532034 0.01483225 -0.05650007 0 0.0205 -0.05730009 0 0.01483225 -0.05730009 0.04733002 0.01699995 0.03229999 0.04330998 0.0205 0.03751993 0.04502099 0.01699995 0.03544998 0.04250299 0.01699995 0.03842997 0.03506398 0.01849997 0.04531991 0.03705799 0.01849997 0.04369997 0.034644 0.0205 0.04563999 0.03299999 0.01849997 0.04683995 0.02448803 0.0205 0.05180001 0.02891898 0.01481539 0.04946994 0.02818399 0.01483225 0.04988992 0.03178101 0.01453667 0.04768002 0.03259098 0.01438736 0.04712998 0.03299999 0.01429414 0.04683995 0.01016098 0.01481449 0.05638992 0.010903 0.01483225 0.05624997 0.01327902 0.0205 0.05573999 0.007588982 0.01468378 0.0568 0.00150001 0.0205 0.05727994 0.00506401 0.01464897 0.05707991 0.00150001 0.01468729 0.05727994 0.01688098 0.01483225 0.05475997 0.02266401 0.01483225 0.05262994 0.03897798 0.01849997 0.04199993 0.04085999 0.01815354 0.04016995 0.03897798 -0.01849997 0.04199993 0.03705799 -0.01849997 0.04369997 0.01688098 -0.01483225 0.05475997 0.010903 -0.01483225 0.05624997 -0.01117396 -0.01483225 -0.05620002 -0.011913 -0.0205 -0.05605006 -0.02191901 -0.01483225 -0.05294001 -0.02330601 -0.0205 -0.05235004 -0.03182196 -0.01483225 -0.04764997 -0.03368002 -0.0205 -0.04636001 -0.04050296 -0.01483225 -0.04053008 -0.04258197 -0.0205 -0.03834009 -0.04763001 -0.01483225 -0.03184998 -0.04962301 -0.0205 -0.02865004 -0.04876297 -0.01450479 -0.03009009 -0.04975497 -0.01341688 -0.02842009 -0.05035501 -0.01177054 -0.02734005 -0.05449599 -0.0205 -0.01771008 -0.05053997 -0.009957432 -0.02700006 -0.05053997 0.009957432 -0.02700006 -0.05729997 -0.01639997 0 -0.05703198 -0.01543647 -0.005540013 -0.05698597 -0.0205 -0.005990028 -0.05698597 -0.0205 0.005989909 -0.057033 -0.01544195 0.005519986 -0.056351 -0.0126937 0.01037991 -0.05449599 -0.0205 0.01770997 -0.05555397 -0.008482813 0.01403999 -0.055 -0.003266453 0.01607 -0.05490398 0 0.01639997 -0.05476701 0.0205 0.01684999 -0.055 0.003266453 0.01607 -0.055552 0.008464634 0.01405 -0.04878401 -0.0144912 0.03005993 -0.04975801 -0.01341146 0.02840995 -0.04962301 -0.0205 0.02864992 -0.04763001 -0.01483225 0.03184998 -0.04258197 -0.0205 0.03833997 -0.041821 -0.01483225 0.0391699 -0.03368002 -0.0205 0.04636001 -0.03490096 -0.01483225 0.04543995 -0.02705401 -0.01483225 0.05050992 -0.02330601 -0.0205 0.05234992 -0.02632898 -0.01478177 0.05088996 -0.02607101 -0.01474088 0.05102992 -0.02483201 -0.01442945 0.05163991 -0.02358698 -0.01393598 0.05221998 -0.02233201 -0.01318496 0.05277001 -0.02144098 -0.012281 0.05313992 -0.01899099 -0.01201766 0.05405998 -0.02120196 -0.01179766 0.05322992 -0.01916497 -0.01126027 0.05400002 -0.02111899 -0.01126027 0.05326998 -0.01916497 0.01126027 0.05400002 -0.02111899 0.01126027 0.05326998 -0.02120298 0.01179999 0.05322992 -0.01279598 -0.01427906 0.0558499 -0.01573699 -0.01383578 0.05509996 -0.011913 -0.0205 0.05604994 -0.006907999 -0.01460796 0.05687999 -9.28998e-4 -0.01468968 0.05728995 -0.01602101 -0.01376938 0.05500996 -0.018552 -0.01260596 0.05420994 -0.01899099 0.01201766 0.05405998 -0.02144098 0.01228076 0.05313992 -0.01855397 0.01260375 0.05420994 -0.02448797 0.0205 0.05180001 -0.01327902 0.0205 0.05573999 -0.02233099 0.01318395 0.05277001 -0.02358299 0.01393449 0.05221998 -0.02388298 0.0140717 0.05208992 -0.02482599 0.0144276 0.05163991 -0.02607101 0.01474088 0.05102992 -0.02632898 0.01478177 0.05088996 -0.02705401 0.01483225 0.05050992 -0.034644 0.0205 0.04563999 -0.03490096 0.01483225 0.04543995 -0.041821 0.01483225 0.0391699 -0.04330998 0.0205 0.03751993 -0.04763001 0.01483225 0.03184998 -0.050116 0.0205 0.02777993 -0.04876297 0.01450479 0.03008997 -0.04975497 0.01341688 0.02841997 -0.01603502 0.01376575 0.05500996 -0.01573699 0.01383584 0.05509996 -0.01279598 0.01427894 0.0558499 -0.006907999 0.01460778 0.05687999 -0.00150001 0.0205 0.05727994 -0.00150001 0.01468747 0.05727994 -0.05035698 -0.01176285 0.02733993 -0.05634796 0.01267987 0.01039993 -0.05706399 0.0205 0.005190014 -0.05703198 0.01543647 0.005540013 -0.05729997 0.01639997 0 -0.05690896 0.0205 -0.006690025 -0.057033 0.01544195 -0.005519986 -0.056351 0.0126937 -0.01038002 -0.05430698 0.0205 -0.01828002 -0.05555397 0.008482813 -0.01403999 -0.055 0.003266453 -0.01607 -0.04878401 0.0144912 -0.03006005 -0.04975801 0.01341146 -0.02841007 -0.049371 0.0205 -0.02908003 -0.04763001 0.01483225 -0.03184998 -0.04231297 0.0205 -0.03864002 -0.04050296 0.01483225 -0.04053008 -0.03343701 0.0205 -0.04653 -0.03182196 0.01483225 -0.04764997 -0.02312296 0.0205 -0.05243003 -0.02191901 0.01483225 -0.05294001 -0.01181501 0.0205 -0.05607008 -0.01117396 0.01483225 -0.05620002 -0.05035698 0.01176285 -0.02734005 -0.05490398 0 -0.01639997 -0.055 -0.003266453 -0.01607 -0.055552 -0.008464634 -0.01405 -0.05634796 -0.01267987 -0.01040005 -0.05053997 -0.009957432 0.02699995 -0.05053997 0.009957432 0.02699995 -0.05035501 0.01177054 0.02733993 0.02314102 0.01454079 -0.04627001 0.01534903 0.01454079 -0.04940998 0.006767034 0.01454079 -0.05129003 -0.002281963 0.01454079 -0.05168998 -0.011397 0.01454079 -0.05046999 -0.02015197 0.01454079 -0.04764997 -0.02815401 0.01454079 -0.04341006 -0.03509199 0.01454079 -0.03802001 -0.04078197 0.01454079 -0.03184008 -0.011397 -0.01454079 -0.05046999 -0.01088201 -0.01381766 -0.04818999 -0.002279996 -0.01454079 -0.05168998 -0.02015399 -0.01454079 -0.04764997 -0.019243 -0.01381766 -0.04550004 -0.018844 -0.0129894 -0.04455006 -0.02632302 -0.0129894 -0.04058003 -0.02590197 -0.01192188 -0.03993999 -0.03228402 -0.01192188 -0.03498005 -0.02557498 -0.00954765 -0.03943002 -0.031879 -0.00954765 -0.03454005 -0.01854199 -0.01192188 -0.04384005 -0.01830697 -0.00954765 -0.04329001 -0.01048499 -0.01192188 -0.04642999 -0.01065599 -0.0129894 -0.04718005 -0.002130985 -0.0129894 -0.04833006 -0.002175986 -0.01381766 -0.04935002 0.006461977 -0.01381766 -0.04896998 0 -0.01454079 -0.05174005 0.006767988 -0.01454079 -0.05129003 -0.02815401 -0.01454079 -0.04341006 -0.02688097 -0.01381766 -0.04144001 -0.032808 -0.0129894 -0.03554999 -0.03785198 -0.01257658 -0.02955007 -0.03751897 -0.01192176 -0.02929008 -0.03746402 -0.01178556 -0.02925002 -0.03740698 -0.01163715 -0.02920007 -0.03721797 -0.01100707 -0.02906 -0.03704696 -0.00954765 -0.02892005 -0.03508996 -0.01454079 -0.03802001 -0.033504 -0.01381766 -0.03630006 -0.03853696 -0.01346319 -0.03009009 -0.03839898 -0.01331734 -0.02998006 -0.03812897 -0.0129894 -0.02977001 -0.04078197 -0.01454079 -0.03184008 -0.03970098 -0.01427376 -0.03100001 -0.03910499 -0.01394009 -0.03053009 -0.03893697 -0.01381778 -0.03040003 -0.01035296 -0.00954765 -0.04585003 -0.002072989 -0.00954765 -0.04694998 -0.00209701 -0.01192188 -0.04755008 0.00614798 -0.00954765 -0.04659998 0.006227016 -0.01192188 -0.04719007 0.01411801 -0.01192188 -0.04545998 0.01434803 -0.0129894 -0.04620003 0.021465 -0.01253598 -0.04291999 0.02155297 -0.01278167 -0.04309999 0.021636 -0.0129894 -0.04326009 0.021847 -0.01342737 -0.04369008 0.01465201 -0.01381766 -0.04718005 0.02209502 -0.01381778 -0.04418003 0.02227598 -0.01404017 -0.04455006 0.02272498 -0.0144034 -0.04544007 0.01534599 -0.01454079 -0.04940998 0.006327986 -0.0129894 -0.04796004 0.01394301 -0.00954765 -0.04488003 0.02114301 -0.01117187 -0.04228007 0.021151 -0.01122409 -0.04229998 0.02129 -0.01192176 -0.04256999 0.02102202 -0.00954765 -0.04203999 0.02104198 -0.01021748 -0.04208004 0.02314102 -0.01454079 -0.04627001 0.02102202 0.00954765 -0.04203999 0.01394301 0.00954765 -0.04488003 0.02105003 0.01033937 -0.04209005 0.02115601 0.01125687 -0.04230999 0.01411801 0.01192188 -0.04545998 0.02129 0.01192176 -0.04256999 0.02134901 0.01215219 -0.04269003 0.00614798 0.00954765 -0.04659998 0.006227016 0.01192188 -0.04719007 0.006327986 0.0129894 -0.04796004 -0.002130985 0.0129894 -0.04833006 -0.002175986 0.01381766 -0.04935002 -0.01088201 0.01381766 -0.04818999 0.006461977 0.01381766 -0.04896998 0.01434803 0.0129894 -0.04620003 0 0.00954765 -0.04700005 -0.00209701 0.01192188 -0.04755008 -0.01065599 0.0129894 -0.04718005 -0.019243 0.01381766 -0.04550004 -0.002072989 0.00954765 -0.04694998 -0.01048499 0.01192188 -0.04642999 -0.018844 0.0129894 -0.04455006 -0.02688097 0.01381766 -0.04144001 -0.033504 0.01381766 -0.03630006 -0.03998601 0.01438349 -0.03122007 -0.04010599 0.01442086 -0.03131008 -0.01035296 0.00954765 -0.04585003 -0.01830697 0.00954765 -0.04329001 -0.01854199 0.01192188 -0.04384005 -0.02557498 0.00954765 -0.03943002 -0.02590197 0.01192188 -0.03993999 -0.03228402 0.01192188 -0.03498005 -0.032808 0.0129894 -0.03554999 -0.03763097 0.01216799 -0.02938008 -0.03812301 0.01298147 -0.02976 -0.03869301 0.01361256 -0.03021001 -0.02632302 0.0129894 -0.04058003 -0.031879 0.00954765 -0.03454005 -0.03710001 0.01036477 -0.02895998 -0.03728997 0.01127809 -0.02911007 -0.03751897 0.01192176 -0.02929008 -0.03704696 0.00954765 -0.02892005 -0.03893697 0.01381778 -0.03040003 -0.03932601 0.01408129 -0.03070008 0.01465201 0.01381766 -0.04718005 0.02195 0.01360374 -0.04388999 0.021636 0.0129894 -0.04326009 0.021627 0.01296806 -0.04325008 0.02302998 0.01452165 -0.04605007 0.02287799 0.01447468 -0.04575002 0.02268302 0.01437968 -0.04536008 0.02231001 0.01407557 -0.04461002 0.02224898 0.01400935 -0.04448997 0.02209502 0.01381778 -0.04418003 -0.05400002 -0.01479297 0.004279971 -0.05400002 -0.01386904 0.006689906 -0.05400002 -0.01539999 0 -0.05400002 -0.01088935 0.01089 -0.05400002 -0.01088935 -0.01089 -0.05400002 0 0.01539993 -0.05400002 0 -0.01540005 -0.05400002 0.01088935 -0.01089 -0.05400002 0.002261996 -0.01523005 -0.05400002 0.006426274 -0.01400005 -0.05400002 -0.01232516 0.009230017 -0.05400002 -0.0101251 0.01160001 -0.05400002 -0.006426274 0.01399993 -0.05400002 -0.002261996 0.01522994 -0.05400002 0.01088935 0.01089 -0.05400002 0.01539999 0 -0.05400002 0.01390427 0.00661993 -0.05400002 0.01480346 0.00424993 -0.05400002 0.003789722 0.01493 -0.05400002 0.00722593 0.01359999 -0.05400002 0.0101251 0.01160001 -0.05400002 0.01231575 0.009249925 -0.05400002 0.01479297 -0.00428009 -0.05400002 0.01386904 -0.006690025 -0.05400002 0.01232516 -0.009230017 -0.05400002 0.0101251 -0.01160001 -0.05400002 -0.003789722 -0.01493 -0.05400002 -0.00722593 -0.01359999 -0.05400002 -0.0101251 -0.01160001 -0.05400002 -0.01231575 -0.009250044 -0.05400002 -0.01390427 -0.006620049 -0.05400002 -0.01480346 -0.004250049 0.05099999 0 0.0177499 0.05099999 0.006070852 0.01668 0.05099999 0.01140946 0.01359999 0.05099999 0.01537197 0.008880019 0.05099999 0.01748025 0.00308001 0.05099999 0.01748025 -0.00308001 0.05099999 0.01537197 -0.008870005 0.05099999 0.01140946 -0.01359999 0.05099999 0.006070852 -0.01668 0.05099999 0 -0.01775002 0.05099999 -0.006070852 -0.01668 0.05099999 -0.01140946 -0.01359999 0.05099999 -0.01537197 -0.008870005 0.05099999 -0.01748025 -0.00308001 0.05099999 -0.01748025 0.00308001 0.05099999 -0.01537197 0.008880019 0.05099999 -0.01140946 0.01359999 0.05099999 -0.006070852 0.01668 -0.05406999 0.01576805 0 -0.05406999 0.01513737 0.004419922 -0.05429297 0.01546275 0.004509925 -0.05429297 0.01447826 0.007059931 -0.054632 0.01467847 0.007159948 -0.054632 0.01306378 0.009799957 -0.055 0.01312088 0.009840011 -0.055 0.01078438 0.01235997 -0.055 0.01474165 0.007189989 -0.055 0.01574337 0.004589915 -0.054632 0.01567655 0.004570007 -0.055 0.01639997 0 -0.054632 0.01632976 0 -0.05429297 0.01610708 0 -0.05406999 0.01417356 0.006909966 -0.05429297 0.01288568 0.009660005 -0.054632 0.01073735 0.01230001 -0.055 0.007718443 0.01446998 -0.05406999 0.01261448 0.009459972 -0.05429297 0.01059097 0.01213991 -0.054632 0.007684588 0.01441001 -0.055 0.004037737 0.01590001 -0.05406999 0.01036804 0.01187992 -0.05429297 0.007579803 0.01420998 -0.054632 0.004019618 0.01582992 -0.05406999 0.007420241 0.01390993 -0.05429297 0.003964781 0.01560997 -0.054632 0 0.01633 -0.05406999 0.003881335 0.01528 -0.05429297 0 0.01610994 -0.054632 -0.004019618 0.01582992 -0.055 -0.004037737 0.01590001 -0.05406999 0 0.01576995 -0.05429297 -0.003964781 0.01560997 -0.054632 -0.007684588 0.01441001 -0.055 -0.007718443 0.01446998 -0.05406999 -0.003881335 0.01528 -0.05406999 -0.007420241 0.01390993 -0.05406999 -0.01036804 0.01187992 -0.05406999 -0.01261448 0.009459972 -0.05406999 -0.01417356 0.006909966 -0.05406999 -0.01513737 0.004419922 -0.05406999 -0.01576805 0 -0.05429297 -0.01546275 0.004509925 -0.05429297 -0.01610708 0 -0.054632 -0.01632976 0 -0.054632 -0.01567655 0.004570007 -0.055 -0.01639997 0 -0.055 -0.01574337 0.004589915 -0.054632 -0.01467847 0.007159948 -0.055 -0.01474165 0.007189989 -0.055 -0.01312088 0.009840011 -0.054632 -0.01306378 0.009799957 -0.055 -0.01078438 0.01235997 -0.054632 -0.01073735 0.01230001 -0.05429297 -0.007579803 0.01420998 -0.05429297 -0.01059097 0.01213991 -0.05429297 -0.01288568 0.009660005 -0.05429297 -0.01447826 0.007059931 -0.055 -0.01574337 -0.004590034 -0.054632 -0.01567655 -0.004570007 -0.054632 -0.01467847 -0.007160067 -0.05429297 -0.01546275 -0.004510045 -0.05429297 -0.01447826 -0.00706005 -0.05406999 -0.01513737 -0.004420042 -0.05406999 -0.01417356 -0.006910085 -0.05406999 -0.01261448 -0.009460091 -0.05406999 -0.01036804 -0.01188004 -0.05429297 -0.01059097 -0.01214003 -0.05429297 -0.007579803 -0.01420998 -0.054632 -0.007684588 -0.01441001 -0.054632 -0.004019618 -0.01583003 -0.055 -0.004037737 -0.01590001 -0.055 -0.007718443 -0.01446998 -0.054632 -0.01073735 -0.01230001 -0.05429297 -0.01288568 -0.009660005 -0.05406999 -0.007420241 -0.01391005 -0.05429297 -0.003964781 -0.01560997 -0.054632 0 -0.01633 -0.05406999 -0.003881335 -0.01528 -0.05429297 0 -0.01611006 -0.054632 0.004019618 -0.01583003 -0.055 0.004037737 -0.01590001 -0.05406999 0 -0.01577007 -0.05429297 0.003964781 -0.01560997 -0.054632 0.007684588 -0.01441001 -0.055 0.007718443 -0.01446998 -0.05406999 0.003881335 -0.01528 -0.05406999 0.007420241 -0.01391005 -0.05406999 0.01036804 -0.01188004 -0.05406999 0.01261448 -0.009460091 -0.05406999 0.01417356 -0.006910085 -0.05406999 0.01513737 -0.004420042 -0.05429297 0.01546275 -0.004510045 -0.054632 0.01567655 -0.004570007 -0.055 0.01574337 -0.004590034 -0.054632 0.01467847 -0.007160067 -0.055 0.01474165 -0.007189989 -0.055 0.01312088 -0.009840011 -0.054632 0.01306378 -0.009800076 -0.055 0.01078438 -0.01236009 -0.054632 0.01073735 -0.01230001 -0.05429297 0.007579803 -0.01420998 -0.05429297 0.01059097 -0.01214003 -0.055 -0.01078438 -0.01236009 -0.054632 -0.01306378 -0.009800076 -0.055 -0.01312088 -0.009840011 -0.055 -0.01474165 -0.007189989 -0.05429297 0.01288568 -0.009660005 -0.05429297 0.01447826 -0.00706005 0.002911031 -0.004772663 0.04999995 0.004000008 0 0.04999995 0.002499997 0 0.04999995 0.001227021 -0.004749953 0.04999995 -1.41978e-4 -0.008600115 0.04999995 -0.002250015 -0.008227229 0.04999995 -0.004552006 -0.01072418 0.04999995 -0.006999969 -0.009499967 0.04999995 -0.009447991 -0.01072418 0.04999995 -0.01174998 -0.008227229 0.04999995 -0.01385802 -0.008600115 0.04999995 -0.01522701 -0.004749953 0.04999995 -0.01691097 -0.004772663 0.04999995 -0.01649999 0 0.04999995 -0.018 0 0.04999995 -0.01691097 0.004772663 0.04999995 0.002911031 0.004772663 0.04999995 0.001227021 0.004749953 0.04999995 -1.41978e-4 0.008600115 0.04999995 -0.002250015 0.008227229 0.04999995 -0.004552006 0.01072418 0.04999995 -0.006999969 0.009499967 0.04999995 -0.009447991 0.01072418 0.04999995 -0.01174998 0.008227229 0.04999995 -0.01385802 0.008600115 0.04999995 -0.01522701 0.004749953 0.04999995 0.046153 -2.72426e-4 -0.02956998 0.04365599 0.002902328 -0.02792 0.04019302 0.005551695 -0.02807009 0.03657603 0.007052779 -0.03000009 0.033656 0.007052779 -0.03324007 0.032503 0.006275951 -0.03560006 0.03211998 0.005551695 -0.03703999 0.032328 0.002902328 -0.04050004 0.03423202 -2.72426e-4 -0.04281008 -0.027386 -0.01454079 0.04390001 -0.03461301 -0.01454079 0.03846001 -0.04078197 -0.01454079 0.03183996 -0.04078197 0.01454079 0.03183996 -0.03461301 0.01454079 0.03846001 -0.027386 0.01454079 0.04390001 0.03600001 -0.002974987 0.03234994 0.03600001 -0.002957999 0.02899992 0.03600001 0 0.03154993 0.03600001 -0.005152821 0.03452992 0.03600001 -0.01099997 0.02899992 0.03600001 -0.01099997 0.03767001 0.03600001 -0.005949974 0.0374999 0.03600001 -0.00966978 0.03878998 0.03600001 -0.008801519 0.04028999 0.03600001 -0.005152821 0.04047 0.03600001 -0.008499979 0.04199993 0.03600001 -0.008499979 0.04457998 0.03600001 -0.002974987 0.04264998 0.03600001 0 0.04344999 0.03600001 0.008499979 0.04457998 0.03600001 0.002974987 0.04264998 0.03600001 0.005152821 0.04047 0.03600001 0.008499979 0.04199993 0.03600001 0.008801519 0.04028999 0.03600001 0.005949974 0.0374999 0.03600001 0.00966978 0.03878998 0.03600001 0.01099997 0.03767001 0.03600001 0.005152821 0.03452992 0.03600001 0.01099997 0.02899992 0.03600001 0.002957999 0.02899992 0.03600001 0.002974987 0.03234994 0.03600001 0.00100255 0.02855992 0.03600001 -0.00100255 0.02855992 -0.002250015 0.008227229 0.05499994 -0.01174998 0.008227229 0.05499994 0.001227021 0.004749953 0.05499994 -0.006999969 0.009499967 0.05499994 -0.01522701 0.004749953 0.05499994 0.002499997 0 0.05499994 -0.01649999 0 0.05499994 0.001227021 -0.004749953 0.05499994 -0.01522701 -0.004749953 0.05499994 -0.002250015 -0.008227229 0.05499994 -0.01174998 -0.008227229 0.05499994 -0.006999969 -0.009499967 0.05499994 -0.02487796 -0.00954765 0.03987991 -0.02487796 0.00954765 0.03987991 -0.03144299 -0.00954765 0.03492999 -0.03144299 0.00954765 0.03492999 -0.03704696 -0.00954765 0.02891993 -0.03704696 0.00954765 0.02891993 0.005074024 -0.01414155 0.05614995 0.005083978 -0.01361489 0.05550992 -9.31978e-4 -0.01362615 0.05557 0.005096018 -0.01300024 0.0549699 -9.37998e-4 -0.01191395 0.05437994 0.005116999 -0.01192468 0.05436992 0.005124032 -0.0115512 0.05423998 -8.80003e-4 -0.009989678 0.05400002 0.005153 -0.01003497 0.05400002 -0.002413988 -0.009998321 0.05400002 -0.006986021 -0.01193928 0.05435991 -0.006936967 -0.01360899 0.05545997 -0.01284998 -0.01364904 0.05519998 -0.007012963 -0.01099997 0.0540899 -0.01098597 -0.01025217 0.05400002 -0.01298296 -0.01209849 0.05429995 -0.01336401 -0.01042866 0.05400002 -0.01594698 -0.0123021 0.05426001 -0.01615601 -0.01073944 0.05400002 -0.01574796 -0.01375436 0.05502998 -0.01915299 -0.01125365 0.05400002 -0.01915299 0.01125365 0.05400002 -0.01614898 0.01073855 0.05400002 -0.01594698 0.01229947 0.05425 -0.01574897 0.01374995 0.05502998 -0.01285099 0.01364445 0.05519998 -0.006936967 0.01360416 0.05544996 -0.00150001 0.01399248 0.05599999 -0.01333302 0.01042586 0.05400002 -0.01298397 0.01209557 0.05429995 -0.01098597 0.01025217 0.05400002 -0.006986021 0.01193618 0.05435991 -0.007012963 0.01099997 0.0540899 -0.002413988 0.009998321 0.05400002 -9.37998e-4 0.01191079 0.05437994 -8.80003e-4 0.009989678 0.05400002 0.005124032 0.0115512 0.05423998 0.005153 0.01003497 0.05400002 0.005116999 0.01192146 0.05436992 0.005096018 0.01300024 0.0549699 -9.31978e-4 0.01362127 0.05555999 0.005083978 0.01360994 0.05550992 0.00150001 0.01399224 0.05599999 0.005074024 0.01414155 0.05614995 -9.30965e-4 0.01399016 0.05599999 0.004000008 0 0.05400002 0.003214001 0.00408262 0.05400002 9.68993e-4 0.007582008 0.05400002 -0.01466399 0.007890641 0.05400002 -0.01713198 0.004283428 0.05400002 -0.018 0 0.05400002 0.003214001 -0.00408262 0.05400002 9.68993e-4 -0.007582008 0.05400002 -0.01466399 -0.007890641 0.05400002 -0.01713198 -0.004283428 0.05400002 0.04419398 -0.003041207 -0.03560006 0.04266399 -0.003682971 -0.03820002 0.04447799 -0.001405835 -0.03301 0.04343903 7.84884e-4 -0.03111004 0.04135602 0.002944052 -0.03041005 0.03878599 0.004493057 -0.03111004 0.03641903 0.005016863 -0.03301 0.03488802 0.0043751 -0.03560006 0.04029601 -0.003159165 -0.04010009 0.03772699 -0.001610159 -0.04079008 0.03564298 5.49014e-4 -0.04010009 0.03460401 0.002739787 -0.03820002 0.034343 -0.007140517 0.04586994 0.03174203 -0.004105925 0.04769992 0.03254103 -0.006956458 0.04601991 0.02905702 -0.006777226 0.04615998 0.01314198 -0.005425155 0.0470699 0.01319903 -0.006565392 0.04632997 0.01290601 -0.002804279 0.04813992 0.03085398 -0.002168953 0.04828 0.01275199 0 0.04849994 0.03051298 0 0.04849994 0.03085398 0.002171993 0.04828 0.01290702 0.00281012 0.04813992 0.03174299 0.004108965 0.04769992 0.01314198 0.005425155 0.0470699 0.02905702 0.006777226 0.04615998 0.01319903 0.006565392 0.04632997 0.034343 0.007140517 0.04586994 0.03254103 0.006956517 0.04601991 -0.02214896 -0.009872734 0.05115997 -0.02204096 -0.01011818 0.0518099 -0.02214896 0.009872734 0.05115997 -0.02204 0.01011908 0.05181992 -0.02181899 -0.0104928 0.05237996 -0.02181798 0.01049417 0.05237996 -0.03721797 0.01100707 0.02906 -0.03166401 0.01133435 0.03517997 -0.03730696 0.01133447 0.02912998 -0.03740698 0.01163715 0.02919995 -0.02489101 0.01004087 0.03989994 -0.02493399 0.01056998 0.03996992 -0.02502399 0.01118469 0.04010999 -0.02505296 0.01133447 0.04015994 -0.02517896 0.01186239 0.04035997 -0.02534598 0.01238518 0.04062998 -0.03236198 0.0129894 0.03594994 -0.02545696 0.01266765 0.04079997 -0.02560496 0.0129894 0.04103994 -0.02591001 0.01350986 0.04153001 -0.025963 0.01358366 0.04161 -0.03343099 0.01411759 0.03714001 -0.02645099 0.01411759 0.0424 -0.02659201 0.01422685 0.04261994 -0.02666896 0.01427906 0.04275 -0.03970098 0.01427376 0.03100001 -0.03938901 0.01411759 0.03074991 -0.03910499 0.01394009 0.03052997 -0.03853696 0.01346319 0.03008997 -0.03839898 0.01331734 0.02997994 -0.03812897 0.0129894 0.02977001 -0.03785198 0.01257658 0.02954995 -0.03746402 0.01178556 0.0292499 -0.02490299 -0.01023608 0.03991997 -0.03166401 -0.01133435 0.03517997 -0.02502197 -0.01117479 0.04010999 -0.02505296 -0.01133447 0.04015994 -0.03710001 -0.01036477 0.02895998 -0.03728997 -0.01127809 0.02910995 -0.03730696 -0.01133447 0.02912998 -0.03763097 -0.01216799 0.02937996 -0.03236198 -0.0129894 0.03594994 -0.02524697 -0.01209294 0.04047 -0.02556902 -0.01291716 0.04097998 -0.03812301 -0.01298147 0.02976 -0.03869301 -0.01361256 0.03021001 -0.03343099 -0.01411759 0.03714001 -0.03932601 -0.01408129 0.03069996 -0.03938901 -0.01411759 0.03074991 -0.03998601 -0.01438349 0.03121995 -0.04010599 -0.01442086 0.03130996 -0.02684098 -0.01437765 0.04302 -0.02703601 -0.01446169 0.04332995 -0.02724897 -0.01452034 0.04367995 -0.02645099 -0.01411759 0.0424 -0.02638798 -0.014063 0.04229998 -0.02595597 -0.01357448 0.04159998 -0.02560496 -0.0129894 0.04103994 -0.04098796 -0.00954765 -0.02700006 -0.04098796 0.00954765 -0.02700006 -0.04098796 -0.00954765 0.02699995 -0.04098796 0.00954765 0.02699995 -0.02216297 0.009857833 0.05089998 -0.02216297 -0.009857833 0.05089998 -0.02253198 0.00954765 0.04385995 -0.02253198 -0.00954765 0.04385995 0.02660399 -0.00954765 -0.04279005 0.02660399 0.00954765 -0.04279005 0.008149027 0.007891118 0.05115997 0.008149027 0.009603798 0.05115997 0.008058011 0.003967165 0.05174994 0.007822036 0.009757399 0.05236995 0.008002996 9.14507e-7 0.05193996 0.007822036 -0.009757399 0.05236995 0.008058011 -0.003965675 0.05174994 0.008149027 -0.009603798 0.05115997 0.008149027 -0.007891118 0.05115997 0.007153987 0.009857833 0.05323994 0.007153987 -0.009857833 0.05323994 0.006227016 0.009992063 0.05379998 0.006226003 -0.009992122 0.05379998 -0.02271699 -0.00954765 0.04275 -0.02271896 0.00954765 0.04273998 -0.023207 0.00954765 0.04159998 -0.02321797 -0.00954765 0.04157996 -0.023961 0.00954765 0.04060995 -0.02396297 -0.00954765 0.04060995 -0.04008901 -0.00954765 -0.02708005 -0.03937196 0.00954765 -0.02727007 -0.03917098 -0.00954765 -0.02734005 -0.03828597 -0.00954765 -0.02779006 -0.03784298 0.00954765 -0.02811002 -0.03749299 -0.00954765 -0.02842009 -0.03749299 0.00954765 0.02841997 -0.03784298 -0.00954765 0.0281099 -0.03828597 0.00954765 0.02778995 -0.03937196 -0.00954765 0.02726995 -0.03917098 0.00954765 0.02733993 -0.04008901 0.00954765 0.02707993 0.02593302 -0.00954765 -0.04228007 0.025729 0.00954765 -0.04216003 0.02505701 -0.00954765 -0.04184007 0.02463102 0.00954765 -0.0417 0.02414798 -0.00954765 -0.04159009 0.023377 0.00954765 -0.04150998 0.02325803 -0.00954765 -0.04150998 0.02325803 0.00954765 -0.04150998 0.04299998 0.008899986 0.02899992 0.04194998 0.00918132 0.02899992 0.04404997 0.00918132 0.02899992 0.04481899 0.009949982 0.02899992 0.04510003 0.01099997 0.02899992 0.04481899 0.01204997 0.02899992 0.04404997 0.01281869 0.02899992 0.04199999 0.01699995 0.02899992 0.04299998 0.01309996 0.02899992 0.04194998 0.01281869 0.02899992 0.04118102 0.009949982 0.02899992 0.04089999 0.01099997 0.02899992 0.03680402 0.01399999 0.02899992 0.04118102 0.01204997 0.02899992 0.03900003 0.01619619 0.02899992 0.04510003 -0.01099997 0.02899992 0.04481899 -0.01204997 0.02899992 0.04481899 -0.009949982 0.02899992 0.04404997 -0.00918132 0.02899992 0.04299998 -0.008899986 0.02899992 0.04194998 -0.00918132 0.02899992 0.04118102 -0.009949982 0.02899992 0.04089999 -0.01099997 0.02899992 0.03680402 -0.01399999 0.02899992 0.04118102 -0.01204997 0.02899992 0.03900003 -0.01619619 0.02899992 0.04194998 -0.01281869 0.02899992 0.04199999 -0.01699995 0.02899992 0.04299998 -0.01309996 0.02899992 0.04404997 -0.01281869 0.02899992 0.02236801 -0.00954765 -0.04159009 0.02207499 0.00954765 -0.04165005 0.02145898 -0.00954765 -0.04184007 0.01313203 0.01454287 0.05007994 0.01312398 0.01436179 0.04897999 0.013121 0.01414644 0.04837 0.01311898 0.01383727 0.0477699 0.02889698 0.01412159 0.04750001 0.01311898 0.01370215 0.04754996 0.02889603 0.01391065 0.04717993 0.01311898 0.01343035 0.04718995 0.02889698 0.01346975 0.04664993 0.01311999 0.01292806 0.04664993 0.028898 0.01320147 0.04638993 0.013121 0.01280915 0.04654991 0.02890098 0.01294285 0.04616999 0.01312398 0.01233929 0.0461899 0.02890801 0.01234585 0.04576992 0.01312798 0.01168006 0.04580998 0.02891403 0.01194429 0.04556 0.02891802 0.01169079 0.04544997 0.01313501 0.0109719 0.04553997 0.02894198 0.01049739 0.0451399 0.013143 0.0102396 0.04539 0.01314401 0.0101673 0.04537999 0.02894699 0.01029777 0.04512 0.013152 0.00950843 0.04533994 0.028979 0.009056925 0.04516994 0.013161 0.008841693 0.04539 0.013161 0.008801639 0.04539 0.02898299 0.008933961 0.04518997 0.01317101 0.008137941 0.04553997 0.02902102 0.007736086 0.04557991 0.01318103 0.007530868 0.04575991 0.028903 0.01452916 0.04832994 0.02902102 -0.007736086 0.04557991 0.01318103 -0.007529199 0.04575991 0.01317101 -0.008134841 0.04553997 0.02898299 -0.008933961 0.04518997 0.013161 -0.00879687 0.04539 0.028979 -0.009056925 0.04516994 0.013161 -0.008841693 0.04539 0.013152 -0.009501755 0.04533994 0.02894699 -0.01029777 0.04512 0.013143 -0.01023089 0.04537999 0.02894198 -0.01049739 0.0451399 0.01313799 -0.01068204 0.04546999 0.02891802 -0.01169079 0.04544997 0.01313501 -0.01096135 0.04553997 0.01312798 -0.01168006 0.04580998 0.02891403 -0.01194429 0.04556 0.02890801 -0.01234585 0.04576992 0.01312398 -0.01232635 0.04618 0.02890098 -0.01294285 0.04616999 0.01311999 -0.01291495 0.04663991 0.028898 -0.01320147 0.04638993 0.01311999 -0.01297986 0.0467 0.02889698 -0.01346975 0.04664993 0.01311898 -0.01341819 0.04716992 0.02889603 -0.01391065 0.04717993 0.01311898 -0.01369535 0.04753994 0.02889698 -0.01412159 0.04750001 0.01311999 -0.01382625 0.04774999 0.013121 -0.01413744 0.04834997 0.01312398 -0.0143553 0.04895997 0.01313 -0.01451438 0.04974997 0.01313102 -0.01453578 0.04996991 0.01313203 -0.01454049 0.05004 0.01313203 -0.01454257 0.05007994 0.01313203 -0.01454287 0.05007994 0.028903 -0.01452916 0.04832994 0.01307702 -0.01459699 0.05116999 0.01231002 -0.01474225 0.05419993 0.01231199 0.01474195 0.05419993 0.01307702 0.01459699 0.05116999 0.03585702 -0.008499979 0.04469001 0.03585702 0.008499979 0.04469001 0.03571403 -0.008499979 0.04480993 0.03571403 0.008499979 0.04480993 0.03557097 -0.008499979 0.04491996 0.03557097 0.008499979 0.04491996 0.03527003 -0.008100748 0.04515993 0.03527003 0.008100748 0.04515993 0.01132202 0.002975583 0.04835999 0.01134902 0.005629658 0.04733991 0.01054602 0.003110289 0.04866993 0.01047497 0.005865573 0.04770994 0.009827017 0.003275632 0.04910993 0.009689033 0.00618577 0.04822993 0.009200036 0.003465056 0.04966998 0.009041011 0.006573796 0.04887998 0.008688986 0.003669798 0.05031991 0.008562982 0.007005453 0.04961991 0.008307993 0.003880202 0.0510199 0.008269011 0.007453203 0.05039 0.008288979 5.54079e-6 0.05124998 0.008307993 -0.003871977 0.0510199 0.008688986 -0.003662049 0.05031991 0.008562982 -0.007005453 0.04961991 0.009041011 -0.006573796 0.04887998 0.009200036 -0.003457784 0.04966998 0.009689033 -0.00618577 0.04822993 0.009827017 -0.003268778 0.04911994 0.00920701 4.96758e-6 0.04996991 0.009820997 4.70308e-6 0.04944992 0.008269011 -0.007453203 0.05039 0.01047497 -0.005865573 0.04770994 0.01054602 -0.003103733 0.04866993 0.01051098 4.46786e-6 0.04902994 0.01134902 -0.005629658 0.04733991 0.01132202 -0.002969324 0.04835999 0.011249 4.27039e-6 0.04873001 0.008692026 5.25067e-6 0.0505799 0.04484701 -0.002222836 -0.03619003 0.043316 -0.002864599 -0.03878009 0.04094803 -0.002340734 -0.04068005 0.03837901 -7.91766e-4 -0.04138004 0.03629499 0.00136739 -0.04068005 0.03525602 0.003558158 -0.03878009 0.03553998 0.005193531 -0.03619003 0.03707098 0.005835294 -0.03360009 0.039438 0.005311489 -0.03170001 0.04200798 0.003762423 -0.03100001 0.04409199 0.001603245 -0.03170001 0.04513102 -5.87497e-4 -0.03360009 0.03610402 -0.01210987 0.03719997 0.03299999 -0.01099997 0.03767001 0.03299999 -0.01349997 0.03699994 0.03644102 -0.01325756 0.03700995 0.03776299 -0.01524817 0.03732001 0.03299999 -0.01599997 0.03767001 0.03967702 -0.01653188 0.03802001 0.03299999 -0.01783007 0.03949999 0.04199999 -0.01699995 0.03842997 0.03299999 -0.008499979 0.04199993 0.03299999 -0.009169816 0.03949999 0.03299999 -0.01849997 0.04199993 0.03299999 0.008499979 0.04199993 0.03299999 0.009169816 0.03949999 0.03299999 0.01099997 0.03767001 0.03610503 0.0121181 0.03718996 0.03299999 0.01349997 0.03699994 0.036444 0.01326489 0.03700995 0.03776401 0.01524937 0.03732001 0.03299999 0.01599997 0.03767001 0.03967702 0.016532 0.03802001 0.03299999 0.01783007 0.03949999 0.04199999 0.01699995 0.03842997 0.03299999 0.01849997 0.04199993 0.03799998 0.00514996 0.0374999 0.03799998 0.004459977 0.04006993 0.03799998 0.004459977 0.03492999 0.03799998 0.00257498 0.03303992 0.03799998 0.00257498 0.04196 0.03799998 0 0.03234994 0.03799998 0 0.04264998 0.03799998 -0.00257498 0.03303992 0.03799998 -0.00257498 0.04196 0.03799998 -0.004459977 0.03492999 0.03799998 -0.004459977 0.04006993 0.03799998 -0.00514996 0.0374999 0.03600001 -0.003349959 0.0374999 0.03600001 -0.00514996 0.0374999 0.03600001 -0.002901136 0.03582 0.03600001 -0.002901136 0.03917992 0.03600001 -0.004459977 0.04006993 0.03600001 -0.00167495 0.0403999 0.03600001 -0.00257498 0.04196 0.03600001 0 0.04084992 0.03600001 0 0.04264998 0.03600001 0.00257498 0.04196 0.03600001 -0.004459977 0.03492999 0.03600001 -0.00167495 0.03460001 0.03600001 0.00167495 0.0403999 0.03600001 0.004459977 0.04006993 0.03600001 0.002901136 0.03917992 0.03600001 0.00514996 0.0374999 0.03600001 0.003349959 0.0374999 0.03600001 0.004459977 0.03492999 0.03600001 0.002901136 0.03582 0.03600001 0.00167495 0.03460001 0.03600001 0.00257498 0.03303992 0.03600001 0 0.03415 0.03600001 0 0.03234994 0.03600001 -0.00257498 0.03303992 0.03997498 0.005342602 -0.03269004 0.04400199 0.002133011 -0.03269004 0.03792601 0.005796015 -0.03434002 0.04219901 0.004001855 -0.03209006 0.04490202 2.36804e-4 -0.03434002 0.036601 0.005240559 -0.03658008 0.04465597 -0.001178622 -0.03658008 0.03635501 0.003825068 -0.03883004 0.04333102 -0.001734137 -0.03883004 0.03725403 0.001928865 -0.04047 0.04128199 -0.001280725 -0.04047 0.03905802 5.99993e-5 -0.04106998 0.03676199 0.001833975 -0.03706002 0.035268 0.002461075 -0.03785002 0.03692102 0.002754747 -0.03560006 0.037346 6.00549e-4 -0.03813004 0.03616702 5.64871e-4 -0.03948998 0.03851997 -6.15123e-4 -0.03852009 0.03797101 -0.00130397 -0.04009008 0.04019498 -0.002644717 -0.03948998 0.03996598 -0.001487255 -0.03813004 0.04224401 -0.00309813 -0.03785002 0.04129898 -0.001782178 -0.03706002 0.04356902 -0.002542614 -0.03560006 0.04216098 -0.001420855 -0.03560006 0.04232102 -5.00114e-4 -0.03413999 0.04381501 -0.001127183 -0.03336 0.041736 7.33349e-4 -0.03307008 0.04291498 7.69027e-4 -0.03171002 0.04056298 0.001949012 -0.03268003 0.041112 0.002637863 -0.03111004 0.03888797 0.00397861 -0.03171002 0.03911602 0.002821147 -0.03307008 0.036839 0.004432022 -0.03336 0.03778302 0.003116071 -0.03413999 0.03551399 0.003876566 -0.03560006 0.03299999 0.01362019 0.04609 0.03299999 0.013143 0.04570996 0.03299999 0.01261276 0.04539 0.03299999 0.01203846 0.04513001 0.03299999 0.01143205 0.04493999 0.03299999 0.01017814 0.04480993 0.03299999 0.008963704 0.04497992 0.03299999 0.008499979 0.04513001 0.03299999 -0.008499979 0.04513001 0.03299999 -0.008963644 0.04497992 0.03299999 -0.01017814 0.04480993 0.03299999 -0.01143205 0.04493999 0.03299999 -0.01203835 0.04513001 0.03299999 -0.0126127 0.04539 0.03299999 -0.013143 0.04570996 0.03299999 -0.01361989 0.04609 0.03675001 0.004564404 0.0388199 0.03675001 0.004749953 0.0374999 0.03675001 0.003749966 0.0374999 0.03675001 0.003486692 0.03887999 0.03675001 0.00392878 0.04016995 0.03675001 0.002651631 0.04014992 0.03675001 0.003358721 0.04085993 0.03675001 0.002263486 0.04167997 0.03675001 0.001380324 0.04098999 0.03675001 0 0.04224991 0.03675001 0 0.04124999 0.03675001 -0.001380324 0.04098999 0.03675001 -0.002229869 0.04168999 0.03675001 -0.002651631 0.04014992 0.03675001 -0.003358721 0.04085993 0.03675001 -0.00393325 0.04015994 0.03675001 -0.003486692 0.03887999 0.03675001 -0.004552781 0.03885996 0.03675001 -0.003749966 0.0374999 0.03675001 -0.004749953 0.0374999 0.03675001 -0.004564404 0.03618001 0.03675001 0.003358721 0.03413999 0.03675001 0.002651631 0.03485 0.03675001 0.00393325 0.03483998 0.03675001 0.002229869 0.03330993 0.03675001 0.001380324 0.03400993 0.03675001 0 0.03275001 0.03675001 0 0.03374993 0.03675001 -0.001380324 0.03400993 0.03675001 -0.002263486 0.03331995 0.03675001 -0.002651631 0.03485 0.03675001 -0.003358721 0.03413999 0.03675001 -0.00392878 0.03482997 0.03675001 -0.003486692 0.03611993 0.03675001 0.003486692 0.03611993 0.03675001 0.004552781 0.03613996 0.041287 0.002453386 -0.03271007 0.04233801 0.001344621 -0.03307998 0.04301303 0.001337885 -0.03234004 0.041399 0.002995371 -0.03183007 0.04007703 0.003296077 -0.03288006 0.03954797 0.004144966 -0.03228008 0.03885102 0.003805339 -0.03352999 0.03768503 0.004648566 -0.03365004 0.03774303 0.003898382 -0.03463006 0.03685301 0.004552245 -0.03471004 0.03701603 0.003515541 -0.03597009 0.03623402 0.004138767 -0.03597009 0.03597801 0.003516614 -0.03711998 0.03681099 0.003005325 -0.03691005 0.03596198 0.003326356 -0.0374 0.03680199 0.002874195 -0.03710007 0.03608399 0.002529978 -0.03838002 0.036933 0.002139449 -0.03798007 0.036884 0.001018941 -0.03960001 0.03755903 0.001012206 -0.03886008 0.03860998 -9.65275e-5 -0.03922998 0.04296499 2.17446e-4 -0.03395998 0.043814 -1.73127e-4 -0.03356003 0.03849899 -6.38532e-4 -0.04010999 0.03982102 -9.39194e-4 -0.03905999 0.04035001 -0.001788079 -0.03966009 0.04104703 -0.001448452 -0.03841006 0.04221302 -0.002291679 -0.03829002 0.04215401 -0.001541495 -0.03731 0.04304498 -0.002195298 -0.03723001 0.04288202 -0.001158654 -0.03597009 0.04366397 -0.00178188 -0.03597009 0.04391998 -0.001159727 -0.03482007 0.04308599 -6.48477e-4 -0.03503 0.043935 -9.6951e-4 -0.03454005 0.043096 -5.1731e-4 -0.03483998 0.03720003 0 0.04344999 0.03720003 -0.002974987 0.04264998 0.03720003 -0.005152821 0.04047 0.03720003 -0.005949974 0.0374999 0.03720003 -0.005152821 0.03452992 0.03720003 -0.002974987 0.03234994 0.03720003 0 0.03154993 0.03720003 0.002974987 0.03234994 0.03720003 0.005152821 0.03452992 0.03720003 0.005949974 0.0374999 0.03720003 0.005152821 0.04047 0.03720003 0.002974987 0.04264998 0.04089999 0.01099997 0.01994001 0.04095602 0.01148289 0.01981997 0.04109197 0.01187735 0.01953995 0.04144901 0.01241564 0.01876997 0.04220503 0.01294356 0.01699995 0.043213 0.01308917 0.01699995 0.04417103 0.01274347 0.01699995 0.04485303 0.01198786 0.01699995 0.04510003 0.01099997 0.01699995 0.04089999 -0.01099997 0.01994001 0.04095602 -0.01051706 0.01981997 0.04109197 -0.01012259 0.01953995 0.04144901 -0.009584307 0.01876997 0.04220503 -0.009056329 0.01699995 0.043213 -0.008910775 0.01699995 0.04417103 -0.009256422 0.01699995 0.04485303 -0.01001209 0.01699995 0.04510003 -0.01099997 0.01699995 0.04109197 -0.01187729 0.01953995 0.04144799 -0.01241427 0.01876997 0.04095703 -0.01148414 0.01981997 0.04220503 -0.01294356 0.01699995 0.043213 -0.01308917 0.01699995 0.04417103 -0.01274347 0.01699995 0.04485303 -0.01198786 0.01699995 0.04109197 0.01012265 0.01953995 0.04144799 0.009585678 0.01876997 0.04095703 0.01051574 0.01981997 0.04220503 0.009056329 0.01699995 0.043213 0.008910775 0.01699995 0.04417103 0.009256422 0.01699995 0.04485303 0.01001209 0.01699995 0.026524 0.01039558 -0.04282009 0.02632498 0.01130998 -0.04297006 0.02631199 0.01135456 -0.04299008 0.02600002 0.0121932 -0.04326999 0.02555799 0.01298809 -0.04369997 0.02552002 0.01304507 -0.04374003 0.02502298 0.01364356 -0.04425001 0.02443003 0.01412534 -0.04487001 0.024369 0.01416307 -0.04493999 0.023813 0.01442074 -0.04554009 0.02352601 0.0144968 -0.04585003 0.02333098 0.01452726 -0.04606008 0.02326202 0.01453405 -0.04614007 0.02322399 0.01453685 -0.04618 0.023198 0.01453846 -0.04621005 0.02317702 0.01453948 -0.04623007 0.02315902 0.01454025 -0.04625999 0.02325803 -0.01453447 -0.04615008 0.02391999 -0.01438289 -0.04542005 0.024369 -0.01416307 -0.04493999 0.02476203 -0.01388305 -0.04452002 0.02528703 -0.01335245 -0.04398 0.02552002 -0.01304507 -0.04374003 0.02559703 -0.01292997 -0.04366004 0.02618402 -0.01174175 -0.04309999 0.026313 -0.01135069 -0.04298007 0.02641099 -0.01097917 -0.04290008 0.02650898 -0.01049566 -0.04282999 -0.04095101 0.01044505 0.02707993 -0.04091298 0.01136314 0.02733993 -0.04087597 0.01224738 0.02778995 -0.04084396 0.01303935 0.02841997 -0.04081702 0.01368784 0.02919995 -0.040798 0.01414489 0.0300399 -0.04079699 0.0141589 0.03007996 -0.04078596 0.01444017 0.03099 -0.04078197 0.01453775 -0.03176009 -0.04078197 0.0145297 -0.03163003 -0.04078298 0.01449227 -0.03129005 -0.04078698 0.01441025 -0.03085005 -0.040798 0.01413768 -0.03003001 -0.04079997 0.01410359 -0.02995002 -0.04082 0.01361244 -0.02909004 -0.04084396 0.01302278 -0.02841007 -0.040847 0.01294976 -0.02833998 -0.04087996 0.01215034 -0.02772998 -0.04091298 0.01135355 -0.02734005 -0.04091697 0.01126497 -0.0273 -0.040955 0.01035028 -0.02706003 -0.04095101 -0.01044505 -0.02708005 -0.04091298 -0.01136314 -0.02734005 -0.04087597 -0.01224738 -0.02779006 -0.04084396 -0.01303935 -0.02842009 -0.04081702 -0.01368784 -0.02920007 -0.040798 -0.01414489 -0.03004002 -0.04079699 -0.0141589 -0.03008008 -0.04078596 -0.01444017 -0.03099 -0.04078197 -0.01453775 0.03175997 -0.04078197 -0.0145297 0.03162992 -0.04078298 -0.01449227 0.03128993 -0.04078698 -0.01441025 0.03084993 -0.040798 -0.01413768 0.03003001 -0.04079997 -0.01410359 0.0299499 -0.04082 -0.01361244 0.02908992 -0.04084396 -0.01302278 0.02840995 -0.040847 -0.01294976 0.02833998 -0.04087996 -0.01215034 0.02772998 -0.04091298 -0.01135355 0.02733993 -0.04091697 -0.01126497 0.0273 -0.040955 -0.01035028 0.02705991 0.04375898 -0.002303957 -0.03577005 0.04404598 -0.001548647 -0.03439998 0.043935 -6.05104e-4 -0.03321003 0.04304802 0.001087129 -0.03184008 0.04130202 0.002876579 -0.03128004 0.039168 0.004178702 -0.03184008 0.03732103 0.00466603 -0.03321003 0.03637599 0.004563868 -0.03439998 0.03570401 0.004115223 -0.03577005 0.03541702 0.003359913 -0.03715002 0.035528 0.002416372 -0.03834009 0.03641498 7.24118e-4 -0.03971004 0.03816097 -0.001065254 -0.04027009 0.040295 -0.002367436 -0.03971004 0.04214203 -0.002854764 -0.03834009 0.043087 -0.002752542 -0.03715002 0.04376202 -0.001890361 -0.03596007 0.04402703 -0.001243829 -0.03475999 0.04389202 -1.56385e-4 -0.03340005 0.04409301 -0.001371681 -0.03468 0.04395502 -2.53808e-4 -0.03328001 0.04305303 0.001377284 -0.03219008 0.04309201 0.001322805 -0.03203999 0.04142701 0.003033161 -0.03169 0.04141998 0.003024995 -0.03153002 0.03944998 0.004248261 -0.03219008 0.039388 0.004274129 -0.03203999 0.037768 0.004724204 -0.03340005 0.03765898 0.004763424 -0.03328001 0.03667801 0.004612863 -0.03475999 0.036538 0.004648923 -0.03468 0.036107 0.004210412 -0.03596007 0.03595101 0.004235208 -0.03591001 0.04382103 -0.002036273 -0.03591001 0.04381698 -0.002185285 -0.03585004 0.04409402 -0.001508831 -0.03460001 0.043953 -3.70908e-4 -0.03316998 0.04307502 0.001233935 -0.03191006 0.04137402 0.002966642 -0.03138005 0.03930503 0.004238128 -0.03191006 0.03640401 0.004619657 -0.03460001 0.03580701 0.004198491 -0.03585004 0.03754502 0.004736125 -0.03316998 0.04321998 -0.002606451 -0.03710007 0.04207903 -0.002722978 -0.03852999 0.04031801 -0.002224922 -0.03979003 0.03825002 -9.53494e-4 -0.04031002 0.03654903 7.79188e-4 -0.03979003 0.03835099 -8.26145e-4 -0.04030001 0.03667998 8.76055e-4 -0.03979003 0.038441 -7.13137e-4 -0.04023003 0.036816 9.42711e-4 -0.03972005 0.03597599 0.002476394 -0.03852009 0.035842 0.00356388 -0.03715002 0.03567898 0.003570616 -0.03714001 0.03552901 0.003521978 -0.03710007 0.03566998 0.002384066 -0.03852999 0.03581702 0.002452671 -0.03855001 0.04323399 -0.002450048 -0.03714001 0.04319101 -0.002292811 -0.03715002 0.042113 -0.002564489 -0.03855001 0.04210102 -0.002404153 -0.03852009 0.04038399 -0.002075254 -0.03979003 0.04041802 -0.00192821 -0.03972005 0.036722 0.004897236 0.0374999 0.036722 0.004701316 0.03886997 0.03663301 0.004831492 0.03890991 0.03663301 0.004026234 0.04051995 0.03649699 0.004097521 0.04057002 0.03649699 0.002410292 0.04201996 0.03635001 0.002423167 0.04203999 0.03635001 0 0.04264998 0.03635001 0.004119873 0.04058992 0.03635001 0.004943788 0.03893995 0.03649699 0.004917025 0.03892993 0.03635001 0.00514996 0.0374999 0.03649699 0.005121886 0.0374999 0.03663301 0.005032837 0.0374999 0.036722 0.003917753 0.04043996 0.03663301 0.00236839 0.04193997 0.03649699 0 0.04261994 0.03635001 -0.002423167 0.04203999 0.036722 0.002304553 0.04181993 0.03663301 0 0.04252994 0.03649699 -0.002410292 0.04201996 0.03635001 -0.004119873 0.04058992 0.036722 0 0.0424 0.036722 -0.002304553 0.04181993 0.036722 -0.003917753 0.04043996 0.036722 -0.004701316 0.03886997 0.036722 -0.004897236 0.0374999 0.03663301 -0.004831492 0.03890991 0.03663301 -0.004026234 0.04051995 0.03663301 -0.00236839 0.04193997 0.03663301 -0.005032837 0.0374999 0.03649699 -0.005121886 0.0374999 0.03649699 -0.004917025 0.03892993 0.03635001 -0.00514996 0.0374999 0.03635001 -0.004943788 0.03893995 0.03649699 -0.004097521 0.04057002 0.03635001 -0.004943788 0.03605997 0.03649699 -0.004917025 0.03606998 0.03649699 -0.004097521 0.0344299 0.03663301 -0.004831492 0.03609001 0.03663301 -0.004026234 0.03447997 0.036722 -0.004701316 0.03612995 0.036722 -0.003917753 0.03455996 0.036722 -0.002304553 0.03317999 0.036722 0 0.03259992 0.036722 0.002304553 0.03317999 0.036722 0.003917753 0.03455996 0.036722 0.004701316 0.03612995 0.03663301 0.004831492 0.03609001 0.03663301 0.004026234 0.03447997 0.03663301 0.00236839 0.03305995 0.03663301 0 0.03246998 0.03663301 -0.00236839 0.03305995 0.03649699 0.004917025 0.03606998 0.03635001 0.004943788 0.03605997 0.03649699 0.004097521 0.0344299 0.03635001 0.004119873 0.03440999 0.03649699 0.002410292 0.03297996 0.03635001 0.002423167 0.03295993 0.03649699 0 0.03237998 0.03635001 0 0.03234994 0.03649699 -0.002410292 0.03297996 0.03635001 -0.002423167 0.03295993 0.03635001 -0.004119873 0.03440999 0.03238302 -0.007842004 0.04544997 0.03220802 -0.00893253 0.0450499 0.03204101 -0.01017367 0.04491996 0.03190201 -0.01146125 0.04512 0.03184801 -0.0120815 0.04534995 0.031807 -0.01266407 0.04565 0.03177899 -0.01319539 0.04602992 0.03176403 -0.0136646 0.04645991 0.031771 -0.01439458 0.0474199 0.03177201 0.01439458 0.0474199 0.03176498 0.0136646 0.04645991 0.03178 0.01319527 0.04602992 0.03180801 0.01266396 0.04565 0.03184902 0.01208138 0.04534995 0.03190302 0.01146119 0.04512 0.03204202 0.01017367 0.04491996 0.03220897 0.00893259 0.0450499 0.03238397 0.007842063 0.04544997 0.012488 0.01449078 0.05005002 0.01240098 0.01430749 0.04901993 0.01236701 0.01409 0.04841995 0.01147001 0.01389366 0.04856991 0.01142603 0.01357805 0.04795992 0.01053798 0.01322418 0.04823994 0.01052302 0.01281368 0.04765999 0.009720981 0.01231217 0.04803991 0.009774029 0.01182669 0.04749 0.00912702 0.01121568 0.04795992 0.009280979 0.01069176 0.04744994 0.00883001 0.01003038 0.04794991 0.009104013 0.009515702 0.04746997 0.008852005 0.008868515 0.04795992 0.009241998 0.008412837 0.04750001 0.009133994 0.007915794 0.04793 0.009630978 0.007549285 0.04745995 0.009716987 0.007987976 0.04710996 0.009739995 0.007482469 0.04737997 0.01025801 0.007606387 0.04679 0.009918987 0.008506238 0.04671001 0.01042902 0.008044242 0.04645991 0.01025801 0.009002745 0.04632997 0.010715 0.008463621 0.04613995 0.01072502 0.009444057 0.04598999 0.01110899 0.008836388 0.04584991 0.01129502 0.009800791 0.04571998 0.01159101 0.009137809 0.04561996 0.01192998 0.01005405 0.04552996 0.01212698 0.00935173 0.04545998 0.01258897 0.01019805 0.04541993 0.01268398 0.009473323 0.04535996 0.01250499 0.01092469 0.04557991 0.01243698 0.01162827 0.04584991 0.01238602 0.01228398 0.04622995 0.01235401 0.01287055 0.0467 0.01234102 0.01337206 0.04723 0.01234602 0.01377928 0.04780995 0.01141601 0.01316964 0.04738998 0.01056301 0.01232069 0.04711997 0.01167601 0.01430147 0.05001997 0.011541 0.01411926 0.04917001 0.01060402 0.01354849 0.04882991 0.009742021 0.01272565 0.04861998 0.009065032 0.01169186 0.04850995 0.008657991 0.01052826 0.04848992 0.008561015 0.009339869 0.04847991 0.008615016 0.008475959 0.0486499 0.008745014 0.008307516 0.04842996 0.01131498 0.01416969 0.05000996 0.01071 0.01378828 0.04941999 0.009827017 0.01306217 0.04919993 0.009088993 0.01210898 0.0490899 0.008589029 0.01099395 0.04904997 0.008378982 0.009810626 0.04902994 0.008458018 0.008725225 0.04897999 0.010845 0.0139479 0.04998993 0.01000398 0.01337909 0.04997992 0.009965002 0.01332199 0.04978001 0.009648978 0.0130527 0.04997992 0.009190022 0.01246058 0.04965996 0.008867979 0.0120241 0.04998993 0.00861603 0.01141518 0.04961991 0.008662998 0.01162517 0.04999995 0.008554995 0.01137167 0.04999995 0.008406996 0.01094269 0.05001997 0.009238004 0.01257985 0.04997992 0.008305013 0.01026535 0.0496 0.008207023 0.009670436 0.05006992 0.008270025 0.00917983 0.04957997 0.008206009 0.009549677 0.05007994 0.008320987 0.01060467 0.05002999 0.01014399 0.007264494 0.04710996 0.01078999 0.00699526 0.04677999 0.01084101 0.007276833 0.04655992 0.01131099 0.00683397 0.04658997 0.01144498 0.007003724 0.04640996 0.01140201 0.006810009 0.04655992 0.01201897 0.006679415 0.04641997 0.01205003 0.006787598 0.04632997 0.01232898 0.006632804 0.04636991 0.01254498 0.006607472 0.04635 0.012699 0.006592929 0.04633998 0.01282602 0.006583094 0.04632997 0.01211601 0.006958723 0.04619991 0.01154702 0.007264792 0.04620993 0.01171803 0.007514894 0.04601991 0.01120698 0.007964015 0.04602992 0.01152402 0.008262872 0.04580998 0.01097798 0.007627844 0.04628992 0.01293498 0.00657618 0.04632997 0.01303303 0.006571233 0.04631996 0.01222801 0.007122576 0.04607999 0.013121 0.006567716 0.04631996 0.01238203 0.007268249 0.04595994 0.01257002 0.007386028 0.04586994 0.01223999 0.007916927 0.04570996 0.01256 0.008044481 0.04560995 0.01234 0.008675932 0.0454899 0.01278603 0.008773446 0.04541993 0.01299703 0.007517158 0.04576992 0.012892 0.00811702 0.04556 0.01278001 0.007469594 0.04580998 0.01144301 0.01267117 0.04684996 0.011509 0.01209217 0.04637992 0.01161497 0.01144838 0.04598999 0.01175701 0.01076108 0.04570996 0.01191002 0.008504509 0.04561996 0.01195299 0.007737219 0.04584991 0.01066303 0.01175487 0.04663991 0.01082199 0.01113229 0.04622995 0.01103502 0.01047325 0.0459299 0.009903013 0.01127958 0.04699993 0.01011002 0.01068675 0.04656994 0.009527027 0.01013565 0.04698991 0.009856998 0.009566187 0.04662001 0.009472012 0.00900191 0.04704999 0.010387 0.01006776 0.04623997 0.01249903 -0.00661236 0.04635 0.01241099 -0.007531762 0.04583001 0.01237702 -0.008137524 0.04560995 0.01235598 -0.008799552 0.04546999 0.01235103 -0.009504437 0.04540991 0.01170003 -0.00674045 0.04647994 0.01156002 -0.007540464 0.04605996 0.01148998 -0.008146584 0.04584991 0.010634 -0.008162558 0.0462799 0.01056903 -0.008825182 0.04614996 0.009779036 -0.008848249 0.04675996 0.009757995 -0.009553432 0.04671001 0.009101986 -0.009582161 0.04746997 0.009163022 -0.01031005 0.04749 0.008688032 -0.010342 0.04832994 0.008857011 -0.01106828 0.04838001 0.008576035 -0.01110047 0.04922997 0.008863031 -0.01179856 0.04926991 0.008554995 -0.01137167 0.04999995 0.008760035 -0.01182609 0.04998993 0.009155988 -0.01246964 0.04997992 0.009248018 -0.01244527 0.04932999 0.009126007 -0.0117684 0.04847002 0.009487986 -0.01241779 0.04859995 0.009554982 -0.01173955 0.04770994 0.009878993 -0.01239156 0.04790997 0.01013803 -0.0117141 0.04702997 0.01041102 -0.01236826 0.04728996 0.010845 -0.01169335 0.04647994 0.01105499 -0.01234948 0.04679 0.01163101 -0.01167875 0.04609 0.01177102 -0.01233619 0.04644 0.01244503 -0.01167047 0.04586994 0.01251202 -0.01232856 0.04623997 0.01239502 -0.01096385 0.04560995 0.011527 -0.01097279 0.04584991 0.01069003 -0.01098835 0.04625999 0.009936034 -0.01101034 0.04683995 0.009314 -0.01103758 0.04755997 0.01140201 -0.006810009 0.04655992 0.01073902 -0.007555723 0.04646992 0.009863018 -0.008185029 0.04686999 0.00912702 -0.0088768 0.0475099 0.008620023 -0.009614527 0.04832994 0.008396029 -0.01037538 0.04921996 0.008467018 -0.01113098 0.05000996 0.01089 -0.006960988 0.04673993 0.01006698 -0.007302641 0.04715001 0.00999999 -0.0075773 0.04703998 0.009739995 -0.007482469 0.04737997 0.009536027 -0.007611632 0.04753994 0.009226977 -0.008212864 0.04760992 0.009312033 -0.007771074 0.04773998 0.008718013 -0.008340537 0.04847991 0.008647978 -0.008908987 0.04837 0.008324027 -0.009648442 0.04922997 0.008208036 -0.009689986 0.05006992 0.008282005 -0.01040816 0.05004 0.008652985 -0.008423388 0.04858994 0.008615016 -0.008475959 0.0486499 0.008354008 -0.008942663 0.04926002 0.008358001 -0.008928775 0.04925 0.008206009 -0.009549677 0.05007994 0.009638011 -0.01304078 0.04997992 0.009718 -0.01301968 0.04941999 0.009930014 -0.01299548 0.04877996 0.01027399 -0.01297235 0.04815995 0.010742 -0.01295185 0.04761993 0.01130998 -0.01293528 0.04717993 0.01194 -0.01292359 0.04686999 0.01259303 -0.01291686 0.04668998 0.010185 -0.01352345 0.04997992 0.01025301 -0.01350659 0.04952001 0.010432 -0.01348608 0.04897999 0.010724 -0.01346647 0.04846 0.01112002 -0.01344919 0.04799997 0.01160001 -0.01343518 0.04762995 0.01213401 -0.01342517 0.04735994 0.01268601 -0.01341956 0.04720997 0.01077699 -0.01391065 0.04998993 0.01083099 -0.01389747 0.04963994 0.010975 -0.01388096 0.04919993 0.01120901 -0.01386529 0.04877996 0.01152801 -0.01385128 0.04840993 0.01191401 -0.01384007 0.04811 0.01234298 -0.01383209 0.04789996 0.01278698 -0.0138275 0.04777991 0.01131498 -0.01416969 0.05000996 0.01143002 -0.01419067 0.04975998 0.01153701 -0.01417839 0.0494399 0.01171201 -0.01416659 0.04911994 0.01195001 -0.01415616 0.04884994 0.01223897 -0.01414775 0.04861998 0.01255899 -0.01414179 0.04847002 0.01289099 -0.0141384 0.04838001 0.01139098 -0.01419985 0.05000996 0.01200598 -0.01439577 0.05002999 0.01203 -0.01439034 0.04988992 0.01283198 -0.01452898 0.05006992 0.01210099 -0.0143823 0.04966998 0.01301997 -0.01453977 0.05007994 0.01221603 -0.01437449 0.04946994 0.013098 -0.01454216 0.05007994 0.01237398 -0.01436758 0.04928994 0.012564 -0.01436209 0.04913997 0.01277601 -0.0143581 0.04902994 0.012995 -0.01435589 0.04896998 0.01236301 -0.01023358 0.04545998 0.01146298 -0.01024276 0.04569995 0.01059198 -0.01025897 0.04612994 0.009809017 -0.0102818 0.04673993 0.01143598 -0.009513795 0.04566001 0.010553 -0.009530246 0.04609 0.01144701 -0.008808851 0.04570996 -0.02222996 -0.01066285 0.05085992 -0.02260798 -0.01040506 0.0438199 -0.02244001 -0.01148855 0.05084002 -0.02286499 -0.01133066 0.04379999 -0.02250701 -0.0116688 0.05083 -0.02311199 -0.01187467 0.04378998 -0.02280402 -0.01229619 0.05081999 -0.02331501 -0.01222378 0.04377996 -0.02331697 -0.01304304 0.05080997 -0.02394896 -0.01302659 0.04377996 -0.02358597 -0.01334208 0.05080997 -0.02396202 -0.01368969 0.05081999 -0.02472996 -0.01368087 0.04378998 -0.024706 -0.01420456 0.05083 -0.02560901 -0.01415657 0.0438199 -0.02523201 -0.01446247 0.05084991 -0.02550899 -0.01456946 0.05085992 -0.02652698 -0.01444005 0.04384994 -0.02736496 -0.01454007 0.04388999 -0.02653497 0.01444137 0.04385995 -0.02562099 0.01416134 0.0438199 -0.02550899 0.01456946 0.05085992 -0.02523201 0.01446247 0.05084991 -0.02558898 0.01414799 0.0438199 -0.024706 0.01420456 0.05083 -0.02474498 0.01369088 0.04378998 -0.02396202 0.01368969 0.05081999 -0.02394896 0.01302659 0.04377996 -0.02358597 0.01334208 0.05080997 -0.02331697 0.01304304 0.05080997 -0.02333098 0.01225006 0.04377996 -0.02280402 0.01229619 0.05081999 -0.02287399 0.01135575 0.04379999 -0.02250701 0.0116688 0.05083 -0.02244001 0.01148855 0.05084002 -0.02261501 0.01044678 0.0438199 -0.02222996 0.01066285 0.05085992 0.010683 -0.014346 0.05343997 0.009247004 -0.01443797 0.05539 0.00823301 -0.01050448 0.05111992 0.007947027 -0.01064217 0.05229997 0.008498013 -0.01142615 0.05107998 0.008194983 -0.01155477 0.05237996 0.008955001 -0.0123136 0.05105996 0.00861299 -0.01243436 0.05253994 0.009593009 -0.01310729 0.05105996 0.009189009 -0.01322376 0.05277991 0.01037901 -0.01375567 0.05106997 0.009895026 -0.01387238 0.05307996 0.01126003 -0.01422417 0.05109 0.007225036 -0.01074498 0.05327999 0.007384002 -0.01154386 0.05341994 0.007413029 -0.01165175 0.05344998 0.007723033 -0.01252615 0.05375993 0.00803703 -0.01313447 0.0540899 0.008149027 -0.01331239 0.05420994 0.008668005 -0.01396077 0.05475997 0.009033977 -0.01428735 0.05514991 0.007225036 0.01074498 0.05327999 0.007947027 0.01064205 0.05229997 0.008195996 0.01155465 0.05236995 0.008498013 0.01142615 0.05107998 0.008955001 0.0123136 0.05105996 0.00861299 0.0124343 0.05252993 0.009593009 0.01310729 0.05105996 0.009190022 0.01322364 0.05277991 0.00803703 0.01313447 0.0540899 0.008149027 0.01331239 0.05420994 0.007723033 0.01252615 0.05375993 0.007413029 0.01165175 0.05344998 0.007384002 0.01154386 0.05341994 0.00823301 0.01050448 0.05111992 0.01037901 0.01375567 0.05106997 0.009895026 0.01387226 0.05307996 0.008668005 0.01396077 0.05475997 0.01126003 0.01422417 0.05109 0.01068401 0.01434588 0.05343997 0.009033977 0.01428735 0.05514991 0.009247004 0.01443797 0.05539 0.02153098 -0.01005125 -0.04184007 0.02181899 -0.01062685 -0.04184007 0.02240401 -0.009796738 -0.04159009 0.02254599 -0.01008147 -0.04159009 0.02498501 -0.01005125 -0.04184007 0.02582603 -0.0102967 -0.04228007 0.024697 -0.01062685 -0.04184007 0.02539801 -0.0111528 -0.04228007 0.02410501 -0.01113468 -0.04184007 0.02451699 -0.01190805 -0.04228007 0.02325803 -0.01134628 -0.04184007 0.02325803 -0.01222288 -0.04228007 0.022412 -0.01113468 -0.04184007 0.021999 -0.01190805 -0.04228007 0.02602899 -0.01162546 -0.04290008 0.02488797 -0.01260328 -0.04290008 0.02519303 -0.01317608 -0.04366004 0.02325803 -0.01365989 -0.04366004 0.02325803 -0.01301079 -0.04290008 0.02162802 -0.01260328 -0.04290008 0.02325803 -0.01413637 -0.04452002 0.02325803 -0.01442795 -0.04542005 0.022839 -0.0103327 -0.04159009 0.02325803 -0.01043725 -0.04159009 0.02411198 -0.009796738 -0.04159009 0.02397 -0.01008147 -0.04159009 0.02367699 -0.0103327 -0.04159009 0.02209699 0.0103538 -0.04171001 0.02337503 0.01034855 -0.04157006 0.02460402 0.01035565 -0.04176008 0.02567899 0.01037269 -0.04220998 0.02216202 0.01127117 -0.04194009 0.023368 0.01126629 -0.04181003 0.02452802 0.01127284 -0.04199004 0.02554398 0.011289 -0.04242002 0.02227199 0.01215887 -0.04236006 0.02335703 0.01215445 -0.04224002 0.02440202 0.01216048 -0.0424 0.02531599 0.0121749 -0.04279005 0.02242302 0.01295965 -0.04295003 0.02260798 0.0136224 -0.04368007 0.02281498 0.01411175 -0.04452002 0.02332299 0.01361936 -0.04361009 0.02330303 0.01410979 -0.04446005 0.02401202 0.01362335 -0.04370999 0.023772 0.01411247 -0.04453003 0.02461498 0.01363289 -0.04396009 0.02418303 0.01411896 -0.04471004 0.02500003 0.01297324 -0.04331004 0.024226 0.01296108 -0.04299008 0.02334201 0.01295596 -0.04285001 0.02235698 0.01411849 -0.04469001 0.02279502 0.0144186 -0.04548001 0.02302998 0.0144152 -0.04539 0.02328097 0.01441419 -0.04536008 0.02352303 0.0144155 -0.04540002 0.02373403 0.0144189 -0.04549002 0.04233098 -0.001382291 -0.03684008 0.04152798 -0.001464247 -0.03784 0.04219198 -0.001347362 -0.03676009 0.04141998 -0.001426219 -0.03772997 0.042059 -0.001376986 -0.03667008 0.04130703 -0.001453876 -0.03761005 0.04128599 -0.001539587 -0.03746008 0.040093 -0.001221299 -0.03834009 0.04014599 -0.001125395 -0.03845 0.03878098 -2.86755e-4 -0.03878998 0.03870999 -3.76424e-4 -0.03869998 0.03765898 8.56079e-4 -0.03845 0.03767603 9.44607e-4 -0.03858006 0.03708201 0.002031028 -0.03772997 0.03702002 0.002128243 -0.03784 0.03692102 0.002928733 -0.03684008 0.037638 9.99333e-4 -0.03873002 0.03882801 -2.28361e-4 -0.03894007 0.04259699 -0.001062273 -0.03591001 0.04275101 -0.001085996 -0.03596007 0.04245299 -0.001099228 -0.03585004 0.042351 -0.001182138 -0.03577005 0.041929 -0.001468837 -0.03664004 0.03757703 7.8334e-4 -0.03834009 0.03707998 0.00191462 -0.03761005 0.03698599 0.002801358 -0.03676009 0.03711599 0.003404617 -0.03596007 0.03700101 0.001875042 -0.03746008 0.036987 0.002665162 -0.03667008 0.03716999 0.003111362 -0.03585004 0.03717398 0.00325936 -0.03591001 0.03692603 0.002518057 -0.03664004 0.03711199 0.002993404 -0.03577005 0.03883498 -2.19513e-4 -0.03910005 0.04028999 -0.001113891 -0.03873002 0.040228 -0.001089096 -0.03858006 0.03756397 0.00338912 -0.03501999 0.03757798 0.003544449 -0.03507006 0.03835099 0.003623306 -0.03410005 0.03833901 0.003782808 -0.03407001 0.039577 0.003432512 -0.03317999 0.03753602 0.003700852 -0.03508007 0.03753399 0.003280103 -0.03491008 0.03817701 0.003350853 -0.03409004 0.03831601 0.00346601 -0.03408002 0.03937 0.003032624 -0.03321003 0.03947699 0.003137528 -0.03325009 0.04084199 0.002298831 -0.03290009 0.04094302 0.002425432 -0.03289008 0.04209399 0.001252472 -0.03324007 0.04222899 0.001319229 -0.03317999 0.04284697 1.90304e-4 -0.03407001 0.04103201 0.002538084 -0.03281009 0.03954201 0.003286182 -0.03324007 0.040753 0.002187669 -0.03285002 0.04196399 0.001156032 -0.03325009 0.04268902 1.6603e-4 -0.03410005 0.04294598 -6.1017e-4 -0.03508007 0.04188501 0.001027941 -0.03321003 0.04254299 9.75044e-5 -0.03408002 0.04278403 -6.04314e-4 -0.03507006 0.04246199 -6.38068e-5 -0.03409004 0.04263603 -6.53049e-4 -0.03501999 0.04253703 -7.06767e-4 -0.03491008 0.036722 -0.003458619 0.03648996 0.036722 -0.002882182 0.03533995 0.03663301 -0.003328442 0.03653001 0.03663301 -0.002773702 0.03541994 0.03649699 -0.003242909 0.03654992 0.03649699 -0.002702414 0.03547 0.03635001 -0.003215849 0.03655993 0.03635001 -0.002679884 0.03548991 0.03649699 -0.001589655 0.03451991 0.03635001 -0.001576244 0.03453993 0.03649699 0 0.03411996 0.03663301 0 0.03402996 0.03663301 0.001631557 0.03443992 0.036722 0.001695394 0.03431999 0.036722 0.002882182 0.03533995 0.036722 0 0.0338999 0.03663301 -0.001631557 0.03443992 0.03663301 -0.003467142 0.0374999 0.036722 -0.003602743 0.0374999 0.03649699 -0.003378033 0.0374999 0.03635001 -0.003349959 0.0374999 0.03635001 0 0.03415 0.03635001 0.001576244 0.03453993 0.03649699 0.001589655 0.03451991 0.03649699 0.002702414 0.03547 0.03663301 0.002773702 0.03541994 0.03663301 0.003328442 0.03653001 0.036722 0.003458619 0.03648996 0.036722 0.003602743 0.0374999 0.03635001 0.002679884 0.03548991 0.03635001 0.003215849 0.03655993 0.03649699 0.003242909 0.03654992 0.03635001 0.003349959 0.0374999 0.03649699 0.003378033 0.0374999 0.03663301 0.003467142 0.0374999 0.036722 -0.001695394 0.03431999 0.03635001 -0.001576244 0.04045999 0.03649699 -0.001589655 0.04048001 0.03635001 0 0.04084992 0.03635001 -0.002679884 0.03951001 0.03649699 -0.002702414 0.03952991 0.03663301 -0.002773702 0.03957998 0.03663301 -0.003328442 0.03846991 0.036722 -0.003458619 0.03850996 0.036722 -0.002882182 0.03965997 0.03663301 -0.001631557 0.04056 0.03649699 0 0.04087996 0.03635001 0.001576244 0.04045999 0.03635001 -0.003215849 0.03843998 0.03649699 -0.003242909 0.03845 0.036722 -0.001695394 0.04067993 0.03663301 0 0.04096996 0.03649699 0.001589655 0.04048001 0.03635001 0.002679884 0.03951001 0.036722 0 0.0410999 0.03663301 0.001631557 0.04056 0.03649699 0.002702414 0.03952991 0.03635001 0.003215849 0.03843998 0.036722 0.001695394 0.04067993 0.036722 0.002882182 0.03965997 0.036722 0.003458619 0.03850996 0.03663301 0.003328442 0.03846991 0.03649699 0.003242909 0.03845 0.03663301 0.002773702 0.03957998 0.006376028 0.01153808 0.05400991 0.006712019 0.01301205 0.05470001 0.007194995 0.01415789 0.05583 0.006375014 -0.01153808 0.05400991 0.006711006 -0.01301205 0.05470991 0.007194995 -0.01415789 0.05583 -0.02279996 -0.01036536 0.04269993 -0.02304697 -0.01129329 0.04273998 -0.02347898 -0.01219028 0.04282999 -0.02328199 -0.01032626 0.04158997 -0.02350401 -0.01125615 0.04168999 -0.02420401 -0.01122409 0.04077994 -0.02452397 -0.01212775 0.04105997 -0.024975 -0.01294356 0.04147994 -0.02389198 -0.01215666 0.04188001 -0.02443701 -0.01296818 0.04217994 -0.02408701 -0.01299667 0.04297995 -0.02402096 -0.01029235 0.04062998 -0.025532 -0.01361775 0.04200994 -0.02615898 -0.01411378 0.04260993 -0.02681201 -0.01441848 0.04323995 -0.02666199 -0.01442539 0.04343998 -0.026564 -0.01443326 0.04365992 -0.02568298 -0.01414227 0.04340994 -0.02587097 -0.01412695 0.04297995 -0.02483797 -0.01365935 0.04317998 -0.02511197 -0.01363706 0.04254996 -0.02657198 0.01425755 0.04273998 -0.02569198 0.01398968 0.04273998 -0.02484697 0.01353818 0.04273998 -0.02409601 0.01291406 0.04273998 -0.023485 0.01215076 0.04273998 -0.02305001 0.01129835 0.04273998 -0.022798 0.01041334 0.04273998 -0.02587801 0.01353847 0.04159998 -0.025119 0.01313275 0.04159998 -0.02444398 0.01257205 0.04159998 -0.02498197 0.01204395 0.04060995 -0.02452898 0.01147794 0.04060995 -0.02420598 0.01084589 0.04060995 -0.02402001 0.01018959 0.04060995 -0.02327799 0.01032537 0.04159998 -0.02350401 0.01112055 0.04159998 -0.02389597 0.01188635 0.04159998 -0.03772699 0.01080447 0.02841997 -0.03846698 0.01051926 0.02778995 -0.03870499 0.01099264 0.02778995 -0.03945297 0.0105195 0.02733993 -0.03967696 0.01080566 0.02733993 -0.04033899 0.0101698 0.02707993 -0.04047596 0.01028639 0.02707993 -0.03803497 0.01141679 0.02841997 -0.03748601 0.01176404 0.02919995 -0.03799802 0.01241677 0.02919995 -0.03862899 0.01295459 0.02919995 -0.039339 0.01334959 0.02919995 -0.03915196 0.01378184 0.03007996 -0.03959697 0.0127539 0.02841997 -0.038998 0.01242077 0.02841997 -0.03846597 0.01196718 0.02841997 -0.03991299 0.01202636 0.02778995 -0.04026496 0.01121467 0.02733993 -0.04062998 0.01037198 0.02707993 -0.03995299 0.01104146 0.02733993 -0.039038 0.01141828 0.02778995 -0.03944998 0.01176887 0.02778995 -0.03929197 0.01020109 0.02733993 -0.04022902 0.0100283 0.02707993 -0.04014897 0.009870767 0.02707993 -0.03789997 -0.01037538 0.02815997 -0.038064 -0.01128876 0.02833998 -0.03834497 -0.0121718 0.02865993 -0.03940099 -0.01035624 0.02732992 -0.03948497 -0.0112707 0.02754998 -0.03962898 -0.01215547 0.02795994 -0.03982996 -0.01295417 0.02853 -0.04007798 -0.01361578 0.02924001 -0.04035699 -0.01410579 0.0300399 -0.04064798 -0.01441109 0.03088998 -0.03975999 -0.01411336 0.03036999 -0.04032599 -0.0144152 0.03106999 -0.039218 -0.01362669 0.02970993 -0.03873598 -0.012968 0.02912998 -0.03915196 -0.01378184 -0.03008008 -0.039339 -0.01334959 -0.02920007 -0.03959697 -0.0127539 -0.02842009 -0.03991299 -0.01202636 -0.02779006 -0.04026496 -0.01121467 -0.02734005 -0.03944998 -0.01176887 -0.02779006 -0.03995299 -0.01104146 -0.02734005 -0.039038 -0.01141828 -0.02779006 -0.03967696 -0.01080566 -0.02734005 -0.03870499 -0.01099264 -0.02779006 -0.03945297 -0.0105195 -0.02734005 -0.03846698 -0.01051926 -0.02779006 -0.03929197 -0.01020109 -0.02734005 -0.03772699 -0.01080447 -0.02842009 -0.03803497 -0.01141679 -0.02842009 -0.03846597 -0.01196718 -0.02842009 -0.038998 -0.01242077 -0.02842009 -0.04062998 -0.01037198 -0.02708005 -0.04047596 -0.01028639 -0.02708005 -0.04033899 -0.0101698 -0.02708005 -0.04022902 -0.0100283 -0.02708005 -0.04014897 -0.009870767 -0.02708005 -0.03748601 -0.01176404 -0.02920007 -0.03799802 -0.01241677 -0.02920007 -0.03862899 -0.01295459 -0.02920007 -0.03789997 0.01037538 -0.02816009 -0.038064 0.01128876 -0.02833998 -0.03834497 0.0121718 -0.02866005 -0.03940099 0.01035624 -0.02733004 -0.03948497 0.0112707 -0.02754998 -0.03962898 0.01215547 -0.02796006 -0.03982996 0.01295417 -0.02853 -0.04007798 0.01361578 -0.02924001 -0.04035699 0.01410579 -0.03004002 -0.04064798 0.01441109 -0.03088998 -0.03975999 0.01411336 -0.03036999 -0.04032599 0.0144152 -0.03106999 -0.039218 0.01362669 -0.02971005 -0.03873598 0.012968 -0.02912998 -0.02221602 0.01067036 0.05110991 -0.02233701 0.01154237 0.05155992 -0.02241301 0.01145559 0.05105996 -0.02242398 0.01148808 0.05105996 -0.02214199 0.01176309 0.05213999 -0.023081 0.01293736 0.05148994 -0.02279096 0.01301705 0.05209994 -0.02422398 0.01406025 0.05156993 -0.02456301 0.01413458 0.05098998 -0.02465397 0.01418864 0.05098998 -0.02392196 0.01367306 0.05098998 -0.02328699 0.01302939 0.05099999 -0.02324199 0.01297336 0.05099999 -0.02278196 0.01228809 0.0510199 -0.02544599 0.01455819 0.05101001 -0.02221602 -0.01067036 0.05110991 -0.02233701 -0.01154226 0.05155992 -0.022143 -0.01176249 0.05212998 -0.02241301 -0.01145559 0.05105996 -0.02242398 -0.01148808 0.05105996 -0.02278196 -0.01228809 0.0510199 -0.023081 -0.01293724 0.05148994 -0.02324199 -0.01297336 0.05099999 -0.02328699 -0.01302939 0.05099999 -0.02392196 -0.01367306 0.05098998 -0.02422398 -0.01406025 0.05156993 -0.02456301 -0.01413458 0.05098998 -0.02279198 -0.01301676 0.05209994 -0.02465397 -0.01418864 0.05098998 -0.02544599 -0.01455819 0.05101001 -0.00150001 0.0205 0.05599999 0.00150001 0.0205 0.05599999 0.04242998 -0.01200157 0.01643002 0.04242998 -0.009998321 0.01643002 0.04253399 -0.01152175 0.01616001 0.04253399 -0.01047819 0.01616001 0.04260301 -0.01099997 0.01598 0.04242998 0.009998321 0.01643002 0.04242998 0.01200157 0.01643002 0.04253399 0.01047819 0.01616001 0.04253399 0.01152175 0.01616001 0.04260301 0.01099997 0.01598 0.04299998 -0.01099997 0.01573991 0.04299998 0.01099997 0.01573991</float_array>
          <technique_common>
            <accessor source="#Link5-mesh-positions-array" count="2081" stride="3">
              <param name="X" type="float"/>
              <param name="Y" type="float"/>
              <param name="Z" type="float"/>
            </accessor>
          </technique_common>
        </source>
        <source id="Link5-mesh-normals">
          <float_array id="Link5-mesh-normals-array" count="11640">0.835061 -0.004860997 -0.550136 0.8451716 -0.001832187 -0.5344922 0.8520632 -2.52452e-4 -0.5234391 0.9095109 0.001230716 -0.4156783 0.9134765 -0.001444756 -0.4068892 0.9511415 9.25636e-5 -0.3087552 0.9505174 3.80804e-5 -0.3106715 0.9552012 8.6788e-4 -0.2959562 0.9599897 0.003277361 -0.2800161 0.9673461 0.01291114 -0.2531303 0.9741522 0.03591239 -0.2230198 0.97483 0.0421108 -0.2189366 0.989256 5.13253e-4 -0.1461933 0.9960314 -0.001604199 -0.08898812 0.9979516 0.05234336 -0.03677988 0.9937959 0.1105083 -0.01255494 0.9960963 -0.00653249 0.08803105 0.9991588 0.02346193 0.03363656 0.8433533 0.002193212 -0.5373552 0.8365394 0.005020916 -0.547884 0.8243309 0.01463049 -0.5659193 0.8045398 0.04710119 -0.5920282 0.8034691 0.05061894 -0.5931907 0.7598218 0.005145609 -0.6501111 0.7364461 -0.002360165 -0.6764922 0.7014332 0.01143682 -0.7126435 0.6635545 0.04969066 -0.746476 0.6470335 0.01948833 -0.7622125 0.6258479 0.005819618 -0.7799235 0.5915006 -0.004560112 -0.8062916 0.5941831 1.72974e-4 -0.8043298 0.5939598 0 -0.8044947 0.5869725 0.004059851 -0.8095968 0.5497279 -0.006620287 -0.8353175 0.5653351 -0.001283586 -0.8248603 0.6323044 -0.00418061 -0.7747088 0.6692363 -0.01750546 -0.7428435 0.6996449 0 -0.7144908 0.7840204 0 -0.6207352 0.8088653 -0.01737976 -0.5877372 0.9527248 1.03454e-4 -0.3038347 0.9548809 -3.39546e-5 -0.2969894 0.961259 -0.00228542 -0.2756376 0.9684271 -0.01027601 -0.249085 0.9751167 -0.03069078 -0.2195574 0.988996 -0.005432069 -0.1478426 0.9960995 0.006685674 -0.08798485 0.9987297 -0.03635603 -0.0348913 0.993704 -0.1120381 0 0.9987246 -0.03619933 0.03519648 0.9961353 0.006102561 0.08761972 0.988734 -0.006850242 0.1495274 0.9769963 -0.04749387 0.2079006 0.9752034 -0.03180181 0.2190138 0.9679763 -0.009974002 0.2508437 0.9606675 -0.00192523 0.2776948 0.9558094 -2.09695e-4 0.2939871 0.9509057 9.06471e-5 0.309481 0.9168503 -1.08405e-4 0.3992312 0.9233902 0.008853077 0.3837608 0.9201508 0.003246307 0.3915511 0.9550889 -1.89258e-4 0.2963193 0.9620519 6.70217e-4 0.272866 0.9695203 0.006620466 0.2449219 0.9764394 0.02415925 0.2144353 0.987591 0.02049595 0.1557044 0.9799044 0.05148875 0.192708 0.04341489 0 0.9990571 0.1042109 -0.052841 0.9931505 0.1568518 -0.01071929 0.987564 0.1094652 -0.04664611 0.9928956 0.444611 0.006109058 0.895703 0.4992758 -0.05490177 0.864702 0.5929753 0.008404493 0.8051769 0.5251014 -0.02558934 0.8506549 0.531427 -0.01593804 0.8469543 0.561623 -0.00249654 0.8273895 0.5784378 0 0.8157265 0.7269814 -0.001241922 0.6866561 0.8043316 -0.07366114 0.5895971 0.7638335 6.51742e-4 0.6454131 0.8062131 -0.08274549 0.5858103 0.8448184 -0.00450015 0.5350342 0.8650099 -1.53254e-6 0.5017549 0.8649869 0 0.5017946 0.8726931 -1.33112e-4 0.4882694 0.8685911 0 0.4955297 0.8660389 4.1082e-4 0.4999765 0.9770103 -0.04719209 -0.2079035 0.1042919 -0.03510504 -0.9939271 0.08363533 0 -0.9964965 0.3084479 -0.05295354 -0.9497662 0.2477066 0.02716469 -0.9684543 0.4054165 0.03558295 -0.9134394 0.499345 -0.05260503 -0.8648048 0.5030959 -0.04725897 -0.8629375 0.53294 -0.01674902 -0.8459873 0.5647279 0.00114125 -0.8252764 0.548865 0.005921602 -0.83589 0.5321251 0.01519626 -0.8465294 0.5026274 0.04373806 -0.863396 0.4958407 0.05302709 -0.866793 0.4054203 -0.03538542 -0.9134454 0.2477123 -0.02630466 -0.9684765 0.1034859 0.0337308 -0.9940589 0.3060072 0.05162858 -0.9506283 0.8446823 0.01849359 0.5349487 0.8166038 0.08690977 0.570618 0.7638063 -0.00829935 0.6453923 0.8057206 0.04458737 0.5906152 0.6305243 0.008190155 0.7761264 0.5166641 0.08637279 0.8518204 0.4964262 0.03136122 0.8675122 0.5110723 0.04656356 0.8582756 0.5313041 0.01612627 0.8470277 0.5620933 0.002426803 0.8270704 0.578435 0 0.8157286 0.1850903 0.01083028 0.9826619 0.1294456 0.05381387 0.9901252 0.05603611 0 0.9984288 0.1096712 0.03284138 0.9934253 0.1560372 0.02729469 0.9873741 0.2418233 -0.0140779 0.9702183 0.331237 0.04756504 0.942348 0.3455079 0.02616727 0.9380511 0.4445877 -0.01192754 0.8956559 0.5929929 -0.004341423 0.8051961 0.6611186 0.07371413 0.7466515 0.6758258 0.1517889 0.7212625 0.7019116 0.0678699 0.7090232 0.7301219 0.00931251 0.6832535 0.7009648 -0.03992754 0.7120773 0.6616039 -0.1516388 0.734361 0.6578935 -0.1229553 0.7430061 0.6302075 -0.03266775 0.7757393 0.4963617 -0.05105805 0.8666131 0.3456172 -0.007211148 0.9383479 0.3084273 -0.05419856 0.9497027 0.2418394 0.008851826 0.970276 0.1853032 -0.001660764 0.98268 0.9134748 -0.002349674 0.4068886 -0.09797549 0 -0.9951889 -0.1043478 -0.01270651 -0.9944598 -0.3087967 -0.02340668 -0.95084 -0.4997624 -0.03315472 -0.8655278 -0.6687641 -0.04151558 -0.7423146 -0.8080772 -0.0473572 -0.5871701 -0.8595919 5.74328e-4 -0.5109809 -0.8415566 -0.009005963 -0.540094 -0.8745034 -5.46031e-4 -0.4850193 -0.9133671 -0.01553648 -0.4068405 -0.9200534 0 -0.391793 -0.9129626 -0.0166797 -0.4077024 -0.9987812 -0.00470978 -0.04913228 -0.9970803 -0.07635992 0 -0.9987816 -0.004723429 0.04912471 -0.9905627 0.003518819 0.1370159 -0.9774879 -0.03727817 0.2076721 -0.9731254 -0.01550745 0.2297531 -0.963047 -0.002537012 0.2693213 -0.958109 -7.66332e-4 0.2864031 -0.955255 -1.10767e-4 0.2957835 -0.9639776 9.94704e-4 0.2659818 -0.8609148 8.26488e-4 0.5087486 -0.8080769 -0.04736912 0.5871695 -0.6692268 -0.01891946 0.7428173 -0.5425854 0.01943969 0.8397758 -0.671248 -0.02433902 0.7408332 -0.4994171 -0.0494585 0.8649488 -0.4631611 -0.01862192 0.8860785 -0.4735557 -0.0255745 0.8803925 -0.4405292 -0.005741834 0.8977199 -0.4222838 -1.32081e-4 0.9064638 -0.4018781 9.23833e-4 0.9156927 -0.381424 -0.002300262 0.9243974 -0.3505579 -0.01046586 0.9364827 -0.3520563 -0.006774008 0.9359543 -0.3499799 0 0.9367572 -0.3499425 0.0150603 0.9366502 -0.2476514 -0.003998339 0.968841 -0.1042184 -0.05139428 0.9932256 -0.01077449 0 0.999942 -0.06852996 -0.009237647 0.9976063 -0.1719304 0.007271647 0.9850823 -0.3109549 -0.04308044 0.9494478 -0.3086148 -0.04152965 0.9502801 -0.3152376 -0.03362452 0.948417 -0.3418322 -0.01554328 0.9396325 -0.3519055 0.006735563 0.9360114 -0.3514397 0.001285552 0.9362096 -0.3495131 0.02093929 0.9366976 -0.3313657 0.03869497 0.9427086 -0.3497049 0.02304184 0.9365765 -0.3722104 0.01330977 0.928053 -0.4005052 0.00340712 0.9162883 -0.396162 0.004124164 0.9181715 -0.4306304 1.76058e-4 0.9025285 -0.4398176 8.04214e-4 0.8980869 -0.4752114 0.01298993 0.8797758 -0.4637885 0.008327484 0.8859068 -0.5181818 0.04014372 0.8543279 -0.542681 -0.005040585 0.8399238 -0.6714407 0.004285871 0.7410459 -0.6833811 0.03278726 0.7293252 -0.8186087 0.05171269 0.5720189 -0.8603823 0.0021981 0.5096446 -0.8421999 0.01756823 0.5388792 -0.3131613 0.02524429 0.9493644 -0.2925022 0.01606738 0.9561299 -0.2468029 -0.002041816 0.9690636 -0.172545 0.004005074 0.9849936 -0.1294609 0.05160665 0.9902408 -0.07375252 0 0.9972766 -0.9133644 -0.01572859 0.4068394 -0.872649 -8.83175e-5 0.4883481 -0.9742264 0.01112836 0.2252979 -0.9804004 0.03890311 0.1931362 -0.9988527 -0.003010392 0.04779303 -0.989957 0.003509521 0.1413255 -0.9971833 0.07386636 -0.013013 -0.998641 0.01280272 -0.0505203 -0.9908071 -0.006954431 -0.135104 -0.9751567 0.03378528 -0.2189249 -0.9622107 0.003777086 -0.2722803 -0.9722608 0.01862341 -0.2331569 -0.8608375 -0.001096546 -0.5088788 -0.8037518 0.04311466 -0.5934004 -0.6639189 0.03704547 -0.7468864 -0.4963134 0.03002005 -0.8676244 -0.3063533 0.0205565 -0.9516959 -0.1035385 0.01109057 -0.9945637 -0.2903117 -0.01089859 -0.9568701 -0.4710733 -0.02071893 -0.8818508 -0.6339115 -0.02790737 -0.7729021 -0.7723807 -0.03517717 -0.634185 -0.8409775 0.006088733 -0.5410358 -0.8737223 0.001728475 -0.4864221 -0.9093323 0.01985251 -0.4155967 -0.9112428 0.01484549 -0.4116021 -0.9185565 -0.00126028 -0.3952879 -0.9537907 2.1987e-4 -0.300472 -0.9581117 -7.65044e-4 -0.2863937 -0.96297 -0.002505958 -0.269597 -0.973064 -0.01542896 -0.2300181 -0.9774849 -0.03736376 -0.2076714 -0.9904861 0.003226637 -0.1375754 -0.7722931 0.03826969 -0.6341128 -0.6338351 0.03190106 -0.7728101 -0.4710444 0.02348542 -0.8817968 -0.290306 0.01253646 -0.9568518 -0.9568636 0.001221299 -0.2905353 -0.9595543 2.31044e-4 0.2815235 -0.7832346 0.01414394 0.6215655 -0.841257 -0.009382128 0.5405542 -0.9132953 -0.01592445 0.4069865 -0.9209035 0.002088248 0.3897852 -0.923145 0 0.3844522 -0.8783213 -4.85913e-5 0.478071 -0.8737686 -5.89827e-4 0.4863415 -0.7830715 -0.02481263 0.6214367 -0.3499369 -0.0157833 0.9366404 -0.3515166 -5.01238e-4 0.9361816 -0.920126 0.008034706 0.3915404 0.02177697 -0.9985582 -0.04906547 0.0192002 -0.9986798 -0.04764616 0.01096582 -0.9986863 -0.05005645 0.002252995 -0.9986974 -0.05097591 -0.00683546 -0.9986717 -0.05107074 -0.01600307 -0.9986369 -0.04968321 -0.02477174 -0.9985994 -0.04675197 -0.02508264 -0.9985821 -0.04695451 -0.03190022 -0.9986473 -0.04106163 -0.03435939 -0.9985312 -0.04189312 -0.03769952 -0.9986861 -0.03471028 -0.04245233 -0.9984903 -0.03485673 -0.01559638 -0.9985561 -0.05140584 -0.005320906 -0.9985243 -0.0540471 0.004489004 -0.9985585 -0.0534867 0.01328951 -0.9985609 -0.05195796 -0.03934031 0.9549985 -0.2939904 -0.09092223 0.9549961 -0.2823398 -0.09093213 0.9549069 -0.282638 -0.2944895 0.7781353 -0.5547806 -0.4990676 0.5818622 -0.6421589 -0.5944729 0.2434387 -0.7663809 -0.5947407 0.2462851 -0.765263 -0.4537833 0.2464402 -0.8563573 -0.4549322 0.2434784 -0.856595 -0.2968331 0.2433076 -0.923413 -0.1086078 0.5830973 -0.8051099 0.02775722 0.7753691 -0.6308981 0.01962411 0.955253 -0.2951388 0.01228803 0.960126 -0.2792977 -0.006477773 0.9554826 -0.2949766 -0.03909796 0.9551793 -0.2934347 -0.191569 0.7794805 -0.5964156 -0.379949 0.5843964 -0.7170214 -0.2482045 0.5841818 -0.7727395 -0.2485954 0.5832084 -0.7733488 -0.1390033 0.9549289 -0.2622765 -0.1387349 0.9553186 -0.2609963 -0.3860164 0.7767328 -0.4976723 -0.6002216 0.5855285 -0.5448766 -0.6189668 0.5409024 -0.5694776 -0.6592589 0.4443891 -0.6065444 -0.6552168 0.4548742 -0.6031422 -0.6929473 0.3482019 -0.6313315 -0.7263475 0.2430539 -0.6429185 -0.7278228 0.1494598 -0.66928 -0.1813971 0.9553056 -0.2334231 -0.181642 0.955105 -0.2340527 -0.4675216 0.7760891 -0.4232131 -0.4721636 0.7703071 -0.4285892 -0.5100919 0.7206246 -0.4695814 -0.5593237 0.6496386 -0.5149046 -0.1412756 0.9813815 -0.1301221 -0.2311711 0.9545472 -0.1881482 -0.2988959 0.915077 -0.270731 -0.3679839 0.8658975 -0.3388355 -0.4231851 0.8179684 -0.3896695 -0.2972584 0.2421335 -0.9235848 -0.1277709 0.2420474 -0.9618148 0.04124468 0.2444484 -0.9687848 0.2077711 0.2424448 -0.9476559 0.3080888 0.5859677 -0.749482 0.2911801 0.6310396 -0.7190294 0.2830257 0.6539483 -0.7016039 0.2528241 0.7370709 -0.6267428 0.2171464 0.8140273 -0.5387088 0.1779755 0.8794195 -0.4415272 0.1359897 0.9393851 -0.3147419 0.1274052 0.9544377 -0.2698455 0.06341189 0.9551286 -0.2893244 0.06336629 0.9549448 -0.2899402 0.1349708 0.7748422 -0.6175779 0.0276333 0.7747118 -0.6317105 0.03532075 0.588861 -0.8074623 0.04192167 0.242302 -0.9692947 0.03498804 0.5868082 -0.8089697 0.1735568 0.5868588 -0.7908697 0.1735256 0.5860739 -0.7914584 0.2088124 0.2465596 -0.9463646 0.3778051 0.2458916 -0.892637 0.3474556 0.3800891 -0.8572088 0.3429239 0.3976682 -0.8510367 0.315503 0.5360777 -0.7829934 0.3715212 0.06645023 -0.9260435 0.3757908 0.2280361 -0.8982098 0.05488264 0.9891535 -0.1362468 -0.1069844 0.5887947 -0.8011711 -0.1283513 0.2442425 -0.9611824 -0.08272314 0.7795603 -0.6208403 -0.08443355 0.7753162 -0.6259041 -0.1923242 0.7782442 -0.5977855 -0.2956651 0.7766588 -0.5562224 -0.3814871 0.5813574 -0.7186732 -0.3866559 0.7760621 -0.4982217 -0.4967417 0.5857509 -0.6404244 0.2401983 0.7768476 -0.5820761 0.1349319 0.7770063 -0.6148616 0.3713861 -0.07168191 -0.9257074 0.3778185 -0.2568774 -0.889532 0.376518 -0.245927 -0.8931708 0.3234435 -0.5010641 -0.8026949 0.342347 -0.4012108 -0.8496049 0.2088124 -0.2465596 -0.9463646 0.2077712 -0.2424448 -0.9476559 0.03538608 -0.5868242 -0.8089408 -0.08340877 -0.7753609 -0.625986 -0.03934854 -0.9549984 -0.2939894 -0.03909403 -0.9551885 -0.2934055 0.01307183 -0.9551724 -0.2957616 0.01302158 -0.9551084 -0.2959703 0.1355081 -0.7748198 -0.6174884 0.3060578 -0.586057 -0.7502439 0.1736778 -0.5860795 -0.7914208 0.1734028 -0.5868663 -0.7908979 0.06299388 -0.2426953 -0.9680552 0.04242408 -0.1897744 -0.9809108 -0.1080617 -0.5887473 -0.8010615 -0.1918585 -0.7794671 -0.5963401 -0.1390264 -0.9548955 -0.262386 -0.09095424 -0.9548845 -0.2827066 -0.09094178 -0.9549955 -0.2823353 -0.02340871 -0.2452047 -0.9691887 -0.1283513 -0.2442425 -0.9611824 -0.2484171 -0.5832144 -0.7734015 -0.2948173 -0.7781192 -0.5546289 -0.1812358 -0.9553101 -0.2335301 -0.2308324 -0.9546157 -0.1882159 -0.1854639 -0.970201 -0.1559275 -0.1020151 -0.9903386 -0.09392821 -0.1277709 -0.2420474 -0.9618148 -0.2972584 -0.2421334 -0.9235849 -0.4549322 -0.2434784 -0.856595 -0.5947407 -0.2462851 -0.765263 -0.5989688 -0.5856063 -0.54617 -0.5857241 -0.6057595 -0.5385006 -0.4834892 -0.7538848 -0.4448552 -0.4668306 -0.7761314 -0.423898 -0.3861544 -0.7767263 -0.4975754 -0.2953545 -0.7766438 -0.5564084 -0.380473 -0.5843727 -0.7167628 -0.2483791 -0.5841917 -0.7726759 -0.2968331 -0.2433076 -0.923413 -0.5944729 -0.2434387 -0.7663809 -0.725813 -0.2430744 -0.6435142 -0.7215376 -0.2558028 -0.6433883 -0.6708098 -0.4112331 -0.6171723 -0.6359598 -0.5031917 -0.5851098 -0.7336955 -0.08060294 -0.6746808 -0.4077066 -0.8323683 -0.3754179 -0.3487211 -0.8805037 -0.3211027 -0.2560045 -0.9408705 -0.2218659 -0.1816657 -0.9551534 -0.2338366 0.06324219 -0.9551251 -0.2893726 0.2397164 -0.7768695 -0.5822456 0.2464567 -0.7523247 -0.6109557 0.3216512 -0.5107319 -0.7973039 0.2969326 -0.6071015 -0.737061 0.02899038 -0.9969881 -0.07193344 0.05353254 -0.9903268 -0.1280123 0.08618688 -0.9770213 -0.1949391 0.1278731 -0.9544631 -0.2695341 0.136713 -0.9398437 -0.313055 0.1675863 -0.8968419 -0.4093769 0.1815038 -0.8742466 -0.4502769 0.2063901 -0.83381 -0.5120196 0.06349158 -0.9549718 -0.2898239 -0.3809786 -0.5813312 -0.7189642 -0.4973375 -0.5857828 -0.6399328 -0.498443 -0.5818892 -0.6426194 -0.3865286 -0.7760543 -0.4983327 0.1344087 -0.7769836 -0.6150048 0.02759766 -0.7753758 -0.6308969 0.02779233 -0.7747189 -0.6316948 0.03492236 -0.588878 -0.8074672 -0.1075341 -0.5830515 -0.8052873 -0.08372497 -0.7796038 -0.6206514 -0.1920439 -0.7782315 -0.5978921 -0.1387349 -0.9553185 -0.2609968 -0.4537833 -0.2464402 -0.8563573 0.3723446 0 -0.9280946 0.2154638 0 -0.9765118 0.06493544 0 -0.9978895 0.2154645 0 -0.9765117 0.04253387 -0.007237017 -0.9990688 -0.02414387 0 -0.9997086 -0.1316867 0 -0.9912915 -0.3063753 0 -0.9519109 -0.469048 0 -0.8831727 -0.612912 0 -0.7901513 -0.7360903 0 -0.6768835 -0.4690474 0 -0.883173 -0.1316874 0 -0.9912914 -0.04245233 0.9984903 -0.03485673 -0.03768563 0.9986867 -0.03471034 -0.03190588 0.9986473 -0.04105693 -0.0249474 0.99858 -0.04707145 -0.02494788 0.9985973 -0.04670268 -0.01600152 0.9986365 -0.04968965 -0.01559638 0.9985561 -0.05140584 -0.00683397 0.9986717 -0.05107086 -0.001149773 0.9986279 -0.05235594 -0.005320727 0.9985244 -0.05404502 -0.03435117 0.9985318 -0.04188311 -1 2.33631e-5 0 -1 0 0 -1 6.94202e-7 0 -1 3.90048e-6 0 -1 -1.34214e-5 0 -1 1.95037e-6 0 -1 3.27776e-6 0 -1 2.53925e-5 0 -1 -2.15512e-6 0 -1 1.34235e-5 0 -1 -4.33876e-7 0 -1 -9.115e-7 0 -1 -6.55553e-6 0 -1 1.37325e-5 0 -1 -1.20866e-5 0 0 -0.099779 -0.9950096 0.07247281 -0.1731045 -0.9822335 0.03140509 -0.4994792 -0.8657565 -0.01858907 -0.6342598 -0.7728967 0.06290501 -0.4787182 -0.8757123 0.04019612 -0.7652676 -0.6424561 0.02711582 -0.7744927 -0.6320016 -0.01418632 -0.8805893 -0.473668 0.042427 -0.9389885 -0.341322 -0.005814194 -0.9951309 -0.09839099 0.007433593 -0.9566281 -0.2912172 0.04277014 -0.999085 0 -0.005752503 -0.9950168 0.09954196 0.007792592 -0.9563788 0.2920258 0.04287731 -0.9387806 0.3418372 0.02894407 -0.7737064 0.6328828 -0.01302015 -0.879987 0.4748193 0.0400229 -0.765943 0.6416617 -0.01843255 -0.6332393 0.7737366 0.05322414 -0.4990168 0.8649563 -0.01610583 -0.2906659 0.9566891 0.02405893 -0.4733223 0.8805607 0.07421648 -0.1731011 0.9821039 0 -0.09753942 0.9952317 -0.01571863 -0.288917 -0.9572252 0 0.0997703 0.9950106 0.07250517 0.1731228 0.9822279 0.03150588 0.4994775 0.8657538 -0.0184741 0.6342582 0.7729005 0.06298428 0.4787274 0.8757015 0.04066509 0.7659232 0.6416448 0.02838242 0.7745747 0.6318453 -0.01319205 0.880674 0.4735392 0.04292589 0.9387786 0.3418365 -0.005755901 0.9951425 0.09827697 0.007493078 0.9566616 0.2911058 0.04277014 0.999085 0 -0.005823016 0.9950024 -0.09968203 0.007719695 0.9563614 -0.2920846 0.04239839 0.9389896 -0.3413222 0.02729618 0.7747382 -0.6316928 -0.0140075 0.8798823 -0.4749853 0.04085272 0.7652475 -0.6424385 -0.01763212 0.6316452 -0.7750571 0.05313378 0.4990195 -0.8649604 -0.01617527 0.2906807 -0.9566834 0.02395915 0.4733107 -0.8805696 0.07418382 0.1730828 -0.9821096 0 0.09754806 -0.9952308 -0.01564896 0.2889012 0.9572311 -0.9820669 -0.1867035 -0.02620321 -0.9810756 -0.191684 -0.02735173 -0.8331987 -0.5158623 -0.1991632 -0.5494948 -0.7127473 -0.4359437 -0.1845561 -0.7207065 -0.6682224 -0.1858661 -0.8382197 -0.5126808 -0.1858117 -0.8382298 -0.5126841 -0.1862878 -0.9168091 -0.3532109 -0.1841512 -0.9729924 -0.1391909 -0.1855571 -0.9727479 -0.1390336 -0.5446151 -0.8302479 -0.1186712 -0.5451514 -0.8299112 -0.1185639 -0.8328987 -0.5478632 -0.07826709 -0.8323448 -0.5486999 -0.07829791 -0.9828044 -0.1726443 -0.06549489 -0.9812079 -0.1799446 -0.06965035 -0.8348496 -0.4694143 -0.2875354 -0.5541923 -0.6093688 -0.5670455 -0.2023588 -0.5551927 -0.8067291 -0.200356 -0.7172249 -0.6674174 -0.9835019 -0.1548492 -0.09351962 -0.9820573 -0.1608944 -0.09837019 -0.8323873 -0.4067697 -0.3763904 -0.5354475 -0.4801971 -0.6947711 -0.1820856 -0.356097 -0.9165369 -0.1831728 -0.5589567 -0.8087121 -0.9819406 -0.1427639 -0.1241427 -0.9723584 -0.1711317 -0.1588494 -0.8365979 -0.3103421 -0.451433 -0.5519087 -0.3012571 -0.7775866 -0.1929032 -0.2112042 -0.9582177 -0.1917566 -0.3545522 -0.9151625 -0.9826245 -0.1263216 -0.1359849 -0.9824317 -0.1058343 -0.1537112 -0.8342813 -0.1991078 -0.5141313 -0.553003 -0.1028631 -0.8268054 -0.2478111 -0.1045768 -0.9631477 -0.3671829 -0.1148349 -0.9230329 -0.9821578 -0.1067935 -0.1547947 -0.9815474 -0.06903415 -0.1783228 -0.8345881 -0.06891477 -0.546547 -0.5415103 0.103792 -0.8342625 -0.1929049 0.2112041 -0.9582173 -0.3671829 0.1148349 -0.9230329 -0.247811 0.1045768 -0.9631477 -0.9815745 -0.06897652 -0.1781961 -0.9814996 -0.02397823 -0.1899573 -0.8342079 0.06899011 -0.5471177 -0.5527707 0.3010588 -0.777051 -0.1820843 0.3560976 -0.9165369 -0.1917566 0.3545522 -0.9151625 -0.9823237 -0.02303248 -0.1857678 -0.9824886 0.01395964 -0.1857994 -0.9905995 0.0387513 -0.1311903 -0.9888904 0.08090656 -0.1246994 -0.9826251 0.1263171 -0.135985 -0.9825108 0.1408385 -0.1218085 -0.9829891 0.1569452 -0.09539765 -0.9827364 0.1727504 -0.06623142 -0.9820606 0.186698 -0.02647703 -0.9816979 0.1885355 -0.02690237 -0.8323471 0.5486963 -0.07829815 -0.8328987 0.5478632 -0.07826709 -0.5451514 0.8299112 -0.1185639 -0.1855571 0.9727479 -0.1390336 -0.1841512 0.9729924 -0.1391909 -0.1855547 0.9169031 -0.353353 -0.1862895 0.9168078 -0.3532135 -0.1858131 0.8382276 -0.5126872 -0.1845561 0.7207065 -0.6682224 -0.2023588 0.5551927 -0.8067291 -0.1831728 0.5589567 -0.8087121 -0.5514924 0.474297 -0.6862205 -0.5519036 0.3011559 -0.7776294 -0.8346019 0.1989344 -0.5136777 -0.9691005 0.08905178 -0.2300305 -0.8342778 0.1990559 -0.514157 -0.8344473 0.3121949 -0.4541281 -0.8366198 0.3106886 -0.451154 -0.9824307 0.1058439 -0.1537114 -0.1855547 -0.9169031 -0.353353 -0.5462546 -0.7815913 -0.3011994 -0.5491809 -0.7796143 -0.3010018 -0.200356 0.7172249 -0.6674174 -0.5377485 0.6172091 -0.5743514 -0.8363494 0.4023658 -0.3723191 -0.9723584 0.1711317 -0.1588494 -0.8323458 0.406208 -0.3770885 -0.8330201 0.4717782 -0.2889689 -0.8348698 0.4696192 -0.2871418 -0.9822788 0.1599124 -0.09775787 -0.1858661 0.8382197 -0.5126808 -0.5528839 0.7108439 -0.4347646 -0.5494619 0.7124899 -0.4364057 -0.5491494 0.77982 -0.300526 -0.5462415 0.7814124 -0.3016867 -0.8349085 0.5134543 -0.1982234 -0.8331838 0.5157105 -0.1996183 -0.9819596 0.1763437 -0.06825226 -0.8349339 -0.5132465 -0.1986541 -0.8330059 -0.4720272 -0.2886031 -0.5529108 -0.7105474 -0.4352151 -0.8363985 -0.4017118 -0.3729146 -0.537652 -0.6188755 -0.572646 -0.8344199 -0.3125972 -0.4539016 -0.5516057 -0.4725347 -0.6873443 -0.8346059 -0.1988765 -0.5136937 -0.5527777 -0.3009548 -0.7770863 -0.8342028 -0.06906229 -0.5471162 -0.5414296 -0.1051877 -0.8341401 -0.9636723 0.03344887 -0.2649848 -0.8345897 0.06899118 -0.546535 -0.5530788 0.1042324 -0.826583 -0.5353106 0.4785049 -0.6960429 -0.5542756 0.610924 -0.5652881 -0.5446221 0.8302431 -0.1186727 -0.1841931 0.9729853 0.1391851 -0.5461868 0.7816354 0.301208 -0.8331954 0.5158682 0.1991623 -0.9812071 0.1799485 0.06965041 -0.9835013 0.1548526 0.0935198 -0.9820583 0.1608876 0.09837007 -0.981944 0.1427347 0.1241488 -0.9723719 0.1710936 0.1588072 -0.8365986 0.3103282 0.4514413 -0.5519105 0.3012805 0.7775763 -0.1926074 0.2112226 0.9582732 -0.1914692 0.3545982 0.9152047 -0.1820843 0.3560976 0.9165369 -0.1831728 0.5589567 0.8087121 -0.5375116 0.6189511 0.5726962 -0.8329582 0.4720883 0.2886405 -0.8323258 0.4068474 0.3764425 -0.8363996 0.4017087 0.3729155 -0.5451472 0.8299146 0.1185598 -0.8329055 0.5478531 0.0782656 -0.8323367 0.5487128 0.07829517 -0.9810773 0.191675 0.02735108 -0.9828057 0.1726369 0.06549501 -0.9820712 0.1866807 0.02620255 -0.9826314 0.1263022 0.135954 -0.9824386 0.1058281 0.1536707 -0.8341981 0.1991533 0.5142487 -0.5532006 0.1028208 0.8266783 -0.2478111 0.1045768 0.9631477 -0.3669719 0.1148161 0.9231191 -0.9821685 0.1067524 0.1547551 -0.9815585 0.06900459 0.1782734 -0.8345881 0.06893688 0.5465441 -0.541304 -0.1037821 0.8343977 -0.192608 -0.2112196 0.9582737 -0.3669719 -0.1148161 0.9231191 -0.247811 -0.1045768 0.9631477 -0.9815745 0.06897652 0.1781961 -0.9814997 0.02398318 0.1899564 -0.8342041 -0.06900632 0.5471212 -0.5529572 -0.3010299 0.7769294 -0.1820843 -0.3560976 0.9165369 -0.1914692 -0.3545982 0.9152047 -0.9823235 0.02304011 0.1857678 -0.9824886 -0.01395964 0.1857994 -0.9905954 -0.03876 0.1312198 -0.9888916 -0.08090239 0.124693 -0.9826308 -0.1263066 0.1359538 -0.9825178 -0.1408104 0.1217842 -0.9829841 -0.1569752 0.09540027 -0.9827363 -0.1727506 0.06623148 -0.9820648 -0.1866755 0.02647644 -0.9816988 -0.1885308 0.02690172 -0.832339 -0.5487092 0.07829535 -0.8329055 -0.5478531 0.0782656 -0.5451472 -0.8299146 0.1185598 -0.1855571 -0.9727479 0.1390336 -0.1841931 -0.9729853 0.1391851 -0.1856634 -0.9168911 0.3533268 -0.1861773 -0.9168242 0.3532299 -0.185653 -0.8382533 0.512703 -0.1843479 -0.7207561 0.6682264 -0.2026068 -0.5551425 0.8067016 -0.1831728 -0.5589567 0.8087121 -0.5514924 -0.474297 0.6862205 -0.5519036 -0.3011559 0.7776294 -0.8346019 -0.1989344 0.5136777 -0.9690951 -0.08904767 0.2300549 -0.834193 -0.1990857 0.5142831 -0.8343746 -0.3122438 0.4542278 -0.8366194 -0.310689 0.4511546 -0.9824386 -0.1058296 0.153671 -0.2026084 0.5551434 0.8067005 -0.200564 0.7171727 0.667411 -0.5530249 0.71047 0.4351965 -0.834934 0.5132463 0.1986541 -0.8348407 0.4694258 0.2875425 -0.1843482 0.7207527 0.6682301 -0.1857055 0.8382455 0.5126967 -0.5491815 0.7796139 0.3010017 -0.5494948 0.7127473 0.4359437 -0.1856517 0.8382551 0.5127004 -0.1861765 0.9168252 0.3532278 -0.1856626 0.9168913 0.3533269 -0.200564 -0.7171727 0.667411 -0.5376013 -0.6172698 0.574424 -0.8363476 -0.4023777 0.3723105 -0.9723719 -0.1710936 0.1588072 -0.8322806 -0.4062848 0.3771496 -0.8329647 -0.4718492 0.2890123 -0.8348693 -0.4696197 0.2871422 -0.9822887 -0.1598607 0.09774214 -0.1857055 -0.8382455 0.5126967 -0.5529914 -0.7107821 0.434729 -0.5494679 -0.7124736 0.4364245 -0.5491535 -0.7798207 0.3005163 -0.5461688 -0.7814561 0.3017052 -0.8349081 -0.513455 0.1982237 -0.8331841 -0.5157101 0.1996182 -0.9819596 -0.1763437 0.06825226 -0.1855571 0.9727479 0.1390336 -0.5445787 0.8302716 0.1186723 -0.5543262 0.6092938 0.5669952 -0.5516125 0.4725056 0.6873589 -0.5352707 0.4802674 0.6948587 -0.8343502 0.3126432 0.4539977 -0.8346062 0.1988598 0.5136997 -0.552965 0.3009019 0.7769735 -0.8342021 0.069076 0.5471158 -0.541224 0.1052265 0.8342686 -0.9636532 -0.033468 0.2650518 -0.834593 -0.06900411 0.5465281 -0.5532823 -0.1042398 0.8264459 -0.5351351 -0.4785544 0.6961438 -0.5544167 -0.6108646 0.5652136 -0.5445787 -0.8302716 0.1186723 0 0.9899225 -0.1416106 0.0661922 0.9825669 -0.1737267 -0.02611571 0.9328265 -0.3593783 0.1163643 0.8574581 -0.5012235 0.06112849 0.851495 -0.5207875 -0.03980469 0.7327148 -0.6793709 0.2442942 0.6093921 -0.7542955 0.2183972 0.3534072 -0.9096186 -0.1414121 0.561226 -0.8154926 0.06219619 0.8514375 0.5207551 -0.04252934 0.7326474 0.6792784 0.2432317 0.6082858 0.7555308 -0.1382902 0.5614531 0.8158714 0.2144836 0.353723 0.9104268 0.8397673 0.1168624 0.5302209 0.1147945 0.8570538 0.5022757 -0.02713185 0.9327955 0.3593835 0.06698781 0.9824461 0.1741039 0 0.9899231 0.1416068 0.8405833 0.1166034 -0.5289832 0.8397673 -0.1168624 -0.5302209 0.2144836 -0.353723 -0.9104268 -0.1383288 -0.5614739 -0.8158506 0.2431884 -0.6083102 -0.7555251 0.06224197 -0.8514351 -0.5207537 -0.04248172 -0.7326344 -0.6792954 0.1148049 -0.8570471 -0.5022851 -0.02714544 -0.9328011 -0.3593679 0.06697809 -0.9824469 -0.174104 0 -0.9899231 0.1416068 0 -0.9899225 -0.1416106 0.0662021 -0.9825661 0.173727 -0.02610212 -0.9328208 0.359394 0.1163539 -0.857465 0.5012143 -0.0398522 -0.7327293 0.6793524 0.06108272 -0.8514966 0.5207902 0.2443374 -0.6093676 0.7543013 -0.141372 -0.5612067 0.8155128 0.2183972 -0.3534072 0.9096186 0.8405817 -0.1166083 0.528985 0 0 1 3.6253e-6 0 1 -4.46734e-6 0 1 2.10854e-6 0 1 0 0 1 -3.37367e-6 0 1 -3.62543e-6 0 1 1.89762e-6 0 1 2.37694e-6 0 1 4.4675e-6 0 1 -2.37694e-6 0 1 -1.89769e-6 0 1 -0.7500268 0.3463963 -0.5634443 -0.7630025 0.1044952 -0.6378934 -0.5867772 -0.0412178 -0.8086988 -0.3790635 -0.3267663 -0.8657568 -0.5717997 -0.1158766 -0.8121687 -0.2587226 -0.3882855 -0.8844756 -0.1303557 -0.5170124 -0.8459939 0.1417214 -0.6349504 -0.7594426 0.4047908 -0.7236891 -0.5589442 0.1769064 -0.662195 -0.7281497 0.5166439 -0.7185217 -0.465624 0.5496731 -0.724834 -0.4153012 0.7059231 -0.689814 -0.1607151 0.7263938 -0.6742995 -0.1329371 0.8067094 -0.5855175 0.07993477 0.820923 -0.5318449 0.2079095 0.852922 -0.3884739 0.3487294 0.794924 -0.2791649 0.5386675 0.7367637 -0.04883587 0.6743844 0.4493704 0.3031162 0.8403492 0.6405423 0.003572821 0.7679146 0.003481268 0.9986225 -0.05235564 0.004489064 0.9985585 -0.05348747 0.01097083 0.9986863 -0.0500558 0.01919054 0.9986802 -0.04764086 0.02177697 0.9985582 -0.04906547 0.01328766 0.9985613 -0.05195081 -0.02940601 0.9985309 0.04551285 -0.0304501 0.9987174 0.04045265 -0.03699427 0.9987208 0.03447353 -0.04245513 0.9985302 0.03369188 -0.03642272 0.9985277 0.04019874 -0.04245513 -0.9985302 0.03369188 -0.03699427 -0.9987208 0.03447353 -0.0304501 -0.9987174 0.04045265 -0.02940601 -0.9985309 0.04551285 -0.03642272 -0.9985277 0.04019862 1 0 0 1 4.63861e-7 0 1 7.65462e-7 0 1 1.17644e-6 0 1 8.95632e-7 0 1 -8.95632e-7 0 1 -1.02938e-6 0 1 -1.36082e-6 0 1 1.08599e-6 0 1 -4.63861e-7 0 1 -2.00471e-6 0 1 3.65525e-7 0 0 0 1 -0.602034 0 0.7984704 -0.6020336 0 0.7984709 -0.7313838 0 0.6819663 -0.731384 0 0.6819658 0.01355463 0.8776907 0.4790357 0.06049215 0.7702853 0.6348239 0.0062626 0.6599743 0.7512621 0.002305388 0.4871102 0.8733376 0.002142727 0.3285426 0.9444867 0.01107734 0.1933596 0.9810655 0.001173794 0.1563017 0.9877087 -0.001093149 0.1937245 0.9810554 -0.004051268 0.1915305 0.9814783 -0.0404343 0.5488884 0.8349173 -0.07028675 0.7133303 0.6972946 -0.0355075 0.7161006 0.6970934 -0.05505341 0.8161118 0.575266 -0.008201897 0.8177744 0.5754805 0.02247053 0.5706409 0.8208922 -0.01341044 0.5706492 0.8210846 -0.005065679 0.550056 0.8351125 -0.0411086 0.2749466 0.9605804 0.03040111 0.2769475 0.960404 -0.01290863 0.1739223 0.9846749 -0.01800835 0.1617588 0.9866661 -0.0686174 0.1980504 0.9777871 -0.0375247 0.1591279 0.9865446 -0.07033216 0.4567915 0.8867891 -0.09000724 0.4568578 0.8849744 -0.06879872 0.4963933 0.8653672 -0.02193993 0.5004742 0.8654734 -0.01450371 0.1755957 0.9843556 -0.0129531 0.07550698 0.9970611 -0.0910896 0.642103 0.7611876 -0.06808298 0.6450847 0.761072 -0.02443277 0.8502647 0.525788 -0.004572451 0.8505252 0.5259144 0.003619611 0.8524984 0.5227174 -0.02502918 0.1711998 0.9849184 -0.04374706 0.4632789 0.8851322 -0.01294428 -0.07550817 0.9970612 -0.06884515 -0.1988055 0.9776179 -0.03313344 -0.1538685 0.9875357 -0.0873478 -0.4625229 0.8822941 -0.06837487 -0.6243463 0.7781495 -0.03443622 -0.7136635 0.6996418 3.45408e-4 -0.8185426 0.5744457 -0.02233248 -0.8785859 0.4770619 -0.01731592 -0.1559284 0.9876167 -0.02836632 -0.1709824 0.9848657 -0.06883341 -0.496799 0.8651317 -0.04708576 -0.4680853 0.882428 -0.0128898 -0.1741755 0.9846304 -0.01451534 -0.1758831 0.9843041 -0.03909856 -0.545827 0.8369852 -0.02196019 -0.5008826 0.8652366 0.03056621 -0.2777975 0.9601534 -0.04129457 -0.2757808 0.9603332 -0.001095712 -0.194035 0.9809941 0.001173794 -0.1563017 0.9877087 0.01116007 -0.1936669 0.9810039 0.002145469 -0.3310726 0.9436029 0.002304077 -0.4860071 0.8739519 0.004985392 -0.66297 0.7486294 0.005321681 -0.7692114 0.6389724 0.01656109 -0.8776391 0.479036 0.01733624 -0.8786723 0.4771108 0.003806233 -0.7747704 0.6322313 6.62925e-4 -0.7663096 0.6424712 -0.003095269 -0.7662979 0.6424781 -0.009489655 -0.7703069 0.6376029 -0.01346462 -0.5677793 0.8230708 0.02206116 -0.5677772 0.8228867 -0.05486661 -0.8167831 0.5743302 -0.07138848 -0.7106972 0.6998665 -0.08883267 -0.6216127 0.7782715 -0.06754308 -0.4622961 0.8841495 -0.005069553 -0.5469384 0.8371576 -0.004055261 -0.1918359 0.9814187 -0.9819671 -0.1890524 0 -0.9743316 -0.22231 0.03544479 -0.8413199 -0.539738 -0.02939122 -0.5806139 -0.812899 -0.04563885 -0.2135591 -0.9749122 -0.06275874 0.1857602 -0.9815914 -0.04440283 0.5398472 -0.840795 -0.04035717 0.8250928 -0.5645098 -0.02346259 0.9800788 -0.1986094 0 0.9745952 -0.222383 0.02664691 0.7809053 -0.6228892 0.04686295 0.4331397 -0.8992995 0.06042081 0 -0.9977341 0.06728088 -0.4329196 -0.8988421 0.06829178 -0.7804282 -0.6225205 0.05831158 -0.9819671 0.1890524 0 -0.9743315 0.2223101 0.03544479 -0.7804275 0.6225212 0.05831164 -0.4329196 0.8988421 0.06829178 0 0.9977341 0.06728088 0.4331398 0.8992994 0.06042098 0.7809054 0.622889 0.0468629 0.9745952 0.2223831 0.02664691 0.9800788 0.1986094 0 -0.8413198 0.5397382 -0.02939128 0.8250928 0.5645098 -0.02346259 0.5398467 0.8407955 -0.04035717 0.18576 0.9815914 -0.04440307 -0.213559 0.9749123 -0.06275856 -0.5806139 0.812899 -0.04563885 0.5412523 0.6850476 -0.4876021 0.5434443 0.6816172 -0.4899657 0.5435819 0.6819336 -0.4893723 0.5434085 0.6820941 -0.4893412 0.5426748 0.6823295 -0.489827 0.5440919 0.681648 -0.4892035 0.5437648 0.681715 -0.4894738 0.5431761 0.6818003 -0.4900082 0.5439984 0.6825608 -0.4880335 0.5433572 0.6817584 -0.4898658 0.5513229 0.6650303 -0.5037637 0.5746816 0.6396104 -0.5105288 0.5430115 0.6829168 -0.4886341 0.5445576 0.6807458 -0.489941 0.5435897 0.6825595 -0.4884903 0.543878 0.6814425 -0.4897273 0.5432595 0.6820368 -0.4895868 0.5433987 0.6819776 -0.4895144 0.5440745 0.6821596 -0.4885091 0.5432812 0.6819872 -0.4896317 0.5439649 0.6817626 -0.489185 0.5429458 0.681928 -0.4900858 0.5434623 0.6818787 -0.4895818 0.5433034 0.6821289 -0.4894093 -3.74532e-6 0 1 3.88557e-6 0 1 -2.9034e-7 0 1 -2.37652e-6 0 1 3.95776e-6 0 1 1.92605e-6 0 1 -1.47131e-6 0 1 0.02048712 -0.5033673 0.8638298 0.008650481 -0.5059223 0.8625357 0.00652194 -0.5043303 0.8634862 0.001721978 -0.5442801 0.8389018 -0.004521071 -0.3783317 0.9256591 0.002637922 -0.2857763 0.9582928 0 -0.1008852 0.9948981 -0.003227055 -0.1275059 0.9918326 0 0.1007463 0.9949122 -0.003217041 0.1272476 0.9918658 0.002681195 0.2857526 0.9582998 0.006474256 0.5047279 0.8632543 0.001721978 0.5442801 0.8389018 0.02044218 0.5037754 0.8635928 0.008612632 0.5063273 0.8622984 -0.004521846 0.3790491 0.9253656 -0.9864721 0 0.1639297 -0.9866415 -3.41635e-5 0.1629074 -0.931881 -1.35575e-4 0.3627641 -0.7860031 3.79653e-5 0.6182228 -0.7864533 0 0.6176497 -0.9296231 4.48864e-5 0.3685119 -8.62946e-4 0 0.9999997 -0.72317 -0.1494532 0.6743062 -0.7231833 -0.1826449 0.6660682 -0.6791413 -0.3708366 0.633441 -0.6913915 -0.3257598 0.6448708 -0.6013302 -0.04829984 0.7975395 -0.589927 -0.1527779 0.7928715 -0.5792767 -0.260796 0.7722849 -0.5619337 -0.3574093 0.7459821 -0.5494407 -0.4075289 0.7294074 -0.5077865 -0.5178064 0.688498 -0.4850594 -0.5828503 0.6519224 -0.4533458 -0.6574834 0.6018249 -0.4037936 -0.7413577 0.5360406 -0.3612974 -0.7923103 0.4916387 -0.3009502 -0.8659908 0.3993608 -0.232829 -0.9221346 0.3089635 -0.1958461 -0.9446379 0.2632556 -0.1350581 -0.9722968 0.1907836 -0.1405927 -0.981361 0.1310132 -0.1755408 -0.9722695 0.154523 -0.2667796 -0.9311053 0.2487404 -0.3251008 -0.8957837 0.3031188 -0.4093254 -0.8323417 0.3737113 -0.4299239 -0.8156781 0.3870851 -0.4691826 -0.7701493 0.432132 -0.507116 -0.7203357 0.4732335 -0.5558899 -0.6495316 0.5187438 -0.6264021 -0.5300728 0.5715273 -0.6278073 -0.5256751 0.5740416 -0.6537313 -0.4548324 0.6047834 -0.1144483 -0.981725 0.1520444 -0.3389299 -0.8156787 0.468823 -0.5837815 -0.1828876 0.7910444 -0.5017609 -0.5297487 0.6838145 -0.6006329 0.06819039 0.7966117 -0.5841186 0.182894 0.7907942 -0.5649083 0.3441807 0.7499456 -0.5833937 0.2315316 0.7784888 -0.7290013 0.08064609 0.679745 -0.7260337 0.1825667 0.6629816 -0.7079246 0.2553715 0.6585046 -0.6637444 0.4197276 0.6190897 -0.6569854 0.4391755 0.6127765 -0.6279794 0.5299735 0.569886 -0.4848132 0.589313 0.6462712 -0.501356 0.5297245 0.6841302 -0.5423319 0.4330344 0.7199704 -0.5821423 0.6055748 0.5425769 -0.4806015 0.7537124 0.4482632 -0.3714029 0.8620628 0.34483 -0.3017742 0.9109104 0.2813796 -0.2423357 0.9435153 0.2259478 -0.1830446 0.9701443 0.1591061 -0.1014999 0.9903291 0.09458345 -0.1775466 0.9721931 0.1527023 -0.1332673 0.9722321 0.1923665 -0.1281271 0.9746308 0.1835163 -0.08412873 0.9898179 0.1148179 -0.04736226 0.996894 0.06292355 -0.2020273 0.9419728 0.2680901 -0.2530988 0.9072682 0.3358651 -0.3069899 0.8589025 0.4099314 -0.3389683 0.8156813 0.4687907 -0.3996373 0.747554 0.5305215 -0.4334151 0.6936178 0.5753658 -0.4306217 0.815629 0.3864119 0 0 -1 0 0 1 -0.9659149 0.2588601 0 -0.9659147 0.2588607 0 -0.7071272 0.7070864 0 -0.2588183 0.9659261 0 0.2588213 0.9659253 0 0.707127 0.7070866 0 0.9659149 0.2588601 0 0.9659147 0.2588606 0 0.7071276 0.707086 0 0.2588213 0.9659253 0 -0.7071275 0.7070861 0 0.9659149 -0.2588601 0 0.9659147 -0.2588607 0 0.707127 -0.7070866 0 0.2588213 -0.9659253 0 -0.2588183 -0.9659261 0 -0.7071269 -0.7070867 0 -0.9659149 -0.2588601 0 -0.9659147 -0.2588607 0 -0.7071278 -0.7070858 0 0.2588213 -0.9659253 0 0.7071276 -0.707086 0 -4.62155e-6 0 1 -1.55639e-7 0 1 6.64702e-7 0 1 -0.9985519 0 0.05379694 -0.998552 0 0.05379629 -0.9986291 0 0.05234444 -0.9986292 0 0.0523445 -0.6691141 0 -0.7431598 -0.6691145 0 -0.7431593 0.9883094 0 0.1524617 0.9656735 0.01156824 0.2595014 0.9217002 0 0.3879031 0.9656731 -0.01156532 0.2595029 0.9883081 0 0.1524704 0.7931424 0 0.6090362 0.7931437 0 0.6090346 0.5171114 0 0.8559181 0.1830959 -9.28969e-6 0.9830951 0.1832677 0 0.9830631 0.5167077 -2.62009e-5 0.856162 0.9431366 -0.002842605 0.3323934 0.9431334 0.002843141 0.3324027 -0.9863911 0 0.164416 -0.9863485 -1.52686e-5 0.1646717 -0.9192996 1.11685e-4 0.3935585 -0.9192784 1.15108e-4 0.3936082 -0.7955529 -1.78505e-4 0.6058842 -0.7930806 8.17782e-5 0.6091169 -0.623678 6.42899e-5 0.7816815 -0.6228563 0 0.7823363 -0.08863347 0 -0.9960643 -0.1647991 -0.003626644 -0.9863205 -0.4532545 -0.001504182 -0.89138 -0.2724899 6.57827e-4 -0.9621585 -0.4814807 -0.003516018 -0.8764498 -0.6220645 0.001311779 -0.782965 -0.7132459 -0.001691937 -0.7009119 -0.7462158 0 -0.6657043 -0.7462158 0 0.6657043 -0.7132459 0.001691937 0.7009119 -0.6220645 -0.001311838 0.782965 -0.4532545 0.001504182 0.89138 -0.2724958 -6.57801e-4 0.9621568 -0.1647955 0.003626644 0.9863212 -0.08863347 0 0.9960643 -0.4814807 0.003516018 0.8764498 -0.6051118 0 -0.7961406 -0.5843192 -0.001141488 -0.8115232 -0.448845 8.22076e-4 -0.8936094 -0.2651551 0.001157462 -0.9642052 -0.08965128 5.58562e-4 -0.9959731 -0.14982 -0.00190109 -0.9887115 -0.3864287 -0.001855373 -0.9223175 -1.58265e-6 0 1 8.16284e-7 0 1 -1.07062e-6 0 1 1.74628e-7 0 1 -7.77435e-7 0 1 -7.47818e-7 0 1 -1.04728e-6 0 1 2.90956e-7 0 1 0.08964538 0 -0.9959738 0.1175809 -0.001314103 -0.9930624 0.2651551 0.001040995 -0.9642053 0.4160307 0 -0.9093505 0.3472692 -0.001871049 -0.9377637 0.02101624 -0.9865221 0.1622727 0.00935328 -0.9429597 0.3327754 -0.005746066 -0.888916 0.4580344 0.02221268 -0.9564498 0.291051 0.0242989 -0.8518376 0.5232422 0.02393215 -0.8348214 0.5500004 0.02467125 -0.7978484 0.6023532 0.02513188 -0.7319606 0.6808833 0.02375757 -0.6434201 0.7651447 0.02425831 -0.6078948 0.7936469 0.02325683 -0.4990982 0.8662334 0.02118271 -0.3977859 0.9172338 0.02177959 -0.462889 0.8861486 0.02154219 -0.3559774 0.9342463 0.0169568 -0.2511113 0.9678097 0.01877588 -0.2003913 0.9795361 0.0179122 -0.136919 0.9904203 0.0171855 -0.0988062 0.9949584 0.01691913 -0.0604701 0.9980266 0.01188701 0.04052424 0.999108 0.01285034 0.0750482 0.9970972 0.01391172 0 0.9999033 0.01112991 0.1610723 0.98688 0.01048636 0.2205414 0.9753212 0.005455911 0.3096923 0.9508212 0.006269395 0.3407219 0.9401433 0.003197312 0.5084797 0.861068 0.002255856 0.5176818 0.8555704 0.02233397 -0.5563695 0.8306349 0.02382439 -0.6475334 0.7616646 0.02388548 -0.6956592 0.7179749 0.02380192 -0.7685326 0.6393678 0.4952827 -0.7811805 0.3800687 0.115181 -0.9638273 0.2403546 0.002255856 -0.5176817 0.8555703 0.003131449 -0.5091275 0.8606855 0.006221413 -0.3414378 0.9398839 0.00539571 -0.3096905 0.9508222 0.01041322 -0.2210702 0.9752023 0.01108068 -0.1610741 0.9868801 0.01391124 0 0.9999033 0.01283913 -0.07580524 0.99704 0.01187026 -0.04052388 0.9991081 0.01665562 0.05463832 0.9983673 0.01678627 0.09881615 0.9949641 0.01819723 0.1953935 0.9805561 0.01675248 0.2428269 0.9699249 0.02157813 0.3514245 0.9359676 0.02118253 0.3977854 0.9172339 0.02178007 0.4628883 0.886149 0.02315586 0.4966176 0.8676605 0.02226805 0.556371 0.8306357 0.02454757 0.61541 0.7878249 0.02395486 0.6791571 0.733602 0.02486348 0.7310307 0.6818914 0.02459549 0.800089 0.599377 0.02425783 0.8484876 0.5286592 -0.006126701 0.8876737 0.4604324 0.009067475 0.9417437 0.3362093 0.01886457 0.9801707 0.1972554 0.02011477 0.995108 0.09672403 0.02000439 0.9975785 0.06661146 0.01987719 0.9984207 0.05254662 0.01288843 0 0.999917 0.115181 0.9638273 0.2403548 0.4952808 0.7811812 0.3800696 0.02251428 0.956418 0.2911318 0.02394253 0.8348252 0.5499943 0.02358472 0.7685373 0.6393703 0.02387988 0.6956573 0.7179769 0.02382546 0.6475259 0.761671 0.0172795 0.2511038 0.967806 0.01431572 0.9986323 0.05028468 0.01337957 0.9985951 0.05127477 0.01318085 0.9985137 0.05288338 0.01756441 0.9987079 0.04768747 0.01970905 0.9990171 0.03970491 0.01346153 -0.9985983 0.05118829 0.01322853 -0.9985031 0.05307298 0.01970905 -0.9990171 0.03970456 0.01756441 -0.9987079 0.04768747 0.01431572 -0.9986323 0.05028468 0.6098484 0 0.7925181 0.6425906 0 0.7662099 0.6096888 0 0.7926409 0.6234476 0 0.7818652 0.6080496 0 0.7938992 0.6080462 0 0.7939018 0.5755653 0 0.8177558 0.5753712 -6.68342e-5 0.8178924 0.546553 -6.34236e-5 0.8374245 0.5420386 0 0.8403536 0.5468646 0 0.8372211 0.6234337 0 0.7818763 0.1486002 0.1175928 0.9818808 0.1651099 0.3607632 0.9179263 0.1784834 0.3514183 0.9190478 0.4399693 0.3055575 0.8444298 0.6038744 0.2568094 0.7545758 0.7508127 0.1984992 0.6299829 0.8661558 0.13377 0.4815391 0.9445044 0.06700044 0.3215935 0.9880937 2.12632e-4 0.1538531 0.9463903 0.06606972 0.3161966 0.9465005 0.01449745 0.3223769 0.9237675 0.005532026 0.3829143 0.9236844 -0.01817935 0.3827227 0.8867132 -0.1265166 0.4446721 0.8661204 -0.1334882 0.4816808 0.799929 -0.1855121 0.5707002 0.7507554 -0.1980834 0.630182 0.6800705 -0.243196 0.6916357 0.6444064 -0.07551848 0.7609452 0.5344094 0.08640897 0.8407974 0.547182 0.2879389 0.7859283 0.9461628 -0.002382874 0.3236825 0.9465788 -0.06582963 0.315682 0.9444878 -0.06686019 0.3216714 0.9880938 -2.12558e-4 0.1538529 0.6040787 -0.2585721 0.7538101 0.5546784 -0.2858838 0.7814106 0.5176731 -0.09267652 0.8505443 0.3842111 0.1020274 0.9175904 0.3989005 0.3254436 0.8573009 0.4399182 -0.3049255 0.844685 0.3987963 -0.3247944 0.8575956 0.3743646 -0.105445 0.9212668 0.1505826 0.118523 0.9814668 0.3744099 0.1055223 0.9212396 0.1784436 -0.3507024 0.9193291 0.1650813 -0.3600242 0.9182215 0.1486878 -0.1178789 0.9818332 0.1499189 -0.118461 0.981576 0.6443361 0.07788848 0.7607657 0.6756193 0.06501895 0.734378 0.7919959 0.04386109 0.6089489 0.8810605 0.02372699 0.4724082 0.8563376 0.03725439 0.5150709 0.8563293 -0.03722757 0.5150868 0.8810517 -0.02371054 0.4724255 0.5423566 -0.08327293 0.8360114 0.7628628 0.0573619 0.6440108 0.7628347 -0.05732107 0.6440479 0.669137 -0.06546473 0.74025 0.7919765 -0.04383015 0.6089764 0.8867486 0.1267813 0.4445263 0.686026 0.2402048 0.6867824 0.7999869 0.1858973 0.5704939 0.5177102 0.09274518 0.8505143 0.3841758 -0.1019505 0.9176138 0 -0.2195253 0.9756069 -0.007923126 -0.1674546 0.985848 0.004373788 0 0.9999905 0 0.2195253 0.9756069 -0.007937908 0.1673565 0.9858645 0.6762075 -0.7015908 -0.2247528 0.6770612 -0.7001253 -0.2267441 0.3394393 -0.7087583 -0.6184195 -0.09061217 -0.5267431 -0.8451812 -0.4970607 -0.2107773 -0.8417266 -0.7667176 0.1726675 -0.6183286 -0.8336283 0.5039955 -0.2259477 -0.8347308 0.5023056 -0.2256411 -0.7667434 0.1726074 -0.6183133 -0.4950827 -0.2040517 -0.8445449 -0.09215396 -0.5329338 -0.8411239 0.3394539 -0.7087116 -0.618465 -0.6760668 0.7013756 0.2258455 -0.6760491 0.7013939 0.2258414 -0.3367176 0.7122815 0.6158542 0.09212619 0.5329474 0.8411183 0.4990356 0.2087602 0.8410604 0.7691842 -0.1695513 0.6161234 0.8343355 -0.5028078 0.2259838 0.8343251 -0.5028175 0.2260007 0.7692003 -0.169543 0.6161057 0.4986946 0.208589 0.8413053 0.09213024 0.5329484 0.8411172 -0.3367553 0.7122541 0.6158652 0 -0.3899696 0.9208278 0.05361855 -0.25852 0.9645167 0.008461773 -0.1609166 0.9869318 -0.01312077 0.1453822 0.9892886 0.03009951 0.2587746 0.9654687 -0.009002089 0.4683456 0.8834996 0.01925683 0.7069538 0.7069976 -0.01191234 0.8361059 0.5484388 0 0.8325854 0.5538967 0 -0.9848046 0.1736658 0.05037182 -0.9646984 0.2584952 0.04947257 -0.7062122 0.7062698 0 -0.6440642 0.7649714 0.01767235 0.9657709 0.2587941 0 0.9824733 0.1864036 0.01843339 0.7089402 0.7050276 -0.02564996 -0.8651887 0.50079 0 0.9848046 0.1736658 0.05037182 0.9646983 0.2584953 -0.02564996 0.8651887 0.50079 0 0.6440642 0.7649714 0 0.3945232 0.9188861 0.05602014 0.2584856 0.9643895 0.007562637 0.1528787 0.9882161 -0.01284348 -0.1460121 0.9891995 -0.00895524 -0.4687186 0.8833022 0.01842308 -0.7089926 0.7049753 0 -0.8334622 0.5525766 -0.0121718 -0.8370518 0.5469884 0.0176903 -0.9657707 0.2587938 0 -0.982552 0.185988 0.01926749 -0.7069522 0.7069988 0.03015822 -0.2587743 0.965467 0.04947215 0.706212 0.70627 1 -8.20656e-6 0 1 -8.65433e-7 0 1 1.50882e-6 0 1 7.91926e-7 0 1 -1.50191e-6 0 1 8.20656e-6 0 1 -2.19464e-6 0 1 1.56973e-6 0 1 -1.56973e-6 0 1 3.14965e-6 0 1 -2.41074e-6 0 0.5440168 0.6825586 -0.4880158 0.5431506 0.6814675 -0.4904991 0.5440393 0.6826884 -0.4878094 0.5431683 0.6815963 -0.4903007 0.5431641 0.68157 -0.4903419 0.5437461 0.6823211 -0.4886494 0.5431721 0.6816592 -0.4902091 0.5431982 0.6816936 -0.4901323 0.5431591 0.6815828 -0.4903297 0.5437422 0.6822956 -0.4886894 0.5445904 0.6813689 -0.4890376 0.5445205 0.6817089 -0.4886416 0.5440996 0.6813757 -0.4895741 0.5436645 0.6819816 -0.4892138 0.5433056 0.6822008 -0.4893068 0.5436659 0.6819136 -0.489307 0.5434179 0.6822199 -0.4891555 0.5427808 0.6824883 -0.4894883 0.5430844 0.6831235 -0.488264 0.5433391 0.6819723 -0.489588 0.5433288 0.6819643 -0.4896105 0.5423833 0.682047 -0.4905429 0.5423157 0.6823781 -0.490157 0.5430145 0.6829162 -0.4886315 0.5438432 0.6817632 -0.4893196 0.5432767 0.6822125 -0.4893226 0.5438439 0.6817596 -0.4893237 0.543136 0.682188 -0.4895129 0.5444591 0.6816322 -0.4888168 0.5441161 0.6808925 -0.4902275 0.5435656 0.6817652 -0.4896252 0.5439075 0.6821959 -0.4886444 0.5438528 0.6808838 -0.4905319 0.5429618 0.6831219 -0.4884026 1 1.70097e-6 0 1 -7.18802e-6 0 1 6.72702e-6 0 1 3.93512e-6 0 1 -1.00258e-5 0 1 1.00269e-5 0 1 -3.44306e-6 0 1 7.18794e-6 0 1 8.56554e-7 0 0.9775545 0.1122369 -0.1782982 0.9776645 0.1119307 -0.1778867 0.9304445 0.3514825 0.1036001 0.7349728 0.6234214 0.2667596 0.4441257 0.8556376 0.2657758 0.134385 0.9854667 0.103905 -0.1090984 0.9779694 -0.1779709 -0.1087851 0.9779943 -0.1780254 0.1349111 0.9854272 0.1035972 0.4430208 0.8557603 0.2672207 0.7352598 0.6234911 0.2658045 0.9304429 0.351516 0.1035015 -0.2215278 0.8361326 -0.5018045 -0.2255551 0.8347421 -0.5023252 -0.1797637 0.5933513 -0.7846142 0.01879137 0.3220155 -0.9465479 0.3123275 0.09509414 -0.945203 0.6190214 -0.03959554 -0.7843754 0.8648119 -0.03362923 -0.5009687 0.8636972 -0.02992373 -0.503122 0.6194539 -0.04286444 -0.7838619 0.3116019 0.08928459 -0.9460088 0.02134937 0.3269137 -0.944813 -0.1770565 0.5955672 -0.7835501 -1 5.13563e-6 0 -1 -3.26083e-6 0 -1 -4.07558e-6 0 -1 1.31786e-6 0 -1 1.07025e-6 0 -1 -4.96305e-6 0 -1 -1.07025e-6 0 -1 4.07559e-6 0 -1 4.44028e-6 0 -1 -4.1727e-6 0 -1 5.29744e-6 0 -1 -3.89032e-6 0 -0.5447188 -0.6800609 0.4907125 -0.5450221 -0.6811317 0.4888871 -0.5436737 -0.6819658 0.4892255 -0.5430315 -0.6833354 0.4880261 -0.5427426 -0.6833584 0.4883153 -0.54375 -0.6823511 0.4886032 -0.5444651 -0.6812993 0.4892742 -0.5431628 -0.6815036 0.4904356 -0.5433651 -0.6817612 0.4898531 -0.5424903 -0.683026 0.4890601 -0.5419409 -0.6804182 0.493286 -0.542248 -0.6792627 0.4945396 -0.5423778 -0.6837831 0.4881262 -0.5439646 -0.6823295 0.4883944 -0.5447308 -0.6800441 0.4907222 -0.5426916 -0.683024 0.4888396 -0.5439404 -0.6824978 0.4881861 -0.542526 -0.6832701 0.4886794 -0.5451094 -0.6813935 0.4884249 -0.5434572 -0.6824098 0.4888469 -0.5430124 -0.6833512 0.4880253 -0.5437564 -0.6823525 0.4885941 -0.5441567 -0.6817094 0.489046 -0.5431697 -0.6814706 0.4904738 -0.5434037 -0.6817618 0.4898095 -0.5420997 -0.6836435 0.4886302 -0.5416614 -0.6815242 0.4920648 -0.5426538 -0.6776199 0.4963449 -0.5428412 -0.683322 0.4882566 -0.543986 -0.6821712 0.4885917 -0.5443021 -0.6809988 0.4898734 -0.5434584 -0.6817884 0.4897119 -0.5438562 -0.6811668 0.490135 -0.5435686 -0.6819962 0.4893 -0.5427371 -0.6833727 0.4883015 -0.5439838 -0.6821705 0.4885951 0 -0.2596868 0.965693 0 -0.7074533 0.7067602 0 -0.965819 0.2592174 0 -0.9658161 -0.2592282 0 -0.7074533 -0.7067602 0 -0.2596868 -0.965693 0 -0.9658163 -0.2592273 0 0.2596868 -0.965693 0 0.7074533 -0.7067602 0 0.9658161 -0.2592282 0 0.965819 0.2592174 0 0.7074533 0.7067602 0 0.2596868 0.965693 0 0.9658163 -0.2592273 0.6947192 0.6946799 -0.1865079 0.6948155 0.6946038 -0.1864327 0.694917 0.50915 -0.5077959 0.6934888 0.186474 -0.6959173 0.6947716 -0.1861538 -0.6947224 0.6937054 -0.5099777 -0.5086213 0.6948235 -0.6945826 -0.1864818 0.6947266 -0.6946865 -0.1864555 0.6948356 -0.508778 -0.50828 0.6935765 -0.1870731 -0.6956691 0.6946865 0.1867951 -0.6946353 0.6937885 0.5094906 -0.508996 0.6947204 -0.6946811 0.186499 0.6948146 -0.6946062 0.1864265 0.694917 -0.50915 0.5077959 0.6934888 -0.186474 0.6959173 0.6947716 0.1861538 0.6947224 0.6937054 0.5099777 0.5086213 0.6948215 0.6945867 0.1864737 0.6947285 0.6946865 0.1864486 0.6948366 0.5087773 0.5082792 0.6935743 0.1870736 0.6956711 0.6946844 -0.1867956 0.6946374 0.6937885 -0.5094906 0.508996 0.9933375 -0.1152424 0 0.965969 -0.2585432 -0.007704794 0.9447817 -0.3276875 -0.002914965 0.8347955 -0.5505558 0.002186954 0.7069737 -0.7072076 -0.006761372 0.5784743 -0.8156918 0.003804862 0.2587764 -0.9659265 -0.004553675 0.142964 -0.9897221 0.003428757 -0.3394234 -0.9406305 0.002470552 -0.742339 -0.6700231 0.001362025 -0.9701346 -0.2425628 -0.001496195 -0.965997 -0.2585534 0 -0.7069558 -0.7072526 -0.002699673 -0.2587772 -0.9659299 -0.003724634 0.9447817 -0.3276875 -0.002914905 0.8347867 -0.5505693 0.002187192 0.706951 -0.7072303 -0.00676161 0.5785089 -0.8156673 0.003799796 0.2588186 -0.9659152 -0.004559576 0.1429263 -0.9897274 0.003427922 -0.3393974 -0.9406399 0.002464473 -0.7423526 -0.6700082 0.001361846 -0.9701346 -0.2425631 -0.001496195 -0.7069332 -0.7072752 -0.002704024 -0.2588195 -0.9659186 -0.003725111 0.8349092 0.5503833 0.002188503 0.9451684 0.32657 -0.002935588 0.9659696 0.2585433 -0.007634818 0.9931325 0.1169955 0 0.7069712 0.7072103 -0.006734669 0.578985 0.8153293 0.003819644 0.2587764 0.9659265 -0.004553675 -0.2587772 0.9659299 -0.003724575 -0.7069557 0.7072527 -0.002699732 -0.965996 0.2585531 -0.001401722 -0.9701357 0.2425631 0 -0.742339 0.6700231 0.001362025 -0.3394234 0.9406305 0.002470552 0.142964 0.9897221 0.003428637 0.8349139 0.5503763 0.002188324 0.9659696 0.2585433 -0.007634818 0.7069485 0.707233 -0.006736814 0.5789969 0.8153208 0.003813743 0.2588186 0.9659152 -0.004559516 -0.2588195 0.9659186 -0.003725111 -0.7069332 0.7072753 -0.002704024 -0.965996 0.2585531 -0.001401662 -0.9701356 0.2425634 0 -0.7423525 0.6700083 0.001361846 -0.3393975 0.9406398 0.002464532 0.1429263 0.9897274 0.003427982 0.9956381 0.09329998 0 0.9656624 0.2587995 0.02278071 0.9601268 0.2790073 0.01765108 0.8339167 0.551729 -0.01334577 0.7069236 0.7068634 0.02456474 0.5597882 0.8285604 -0.01117736 0.2587727 0.965797 0.01652175 0.1975388 0.9802951 0 0.1974981 -0.9803033 0 0.2587726 -0.9657968 0.01653265 0.5596585 -0.8286483 -0.01115524 0.8335092 -0.5523473 -0.01322811 0.9595775 -0.2809094 0.01734858 0.9656592 -0.2587969 0.02294814 0.9956173 -0.09352248 0 0.7069234 -0.7068629 0.02458047 -0.6632077 -0.08889627 -0.7431373 -0.6591743 -0.1871484 -0.7283301 -0.6380736 -0.2578613 -0.7255135 -0.5732298 -0.4688059 -0.6720333 -0.5827205 -0.443974 -0.6806791 -0.5520473 -0.5439687 -0.6319352 -0.5079281 -0.6109358 -0.6072616 -0.4552783 -0.6946666 -0.5569201 -0.3424586 -0.829219 -0.4417217 -0.4274511 -0.7651987 -0.4814112 -0.2977989 -0.8705649 -0.3917047 -0.2171805 -0.9258165 -0.3093486 -0.09928846 -0.9781675 -0.1825658 -0.1898904 -0.9536164 -0.2335753 -0.09038484 -0.9833839 -0.1574379 -0.0372107 -0.9932693 -0.1096888 -0.006521105 -0.9968445 -0.07911133 0.001217544 -0.9974659 -0.07113736 0.01001703 -0.9980374 -0.06181436 0.0107305 -0.9980763 -0.06106352 0.02728849 -0.9986988 -0.04308491 0.008016645 -0.997893 -0.06438422 0.009932041 0.9980187 -0.06212937 -0.06832802 0.9873501 -0.1430775 -0.2053319 0.9482694 -0.2421239 -0.09928846 0.9781675 -0.1825658 -0.2602687 0.8978837 -0.3550564 -0.3678683 0.8166246 -0.4447439 -0.426155 0.734866 -0.5276021 -0.456333 0.6931131 -0.5579915 -0.5356526 0.5617808 -0.6304592 -0.5484888 0.5432898 -0.6356071 -0.5959107 0.4085301 -0.6913709 -0.6230905 0.3182051 -0.7144955 -0.6456828 0.2361345 -0.7261779 -0.6593407 0.1871594 -0.7281767 -0.6623357 0.09766757 -0.7428139 -0.3486621 0.8308913 -0.4336526 -0.003801941 -0.08862364 0.996058 0.001179993 -0.1844137 0.9828481 -0.01173686 -0.2720056 0.9622241 0.003473937 -0.453697 0.8911494 -0.02633631 -0.6216688 0.7828375 -0.03506505 -0.8277245 0.5600381 -0.007413208 -0.7687957 0.6394516 -0.03664231 -0.8774644 0.4782401 -0.00751394 -0.9439036 0.3301357 -0.0175969 -0.9551905 0.2954683 -0.04206144 -0.9921665 0.1176293 -0.04282552 -0.9769027 0.2093497 -0.02340346 -0.5424048 0.8397912 -0.04244363 -0.9983967 -0.03745061 -0.04206913 -0.9971835 -0.06209158 -0.04037332 -0.9931798 -0.1093795 -0.03378748 -0.9824587 -0.1833944 -0.01239919 -0.9488191 -0.3155767 -0.03919434 -0.9188429 -0.3926723 -0.03527534 -0.8674864 -0.4962087 -0.003539144 -0.7554041 -0.6552497 -0.03603279 -0.8263455 -0.5620095 -0.03015989 -0.6916511 -0.7216019 -0.02513092 -0.6057785 -0.7952365 0.006329059 -0.4397663 -0.8980901 -0.02332979 -0.5383017 -0.8424292 -0.01782214 -0.4112128 -0.9113652 -0.00925976 -0.2533878 -0.9673205 0.001442968 -0.1851978 -0.9827002 -0.003190338 -0.07436883 -0.9972257 -0.04240268 -0.9760571 -0.2133414 -0.003801703 0.08862364 -0.996058 0.001179575 0.1844137 -0.9828481 -0.01173609 0.2720056 -0.9622241 0.003473103 0.453697 -0.8911494 -0.02633553 0.6216688 -0.7828375 -0.03506505 0.8277245 -0.5600381 -0.007413685 0.7687957 -0.6394516 -0.03664207 0.8774644 -0.4782401 -0.007524907 0.943909 -0.3301202 -0.01759177 0.9551795 -0.2955042 -0.04206377 0.9921683 -0.1176131 -0.0428254 0.9768998 -0.2093634 -0.02340328 0.5424048 -0.8397912 -0.04244351 0.9983968 0.03745055 -0.04206907 0.9971835 0.06209164 -0.04037171 0.9931799 0.1093794 -0.03378456 0.9824586 0.1833949 -0.01238667 0.9488056 0.315618 -0.03921234 0.9190533 0.3921781 -0.03527557 0.8674864 0.4962087 -0.003538131 0.7554041 0.6552497 -0.03603309 0.8263455 0.5620095 -0.03013259 0.6910377 0.7221904 -0.02514189 0.605778 0.7952364 0.006299316 0.4398737 0.8980376 -0.02332997 0.5383017 0.8424292 -0.01777821 0.4101956 0.9118244 -0.009278774 0.2535049 0.9672897 0.001443386 0.1851978 0.9827002 -0.003190577 0.07436883 0.9972257 -0.04240584 0.9760596 0.2133297 -0.8199057 0.5563622 -0.1349665 -0.5122876 0.7503075 -0.4178518 -0.598316 0.3452055 -0.7230846 -0.4604183 -0.1641092 -0.8724008 -0.09099769 -0.5286183 -0.8439682 0.2537605 -0.7512059 -0.6093401 -0.06332778 -0.4800812 -0.8749352 0.4704809 -0.5056138 -0.7231892 0.4926753 -0.8085144 -0.3218319 0.8460183 -0.3302914 -0.418522 0.7259793 -0.6742766 -0.1352972 -0.4893417 -0.2127636 -0.8457402 -0.7884511 0.08040881 -0.6098192 -0.898864 0.2986807 -0.3206764 0.8196791 -0.5568531 0.134316 0.9876868 -0.15614 -0.009757101 0.8838375 0.01465719 0.4675645 0.5396829 0.2642672 0.7993155 0.1039074 0.5448049 0.8321004 -0.3295916 0.656958 0.6780676 0.1453937 0.5823003 0.799867 -0.1828187 0.8648685 0.4675251 -0.630845 0.6346216 0.4464192 -0.3722095 0.9280956 -0.009931266 -0.7263987 0.6739575 0.1346342 0.5022554 0.2290973 0.833819 0.713956 -0.1746934 0.6780481 0.7595531 -0.4733365 0.4461297 0 -1 0 0 -1 2.9808e-7 0 1 0 0 1 2.98079e-7 -0.6791982 -0.5715869 0.4604111 -0.6939216 -0.5587059 0.4542254 -0.7603539 -0.5419887 0.3579248 -0.6495389 -0.6554328 0.3853663 -0.6934927 -0.5986434 0.4008666 -0.9056951 -0.256003 0.3379036 -0.915071 -0.3542671 0.1927175 -0.8625482 -0.504317 0.04092884 -0.7217345 -0.6889404 -0.06678706 -0.5110691 -0.8572081 -0.06326746 -0.2986277 -0.9535239 0.04017126 -0.1406016 -0.9712712 0.1919988 -0.04168224 -0.9408167 0.3363429 -0.0488426 -0.9397398 0.3383838 -0.4085512 -0.7889353 0.4589849 -0.4049388 -0.791085 0.4584859 -0.3986999 -0.8307531 0.3884429 -0.3929018 -0.8358644 0.3833521 -0.5008663 -0.768221 0.39871 -0.4901986 -0.788602 0.3712306 -0.2991369 -0.953336 0.0408371 -0.9074779 -0.2514601 0.3365291 -0.9815927 0.09367859 0.1664338 -0.9054832 0.4234258 -0.02847331 -0.853224 0.5112491 -0.1031183 -0.9684055 0.1434034 -0.2040256 -0.9777752 0.1060857 -0.1808357 -0.9162527 -0.265776 -0.2997403 -0.9970166 -0.04298102 -0.06411486 -0.9970346 -0.04415518 -0.06302797 -0.9815273 0.09094989 0.1683222 -0.7174856 0.1706501 -0.6753467 -0.8625292 -0.07955604 -0.4997142 -0.6973553 -0.5458644 -0.4644652 -0.9161105 -0.2649189 -0.3009313 -0.5404878 -0.2789361 -0.7937681 -0.5833983 -0.3483116 -0.7337068 -0.3896282 -0.811583 -0.4353424 -0.7056616 -0.5599156 -0.4342076 -0.2095766 -0.6467287 -0.7333619 -0.05502897 -0.9526231 -0.2991337 -0.375301 -0.8033915 -0.4622892 0.3560417 -0.9118308 -0.2044481 0.6894391 -0.7169249 -0.1034038 0.6149997 -0.7880218 -0.02823138 0.3085248 -0.9363142 0.1677145 0.3060266 -0.9368192 0.1694626 0.1778296 -0.9821145 -0.06186997 0.1762319 -0.9824704 -0.06078112 -0.05785417 -0.9534167 -0.2960567 -0.1505485 -0.5883985 -0.7944322 0.116008 -0.8576094 -0.5010474 0.3274728 -0.6598899 -0.6762447 0.3232418 -0.9286019 -0.1822457 -0.5533286 -0.7799086 0.2925235 -0.5103016 -0.8574542 -0.06606531 -0.6150583 -0.7065883 0.3499089 -0.6769822 -0.6470394 0.3507636 -0.8620132 -0.5051007 0.04250425 -0.5548006 -0.7687341 0.3181888 -0.6270047 -0.7115097 0.3172054 -0.7215334 -0.6895135 -0.06293451 -0.6945449 -0.5772466 0.4294109 -0.9158704 -0.3529574 0.1913176 -0.1390594 -0.9716876 0.1910128 -0.7567059 0.6332039 0.1626316 -0.7212514 0.4336125 0.5401635 -0.4080086 0.496208 0.7663593 -0.02001768 0.3503993 0.9363865 0.1219583 -0.1735449 0.9772453 -0.1601854 -0.4242795 0.8912506 -0.4573637 -0.6392313 0.6182249 -0.4380302 -0.6254794 0.6456819 -0.3493391 -0.6885458 0.6355053 -0.4165793 -0.6943467 0.5868088 -0.3582046 -0.745899 0.5615374 -0.3803404 -0.7547304 0.534531 -0.3937257 -0.7689302 0.5037128 -0.3807294 -0.7743037 0.5054691 -0.006809353 -0.8780241 0.478568 0.01182067 -0.8808142 0.4733147 0.3728019 -0.8483471 0.3759335 0.7075241 -0.6753416 0.2081429 0.7878952 -0.5942789 0.1614118 0.6168946 -0.5876947 0.5235037 0.5841486 -0.6060444 0.5398895 0.3292393 -0.4657806 0.8213708 -0.2103571 -0.4704058 0.8570113 -0.07760387 -0.6422312 0.7625724 -0.05103051 -0.6325731 0.7728177 4.9953e-5 -0.7835881 0.6212809 0.3747488 -0.8477162 0.3754206 0.3868062 -0.7037903 0.5958693 0.4053779 -0.6954009 0.5933687 -0.9101087 0.1757543 0.3752501 -0.8610405 -0.1856932 0.4734207 -0.8542494 -0.2030237 0.4785808 -0.7638395 -0.1731064 0.6217584 -0.6069256 -0.2226278 0.7629406 -0.3817794 -0.2473836 0.8905314 -0.4078158 -0.313709 0.8574807 -0.1966136 0.07902586 0.9772912 -0.1933548 0.08521962 0.9774209 -0.5267767 0.2167916 0.8218929 -0.7709729 0.2214729 0.5971187 -0.816061 0.5392121 0.2080741 -0.9099769 0.1771901 0.3748943 -0.6629225 -0.552686 0.5050466 -0.6531774 -0.5634922 0.5058021 -0.6500878 -0.5166528 0.5571855 -0.6581836 -0.4985291 0.5641481 -0.5764383 -0.5875692 0.5678746 -0.5840736 -0.5420333 0.6042003 -0.5036982 -0.5348063 0.6784324 -0.517707 -0.5917734 0.6178865 0.7925431 -0.07454675 0.6052423 0.5750174 -0.286677 0.7662711 0.1255059 -0.1696548 0.9774792 0.339406 -0.4588131 0.8211542 0.4532065 0.1682512 0.875383 0.3461057 0.05877923 0.9363524 0.06382441 0.4807386 0.8745381 -0.2509378 0.754313 0.6066648 -0.711186 0.4680725 0.5245215 -0.7693249 0.2397471 0.5921661 -0.7647059 -0.1694111 0.6217113 -0.5231711 0.230559 0.8204478 -0.6070695 -0.1893741 0.771754 -0.3106057 -0.7590662 0.5721387 0.005929648 -0.7829711 0.6220299 -0.9820427 -0.1868212 -0.02626842 -0.9812535 -0.1907814 -0.02727651 -0.8335916 -0.494036 -0.2470899 -0.5273428 -0.5537794 -0.6443898 -0.1517878 -0.2412804 -0.9585115 -0.1584944 -0.643513 -0.7488461 -0.1978375 -0.6368645 -0.7451604 -0.1929657 -0.8778399 -0.4383623 -0.1868011 -0.9724827 -0.1392223 -0.1858803 -0.9726412 -0.139347 -0.5409548 -0.8325514 -0.119273 -0.5439669 -0.8306832 -0.1185978 -0.8334586 -0.5470352 -0.07809841 -0.8340373 -0.5461528 -0.07809579 -0.9818977 -0.1713697 -0.08068186 -0.9694485 -0.2194819 -0.1095328 -0.8278279 -0.3649352 -0.4260556 -0.5420871 -0.2029705 -0.8154414 -0.1943981 0.2394611 -0.9512454 -0.1945452 -0.2369456 -0.9518451 -0.9856342 -0.130204 -0.1075742 -0.8449004 -0.3477115 -0.4064975 -0.8289911 -0.1351864 -0.542677 -0.540319 0.2032539 -0.8165436 -0.1585428 0.6414852 -0.7505738 -0.1516792 0.2387568 -0.9591604 -0.9796261 -0.1203562 -0.1607712 -0.9820235 -0.04609137 -0.1830444 -0.9819806 0.046027 -0.1832909 -0.9827625 0.10951 -0.1489481 -0.9860033 0.1288721 -0.1057813 -0.9801267 0.1790766 -0.08534228 -0.9826509 0.1835461 -0.02660912 -0.9820299 0.1868256 -0.02671378 -0.8340373 0.5461528 -0.07809579 -0.8307485 0.4978473 -0.2490084 -0.8305103 0.3623468 -0.4230337 -0.8170011 0.1393862 -0.5595362 -0.8168337 -0.1408063 -0.5594252 -0.9819758 -0.04613399 -0.1832903 -0.8334598 0.5470333 -0.07809817 -0.5439683 0.8306823 -0.1185977 -0.1858833 0.9726406 -0.139347 -0.1868011 0.9724827 -0.1392223 -0.1900569 0.8782379 -0.4388356 -0.1929653 0.8778385 -0.4383652 -0.1979175 0.6388589 -0.74343 -0.5421077 0.2031062 -0.8153939 -0.5431088 0.5472679 -0.636813 -0.5271642 0.5527901 -0.6453844 -0.5349612 0.7557789 -0.3776441 -0.531889 0.7573719 -0.3787905 -0.5409548 0.8325514 -0.119273 -0.1900569 -0.8782379 -0.4388356 -0.5319201 -0.7574982 -0.3784937 -0.534983 -0.7556216 -0.3779277 -0.8291482 0.1364507 -0.5421203 -0.9816542 0.04654246 -0.1849027 -0.83071 -0.4981095 -0.2486121 -0.8305426 -0.3620539 -0.423221 -0.5432424 -0.5461639 -0.6376463 -0.5403084 -0.2033948 -0.8165154 -0.8448811 0.347769 -0.4064882 -0.8277882 0.3647044 -0.4263304 -0.8336309 0.4941923 -0.2466445 -0.9696803 0.2186624 -0.1091192 -0.1868032 0.9724802 0.1392363 -0.5319279 0.7574939 0.3784916 -0.8335955 0.4940294 0.2470901 -0.969451 0.2194716 0.1095322 -0.9856365 0.1301886 0.1075716 -0.8448811 0.347769 0.4064882 -0.9796248 0.1203597 0.1607759 -0.9820221 0.04609328 0.183052 -0.9819792 -0.04602891 0.1832986 -0.9827613 -0.1095137 0.1489531 -0.9860033 -0.1288721 0.1057813 -0.9801267 -0.1790766 0.08534228 -0.9826607 -0.1834934 0.02661162 -0.9820265 -0.1868426 0.02671623 -0.8340317 -0.5461605 0.07810157 -0.8307445 -0.4978525 0.249011 -0.8305103 -0.3623468 0.4230337 -0.8170011 -0.1393862 0.5595362 -0.8289911 0.1351864 0.542677 -0.8278213 0.3649415 0.426063 -0.8307017 0.4981227 0.248613 -0.5439565 0.8306886 0.1186076 -0.8334682 0.5470196 0.07810527 -0.8340317 0.5461605 0.07810157 -0.9812543 0.1907771 0.02727884 -0.9818954 0.171383 0.08068138 -0.9820398 0.1868363 0.0262705 -0.8334682 -0.5470196 0.07810527 -0.543958 -0.8306877 0.1186075 -0.1858853 -0.9726389 0.1393563 -0.1868032 -0.9724802 0.1392363 -0.1900314 -0.8782423 0.4388378 -0.1929665 -0.8778383 0.4383651 -0.1979175 -0.6388589 0.74343 -0.5421077 -0.2031062 0.8153939 -0.543123 -0.5472619 0.6368061 -0.5271727 -0.5527867 0.6453805 -0.5349612 -0.7557789 0.3776441 -0.531889 -0.7573719 0.3787905 -0.5409539 -0.8325508 0.1192819 -0.1585675 -0.6414859 0.750568 -0.1516407 -0.2387582 0.9591661 -0.5403084 0.2033948 0.8165154 -0.5402933 -0.2032579 0.8165596 -0.1944356 -0.2394575 0.9512386 -0.1945452 0.2369456 0.9518451 -0.5432714 0.5461517 0.6376321 -0.5420605 0.2029831 0.8154559 -0.1518032 0.2412841 0.9585082 -0.1585641 0.641483 0.7505713 -0.1929657 0.8778399 0.4383623 -0.1900314 0.8782423 0.4388378 -0.527328 0.5537853 0.6443967 -0.5349842 0.7556213 0.3779264 -0.8168337 0.1408063 0.5594252 -0.9819756 0.04613661 0.1832903 -0.8291482 -0.1364507 0.5421203 -0.9816557 -0.04654055 0.1848952 -0.1858843 0.9726391 0.1393564 -0.5409572 0.8325485 0.1192826 -0.8305492 0.3620475 0.4232135 -0.1979175 0.6388589 0.74343 -0.8448811 -0.347769 0.4064882 -0.8277834 -0.3647089 0.4263356 -0.8336271 -0.4941976 0.2466472 -0.9696812 -0.2186594 0.1091178 0 0.2588236 0.9659247 0.1149901 0.2424953 0.9633138 -0.1074021 0.6459316 0.7558023 0.3396114 0.6659646 0.6641952 0.4457027 0.864564 0.2321174 0 0.9899075 -0.1417158 0 0.9899057 0.1417279 0.4457313 0.8645529 -0.2321032 -0.2014642 0.8763094 -0.4376002 0.3395984 0.665968 -0.6641985 0.1078698 0.257317 -0.9602876 0 0.2441117 -0.9697471 -0.1074021 0.6459316 -0.7558023 -0.2014696 0.8763085 0.4375997 0 -0.2588236 -0.9659247 0.114986 -0.2424954 -0.9633142 -0.1074021 -0.6459316 -0.7558023 0.3395984 -0.665968 -0.6641985 0.4457313 -0.8645529 -0.2321032 0 -0.9899057 0.1417279 0 -0.9899075 -0.1417158 0.4457054 -0.8645622 0.2321188 -0.2014696 -0.8763085 0.4375997 0.3396114 -0.6659646 0.6641952 0.1078698 -0.257317 0.9602876 0 -0.2441117 0.9697471 -0.1074021 -0.6459316 0.7558023 -0.2014642 -0.8763094 -0.4376002 0.005907535 -0.541956 0.8403862 0.03060054 -0.5749892 0.8175886 0.0144273 -0.5429836 0.8396195 0.0413835 -0.3104623 0.9496846 0.0428887 -0.1619387 0.9858684 0.04114031 -0.109509 0.9931341 0.1138605 0.1024975 0.9881954 0.112639 -0.11844 0.9865518 0.08178019 -0.1381504 0.9870291 0.07178002 -0.3071687 0.9489442 0.05699467 -0.3928664 0.9178277 0.1009888 -0.3568899 0.9286717 0.02526521 -0.3478685 0.9372029 0.01673692 -0.5180085 0.8552117 0.066132 -0.04183602 0.9969335 0.06031304 0.0975703 0.9933995 0.08752268 0.2488548 0.9645782 0.08397078 0.3956363 0.9145606 0.08479303 0.4605897 0.8835538 0.0862835 0.4513484 0.8881666 0.09497332 0.5533998 0.8274834 0.09008514 0.5761544 0.8123612 0.1754239 0.6135502 0.7699239 0.1863901 0.5649489 0.8037982 0.1621703 0.5097668 0.8448897 0.1728848 0.441322 0.8805372 0.1565455 0.4073376 0.899761 0.146879 0.2958212 0.9438838 0.1568045 0.1350631 0.9783509 0.05467897 0.147516 0.9875472 0.09347504 0.6444112 0.7589445 0.08794355 0.6930401 0.7155148 0.09420198 0.7652682 0.6367815 0.0942381 0.8314424 0.5475608 0.09709906 0.8936297 0.4381754 0.1094493 0.8736185 0.4741429 0.05733758 0.9684956 0.2423402 0.1584267 0.8685164 0.4696598 0.202399 0.7802329 0.5918374 0.0832473 0.7935286 0.6028119 0.2258675 0.7886047 0.5719148 0.1706658 0.7327045 0.6588 0.1935369 0.6594952 0.7263674 0.09433382 0.6709786 0.7354515 0.07171916 -0.4735813 0.8778252 0.1650831 0.330209 0.9293598 0.07741308 0.3406714 0.9369901 0.05725079 -0.9684997 0.2423444 0.1092373 -0.8739199 0.4736365 0.2026351 -0.7802031 0.5917957 0.1709197 -0.7328182 0.6586077 0.2259621 -0.7885051 0.5720148 0.09706509 -0.8936326 0.4381773 0.09420531 -0.8314459 0.5475611 0.0941711 -0.765272 0.6367815 0.08788931 -0.6930406 0.715521 0.09342014 -0.6444179 0.7589455 0.09003263 -0.576157 0.8123654 0.09492152 -0.5534034 0.827487 0.08623796 -0.4513529 0.8881688 0.156749 -0.4073241 0.8997316 0.1731037 -0.4412956 0.8805075 0.1623753 -0.509818 0.8448195 0.1865838 -0.56492 0.8037737 0.1756718 -0.6132875 0.7700765 0.1938707 -0.6593537 0.7264068 0.0943005 -0.6708963 0.7355309 0.08474773 -0.4605917 0.8835572 0.08393335 -0.3956388 0.9145629 0.08748537 -0.2488564 0.9645811 0.06029319 -0.09757041 0.9934006 0.06611049 0.04183536 0.996935 0.04112553 0.1095086 0.9931348 0.04287457 0.1619413 0.9858686 0.0413677 0.3104624 0.9496851 0.01671868 0.5180082 0.8552122 0.005899846 0.5419339 0.8404005 0.01444363 0.5429584 0.8396355 0.03063338 0.5749672 0.8176029 0.07171899 0.4735801 0.877826 0.0570147 0.3929634 0.917785 0.1011431 0.3569225 0.9286423 0.07186269 0.3071368 0.9489483 0.08187943 0.1381552 0.9870203 0.1139793 -0.1024957 0.9881818 0.1470412 -0.2957704 0.9438744 0.1652836 -0.3301829 0.9293334 0.07737445 -0.3406772 0.9369912 0.1584401 -0.8687931 0.4691432 0.05465966 -0.1475295 0.9875462 0.1569582 -0.1350534 0.9783275 0.02524626 0.3478831 0.937198 0.11276 0.1184526 0.9865365 0.08321881 -0.7935324 0.602811 0.07211732 -0.9842305 0.161522 0.08304029 -0.98232 0.1677848 0.2530285 -0.9140416 0.3170247 0.4439967 -0.8084901 0.386278 0.6167481 -0.6499148 0.4441087 0.762207 -0.4470286 0.4681944 0.8501733 -0.217083 0.479667 0.877663 0.02073985 0.4788293 0.843624 0.2345292 0.4830059 0.7646949 0.3184658 0.5601975 0.7540717 0.312882 0.5774781 0.6859405 0.366873 0.6284027 0.654346 0.3792263 0.6542314 0.6248602 0.2995147 0.7209998 0.5760756 0.2098674 0.7899953 0.5086975 0.1250995 0.8518081 0.4074472 0.04430401 0.9121536 0.2909933 -0.01368933 0.9566273 0.1883783 -0.05642616 0.9804743 0.04716622 -0.06004583 0.9970808 0.06751477 -0.07347375 0.9950093 0.06358385 -0.1360379 0.9886612 0.06775593 -0.1994524 0.9775623 0.08555519 -0.3541985 0.9312486 0.08715063 -0.4970446 0.8633375 0.08830022 -0.6054428 0.7909753 0.0978558 -0.6401448 0.7619968 0.09899485 -0.728527 0.6778264 0.0894379 -0.7223635 0.6857054 0.09044963 -0.7948182 0.6000691 0.1107063 -0.813831 0.5704589 0.2630886 -0.7864017 0.5588889 0.4522967 -0.7334232 0.5074624 0.4472518 -0.7307257 0.5157575 0.4449679 -0.6447318 0.6215501 0.6124211 -0.5607193 0.557256 0.6139053 -0.5614367 0.5548958 0.2189991 -0.9636586 0.152975 0.2385308 -0.9566366 0.1671811 0.4259437 -0.8623283 0.2737919 0.6090077 -0.7218775 0.3286374 0.7639904 -0.5381796 0.3559235 0.8752241 -0.3125196 0.369208 0.9265942 -0.07871067 0.3677335 0.9114923 0.133524 0.3890415 0.8994782 0.1668369 0.4038622 0.8478913 0.2360446 0.4747247 0.3356682 -0.9305715 0.1461632 0.407112 -0.8986305 0.1634721 0.5888688 -0.7801265 0.2112731 0.7528981 -0.6111346 0.2442519 0.8791805 -0.4033109 0.253736 0.9497624 -0.1730015 0.2608102 0.9614531 0.05763828 0.2688601 0.9294464 0.1263086 0.3466637 0.4164961 -0.8962854 0.152327 0.5566589 -0.8248069 0.09911906 0.6747559 -0.7339042 0.07803368 0.736409 -0.6573232 0.1600878 0.8483717 -0.5044059 0.1607488 0.882161 -0.4498053 0.1395257 0.9151512 -0.3899021 0.1023461 0.9407398 -0.3191972 0.1145507 0.9458996 -0.2807406 0.1626613 0.8785301 -0.4031123 0.2562916 0.8698324 -0.4631666 0.1699066 0.7482962 -0.6504397 0.1303116 0.8303322 -0.5513426 0.0810548 0.9547325 -0.246762 0.1661162 0.986709 -0.03765875 0.1580738 0.9920926 0.00208038 0.1254914 0.9867848 -0.03192925 0.1588593 0.9643908 0.05835473 0.2579634 0.9587354 -0.2394229 0.153308 0.9913339 -0.1185079 0.05668604 0.6480973 0.3938412 0.651812 0.5487589 0.4663071 0.6938454 0.4295114 0.506507 0.7476434 0.3876534 0.5089601 0.76856 0.2934244 0.543631 0.7863634 0.3013095 0.5571793 0.7737985 0.2143792 0.5875299 0.7802886 0.1353445 0.4689903 0.8727715 0.09467422 0.3632878 0.9268543 0.1021458 0.3875246 0.9161829 0.1480265 0.5616876 0.8139995 0.2638078 0.4626741 0.8463676 0.3077316 0.330258 0.8923177 0.3321588 0.1758302 0.92669 0.4006121 0.2281054 0.8873996 0.4276371 0.2285006 0.8745937 0.4885256 0.3006714 0.8191089 0.4010295 0.4532101 0.7961004 0.2888829 0.508553 0.8111231 0.2870792 0.5070655 0.8126932 0.02320975 0.3660234 0.9303163 0.1126748 0.5275516 0.8420177 0.01676762 0.4195158 0.9075932 0.08023762 0.5212481 0.8496248 0.1418698 0.3654261 0.9199656 0.1039426 0.2205639 0.9698183 0.06215929 0.09419083 0.9936118 0.03699833 0.07532733 0.9964723 -0.09681737 0.4894278 0.8666528 0.008925974 0.5085437 0.86099 0.02570897 0.3409004 0.9397478 0.05331969 0.2208563 0.9738478 0.07954436 0 0.9968314 0.06138843 0.217747 0.9740728 0.09727746 0.2226802 0.9700261 0.06418681 0.3497968 0.9346241 0.04832774 0.5054082 0.861526 0.09705483 0.3438616 0.9339912 0.04228657 0.3366109 0.9406939 0.0906859 -0.8485756 0.5212442 0.09006959 -0.8854517 0.4559197 0.09230118 -0.9391033 0.331007 0.08894914 -0.938009 0.3350033 0.5894564 -0.780233 0.2092317 0.6945093 -0.7036828 0.1499584 0.259289 -0.8641732 0.4312471 0.2609578 -0.864944 0.4286875 0.2682231 -0.7895134 0.5520192 0.2677177 -0.7012585 0.6607298 0.2553765 -0.5916664 0.7646658 0.2478531 -0.4717214 0.8461961 0.227795 -0.3266486 0.9172841 0.2089074 -0.1929819 0.9587053 0.1748901 -0.04892247 0.9833718 0.2016369 -0.1883227 0.9611853 0.07724505 -0.2058563 0.9755288 0.2601674 -0.5950937 0.7603793 0.102909 -0.6185677 0.7789633 0.2624403 -0.6976898 0.6665989 0.2474166 -0.4713978 0.846504 0.0840221 -0.4947842 0.8649446 0.2311655 -0.3290177 0.9155927 0.0802083 -0.3503575 0.9331753 0.1319833 0.1037055 0.9858123 0.1562938 0.09281569 0.98334 0.239426 0.1206017 0.9633953 0.3451864 0.1738741 0.9222875 0.2702392 0.2902585 0.9179983 0.3254467 0.3328168 0.8850523 0.2269056 0.4288656 0.8744074 0.1211881 0.5518501 0.8250909 0.2574572 0.4377086 0.8614679 0.194972 0.3895872 0.9001154 0.1882233 0.3887948 0.9018928 0.09631359 -0.8882625 0.4491254 0.2549187 -0.9146627 0.3137019 0.4471235 -0.645994 0.618686 0.4354668 -0.5364034 0.7229386 0.4161668 -0.4235538 0.8046164 0.3784348 -0.2794514 0.8824364 0.3442072 -0.1559488 0.9258518 0.2917957 -0.01400387 0.9563782 0.338962 -0.1533982 0.92821 0.4360122 -0.5367386 0.7223607 0.4123872 -0.4213336 0.8077221 0.3802883 -0.2804791 0.8813128 0.2435358 0.1193879 0.9625159 0.1873165 0.2506745 0.9497763 0.1971327 0.2489358 0.9482457 0.1177587 0.3662692 0.9230275 0.04531389 0.5046249 0.8621487 0.4258743 -0.8623149 0.2739419 0.4399942 -0.806826 0.3942551 0.5973367 -0.4548434 0.6605349 0.7056176 -0.2377719 0.6675091 0.7455756 -8.6407e-4 0.6664205 0.7309746 0.2149057 0.6476818 0.6340541 0.3021576 0.7118119 0.5687916 -0.3434571 0.7473375 0.5713211 -0.344603 0.7448765 0.5237404 -0.2062445 0.8265346 0.4762175 -0.09239155 0.8744603 0.4045008 0.04504525 0.9134277 0.4723148 -0.0910806 0.8767116 0.5244646 -0.2065472 0.8259994 0.2663673 0.2903683 0.9190946 0.6086678 -0.7217425 0.3295625 0.6181152 -0.6505281 0.4413014 0.595163 -0.4537744 0.6632268 0.7412405 -0.3424028 0.5773411 0.8131425 -0.1126328 0.5710631 0.8136306 0.1173046 0.5694251 0.7271798 0.2142561 0.6521532 0.6488149 -0.1128742 0.7525283 0.6470949 -0.1124203 0.7540756 0.5840632 -0.002139627 0.8117054 0.5035926 0.1256032 0.8547623 0.5906224 -0.00333625 0.8069413 0.5681819 -0.8138614 0.121652 0.7530884 -0.6111986 0.2435046 0.7641352 -0.5382361 0.355527 0.7602717 -0.4462683 0.4720504 0.7420638 -0.3427167 0.5760959 0.7068951 -0.2381808 0.6660099 0.6711881 0.101604 0.734291 0.672755 0.1015729 0.7328599 0.5771639 0.2099527 0.7891778 0.3710499 0.3965917 0.8396648 0.3626343 0.3937894 0.8446457 0.1158745 0.5337425 0.8376706 0.2493544 0.455078 0.8548254 0.8757445 -0.312676 0.3678389 0.8537494 -0.2179265 0.4728848 0.8068003 -0.111523 0.5802034 0.7512181 -0.001474142 0.6600526 0.4820809 0.299413 0.8233771 0.5246788 0.3809061 0.7613297 0.4121311 0.4894899 0.7684711 0.4026902 0.4541872 0.7947041 0.9496539 -0.1729876 0.2612143 0.9244212 -0.07857996 0.3731901 0.880362 0.02074956 0.4738482 0.8116868 0.1171362 0.5722272 0.5377872 0.456516 0.7087864 0.5166887 0.3775343 0.7684404 0.05871629 -0.5090211 0.8587491 0.08031749 -0.496532 0.8642946 0.08358132 -0.3443839 0.935101 0.09738945 -0.2088056 0.9730958 0.09410607 -0.08520513 0.9919094 0.08672153 0.05357694 0.9947909 0.08703279 -0.07653027 0.9932616 0.2162692 -0.4962626 0.8408038 0.232941 -0.48366 0.8436892 0.4272357 -0.3397201 0.8378902 0.6013498 -0.210113 0.7708639 0.7564729 -0.06863927 0.6504135 0.8658168 0.08615875 0.4928874 0.920035 0.2356351 0.3130683 0.9097541 0.3831535 0.1598152 0.9031091 0.4043222 0.1446294 0.8442447 0.5172088 0.14052 0.8451853 0.5160676 0.1390541 0.8115252 0.509568 0.2859497 0.7429555 0.504252 0.4401672 0.6482787 0.4990562 0.5750459 0.5237128 0.4952026 0.6931807 0.373695 0.4966574 0.7833796 0.2217154 0.4949589 0.8401535 0.08297908 0.4947596 0.8650593 0.08290851 0.4948166 0.8650333 0.08683007 0.3496174 0.9328603 0.08703088 0.3494277 0.9329127 0.2468752 0.344398 0.9057829 0.4064701 0.3523393 0.8429942 0.5616482 0.3621048 0.7439298 0.6959499 0.3703332 0.6152294 0.8058738 0.3691524 0.4629189 0.8750215 0.3770917 0.3035443 0.8761625 0.3754976 0.3022265 0.8114584 0.5096369 0.2860168 0.3303982 -0.4833815 0.8106661 0.404522 -0.4553365 0.7931146 0.579146 -0.3332254 0.7440099 0.7431645 -0.2000336 0.6385085 0.8717865 -0.05847656 0.4863834 0.9454619 0.088391 0.3135104 0.9600207 0.2403048 0.1435752 0.931447 0.3344873 0.143265 0.4122284 -0.4612994 0.7856658 0.5414083 -0.4576117 0.7053146 0.6647738 -0.4118281 0.6232764 0.7031119 -0.3301392 0.6297951 0.7022159 -0.3341262 0.6286911 0.7283242 -0.3028561 0.6146724 0.7471327 -0.316007 0.5847499 0.843019 -0.2947713 0.449921 0.8596174 -0.1970713 0.471403 0.9491131 -0.05520617 0.310059 0.9854037 0.09566706 0.1408097 0.9854035 0.09562397 0.1408404 0.9602075 0.2398371 0.143108 0.9009001 -0.1867612 0.3917901 0.8962458 -0.1906557 0.4004922 0.9065759 0.04209101 0.4199389 0.9459881 -0.3177222 -0.06449174 0.9885762 -0.04807507 0.1428489 0.9905589 0.004525065 0.1370137 0.7575751 0.639411 0.131277 0.7568922 0.6400203 0.1322443 0.7245246 0.6366553 0.2640721 0.6711996 0.6268082 0.3957306 0.5782172 0.6246722 0.5248329 0.4682234 0.6217403 0.6278582 0.3380311 0.6172852 0.7104182 0.2042428 0.6123458 0.7637524 0.06711632 0.6778119 0.7321656 0.07260215 0.6122496 0.7873243 0.07480651 0.6136589 0.7860196 0.6567365 0.7442087 0.1218635 0.6550444 0.7453035 0.1242558 0.6292226 0.7403182 0.2366598 0.576092 0.7380315 0.3513228 0.5018848 0.7327222 0.4595974 0.4035825 0.7303083 0.5511542 0.3007142 0.723389 0.6215137 0.1741823 0.7233509 0.6681497 0.06063967 0.7298744 0.6808863 0.07344865 0.7235491 0.6863542 0.5426899 0.8325867 0.1108478 0.5400676 0.8337595 0.1147706 0.5213174 0.8291804 0.2017135 0.4807944 0.8243817 0.2987166 0.41679 0.8209086 0.3903784 0.3391445 0.8166536 0.4669667 0.2408038 0.8176608 0.5229191 0.1427274 0.8166614 0.5591897 0.04440689 0.8479411 0.5282273 0.08650857 0.8173355 0.5696306 0.05280911 0.7992147 0.5987213 0.428574 0.8979569 0.09998905 0.4176926 0.9010859 0.1165221 0.4034727 0.8991699 0.1694207 0.3754111 0.8956851 0.2383586 0.3179882 0.8943269 0.3147426 0.2666606 0.8909233 0.3676248 0.1785174 0.8913783 0.4166249 0.1107095 0.8901619 0.44199 0.04017448 0.9410713 0.3358138 0.05550211 0.8904443 0.4516952 0.03814333 0.8870747 0.4600475 0.3677571 0.9254097 0.0914976 0.3000712 0.9503998 0.08183962 0.155818 0.9856624 0.06473398 0.04029065 0.9596417 0.2783247 0.02994328 0.9740263 0.2244467 0.01153177 0.9785523 0.2056758 0.1731617 0.983535 0.05171209 0.08392745 0.9862272 0.1425209 0.2076393 0.9762105 0.06244236 0.06525248 0.9847094 0.1615231 0.08035975 0.9398751 0.3319294 0.1422187 0.9406189 0.308237 0.1271259 0.942535 0.3089774 0.1872885 0.9439135 0.2719379 0.188703 0.9437312 0.2715927 0.2261561 0.9451341 0.2357438 0.2680377 0.9461588 0.1814925 0.2870972 0.9487044 0.1324204 0.297449 0.9507054 0.08765536 3.47222e-4 0 1 0.2377865 0.9668572 0.092978 0.04268825 0.980494 0.1918578 0.02221077 0.9393007 0.3423753 0.08148884 0.9397259 0.3320769 0.01075983 0.9802767 0.197337 0.09055405 0.2411199 0.9662615 0.1057567 0.2044677 0.9731436 0.2494862 0.215812 0.9440243 0.4291936 0.2141519 0.8774577 0.59701 0.2103486 0.7741658 0.7360616 0.2145102 0.6420271 0.8434188 0.2297054 0.485675 0.8481056 0.2222704 0.48095 0.09941881 0.1935903 0.9760322 0.101528 0.06981438 0.9923801 0.2625321 0.06247705 0.9628985 0.43558 0.07247233 0.8972279 0.6118615 0.07521194 0.787381 0.7529672 0.08110249 0.6530412 0.7538251 0.07960408 0.6522353 0.09887766 0 0.9950997 0.08636099 -0.2213497 0.971363 0.08632332 -0.3413408 0.9359673 0.5809699 -0.338048 0.7404037 0.5613788 -0.4220796 0.7118306 0.2483429 -0.3426651 0.9060389 0.2485655 -0.3430116 0.9058467 0.2570406 -0.2157492 0.9420099 0.2552771 -0.07230752 0.9641604 0.2635174 -0.0837599 0.9610115 0.2516764 -0.2078189 0.9452356 0.2563127 0.07040941 0.9640261 0.2588396 0.2051668 0.9438796 0.2221072 0.4946427 0.8402363 0.24113 0.3501141 0.9051389 0.4416404 -0.2141429 0.8712615 0.4409385 -0.2128713 0.8719283 0.4476615 -0.08587747 0.8900699 0.4377933 -0.07035511 0.8963187 0.4407431 0.06537073 0.8952498 0.4261603 0.2177491 0.8780506 0.3796066 0.4918077 0.7835969 0.4115828 0.3471931 0.8426486 0.1995046 0.6155231 0.7624496 0.1769979 0.7219007 0.6689778 0.1437118 0.8163009 0.5594639 0.1102499 0.8902697 0.4418877 0.4256718 -0.3366914 0.8399062 0.6108318 -0.07405996 0.7882891 0.6144341 -0.08071827 0.7848283 0.6114345 0.07587391 0.7876492 0.5910168 0.2179339 0.7766621 0.5247026 0.4943761 0.693022 0.5672272 0.356325 0.7424862 0.3356535 0.6188385 0.7101941 0.2917619 0.7278838 0.6205322 0.2495716 0.8144999 0.5237405 0.1876147 0.8893173 0.417032 0.5987155 -0.2042976 0.7744691 0.7347437 0.2163421 0.6429213 0.648651 0.4987312 0.5749079 0.6994888 0.3664632 0.6135309 0.4692455 0.6210697 0.6277589 0.4055405 0.7293385 0.5510011 0.3363482 0.817651 0.4672439 0.2604808 0.8923682 0.3685498 0.1004994 0.9869241 0.1260187 0.2269364 0.9450399 0.2353714 0.8581714 -0.2004003 0.4726327 0.7456558 -0.2076412 0.6331529 0.7543285 -0.06376266 0.6533934 0.7444672 0.5028503 0.4392155 0.8012801 0.3746995 0.4664233 0.5827564 0.6216239 0.5234298 0.4990701 0.7341384 0.460402 0.4174144 0.8206825 0.3901866 0.3235604 0.8930334 0.3127301 0.1209343 0.9867653 0.1080234 0.2608404 0.9471081 0.1869452 0.8729356 -0.06205391 0.4838728 0.8681607 0.08116412 0.4896013 0.6634765 0.6322973 0.399999 0.5800522 0.7359174 0.3492351 0.4786601 0.8251949 0.2998967 0.3717083 0.8966196 0.2406375 0.151117 0.9848513 0.08503943 0.290338 0.948237 0.1286486 0.9433341 -0.1265009 0.306787 0.9487842 -0.05355584 0.3113524 0.9451482 0.08929115 0.3142006 0.9213852 0.2330304 0.3110406 0.7261986 0.635339 0.2626405 0.6294285 0.7401983 0.2364874 0.519151 0.8300814 0.2035859 0.406328 0.8983973 0.1666734 -0.9952335 0.08005285 0.05569374 -0.9947304 0.08552467 0.05654352 -0.9619202 0.2657255 0.06402766 -0.9090045 0.4115146 0.06607997 -0.8633082 0.5001015 0.06780487 -0.7827781 0.6181427 0.07182133 -0.6762505 0.7335416 0.06783866 -0.7416886 0.6672637 0.06824326 -0.6400421 0.7650641 0.07087481 -0.567382 0.8210407 0.06300729 -0.4731013 0.8784599 0.06695806 -0.35783 0.931874 0.05973792 -0.4374582 0.8970647 0.06249332 -0.1806101 0.9817142 0.0601437 -0.2274785 0.9226598 0.3113722 -0.2939348 0.9552559 0.03299474 -0.1160291 0.9920247 0.0492379 -0.01200681 0.9989304 0.04465252 -0.8229543 0.5643149 0.06553649 -0.9023243 0.4261169 0.06507897 -0.9365375 0.344627 0.06426483 -0.9676845 0.2446951 0.06092023 -0.1135714 -0.9922978 0.04946488 -0.2914123 -0.9560126 0.03345161 -0.3578309 -0.9318753 0.05971217 -0.1805343 -0.9817502 0.05978298 -0.2274773 -0.9226599 0.3113723 -0.3854348 -0.9207327 0.06075721 -0.4374677 -0.8970702 0.06234598 -0.4733384 -0.8783509 0.06671297 -0.6385834 -0.7662712 0.07099139 -0.7416886 -0.6672637 0.06824326 -0.6762505 -0.7335416 0.06783866 -0.7804387 -0.6211171 0.07161825 -0.8229668 -0.5643246 0.0652967 -0.8889506 -0.4526986 0.06950455 -0.9365379 -0.3446314 0.06423336 -0.9022707 -0.4260776 0.06607156 -0.9601075 -0.2721338 0.06431913 -0.967709 -0.2447172 0.06043958 -0.9943672 -0.08927834 0.05712622 -0.9952335 -0.08005285 0.05569374 -0.5673781 -0.82104 0.06305128 0.1931382 0.9764915 0.0957188 0.1508058 0.9760006 0.1571004 0.07733547 0.9543093 0.2886402 0.959941 0.07753455 0.2692614 0.9620672 0.116394 0.2467369 0.9302347 0.2741297 0.2439601 0.8604335 0.4517679 0.2357116 0.755218 0.6177231 0.2192354 0.6180438 0.762068 0.193066 0.45501 0.8765089 0.1571565 0.1958383 0.9756611 0.09865528 0.6223204 0.7574422 0.1974812 0.7593662 0.6104096 0.2253068 0.8641978 0.4395136 0.2449284 0.9319688 0.2568713 0.2558346 0.78805 0.06289261 0.6123902 0.7972076 0.09079313 0.596839 0.7636411 0.2557976 0.5928068 0.7381888 0.3578045 0.5718858 0.70685 0.4370701 0.556177 0.7070499 0.4453765 0.5492908 0.6267793 0.5958846 0.5020651 0.5767335 0.6742916 0.4612043 0.5087976 0.7562247 0.4113991 0.4006512 0.8518288 0.3374412 0.3716728 0.868234 0.3286779 0.3229402 0.9039106 0.2804557 0.1645269 0.9740094 0.1556811 0.5115478 0.7504434 0.4185137 0.4604823 0.8728432 0.161558 0.6184265 0.6040605 0.5026527 0.7643482 0.2594183 0.5903167 0.7972047 -0.09079283 0.5968428 0.9304094 -0.2726124 0.2449916 0.8639575 -0.4393632 0.246044 0.8604013 -0.4510386 0.2372214 0.7591081 -0.6102059 0.2267238 0.7535444 -0.6200174 0.2185163 0.5764839 -0.6743201 0.4614745 0.6157305 -0.6085838 0.5005015 0.6289658 -0.5956627 0.4995878 0.709328 -0.4451948 0.5464938 0.7405114 -0.3576263 0.5689871 0.7660207 -0.255736 0.5897556 0.765722 -0.2542006 0.5908063 0.959941 -0.07753455 0.2692614 0.9620677 -0.1164078 0.2467287 0.78805 -0.06289947 0.6123896 0.9319734 -0.2568741 0.2558149 0.6223747 -0.7574997 0.1970883 0.6185314 -0.7616581 0.1931219 0.5087724 -0.7562271 0.411426 0.5117057 -0.7500519 0.4190218 0.4604854 -0.8728491 0.1615163 0.4546947 -0.8767263 0.1568563 0.322812 -0.9039202 0.280572 0.3713279 -0.8684073 0.32861 0.4006232 -0.8518294 0.3374726 0.1958459 -0.9756719 0.09853273 0.1930314 -0.9765368 0.09547179 0.1642602 -0.9740353 0.1558006 0.1507571 -0.9759933 0.1571927 0.07733553 -0.9543098 0.2886383 0.7091768 -0.4368465 0.5533837 0.421227 0.06664401 -0.9045034 0.240664 0.1204217 -0.9631093 0.08155572 0.04066568 -0.9958388 0.4152965 0.05937576 -0.9077464 0.2649674 0.03788226 -0.963513 0.08963155 0.01295447 -0.9958907 0.2647578 0.03826057 -0.9635556 -0.2649674 0.03788226 -0.963513 -0.4479201 0.06403845 -0.8917773 -0.4478944 0.0639764 -0.8917947 -0.4065752 0.2032738 -0.8907169 -0.2977359 0.3472967 -0.8892348 -0.1114717 0.4458048 -0.8881622 0.1114601 0.445779 -0.8881767 0.3406975 0.3975861 -0.8519687 0.299775 0.3457703 -0.8891444 0.2991059 0.3492931 -0.8879922 0.2704829 0.3789197 -0.8850192 0.395111 0.2283205 -0.8898074 0.3797271 0.1899985 -0.9053773 -0.6028658 0.0861122 -0.7931819 -0.607603 0.09411394 -0.7886452 -0.5688917 0.2297722 -0.7896625 -0.5359357 0.2679532 -0.8006086 -0.5341133 0.3156983 -0.7842562 -0.5227191 0.3089517 -0.7945525 -0.5909363 0.4082496 -0.6957921 -0.47486 0.5560887 -0.6821095 -0.4205905 0.6904233 -0.5885741 -0.4238938 0.7347313 -0.5296075 -0.2744757 0.8057246 -0.5248534 -0.2009489 0.8037236 -0.5600427 0.1523829 0.7515094 -0.6418825 0.2965289 0.6545711 -0.6954188 0.3456025 0.6319657 -0.6936702 0.3168878 0.5361254 -0.7824013 0.3109466 0.5347843 -0.7856959 0.1528111 0.6111418 -0.7766302 -0.1528082 0.6111119 -0.7766544 -0.4083448 0.476307 -0.7787081 -0.408333 0.4764918 -0.7786012 -0.4726091 0.551518 -0.6873635 -0.1457418 0.8653647 -0.4794825 0.1020189 0.9379905 -0.3313097 0.1000053 0.870318 -0.4822299 0.09526145 0.8730835 -0.4781743 0.1453373 0.8083252 -0.570515 0.1340371 0.7263574 -0.674121 -0.1484241 0.8812897 -0.4486634 -0.1032198 0.937385 -0.3326485 -0.06726181 0.9872848 -0.1440295 0.07569444 0.9891624 -0.1258094 0.05102348 0.9882364 -0.1441713 0.05539953 0.9498561 -0.3077408 -0.06467944 0.9493239 -0.3075724 0.05974924 0.06971377 -0.9957762 0.06618815 0.2646366 -0.9620742 0.1115026 0.4458037 -0.8881589 0.02238899 0.08966171 -0.9957206 -0.06610506 0.2645828 -0.9620947 -0.1114063 0.4459213 -0.888112 -0.08963745 0.0129553 -0.9958902 -0.2647578 0.03826057 -0.9635556 -0.2407749 0.1204757 -0.9630748 -0.1765348 0.2058055 -0.9625381 -0.06607061 0.2646203 -0.9620867 -0.02239221 0.08966183 -0.9957205 -0.4066062 0.203452 -0.890662 -0.08156055 0.04066807 -0.9958384 -0.2407782 0.1200661 -0.9631252 -0.2977631 0.3471305 -0.8892905 -0.05975729 0.06971681 -0.9957754 -0.1765072 0.205891 -0.9625248 -0.3958919 0.6499038 -0.648764 -0.1867626 0.7470266 -0.6380212 -0.1527907 0.611141 -0.7766349 -0.1867707 0.7470093 -0.6380391 0.06607073 0.264584 -0.9620968 0.1685181 0.6740747 -0.7191837 0.1527778 0.6111212 -0.776653 0.1765784 0.2059859 -0.9624915 0.1764165 0.2060143 -0.9625152 0.2410026 0.1201718 -0.9630558 0.3463792 -0.07140654 -0.935373 0.3411057 -0.07897984 -0.9367012 0.1080514 -0.09005349 -0.9900583 -0.1519616 -0.07430666 -0.9855893 -0.3837043 -0.08121854 -0.9198775 -0.5817968 -0.08423846 -0.80896 -0.5822758 -0.08357989 -0.8086838 0.3329463 -0.2560078 -0.9075279 0.3371678 -0.2514287 -0.9072495 0.1027891 -0.2509054 -0.9625388 -0.1469897 -0.2519876 -0.9565021 -0.3729563 -0.2591777 -0.8909155 -0.499176 -0.4718263 -0.726776 -0.5508354 -0.2627493 -0.7921762 -0.5620677 -0.2515563 -0.7879083 0.3212571 -0.400325 -0.8582155 0.2878791 -0.438463 -0.8513965 0.09740084 -0.4326903 -0.8962657 -0.1341212 -0.4311512 -0.8922557 -0.3473945 -0.4361312 -0.8301245 -0.5087915 -0.4368724 -0.7418044 -0.5106964 -0.439957 -0.7386657 0.2947877 -0.4998294 -0.8144144 0.2717179 -0.6058447 -0.7477444 0.2994112 -0.5066004 -0.8085227 0.2174395 -0.7507014 -0.623833 0.2204039 -0.7493599 -0.6244053 0.189415 -0.8329662 -0.5198935 0.1311991 -0.8702915 -0.4747416 0.05788391 -0.8641279 -0.4999325 -0.0690267 -0.8655532 -0.4960373 -0.1862208 -0.8699501 -0.4566275 -0.190733 -0.9239943 -0.3314449 -0.250125 -0.8718646 -0.4210578 -0.271925 -0.8683648 -0.4147283 -0.3628547 -0.7603563 -0.5386973 -0.401997 -0.6904222 -0.601428 -0.446447 -0.6049274 -0.6593542 -0.4449404 -0.6057091 -0.6596548 -0.2972451 -0.6008943 -0.742005 -0.3036167 -0.6076571 -0.7338731 -0.1210719 -0.6060557 -0.786154 0.061163 -0.7512271 -0.657204 0.04476898 -0.8679276 -0.494669 0.1325232 -0.8711913 -0.4727193 0.1395554 -0.895399 -0.4228297 0.8111186 -0.55728 0.1775555 0.1809486 -0.9725282 -0.1464459 -0.09260857 -0.975475 -0.1996803 0.05071437 -0.9970766 -0.05715382 0.02617758 -0.9966718 -0.07720124 0.01597684 -0.9967848 -0.07851618 -0.1695671 -0.9532419 -0.2501541 0.07752716 -0.9897669 -0.1197959 0.06924152 -0.9883898 -0.135245 0.08077543 -0.9848645 -0.1533537 0.03728246 -0.9834303 -0.1774119 -0.08137452 -0.982822 -0.1656482 -0.1486936 -0.9511221 -0.2706601 -0.1320127 -0.9482988 -0.288621 -0.1124959 -0.9474343 -0.2995212 -0.06003069 -0.9822241 -0.1778545 -0.3852218 -0.07901352 -0.9194353 -0.1493542 -0.07828146 -0.9856802 0 -0.0748043 -0.9971982 0.1172313 -0.07684731 -0.990127 0.04025989 -0.9889805 -0.1424667 0.1030403 -0.9468443 -0.3047434 0.1369313 -0.904204 -0.4045552 0.09926819 -0.9472343 -0.3047837 -0.1317141 -0.9002346 -0.4150049 0.01421278 -0.9882385 -0.1522588 0.0344941 -0.946468 -0.3209494 0.03558534 -0.9463335 -0.3212265 -0.0212562 -0.9867334 -0.1609513 -0.04713058 -0.9474261 -0.3164847 -0.04217261 -0.9467583 -0.319171 0.08544659 -0.6013632 -0.7943937 0.06891745 -0.7472984 -0.6609051 0.08396077 -0.602486 -0.7937011 -0.1173598 -0.6028266 -0.7891938 0.09478306 -0.4353029 -0.8952808 0.1044245 -0.248884 -0.9628875 0.2757099 -0.603311 -0.7483314 -0.06710231 -0.8648978 -0.4974426 -0.09126931 -0.7462363 -0.6593947 -0.09912037 -0.750911 -0.6529225 -0.135809 -0.4330571 -0.8910766 -0.1464798 -0.2513045 -0.9567601 -0.1151509 -0.9478569 -0.2971661 -0.1791131 -0.8671314 -0.46476 -0.2436529 -0.7492073 -0.615891 -0.2430905 -0.7487913 -0.6166187 -0.3454036 -0.4334748 -0.8323437 -0.3699128 -0.2546583 -0.8934841 -0.3543618 -0.7531223 -0.5542875 -0.2780988 -0.8730353 0.4005877 -0.1357359 -0.9726024 0.1887336 0.1774616 -0.9822123 -0.06137245 0.5317025 -0.7652928 -0.3627941 0.1219292 -0.8690016 -0.4795514 0.2026497 -0.7840186 -0.5867266 -0.2381113 -0.6718826 -0.7013393 -0.1813116 -0.6214572 -0.7621791 -0.5599068 -0.3226888 -0.7631359 -0.915995 -0.2654917 -0.3007782 -0.9123771 -0.35886 0.196946 -0.6842674 -0.5845934 0.435923 -0.6567675 -0.6190859 0.4305685 -0.7042676 -0.5930211 0.3902989 -0.6669973 -0.6509135 0.3625276 -0.7221868 -0.6883406 -0.06807059 -0.3891709 -0.8107127 -0.4373682 -0.7049291 -0.5579127 -0.4379596 -0.6973171 -0.5467055 -0.4635322 -0.03696525 -0.9420133 0.3335336 0.3096566 -0.9361667 0.1664475 0.318641 -0.9337214 0.1631947 0.6164363 -0.7868472 -0.02963274 0.5754952 -0.8177483 -0.009654283 0.4963724 -0.8071334 -0.3196094 -0.6067333 -0.3752523 -0.7007571 -0.8089126 0.02369785 -0.5874512 -0.9970055 -0.04638957 -0.06187379 -0.9073783 -0.2512946 0.336921 -0.6800046 -0.5712899 0.4595887 -0.6853731 -0.5668165 0.4571463 -0.8741383 -0.07435226 -0.4799522 -0.8642033 0.348008 -0.3633775 -0.9812738 0.1010491 0.1639844 -0.9815624 0.09394145 0.1664639 -0.9092407 -0.2477344 0.3345283 -0.8961361 0.3057404 -0.3216565 -0.9245039 0.3810257 -0.01058095 -0.9047189 0.4249955 -0.02937322 -0.6779718 -0.6477879 0.3474553 -0.6341233 -0.7061454 0.315034 -0.5755588 -0.773902 0.2642119 -0.4684997 -0.8577327 0.2116667 -0.3202658 -0.9151316 0.2448756 -0.4643354 -0.7708638 0.4360756 -0.5518772 -0.7341172 0.3956055 -0.5096894 -0.8576033 -0.06880038 -0.3756631 -0.8038802 -0.4611441 -0.5094488 -0.8576782 -0.06964266 -0.722209 -0.6881699 -0.06954461 -0.6019208 -0.7049976 0.3750598 -0.4035512 -0.7914648 0.4590535 -0.04242265 -0.9405856 0.3368961 0.1760286 -0.9825246 -0.06049287 -0.06784844 -0.9563722 -0.2841637 -0.29553 -0.9546634 0.03577733 -0.2972037 -0.9540636 0.03785234 -0.5076639 -0.7592054 0.4072893 -0.1441922 -0.9704074 0.193696 -0.05306375 -0.9527046 -0.2992294 -0.862848 -0.5038015 0.04095876 -0.8643283 -0.5016289 0.03612786 -0.9180052 -0.2766497 -0.2841328 -0.9970254 -0.04750919 -0.06069087 -0.9176497 -0.3503983 0.1874572 -0.8154758 0.5408594 0.2060842 -0.7655271 0.2589164 0.5890082 -0.608029 -0.1908207 0.7706415 -0.5500818 -0.3668669 0.7502125 -0.5758253 -0.5857317 0.5703891 -0.6811726 -0.3186633 0.659134 -0.6160275 -0.5767421 0.5365433 -0.8565802 -0.1993294 0.4759602 -0.8611985 -0.1800127 0.4753236 -0.909061 0.1773076 0.3770549 -0.9094216 0.1995766 0.3648582 -0.8388432 0.483313 0.2505009 -0.6387965 0.6262929 0.4468741 -0.4412904 0.4661334 0.7668002 -0.01243329 0.3677994 0.929822 0.120441 -0.1734738 0.9774461 -0.03366285 -0.6300646 0.7758128 -0.3575315 -0.742374 0.5666146 -0.4003756 -0.6923888 0.6002476 -0.3940954 -0.6916646 0.6052182 -0.439922 -0.6303815 0.6395998 -0.4553706 -0.506099 0.7324627 -0.5243633 -0.6053579 0.5988196 -0.3891856 -0.2687424 0.8810858 -0.6082674 -0.172661 0.7747251 -0.5287604 0.2218317 0.8192698 -0.3358911 0.6151043 0.7133189 -0.5378981 0.1798 0.8236126 -0.2235984 0.032184 0.9741498 -0.1998197 0.08225291 0.9763742 0.009107589 0.4045579 0.9144671 0.3887746 0.101225 0.9157553 0.2978839 -0.4868175 0.8211418 0.002280294 -0.783631 0.6212224 -0.3956784 -0.745927 0.5357533 -0.4116687 -0.733442 0.5409176 0.3635527 0.06640487 0.9292039 0.6732011 -0.1917268 0.7141717 0.4074619 -0.6952843 0.5920766 -0.002369523 -0.879399 0.4760797 -0.3891107 -0.7714704 0.5034148 -0.3908094 -0.7708156 0.5031018 0.5534224 -0.3255066 0.7666611 0.7999534 -0.4277942 0.4207932 0.4001109 -0.8411115 0.3639268 0.374768 -0.8465133 0.3781061 0.01877516 -0.879574 0.4753918 0.7554315 -0.4802834 0.445703 0.6605089 -0.7084221 0.2487291 0.7094268 -0.6740382 0.2058795 -0.7506012 -0.4041898 0.5227125 -0.6640801 -0.5530285 0.5031472 -0.7665702 0.2459526 0.5931927 -0.5963127 0.6833636 0.4212189 -0.4555087 -0.636304 0.6225987 -0.1988083 -0.4581651 0.8663488 -0.1766681 -0.4365672 0.8821551 -0.7630752 -0.1745306 0.6222985 -0.7653915 -0.1655209 0.6219153 -0.4001534 -0.2990496 0.8662832 0.08452934 -0.2149764 0.9729543 0.3303701 -0.4638113 0.8220308 -0.04869353 -0.6361479 0.770029 0.4255459 -0.6861608 0.589995 0.01019269 -0.7825616 0.6224897 -0.9606565 -0.2728194 -0.05204463 -0.8336583 -0.4937264 -0.2474838 -0.5316912 -0.7576072 -0.3785971 -0.1915791 -0.8776807 -0.4392881 -0.193943 -0.8771365 -0.4393379 -0.1985113 -0.6364165 -0.7453639 -0.1607368 -0.6438736 -0.7480579 -0.152623 -0.2411258 -0.9584177 -0.5400847 0.2050941 -0.8162384 -0.8302347 0.3633205 -0.4227396 -0.9390792 0.2871856 -0.1888248 -0.9920846 0.081833 -0.09524446 -0.9497397 0.1725829 -0.2611699 -0.9923507 0.02969384 -0.1198269 -0.8171149 -0.1404911 -0.5590937 -0.5434004 -0.5450884 -0.6384316 -0.5422794 -0.2047373 -0.8148716 -0.540063 -0.205349 -0.8161886 -0.8334664 -0.5470056 -0.07822173 -0.5439603 -0.8306612 -0.1187825 -0.5408515 -0.8327357 -0.118453 -0.1859102 -0.9727748 -0.1383718 -0.1884976 -0.9722283 -0.1387112 -0.1946054 -0.2355523 -0.9521785 -0.1946056 0.2355496 -0.9521791 -0.160839 0.6408855 -0.7505977 -0.5349553 0.7557731 -0.3776637 -0.8340294 0.5461891 -0.07792598 -0.9820349 0.1868072 -0.0266574 -0.9606634 0.2727953 -0.05204492 -0.9894023 0.1298077 -0.06506305 -0.827886 0.3652474 -0.4256752 -0.5423149 0.2049857 -0.8147855 -0.152623 0.2411258 -0.9584177 -0.1985971 0.6393617 -0.7428162 -0.193943 0.8771365 -0.4393379 -0.1884976 0.9722283 -0.1387112 -0.1859087 0.9727751 -0.1383718 -0.5408531 0.8327345 -0.1184534 -0.5439603 0.8306612 -0.1187825 -0.8334664 0.5470056 -0.07822173 -0.9824077 0.0345655 -0.1835226 -0.9824077 -0.0345655 -0.1835226 -0.9497366 -0.1726066 -0.2611654 -0.9390792 -0.2871856 -0.1888248 -0.9894023 -0.1298077 -0.06506305 -0.9920846 -0.081833 -0.09524446 -0.827919 -0.3655658 -0.4253373 -0.5272602 -0.5533127 -0.6448581 -0.8302884 -0.3629276 -0.4229715 -0.8286849 -0.1346033 -0.5432892 -0.9923507 -0.02969384 -0.1198269 -0.5316413 0.7574025 -0.3790764 -0.1915885 0.877678 -0.4392894 -0.9820349 -0.1868072 -0.0266574 -0.8340294 -0.5461891 -0.07792598 -0.5349911 -0.7555215 -0.3781163 -0.8307178 -0.4979758 -0.2488535 -0.8289018 0.136322 -0.5425295 -0.8173311 0.1385727 -0.5592562 -0.5270077 0.5518326 -0.646331 -0.5431876 0.5467391 -0.6371999 -0.8337199 0.4939376 -0.246854 -0.8307639 0.4976164 -0.2494179 -0.1523939 -0.2373359 0.9593998 -0.1607757 -0.6438745 0.7480487 -0.1984944 -0.6364136 0.7453708 -0.5349424 -0.7557805 0.3776674 -0.8340362 -0.5461799 0.07791835 -0.9820304 -0.1868315 0.026654 -0.9606645 -0.2727919 0.05204427 -0.9894023 -0.1298077 0.06506305 -0.827886 -0.3652474 0.4256752 -0.5423149 -0.2049857 0.8147855 -0.1946052 0.2355567 0.9521775 -0.1944363 -0.2393279 0.9512712 -0.193943 -0.8771365 0.4393379 -0.1915803 -0.8776805 0.439288 -0.5408549 -0.8327354 0.1184396 -0.5439426 -0.8306754 0.1187648 -0.8334807 -0.5469853 0.07821226 -0.1885096 -0.9722281 0.1386965 -0.185898 -0.9727801 0.1383509 -0.9390774 -0.2871895 0.1888275 -0.9920839 -0.08184337 0.0952444 -0.8288933 -0.136325 0.5425417 -0.5400626 0.2053523 0.8161881 -0.1607757 0.6438745 0.7480487 -0.152623 0.2411258 0.9584177 -0.9497358 -0.1725895 0.2611799 -0.9923525 -0.02967739 0.119816 -0.8168632 0.1405779 0.5594394 -0.5434004 0.5450884 0.6384316 -0.193943 0.8771365 0.4393379 -0.1984794 0.6364207 0.7453688 -0.9824353 -0.03453856 0.1833795 -0.9824353 0.03453856 0.1833795 -0.9497314 0.1726154 0.2611786 -0.9390792 0.2871856 0.1888248 -0.9606576 0.2728161 0.05204403 -0.9820304 0.1868315 0.026654 -0.8340404 0.5461735 0.07791823 -0.8334788 0.546988 0.07821261 -0.5439426 0.8306754 0.1187648 -0.185898 0.9727801 0.1383509 -0.1885096 0.9722281 0.1386965 -0.1915885 0.877678 0.4392894 -0.5349959 0.7555181 0.3781163 -0.8307287 0.4979581 0.2488527 -0.9894023 0.1298077 0.06506305 -0.8336601 0.493723 0.2474843 -0.9920846 0.081833 0.09524446 -0.8279259 0.3655592 0.4253295 -0.5272684 0.5533093 0.6448542 -0.8302884 0.3629276 0.4229715 -0.8286798 0.1345805 0.543303 -0.9923525 0.02967739 0.119816 -0.5270077 -0.5518326 0.646331 -0.5432086 -0.5467302 0.6371895 -0.8302437 -0.3633117 0.4227294 -0.817093 -0.1386222 0.5595918 -0.5401226 -0.2050881 0.8162147 -0.8337254 -0.4939301 0.2468502 -0.8307639 -0.4976164 0.2494179 -0.5316413 -0.7574025 0.3790764 -0.5423172 0.2047314 0.814848 -0.5408586 0.832733 0.1184398 -0.5316826 0.7576116 0.3786007 -0.09084659 0.545284 0.8333141 0.02197378 0.5488656 0.8356218 0.112285 0.5515304 0.826563 0.03456515 0.544807 0.8378489 0.1078473 0.5560454 0.8241254 0.1062932 0.5557039 0.8245576 0.1411085 0.5658606 0.8123363 0.1856124 0.5833058 0.7907606 0.2136253 0.5631843 0.7982404 0.2920157 0.5181186 0.8039155 0.3870782 0.4961764 0.7771611 0.428408 0.4873492 0.7608925 0.5468106 0.435947 0.7148065 0.6485348 0.3993049 0.6480418 0.687123 0.3792259 0.6197175 0.7596321 0.3440187 0.5519152 0.7659978 0.3352229 0.548519 0.8504779 0.2633911 0.4553159 0.9038335 0.2128652 0.3711785 0.9337457 0.1734845 0.3130849 0.9496247 0.1585435 0.2703276 0.9688863 0.1046544 0.2242922 0.9908897 0.05672198 0.1221482 0.9941418 0.03289037 0.1029584 0.8731642 0.2566434 0.4143896 0.6134574 0.4294043 0.6627836 0.4486798 0.4900848 0.7473307 0.06031775 -0.5412257 0.8387114 0.1856057 -0.5810226 0.7924414 0.3319904 -0.5096191 0.79377 0.2193413 -0.5529867 0.8038005 0.4140861 -0.4888111 0.7678518 0.4486666 -0.4911687 0.7466268 0.6134235 -0.4318031 0.6612547 0.7069075 -0.3681195 0.6039619 0.6635996 -0.3916988 0.6373443 0.7502589 -0.3514836 0.5599741 0.7595444 -0.350061 0.548224 0.8731953 -0.2538498 0.4160414 0.8995196 -0.2179413 0.3786374 0.9029794 -0.2135294 0.3728717 0.9451178 -0.1559481 0.2871105 0.949616 -0.1537364 0.2731203 0.9907422 -0.04852449 0.1267884 0.9884198 -0.05084735 0.1429719 0.8408646 -0.2610858 0.4741107 0.539649 -0.4342371 0.7212608 0.1771558 -0.1505483 0.9726001 0.1191167 -0.4431369 0.8885048 0.128982 -0.6560676 0.7435987 0.1480445 -0.4784862 0.8655251 0.5070462 -0.07935756 0.8582579 0.5503845 -0.1642045 0.8186049 0.1752985 -0.1490392 0.9731689 0.4908906 -0.2441815 0.8363025 0.4742724 -0.3522248 0.8068478 0.4638998 -0.4375154 0.7703099 0.4762315 -0.4595425 0.7496827 0.3830978 -0.5853606 0.7145552 0.3615369 -0.6671191 0.6513395 0.3210125 -0.7488189 0.5798459 0.2378686 -0.8428591 0.482708 0.2102681 -0.8927024 0.3985847 0.1975272 -0.8997558 0.3891306 0.09257006 -0.9567919 0.2756447 0.06276971 -0.8878378 0.4558552 0.07884973 -0.8747442 0.478127 0.1019008 -0.7644789 0.6365441 0.08111262 -0.7169855 0.6923528 0.3526036 -0.7282086 0.587693 0.1677392 -0.3235772 0.931215 0.5066342 0.07933592 0.8585032 0.5499681 0.1642082 0.818884 0.4739235 0.3521878 0.8070691 0.4905299 0.244148 0.836524 0.1754571 0.1490569 0.9731376 0.1772947 0.1505417 0.9725759 0.1680469 0.3210798 0.9320237 0.1162036 0.4475642 0.8866696 0.1428486 0.4800241 0.8655467 0.1249618 0.6534996 0.7465406 0.1014032 0.7674043 0.633094 0.07885038 0.8747438 0.4781275 0.06279748 0.887816 0.4558941 0.2103165 0.8926256 0.3987311 0.237868 0.842859 0.4827085 0.3210125 0.7488194 0.5798454 0.3561839 0.7257814 0.5885359 0.07797539 0.7135589 0.6962425 0.09253907 0.9567872 0.2756717 0.1974608 0.8997489 0.3891803 0.3650163 0.6676406 0.64886 0.3869801 0.5859594 0.7119677 0.4635644 0.4374751 0.7705348 0.4780047 0.4633333 0.746213 -0.9832695 0.07949477 0.1638962 -0.9811765 0.08905994 0.1713507 -0.950026 0.2603288 0.1722778 -0.876927 0.441425 0.190113 -0.7752676 0.6122162 0.155408 -0.8546735 0.4922878 0.1648819 -0.9170864 0.06900918 0.3926706 -0.9132493 0.08021885 0.3994255 -0.763949 0.2465398 0.5963221 -0.5701237 0.4205448 0.7057628 -0.5575073 0.432319 0.7087214 -0.4937787 0.5888578 0.6398667 -0.5000801 0.598616 0.6257627 -0.6223677 0.6026195 0.4995079 -0.7206233 0.6059969 0.3368528 -0.6350062 0.7600848 0.1379794 -0.7744083 0.6130155 0.1565373 -0.7909752 0.07284235 0.6074968 -0.7886838 0.07781732 0.6098544 -0.606217 0.2410891 0.7578767 -0.5826295 0.3434392 0.7366088 -0.6222314 0.06799829 0.7798746 -0.6228461 0.06946241 0.7792546 -0.6010967 0.2310491 0.7650485 -0.4461486 0.6927229 0.566645 -0.4166229 0.7465146 0.5187883 -0.308027 0.8588533 0.409256 -0.2532216 0.9072594 0.3357968 -0.2040563 0.9419052 0.2667879 -0.2418807 0.9478196 0.2076823 -0.1095336 0.9746221 0.1952286 -0.163471 0.9843633 0.06562268 -0.1640179 0.9863995 -0.01069134 0.2596283 0.7573438 0.5991859 -0.1080428 0.9906153 0.08371382 -0.1155601 0.9916061 0.05799293 -0.2891285 0.9530103 0.09042316 -0.2702538 0.9507178 0.1519829 -0.2339839 0.9479578 0.215934 -0.2359817 0.9488562 0.2097252 -0.1115767 0.9867588 0.1177189 -0.2914255 0.9527369 0.08581304 -0.4690564 0.8756263 0.1151736 -0.4373792 0.8716797 0.2210751 -0.3765987 0.867891 0.3239425 -0.3221394 0.8670256 0.3801224 -0.469819 0.8753659 0.1140379 -0.6341516 0.7605955 0.1390911 -0.5911045 0.7543864 0.2854765 -0.5105304 0.7509937 0.4187687 -0.4191831 0.7493184 0.5126475 -0.898672 0.4049388 0.168563 -0.9501169 0.2601213 0.1720896 -0.8840296 0.2533265 0.3928323 -0.8839464 0.2522947 0.3936828 -0.8210685 0.4323855 0.3726786 -0.7203657 0.6075121 0.3346676 -0.8210504 0.4327855 0.3722538 -0.5908909 0.7552177 0.283715 -0.437458 0.8713374 0.2222647 -0.2700772 0.9503675 0.1544668 -0.7100706 0.4252928 0.5611825 -0.7098901 0.4244456 0.5620517 -0.6222062 0.6017726 0.5007288 -0.5099464 0.7487885 0.4234035 -0.3765676 0.8678582 0.3240667 -0.7638235 0.2461007 0.5966641 -0.1073112 -0.9818279 0.1565202 -0.1971945 -0.9663618 0.1651039 -0.2870559 -0.942926 0.1687881 -0.464265 -0.8689043 0.1716494 -0.6297058 -0.7576998 0.1713531 -0.768607 -0.6152548 0.1752282 -0.8773406 -0.4477218 0.1726812 -0.9474447 -0.269793 0.1719311 -0.9815199 -0.08960509 0.1690842 -0.9829075 -0.0834577 0.1640969 -0.1814541 -0.9450491 0.2719497 -0.2745553 -0.9196015 0.280985 -0.3192415 -0.8649061 0.3873273 -0.3635333 -0.7922441 0.4900947 -0.4010803 -0.7414984 0.5378798 -0.4790602 -0.6556981 0.5835764 -0.5192416 -0.6251146 0.5827692 -0.5336652 -0.5907789 0.6051295 -0.5103482 -0.5816594 0.633417 -0.4464425 -0.5190595 0.7288802 -0.5278643 -0.4082143 0.7447955 -0.5500051 -0.3579683 0.7545549 -0.5847187 -0.2987841 0.7542097 -0.5797888 -0.260788 0.7719033 -0.6123477 -0.1735101 0.7713134 -0.7932419 -0.07291537 0.6045252 -0.7934633 -0.07242578 0.6042936 -0.9160795 -0.08361649 0.3921821 -0.9160817 -0.08363407 0.3921729 -0.8849081 -0.2519807 0.3917186 -0.8193069 -0.4181039 0.3923332 -0.7182855 -0.5749803 0.3917444 -0.588022 -0.7075453 0.391931 -0.4335626 -0.8114387 0.3919065 -0.3951976 -0.8302453 0.3930797 -0.608687 -0.1524176 0.7786328 -0.6248807 -0.05743938 0.7786045 -0.6221336 -0.0481947 0.7814263 -0.9488595 -0.2666383 0.1690258 -0.879038 -0.4453817 0.1700809 -0.7706909 -0.6133592 0.172702 -0.6300159 -0.7575163 0.1710236 -0.4644674 -0.8688325 0.171465 -0.3805947 -0.9090642 0.1695585 -0.2823346 -0.945118 0.1644361 -0.6226875 -0.4976468 0.603828 -0.7185766 -0.5742774 0.3922413 -0.5878852 -0.7077481 0.3917701 -0.7097159 -0.3632507 0.6036161 -0.7097726 -0.3626888 0.6038873 -0.7666086 -0.2178969 0.6040135 -0.7665609 -0.2172111 0.604321 -0.8849125 -0.251519 0.3920053 -0.8190852 -0.4192346 0.3915888 -0.6225072 -0.498224 0.6035376 -0.5333064 -0.4268323 0.7303413 -0.4084436 -0.7641927 0.4991827 -0.4336692 -0.8113329 0.3920079 -0.279687 -0.9187262 0.2787786 -0.7391182 -0.137617 0.6593679 -0.5573875 -0.2802201 0.7815343 -0.3583245 -0.280445 0.8904798 -0.1774814 -0.2084797 0.9617882 -0.750203 -0.1497132 0.6440353 -0.687108 -0.3255873 0.6495195 -0.669725 -0.3701183 0.643802 -0.7274255 -0.4530622 0.5153511 -0.6716066 -0.5269688 0.5208153 -0.5497373 -0.6491357 0.5257487 -0.5524345 -0.6481506 0.5241346 -0.4995279 -0.7197607 0.482096 -0.4253365 -0.7661424 0.4817828 -0.4119501 -0.7801522 0.4708076 -0.2110708 -0.9210637 0.3272475 -0.2013392 -0.8615559 0.4660299 -0.1966974 -0.8593668 0.4720159 -0.1726766 -0.7544138 0.6332793 -0.374346 -0.673133 0.6377751 -0.4997521 -0.586162 0.6377006 -0.6062377 -0.4747267 0.638052 -0.6522591 -0.406231 0.6399487 -0.4372724 -0.8331799 0.3385325 -0.2913018 -0.8925693 0.3441851 -0.1887727 -0.921308 0.3399363 -0.1516103 -0.9815061 0.1168771 -0.1475553 -0.9444347 0.2937185 -0.1727303 -0.7544417 0.6332314 -0.1403225 -0.6128985 0.7776021 -0.1027585 -0.4477628 0.8882282 -0.06180703 -0.2697077 0.9609566 -0.1329072 -0.2391304 0.9618484 -0.1777471 -0.2080713 0.9618276 -0.2955116 -0.3459354 0.8905065 -0.3583464 -0.2803863 0.8904894 -0.491419 -0.3845076 0.7814482 -0.4913615 -0.384769 0.7813557 -0.4044774 -0.4752977 0.7813387 -0.4047347 -0.4747134 0.7815607 -0.3031845 -0.5451589 0.7815889 -0.1026394 -0.4479055 0.8881699 -0.2212092 -0.3977471 0.8904291 -0.2209692 -0.3980312 0.8903617 -0.1328223 -0.2392284 0.9618358 -0.06138598 -0.2696043 0.9610126 -0.02002173 -0.08794403 0.9959242 -0.0432465 -0.07785689 0.9960262 -0.2721492 -0.05039525 0.9609346 -0.4516638 -0.08363503 0.8882597 -0.4519459 -0.08419978 0.8880628 -0.4064862 -0.2043554 0.8905099 -0.4063815 -0.2054839 0.890298 -0.2441174 -0.1234319 0.9618583 -0.2160014 -0.1678693 0.9618542 -0.2156126 -0.1687541 0.9617866 -0.6179301 -0.1151205 0.7777595 -0.6178793 -0.1150447 0.777811 -0.05774706 -0.06782859 0.9960244 -0.07034701 -0.05467665 0.996023 -0.07941085 -0.04036766 0.9960244 -0.2720756 -0.05048143 0.9609509 -0.2439923 -0.1240286 0.9618132 -0.08862227 -0.01644319 0.9959297 -0.6060835 -0.4754338 0.6376718 -0.6710349 -0.5264374 0.5220881 -0.6760174 -0.3400282 0.6537441 -0.5573831 -0.2803592 0.7814876 -0.4997022 -0.5862737 0.6376369 -0.2950888 -0.3467527 0.8903287 -0.4260485 -0.7658121 0.481679 -0.3744207 -0.6730269 0.6378432 -0.1405757 -0.6125466 0.7778337 -0.3031806 -0.5451591 0.7815901 -0.2067304 -0.9020696 0.3788579 -0.7109378 0.08040106 0.6986438 -0.7047982 0.09107446 0.7035374 -0.6832789 0.2573619 0.683297 -0.6379424 0.4336043 0.6364094 -0.5672796 0.6044192 0.5593491 -0.6394659 0.4380709 0.6318048 -0.4797062 0.085841 0.87322 -0.4814977 0.08199208 0.8726037 -0.1657724 0.2451086 0.9552179 -0.1560642 0.4000394 0.9031127 -0.155689 0.4360234 0.8863659 -0.1616647 0.4284742 0.8889739 -0.1427264 0.5966897 0.7896776 -0.1312644 0.6831452 0.7183887 -0.1286196 0.7469494 0.6523217 -0.09633904 0.8633708 0.4952874 -0.09634208 0.8633787 0.4952731 -0.07512027 0.9168366 0.3921323 -0.07550239 0.9464023 0.3140419 -0.1487545 0.9461166 0.2876377 -0.168822 0.9694761 0.1778074 -0.1980714 0.9481318 0.2486242 -0.2328118 0.94301 0.237762 -0.2911211 0.910283 0.2943354 -0.3622577 0.8614063 0.3560178 -0.4639649 0.7524282 0.4675344 -0.5628417 0.607377 0.5606268 -0.3783809 0.6012892 0.7037608 -0.3774031 0.5990222 0.7062149 -0.4290465 0.4252837 0.7969022 -0.4330429 0.4360096 0.788904 -0.4679068 0.2510249 0.8473782 -0.4664947 0.2472302 0.8492702 -0.1644303 0.06676852 0.9841264 -0.1703566 0.07894903 0.9822148 -0.1650989 0.2439657 0.9556272 -0.08544474 0.9451105 0.3153814 -0.04720515 0.9819029 0.1834082 -0.1141523 0.9874697 0.1089633 -0.1301122 0.9895821 0.06163001 -0.1462739 0.9885503 0.03704649 -0.642671 0.4208783 0.6401839 -0.6855175 0.2545862 0.6820936 -0.4652425 0.7518295 0.467228 -0.3119487 0.7461415 0.5881844 -0.2335293 0.8633114 0.4473899 -0.2348085 0.8644141 0.4445824 -0.147803 0.945824 0.2890868 -0.3392596 0.8683663 0.3617225 -0.1031148 0.9876455 0.118 -0.1277461 0.747478 0.6518878 -0.3124482 0.7469562 0.5868838 -0.1446037 0.5986845 0.787824 -0.08322554 0.98171 0.1712282 -0.1516079 0.9815085 -0.1168596 -0.1475523 0.944424 -0.2937543 -0.2110838 0.9210546 -0.3272646 -0.1966962 0.859367 -0.472016 -0.172729 0.7544421 -0.6332314 -0.1403238 0.6128978 -0.7776025 -0.1405757 0.6125466 -0.7778337 -0.1027585 0.447763 -0.8882281 -0.1026436 0.4479053 -0.8881695 -0.2209787 0.3980299 -0.8903599 -0.2955166 0.3459353 -0.8905048 -0.3583245 0.280445 -0.8904798 -0.406386 0.2054836 -0.890296 -0.4516685 0.08363485 -0.8882572 -0.4519473 0.08419966 -0.8880621 -0.6179278 0.1151208 -0.7777613 -0.6178828 0.1150443 -0.7778083 -0.5573813 0.2803596 -0.7814887 -0.4913589 0.3847691 -0.7813573 -0.4047326 0.4747139 -0.7815615 -0.3031786 0.5451601 -0.7815904 -0.3031871 0.5451576 -0.7815887 -0.2212013 0.3977484 -0.8904303 -0.06180703 0.2697077 -0.9609566 -0.1328939 0.2391308 -0.9618501 -0.1774705 0.2084793 -0.9617904 -0.2159963 0.1678695 -0.9618552 -0.2439973 0.1240284 -0.9618119 -0.08861607 0.01644319 -0.9959301 -0.2720704 0.05048155 -0.9609524 -0.2721438 0.05039536 -0.9609361 -0.7391142 0.1376179 -0.659372 -0.7501571 0.1496649 -0.6441 -0.6799764 0.3474991 -0.6456598 -0.7274255 0.4530622 -0.5153511 -0.7319258 0.4466757 -0.5145537 -0.616412 0.4835282 -0.6214795 -0.6583224 0.5421445 -0.5221983 -0.5498309 0.6490558 -0.5257496 -0.4994077 0.7198433 -0.4820971 -0.4253391 0.7661429 -0.4817798 -0.4260467 0.7658128 -0.4816795 -0.4119473 0.7801534 -0.4708081 -0.4302881 0.8183708 -0.3809484 -0.3650602 0.8657178 -0.3424381 -0.2373138 0.9084388 -0.3441239 -0.208266 0.9087615 -0.3616324 -0.06138747 0.2696043 -0.9610126 -0.02003419 0.08794403 -0.9959239 -0.05774706 0.06782859 -0.9960244 -0.04326945 0.07785683 -0.9960252 -0.1328119 0.2392287 -0.9618372 -0.3744244 0.6730258 -0.6378421 -0.3743431 0.6731325 -0.6377773 -0.4996992 0.5862739 -0.6376392 -0.4997521 0.586162 -0.6377006 -0.6060802 0.4754354 -0.637674 -0.6062377 0.4747267 -0.638052 -0.6522591 0.406231 -0.6399487 -0.2013397 0.8615558 -0.4660301 -0.1726789 0.7544135 -0.633279 -0.6797146 0.3418815 -0.6489261 -0.4064862 0.2043554 -0.8905099 -0.5573866 0.2802214 -0.7815345 -0.3583434 0.2803867 -0.8904905 -0.491419 0.3845076 -0.7814482 -0.2441174 0.1234319 -0.9618583 -0.07941085 0.04036766 -0.9960244 -0.2950893 0.3467532 -0.8903284 -0.4044774 0.4752977 -0.7813387 -0.2156227 0.1687537 -0.9617843 -0.07033574 0.05467665 -0.9960238 -0.1777467 0.2080708 -0.9618278 -0.5524088 0.6481071 -0.5242152 -0.7109436 -0.08030015 -0.6986495 -0.7047442 -0.09107375 -0.7035917 -0.6833458 -0.2572782 -0.6832616 -0.6257249 -0.4340469 -0.6481294 -0.5673085 -0.6043657 -0.5593777 -0.6154065 -0.5020766 -0.6076134 -0.4797062 -0.085841 -0.87322 -0.4814998 -0.08199197 -0.8726027 -0.1657775 -0.2449917 -0.9552471 -0.155985 -0.4010614 -0.902673 -0.1556162 -0.4361156 -0.8863334 -0.1617558 -0.4283571 -0.8890138 -0.1427998 -0.5966815 -0.7896705 -0.1311547 -0.6837716 -0.7178127 -0.1285177 -0.7469617 -0.6523277 -0.0962609 -0.8633784 -0.4952896 -0.09632831 -0.8634086 -0.4952238 -0.07522112 -0.9166162 -0.3926278 -0.0755878 -0.9463907 -0.3140562 -0.1487545 -0.9461166 -0.2876377 -0.1688582 -0.9694794 -0.1777548 -0.1981359 -0.9481322 -0.248571 -0.2469389 -0.9405546 -0.2331916 -0.3282905 -0.8788657 -0.3461508 -0.3947379 -0.8314194 -0.3910548 -0.4639649 -0.7524282 -0.4675344 -0.5628728 -0.6073235 -0.5606536 -0.3784074 -0.6012214 -0.7038044 -0.3774246 -0.5989555 -0.7062599 -0.4290246 -0.4253727 -0.7968663 -0.4330213 -0.4360949 -0.7888687 -0.4679215 -0.2509225 -0.8474005 -0.4665078 -0.2471247 -0.8492939 -0.164433 -0.06676852 -0.9841259 -0.1703554 -0.07894903 -0.9822149 -0.1651063 -0.2438482 -0.9556558 -0.08515977 -0.9451505 -0.3153385 -0.04704445 -0.9819102 -0.1834096 -0.1141265 -0.9874724 -0.1089648 -0.1301109 -0.9895822 -0.06163001 -0.146282 -0.988549 -0.03704643 -0.6461649 -0.4099072 -0.6437755 -0.6854526 -0.2546674 -0.6821285 -0.4651622 -0.7518668 -0.467248 -0.311978 -0.7461971 -0.5880984 -0.2335574 -0.8633362 -0.4473273 -0.2347693 -0.86438 -0.4446693 -0.1477703 -0.9458146 -0.2891345 -0.3256308 -0.8687123 -0.3732341 -0.1031348 -0.9876482 -0.1179588 -0.1276704 -0.7474727 -0.6519086 -0.3124482 -0.7469562 -0.5868838 -0.1446173 -0.5986096 -0.7878785 -0.08320075 -0.9817199 -0.1711831 -0.7262965 0.6746923 0.1314678 -0.8069074 0.4678263 0.3606097 -0.4309135 0.5750936 0.6953999 0.06497824 0.4952471 0.8663188 0.4950342 0.2069041 0.8438791 0.774576 -0.094702 0.6253507 0.4606881 0.1798663 0.869146 0.6566746 -0.2917776 0.6954454 0.8846387 -0.3241905 0.3351342 0.6345087 -0.6832561 0.3613306 0.8190876 -0.558394 0.1314982 0.09950757 0.5234436 0.84623 -0.2659009 0.7333577 0.6256863 -0.513407 0.7903054 0.3344112 0.7279199 -0.6729725 -0.1313039 0.4795251 -0.8749995 -0.06657058 0.2261787 -0.829635 -0.51044 -0.129525 -0.5758005 -0.8072652 -0.5075508 -0.2231305 -0.8322289 -0.7285268 0.1536936 -0.667553 -0.5264798 -0.2634627 -0.8083357 -0.8595191 0.03536909 -0.5098784 -0.7866637 0.4488729 -0.423879 -0.9603021 0.2709698 -0.06629782 -0.8176389 0.5605111 -0.1315067 -0.1123964 -0.5394207 -0.8345013 0.3119345 -0.6762032 -0.6674175 0.6137742 -0.6660656 -0.4238371 0 0.2594617 -0.9657535 -0.09840732 0.2389752 -0.9660264 0.05385547 0.651412 -0.7568105 -0.2173987 0.688445 -0.6919403 -0.3073698 0.919345 -0.2456192 0 0.9899771 0.1412285 0 0.9899749 -0.1412438 -0.3073988 0.9193412 0.2455969 0.1414055 0.8851298 0.4433393 -0.2173876 0.6884468 0.691942 -0.09218585 0.2583568 0.9616411 0 0.2401385 0.9707387 0.05385547 0.651412 0.7568105 0.1414055 0.8851298 -0.4433393 0 -0.2594617 0.9657535 -0.09839469 -0.2389755 0.9660276 0.05385547 -0.651412 0.7568105 -0.2173876 -0.6884468 0.691942 -0.3073988 -0.9193412 0.2455969 0 -0.9899749 -0.1412438 0 -0.9899771 0.1412285 -0.3073698 -0.919345 -0.2456192 0.1414055 -0.8851298 -0.4433393 -0.2173987 -0.688445 -0.6919403 -0.09218585 -0.2583568 -0.9616411 0 -0.2401385 -0.9707387 0.05385547 -0.651412 -0.7568105 0.1414055 -0.8851298 0.4433393 -0.9796179 -0.07055103 0.1880725 -0.9776402 -0.1861435 0.09782767 -0.9291706 -0.3136155 0.1956716 -0.9559296 -0.2280608 0.1848969 -0.8969468 -0.1088913 0.4285197 -0.9146112 -0.1636185 0.3697506 -0.8051046 -0.4027527 0.4354272 -0.5934863 -0.584742 0.553038 -0.6674195 -0.6284785 0.3994573 -0.602162 -0.6463193 0.4686923 -0.5112946 -0.7838024 0.3524652 -0.4652387 -0.8240876 0.3231603 -0.5030498 -0.8457816 0.1777486 -0.4967027 -0.8487024 0.1816335 -0.5684393 -0.7895884 0.2311431 -0.6920096 -0.7126063 0.1153911 -0.7033408 -0.6912189 0.1659163 -0.7628541 -0.6130042 0.2056201 -0.8116143 -0.5382267 0.227144 -0.8810443 -0.4657265 0.08282446 -0.8066859 -0.4088187 0.4267613 -0.7547013 -0.06933486 0.6523945 -0.7546488 -0.06900364 0.6524904 -0.7309415 -0.2424073 0.6379367 -0.6550388 -0.3773812 0.654605 -0.7262214 -0.3570755 0.5874519 -0.2775968 -0.957792 0.0746628 -0.4080969 -0.8865609 0.2178689 -0.8982341 -0.3919829 0.198809 -0.979378 0.07044661 0.1893568 -0.9776622 0.1860988 0.09769368 -0.91403 0.1598446 0.3728254 -0.7569946 0.06844413 0.6498267 -0.7564116 0.06488054 0.6508702 -0.9559355 0.2280695 0.1848558 -0.9291836 0.3136155 0.1956099 -0.8982467 0.3919928 0.1987323 -0.8810494 0.4657332 0.08273208 -0.8116319 0.5382435 0.2270409 -0.7628697 0.6130268 0.2054949 -0.7033582 0.6912339 0.16578 -0.6920458 0.7125774 0.1153517 -0.5684387 0.7895888 0.2311432 -0.4952132 0.8497876 0.1806243 -0.4693501 0.8300496 0.3012111 -0.6028566 0.646852 0.4670616 -0.667418 0.6292525 0.3982393 -0.5927006 0.584928 0.5536835 -0.7242552 0.3606552 0.5876923 -0.8048483 0.4076037 0.4313682 -0.8043524 0.4057821 0.4340025 -0.5032426 0.846114 0.1756077 -0.4082302 0.8867793 0.2167273 -0.2775831 0.9577786 0.07488626 -0.656381 0.3803591 0.6515297 -0.7329711 0.2442526 0.6348969 -0.898734 0.1124401 0.4238331 0.9985266 0.01063001 0.05321371 0.9947853 0.09068262 0.04668068 0.9673253 0.2448722 0.0657227 0.9935134 0.1000766 0.05399906 0.9605157 0.2740904 0.0477944 0.9380314 0.3400806 0.06665104 0.9099187 0.4090666 0.06864964 0.8885169 0.4565227 0.0460959 0.7782521 0.6255905 0.05440914 0.6598789 0.7477651 0.0735355 0.7622407 0.6433468 0.07137292 0.6351282 0.7707125 0.05113089 0.544623 0.8347715 0.08088564 0.4682049 0.8824277 0.04588866 0.3685038 0.927313 0.06554156 0.4307531 0.8999547 0.06733047 0.3012862 0.9517715 0.05794453 0.2016624 0.9793141 -0.01662319 0.0546562 0.9972789 0.04947257 0.157931 0.9871121 0.0258404 0.02055031 0.998508 0.05059242 0.0307042 0.998238 0.05077546 0.8493785 0.5212613 0.08272206 0.07805591 -0.9955207 0.05334717 0.2015238 -0.9793958 -0.01311671 0.3406332 -0.9379702 0.06466096 0.2263853 -0.9738779 0.01765543 0.4234867 -0.9034113 0.06713533 0.4682412 -0.8824548 0.04498648 0.6352633 -0.7708185 0.04774564 0.7527663 -0.6543292 0.07208621 0.6750642 -0.7342274 0.07210189 0.7784458 -0.6257421 0.04968988 0.830302 -0.5513032 0.08163076 0.8883411 -0.4563193 0.05121237 0.917845 -0.3910439 0.06815803 0.8887724 -0.4554056 0.05185848 0.9442071 -0.3226521 0.06609708 0.9606802 -0.2743614 0.0426563 0.9906182 -0.1178889 0.06912237 0.9680077 -0.2446738 0.05564129 0.994755 -0.09064936 0.04738342 0.9985927 -0.003995001 0.05288499 0.5570082 -0.8252308 0.09346765 1.49115e-7 0 1 -0.995095 -0.07999962 0.05819028 -0.9951162 -0.07993221 0.05791914 -0.9690337 -0.2392132 0.06124353 -0.9453052 -0.3189807 0.06818705 -0.9129101 -0.4080627 0.008959352 -0.829225 -0.5546392 0.06900286 -0.7771515 -0.624511 0.07759886 -0.7111519 -0.7020941 -0.03642588 -0.5832701 -0.8101816 0.05832701 -0.5095545 -0.8566554 0.08059757 -0.4231365 -0.9057434 -0.02417844 -0.2789846 -0.9592472 0.04486072 -0.2414773 -0.9561561 0.1656935 -0.3566924 -0.9308186 0.07966953 -0.437978 -0.8974059 0.05327218 -0.561684 -0.8144233 0.145691 -0.6749271 -0.73268 0.087484 -0.7416579 -0.6672282 0.06892091 -0.819352 -0.5611228 0.1174882 -0.9012846 -0.4253596 0.08219176 -0.9363995 -0.3443876 0.06747859 -0.9663382 -0.243843 0.08204352 -0.995095 0.07999962 0.05819028 -0.9951162 0.0799337 0.05791914 -0.9663386 0.2438413 0.08204358 -0.9363979 0.3443917 0.06747847 -0.9012837 0.4253613 0.0821917 -0.8193531 0.5611212 0.1174883 -0.7416567 0.6672299 0.06891816 -0.6749286 0.7326787 0.08748418 -0.5616999 0.8144127 0.1456887 -0.4379747 0.8974077 0.05327129 -0.3566927 0.9308194 0.07965958 -0.2414773 0.9561561 0.1656935 -0.2789846 0.9592468 0.04486989 -0.4231472 0.9057384 -0.02417826 -0.5095549 0.8566563 0.08058422 -0.5832663 0.8101845 0.05832129 -0.711152 0.7020944 -0.03642046 -0.7771515 0.624511 0.07759886 -0.8292269 0.5546364 0.06900227 -0.9129111 0.4080602 0.008961617 -0.9453054 0.3189808 0.06818336 -0.969034 0.2392122 0.06124299 0.9209988 0.01557338 0.3892539 0.9220942 0 0.3869656 0.9211593 -0.01530957 0.3888844 0.9222157 -3.3033e-4 0.3866758 0.9073002 -3.24166e-4 0.4204834 0.9076692 0 0.4196864 0.9008518 0 0.4341268 0.8990532 9.42049e-4 0.4378385 0.9046942 9.49713e-4 0.4260605 0.9331591 0 0.3594638 0.9331604 0 0.3594603 0.9337104 0 0.3580293 0.9209992 0.01557326 0.3892531 0.922094 0 0.3869662 0.9211594 -0.01530998 0.3888845 0.9222156 -3.30327e-4 0.386676 0.9073008 -3.24161e-4 0.4204822 0.9076693 0 0.4196861 0.9046941 9.49713e-4 0.4260609 0.9331601 0 0.3594613 0 -1 3.89454e-6 0 -1 -1.6183e-7 3.37934e-6 1 -3.16448e-6 0 1 5.19275e-6 0.5047101 0.2211189 0.8344905 0.3068573 0.4153991 0.8563191 0.2179114 0.4666042 0.8572019 0.07520049 0.5206092 0.8504769 -0.178528 0.4947492 0.8505005 -0.3904481 0.352416 0.8505018 -0.5102946 0.1275859 0.850483 -0.5102959 -0.1275863 0.8504822 -0.3904526 -0.3524066 0.8505037 0.2178926 -0.4666068 0.8572053 0.3068903 -0.4153506 0.8563307 0.5047048 -0.2211124 0.8344953 -0.1785125 -0.4947516 0.8505023 0.07518011 -0.520609 0.8504789 0.5047046 0.2211197 0.8344935 0.306914 0.4153514 0.8563219 0.2178589 0.4666203 0.8572065 0.07518011 0.520609 0.8504789 -0.1785138 0.4947514 0.8505021 -0.3904523 0.3524063 0.8505039 -0.5102959 0.1275863 0.8504822 -0.5102946 -0.1275859 0.850483 -0.3904481 -0.352416 0.8505018 0.2179116 -0.4666047 0.8572016 0.3068596 -0.4153839 0.8563256 0.5047109 -0.2211119 0.8344917 -0.1785265 -0.4947493 0.8505008 0.07520049 -0.5206092 0.8504769 0.9986112 0 0.05268615 -0.03831309 0.07006335 0.9968066 -0.03831309 -0.07006335 0.9968066 0 1 -2.06811e-7 0 1 5.81905e-7 0 1 -4.38212e-7 0 1 0 0 1 2.48496e-7 0 1 0 0 1 0 0 1 0 0 1 -2.8912e-7 0 1 0 1 -8.96387e-6 0 1 6.53662e-7 0 1 6.41455e-7 0 1 4.67043e-7 0 1 8.01698e-7 0 1 -1.30732e-6 0 1 -7.18528e-7 0</float_array>
          <technique_common>
            <accessor source="#Link5-mesh-normals-array" count="3880" stride="3">
              <param name="X" type="float"/>
              <param name="Y" type="float"/>
              <param name="Z" type="float"/>
            </accessor>
          </technique_common>
        </source>
        <vertices id="Link5-mesh-vertices">
          <input semantic="POSITION" source="#Link5-mesh-positions"/>
        </vertices>
        <triangles material="colour_abb_white_001-material" count="4158">
          <input semantic="VERTEX" source="#Link5-mesh-vertices" offset="0"/>
          <input semantic="NORMAL" source="#Link5-mesh-normals" offset="1"/>
          <p>0 0 1 0 2 0 0 1 3 1 1 1 1 2 3 2 4 2 5 3 1 3 4 3 5 4 6 4 1 4 5 5 7 5 6 5 5 6 8 6 7 6 5 7 9 7 8 7 5 8 10 8 9 8 5 9 11 9 10 9 5 10 12 10 11 10 5 11 13 11 12 11 12 12 13 12 14 12 14 13 13 13 15 13 15 14 13 14 16 14 16 15 13 15 17 15 18 16 17 16 19 16 18 17 16 17 17 17 3 18 20 18 4 18 4 19 20 19 21 19 22 20 4 20 21 20 22 21 23 21 4 21 4 22 23 22 24 22 24 23 23 23 25 23 26 24 24 24 25 24 26 25 27 25 24 25 24 26 27 26 28 26 28 27 27 27 29 27 30 28 28 28 29 28 30 29 31 29 28 29 30 30 32 30 31 30 31 31 32 31 33 31 33 32 32 32 34 32 35 33 34 33 36 33 35 34 33 34 34 34 32 35 37 35 34 35 34 36 37 36 38 36 38 37 37 37 39 37 2 38 38 38 39 38 2 39 1 39 38 39 7 40 40 40 6 40 6 41 40 41 41 41 42 42 6 42 41 42 42 43 43 43 6 43 6 44 43 44 44 44 45 45 44 45 46 45 47 46 45 46 46 46 47 47 48 47 45 47 45 48 48 48 49 48 49 49 48 49 50 49 51 50 49 50 50 50 51 51 52 51 49 51 49 52 52 52 53 52 53 53 52 53 54 53 55 54 53 54 54 54 55 55 56 55 53 55 53 56 56 56 57 56 58 57 53 57 57 57 58 58 59 58 53 58 58 59 60 59 59 59 59 60 60 60 61 60 61 61 60 61 62 61 63 62 61 62 62 62 63 63 64 63 61 63 61 64 64 64 65 64 17 65 65 65 19 65 17 66 61 66 65 66 66 67 67 67 68 67 68 68 67 68 69 68 70 69 69 69 71 69 70 70 68 70 69 70 72 71 73 71 74 71 75 72 74 72 76 72 77 73 76 73 78 73 77 74 75 74 76 74 77 75 79 75 75 75 77 76 80 76 79 76 77 77 81 77 80 77 82 78 83 78 84 78 85 79 84 79 86 79 85 80 82 80 84 80 84 81 87 81 86 81 86 82 87 82 88 82 88 83 87 83 89 83 90 84 88 84 89 84 89 85 87 85 59 85 91 86 59 86 92 86 91 87 89 87 59 87 45 88 6 88 44 88 93 89 94 89 95 89 93 90 96 90 94 90 95 91 97 91 98 91 95 92 94 92 97 92 97 93 99 93 98 93 98 94 99 94 34 94 34 95 99 95 100 95 36 96 34 96 100 96 31 97 101 97 28 97 28 98 101 98 102 98 103 99 28 99 102 99 103 100 104 100 28 100 28 101 104 101 105 101 105 102 104 102 106 102 107 103 106 103 108 103 109 90 108 90 110 90 109 104 107 104 108 104 107 105 105 105 106 105 92 106 59 106 111 106 111 107 59 107 112 107 113 108 112 108 114 108 113 109 111 109 112 109 115 110 116 110 117 110 118 111 117 111 119 111 120 112 119 112 121 112 120 113 118 113 119 113 120 114 122 114 118 114 118 115 122 115 123 115 124 116 118 116 123 116 125 117 126 117 127 117 128 118 127 118 129 118 130 119 129 119 131 119 130 120 128 120 129 120 128 121 125 121 127 121 126 122 132 122 127 122 127 123 132 123 119 123 119 124 132 124 133 124 121 125 119 125 133 125 118 126 115 126 117 126 116 127 134 127 117 127 117 128 134 128 112 128 112 129 134 129 135 129 114 130 112 130 135 130 83 131 136 131 84 131 84 132 136 132 76 132 76 133 136 133 137 133 78 134 76 134 137 134 75 135 72 135 74 135 73 136 138 136 74 136 74 137 138 137 69 137 69 138 138 138 139 138 71 139 69 139 139 139 53 140 59 140 87 140 96 141 93 141 140 141 140 142 93 142 141 142 142 143 141 143 143 143 144 144 143 144 145 144 146 145 145 145 147 145 148 146 147 146 149 146 150 147 149 147 151 147 150 148 148 148 149 148 151 149 149 149 152 149 152 150 149 150 153 150 154 151 153 151 155 151 154 152 152 152 153 152 156 153 157 153 158 153 159 154 156 154 158 154 159 155 160 155 156 155 159 156 161 156 160 156 159 157 162 157 161 157 161 158 162 158 163 158 163 159 162 159 164 159 164 160 162 160 165 160 165 161 162 161 166 161 167 162 166 162 168 162 169 163 170 163 171 163 172 164 171 164 173 164 174 165 173 165 175 165 176 166 175 166 177 166 176 167 174 167 175 167 175 168 178 168 177 168 177 169 178 169 179 169 179 170 178 170 180 170 180 171 178 171 181 171 181 172 178 172 182 172 182 173 178 173 183 173 183 174 178 174 184 174 184 175 178 175 185 175 186 176 185 176 187 176 188 177 187 177 189 177 190 178 189 178 191 178 190 177 188 177 189 177 192 179 193 179 194 179 195 180 194 180 67 180 196 181 67 181 66 181 196 182 195 182 67 182 195 183 192 183 194 183 193 184 197 184 194 184 194 185 197 185 178 185 178 186 197 186 198 186 185 187 178 187 198 187 189 188 199 188 191 188 191 189 199 189 200 189 200 190 199 190 201 190 202 191 201 191 203 191 202 192 200 192 201 192 202 193 204 193 200 193 202 194 205 194 204 194 202 195 206 195 205 195 202 196 207 196 206 196 202 197 208 197 207 197 202 198 209 198 208 198 202 199 210 199 209 199 202 200 211 200 210 200 210 201 211 201 212 201 212 202 211 202 213 202 213 203 211 203 214 203 215 204 214 204 216 204 217 205 216 205 218 205 217 206 215 206 216 206 201 207 219 207 203 207 203 208 219 208 220 208 221 209 203 209 220 209 221 210 222 210 203 210 203 211 222 211 223 211 223 212 222 212 224 212 171 213 225 213 162 213 171 214 170 214 225 214 168 215 166 215 226 215 226 216 166 216 227 216 228 217 227 217 229 217 228 218 226 218 227 218 227 219 230 219 229 219 229 220 230 220 231 220 231 221 230 221 232 221 232 222 230 222 233 222 234 223 233 223 235 223 234 224 232 224 233 224 236 225 237 225 238 225 239 226 238 226 240 226 241 227 240 227 242 227 243 228 242 228 244 228 245 229 244 229 246 229 247 230 246 230 109 230 110 141 247 141 109 141 247 231 245 231 246 231 245 232 243 232 244 232 243 233 241 233 242 233 241 234 239 234 240 234 239 235 236 235 238 235 237 236 248 236 238 236 238 237 248 237 233 237 233 238 248 238 155 238 153 239 233 239 155 239 153 240 249 240 233 240 153 241 250 241 249 241 153 242 251 242 250 242 153 243 252 243 251 243 153 244 158 244 252 244 252 245 158 245 157 245 148 246 146 246 147 246 146 247 144 247 145 247 144 248 142 248 143 248 142 249 140 249 141 249 249 250 235 250 233 250 167 251 165 251 166 251 174 252 172 252 173 252 172 253 169 253 171 253 225 254 253 254 162 254 162 255 253 255 166 255 166 256 253 256 254 256 216 257 254 257 255 257 218 258 216 258 255 258 215 259 213 259 214 259 188 260 186 260 187 260 186 261 184 261 185 261 166 262 254 262 216 262 104 263 256 263 106 263 106 264 256 264 257 264 108 265 257 265 258 265 110 266 258 266 259 266 247 267 259 267 260 267 245 268 260 268 261 268 262 269 245 269 261 269 262 270 243 270 245 270 262 271 263 271 243 271 243 272 263 272 241 272 241 273 263 273 264 273 239 274 241 274 264 274 245 275 247 275 260 275 247 276 110 276 259 276 110 277 108 277 258 277 108 278 106 278 257 278 265 279 266 279 267 279 265 280 268 280 266 280 266 281 268 281 269 281 270 282 269 282 271 282 272 283 271 283 273 283 274 284 273 284 275 284 274 285 272 285 273 285 274 286 276 286 272 286 274 287 277 287 276 287 276 288 277 288 278 288 279 289 278 289 280 289 281 290 280 290 282 290 283 291 282 291 284 291 283 292 281 292 282 292 283 293 267 293 281 293 281 294 267 294 266 294 279 295 266 295 270 295 276 296 270 296 272 296 276 297 279 297 270 297 276 298 278 298 279 298 268 299 285 299 269 299 269 300 285 300 286 300 271 301 286 301 287 301 273 302 287 302 288 302 289 303 273 303 288 303 289 304 290 304 273 304 273 305 290 305 291 305 292 306 273 306 291 306 292 307 275 307 273 307 292 308 293 308 275 308 285 309 294 309 286 309 286 310 294 310 295 310 287 311 295 311 296 311 297 312 287 312 296 312 297 313 298 313 287 313 287 314 298 314 288 314 299 315 300 315 294 315 294 316 300 316 295 316 295 317 300 317 301 317 302 318 295 318 301 318 302 319 296 319 295 319 277 320 303 320 278 320 278 321 303 321 304 321 305 322 304 322 306 322 307 323 306 323 308 323 309 324 308 324 310 324 311 325 309 325 310 325 311 326 312 326 309 326 309 327 312 327 313 327 314 328 313 328 315 328 316 329 314 329 315 329 316 330 317 330 314 330 314 331 317 331 318 331 282 332 318 332 284 332 282 333 314 333 318 333 282 334 319 334 314 334 282 335 280 335 319 335 319 336 280 336 305 336 307 337 305 337 306 337 307 338 319 338 305 338 307 339 309 339 319 339 307 340 308 340 309 340 306 341 320 341 308 341 308 342 320 342 321 342 322 343 308 343 321 343 322 344 323 344 308 344 308 345 323 345 310 345 324 346 325 346 320 346 320 347 325 347 321 347 317 348 326 348 318 348 280 349 278 349 305 349 305 350 278 350 304 350 266 351 279 351 281 351 281 352 279 352 280 352 269 353 270 353 266 353 286 354 271 354 269 354 271 355 272 355 270 355 295 356 287 356 286 356 287 357 273 357 271 357 313 358 314 358 309 358 309 359 314 359 319 359 327 360 328 360 329 360 329 361 328 361 330 361 330 362 328 362 331 362 332 363 331 363 333 363 332 364 330 364 331 364 328 365 334 365 331 365 331 366 334 366 335 366 336 367 335 367 337 367 338 368 337 368 339 368 259 369 339 369 260 369 259 370 338 370 339 370 259 371 258 371 338 371 338 372 258 372 340 372 336 373 340 373 341 373 331 374 341 374 333 374 331 375 336 375 341 375 331 376 335 376 336 376 334 377 342 377 335 377 335 378 342 378 343 378 337 379 343 379 344 379 339 380 344 380 345 380 261 381 345 381 262 381 261 382 339 382 345 382 261 383 260 383 339 383 342 384 346 384 343 384 343 385 346 385 347 385 344 386 347 386 348 386 345 387 348 387 349 387 262 388 349 388 350 388 263 389 350 389 351 389 352 390 263 390 351 390 352 391 264 391 263 391 346 392 353 392 347 392 347 393 353 393 354 393 355 394 354 394 356 394 357 395 356 395 358 395 359 396 358 396 360 396 361 397 359 397 360 397 361 398 362 398 359 398 359 399 362 399 350 399 363 400 350 400 349 400 348 401 363 401 349 401 348 402 355 402 363 402 348 403 347 403 355 403 355 404 347 404 354 404 356 405 364 405 358 405 358 406 364 406 365 406 366 407 358 407 365 407 366 408 367 408 358 408 358 409 367 409 360 409 364 410 368 410 365 410 362 411 369 411 350 411 350 412 369 412 370 412 351 413 350 413 370 413 263 414 262 414 350 414 340 415 258 415 371 415 341 416 371 416 372 416 373 417 341 417 372 417 373 418 374 418 341 418 341 419 374 419 333 419 256 420 375 420 257 420 257 421 375 421 376 421 377 422 257 422 376 422 377 423 371 423 257 423 377 424 378 424 371 424 371 425 378 425 379 425 380 426 371 426 379 426 380 427 372 427 371 427 257 428 371 428 258 428 363 429 355 429 357 429 359 430 357 430 358 430 359 431 363 431 357 431 359 432 350 432 363 432 371 433 341 433 340 433 337 434 338 434 336 434 336 435 338 435 340 435 343 436 337 436 335 436 347 437 344 437 343 437 344 438 339 438 337 438 348 439 345 439 344 439 349 440 262 440 345 440 357 441 355 441 356 441 324 442 320 442 327 442 327 442 320 442 328 442 328 443 320 443 306 443 334 444 306 444 342 444 334 445 328 445 306 445 306 446 304 446 342 446 342 447 304 447 346 447 346 448 304 448 303 448 353 449 303 449 277 449 354 450 277 450 274 450 356 451 274 451 275 451 364 452 275 452 293 452 368 452 364 452 293 452 364 451 356 451 275 451 356 453 354 453 274 453 354 449 353 449 277 449 353 454 346 454 303 454 148 455 299 455 146 455 146 456 299 456 294 456 144 457 294 457 285 457 268 458 144 458 285 458 268 459 142 459 144 459 268 460 265 460 142 460 142 461 265 461 140 461 140 462 265 462 267 462 96 463 267 463 283 463 96 464 140 464 267 464 144 465 146 465 294 465 381 466 382 466 383 466 383 467 382 467 384 467 385 467 384 467 386 467 387 468 386 468 388 468 389 469 388 469 390 469 389 467 387 467 388 467 382 470 391 470 384 470 392 467 393 467 384 467 384 471 393 471 394 471 386 467 384 467 394 467 388 467 386 467 395 467 396 467 395 467 397 467 398 467 396 467 397 467 386 467 399 467 395 467 395 472 399 472 400 472 401 467 395 467 400 467 395 473 402 473 397 473 403 467 404 467 396 467 396 474 404 474 388 474 395 467 396 467 388 467 404 475 405 475 388 475 388 467 406 467 390 467 386 476 387 476 385 476 385 477 387 477 407 477 408 478 385 478 407 478 408 479 409 479 385 479 410 467 411 467 385 467 385 467 411 467 383 467 384 467 385 467 383 467 411 480 412 480 383 480 58 481 413 481 60 481 60 482 413 482 414 482 62 483 414 483 415 483 63 484 415 484 64 484 63 485 62 485 415 485 415 486 416 486 64 486 64 487 416 487 65 487 65 488 416 488 19 488 19 489 416 489 417 489 18 490 417 490 16 490 18 491 19 491 417 491 417 492 418 492 16 492 16 493 418 493 15 493 15 494 418 494 14 494 14 495 418 495 419 495 12 496 419 496 11 496 12 497 14 497 419 497 419 498 420 498 11 498 11 499 420 499 10 499 10 500 420 500 421 500 9 501 421 501 8 501 9 502 10 502 421 502 421 503 422 503 8 503 8 504 422 504 7 504 62 505 60 505 414 505 7 506 422 506 40 506 40 507 422 507 423 507 41 508 423 508 424 508 42 509 424 509 43 509 42 510 41 510 424 510 424 511 425 511 43 511 43 512 425 512 44 512 44 513 425 513 46 513 46 514 425 514 426 514 47 515 426 515 48 515 47 516 46 516 426 516 426 517 427 517 48 517 48 518 427 518 50 518 50 519 427 519 51 519 51 520 427 520 428 520 52 521 428 521 54 521 52 522 51 522 428 522 428 523 429 523 54 523 54 524 429 524 55 524 55 525 429 525 430 525 56 526 430 526 57 526 56 527 55 527 430 527 430 528 413 528 57 528 57 529 413 529 58 529 41 530 40 530 423 530 396 531 398 531 431 531 431 532 398 532 432 532 433 533 432 533 434 533 435 534 434 534 436 534 437 535 436 535 438 535 437 536 435 536 436 536 437 537 439 537 435 537 435 538 439 538 440 538 441 539 440 539 442 539 443 540 441 540 442 540 443 541 433 541 441 541 443 542 444 542 433 542 433 543 444 543 431 543 432 544 433 544 431 544 398 545 397 545 432 545 432 546 397 546 445 546 434 547 445 547 446 547 436 548 446 548 447 548 438 549 447 549 448 549 438 550 436 550 447 550 397 551 402 551 445 551 445 552 402 552 449 552 446 553 449 553 450 553 447 554 450 554 451 554 448 555 451 555 452 555 448 556 447 556 451 556 402 557 395 557 449 557 449 558 395 558 453 558 450 559 453 559 454 559 451 560 454 560 455 560 452 561 455 561 167 561 452 562 451 562 455 562 395 563 401 563 453 563 453 564 401 564 456 564 454 565 456 565 457 565 455 566 457 566 458 566 167 567 458 567 165 567 167 568 455 568 458 568 401 569 400 569 456 569 456 570 400 570 459 570 457 571 459 571 460 571 458 572 460 572 461 572 164 573 461 573 462 573 164 574 458 574 461 574 164 575 165 575 458 575 400 576 399 576 459 576 459 577 399 577 463 577 460 578 463 578 464 578 461 579 464 579 465 579 462 580 465 580 466 580 462 581 461 581 465 581 399 582 386 582 463 582 463 583 386 583 394 583 467 584 394 584 393 584 468 585 393 585 392 585 469 586 392 586 384 586 470 587 384 587 391 587 471 588 391 588 382 588 472 589 382 589 381 589 473 590 381 590 383 590 473 591 472 591 381 591 473 592 474 592 472 592 473 593 475 593 474 593 474 594 475 594 476 594 477 595 476 595 478 595 479 596 477 596 478 596 479 597 480 597 477 597 479 598 481 598 480 598 480 599 481 599 482 599 483 600 482 600 484 600 485 601 484 601 466 601 465 602 485 602 466 602 465 603 486 603 485 603 465 604 464 604 486 604 486 605 464 605 467 605 468 606 467 606 393 606 468 607 486 607 467 607 468 608 487 608 486 608 468 609 469 609 487 609 468 610 392 610 469 610 440 611 441 611 435 611 435 612 441 612 433 612 434 613 435 613 433 613 484 614 485 614 483 614 483 615 485 615 487 615 488 616 487 616 469 616 470 617 469 617 384 617 470 618 488 618 469 618 470 619 489 619 488 619 470 620 471 620 489 620 470 621 391 621 471 621 482 622 483 622 480 622 480 623 483 623 488 623 489 624 480 624 488 624 489 625 477 625 480 625 489 626 474 626 477 626 489 627 471 627 474 627 474 628 471 628 472 628 472 629 471 629 382 629 445 630 434 630 432 630 449 631 446 631 445 631 446 632 436 632 434 632 453 633 450 633 449 633 450 634 447 634 446 634 456 635 454 635 453 635 454 636 451 636 450 636 459 637 457 637 456 637 457 638 455 638 454 638 463 639 460 639 459 639 460 640 458 640 457 640 394 641 467 641 463 641 463 642 467 642 464 642 464 643 461 643 460 643 487 644 485 644 486 644 488 645 483 645 487 645 477 646 474 646 476 646 490 647 478 647 491 647 492 648 491 648 493 648 494 649 493 649 495 649 496 650 495 650 411 650 410 651 496 651 411 651 410 652 497 652 496 652 410 653 385 653 497 653 497 654 385 654 498 654 499 655 498 655 500 655 501 656 500 656 502 656 503 657 502 657 250 657 503 658 501 658 502 658 503 659 504 659 501 659 501 660 504 660 505 660 499 661 505 661 506 661 497 662 506 662 496 662 497 663 499 663 506 663 497 664 498 664 499 664 475 665 493 665 476 665 475 666 473 666 493 666 493 667 473 667 495 667 495 668 473 668 412 668 411 669 495 669 412 669 473 670 383 670 412 670 385 671 409 671 498 671 498 672 409 672 507 672 500 673 507 673 508 673 502 674 508 674 509 674 250 675 509 675 249 675 250 676 502 676 509 676 409 677 408 677 507 677 507 678 408 678 510 678 508 679 510 679 511 679 509 680 511 680 512 680 235 681 512 681 513 681 235 682 509 682 512 682 235 683 249 683 509 683 408 684 407 684 510 684 510 685 407 685 514 685 511 686 514 686 515 686 512 687 515 687 516 687 513 688 516 688 517 688 513 689 512 689 516 689 407 690 387 690 514 690 514 691 387 691 389 691 518 692 389 692 390 692 519 693 390 693 406 693 520 694 406 694 388 694 521 695 388 695 405 695 522 696 405 696 404 696 523 697 404 697 403 697 431 698 403 698 396 698 431 699 523 699 403 699 431 700 524 700 523 700 431 701 444 701 524 701 524 702 444 702 443 702 525 703 443 703 442 703 526 704 525 704 442 704 526 705 527 705 525 705 526 706 528 706 527 706 527 707 528 707 529 707 530 708 529 708 531 708 532 709 531 709 517 709 516 710 532 710 517 710 516 711 533 711 532 711 516 712 515 712 533 712 533 713 515 713 518 713 519 714 518 714 390 714 519 715 533 715 518 715 519 716 534 716 533 716 519 717 520 717 534 717 519 718 406 718 520 718 504 719 535 719 505 719 505 720 535 720 536 720 506 721 536 721 494 721 496 722 494 722 495 722 496 723 506 723 494 723 535 724 537 724 536 724 536 725 537 725 492 725 494 726 492 726 493 726 494 727 536 727 492 727 537 728 538 728 492 728 492 729 538 729 490 729 491 730 492 730 490 730 531 731 532 731 530 731 530 732 532 732 534 732 539 733 534 733 520 733 521 734 520 734 388 734 521 735 539 735 520 735 521 736 540 736 539 736 521 737 522 737 540 737 521 738 405 738 522 738 529 739 530 739 527 739 527 740 530 740 539 740 540 741 527 741 539 741 540 742 525 742 527 742 540 743 524 743 525 743 540 744 522 744 524 744 524 745 522 745 523 745 523 746 522 746 404 746 478 747 476 747 491 747 491 748 476 748 493 748 536 749 506 749 505 749 500 750 501 750 499 750 499 751 501 751 505 751 507 752 500 752 498 752 510 753 508 753 507 753 508 754 502 754 500 754 514 755 511 755 510 755 511 756 509 756 508 756 389 757 518 757 514 757 514 758 518 758 515 758 515 759 512 759 511 759 534 760 532 760 533 760 539 761 530 761 534 761 525 762 524 762 443 762 479 763 478 763 156 763 160 764 479 764 156 764 160 765 481 765 479 765 160 766 161 766 481 766 481 767 161 767 482 767 482 768 161 768 484 768 484 769 161 769 163 769 466 770 163 770 462 770 466 771 484 771 163 771 537 772 252 772 538 772 537 773 535 773 252 773 252 774 535 774 251 774 251 775 535 775 504 775 503 776 251 776 504 776 503 777 250 777 251 777 252 778 157 778 538 778 538 779 157 779 490 779 490 780 157 780 156 780 478 781 490 781 156 781 163 782 164 782 462 782 167 783 168 783 452 783 452 784 168 784 448 784 448 785 168 785 438 785 438 786 168 786 226 786 437 787 226 787 439 787 437 788 438 788 226 788 226 789 228 789 439 789 439 790 228 790 440 790 440 791 228 791 229 791 442 792 229 792 526 792 442 793 440 793 229 793 229 794 231 794 526 794 526 795 231 795 528 795 528 796 231 796 232 796 529 797 232 797 531 797 529 798 528 798 232 798 232 799 234 799 531 799 531 800 234 800 517 800 517 801 234 801 513 801 513 802 234 802 235 802 541 803 542 803 543 803 544 804 541 804 543 804 544 805 545 805 541 805 544 806 546 806 545 806 545 807 546 807 547 807 547 807 546 807 548 807 549 807 548 807 550 807 551 808 550 808 552 808 553 809 552 809 554 809 555 807 554 807 556 807 555 807 553 807 554 807 543 810 557 810 558 810 543 807 542 807 557 807 558 806 559 806 560 806 558 805 557 805 559 805 560 807 561 807 562 807 560 811 559 811 561 811 553 812 551 812 552 812 551 807 549 807 550 807 549 807 547 807 548 807 561 807 563 807 562 807 562 807 563 807 564 807 564 813 563 813 565 813 566 812 565 812 556 812 554 814 566 814 556 814 565 808 566 808 564 808 2 815 567 815 0 815 0 816 567 816 3 816 3 817 567 817 568 817 20 818 568 818 21 818 20 819 3 819 568 819 568 820 569 820 21 820 21 821 569 821 22 821 22 822 569 822 570 822 23 823 570 823 25 823 23 824 22 824 570 824 570 825 571 825 25 825 25 826 571 826 26 826 26 827 571 827 27 827 27 828 571 828 572 828 573 829 27 829 572 829 573 830 29 830 27 830 573 831 574 831 29 831 29 832 574 832 30 832 30 833 574 833 575 833 32 834 575 834 37 834 32 835 30 835 575 835 283 836 284 836 96 836 96 837 284 837 94 837 94 838 284 838 318 838 97 839 318 839 326 839 99 840 97 840 326 840 97 841 94 841 318 841 177 842 576 842 176 842 176 843 576 843 577 843 174 844 577 844 578 844 172 845 174 845 578 845 174 846 176 846 577 846 215 847 579 847 213 847 213 848 579 848 580 848 212 849 580 849 581 849 210 850 212 850 581 850 212 851 213 851 580 851 582 852 583 852 584 852 582 852 585 852 583 852 583 852 585 852 586 852 586 852 585 852 587 852 587 852 585 852 588 852 589 852 588 852 590 852 589 853 587 853 588 853 588 854 591 854 590 854 590 855 591 855 592 855 592 852 591 852 593 852 593 856 591 856 594 856 595 852 593 852 594 852 595 852 596 852 593 852 595 852 597 852 596 852 596 857 597 857 598 857 599 858 598 858 600 858 599 852 596 852 598 852 598 859 601 859 600 859 600 860 601 860 602 860 602 861 601 861 603 861 603 852 601 852 604 852 605 852 604 852 606 852 605 852 603 852 604 852 604 862 607 862 606 862 606 863 607 863 584 863 608 852 584 852 609 852 608 852 606 852 584 852 583 852 609 852 584 852 610 807 611 807 612 807 610 807 613 807 611 807 611 807 614 807 612 807 612 807 614 807 615 807 615 807 614 807 616 807 617 807 616 807 618 807 619 807 618 807 620 807 621 807 619 807 620 807 619 807 617 807 618 807 617 864 615 864 616 864 622 865 623 865 624 865 624 866 623 866 625 866 626 867 625 867 627 867 626 868 624 868 625 868 68 869 628 869 66 869 66 870 628 870 629 870 630 871 629 871 631 871 632 872 631 872 633 872 634 873 632 873 633 873 634 874 635 874 632 874 634 875 636 875 635 875 635 876 637 876 632 876 632 877 637 877 638 877 639 878 638 878 640 878 192 879 640 879 193 879 192 880 639 880 640 880 192 881 195 881 639 881 639 882 195 882 630 882 632 883 630 883 631 883 632 884 639 884 630 884 632 885 638 885 639 885 637 886 641 886 638 886 638 887 641 887 642 887 643 888 642 888 644 888 645 889 644 889 646 889 198 890 646 890 185 890 198 891 645 891 646 891 198 892 197 892 645 892 645 893 197 893 647 893 643 894 647 894 640 894 638 895 643 895 640 895 638 896 642 896 643 896 646 897 648 897 185 897 197 898 193 898 647 898 647 899 193 899 640 899 195 900 196 900 630 900 630 901 196 901 66 901 629 902 630 902 66 902 644 903 645 903 643 903 643 904 645 904 647 904 649 905 650 905 199 905 199 906 650 906 201 906 201 907 650 907 651 907 219 908 651 908 652 908 220 909 652 909 653 909 221 910 653 910 654 910 222 911 654 911 655 911 224 912 222 912 655 912 650 913 656 913 651 913 651 914 656 914 657 914 652 915 657 915 653 915 652 916 651 916 657 916 656 917 658 917 657 917 657 918 658 918 659 918 653 919 659 919 654 919 653 920 657 920 659 920 658 921 660 921 659 921 659 922 660 922 661 922 662 923 661 923 663 923 664 924 663 924 665 924 664 925 662 925 663 925 664 926 666 926 662 926 662 927 666 927 667 927 668 928 667 928 669 928 670 929 669 929 671 929 130 930 670 930 671 930 130 931 131 931 670 931 669 932 670 932 668 932 668 933 670 933 672 933 655 934 668 934 672 934 655 935 654 935 668 935 668 936 654 936 662 936 667 937 668 937 662 937 222 938 221 938 654 938 221 939 220 939 653 939 220 940 219 940 652 940 219 941 201 941 651 941 654 942 659 942 662 942 662 943 659 943 661 943 673 944 674 944 542 944 542 945 674 945 557 945 557 946 674 946 675 946 559 947 675 947 661 947 561 948 661 948 660 948 563 949 660 949 658 949 565 950 658 950 676 950 556 951 676 951 677 951 555 952 677 952 678 952 555 953 556 953 677 953 556 954 565 954 676 954 565 955 563 955 658 955 563 956 561 956 660 956 561 957 559 957 661 957 559 958 557 958 675 958 673 959 542 959 679 959 679 960 542 960 541 960 680 961 541 961 545 961 637 962 545 962 547 962 641 963 547 963 549 963 642 964 549 964 551 964 681 965 551 965 553 965 682 966 553 966 555 966 678 967 682 967 555 967 680 968 679 968 541 968 682 969 681 969 553 969 681 970 642 970 551 970 642 971 641 971 549 971 641 972 637 972 547 972 680 973 545 973 637 973 683 974 2 974 684 974 683 975 685 975 2 975 2 976 685 976 567 976 567 977 685 977 686 977 568 978 686 978 687 978 569 979 687 979 688 979 570 980 688 980 689 980 571 981 689 981 690 981 572 982 690 982 573 982 572 983 571 983 690 983 684 984 39 984 691 984 684 985 2 985 39 985 691 986 37 986 692 986 691 987 39 987 37 987 37 988 575 988 692 988 692 989 575 989 693 989 693 990 575 990 574 990 694 991 574 991 573 991 690 992 694 992 573 992 571 993 570 993 689 993 570 994 569 994 688 994 569 995 568 995 687 995 568 996 567 996 686 996 693 997 574 997 694 997 646 998 681 998 648 998 646 999 644 999 681 999 681 1000 644 1000 642 1000 681 1001 682 1001 648 1001 648 1002 682 1002 678 1002 649 1002 678 1002 677 1002 676 1001 649 1001 677 1001 676 807 650 807 649 807 676 1003 656 1003 650 1003 676 1004 658 1004 656 1004 649 807 648 807 678 807 695 1005 696 1005 697 1005 697 1006 696 1006 698 1006 698 1007 696 1007 699 1007 700 1008 698 1008 699 1008 699 1009 696 1009 701 1009 701 1010 696 1010 702 1010 703 1011 702 1011 704 1011 703 1012 701 1012 702 1012 704 1013 705 1013 703 1013 703 1014 705 1014 706 1014 706 1015 705 1015 707 1015 708 1016 707 1016 709 1016 710 1017 708 1017 709 1017 711 1018 712 1018 707 1018 707 1019 712 1019 709 1019 708 1020 706 1020 707 1020 713 1021 714 1021 715 1021 715 1022 714 1022 716 1022 716 1023 714 1023 717 1023 718 1024 717 1024 188 1024 190 1025 718 1025 188 1025 718 1026 716 1026 717 1026 649 807 189 807 648 807 648 1027 189 1027 187 1027 627 1028 625 1028 719 1028 719 1029 625 1029 720 1029 721 1030 720 1030 722 1030 721 1031 719 1031 720 1031 623 1032 723 1032 625 1032 625 1033 723 1033 724 1033 720 1034 724 1034 725 1034 726 1035 720 1035 725 1035 726 1036 727 1036 720 1036 720 1037 727 1037 728 1037 729 1038 728 1038 730 1038 731 1039 729 1039 730 1039 731 1040 732 1040 729 1040 729 1041 732 1041 733 1041 734 1042 733 1042 735 1042 736 1043 734 1043 735 1043 736 1044 737 1044 734 1044 734 1045 737 1045 580 1045 738 1046 580 1046 579 1046 738 1047 734 1047 580 1047 738 1048 739 1048 734 1048 734 1049 739 1049 740 1049 741 1050 734 1050 740 1050 741 1051 729 1051 734 1051 741 1052 742 1052 729 1052 729 1053 742 1053 743 1053 744 1054 729 1054 743 1054 744 1055 720 1055 729 1055 744 1056 745 1056 720 1056 720 1057 745 1057 722 1057 737 1058 581 1058 580 1058 734 1059 729 1059 733 1059 720 1060 625 1060 724 1060 729 1061 720 1061 728 1061 622 1062 624 1062 746 1062 746 1063 624 1063 747 1063 748 1064 747 1064 749 1064 748 1065 746 1065 747 1065 626 1066 750 1066 624 1066 624 1067 750 1067 747 1067 747 1068 750 1068 751 1068 752 1069 747 1069 751 1069 752 1070 753 1070 747 1070 747 1071 753 1071 754 1071 755 1072 754 1072 756 1072 755 1073 747 1073 754 1073 755 1074 749 1074 747 1074 753 1075 757 1075 754 1075 754 1076 757 1076 758 1076 759 1077 758 1077 760 1077 761 1078 759 1078 760 1078 761 1079 762 1079 759 1079 759 1080 762 1080 763 1080 577 1081 763 1081 578 1081 577 1082 759 1082 763 1082 577 1083 764 1083 759 1083 577 1084 765 1084 764 1084 577 1085 766 1085 765 1085 577 1086 576 1086 766 1086 764 1087 767 1087 759 1087 759 1088 767 1088 768 1088 769 1089 759 1089 768 1089 769 1090 754 1090 759 1090 769 1091 770 1091 754 1091 754 1092 770 1092 756 1092 759 1093 754 1093 758 1093 771 1094 154 1094 772 1094 772 1094 154 1094 155 1094 773 807 774 807 253 807 253 1095 774 1095 254 1095 616 1096 614 1096 554 1096 554 1097 614 1097 566 1097 566 1098 614 1098 611 1098 564 1099 611 1099 613 1099 562 1100 613 1100 610 1100 560 1101 610 1101 612 1101 558 1102 612 1102 615 1102 543 1103 558 1103 615 1103 558 1104 560 1104 612 1104 560 1105 562 1105 610 1105 562 1099 564 1099 613 1099 564 1106 566 1106 611 1106 615 1107 617 1107 543 1107 543 1108 617 1108 544 1108 544 1109 617 1109 619 1109 546 1110 619 1110 621 1110 548 1111 621 1111 620 1111 550 1112 620 1112 618 1112 552 1113 618 1113 616 1113 554 1114 552 1114 616 1114 552 1115 550 1115 618 1115 550 1111 548 1111 620 1111 548 1116 546 1116 621 1116 546 1117 544 1117 619 1117 663 807 675 807 665 807 663 807 661 807 675 807 675 807 674 807 665 807 665 1118 674 1118 673 1118 636 1118 673 1118 679 1118 680 807 636 807 679 807 680 1119 635 1119 636 1119 680 1120 637 1120 635 1120 636 807 665 807 673 807 715 1121 775 1121 713 1121 713 1122 775 1122 776 1122 776 1123 775 1123 777 1123 778 1124 776 1124 777 1124 779 1125 780 1125 33 1125 33 1126 780 1126 31 1126 781 1127 782 1127 783 1127 783 1128 782 1128 784 1128 785 1129 784 1129 786 1129 787 1130 786 1130 788 1130 789 1131 787 1131 788 1131 784 1132 790 1132 786 1132 786 1133 790 1133 791 1133 791 1134 790 1134 792 1134 793 1135 792 1135 665 1135 636 1136 793 1136 665 1136 793 1137 791 1137 792 1137 787 1138 785 1138 786 1138 785 1139 783 1139 784 1139 778 1140 777 1140 794 1140 794 1141 777 1141 795 1141 796 1142 794 1142 795 1142 796 1143 797 1143 794 1143 796 1144 798 1144 797 1144 797 1145 798 1145 799 1145 799 1146 798 1146 622 1146 622 1147 798 1147 623 1147 771 1148 772 1148 800 1148 800 1149 772 1149 801 1149 802 1150 801 1150 803 1150 802 1151 800 1151 801 1151 801 1152 804 1152 803 1152 803 1153 804 1153 805 1153 805 1154 804 1154 368 1154 293 1155 805 1155 368 1155 627 1156 806 1156 626 1156 626 1157 806 1157 807 1157 807 1158 806 1158 808 1158 809 1159 808 1159 810 1159 811 1160 809 1160 810 1160 811 1161 773 1161 809 1161 811 1162 774 1162 773 1162 809 1163 807 1163 808 1163 779 1164 812 1164 780 1164 780 1165 812 1165 813 1165 813 1166 812 1166 814 1166 815 1167 814 1167 816 1167 817 1168 816 1168 818 1168 819 1094 817 1094 818 1094 817 1169 815 1169 816 1169 815 1170 813 1170 814 1170 820 807 821 807 606 807 91 807 820 807 606 807 91 1171 822 1171 820 1171 91 1172 823 1172 822 1172 91 1173 824 1173 823 1173 91 807 92 807 824 807 824 807 92 807 825 807 825 807 92 807 826 807 826 807 92 807 827 807 828 807 827 807 829 807 828 807 826 807 827 807 606 1174 830 1174 605 1174 606 1175 821 1175 830 1175 605 807 831 807 832 807 605 807 830 807 831 807 831 807 833 807 832 807 832 807 833 807 834 807 834 1176 833 1176 829 1176 827 807 834 807 829 807 835 807 836 807 88 807 90 807 835 807 88 807 90 1173 837 1173 835 1173 90 1172 838 1172 837 1172 90 1171 839 1171 838 1171 90 807 583 807 839 807 839 807 583 807 840 807 840 807 583 807 841 807 841 807 583 807 586 807 842 807 586 807 843 807 844 1177 843 1177 845 1177 846 1178 845 1178 847 1178 848 807 847 807 849 807 848 807 846 807 847 807 836 807 849 807 88 807 88 807 849 807 847 807 846 807 844 807 845 807 844 807 842 807 843 807 842 807 841 807 586 807 818 1179 850 1179 819 1179 819 1180 850 1180 851 1180 851 1181 850 1181 852 1181 327 1182 852 1182 324 1182 327 1183 851 1183 852 1183 853 1184 854 1184 121 1184 121 1185 854 1185 855 1185 856 1186 121 1186 855 1186 856 1187 857 1187 121 1187 856 1188 858 1188 857 1188 857 1189 858 1189 859 1189 859 1190 858 1190 860 1190 861 1191 860 1191 862 1191 863 1192 862 1192 864 1192 865 1193 864 1193 866 1193 867 1194 866 1194 868 1194 869 1195 868 1195 870 1195 869 1196 867 1196 868 1196 868 1197 871 1197 870 1197 870 1198 871 1198 872 1198 872 1199 871 1199 873 1199 874 1200 872 1200 873 1200 874 1201 875 1201 872 1201 874 1202 876 1202 875 1202 875 1203 876 1203 877 1203 877 1204 876 1204 878 1204 879 1205 877 1205 878 1205 879 1206 880 1206 877 1206 879 1207 881 1207 880 1207 880 1208 881 1208 882 1208 882 1209 881 1209 883 1209 710 1210 882 1210 883 1210 710 1211 709 1211 882 1211 867 1212 865 1212 866 1212 865 1213 863 1213 864 1213 863 1214 861 1214 862 1214 861 1215 859 1215 860 1215 857 1216 884 1216 121 1216 121 1217 884 1217 120 1217 698 1218 700 1218 885 1218 885 1219 700 1219 886 1219 887 1220 885 1220 886 1220 887 1221 888 1221 885 1221 887 1222 889 1222 888 1222 888 1223 889 1223 890 1223 890 1224 889 1224 891 1224 892 1225 890 1225 891 1225 892 1226 893 1226 890 1226 892 1227 894 1227 893 1227 893 1228 894 1228 895 1228 895 1229 894 1229 896 1229 897 1230 896 1230 898 1230 899 1231 897 1231 898 1231 899 1232 900 1232 897 1232 899 1233 901 1233 900 1233 899 1234 902 1234 901 1234 901 1235 902 1235 903 1235 903 1236 902 1236 904 1236 905 1237 904 1237 906 1237 907 1238 906 1238 908 1238 909 1239 908 1239 910 1239 911 1240 910 1240 912 1240 72 1241 912 1241 913 1241 914 1242 72 1242 913 1242 914 1243 915 1243 72 1243 72 1244 915 1244 916 1244 917 1245 72 1245 916 1245 917 1246 918 1246 72 1246 72 1247 918 1247 919 1247 75 1248 920 1248 72 1248 72 1249 920 1249 911 1249 912 1250 72 1250 911 1250 911 1251 909 1251 910 1251 909 1252 907 1252 908 1252 907 1253 905 1253 906 1253 905 1254 903 1254 904 1254 897 1255 895 1255 896 1255 921 1256 138 1256 919 1256 921 1257 922 1257 138 1257 138 1258 922 1258 139 1258 138 1259 73 1259 919 1259 919 1260 73 1260 72 1260 923 1261 924 1261 132 1261 126 1262 923 1262 132 1262 121 1263 133 1263 853 1263 853 1264 133 1264 132 1264 924 1265 853 1265 132 1265 593 1266 596 1266 925 1266 925 1266 596 1266 926 1266 927 1267 926 1267 928 1267 929 1268 928 1268 930 1268 931 1269 930 1269 932 1269 711 1270 931 1270 932 1270 711 1271 695 1271 931 1271 711 1272 707 1272 695 1272 695 1273 707 1273 696 1273 696 1274 707 1274 705 1274 702 1275 705 1275 704 1275 702 1276 696 1276 705 1276 931 1277 929 1277 930 1277 929 1268 927 1268 928 1268 927 1267 925 1267 926 1267 706 1278 933 1278 703 1278 706 1279 708 1279 933 1279 933 1280 708 1280 934 1280 935 1281 934 1281 936 1281 937 1282 936 1282 938 1282 939 1283 938 1283 940 1283 941 1284 940 1284 942 1284 943 1285 942 1285 944 1285 783 1286 944 1286 781 1286 783 1287 943 1287 944 1287 783 1288 945 1288 943 1288 783 1289 785 1289 945 1289 945 1290 785 1290 946 1290 947 1291 946 1291 948 1291 949 1292 947 1292 948 1292 949 1293 950 1293 947 1293 949 1294 951 1294 950 1294 950 1295 951 1295 952 1295 953 1296 952 1296 954 1296 937 1297 954 1297 935 1297 936 1298 937 1298 935 1298 785 1299 787 1299 946 1299 946 1300 787 1300 955 1300 948 1301 946 1301 955 1301 787 1302 789 1302 955 1302 951 1303 956 1303 952 1303 952 1304 956 1304 957 1304 954 1305 957 1305 958 1305 935 1306 958 1306 933 1306 934 1307 935 1307 933 1307 956 1308 959 1308 957 1308 957 1309 959 1309 960 1309 958 1310 960 1310 961 1310 933 1311 961 1311 703 1311 933 1312 958 1312 961 1312 959 1313 699 1313 960 1313 960 1314 699 1314 701 1314 703 1315 960 1315 701 1315 703 1316 961 1316 960 1316 954 1317 937 1317 953 1317 953 1318 937 1318 939 1318 962 1319 939 1319 941 1319 945 1320 941 1320 943 1320 945 1321 962 1321 941 1321 945 1322 947 1322 962 1322 945 1323 946 1323 947 1323 954 1324 952 1324 957 1324 939 1325 962 1325 953 1325 953 1326 962 1326 950 1326 952 1327 953 1327 950 1327 962 1328 947 1328 950 1328 941 1329 942 1329 943 1329 937 1330 938 1330 939 1330 941 1331 939 1331 940 1331 954 1332 958 1332 935 1332 957 1333 960 1333 958 1333 606 1334 608 1334 91 1334 91 1335 608 1335 89 1335 89 1336 608 1336 609 1336 90 1337 609 1337 583 1337 90 1338 89 1338 609 1338 683 1339 684 1339 963 1339 963 1340 684 1340 964 1340 964 1341 684 1341 691 1341 965 1342 691 1342 692 1342 966 1343 692 1343 693 1343 967 1344 693 1344 694 1344 968 1345 694 1345 690 1345 969 1346 968 1346 690 1346 968 1347 967 1347 694 1347 967 1348 966 1348 693 1348 966 1349 965 1349 692 1349 965 1350 964 1350 691 1350 690 1351 689 1351 969 1351 969 1352 689 1352 970 1352 970 1353 689 1353 688 1353 971 1354 688 1354 687 1354 972 1355 687 1355 686 1355 973 1356 686 1356 685 1356 974 1357 685 1357 683 1357 963 1358 974 1358 683 1358 974 1359 973 1359 685 1359 973 1360 972 1360 686 1360 972 1361 971 1361 687 1361 971 1362 970 1362 688 1362 975 1363 587 1363 976 1363 977 1364 975 1364 976 1364 977 1365 978 1365 975 1365 977 1366 979 1366 978 1366 977 1367 980 1367 979 1367 979 1368 980 1368 981 1368 981 1369 980 1369 982 1369 983 1370 982 1370 83 1370 82 1371 983 1371 83 1371 592 1372 984 1372 590 1372 590 1373 984 1373 985 1373 589 1374 985 1374 976 1374 587 1375 589 1375 976 1375 982 1376 986 1376 83 1376 83 1377 986 1377 136 1377 983 1378 981 1378 982 1378 985 1379 589 1379 590 1379 599 1380 600 1380 987 1380 987 1381 600 1381 988 1381 988 1382 600 1382 602 1382 989 1383 602 1383 603 1383 990 1384 989 1384 603 1384 990 1385 991 1385 989 1385 990 1386 992 1386 991 1386 991 1387 992 1387 993 1387 994 1388 993 1388 995 1388 996 1389 995 1389 997 1389 135 1390 997 1390 114 1390 135 1391 996 1391 997 1391 135 1392 998 1392 996 1392 135 1393 134 1393 998 1393 996 1394 994 1394 995 1394 994 1395 991 1395 993 1395 989 1396 988 1396 602 1396 999 1397 1000 1397 1001 1397 1001 852 1000 852 1002 852 1002 1398 1000 1398 1003 1398 1004 1399 1003 1399 1005 1399 1006 1400 1005 1400 1007 1400 1008 1401 1007 1401 1009 1401 1010 1402 1008 1402 1009 1402 1008 852 1006 852 1007 852 1006 1403 1004 1403 1005 1403 1004 852 1002 852 1003 852 1011 852 1012 852 1013 852 1011 852 1014 852 1012 852 1012 852 1014 852 1015 852 1015 852 1014 852 1016 852 1017 852 1016 852 1018 852 1019 1404 1018 1404 1020 1404 1019 1405 1017 1405 1018 1405 1013 852 1021 852 1022 852 1013 1406 1012 1406 1021 1406 1018 852 1023 852 1020 852 1020 852 1023 852 1024 852 1024 852 1023 852 1025 852 1026 852 1025 852 1027 852 1028 1407 1027 1407 1029 1407 1030 852 1028 852 1029 852 1030 852 1031 852 1028 852 1030 852 1032 852 1031 852 1031 852 1032 852 1033 852 1033 1405 1032 1405 1034 1405 1034 852 1032 852 1022 852 1021 852 1034 852 1022 852 1028 852 1026 852 1027 852 1026 852 1024 852 1025 852 1017 852 1015 852 1016 852 1035 1408 1036 1408 1037 1408 1035 1409 1038 1409 1036 1409 1036 1410 1039 1410 1037 1410 1037 1411 1039 1411 1040 1411 1040 1412 1039 1412 1041 1412 1042 1413 1041 1413 1043 1413 1044 1414 1043 1414 1045 1414 1046 1415 1044 1415 1045 1415 1044 1416 1042 1416 1043 1416 1042 1417 1040 1417 1041 1417 1047 1418 1048 1418 1049 1418 1047 1419 1050 1419 1048 1419 1048 1420 1050 1420 1051 1420 1051 1421 1050 1421 1052 1421 1053 1422 1052 1422 1054 1422 1053 1423 1051 1423 1052 1423 1052 1424 1055 1424 1054 1424 1054 1425 1055 1425 1056 1425 1056 1426 1055 1426 1057 1426 1058 1427 1057 1427 1059 1427 1060 1428 1058 1428 1059 1428 1060 1429 1061 1429 1058 1429 1060 1430 1062 1430 1061 1430 1061 1431 1062 1431 1063 1431 1063 1432 1062 1432 1064 1432 1065 1433 1064 1433 1066 1433 1065 1434 1063 1434 1064 1434 1064 1435 1067 1435 1066 1435 1066 1436 1067 1436 1068 1436 1068 1437 1067 1437 1069 1437 1070 1438 1069 1438 1049 1438 1048 1439 1070 1439 1049 1439 1070 1440 1068 1440 1069 1440 1058 1441 1056 1441 1057 1441 118 852 124 852 998 852 998 1442 124 1442 1071 1442 1072 852 998 852 1071 852 1072 852 1073 852 998 852 998 852 1073 852 996 852 996 852 1073 852 994 852 994 1443 1073 1443 1074 1443 991 852 1074 852 989 852 991 852 994 852 1074 852 1074 1444 1075 1444 989 1444 989 852 1075 852 988 852 988 852 1075 852 987 852 987 852 1075 852 1076 852 1077 1445 987 1445 1076 1445 1077 1446 1078 1446 987 1446 1079 1447 1080 1447 984 1447 984 1448 1080 1448 1081 1448 1082 852 984 852 1081 852 1082 852 985 852 984 852 1082 852 976 852 985 852 1082 852 1083 852 976 852 976 852 1083 852 977 852 977 852 1083 852 980 852 980 1449 1083 1449 1084 1449 982 1450 1084 1450 986 1450 982 852 980 852 1084 852 1084 852 1085 852 986 852 986 852 1085 852 1086 852 81 852 986 852 1086 852 81 852 77 852 986 852 1041 1451 1039 1451 963 1451 963 1452 1039 1452 974 1452 974 1453 1039 1453 1036 1453 973 1454 1036 1454 1038 1454 972 1455 1038 1455 1035 1455 971 1456 1035 1456 1037 1456 970 1457 1037 1457 1040 1457 969 1458 970 1458 1040 1458 970 1459 971 1459 1037 1459 971 1460 972 1460 1035 1460 972 1461 973 1461 1038 1461 973 1462 974 1462 1036 1462 1040 1463 1042 1463 969 1463 969 1464 1042 1464 968 1464 968 1465 1042 1465 1044 1465 967 1466 1044 1466 1046 1466 966 1467 1046 1467 1045 1467 965 1468 1045 1468 1043 1468 964 1469 1043 1469 1041 1469 963 1470 964 1470 1041 1470 964 1471 965 1471 1043 1471 965 1472 966 1472 1045 1472 966 1473 967 1473 1046 1473 967 1474 968 1474 1044 1474 1087 467 1088 467 1089 467 1090 467 1087 467 1089 467 1090 1475 1091 1475 1087 1475 1090 1476 1092 1476 1091 1476 1091 1477 1092 1477 1093 1477 1093 467 1092 467 1094 467 1094 467 1092 467 1095 467 1096 1478 1095 1478 1097 1478 1098 467 1096 467 1097 467 1098 467 1099 467 1096 467 1098 467 1100 467 1099 467 1099 467 1100 467 1101 467 1101 1479 1100 1479 1102 1479 1102 467 1100 467 1103 467 1104 1480 1103 1480 1105 1480 1106 467 1105 467 1107 467 1106 467 1104 467 1105 467 1108 1481 1109 1481 1110 1481 1108 467 1111 467 1109 467 1109 467 1111 467 1112 467 1112 467 1111 467 1113 467 1114 467 1113 467 1115 467 1114 467 1112 467 1113 467 1113 467 1116 467 1115 467 1115 467 1116 467 1117 467 1117 467 1116 467 1118 467 1119 1482 1117 1482 1118 1482 1119 1483 1120 1483 1117 1483 1119 1484 1107 1484 1120 1484 1120 467 1107 467 1105 467 1104 1485 1102 1485 1103 1485 1096 467 1094 467 1095 467 1109 467 1121 467 1110 467 1110 1486 1121 1486 1122 1486 1122 467 1121 467 1089 467 1088 467 1122 467 1089 467 1123 1487 1124 1487 1125 1487 1126 1488 1123 1488 1125 1488 1126 1489 1127 1489 1123 1489 1126 1490 1128 1490 1127 1490 1127 1491 1128 1491 1129 1491 1129 1492 1128 1492 1130 1492 1131 1493 1130 1493 1132 1493 1133 1494 1132 1494 1134 1494 1135 1495 1133 1495 1134 1495 1135 1496 1136 1496 1133 1496 1135 1497 1137 1497 1136 1497 1136 1498 1137 1498 1138 1498 1138 1499 1137 1499 1139 1499 1140 1500 1139 1500 1141 1500 1142 1501 1141 1501 1143 1501 1142 1502 1140 1502 1141 1502 1125 1503 1144 1503 1145 1503 1125 1504 1124 1504 1144 1504 1141 1505 1146 1505 1143 1505 1143 1506 1146 1506 1147 1506 1147 1507 1146 1507 1148 1507 1149 1508 1148 1508 1150 1508 1151 1509 1150 1509 1152 1509 1153 1510 1152 1510 1154 1510 1155 1511 1153 1511 1154 1511 1155 1512 1156 1512 1153 1512 1155 1513 1157 1513 1156 1513 1156 1514 1157 1514 1158 1514 1158 1515 1157 1515 1145 1515 1144 1516 1158 1516 1145 1516 1133 1517 1131 1517 1132 1517 1131 1518 1129 1518 1130 1518 1153 1519 1151 1519 1152 1519 1151 1520 1149 1520 1150 1520 1149 1521 1147 1521 1148 1521 1140 1522 1138 1522 1139 1522 595 1523 594 1523 1159 1523 1159 1523 594 1523 1160 1523 1160 1524 594 1524 591 1524 1161 1525 591 1525 588 1525 1162 1526 588 1526 585 1526 1163 1527 585 1527 582 1527 1164 1528 582 1528 584 1528 1165 1528 1164 1528 584 1528 1164 1527 1163 1527 582 1527 1163 1529 1162 1529 585 1529 1162 1525 1161 1525 588 1525 1161 1524 1160 1524 591 1524 584 1530 607 1530 1165 1530 1165 1530 607 1530 1166 1530 1166 1531 607 1531 604 1531 1167 1532 604 1532 601 1532 1168 1533 601 1533 598 1533 1169 1534 598 1534 597 1534 1170 1535 597 1535 595 1535 1159 1535 1170 1535 595 1535 1170 1534 1169 1534 597 1534 1169 1533 1168 1533 598 1533 1168 1536 1167 1536 601 1536 1167 1531 1166 1531 604 1531 999 1537 1001 1537 1168 1537 1168 1538 1001 1538 1167 1538 1167 1539 1001 1539 1002 1539 1166 1540 1002 1540 1004 1540 1165 1541 1004 1541 1006 1541 1164 1542 1006 1542 1008 1542 1163 1543 1008 1543 1010 1543 1162 1544 1163 1544 1010 1544 1163 1545 1164 1545 1008 1545 1164 1546 1165 1546 1006 1546 1165 1547 1166 1547 1004 1547 1166 1548 1167 1548 1002 1548 1010 1549 1009 1549 1162 1549 1162 1550 1009 1550 1161 1550 1161 1551 1009 1551 1007 1551 1160 1552 1007 1552 1005 1552 1159 1553 1005 1553 1003 1553 1170 1554 1003 1554 1000 1554 1169 1555 1000 1555 999 1555 1168 1556 1169 1556 999 1556 1169 1557 1170 1557 1000 1557 1170 1558 1159 1558 1003 1558 1159 1559 1160 1559 1005 1559 1160 1560 1161 1560 1007 1560 1171 1561 1172 1561 831 1561 831 1562 1172 1562 833 1562 833 1563 1172 1563 1173 1563 1174 1564 833 1564 1173 1564 1174 1565 829 1565 833 1565 1174 1566 1175 1566 829 1566 829 1567 1175 1567 828 1567 828 1568 1175 1568 1176 1568 826 1569 1176 1569 1177 1569 825 1570 1177 1570 1178 1570 1179 1571 825 1571 1178 1571 1179 1572 824 1572 825 1572 825 1573 826 1573 1177 1573 826 1574 828 1574 1176 1574 1180 1561 1181 1561 842 1561 842 1562 1181 1562 841 1562 841 1575 1181 1575 1182 1575 1183 1576 841 1576 1182 1576 1183 1577 840 1577 841 1577 1183 1578 1184 1578 840 1578 840 1579 1184 1579 839 1579 839 1580 1184 1580 1185 1580 838 1581 1185 1581 1186 1581 837 1582 1186 1582 1187 1582 1188 1583 837 1583 1187 1583 1188 1572 835 1572 837 1572 837 1584 838 1584 1186 1584 838 1585 839 1585 1185 1585 1189 1586 844 1586 1190 1586 1189 1587 1191 1587 844 1587 844 1588 1191 1588 842 1588 842 1589 1191 1589 1180 1589 844 1590 846 1590 1190 1590 1190 1591 846 1591 1192 1591 1192 1592 846 1592 848 1592 1193 1593 848 1593 849 1593 1194 1594 849 1594 836 1594 1195 1595 836 1595 835 1595 1188 1596 1195 1596 835 1596 1195 1597 1194 1597 836 1597 1194 1598 1193 1598 849 1598 1193 1599 1192 1599 848 1599 1196 1600 830 1600 1197 1600 1196 1587 1198 1587 830 1587 830 1601 1198 1601 831 1601 831 1589 1198 1589 1171 1589 830 1602 821 1602 1197 1602 1197 1603 821 1603 1199 1603 1199 1604 821 1604 820 1604 1200 1605 820 1605 822 1605 1201 1606 822 1606 823 1606 1202 1607 823 1607 824 1607 1179 1608 1202 1608 824 1608 1202 1609 1201 1609 823 1609 1201 1610 1200 1610 822 1610 1200 1611 1199 1611 820 1611 587 1612 975 1612 586 1612 586 1613 975 1613 843 1613 843 1614 975 1614 978 1614 979 1615 843 1615 978 1615 979 1616 845 1616 843 1616 979 1617 981 1617 845 1617 845 1618 981 1618 847 1618 847 1619 981 1619 983 1619 997 1620 995 1620 827 1620 827 1621 995 1621 834 1621 834 1622 995 1622 993 1622 832 1623 993 1623 992 1623 990 1624 832 1624 992 1624 990 1625 605 1625 832 1625 990 1626 603 1626 605 1626 832 1627 834 1627 993 1627 780 1628 1203 1628 31 1628 31 1629 1203 1629 101 1629 101 1630 1203 1630 1204 1630 1205 1631 101 1631 1204 1631 1205 1632 1206 1632 101 1632 101 1633 1206 1633 102 1633 102 1634 1206 1634 1207 1634 1208 1635 102 1635 1207 1635 1208 1636 103 1636 102 1636 1208 1637 1209 1637 103 1637 103 1638 1209 1638 1210 1638 1211 1639 103 1639 1210 1639 1211 1640 104 1640 103 1640 1211 1641 1212 1641 104 1641 104 1642 1212 1642 1213 1642 1214 1643 104 1643 1213 1643 1214 1644 1215 1644 104 1644 104 1645 1215 1645 1216 1645 1217 1646 104 1646 1216 1646 1217 1647 1218 1647 104 1647 104 1648 1218 1648 1219 1648 256 1649 104 1649 1219 1649 326 1650 1220 1650 99 1650 99 1651 1220 1651 1221 1651 1222 1652 99 1652 1221 1652 1222 1653 100 1653 99 1653 1222 1654 1223 1654 100 1654 100 1655 1223 1655 1224 1655 36 1656 1224 1656 1225 1656 1226 1657 36 1657 1225 1657 1226 1658 1227 1658 36 1658 36 1659 1227 1659 35 1659 35 1660 1227 1660 1228 1660 1229 1661 35 1661 1228 1661 1229 1662 1230 1662 35 1662 35 1663 1230 1663 33 1663 33 1664 1230 1664 779 1664 36 1665 100 1665 1224 1665 774 1666 1231 1666 254 1666 254 1667 1231 1667 255 1667 255 1668 1231 1668 1232 1668 218 1669 1232 1669 1233 1669 1234 1670 218 1670 1233 1670 1234 1671 217 1671 218 1671 1234 1672 1235 1672 217 1672 217 1673 1235 1673 1236 1673 215 1674 1236 1674 1237 1674 1238 1675 215 1675 1237 1675 1238 1676 579 1676 215 1676 215 1677 217 1677 1236 1677 218 1678 255 1678 1232 1678 264 1679 1239 1679 239 1679 239 1680 1239 1680 1240 1680 1241 1681 239 1681 1240 1681 1241 1682 1242 1682 239 1682 239 1683 1242 1683 1243 1683 236 1684 1243 1684 1244 1684 1245 1685 236 1685 1244 1685 1245 1686 1246 1686 236 1686 236 1687 1246 1687 237 1687 237 1688 1246 1688 1247 1688 1248 1689 237 1689 1247 1689 1248 1690 1249 1690 237 1690 237 1691 1249 1691 248 1691 248 1692 1249 1692 1250 1692 1251 1693 248 1693 1250 1693 1251 1694 155 1694 248 1694 1251 1695 772 1695 155 1695 236 1696 239 1696 1243 1696 771 1697 1252 1697 154 1697 154 1698 1252 1698 152 1698 152 1699 1252 1699 1253 1699 151 1700 1253 1700 1254 1700 1255 1701 151 1701 1254 1701 1255 1702 150 1702 151 1702 1255 1703 1256 1703 150 1703 150 1704 1256 1704 1257 1704 148 1705 1257 1705 1258 1705 1259 1706 148 1706 1258 1706 1259 1707 299 1707 148 1707 148 1708 150 1708 1257 1708 151 1709 152 1709 1253 1709 578 1710 1260 1710 172 1710 172 1711 1260 1711 1261 1711 1262 1712 172 1712 1261 1712 1262 1713 1263 1713 172 1713 172 1714 1263 1714 1264 1714 169 1715 1264 1715 1265 1715 1266 1716 169 1716 1265 1716 1266 1717 1267 1717 169 1717 169 1718 1267 1718 170 1718 170 1719 1267 1719 1268 1719 1269 1720 170 1720 1268 1720 1269 1721 1270 1721 170 1721 170 1722 1270 1722 225 1722 225 1723 1270 1723 1271 1723 1272 1724 225 1724 1271 1724 1272 1725 253 1725 225 1725 1272 1726 773 1726 253 1726 169 1727 172 1727 1264 1727 1273 1728 1058 1728 1274 1728 1274 1729 1058 1729 1061 1729 1275 1730 1061 1730 1063 1730 1276 1731 1063 1731 1065 1731 1277 1732 1065 1732 1066 1732 1278 1733 1066 1733 1279 1733 1278 1734 1277 1734 1066 1734 1066 1735 1068 1735 1279 1735 1279 1736 1068 1736 1280 1736 1280 1737 1068 1737 1070 1737 1281 1738 1280 1738 1070 1738 1277 1739 1276 1739 1065 1739 1276 1740 1275 1740 1063 1740 1275 1741 1274 1741 1061 1741 1281 1742 1070 1742 1282 1742 1282 1743 1070 1743 1048 1743 1283 1744 1048 1744 1051 1744 1284 1745 1051 1745 1053 1745 1285 1746 1053 1746 1054 1746 1286 1747 1054 1747 1287 1747 1286 1748 1285 1748 1054 1748 1054 1749 1056 1749 1287 1749 1287 1750 1056 1750 1288 1750 1288 1751 1056 1751 1058 1751 1273 1752 1288 1752 1058 1752 1285 1753 1284 1753 1053 1753 1284 1754 1283 1754 1051 1754 1283 1755 1282 1755 1048 1755 114 1756 997 1756 113 1756 113 1756 997 1756 827 1756 111 1756 827 1756 92 1756 111 1757 113 1757 827 1757 82 1758 85 1758 983 1758 983 1758 85 1758 847 1758 847 1759 85 1759 86 1759 88 1758 847 1758 86 1758 1154 1760 1289 1760 1155 1760 1155 1761 1289 1761 1290 1761 1157 1762 1290 1762 1291 1762 1145 1763 1291 1763 1125 1763 1145 1764 1157 1764 1291 1764 1290 1765 1289 1765 1292 1765 1291 1766 1292 1766 1293 1766 1294 1767 1293 1767 1295 1767 1296 1768 1295 1768 1297 1768 1298 1769 1297 1769 1299 1769 1300 1770 1299 1770 1301 1770 1302 1771 1301 1771 1303 1771 1304 1772 1303 1772 1305 1772 1304 1773 1302 1773 1303 1773 1304 1774 1134 1774 1302 1774 1302 1775 1134 1775 1132 1775 1130 1776 1302 1776 1132 1776 1130 1777 1300 1777 1302 1777 1130 1778 1128 1778 1300 1778 1300 1779 1128 1779 1298 1779 1299 1780 1300 1780 1298 1780 1289 1781 1306 1781 1292 1781 1292 1782 1306 1782 1307 1782 1308 1783 1307 1783 1273 1783 1274 1784 1308 1784 1273 1784 1274 1785 1275 1785 1308 1785 1308 1786 1275 1786 1309 1786 1293 1787 1309 1787 1295 1787 1293 1788 1308 1788 1309 1788 1293 1789 1292 1789 1308 1789 1308 1790 1292 1790 1307 1790 1275 1791 1276 1791 1309 1791 1309 1792 1276 1792 1310 1792 1295 1793 1310 1793 1297 1793 1295 1794 1309 1794 1310 1794 1276 1795 1277 1795 1310 1795 1310 1796 1277 1796 1311 1796 1297 1797 1311 1797 1299 1797 1297 1798 1310 1798 1311 1798 1311 1799 1277 1799 1312 1799 1299 1800 1312 1800 1301 1800 1299 1801 1311 1801 1312 1801 1280 1802 1313 1802 1279 1802 1280 1803 1281 1803 1313 1803 1313 1804 1281 1804 1314 1804 1303 1805 1314 1805 1305 1805 1303 1806 1313 1806 1314 1806 1303 1807 1315 1807 1313 1807 1303 1808 1301 1808 1315 1808 1315 1809 1301 1809 1312 1809 1278 1810 1312 1810 1277 1810 1278 1811 1315 1811 1312 1811 1278 1812 1279 1812 1315 1812 1315 1813 1279 1813 1313 1813 1298 1814 1128 1814 1296 1814 1297 1815 1298 1815 1296 1815 1125 1816 1294 1816 1126 1816 1125 1817 1291 1817 1294 1817 1294 1818 1291 1818 1293 1818 1128 1819 1126 1819 1296 1819 1296 1820 1126 1820 1294 1820 1295 1821 1296 1821 1294 1821 1155 1822 1290 1822 1157 1822 1290 1823 1292 1823 1291 1823 1300 1824 1301 1824 1302 1824 1288 1825 1273 1825 1316 1825 1287 1826 1316 1826 1317 1826 1286 1827 1317 1827 1318 1827 1285 1828 1318 1828 1319 1828 1320 1829 1319 1829 1321 1829 1322 1830 1321 1830 1323 1830 1324 1831 1323 1831 1146 1831 1141 1832 1324 1832 1146 1832 1141 1833 1325 1833 1324 1833 1141 1834 1139 1834 1325 1834 1325 1835 1139 1835 1137 1835 1326 1836 1137 1836 1135 1836 1304 1837 1135 1837 1134 1837 1304 1838 1326 1838 1135 1838 1304 1839 1327 1839 1326 1839 1304 1840 1305 1840 1327 1840 1327 1841 1305 1841 1314 1841 1328 1842 1314 1842 1281 1842 1282 1843 1328 1843 1281 1843 1282 1844 1283 1844 1328 1844 1328 1845 1283 1845 1329 1845 1330 1846 1329 1846 1322 1846 1324 1847 1322 1847 1323 1847 1324 1848 1330 1848 1322 1848 1324 1849 1325 1849 1330 1849 1330 1850 1325 1850 1327 1850 1328 1851 1327 1851 1314 1851 1328 1852 1330 1852 1327 1852 1328 1853 1329 1853 1330 1853 1306 1854 1331 1854 1307 1854 1306 1855 1289 1855 1331 1855 1331 1856 1289 1856 1332 1856 1333 1857 1332 1857 1334 1857 1335 1858 1334 1858 1336 1858 1321 1859 1336 1859 1323 1859 1321 1860 1335 1860 1336 1860 1321 1861 1319 1861 1335 1861 1335 1862 1319 1862 1318 1862 1333 1863 1318 1863 1317 1863 1331 1864 1317 1864 1316 1864 1307 1865 1316 1865 1273 1865 1307 1866 1331 1866 1316 1866 1289 1867 1154 1867 1332 1867 1332 1868 1154 1868 1152 1868 1150 1869 1332 1869 1152 1869 1150 1870 1334 1870 1332 1870 1150 1871 1148 1871 1334 1871 1334 1872 1148 1872 1336 1872 1336 1873 1148 1873 1323 1873 1323 1874 1148 1874 1146 1874 1283 1875 1284 1875 1329 1875 1329 1876 1284 1876 1320 1876 1322 1877 1320 1877 1321 1877 1322 1878 1329 1878 1320 1878 1284 1879 1285 1879 1320 1879 1320 1880 1285 1880 1319 1880 1285 1881 1286 1881 1318 1881 1286 1882 1287 1882 1317 1882 1287 1883 1288 1883 1316 1883 1317 1884 1331 1884 1333 1884 1333 1885 1331 1885 1332 1885 1318 1886 1333 1886 1335 1886 1335 1887 1333 1887 1334 1887 1137 1888 1326 1888 1325 1888 1325 1889 1326 1889 1327 1889 1088 1890 1087 1890 1337 1890 1337 1891 1087 1891 1338 1891 1339 1892 1338 1892 1340 1892 1341 1893 1340 1893 1342 1893 1343 1894 1342 1894 1344 1894 1343 1895 1341 1895 1342 1895 1343 1896 1345 1896 1341 1896 1341 1897 1345 1897 1346 1897 1347 1898 1346 1898 1348 1898 1349 1899 1347 1899 1348 1899 1349 1900 1339 1900 1347 1900 1349 1901 1350 1901 1339 1901 1339 1902 1350 1902 1337 1902 1338 1903 1339 1903 1337 1903 1087 1904 1091 1904 1338 1904 1338 1905 1091 1905 1351 1905 1340 1906 1351 1906 1352 1906 1342 1907 1352 1907 1353 1907 1344 1908 1353 1908 1354 1908 1344 1909 1342 1909 1353 1909 1091 1910 1093 1910 1351 1910 1351 1911 1093 1911 1355 1911 1352 1912 1355 1912 1356 1912 1353 1913 1356 1913 1357 1913 1354 1914 1357 1914 1358 1914 1354 1915 1353 1915 1357 1915 1093 1916 1094 1916 1355 1916 1355 1917 1094 1917 1096 1917 1359 1918 1096 1918 1099 1918 1360 1919 1099 1919 1101 1919 1361 1920 1101 1920 1102 1920 1362 1921 1102 1921 1104 1921 1106 1922 1362 1922 1104 1922 1106 1923 1363 1923 1362 1923 1362 1924 1363 1924 1364 1924 1361 1925 1364 1925 1365 1925 1360 1926 1365 1926 1366 1926 1359 1927 1366 1927 1356 1927 1355 1928 1359 1928 1356 1928 1355 1929 1096 1929 1359 1929 1363 1930 1367 1930 1364 1930 1364 1931 1367 1931 1368 1931 1369 1932 1368 1932 1370 1932 1371 1933 1369 1933 1370 1933 1371 1934 1372 1934 1369 1934 1371 1935 1358 1935 1372 1935 1372 1936 1358 1936 1357 1936 1366 1937 1357 1937 1356 1937 1366 1938 1372 1938 1357 1938 1366 1939 1365 1939 1372 1939 1372 1940 1365 1940 1369 1940 1369 1941 1365 1941 1364 1941 1368 1942 1369 1942 1364 1942 1346 1943 1347 1943 1341 1943 1341 1944 1347 1944 1339 1944 1340 1945 1341 1945 1339 1945 1366 1946 1359 1946 1360 1946 1360 1947 1359 1947 1099 1947 1351 1948 1340 1948 1338 1948 1355 1949 1352 1949 1351 1949 1352 1950 1342 1950 1340 1950 1356 1951 1353 1951 1352 1951 1101 1952 1361 1952 1360 1952 1360 1953 1361 1953 1365 1953 1364 1954 1361 1954 1362 1954 1362 1955 1361 1955 1102 1955 1373 1956 1370 1956 1374 1956 1375 1957 1374 1957 1376 1957 1377 1958 1376 1958 1378 1958 1379 1959 1378 1959 1119 1959 1118 1960 1379 1960 1119 1960 1118 1961 1380 1961 1379 1961 1118 1962 1116 1962 1380 1962 1380 1963 1116 1963 1113 1963 1381 1964 1113 1964 1111 1964 1382 1965 1111 1965 1108 1965 1383 1966 1108 1966 1110 1966 1384 1967 1110 1967 1122 1967 1088 1968 1384 1968 1122 1968 1088 1969 1337 1969 1384 1969 1384 1970 1337 1970 1385 1970 1383 1971 1385 1971 1386 1971 1382 1972 1386 1972 1387 1972 1381 1973 1387 1973 1388 1973 1380 1974 1388 1974 1389 1974 1379 1975 1389 1975 1377 1975 1378 1976 1379 1976 1377 1976 1367 1977 1376 1977 1368 1977 1367 1978 1363 1978 1376 1978 1376 1979 1363 1979 1378 1979 1378 1980 1363 1980 1107 1980 1119 1981 1378 1981 1107 1981 1363 1982 1106 1982 1107 1982 1337 1983 1350 1983 1385 1983 1385 1984 1350 1984 1349 1984 1390 1985 1349 1985 1348 1985 1391 1986 1390 1986 1348 1986 1391 1987 1392 1987 1390 1987 1391 1988 1393 1988 1392 1988 1392 1989 1393 1989 1394 1989 1387 1990 1394 1990 1388 1990 1387 1991 1392 1991 1394 1991 1387 1992 1386 1992 1392 1992 1392 1993 1386 1993 1390 1993 1390 1994 1386 1994 1385 1994 1349 1995 1390 1995 1385 1995 1393 1996 1395 1996 1394 1996 1394 1997 1395 1997 1396 1997 1388 1998 1396 1998 1389 1998 1388 1999 1394 1999 1396 1999 1395 2000 1397 2000 1396 2000 1396 2001 1397 2001 1398 2001 1389 2002 1398 2002 1377 2002 1389 2003 1396 2003 1398 2003 1397 2004 1399 2004 1398 2004 1398 2005 1399 2005 1400 2005 1375 2006 1400 2006 1373 2006 1374 2007 1375 2007 1373 2007 1377 2008 1398 2008 1375 2008 1376 2009 1377 2009 1375 2009 1388 2010 1380 2010 1381 2010 1381 2011 1380 2011 1113 2011 1387 2012 1381 2012 1382 2012 1382 2013 1381 2013 1111 2013 1370 2014 1368 2014 1374 2014 1374 2015 1368 2015 1376 2015 1380 2016 1389 2016 1379 2016 1375 2017 1398 2017 1400 2017 1108 2018 1383 2018 1382 2018 1382 2019 1383 2019 1386 2019 1385 2020 1383 2020 1384 2020 1384 2021 1383 2021 1110 2021 1033 2022 1034 2022 1397 2022 1397 2023 1034 2023 1399 2023 1399 2024 1034 2024 1400 2024 1400 2025 1034 2025 1021 2025 1373 2026 1021 2026 1012 2026 1370 2027 1012 2027 1371 2027 1370 2028 1373 2028 1012 2028 1012 2029 1015 2029 1371 2029 1371 2030 1015 2030 1358 2030 1358 2031 1015 2031 1017 2031 1354 2032 1017 2032 1019 2032 1344 2033 1354 2033 1019 2033 1354 2034 1358 2034 1017 2034 1373 2035 1400 2035 1021 2035 1019 2036 1020 2036 1344 2036 1344 2037 1020 2037 1343 2037 1343 2038 1020 2038 1345 2038 1345 2039 1020 2039 1024 2039 1346 2040 1024 2040 1026 2040 1348 2041 1026 2041 1391 2041 1348 2042 1346 2042 1026 2042 1026 2043 1028 2043 1391 2043 1391 2044 1028 2044 1393 2044 1393 2045 1028 2045 1031 2045 1395 2046 1031 2046 1033 2046 1397 2047 1395 2047 1033 2047 1395 2048 1393 2048 1031 2048 1346 2049 1345 2049 1024 2049 697 2050 698 2050 1401 2050 695 2051 1401 2051 931 2051 695 2052 697 2052 1401 2052 888 2053 1402 2053 885 2053 888 2054 890 2054 1402 2054 1402 2055 890 2055 1403 2055 1081 2056 1403 2056 1082 2056 1081 2057 1402 2057 1403 2057 1081 2058 1080 2058 1402 2058 1402 2059 1080 2059 1079 2059 1401 2060 1079 2060 931 2060 1401 2061 1402 2061 1079 2061 1401 2062 885 2062 1402 2062 1401 2063 698 2063 885 2063 890 2064 893 2064 1403 2064 1403 2065 893 2065 895 2065 1404 2066 895 2066 897 2066 1405 2067 897 2067 900 2067 901 2068 1405 2068 900 2068 901 2069 1406 2069 1405 2069 901 2070 903 2070 1406 2070 1406 2071 903 2071 1407 2071 1085 2072 1407 2072 1086 2072 1085 2073 1406 2073 1407 2073 1085 2074 1084 2074 1406 2074 1406 2075 1084 2075 1405 2075 1405 2076 1084 2076 1083 2076 1404 2077 1083 2077 1082 2077 1403 2078 1404 2078 1082 2078 1403 2079 895 2079 1404 2079 903 2080 905 2080 1407 2080 1407 2081 905 2081 907 2081 1408 2082 907 2082 909 2082 1409 2083 909 2083 911 2083 920 2084 1409 2084 911 2084 920 2085 79 2085 1409 2085 920 2086 75 2086 79 2086 79 2087 80 2087 1409 2087 1409 2088 80 2088 1408 2088 909 2089 1409 2089 1408 2089 80 2090 81 2090 1408 2090 1408 2091 81 2091 1086 2091 1407 2092 1408 2092 1086 2092 1407 2093 907 2093 1408 2093 1079 2094 929 2094 931 2094 1083 2095 1404 2095 1405 2095 1405 2096 1404 2096 897 2096 120 2097 884 2097 122 2097 122 2098 884 2098 1410 2098 123 2099 1410 2099 1411 2099 124 2100 1411 2100 1071 2100 124 2101 123 2101 1411 2101 884 2102 857 2102 1410 2102 1410 2103 857 2103 859 2103 1411 2104 859 2104 861 2104 1412 2105 861 2105 863 2105 865 2106 1412 2106 863 2106 865 2107 1413 2107 1412 2107 865 2108 867 2108 1413 2108 1413 2109 867 2109 1414 2109 1073 2110 1414 2110 1074 2110 1073 2111 1413 2111 1414 2111 1073 2112 1072 2112 1413 2112 1413 2113 1072 2113 1412 2113 1412 2114 1072 2114 1071 2114 1411 2115 1412 2115 1071 2115 1411 2116 861 2116 1412 2116 867 2117 869 2117 1414 2117 1414 2118 869 2118 870 2118 1415 2119 870 2119 872 2119 1416 2120 872 2120 875 2120 877 2121 1416 2121 875 2121 877 2122 1417 2122 1416 2122 877 2123 880 2123 1417 2123 1417 2124 880 2124 882 2124 1418 2125 882 2125 709 2125 712 2126 1418 2126 709 2126 712 2127 711 2127 1418 2127 1418 2128 711 2128 932 2128 1078 2129 932 2129 930 2129 1078 2130 1418 2130 932 2130 1078 2131 1417 2131 1418 2131 1078 2132 1077 2132 1417 2132 1417 2133 1077 2133 1076 2133 1416 2134 1076 2134 1075 2134 1415 2135 1075 2135 1074 2135 1414 2136 1415 2136 1074 2136 1414 2137 870 2137 1415 2137 123 2138 122 2138 1410 2138 872 2139 1416 2139 1415 2139 1415 2140 1416 2140 1075 2140 1418 2141 1417 2141 882 2141 1416 2142 1417 2142 1076 2142 859 2143 1411 2143 1410 2143 853 2144 1419 2144 854 2144 854 2145 1419 2145 1420 2145 1421 2146 1420 2146 1422 2146 1423 2147 1422 2147 1424 2147 1425 2148 1424 2148 1426 2148 1427 2149 1426 2149 1428 2149 1429 2150 1428 2150 1430 2150 1431 2151 1430 2151 1432 2151 1433 2152 1432 2152 1434 2152 1435 2153 1433 2153 1434 2153 1435 2154 1436 2154 1433 2154 1435 2155 1437 2155 1436 2155 1436 2156 1437 2156 1438 2156 1439 2157 1438 2157 1440 2157 1441 2158 1440 2158 1442 2158 1443 2159 1442 2159 1444 2159 1445 2160 1444 2160 1446 2160 1447 2161 1446 2161 1448 2161 1449 2162 1448 2162 1450 2162 874 2163 1450 2163 876 2163 874 2164 1449 2164 1450 2164 874 2165 873 2165 1449 2165 1449 2166 873 2166 871 2166 1451 2167 871 2167 868 2167 1452 2168 868 2168 866 2168 1453 2169 866 2169 864 2169 1454 2170 864 2170 862 2170 860 2171 1454 2171 862 2171 860 2172 1455 2172 1454 2172 860 2173 858 2173 1455 2173 1455 2174 858 2174 1456 2174 1457 2175 1456 2175 1423 2175 1425 2176 1423 2176 1424 2176 1425 2177 1457 2177 1423 2177 1425 2178 1458 2178 1457 2178 1425 2179 1427 2179 1458 2179 1425 2180 1426 2180 1427 2180 1419 2181 1459 2181 1420 2181 1420 2182 1459 2182 1460 2182 1422 2183 1460 2183 1461 2183 1424 2184 1461 2184 1462 2184 1426 2185 1462 2185 1463 2185 1428 2186 1463 2186 1464 2186 1430 2187 1464 2187 1465 2187 1432 2188 1465 2188 1466 2188 1467 2189 1432 2189 1466 2189 1467 2190 1434 2190 1432 2190 1459 2191 1468 2191 1460 2191 1460 2192 1468 2192 1469 2192 1461 2193 1469 2193 1470 2193 1462 2194 1470 2194 1471 2194 1463 2195 1471 2195 1472 2195 1464 2196 1472 2196 1473 2196 1465 2197 1473 2197 1474 2197 1466 2198 1465 2198 1474 2198 1468 2199 1475 2199 1469 2199 1469 2200 1475 2200 1476 2200 1477 2201 1476 2201 1478 2201 1470 2202 1478 2202 1479 2202 1471 2203 1479 2203 1480 2203 1481 2204 1480 2204 1482 2204 1483 2205 1481 2205 1482 2205 1483 2206 1484 2206 1481 2206 1481 2207 1484 2207 1472 2207 1471 2208 1481 2208 1472 2208 1471 2209 1480 2209 1481 2209 1478 2210 1485 2210 1479 2210 1479 2211 1485 2211 1480 2211 1472 2212 1484 2212 1486 2212 1473 2213 1486 2213 1487 2213 1488 2214 1487 2214 1489 2214 1488 2215 1473 2215 1487 2215 1488 2216 1474 2216 1473 2216 1484 2217 1490 2217 1486 2217 1486 2218 1490 2218 1487 2218 1437 2219 1491 2219 1438 2219 1438 2220 1491 2220 1492 2220 1493 2221 1492 2221 1494 2221 1495 2222 1494 2222 1496 2222 1497 2223 1495 2223 1496 2223 1497 2224 1498 2224 1495 2224 1497 2225 1499 2225 1498 2225 1498 2226 1499 2226 1500 2226 1501 2227 1498 2227 1500 2227 1501 2228 1502 2228 1498 2228 1498 2229 1502 2229 1503 2229 1504 2230 1503 2230 1505 2230 1506 2231 1505 2231 1507 2231 1444 2232 1507 2232 1446 2232 1444 2233 1506 2233 1507 2233 1444 2234 1442 2234 1506 2234 1506 2235 1442 2235 1508 2235 1504 2236 1508 2236 1495 2236 1498 2237 1504 2237 1495 2237 1498 2238 1503 2238 1504 2238 1502 2239 1509 2239 1503 2239 1503 2240 1509 2240 1510 2240 1511 2241 1510 2241 1512 2241 1513 2242 1512 2242 1514 2242 1515 2243 1514 2243 1516 2243 1517 2244 1516 2244 1518 2244 1450 2245 1518 2245 878 2245 876 2246 1450 2246 878 2246 710 2247 1519 2247 1512 2247 710 2248 883 2248 1519 2248 1519 2249 883 2249 881 2249 1520 2250 881 2250 879 2250 1518 2251 879 2251 878 2251 1518 2252 1520 2252 879 2252 1518 2253 1516 2253 1520 2253 1520 2254 1516 2254 1521 2254 1519 2255 1521 2255 1512 2255 1519 2256 1520 2256 1521 2256 1519 2257 881 2257 1520 2257 858 2258 856 2258 1456 2258 1456 2259 856 2259 855 2259 1421 2260 855 2260 854 2260 1420 2261 1421 2261 854 2261 1470 2262 1469 2262 1477 2262 1478 2263 1470 2263 1477 2263 1423 2264 1456 2264 1421 2264 1422 2265 1423 2265 1421 2265 1456 2266 1457 2266 1455 2266 1455 2267 1457 2267 1522 2267 1454 2268 1522 2268 1523 2268 1453 2269 1523 2269 1524 2269 1452 2270 1524 2270 1525 2270 1451 2271 1525 2271 1447 2271 1449 2272 1447 2272 1448 2272 1449 2273 1451 2273 1447 2273 1449 2274 871 2274 1451 2274 1523 2275 1453 2275 1454 2275 1454 2276 1453 2276 864 2276 1454 2277 1455 2277 1522 2277 1524 2278 1452 2278 1453 2278 1453 2279 1452 2279 866 2279 1525 2280 1451 2280 1452 2280 1452 2281 1451 2281 868 2281 1518 2282 1450 2282 1517 2282 1517 2283 1450 2283 1448 2283 1526 2284 1448 2284 1446 2284 1507 2285 1526 2285 1446 2285 1507 2286 1527 2286 1526 2286 1507 2287 1505 2287 1527 2287 1527 2288 1505 2288 1511 2288 1513 2289 1511 2289 1512 2289 1513 2290 1527 2290 1511 2290 1513 2291 1515 2291 1527 2291 1513 2292 1514 2292 1515 2292 855 2293 1421 2293 1456 2293 1460 2294 1422 2294 1420 2294 1457 2295 1458 2295 1522 2295 1522 2296 1458 2296 1528 2296 1523 2297 1528 2297 1529 2297 1524 2298 1529 2298 1530 2298 1525 2299 1530 2299 1445 2299 1447 2300 1445 2300 1446 2300 1447 2301 1525 2301 1445 2301 1523 2302 1522 2302 1528 2302 1524 2303 1523 2303 1529 2303 1525 2304 1524 2304 1530 2304 1448 2305 1526 2305 1517 2305 1517 2306 1526 2306 1515 2306 1516 2307 1517 2307 1515 2307 1516 2308 1514 2308 1521 2308 1521 2309 1514 2309 1512 2309 1469 2310 1461 2310 1460 2310 1461 2311 1424 2311 1422 2311 1528 2312 1458 2312 1531 2312 1532 2313 1531 2313 1533 2313 1534 2314 1533 2314 1535 2314 1439 2315 1535 2315 1436 2315 1438 2316 1439 2316 1436 2316 1531 2317 1532 2317 1528 2317 1528 2318 1532 2318 1529 2318 1529 2319 1532 2319 1536 2319 1530 2320 1536 2320 1443 2320 1445 2321 1443 2321 1444 2321 1445 2322 1530 2322 1443 2322 1530 2323 1529 2323 1536 2323 1515 2324 1526 2324 1527 2324 1470 2325 1462 2325 1461 2325 1462 2326 1426 2326 1424 2326 1458 2327 1427 2327 1531 2327 1531 2328 1427 2328 1429 2328 1533 2329 1429 2329 1431 2329 1535 2330 1431 2330 1433 2330 1436 2331 1535 2331 1433 2331 1533 2332 1534 2332 1532 2332 1532 2333 1534 2333 1536 2333 1536 2334 1534 2334 1441 2334 1443 2335 1441 2335 1442 2335 1443 2336 1536 2336 1441 2336 1477 2337 1469 2337 1476 2337 1479 2338 1471 2338 1470 2338 1471 2339 1463 2339 1462 2339 1463 2340 1428 2340 1426 2340 1428 2341 1429 2341 1427 2341 1429 2342 1533 2342 1531 2342 1535 2343 1439 2343 1534 2343 1534 2344 1439 2344 1441 2344 1441 2345 1439 2345 1440 2345 1508 2346 1504 2346 1506 2346 1506 2347 1504 2347 1505 2347 1510 2348 1511 2348 1503 2348 1503 2349 1511 2349 1505 2349 1472 2350 1464 2350 1463 2350 1464 2351 1430 2351 1428 2351 1430 2352 1431 2352 1429 2352 1431 2353 1535 2353 1533 2353 1442 2354 1440 2354 1508 2354 1508 2355 1440 2355 1493 2355 1495 2356 1493 2356 1494 2356 1495 2357 1508 2357 1493 2357 1486 2358 1473 2358 1472 2358 1473 2359 1465 2359 1464 2359 1465 2360 1432 2360 1430 2360 1432 2361 1433 2361 1431 2361 1492 2362 1493 2362 1438 2362 1438 2363 1493 2363 1440 2363 700 2364 1537 2364 886 2364 886 2365 1537 2365 1538 2365 887 2366 1538 2366 1539 2366 889 2367 1539 2367 1540 2367 891 2368 1540 2368 1541 2368 892 2369 1541 2369 894 2369 892 2370 891 2370 1541 2370 1537 2371 1542 2371 1538 2371 1538 2372 1542 2372 1543 2372 1544 2373 1543 2373 1545 2373 1546 2374 1545 2374 1547 2374 1548 2375 1547 2375 1549 2375 1550 2376 1549 2376 1551 2376 1552 2377 1551 2377 1553 2377 1554 2378 1553 2378 1555 2378 1556 2379 1554 2379 1555 2379 1556 2380 1557 2380 1554 2380 1554 2381 1557 2381 1558 2381 1559 2382 1558 2382 1560 2382 1561 2383 1560 2383 1562 2383 1563 2384 1562 2384 1564 2384 1565 2385 1564 2385 1566 2385 1567 2386 1566 2386 1568 2386 1569 2387 1568 2387 1570 2387 899 2388 1570 2388 902 2388 899 2389 1569 2389 1570 2389 899 2390 898 2390 1569 2390 1569 2391 898 2391 1571 2391 1567 2392 1571 2392 1572 2392 1565 2393 1572 2393 1573 2393 1563 2394 1573 2394 1574 2394 1561 2395 1574 2395 1575 2395 1559 2396 1575 2396 1552 2396 1554 2397 1552 2397 1553 2397 1554 2398 1559 2398 1552 2398 1554 2399 1558 2399 1559 2399 1542 2400 1576 2400 1543 2400 1543 2401 1576 2401 1577 2401 1545 2402 1577 2402 1578 2402 1547 2403 1578 2403 1579 2403 1549 2404 1579 2404 1580 2404 1551 2405 1580 2405 1581 2405 1553 2406 1581 2406 1582 2406 1555 2407 1553 2407 1582 2407 1576 2408 1583 2408 1577 2408 1577 2409 1583 2409 1584 2409 1585 2410 1584 2410 1586 2410 1587 2411 1585 2411 1586 2411 1587 2412 1578 2412 1585 2412 1587 2413 1588 2413 1578 2413 1587 2414 1589 2414 1588 2414 1588 2415 1589 2415 1590 2415 1579 2416 1590 2416 1591 2416 1580 2417 1591 2417 1592 2417 1581 2418 1592 2418 1593 2418 1594 2419 1581 2419 1593 2419 1594 2420 1582 2420 1581 2420 1590 2421 1595 2421 1591 2421 1591 2422 1595 2422 1596 2422 1597 2423 1596 2423 1598 2423 1599 2424 1597 2424 1598 2424 1599 2425 1592 2425 1597 2425 1599 2426 1593 2426 1592 2426 1557 2427 1600 2427 1558 2427 1558 2428 1600 2428 1601 2428 1560 2429 1601 2429 1602 2429 1562 2430 1602 2430 1603 2430 1564 2431 1603 2431 1604 2431 1566 2432 1604 2432 1605 2432 1568 2433 1605 2433 1606 2433 1570 2434 1606 2434 1607 2434 904 2435 1607 2435 906 2435 904 2436 1570 2436 1607 2436 904 2437 902 2437 1570 2437 1600 2438 1608 2438 1601 2438 1601 2439 1608 2439 1609 2439 1602 2440 1609 2440 1610 2440 1603 2441 1610 2441 1611 2441 1604 2442 1611 2442 1612 2442 1605 2443 1612 2443 1613 2443 1606 2444 1613 2444 1614 2444 1607 2445 1614 2445 1615 2445 906 2446 1615 2446 908 2446 906 2447 1607 2447 1615 2447 1608 2448 1616 2448 1609 2448 1609 2449 1616 2449 1617 2449 1610 2450 1617 2450 1618 2450 1611 2451 1618 2451 1619 2451 1612 2452 1619 2452 1620 2452 1613 2453 1620 2453 1621 2453 1614 2454 1621 2454 1622 2454 1615 2455 1622 2455 1623 2455 910 2456 1623 2456 912 2456 910 2457 1615 2457 1623 2457 910 2458 908 2458 1615 2458 1616 2459 1624 2459 1617 2459 1617 2460 1624 2460 1625 2460 1618 2461 1625 2461 1626 2461 1619 2462 1626 2462 1627 2462 1620 2463 1627 2463 1628 2463 1621 2464 1628 2464 1629 2464 1622 2465 1629 2465 1630 2465 1623 2466 1630 2466 1631 2466 913 2467 1631 2467 914 2467 913 2468 1623 2468 1631 2468 913 2469 912 2469 1623 2469 1624 2470 1632 2470 1625 2470 1625 2471 1632 2471 1633 2471 1634 2472 1633 2472 1635 2472 1636 2473 1635 2473 1637 2473 1638 2474 1637 2474 1639 2474 1640 2475 1639 2475 918 2475 917 2476 1640 2476 918 2476 917 2477 1641 2477 1640 2477 917 2478 916 2478 1641 2478 1641 2479 916 2479 1642 2479 1630 2480 1642 2480 1631 2480 1630 2481 1641 2481 1642 2481 1630 2482 1629 2482 1641 2482 1641 2483 1629 2483 1640 2483 1640 2484 1629 2484 1628 2484 1638 2485 1628 2485 1627 2485 1636 2486 1627 2486 1626 2486 1634 2487 1626 2487 1625 2487 1633 2488 1634 2488 1625 2488 1639 2489 919 2489 918 2489 916 2490 915 2490 1642 2490 1642 2491 915 2491 1643 2491 1631 2492 1643 2492 914 2492 1631 2493 1642 2493 1643 2493 915 2494 914 2494 1643 2494 898 2495 896 2495 1571 2495 1571 2496 896 2496 1644 2496 1572 2497 1644 2497 1645 2497 1573 2498 1645 2498 1646 2498 1574 2499 1646 2499 1647 2499 1575 2500 1647 2500 1550 2500 1552 2501 1550 2501 1551 2501 1552 2502 1575 2502 1550 2502 896 2503 894 2503 1644 2503 1644 2504 894 2504 1541 2504 1645 2505 1541 2505 1648 2505 1646 2506 1648 2506 1649 2506 1647 2507 1649 2507 1548 2507 1550 2508 1548 2508 1549 2508 1550 2509 1647 2509 1548 2509 891 2510 889 2510 1540 2510 889 2511 887 2511 1539 2511 887 2512 886 2512 1538 2512 1578 2513 1577 2513 1585 2513 1585 2514 1577 2514 1584 2514 1543 2515 1544 2515 1538 2515 1538 2516 1544 2516 1539 2516 1539 2517 1544 2517 1650 2517 1540 2518 1650 2518 1648 2518 1541 2519 1540 2519 1648 2519 1540 2520 1539 2520 1650 2520 1644 2521 1541 2521 1645 2521 1571 2522 1644 2522 1572 2522 1568 2523 1569 2523 1567 2523 1567 2524 1569 2524 1571 2524 1545 2525 1546 2525 1544 2525 1544 2526 1546 2526 1650 2526 1650 2527 1546 2527 1649 2527 1648 2528 1650 2528 1649 2528 1645 2529 1648 2529 1646 2529 1572 2530 1645 2530 1573 2530 1566 2531 1567 2531 1565 2531 1565 2532 1567 2532 1572 2532 1568 2533 1606 2533 1570 2533 1606 2534 1614 2534 1607 2534 1614 2535 1622 2535 1615 2535 1622 2536 1630 2536 1623 2536 1577 2537 1545 2537 1543 2537 1547 2538 1548 2538 1546 2538 1546 2539 1548 2539 1649 2539 1646 2540 1649 2540 1647 2540 1573 2541 1646 2541 1574 2541 1564 2542 1565 2542 1563 2542 1563 2543 1565 2543 1573 2543 1566 2544 1605 2544 1568 2544 1605 2545 1613 2545 1606 2545 1613 2546 1621 2546 1614 2546 1621 2547 1629 2547 1622 2547 1578 2548 1547 2548 1545 2548 1574 2549 1647 2549 1575 2549 1562 2550 1563 2550 1561 2550 1561 2551 1563 2551 1574 2551 1564 2552 1604 2552 1566 2552 1604 2553 1612 2553 1605 2553 1612 2554 1620 2554 1613 2554 1620 2555 1628 2555 1621 2555 1639 2556 1640 2556 1638 2556 1638 2557 1640 2557 1628 2557 1590 2558 1579 2558 1588 2558 1588 2559 1579 2559 1578 2559 1579 2560 1549 2560 1547 2560 1560 2561 1561 2561 1559 2561 1559 2562 1561 2562 1575 2562 1562 2563 1603 2563 1564 2563 1603 2564 1611 2564 1604 2564 1611 2565 1619 2565 1612 2565 1619 2566 1627 2566 1620 2566 1637 2567 1638 2567 1636 2567 1636 2568 1638 2568 1627 2568 1591 2569 1580 2569 1579 2569 1580 2570 1551 2570 1549 2570 1560 2571 1602 2571 1562 2571 1602 2572 1610 2572 1603 2572 1610 2573 1618 2573 1611 2573 1618 2574 1626 2574 1619 2574 1635 2575 1636 2575 1634 2575 1634 2576 1636 2576 1626 2576 1596 2577 1597 2577 1591 2577 1591 2578 1597 2578 1592 2578 1592 2579 1581 2579 1580 2579 1581 2580 1553 2580 1551 2580 1558 2581 1601 2581 1560 2581 1601 2582 1609 2582 1602 2582 1609 2583 1617 2583 1610 2583 1617 2584 1625 2584 1618 2584 776 2585 778 2585 1651 2585 1651 2586 778 2586 1652 2586 1653 2587 1652 2587 1654 2587 1655 2588 1654 2588 1656 2588 1657 2589 1656 2589 1658 2589 1659 2590 1658 2590 1660 2590 1661 2591 1660 2591 1662 2591 1661 2592 1659 2592 1660 2592 1660 2593 1663 2593 1662 2593 1662 2594 1663 2594 1664 2594 1664 2595 1663 2595 1665 2595 1666 2596 1665 2596 1667 2596 1666 2597 1664 2597 1665 2597 1667 2598 1665 2598 177 2598 179 2599 1667 2599 177 2599 1665 2600 1668 2600 177 2600 177 2601 1668 2601 1669 2601 576 2602 177 2602 1669 2602 1659 2603 1657 2603 1658 2603 1657 2604 1655 2604 1656 2604 1655 2605 1653 2605 1654 2605 1653 2606 1651 2606 1652 2606 581 2607 1670 2607 210 2607 210 2608 1670 2608 1671 2608 1672 2609 1671 2609 1673 2609 1672 2610 210 2610 1671 2610 1672 2611 209 2611 210 2611 1671 2612 1674 2612 1673 2612 1673 2613 1674 2613 1675 2613 1675 2614 1674 2614 1676 2614 1677 2615 1676 2615 1678 2615 1679 2616 1678 2616 1680 2616 1679 2617 1677 2617 1678 2617 1678 2618 1681 2618 1680 2618 1680 2619 1681 2619 1682 2619 1682 2620 1681 2620 1683 2620 1684 2621 1683 2621 1685 2621 1684 2622 1682 2622 1683 2622 1683 2623 1686 2623 1685 2623 1685 2624 1686 2624 1687 2624 1687 2625 1686 2625 777 2625 775 2626 1687 2626 777 2626 1677 2627 1675 2627 1676 2627 922 2628 921 2628 1688 2628 139 2629 1688 2629 1689 2629 71 2630 139 2630 1689 2630 788 2631 786 2631 1690 2631 1690 2632 786 2632 1691 2632 1692 2633 1691 2633 1693 2633 1694 2634 1693 2634 1695 2634 1696 2635 1695 2635 1697 2635 1698 2636 1697 2636 1699 2636 1700 2637 1699 2637 1688 2637 921 2638 1700 2638 1688 2638 1698 2639 1696 2639 1697 2639 1696 2640 1694 2640 1695 2640 1694 2641 1692 2641 1693 2641 1692 2642 1690 2642 1691 2642 786 2643 791 2643 1691 2643 1691 2644 791 2644 1701 2644 1693 2645 1701 2645 1702 2645 1703 2646 1693 2646 1702 2646 1703 2647 1695 2647 1693 2647 1703 2648 1704 2648 1695 2648 1695 2649 1704 2649 1705 2649 1697 2650 1705 2650 1706 2650 1699 2651 1706 2651 1707 2651 1708 2652 1699 2652 1707 2652 1708 2653 1688 2653 1699 2653 1708 2654 1689 2654 1688 2654 139 2655 922 2655 1688 2655 1697 2656 1706 2656 1699 2656 1698 2657 1699 2657 1700 2657 1697 2658 1695 2658 1705 2658 1693 2659 1691 2659 1701 2659 1709 2660 790 2660 1710 2660 1711 2661 1710 2661 1712 2661 1713 2662 1711 2662 1712 2662 1713 2663 1714 2663 1711 2663 1713 2664 1715 2664 1714 2664 1714 2665 1715 2665 1716 2665 1717 2666 1716 2666 1718 2666 1717 2667 1714 2667 1716 2667 1717 2668 1719 2668 1714 2668 1714 2669 1719 2669 1720 2669 1711 2670 1720 2670 1721 2670 1709 2671 1711 2671 1721 2671 1709 2672 1710 2672 1711 2672 782 2673 1722 2673 784 2673 784 2674 1722 2674 1710 2674 790 2675 784 2675 1710 2675 1722 2676 1712 2676 1710 2676 1715 2677 1723 2677 1716 2677 1716 2678 1723 2678 1724 2678 1718 2679 1724 2679 1725 2679 1718 2680 1716 2680 1724 2680 1723 2681 1726 2681 1724 2681 1724 2682 1726 2682 1727 2682 1728 2683 1727 2683 1729 2683 1728 2684 1724 2684 1727 2684 1728 2685 1725 2685 1724 2685 1726 2686 924 2686 1727 2686 1727 2687 924 2687 923 2687 126 2688 1727 2688 923 2688 126 2689 1729 2689 1727 2689 126 2690 125 2690 1729 2690 1720 2691 1711 2691 1714 2691 325 2692 324 2692 1730 2692 1731 2693 1730 2693 1732 2693 1733 2694 1732 2694 818 2694 324 2695 852 2695 1730 2695 1730 2696 852 2696 850 2696 1732 2697 850 2697 818 2697 1732 2698 1730 2698 850 2698 814 2699 1734 2699 816 2699 814 2700 812 2700 1734 2700 1734 2701 812 2701 1735 2701 1736 2702 1735 2702 1737 2702 1738 2703 1737 2703 1739 2703 1740 2704 1739 2704 1741 2704 1742 2705 1741 2705 1743 2705 322 2706 1743 2706 323 2706 322 2707 1742 2707 1743 2707 322 2708 1731 2708 1742 2708 322 2709 321 2709 1731 2709 1731 2710 321 2710 325 2710 1730 2711 1731 2711 325 2711 812 2712 779 2712 1735 2712 1735 2713 779 2713 1230 2713 1229 2714 1735 2714 1230 2714 1229 2715 1737 2715 1735 2715 1229 2716 1744 2716 1737 2716 1229 2717 1228 2717 1744 2717 1744 2718 1228 2718 1227 2718 1745 2719 1227 2719 1226 2719 1746 2720 1226 2720 1225 2720 1224 2721 1746 2721 1225 2721 1224 2722 1223 2722 1746 2722 1746 2723 1223 2723 1747 2723 1748 2724 1747 2724 312 2724 1749 2725 312 2725 311 2725 310 2726 1749 2726 311 2726 310 2727 323 2727 1749 2727 1749 2728 323 2728 1743 2728 1748 2729 1743 2729 1741 2729 1745 2730 1741 2730 1739 2730 1744 2731 1739 2731 1737 2731 1744 2732 1745 2732 1739 2732 1744 2733 1227 2733 1745 2733 1747 2734 1223 2734 1750 2734 316 2735 1750 2735 317 2735 316 2736 1747 2736 1750 2736 316 2737 315 2737 1747 2737 1747 2738 315 2738 313 2738 312 2739 1747 2739 313 2739 1223 2740 1222 2740 1750 2740 1750 2741 1222 2741 1221 2741 1751 2742 1221 2742 1220 2742 317 2743 1220 2743 326 2743 317 2744 1751 2744 1220 2744 317 2745 1750 2745 1751 2745 1751 2746 1750 2746 1221 2746 1733 2747 818 2747 1752 2747 1742 2748 1752 2748 1740 2748 1741 2749 1742 2749 1740 2749 1752 2750 818 2750 1753 2750 1740 2751 1753 2751 1738 2751 1739 2752 1740 2752 1738 2752 818 2753 816 2753 1754 2753 1754 2754 816 2754 1734 2754 1755 2755 1734 2755 1736 2755 1756 2756 1736 2756 1738 2756 1753 2757 1756 2757 1738 2757 1753 2758 818 2758 1756 2758 1734 2759 1735 2759 1736 2759 818 2760 1754 2760 1755 2760 1755 2761 1754 2761 1734 2761 1736 2762 1737 2762 1738 2762 818 2763 1755 2763 1756 2763 1756 2764 1755 2764 1736 2764 1226 2765 1746 2765 1745 2765 1745 2766 1746 2766 1748 2766 1741 2767 1745 2767 1748 2767 1747 2768 1748 2768 1746 2768 1753 2769 1740 2769 1752 2769 312 2770 1749 2770 1748 2770 1748 2771 1749 2771 1743 2771 1752 2772 1742 2772 1733 2772 1733 2773 1742 2773 1731 2773 1732 2774 1733 2774 1731 2774 327 2775 329 2775 851 2775 851 2776 329 2776 1757 2776 819 2777 1757 2777 1758 2777 817 2778 1758 2778 1759 2778 815 2779 1759 2779 1760 2779 813 2780 1760 2780 1203 2780 780 2781 813 2781 1203 2781 329 2782 330 2782 1757 2782 1757 2783 330 2783 1761 2783 1758 2784 1761 2784 1762 2784 1759 2785 1762 2785 1763 2785 1760 2786 1763 2786 1764 2786 1204 2787 1764 2787 1205 2787 1204 2788 1760 2788 1764 2788 1204 2789 1203 2789 1760 2789 330 2790 332 2790 1761 2790 1761 2791 332 2791 1765 2791 1762 2792 1765 2792 1766 2792 1763 2793 1766 2793 1767 2793 1764 2794 1767 2794 1768 2794 1205 2795 1768 2795 1206 2795 1205 2796 1764 2796 1768 2796 332 2797 333 2797 1765 2797 1765 2798 333 2798 374 2798 1769 2799 374 2799 373 2799 372 2800 1769 2800 373 2800 372 2801 1770 2801 1769 2801 372 2802 380 2802 1770 2802 1770 2803 380 2803 1771 2803 1772 2804 1771 2804 1773 2804 1774 2805 1773 2805 1775 2805 1776 2806 1775 2806 1777 2806 1210 2807 1777 2807 1211 2807 1210 2808 1776 2808 1777 2808 1210 2809 1209 2809 1776 2809 1776 2810 1209 2810 1208 2810 1778 2811 1208 2811 1207 2811 1768 2812 1207 2812 1206 2812 1768 2813 1778 2813 1207 2813 1768 2814 1779 2814 1778 2814 1768 2815 1767 2815 1779 2815 1779 2816 1767 2816 1780 2816 1772 2817 1780 2817 1770 2817 1771 2818 1772 2818 1770 2818 380 2819 379 2819 1771 2819 1771 2820 379 2820 378 2820 1781 2821 378 2821 377 2821 1782 2822 377 2822 376 2822 1217 2823 376 2823 375 2823 1218 2824 375 2824 1219 2824 1218 2825 1217 2825 375 2825 375 2826 256 2826 1219 2826 376 2827 1217 2827 1782 2827 1782 2828 1217 2828 1216 2828 1783 2829 1216 2829 1215 2829 1784 2830 1215 2830 1214 2830 1785 2831 1214 2831 1213 2831 1786 2832 1213 2832 1212 2832 1211 2833 1786 2833 1212 2833 1211 2834 1777 2834 1786 2834 1786 2835 1777 2835 1785 2835 1213 2836 1786 2836 1785 2836 813 2837 815 2837 1760 2837 815 2838 817 2838 1759 2838 817 2839 819 2839 1758 2839 819 2840 851 2840 1757 2840 1216 2841 1783 2841 1782 2841 1782 2842 1783 2842 1771 2842 1781 2843 1771 2843 378 2843 1781 2844 1782 2844 1771 2844 1781 2845 377 2845 1782 2845 1215 2846 1784 2846 1783 2846 1783 2847 1784 2847 1773 2847 1771 2848 1783 2848 1773 2848 1214 2849 1785 2849 1784 2849 1784 2850 1785 2850 1775 2850 1773 2851 1784 2851 1775 2851 1766 2852 1765 2852 1769 2852 1780 2853 1769 2853 1770 2853 1780 2854 1766 2854 1769 2854 1780 2855 1767 2855 1766 2855 1761 2856 1765 2856 1762 2856 1757 2857 1761 2857 1758 2857 374 2858 1769 2858 1765 2858 1773 2859 1774 2859 1772 2859 1772 2860 1774 2860 1779 2860 1780 2861 1772 2861 1779 2861 1762 2862 1766 2862 1763 2862 1758 2863 1762 2863 1759 2863 1775 2864 1785 2864 1777 2864 1775 2865 1776 2865 1774 2865 1774 2866 1776 2866 1778 2866 1779 2867 1774 2867 1778 2867 1763 2868 1767 2868 1764 2868 1759 2869 1763 2869 1760 2869 1778 2870 1776 2870 1208 2870 1151 2871 1153 2871 1787 2871 1788 2872 1787 2872 1789 2872 1790 2873 1789 2873 1791 2873 1792 2874 1791 2874 1793 2874 1794 2875 1792 2875 1793 2875 1794 2876 1795 2876 1792 2876 1794 2877 1796 2877 1795 2877 1794 2878 1797 2878 1796 2878 1796 2879 1797 2879 1798 2879 1799 2880 1798 2880 1800 2880 1801 2881 1800 2881 1802 2881 1138 2882 1802 2882 1136 2882 1138 2883 1801 2883 1802 2883 1138 2884 1140 2884 1801 2884 1801 2885 1140 2885 1803 2885 1799 2886 1803 2886 1804 2886 1796 2887 1804 2887 1795 2887 1796 2888 1799 2888 1804 2888 1796 2889 1798 2889 1799 2889 1805 2890 1789 2890 1806 2890 1805 2891 1807 2891 1789 2891 1789 2892 1807 2892 1791 2892 1791 2893 1807 2893 1808 2893 1809 2894 1791 2894 1808 2894 1809 2895 1793 2895 1791 2895 1797 2896 1810 2896 1798 2896 1798 2897 1810 2897 1811 2897 1800 2898 1811 2898 1812 2898 1802 2899 1812 2899 1813 2899 1133 2900 1802 2900 1813 2900 1133 2901 1136 2901 1802 2901 1810 2902 1814 2902 1811 2902 1811 2903 1814 2903 1815 2903 1812 2904 1815 2904 1816 2904 1817 2905 1812 2905 1816 2905 1817 2906 1813 2906 1812 2906 1814 2907 1818 2907 1815 2907 1815 2908 1818 2908 1819 2908 1816 2909 1815 2909 1819 2909 1140 2910 1142 2910 1803 2910 1803 2911 1142 2911 1143 2911 1820 2912 1143 2912 1147 2912 1821 2913 1147 2913 1149 2913 1788 2914 1149 2914 1151 2914 1787 2915 1788 2915 1151 2915 1147 2916 1821 2916 1820 2916 1820 2917 1821 2917 1822 2917 1804 2918 1822 2918 1795 2918 1804 2919 1820 2919 1822 2919 1804 2920 1803 2920 1820 2920 1820 2921 1803 2921 1143 2921 1153 2922 1806 2922 1787 2922 1787 2923 1806 2923 1789 2923 1791 2924 1792 2924 1790 2924 1790 2925 1792 2925 1822 2925 1821 2926 1790 2926 1822 2926 1821 2927 1788 2927 1790 2927 1821 2928 1149 2928 1788 2928 1790 2929 1788 2929 1789 2929 1795 2930 1822 2930 1792 2930 1800 2931 1801 2931 1799 2931 1799 2932 1801 2932 1803 2932 1811 2933 1800 2933 1798 2933 1815 2934 1812 2934 1811 2934 1812 2935 1802 2935 1800 2935 1816 2936 1819 2936 1823 2936 1824 2937 1823 2937 1825 2937 1826 2938 1825 2938 1827 2938 1129 2939 1827 2939 1127 2939 1129 2940 1826 2940 1827 2940 1129 2941 1131 2941 1826 2941 1826 2942 1131 2942 1828 2942 1824 2943 1828 2943 1813 2943 1817 2944 1824 2944 1813 2944 1817 2945 1816 2945 1824 2945 1824 2946 1816 2946 1823 2946 1819 2947 1829 2947 1823 2947 1823 2948 1829 2948 1830 2948 1831 2949 1830 2949 1832 2949 1833 2950 1832 2950 1834 2950 1835 2951 1834 2951 1836 2951 1837 2952 1836 2952 1838 2952 1144 2953 1838 2953 1158 2953 1144 2954 1837 2954 1838 2954 1144 2955 1124 2955 1837 2955 1837 2956 1124 2956 1123 2956 1839 2957 1123 2957 1127 2957 1827 2958 1839 2958 1127 2958 1827 2959 1840 2959 1839 2959 1827 2960 1825 2960 1840 2960 1840 2961 1825 2961 1831 2961 1833 2962 1831 2962 1832 2962 1833 2963 1840 2963 1831 2963 1833 2964 1835 2964 1840 2964 1833 2965 1834 2965 1835 2965 1832 2966 1841 2966 1834 2966 1834 2967 1841 2967 1842 2967 1836 2968 1842 2968 1843 2968 1838 2969 1843 2969 1844 2969 1158 2970 1844 2970 1156 2970 1158 2971 1838 2971 1844 2971 1841 2972 1845 2972 1842 2972 1842 2973 1845 2973 1846 2973 1843 2974 1846 2974 1847 2974 1844 2975 1847 2975 1806 2975 1153 2976 1844 2976 1806 2976 1153 2977 1156 2977 1844 2977 1845 2978 1848 2978 1846 2978 1846 2979 1848 2979 1849 2979 1847 2980 1849 2980 1807 2980 1805 2981 1847 2981 1807 2981 1805 2982 1806 2982 1847 2982 1848 2983 1850 2983 1849 2983 1849 2984 1850 2984 1808 2984 1807 2985 1849 2985 1808 2985 1131 2986 1133 2986 1828 2986 1828 2987 1133 2987 1813 2987 1825 2988 1823 2988 1831 2988 1831 2989 1823 2989 1830 2989 1123 2990 1839 2990 1837 2990 1837 2991 1839 2991 1835 2991 1836 2992 1837 2992 1835 2992 1825 2993 1826 2993 1824 2993 1824 2994 1826 2994 1828 2994 1835 2995 1839 2995 1840 2995 1842 2996 1836 2996 1834 2996 1846 2997 1843 2997 1842 2997 1843 2998 1838 2998 1836 2998 1849 2999 1847 2999 1846 2999 1847 3000 1844 3000 1843 3000 1120 3001 1105 3001 1851 3001 1852 3002 1851 3002 1853 3002 1854 3003 1853 3003 1855 3003 1856 3004 1855 3004 1857 3004 1858 3005 1856 3005 1857 3005 1858 3006 1859 3006 1856 3006 1858 3007 1860 3007 1859 3007 1859 3008 1860 3008 1861 3008 1862 3009 1861 3009 1863 3009 1864 3010 1863 3010 1865 3010 1109 3011 1865 3011 1121 3011 1109 3012 1864 3012 1865 3012 1109 3013 1112 3013 1864 3013 1864 3014 1112 3014 1866 3014 1862 3015 1866 3015 1867 3015 1859 3016 1867 3016 1856 3016 1859 3017 1862 3017 1867 3017 1859 3018 1861 3018 1862 3018 1868 3019 1853 3019 1869 3019 1868 3020 1870 3020 1853 3020 1853 3021 1870 3021 1855 3021 1855 3022 1870 3022 1871 3022 1857 3023 1855 3023 1871 3023 1860 3024 1872 3024 1861 3024 1861 3025 1872 3025 1873 3025 1874 3026 1873 3026 1875 3026 1876 3027 1875 3027 1877 3027 1878 3028 1877 3028 1879 3028 1089 3029 1878 3029 1879 3029 1089 3030 1121 3030 1878 3030 1878 3031 1121 3031 1865 3031 1876 3032 1865 3032 1863 3032 1874 3033 1863 3033 1861 3033 1873 3034 1874 3034 1861 3034 1873 3035 1880 3035 1875 3035 1875 3036 1880 3036 1881 3036 1882 3037 1881 3037 1883 3037 1884 3038 1882 3038 1883 3038 1884 3039 1877 3039 1882 3039 1884 3040 1885 3040 1877 3040 1877 3041 1885 3041 1879 3041 1112 3042 1114 3042 1866 3042 1866 3043 1114 3043 1115 3043 1886 3044 1115 3044 1117 3044 1852 3045 1117 3045 1120 3045 1851 3046 1852 3046 1120 3046 1117 3047 1852 3047 1886 3047 1886 3048 1852 3048 1854 3048 1867 3049 1854 3049 1856 3049 1867 3050 1886 3050 1854 3050 1867 3051 1866 3051 1886 3051 1886 3052 1866 3052 1115 3052 1877 3053 1875 3053 1882 3053 1882 3054 1875 3054 1881 3054 1105 3055 1869 3055 1851 3055 1851 3056 1869 3056 1853 3056 1856 3057 1854 3057 1855 3057 1854 3058 1852 3058 1853 3058 1863 3059 1864 3059 1862 3059 1862 3060 1864 3060 1866 3060 1875 3061 1876 3061 1874 3061 1874 3062 1876 3062 1863 3062 1877 3063 1878 3063 1876 3063 1876 3064 1878 3064 1865 3064 1887 3065 1888 3065 1889 3065 1887 3066 1890 3066 1888 3066 1888 3067 1890 3067 1891 3067 1892 3068 1891 3068 1893 3068 1894 3069 1893 3069 1869 3069 1105 3070 1894 3070 1869 3070 1105 3071 1103 3071 1894 3071 1894 3072 1103 3072 1895 3072 1892 3073 1895 3073 1896 3073 1888 3074 1896 3074 1897 3074 1889 3075 1897 3075 1898 3075 1889 3076 1888 3076 1897 3076 1890 3077 1899 3077 1891 3077 1891 3078 1899 3078 1900 3078 1893 3079 1900 3079 1870 3079 1868 3080 1893 3080 1870 3080 1868 3081 1869 3081 1893 3081 1899 3082 1871 3082 1900 3082 1900 3083 1871 3083 1870 3083 1103 3084 1100 3084 1895 3084 1895 3085 1100 3085 1901 3085 1896 3086 1901 3086 1902 3086 1897 3087 1902 3087 1903 3087 1898 3088 1903 3088 1904 3088 1898 3089 1897 3089 1903 3089 1100 3090 1098 3090 1901 3090 1901 3091 1098 3091 1905 3091 1902 3092 1905 3092 1906 3092 1903 3093 1906 3093 1907 3093 1904 3094 1907 3094 1908 3094 1904 3095 1903 3095 1907 3095 1098 3096 1097 3096 1905 3096 1905 3097 1097 3097 1095 3097 1909 3098 1095 3098 1092 3098 1910 3099 1092 3099 1090 3099 1911 3100 1090 3100 1089 3100 1879 3101 1911 3101 1089 3101 1879 3102 1912 3102 1911 3102 1879 3103 1885 3103 1912 3103 1912 3104 1885 3104 1884 3104 1913 3105 1884 3105 1883 3105 1908 3106 1913 3106 1883 3106 1908 3107 1907 3107 1913 3107 1913 3108 1907 3108 1914 3108 1912 3109 1914 3109 1910 3109 1911 3110 1910 3110 1090 3110 1911 3111 1912 3111 1910 3111 1092 3112 1910 3112 1909 3112 1909 3113 1910 3113 1914 3113 1906 3114 1914 3114 1907 3114 1906 3115 1909 3115 1914 3115 1906 3116 1905 3116 1909 3116 1909 3117 1905 3117 1095 3117 1891 3118 1892 3118 1888 3118 1888 3119 1892 3119 1896 3119 1901 3120 1896 3120 1895 3120 1905 3121 1902 3121 1901 3121 1902 3122 1897 3122 1896 3122 1893 3123 1894 3123 1892 3123 1892 3124 1894 3124 1895 3124 1900 3125 1893 3125 1891 3125 1906 3126 1903 3126 1902 3126 1884 3127 1913 3127 1912 3127 1912 3128 1913 3128 1914 3128 710 3129 1512 3129 708 3129 708 3130 1512 3130 1510 3130 1509 3131 708 3131 1510 3131 1509 3132 1502 3132 708 3132 708 3133 1502 3133 1501 3133 1500 3134 708 3134 1501 3134 1500 3135 1499 3135 708 3135 708 3136 1499 3136 934 3136 934 3137 1499 3137 1497 3137 1496 3138 934 3138 1497 3138 1496 3139 1494 3139 934 3139 934 3140 1494 3140 1492 3140 936 3141 1492 3141 1491 3141 938 3142 1491 3142 1437 3142 1435 3143 938 3143 1437 3143 1435 3144 940 3144 938 3144 1435 3145 1434 3145 940 3145 940 3146 1434 3146 1467 3146 942 3147 1467 3147 1466 3147 1474 3148 942 3148 1466 3148 1474 3149 944 3149 942 3149 1474 3150 1488 3150 944 3150 944 3151 1488 3151 781 3151 781 3152 1488 3152 1489 3152 942 3153 940 3153 1467 3153 938 3154 936 3154 1491 3154 936 3155 934 3155 1492 3155 700 3156 699 3156 1537 3156 1537 3157 699 3157 959 3157 1542 3158 959 3158 1576 3158 1542 3159 1537 3159 959 3159 1576 3160 959 3160 1583 3160 1583 3161 959 3161 956 3161 1584 3162 956 3162 951 3162 1586 3163 951 3163 1587 3163 1586 3164 1584 3164 951 3164 1587 3165 951 3165 1589 3165 1589 3166 951 3166 949 3166 1590 3167 949 3167 948 3167 1595 3168 948 3168 1596 3168 1595 3169 1590 3169 948 3169 1596 3170 948 3170 1598 3170 1598 3171 948 3171 955 3171 1599 3172 955 3172 789 3172 1599 3173 1598 3173 955 3173 1590 3174 1589 3174 949 3174 1584 3175 1583 3175 956 3175 664 3176 665 3176 1915 3176 666 3177 1915 3177 1916 3177 667 3178 1916 3178 669 3178 667 3179 666 3179 1916 3179 790 3180 1709 3180 792 3180 792 3181 1709 3181 1915 3181 665 3182 792 3182 1915 3182 1709 3183 1721 3183 1915 3183 1915 3184 1721 3184 1720 3184 1719 3185 1915 3185 1720 3185 1719 3186 1916 3186 1915 3186 1719 3187 1717 3187 1916 3187 1916 3188 1717 3188 1718 3188 1917 3189 1718 3189 1725 3189 1728 3190 1917 3190 1725 3190 1728 3191 128 3191 1917 3191 1728 3192 1729 3192 128 3192 128 3193 1729 3193 125 3193 128 3194 130 3194 1917 3194 1917 3195 130 3195 671 3195 669 3196 1917 3196 671 3196 669 3197 1916 3197 1917 3197 1917 3198 1916 3198 1718 3198 666 3199 664 3199 1915 3199 791 3200 793 3200 1701 3200 1701 3201 793 3201 1918 3201 1702 3202 1918 3202 1703 3202 1702 3203 1701 3203 1918 3203 793 3204 636 3204 1918 3204 1918 3205 636 3205 634 3205 633 3206 1918 3206 634 3206 633 3207 1919 3207 1918 3207 633 3208 631 3208 1919 3208 1919 3209 631 3209 629 3209 1920 3210 629 3210 628 3210 68 3211 1920 3211 628 3211 68 3212 70 3212 1920 3212 1920 3213 70 3213 1708 3213 1707 3214 1920 3214 1708 3214 1707 3215 1706 3215 1920 3215 1920 3216 1706 3216 1919 3216 629 3217 1920 3217 1919 3217 71 3218 1689 3218 70 3218 70 3219 1689 3219 1708 3219 1706 3220 1705 3220 1919 3220 1919 3221 1705 3221 1704 3221 1918 3222 1704 3222 1703 3222 1918 3223 1919 3223 1704 3223 778 3224 794 3224 1652 3224 1652 3225 794 3225 1921 3225 1654 3226 1921 3226 1922 3226 1656 3227 1922 3227 1923 3227 1658 3228 1923 3228 1660 3228 1658 3229 1656 3229 1923 3229 794 3230 797 3230 1921 3230 1921 3231 797 3231 1924 3231 1925 3232 1924 3232 1926 3232 1927 3233 1926 3233 749 3233 755 3234 1927 3234 749 3234 755 3235 756 3235 1927 3235 1927 3236 756 3236 1928 3236 1929 3237 1928 3237 1930 3237 1923 3238 1930 3238 1931 3238 1660 3239 1931 3239 1663 3239 1660 3240 1923 3240 1931 3240 797 3241 799 3241 1924 3241 1924 3242 799 3242 1932 3242 1926 3243 1932 3243 748 3243 749 3244 1926 3244 748 3244 622 3245 746 3245 799 3245 799 3246 746 3246 1932 3246 1932 3247 746 3247 748 3247 756 3248 770 3248 1928 3248 1928 3249 770 3249 769 3249 1933 3250 769 3250 768 3250 1934 3251 768 3251 767 3251 764 3252 1934 3252 767 3252 764 3253 1935 3253 1934 3253 764 3254 765 3254 1935 3254 1935 3255 765 3255 766 3255 1936 3256 766 3256 576 3256 1669 3257 1936 3257 576 3257 1669 3258 1937 3258 1936 3258 1669 3259 1668 3259 1937 3259 1937 3260 1668 3260 1938 3260 1936 3261 1938 3261 1939 3261 1935 3262 1939 3262 1934 3262 1935 3263 1936 3263 1939 3263 1935 3264 766 3264 1936 3264 1668 3265 1665 3265 1938 3265 1938 3266 1665 3266 1940 3266 1939 3267 1940 3267 1941 3267 1934 3268 1941 3268 1933 3268 768 3269 1934 3269 1933 3269 1665 3270 1663 3270 1940 3270 1940 3271 1663 3271 1931 3271 1941 3272 1931 3272 1930 3272 1933 3273 1930 3273 1928 3273 769 3274 1933 3274 1928 3274 1656 3275 1654 3275 1922 3275 1654 3276 1652 3276 1921 3276 1924 3277 1925 3277 1921 3277 1921 3278 1925 3278 1922 3278 1922 3279 1925 3279 1929 3279 1923 3280 1929 3280 1930 3280 1923 3281 1922 3281 1929 3281 1940 3282 1931 3282 1941 3282 1938 3283 1940 3283 1939 3283 1937 3284 1938 3284 1936 3284 1926 3285 1927 3285 1925 3285 1925 3286 1927 3286 1929 3286 1929 3287 1927 3287 1928 3287 1941 3288 1930 3288 1933 3288 1939 3289 1941 3289 1934 3289 1932 3290 1926 3290 1924 3290 581 3291 737 3291 1670 3291 1670 3292 737 3292 1942 3292 1671 3293 1942 3293 1943 3293 1674 3294 1943 3294 1944 3294 1676 3295 1944 3295 1945 3295 1678 3296 1945 3296 1946 3296 1681 3297 1946 3297 1947 3297 1683 3298 1947 3298 1948 3298 1686 3299 1948 3299 795 3299 777 3300 1686 3300 795 3300 737 3301 736 3301 1942 3301 1942 3302 736 3302 735 3302 1943 3303 735 3303 733 3303 1949 3304 733 3304 732 3304 1950 3305 732 3305 731 3305 730 3306 1950 3306 731 3306 730 3307 1951 3307 1950 3307 730 3308 1952 3308 1951 3308 730 3309 728 3309 1952 3309 1952 3310 728 3310 727 3310 1953 3311 727 3311 726 3311 725 3312 1953 3312 726 3312 725 3313 1954 3313 1953 3313 725 3314 724 3314 1954 3314 1954 3315 724 3315 1955 3315 1956 3316 1955 3316 798 3316 796 3317 1956 3317 798 3317 796 3318 795 3318 1956 3318 1956 3319 795 3319 1948 3319 1957 3320 1948 3320 1947 3320 1958 3321 1947 3321 1946 3321 1951 3322 1946 3322 1945 3322 1950 3323 1945 3323 1944 3323 1949 3324 1944 3324 1943 3324 733 3325 1949 3325 1943 3325 724 3326 723 3326 1955 3326 1955 3327 723 3327 798 3327 798 3328 723 3328 623 3328 1686 3329 1683 3329 1948 3329 1683 3330 1681 3330 1947 3330 1681 3331 1678 3331 1946 3331 1678 3332 1676 3332 1945 3332 1676 3333 1674 3333 1944 3333 1674 3334 1671 3334 1943 3334 1671 3335 1670 3335 1942 3335 1951 3336 1952 3336 1958 3336 1946 3337 1951 3337 1958 3337 1951 3338 1945 3338 1950 3338 1957 3339 1958 3339 1953 3339 1954 3340 1957 3340 1953 3340 1954 3341 1956 3341 1957 3341 1954 3342 1955 3342 1956 3342 1957 3343 1956 3343 1948 3343 1957 3344 1947 3344 1958 3344 1958 3345 1952 3345 1953 3345 1953 3346 1952 3346 727 3346 732 3347 1950 3347 1949 3347 1949 3348 1950 3348 1944 3348 1943 3349 1942 3349 735 3349 806 3350 627 3350 1959 3350 1960 3351 1959 3351 1961 3351 1962 3352 1961 3352 1963 3352 1964 3353 1963 3353 1965 3353 627 3354 719 3354 1959 3354 1959 3355 719 3355 721 3355 1966 3356 721 3356 722 3356 1967 3357 722 3357 745 3357 1968 3358 745 3358 744 3358 743 3359 1968 3359 744 3359 743 3360 1969 3360 1968 3360 743 3361 742 3361 1969 3361 1969 3362 742 3362 741 3362 1970 3363 741 3363 1971 3363 1236 3364 1971 3364 1237 3364 1236 3365 1970 3365 1971 3365 1236 3366 1235 3366 1970 3366 1970 3367 1235 3367 1972 3367 1969 3368 1972 3368 1973 3368 1968 3369 1973 3369 1974 3369 1967 3370 1974 3370 1966 3370 722 3371 1967 3371 1966 3371 741 3372 740 3372 1971 3372 1971 3373 740 3373 739 3373 1237 3374 739 3374 738 3374 1238 3375 738 3375 579 3375 1238 3376 1237 3376 738 3376 1235 3377 1234 3377 1972 3377 1972 3378 1234 3378 1233 3378 1975 3379 1233 3379 1232 3379 1976 3380 1232 3380 1977 3380 1978 3381 1977 3381 1965 3381 1963 3382 1978 3382 1965 3382 1963 3383 1979 3383 1978 3383 1963 3384 1961 3384 1979 3384 1979 3385 1961 3385 1966 3385 1974 3386 1979 3386 1966 3386 1974 3387 1980 3387 1979 3387 1974 3388 1973 3388 1980 3388 1980 3389 1973 3389 1975 3389 1976 3390 1975 3390 1232 3390 1976 3391 1980 3391 1975 3391 1976 3392 1978 3392 1980 3392 1976 3393 1977 3393 1978 3393 1232 3394 1231 3394 1977 3394 1977 3395 1231 3395 774 3395 1965 3396 1977 3396 774 3396 810 3397 1981 3397 811 3397 810 3398 808 3398 1981 3398 1981 3399 808 3399 1960 3399 1962 3400 1960 3400 1961 3400 1962 3401 1981 3401 1960 3401 1962 3402 1982 3402 1981 3402 1962 3403 1964 3403 1982 3403 1962 3404 1963 3404 1964 3404 808 3405 806 3405 1960 3405 1960 3406 806 3406 1959 3406 1965 3407 774 3407 1964 3407 1964 3408 774 3408 1982 3408 1982 3409 774 3409 1983 3409 1981 3410 1983 3410 811 3410 1981 3411 1982 3411 1983 3411 1983 3412 774 3412 811 3412 1974 3413 1967 3413 1968 3413 1968 3414 1967 3414 745 3414 721 3415 1966 3415 1959 3415 1959 3416 1966 3416 1961 3416 1969 3417 1973 3417 1968 3417 1980 3418 1978 3418 1979 3418 741 3419 1970 3419 1969 3419 1969 3420 1970 3420 1972 3420 1233 3421 1975 3421 1972 3421 1972 3422 1975 3422 1973 3422 1237 3423 1971 3423 739 3423 626 3424 807 3424 750 3424 750 3425 807 3425 1984 3425 751 3426 1984 3426 1985 3426 752 3427 1985 3427 1986 3427 753 3428 1986 3428 757 3428 753 3429 752 3429 1986 3429 807 3430 809 3430 1984 3430 1984 3431 809 3431 1987 3431 1988 3432 1987 3432 1271 3432 1270 3433 1988 3433 1271 3433 1270 3434 1989 3434 1988 3434 1270 3435 1269 3435 1989 3435 1989 3436 1269 3436 1268 3436 1990 3437 1268 3437 1267 3437 1991 3438 1267 3438 1266 3438 1265 3439 1991 3439 1266 3439 1265 3440 1992 3440 1991 3440 1265 3441 1264 3441 1992 3441 1992 3442 1264 3442 1993 3442 1994 3443 1993 3443 1995 3443 762 3444 1995 3444 763 3444 762 3445 1994 3445 1995 3445 762 3446 761 3446 1994 3446 1994 3447 761 3447 760 3447 1996 3448 760 3448 758 3448 1997 3449 758 3449 757 3449 1986 3450 1997 3450 757 3450 1986 3451 1990 3451 1997 3451 1986 3452 1989 3452 1990 3452 1986 3453 1985 3453 1989 3453 1989 3454 1985 3454 1988 3454 1988 3455 1985 3455 1984 3455 1987 3456 1988 3456 1984 3456 773 3457 1272 3457 809 3457 809 3458 1272 3458 1987 3458 1987 3459 1272 3459 1271 3459 1264 3460 1263 3460 1993 3460 1993 3461 1263 3461 1262 3461 1995 3462 1262 3462 1261 3462 763 3463 1261 3463 1260 3463 578 3464 763 3464 1260 3464 752 3465 751 3465 1985 3465 751 3466 750 3466 1984 3466 758 3467 1997 3467 1996 3467 1996 3468 1997 3468 1991 3468 1992 3469 1996 3469 1991 3469 1992 3470 1994 3470 1996 3470 1992 3471 1993 3471 1994 3471 1996 3472 1994 3472 760 3472 1995 3473 1261 3473 763 3473 1267 3474 1991 3474 1990 3474 1990 3475 1991 3475 1997 3475 1990 3476 1989 3476 1268 3476 1993 3477 1262 3477 1995 3477 299 3478 1259 3478 300 3478 300 3479 1259 3479 1258 3479 1998 3480 1258 3480 1257 3480 1999 3481 1257 3481 1256 3481 2000 3482 1256 3482 1255 3482 1254 3483 2000 3483 1255 3483 1254 3484 2001 3484 2000 3484 1254 3485 1253 3485 2001 3485 2001 3486 1253 3486 2002 3486 2003 3487 2002 3487 2004 3487 2005 3488 2004 3488 2006 3488 2007 3489 2006 3489 2008 3489 2009 3490 2008 3490 2010 3490 803 3491 2010 3491 802 3491 803 3492 2009 3492 2010 3492 803 3493 805 3493 2009 3493 2009 3494 805 3494 2011 3494 2007 3495 2011 3495 2012 3495 2005 3496 2012 3496 2013 3496 2003 3497 2013 3497 2014 3497 2001 3498 2014 3498 2000 3498 2001 3499 2003 3499 2014 3499 2001 3500 2002 3500 2003 3500 2002 3501 1253 3501 2015 3501 2004 3502 2015 3502 2016 3502 2006 3503 2016 3503 2017 3503 2008 3504 2017 3504 2018 3504 2010 3505 2018 3505 2019 3505 800 3506 2019 3506 771 3506 2019 3507 800 3507 2010 3507 2010 3508 800 3508 802 3508 805 3509 293 3509 2011 3509 2011 3510 293 3510 292 3510 2012 3511 292 3511 291 3511 2020 3512 291 3512 290 3512 289 3513 2020 3513 290 3513 289 3514 2021 3514 2020 3514 289 3515 288 3515 2021 3515 2021 3516 288 3516 298 3516 2022 3517 298 3517 297 3517 296 3518 2022 3518 297 3518 296 3519 1999 3519 2022 3519 296 3520 1998 3520 1999 3520 296 3521 302 3521 1998 3521 1998 3522 302 3522 301 3522 300 3523 1998 3523 301 3523 300 3524 1258 3524 1998 3524 1253 3525 1252 3525 2015 3525 2015 3526 1252 3526 771 3526 2016 3527 771 3527 2017 3527 2015 3528 771 3528 2016 3528 2002 3529 2015 3529 2004 3529 2022 3530 1999 3530 2000 3530 2014 3531 2022 3531 2000 3531 2014 3532 2021 3532 2022 3532 2014 3533 2013 3533 2021 3533 2021 3534 2013 3534 2020 3534 2020 3535 2013 3535 2012 3535 291 3536 2020 3536 2012 3536 1999 3537 1998 3537 1257 3537 1999 3538 1256 3538 2000 3538 2011 3539 292 3539 2012 3539 2008 3540 2009 3540 2007 3540 2007 3541 2009 3541 2011 3541 2006 3542 2007 3542 2005 3542 2005 3543 2007 3543 2012 3543 2008 3544 2018 3544 2010 3544 2018 3545 771 3545 2019 3545 2004 3546 2005 3546 2003 3546 2003 3547 2005 3547 2013 3547 2006 3548 2017 3548 2008 3548 2017 3549 771 3549 2018 3549 2004 3550 2016 3550 2006 3550 2022 3551 2021 3551 298 3551 368 3552 804 3552 365 3552 365 3553 804 3553 2023 3553 366 3554 2023 3554 2024 3554 367 3555 2024 3555 2025 3555 360 3556 2025 3556 361 3556 360 3557 367 3557 2025 3557 804 3558 801 3558 2023 3558 2023 3559 801 3559 2026 3559 2027 3560 2026 3560 1250 3560 1249 3561 2027 3561 1250 3561 1249 3562 2028 3562 2027 3562 1249 3563 1248 3563 2028 3563 2028 3564 1248 3564 1247 3564 2029 3565 1247 3565 1246 3565 2030 3566 1246 3566 1245 3566 1244 3567 2030 3567 1245 3567 1244 3568 2031 3568 2030 3568 1244 3569 1243 3569 2031 3569 2031 3570 1243 3570 2032 3570 2033 3571 2032 3571 2034 3571 351 3572 2034 3572 352 3572 351 3573 2033 3573 2034 3573 351 3574 370 3574 2033 3574 2033 3575 370 3575 369 3575 2035 3576 369 3576 362 3576 2036 3577 362 3577 361 3577 2025 3578 2036 3578 361 3578 2025 3579 2029 3579 2036 3579 2025 3580 2028 3580 2029 3580 2025 3581 2024 3581 2028 3581 2028 3582 2024 3582 2027 3582 2027 3583 2024 3583 2023 3583 2026 3584 2027 3584 2023 3584 772 3585 1251 3585 801 3585 801 3586 1251 3586 2026 3586 2026 3587 1251 3587 1250 3587 1243 3588 1242 3588 2032 3588 2032 3589 1242 3589 1241 3589 2034 3590 1241 3590 1240 3590 352 3591 1240 3591 1239 3591 264 3592 352 3592 1239 3592 367 3593 366 3593 2024 3593 366 3594 365 3594 2023 3594 362 3595 2036 3595 2035 3595 2035 3596 2036 3596 2030 3596 2031 3597 2035 3597 2030 3597 2031 3598 2033 3598 2035 3598 2031 3599 2032 3599 2033 3599 2035 3600 2033 3600 369 3600 2034 3601 1240 3601 352 3601 1246 3602 2030 3602 2029 3602 2029 3603 2030 3603 2036 3603 2029 3604 2028 3604 1247 3604 2032 3605 1241 3605 2034 3605 1819 3606 1049 3606 1829 3606 1829 3607 1049 3607 1069 3607 1830 3608 1069 3608 1067 3608 1832 3609 1067 3609 1064 3609 1841 3610 1064 3610 1062 3610 1845 3611 1062 3611 1848 3611 1845 3612 1841 3612 1062 3612 1062 3613 1060 3613 1848 3613 1848 3614 1060 3614 1850 3614 1850 3615 1060 3615 1059 3615 1808 3616 1850 3616 1059 3616 1841 3617 1832 3617 1064 3617 1832 3618 1830 3618 1067 3618 1830 3619 1829 3619 1069 3619 1808 3620 1059 3620 1809 3620 1809 3621 1059 3621 1057 3621 1793 3622 1057 3622 1055 3622 1794 3623 1055 3623 1052 3623 1797 3624 1052 3624 1050 3624 1810 3625 1050 3625 1814 3625 1810 3626 1797 3626 1050 3626 1050 3627 1047 3627 1814 3627 1814 3628 1047 3628 1818 3628 1818 3629 1047 3629 1049 3629 1819 3630 1818 3630 1049 3630 1797 3631 1794 3631 1052 3631 1794 3632 1793 3632 1055 3632 1793 3633 1809 3633 1057 3633 134 1756 116 1756 998 1756 998 1756 116 1756 115 1756 118 1756 998 1756 115 1756 77 1758 78 1758 986 1758 986 1758 78 1758 137 1758 136 1758 986 1758 137 1758 1032 3634 1030 3634 1872 3634 1872 3635 1030 3635 1873 3635 1873 3636 1030 3636 1880 3636 1880 3637 1030 3637 1029 3637 1881 3638 1029 3638 1027 3638 1883 3639 1027 3639 1908 3639 1883 3640 1881 3640 1027 3640 1027 3641 1025 3641 1908 3641 1908 3642 1025 3642 1904 3642 1904 3643 1025 3643 1023 3643 1898 3644 1023 3644 1018 3644 1889 3645 1898 3645 1018 3645 1898 3646 1904 3646 1023 3646 1881 3647 1880 3647 1029 3647 1018 3648 1016 3648 1889 3648 1889 3649 1016 3649 1887 3649 1887 3650 1016 3650 1890 3650 1890 3651 1016 3651 1014 3651 1899 3652 1014 3652 1011 3652 1871 3653 1011 3653 1857 3653 1871 3654 1899 3654 1011 3654 1011 3655 1013 3655 1857 3655 1857 3656 1013 3656 1858 3656 1858 3657 1013 3657 1022 3657 1860 3658 1022 3658 1032 3658 1872 3659 1860 3659 1032 3659 1860 3660 1858 3660 1022 3660 1899 3661 1890 3661 1014 3661 715 3662 716 3662 2037 3662 2037 3663 716 3663 2038 3663 2039 3664 2038 3664 2040 3664 2039 3665 2037 3665 2038 3665 716 3666 718 3666 2038 3666 2038 3667 718 3667 2041 3667 2042 3668 2041 3668 2043 3668 205 3669 2043 3669 204 3669 205 3670 2042 3670 2043 3670 205 3671 2044 3671 2042 3671 205 3672 206 3672 2044 3672 2044 3673 206 3673 207 3673 2045 3674 207 3674 2046 3674 2045 3675 2044 3675 207 3675 2045 3676 2047 3676 2044 3676 2044 3677 2047 3677 2042 3677 2042 3678 2047 3678 2048 3678 2049 3679 2042 3679 2048 3679 2049 3680 2050 3680 2042 3680 2042 3681 2050 3681 2038 3681 2041 3682 2042 3682 2038 3682 718 3683 190 3683 2041 3683 2041 3684 190 3684 191 3684 200 3685 2041 3685 191 3685 200 3686 204 3686 2041 3686 2041 3687 204 3687 2043 3687 208 3688 2051 3688 207 3688 207 3689 2051 3689 2046 3689 2050 3690 2040 3690 2038 3690 713 3691 2052 3691 714 3691 714 3692 2052 3692 2053 3692 717 3693 2053 3693 2054 3693 188 3694 2054 3694 186 3694 188 3695 717 3695 2054 3695 2052 3696 2055 3696 2053 3696 2053 3697 2055 3697 2056 3697 2057 3698 2053 3698 2056 3698 2057 3699 2058 3699 2053 3699 2057 3700 2059 3700 2058 3700 2058 3701 2059 3701 2060 3701 2061 3702 2058 3702 2060 3702 2061 3703 2062 3703 2058 3703 2061 3704 2063 3704 2062 3704 2062 3705 2063 3705 181 3705 182 3706 2062 3706 181 3706 182 3707 2058 3707 2062 3707 182 3708 2064 3708 2058 3708 182 3709 183 3709 2064 3709 2064 3710 183 3710 2054 3710 2058 3711 2054 3711 2053 3711 2058 3712 2064 3712 2054 3712 2063 3713 2065 3713 181 3713 181 3714 2065 3714 2066 3714 180 3715 181 3715 2066 3715 183 3716 184 3716 2054 3716 2054 3717 184 3717 186 3717 717 3718 714 3718 2053 3718 1599 3719 788 3719 1593 3719 1593 3720 788 3720 1690 3720 1594 3721 1690 3721 1582 3721 1594 3722 1593 3722 1690 3722 1690 3723 1692 3723 1582 3723 1582 3724 1692 3724 1555 3724 1555 3725 1692 3725 1556 3725 1556 3726 1692 3726 1694 3726 1557 3727 1694 3727 1696 3727 1600 3728 1696 3728 1608 3728 1600 3729 1557 3729 1696 3729 1696 3730 1698 3730 1608 3730 1608 3731 1698 3731 1616 3731 1616 3732 1698 3732 1700 3732 1624 3733 1700 3733 1632 3733 1624 3734 1616 3734 1700 3734 1632 3735 1700 3735 1633 3735 1633 3736 1700 3736 921 3736 1635 3737 921 3737 1637 3737 1635 3738 1633 3738 921 3738 919 3739 1639 3739 921 3739 921 3740 1639 3740 1637 3740 1557 3741 1556 3741 1694 3741 853 3742 924 3742 1419 3742 1419 3743 924 3743 1726 3743 1459 3744 1726 3744 1468 3744 1459 3745 1419 3745 1726 3745 1468 3746 1726 3746 1475 3746 1475 3747 1726 3747 1723 3747 1476 3748 1723 3748 1715 3748 1478 3749 1715 3749 1485 3749 1478 3750 1476 3750 1715 3750 1715 3751 1713 3751 1485 3751 1485 3752 1713 3752 1480 3752 1480 3753 1713 3753 1712 3753 1482 3754 1712 3754 1483 3754 1482 3755 1480 3755 1712 3755 1483 3756 1712 3756 1484 3756 1484 3757 1712 3757 1722 3757 1490 3758 1722 3758 1487 3758 1490 3759 1484 3759 1722 3759 1722 3760 782 3760 1487 3760 1487 3761 782 3761 1489 3761 1476 3762 1475 3762 1723 3762 655 807 672 807 2067 807 2067 807 672 807 2068 807 2068 3763 672 3763 670 3763 129 467 2068 467 131 467 131 467 2068 467 670 467 223 852 224 852 2067 852 2067 852 224 852 655 852 715 3764 2037 3764 775 3764 775 3765 2037 3765 1687 3765 1687 3766 2037 3766 2039 3766 1685 3767 2039 3767 2040 3767 1684 3768 2040 3768 2050 3768 1682 3769 2050 3769 2049 3769 1680 3770 2049 3770 2048 3770 1679 3771 2048 3771 2047 3771 1677 3772 2047 3772 2045 3772 1675 3773 2045 3773 2046 3773 1673 3774 2046 3774 2051 3774 1672 3775 2051 3775 208 3775 209 3776 1672 3776 208 3776 1672 3777 1673 3777 2051 3777 1673 3778 1675 3778 2046 3778 1675 3779 1677 3779 2045 3779 1677 3780 1679 3780 2047 3780 1679 3781 1680 3781 2048 3781 1680 3782 1682 3782 2049 3782 1682 3783 1684 3783 2050 3783 1684 3784 1685 3784 2040 3784 1685 3785 1687 3785 2039 3785 713 3786 776 3786 2052 3786 2052 3787 776 3787 1651 3787 2055 3788 1651 3788 1653 3788 2056 3789 1653 3789 1655 3789 2057 3790 1655 3790 1657 3790 2059 3791 1657 3791 1659 3791 2060 3792 1659 3792 1661 3792 2061 3793 1661 3793 1662 3793 2063 3794 1662 3794 1664 3794 2065 3795 1664 3795 1666 3795 2066 3796 1666 3796 1667 3796 180 3797 1667 3797 179 3797 180 3798 2066 3798 1667 3798 2066 3799 2065 3799 1666 3799 2065 3800 2063 3800 1664 3800 2063 3801 2061 3801 1662 3801 2061 3802 2060 3802 1661 3802 2060 3803 2059 3803 1659 3803 2059 3804 2057 3804 1657 3804 2057 3805 2056 3805 1655 3805 2056 3806 2055 3806 1653 3806 2055 3807 2052 3807 1651 3807 1192 3808 2069 3808 1190 3808 1190 3809 2069 3809 2070 3809 1183 3810 2070 3810 1184 3810 1183 3811 1190 3811 2070 3811 1183 3812 1182 3812 1190 3812 1190 3813 1182 3813 1189 3813 1189 3814 1182 3814 1191 3814 1191 3815 1182 3815 1181 3815 1180 3816 1191 3816 1181 3816 2069 3817 2071 3817 2070 3817 2070 3818 2071 3818 2072 3818 2072 3819 2071 3819 2073 3819 1199 3820 2074 3820 1197 3820 1197 3821 2074 3821 2075 3821 1174 3822 2075 3822 1175 3822 1174 3823 1197 3823 2075 3823 1174 3824 1173 3824 1197 3824 1197 3825 1173 3825 1196 3825 1196 3814 1173 3814 1198 3814 1198 3815 1173 3815 1172 3815 1171 3826 1198 3826 1172 3826 2074 3827 2076 3827 2075 3827 2075 3818 2076 3818 2077 3818 2077 3819 2076 3819 2078 3819 593 1756 925 1756 592 1756 592 1756 925 1756 927 1756 984 3828 927 3828 929 3828 1079 1756 984 1756 929 1756 984 3829 592 3829 927 3829 596 1758 599 1758 926 1758 926 1758 599 1758 928 1758 928 1758 599 1758 987 1758 930 3830 987 3830 1078 3830 930 3831 928 3831 987 3831 2073 3832 2071 3832 2079 3832 2071 3833 2069 3833 2079 3833 2079 3834 2069 3834 1192 3834 2079 3835 1192 3835 1193 3835 1193 3836 1194 3836 2079 3836 1194 3837 1195 3837 2079 3837 1188 3838 2079 3838 1195 3838 1188 3839 1187 3839 2079 3839 1187 3840 1186 3840 2079 3840 2070 3841 2079 3841 1184 3841 2070 3842 2072 3842 2079 3842 2079 3843 2072 3843 2073 3843 1186 3844 1185 3844 2079 3844 2079 3845 1185 3845 1184 3845 2078 3846 2076 3846 2080 3846 2076 3847 2074 3847 2080 3847 2080 3848 2074 3848 1199 3848 2080 3849 1199 3849 1200 3849 1200 3850 1201 3850 2080 3850 1201 3851 1202 3851 2080 3851 1179 3852 2080 3852 1202 3852 1179 3853 1178 3853 2080 3853 1178 3854 1177 3854 2080 3854 2075 3855 2080 3855 1175 3855 2075 3856 2077 3856 2080 3856 2080 3857 2077 3857 2078 3857 1177 3858 1176 3858 2080 3858 2080 3859 1176 3859 1175 3859 788 3860 1599 3860 789 3860 782 3860 781 3860 1489 3860 648 3861 187 3861 185 3861 649 3862 199 3862 189 3862 129 1758 127 1758 2068 1758 2068 1758 127 1758 119 1758 117 1758 2068 1758 119 1758 117 1758 112 1758 2068 1758 2068 3863 112 3863 59 3863 61 3864 2068 3864 59 3864 61 3865 17 3865 2068 3865 2068 3866 17 3866 13 3866 5 1758 2068 1758 13 1758 5 3867 4 3867 2068 3867 2068 3868 4 3868 24 3868 28 1758 2068 1758 24 1758 28 1758 105 1758 2068 1758 2068 1758 105 1758 107 1758 109 3869 2068 3869 107 3869 109 1758 2067 1758 2068 1758 109 3869 246 3869 2067 3869 2067 3870 246 3870 244 3870 242 1758 2067 1758 244 1758 242 1758 240 1758 2067 1758 2067 3868 240 3868 238 3868 233 3867 2067 3867 238 3867 233 3871 230 3871 2067 3871 2067 3872 230 3872 227 3872 166 1758 2067 1758 227 1758 166 3864 216 3864 2067 3864 2067 3863 216 3863 214 3863 211 1758 2067 1758 214 1758 211 1758 202 1758 2067 1758 2067 1758 202 1758 203 1758 223 1758 2067 1758 203 1758 45 1756 49 1756 6 1756 6 1756 49 1756 53 1756 1 1756 53 1756 87 1756 38 1756 87 1756 84 1756 34 1756 84 1756 76 1756 98 1756 76 1756 74 1756 95 1756 74 1756 69 1756 93 1756 69 1756 67 1756 141 1756 67 1756 194 1756 143 1756 194 1756 178 1756 145 1756 178 1756 175 1756 147 1756 175 1756 173 1756 149 1756 173 1756 171 1756 153 1756 171 1756 162 1756 158 1756 162 1756 159 1756 158 1756 153 1756 162 1756 95 1756 98 1756 74 1756 98 1756 34 1756 76 1756 34 1756 38 1756 84 1756 38 1756 1 1756 87 1756 1 1756 6 1756 53 1756 153 1756 149 1756 171 1756 149 1756 147 1756 173 1756 147 1756 145 1756 175 1756 145 1756 143 1756 178 1756 143 1756 141 1756 194 1756 141 1756 93 1756 67 1756 69 1756 93 1756 95 1756 418 3873 417 3873 419 3873 419 852 417 852 416 852 420 852 416 852 415 852 421 3874 415 3874 414 3874 422 3875 414 3875 413 3875 423 3876 413 3876 430 3876 424 3877 430 3877 429 3877 425 852 429 852 428 852 426 852 428 852 427 852 426 852 425 852 428 852 421 852 420 852 415 852 420 852 419 852 416 852 425 852 424 852 429 852 424 3878 423 3878 430 3878 423 852 422 852 413 852 414 3879 422 3879 421 3879</p>
        </triangles>
      </mesh>
    </geometry>
  </library_geometries>
  <library_visual_scenes>
    <visual_scene id="Scene" name="Scene">
      <node id="Link5" name="Link5" type="NODE">
        <matrix sid="transform">1 0 0 0 0 1 0 0 0 0 1 0 0 0 0 1</matrix>
        <instance_geometry url="#Link5-mesh" name="Link5">
          <bind_material>
            <technique_common>
              <instance_material symbol="colour_abb_white_001-material" target="#colour_abb_white_001-material"/>
            </technique_common>
          </bind_material>
        </instance_geometry>
      </node>
    </visual_scene>
  </library_visual_scenes>
  <scene>
    <instance_visual_scene url="#Scene"/>
  </scene>
</COLLADA>