<?xml version="1.0" encoding="utf-8"?>
<COLLADA xmlns="http://www.collada.org/2005/11/COLLADASchema" version="1.4.1" xmlns:xsi="http://www.w3.org/2001/XMLSchema-instance">
  <asset>
    <contributor>
      <author>Blender User</author>
      <authoring_tool>Blender 2.82.7</authoring_tool>
    </contributor>
    <created>2023-09-19T11:31:34</created>
    <modified>2023-09-19T11:31:34</modified>
    <unit name="meter" meter="1"/>
    <up_axis>Z_UP</up_axis>
  </asset>
  <library_effects>
    <effect id="RAL2003_006-effect">
      <profile_COMMON>
        <technique sid="common">
          <lambert>
            <emission>
              <color sid="emission">0 0 0 1</color>
            </emission>
            <diffuse>
              <color sid="diffuse">0.512 0.2088141 0.07027201 1</color>
            </diffuse>
            <index_of_refraction>
              <float sid="ior">1</float>
            </index_of_refraction>
          </lambert>
        </technique>
      </profile_COMMON>
    </effect>
  </library_effects>
  <library_images/>
  <library_materials>
    <material id="RAL2003_006-material" name="RAL2003.006">
      <instance_effect url="#RAL2003_006-effect"/>
    </material>
  </library_materials>
  <library_geometries>
    <geometry id="Link_2_001-mesh" name="Link 2.001">
      <mesh>
        <source id="Link_2_001-mesh-positions">
          <float_array id="Link_2_001-mesh-positions-array" count="3822">0.1924687 -0.2645 0.01839792 0.1939945 -0.2645 0.01370209 0.1942 -0.2645 0.01500004 0.1887021 -0.2645 0.01100564 0.19 -0.2645 0.0108 0.1860055 -0.2645 0.01629793 0.1858 -0.2645 0.01500004 0.1875312 -0.2645 0.01839792 0.186602 -0.2645 0.01746869 0.1912978 -0.2645 0.01899439 0.19 -0.2645 0.01920002 0.1887021 -0.2645 0.01899439 0.1939945 -0.2645 0.01629793 0.1924687 -0.2645 0.0116021 0.1933979 -0.2645 0.01253134 0.1912978 -0.2645 0.01100564 0.1875312 -0.2645 0.0116021 0.1860055 -0.2645 0.01370209 0.186602 -0.2645 0.01253134 0.1933979 -0.2645 0.01746869 0.1860055 -0.2765 0.01370209 0.186602 -0.2765 0.01253134 0.1875312 -0.2765 0.0116021 0.1887021 -0.2765 0.01100564 0.19 -0.2765 0.0108 0.1912978 -0.2765 0.01100564 0.1924687 -0.2765 0.0116021 0.1933979 -0.2765 0.01253134 0.1939945 -0.2765 0.01370209 0.1942 -0.2765 0.01500004 0.1939945 -0.2765 0.01629793 0.1933979 -0.2765 0.01746869 0.1924687 -0.2765 0.01839792 0.1912978 -0.2765 0.01899439 0.19 -0.2765 0.01920002 0.1887021 -0.2765 0.01899439 0.1875312 -0.2765 0.01839792 0.186602 -0.2765 0.01746869 0.1860055 -0.2765 0.01629793 0.1858 -0.2765 0.01500004 0.1912978 -0.2765 -0.01100552 0.2058368 -0.2765 0.02900004 0.1887021 -0.2765 -0.01100552 0.19 -0.2765 -0.01079994 0.1860055 -0.2765 -0.01370203 0.186602 -0.2765 -0.01253122 0.1924687 -0.2765 -0.01160216 0.1728368 -0.2765 0.02900004 0.1728368 -0.2765 -0.02899992 0.1875312 -0.2765 -0.01160216 0.1858 -0.2765 -0.01499992 0.2058368 -0.2765 -0.02899992 0.19 -0.2765 -0.01919996 0.1939945 -0.2765 -0.01370203 0.1887021 -0.2765 -0.01899445 0.1875312 -0.2765 -0.0183978 0.1912978 -0.2765 -0.01899445 0.1942 -0.2765 -0.01499992 0.1939945 -0.2765 -0.01629781 0.1933979 -0.2765 -0.01253122 0.1933979 -0.2765 -0.01746863 0.1924687 -0.2765 -0.0183978 0.186602 -0.2765 -0.01746863 0.1860055 -0.2765 -0.01629781 0.2058368 -0.2755 0.02900004 0.1728368 -0.2755 0.02900004 0.2058368 -0.2755 -0.02899992 0.1728368 -0.2755 -0.02899992 0.1860055 -0.2645 -0.01629781 0.1858 -0.2645 -0.01499992 0.186602 -0.2645 -0.01746863 0.1875312 -0.2645 -0.0183978 0.1887021 -0.2645 -0.01899445 0.19 -0.2645 -0.01919996 0.1912978 -0.2645 -0.01899445 0.1924687 -0.2645 -0.0183978 0.1933979 -0.2645 -0.01746863 0.1939945 -0.2645 -0.01629781 0.1942 -0.2645 -0.01499992 0.1939945 -0.2645 -0.01370203 0.1933979 -0.2645 -0.01253122 0.1924687 -0.2645 -0.01160216 0.1912978 -0.2645 -0.01100552 0.19 -0.2645 -0.01079994 0.1887021 -0.2645 -0.01100552 0.1875312 -0.2645 -0.01160216 0.186602 -0.2645 -0.01253122 0.1860055 -0.2645 -0.01370203 0.1728368 -0.2696321 0.06756299 0.1728368 -0.2696321 -0.06756299 0.1728368 -0.2755 -0.06658446 0.1728368 -0.2755 0.06658452 0.1408946 -0.2639998 0.06973862 0.1408946 -0.2639998 -0.06973856 0.3617621 -0.2755 0.05927199 0.3617621 -0.2755 -0.05927193 0.434292 -0.2755 -0.05771541 0.434292 -0.2755 0.05771553 0.4955141 -0.2722915 -0.05693662 0.4955141 -0.2722915 0.05693662 0.3617621 -0.1305 0.08345103 0.550728 -0.1305 0.07939583 0.550728 -0.2625558 0.05737525 0.3617621 -0.1305 -0.08345091 0.550728 -0.1305 -0.07939571 0.550728 -0.2625558 -0.05737513 0.08064413 -0.1589232 0.08959239 0.08064413 -0.2420703 0.0757274 0.3036748 -0.1305 0.08569931 0.02499461 -0.2127554 0.09056371 0.0790081 -0.2414748 0.07611924 0.08064413 -0.1589232 -0.08959233 0.3036748 -0.1305 -0.08569937 0.08064413 -0.2420703 -0.07572734 0.0790081 -0.2414748 -0.07611912 0.02499461 -0.2127554 -0.09056365 0.008218228 -0.1305 0.09085661 0.008218228 -0.144 0.09085661 0.003175914 -0.144 0.09094458 0.003175914 -0.2011542 0.09094458 0.008218228 -0.144 -0.09085643 0.008218228 -0.1305 -0.09085643 0.003175914 -0.2011542 -0.09094452 0.003175914 -0.144 -0.09094452 0.008218228 -0.144 0.09464389 0.002671599 -0.144 0.09496241 -0.002884209 -0.144 0.09495621 -8.16882e-4 -0.144 0.09099632 -0.008348107 -0.144 0.09061628 -0.008430242 -0.144 0.09462517 -0.008430242 -0.144 0.09060871 -0.002884209 -0.14 0.09495621 -0.008430242 -0.14 0.09462517 0.002671599 -0.14 0.09496241 0.008218228 -0.14 0.09464389 0.001091361 -0.14 0.1091039 -0.006109893 -0.14 0.1096438 0.008218228 -0.14 0.1079378 -0.008430242 -0.14 0.1096836 0.008218228 -0.128 0.1079378 0.008218228 -0.128 0.09062808 0.008218228 -0.1305 0.09062808 -0.008430242 -0.138 0.1096836 -0.008430242 -0.138 0.09060871 -0.0413171 -0.138 0.1029769 -0.04782235 -0.138 0.09984129 -0.03739041 -0.138 0.08296358 -0.04413098 -0.138 0.07958298 -0.05402952 -0.138 0.09615039 -0.05989092 -0.138 0.09193211 -0.06356072 -0.138 0.08886373 -0.05178421 -0.138 0.0748291 -0.01333093 -0.138 0.1095537 -0.03456306 -0.138 0.1055331 -0.03039312 -0.138 0.08577448 -0.0231871 -0.138 0.0879963 -0.05056852 -0.138 0.07565599 -0.01582187 -0.138 0.08961397 -0.02051651 -0.138 0.108834 -0.02761191 -0.138 0.1074904 -0.05056852 -0.128 0.07565599 -0.05665868 -0.128 0.07120949 -0.06536209 -0.128 0.0872187 -0.04413098 -0.128 0.07958298 -0.05989092 -0.128 0.09193211 -0.0413171 -0.128 0.1029769 -0.03039312 -0.128 0.08577448 -0.03739041 -0.128 0.08296358 -0.006109893 -0.128 0.1096438 0.001091361 -0.128 0.1091039 -8.16882e-4 -0.128 0.09099632 -0.05402952 -0.128 0.09615039 -0.04782235 -0.128 0.09984129 -0.03456306 -0.128 0.1055331 -0.02761191 -0.128 0.1074904 -0.0231871 -0.128 0.0879963 -0.02051651 -0.128 0.108834 -0.01582187 -0.128 0.08961397 -0.01333093 -0.128 0.1095537 -0.008348107 -0.128 0.09061628 0.006719946 -0.128 0.09075152 -0.07040143 -0.128 0.08204597 -0.06235992 -0.128 0.06627398 -0.0749703 -0.128 0.0764535 -0.06763291 -0.128 0.0608834 -0.06881546 -0.128 0.05954349 -0.07040143 -0.14 0.08204597 -0.06536209 -0.14 0.0872187 -0.06356072 -0.14 0.08886373 -0.0749703 -0.14 0.0764535 -0.06004863 -0.14 0.07361501 -0.05436593 -0.14 0.07790589 -0.0653938 -0.14 0.06891053 -0.07037162 -0.14 0.06381881 -0.06881546 -0.144 0.05954349 -0.07037162 -0.144 0.06381881 -0.05178421 -0.144 0.0748291 -0.05436593 -0.144 0.07790589 -0.0653938 -0.144 0.06891053 -0.06004863 -0.144 0.07361501 -0.05665868 -0.144 0.07120949 -0.06235992 -0.144 0.06627398 -0.06763291 -0.144 0.0608834 0.001562893 -0.144 -0.09098654 -0.005975663 -0.144 -0.09080356 -0.002884924 -0.144 -0.09495609 0.008218228 -0.144 -0.09464383 -0.008431315 -0.144 -0.09462505 0.002671241 -0.144 -0.09496235 -0.008430957 -0.144 -0.09060853 0.002671241 -0.14 -0.09496235 0.008218228 -0.14 -0.09464383 -0.002884924 -0.14 -0.09495609 -0.008431315 -0.14 -0.09462505 0.001091361 -0.14 -0.1091038 0.008218228 -0.14 -0.1079378 -0.008432626 -0.14 -0.1096835 -0.006109893 -0.14 -0.1096437 0.008218228 -0.128 -0.1079378 0.008218228 -0.128 -0.09062814 0.008218228 -0.1305 -0.09062814 -0.008430957 -0.138 -0.09060853 -0.008432626 -0.138 -0.1096835 -0.04782235 -0.138 -0.09984135 -0.03520816 -0.138 -0.08391284 -0.04203474 -0.138 -0.08070975 -0.02051651 -0.138 -0.1088339 -0.01333093 -0.138 -0.1095536 -0.01347321 -0.138 -0.08999705 -0.05989092 -0.138 -0.09193205 -0.04857277 -0.138 -0.07695245 -0.05178219 -0.138 -0.07483047 -0.05402952 -0.138 -0.09615033 -0.02813982 -0.138 -0.08653986 -0.0413171 -0.138 -0.1029768 -0.02087819 -0.138 -0.08857256 -0.02761191 -0.138 -0.1074903 -0.03456306 -0.138 -0.105533 -0.06355887 -0.138 -0.08886522 -0.04782235 -0.128 -0.09984135 -0.05402952 -0.128 -0.09615033 -0.04203474 -0.128 -0.08070975 -0.02813982 -0.128 -0.08653986 -0.03456306 -0.128 -0.105533 -0.0413171 -0.128 -0.1029768 -0.03520816 -0.128 -0.08391284 -0.02051651 -0.128 -0.1088339 -0.02087819 -0.128 -0.08857256 -0.01347321 -0.128 -0.08999705 -0.05989092 -0.128 -0.09193205 -0.04857277 -0.128 -0.07695245 -0.06060558 -0.128 -0.06788194 -0.07040143 -0.128 -0.08204597 -0.0749703 -0.128 -0.07645344 -0.01333093 -0.128 -0.1095536 -0.005975663 -0.128 -0.09080356 -0.06536209 -0.128 -0.08721864 -0.05477732 -0.128 -0.07266664 -0.06881546 -0.128 -0.05954343 -0.0660178 -0.128 -0.06263107 -0.02761191 -0.128 -0.1074903 0.001562893 -0.128 -0.09098654 0.001091361 -0.128 -0.1091038 -0.006109893 -0.128 -0.1096437 -0.07040143 -0.14 -0.08204597 -0.0749703 -0.14 -0.07645344 -0.06536209 -0.14 -0.08721864 -0.06355887 -0.14 -0.08886522 -0.06004738 -0.14 -0.07361596 -0.06539314 -0.14 -0.06891095 -0.0543639 -0.14 -0.07790726 -0.07037162 -0.14 -0.06381875 -0.06881546 -0.144 -0.05954343 -0.07037162 -0.144 -0.06381875 -0.05178219 -0.144 -0.07483047 -0.0543639 -0.144 -0.07790726 -0.06004738 -0.144 -0.07361596 -0.06539314 -0.144 -0.06891095 -0.05477732 -0.144 -0.07266664 -0.06060558 -0.144 -0.06788194 -0.0660178 -0.144 -0.06263107 0.6019771 -0.2473317 0.06721597 0.6553821 -0.2189356 0.07956033 0.5631781 -0.1305 0.08116978 0.5541622 -0.2619503 0.05796545 0.6019771 -0.2473317 -0.0672158 0.5631781 -0.1305 -0.0811696 0.6553821 -0.2189356 -0.07956022 0.5541622 -0.2619503 -0.05796539 0.6695392 -0.1345 0.07931315 0.6736031 -0.2092474 0.07924228 0.6736031 -0.1345 0.07924228 0.6695392 -0.1305 0.07931315 0.6695392 -0.1345 -0.07931309 0.6736031 -0.1345 -0.07924211 0.6736031 -0.2092474 -0.07924211 0.6695392 -0.1305 -0.07931309 0.6992771 -0.1345 -0.07764261 0.7017021 -0.1345 -0.07648026 0.6947982 -0.1345 -0.07811051 0.7060642 -0.1345 -0.07563501 0.7084342 -0.1345 -0.07424122 0.7189742 -0.1345 -0.06986439 0.7211651 -0.1345 -0.06801205 0.7149392 -0.1345 -0.07141101 0.7249962 -0.1345 -0.06614649 0.7270642 -0.1345 -0.06407165 0.7306661 -0.1345 -0.06191092 0.7325892 -0.1345 -0.05962109 0.7359391 -0.1345 -0.05719065 0.7376942 -0.1345 -0.05469578 0.6711682 -0.1345 -0.07951098 0.7126471 -0.1345 -0.07303547 0.7407751 -0.1345 -0.05202299 0.74234 -0.1345 -0.049335 0.745135 -0.1345 -0.04644817 0.7464901 -0.1345 -0.04358136 0.7489851 -0.1345 -0.0405097 0.7501101 -0.1345 -0.03748071 0.752296 -0.1345 -0.03425431 0.7531722 -0.1345 -0.03108155 0.67823 -0.1345 -0.07998031 0.680692 -0.1345 -0.07949692 0.6853061 -0.1345 -0.07982379 0.6877762 -0.1345 -0.07911872 0.75875 -0.1345 -0.01408535 0.7587882 -0.1345 -0.0106126 0.7575291 -0.1345 -0.01759392 0.7596871 -0.1345 -0.007070302 0.7594211 -0.1345 -0.003546893 0.7600001 -0.1345 0 0.7594211 -0.1345 0.003547072 0.752296 -0.1345 0.03425449 0.7489851 -0.1345 0.04050987 0.7501101 -0.1345 0.03748089 0.745135 -0.1345 0.04644829 0.7464901 -0.1345 0.04358148 0.7407751 -0.1345 0.05202317 0.74234 -0.1345 0.04933518 0.7359391 -0.1345 0.05719089 0.7376942 -0.1345 0.05469596 0.6923401 -0.1345 -0.07904249 0.7596871 -0.1345 0.007070481 0.75875 -0.1345 0.01408559 0.7587882 -0.1345 0.01061278 0.7571971 -0.1345 0.02099037 0.7575291 -0.1345 0.01759403 0.75504 -0.1345 0.027731 0.7556521 -0.1345 0.02443516 0.7531722 -0.1345 0.03108179 0.7189742 -0.1345 0.06986445 0.7126471 -0.1345 0.07303565 0.7149392 -0.1345 0.07141107 0.7060642 -0.1345 0.07563519 0.7084342 -0.1345 0.07424134 0.6923401 -0.1345 0.07904267 0.6853061 -0.1345 0.07982397 0.6877762 -0.1345 0.07911884 0.67823 -0.1345 0.07998049 0.680692 -0.1345 0.07949703 0.6711682 -0.1345 0.07951104 0.75504 -0.1345 -0.02773076 0.7556521 -0.1345 -0.02443498 0.7571971 -0.1345 -0.02099019 0.7306661 -0.1345 0.06191104 0.7325892 -0.1345 0.05962127 0.7249962 -0.1345 0.06614655 0.7270642 -0.1345 0.06407189 0.7211651 -0.1345 0.06801229 0.6992771 -0.1345 0.07764273 0.7017021 -0.1345 0.07648044 0.6947982 -0.1345 0.07811069 0.7596871 -0.117 0.007070481 0.75875 -0.117 0.01408559 0.7571971 -0.117 0.02099037 0.75504 -0.117 0.027731 0.752296 -0.117 0.03425449 0.7489851 -0.117 0.04050987 0.745135 -0.117 0.04644829 0.7407751 -0.117 0.05202317 0.7359391 -0.117 0.05719089 0.7306661 -0.117 0.06191104 0.7249962 -0.117 0.06614655 0.7189742 -0.117 0.06986445 0.7126471 -0.117 0.07303565 0.7060642 -0.117 0.07563519 0.6992771 -0.117 0.07764273 0.6923401 -0.117 0.07904267 0.6853061 -0.117 0.07982397 0.67823 -0.117 0.07998049 0.6711682 -0.117 0.07951104 0.67823 -0.117 -0.07998031 0.6853061 -0.117 -0.07982379 0.6923401 -0.117 -0.07904249 0.6992771 -0.117 -0.07764261 0.7060642 -0.117 -0.07563501 0.7126471 -0.117 -0.07303547 0.7189742 -0.117 -0.06986439 0.7249962 -0.117 -0.06614649 0.7306661 -0.117 -0.06191092 0.7359391 -0.117 -0.05719065 0.7407751 -0.117 -0.05202299 0.745135 -0.117 -0.04644817 0.7489851 -0.117 -0.0405097 0.752296 -0.117 -0.03425431 0.75504 -0.117 -0.02773076 0.7571971 -0.117 -0.02099019 0.75875 -0.117 -0.01408535 0.7596871 -0.117 -0.007070302 0.7600001 -0.117 0 0.6641761 -0.117 -0.07841932 0.6641761 -0.1305 -0.07841932 0.6573071 -0.1305 -0.07671391 0.6573071 -0.117 -0.07671391 0.6506161 -0.1305 -0.07440811 0.6506161 -0.117 -0.07440811 0.6441551 -0.1305 -0.07151991 0.6441551 -0.117 -0.07151991 0.6379742 -0.1305 -0.06807202 0.6379742 -0.117 -0.06807202 0.6321221 -0.1305 -0.06409138 0.6321221 -0.117 -0.06409138 0.626645 -0.1305 -0.05960911 0.626645 -0.117 -0.05960911 0.6215862 -0.1305 -0.05466043 0.6215862 -0.117 -0.05466043 0.6169831 -0.1305 -0.0492838 0.6169831 -0.117 -0.0492838 0.6128741 -0.1305 -0.04352152 0.6128741 -0.117 -0.04352152 0.609291 -0.1305 -0.0374186 0.609291 -0.117 -0.0374186 0.60626 -0.1305 -0.0310229 0.60626 -0.117 -0.0310229 0.603807 -0.1305 -0.02438443 0.603807 -0.117 -0.02438443 0.60195 -0.1305 -0.01755499 0.60195 -0.117 -0.01755499 0.6007041 -0.1305 -0.01058822 0.6007041 -0.117 -0.01058822 0.6000781 -0.1305 -0.003538608 0.6000781 -0.1305 0.003538727 0.6000001 -0.117 0 0.6000781 -0.117 0.003538727 0.6007041 -0.1305 0.01058834 0.6007041 -0.117 0.01058834 0.60195 -0.1305 0.01755511 0.60195 -0.117 0.01755511 0.603807 -0.1305 0.02438455 0.603807 -0.117 0.02438455 0.60626 -0.1305 0.03102302 0.60626 -0.117 0.03102302 0.609291 -0.1305 0.03741884 0.609291 -0.117 0.03741884 0.6128741 -0.1305 0.04352164 0.6128741 -0.117 0.04352164 0.6169831 -0.1305 0.04928398 0.6169831 -0.117 0.04928398 0.6215862 -0.1305 0.05466055 0.6215862 -0.117 0.05466055 0.626645 -0.1305 0.05960929 0.626645 -0.117 0.05960929 0.6321221 -0.1305 0.06409156 0.6321221 -0.117 0.06409156 0.6379742 -0.1305 0.06807214 0.6379742 -0.117 0.06807214 0.6441551 -0.1305 0.07152009 0.6441551 -0.117 0.07152009 0.6506161 -0.1305 0.07440829 0.6506161 -0.117 0.07440829 0.6573071 -0.1305 0.07671403 0.6573071 -0.117 0.07671403 0.6641761 -0.1305 0.07841944 0.6641761 -0.117 0.07841944 0.6711682 -0.117 -0.07951098 0.6000781 -0.117 -0.003538608 0.08865743 -0.083 -0.02051496 0.08865743 -0.1305 -0.02051496 0.08665448 -0.1305 -0.02778482 0.08665448 -0.083 -0.02778482 0.08405661 -0.1305 -0.03486394 0.08405661 -0.083 -0.03486394 0.08088141 -0.1305 -0.04170364 0.08088141 -0.083 -0.04170364 0.07715088 -0.1305 -0.04825699 0.07715088 -0.083 -0.04825699 0.07289057 -0.1305 -0.05447894 0.07289057 -0.083 -0.05447894 0.06812977 -0.1305 -0.06032687 0.06812977 -0.083 -0.06032687 0.06290119 -0.1305 -0.06576043 0.06290119 -0.083 -0.06576043 0.0572406 -0.1305 -0.07074254 0.0572406 -0.083 -0.07074254 0.05118703 -0.1305 -0.07523882 0.05118703 -0.083 -0.07523882 0.04478186 -0.1305 -0.07921856 0.04478186 -0.083 -0.07921856 0.0380693 -0.1305 -0.08265423 0.0380693 -0.083 -0.08265423 0.03109532 -0.1305 -0.08552235 0.03109532 -0.083 -0.08552235 0.02390778 -0.1305 -0.08780324 0.02390778 -0.083 -0.08780324 0.01655602 -0.1305 -0.08948123 0.01655602 -0.083 -0.08948123 0.009090602 -0.1305 -0.09054476 0.001562893 -0.083 -0.09098654 0.009090602 -0.083 -0.09054476 -0.005975663 -0.083 -0.09080356 -0.01347321 -0.083 -0.08999705 -0.02087819 -0.083 -0.08857256 -0.02813982 -0.083 -0.08653986 -0.03520816 -0.083 -0.08391284 -0.04203474 -0.083 -0.08070975 -0.04857277 -0.083 -0.07695245 -0.05477732 -0.083 -0.07266664 -0.06060558 -0.083 -0.06788194 0.001562893 -0.2002965 -0.09098654 -0.002208292 -0.1982914 -0.09097313 -0.005975663 -0.1962882 -0.09080356 -0.009732782 -0.1942905 -0.090478 -0.01347321 -0.1923017 -0.08999705 -0.01719039 -0.1903252 -0.08936154 -0.02087819 -0.1883644 -0.08857256 -0.02453005 -0.1864227 -0.08763146 -0.02813982 -0.1845033 -0.08653986 -0.0317012 -0.1826097 -0.08529961 -0.03520816 -0.180745 -0.08391284 -0.03865468 -0.1789125 -0.08238202 -0.04203474 -0.1771152 -0.08070975 -0.0453428 -0.1753564 -0.07889884 -0.04857277 -0.1736389 -0.07695245 -0.05171954 -0.1719658 -0.07487386 -0.05477732 -0.1703399 -0.07266664 -0.05806767 -0.1685904 -0.0700652 -0.06060558 -0.1677657 -0.06788194 -0.06336605 -0.1668688 -0.06531256 -0.0660178 -0.1660073 -0.06263107 -0.06855607 -0.1651825 -0.05984199 -0.07097661 -0.1643961 -0.05695003 -0.07097661 -0.083 -0.05695003 -0.0660178 -0.083 -0.06263107 -0.07327532 -0.1636492 -0.05396044 -0.07544797 -0.1629432 -0.05087816 -0.07544797 -0.083 -0.05087816 -0.07749134 -0.1622793 -0.04770833 -0.07940149 -0.1616587 -0.04445672 -0.07940149 -0.083 -0.04445672 -0.0811752 -0.1610823 -0.04112875 -0.08280962 -0.1605513 -0.03773015 -0.08280962 -0.083 -0.03773015 -0.08430171 -0.1600664 -0.03426676 -0.08564919 -0.1596287 -0.03074449 -0.08564919 -0.083 -0.03074449 -0.08684939 -0.1592386 -0.0271694 -0.08790063 -0.1588971 -0.02354758 -0.08790063 -0.083 -0.02354758 -0.08880072 -0.1586046 -0.01988548 -0.0895484 -0.1583617 -0.01618903 -0.0895484 -0.083 -0.01618903 -0.0901423 -0.1581688 -0.012465 -0.09058129 -0.158026 -0.008719444 -0.09099215 -0.083 -0.001189827 -0.09058129 -0.083 -0.008719444 -0.09086477 -0.157934 -0.004958868 -0.09099215 -0.1578926 -0.001189827 -0.09096342 -0.157902 0.002581179 -0.09077829 -0.083 0.006347775 -0.08994108 -0.083 0.01384198 -0.09077829 -0.1579621 0.006347775 -0.09043741 -0.1580729 0.01010358 -0.08848631 -0.083 0.02124112 -0.08994108 -0.1582341 0.01384198 -0.08929032 -0.1584456 0.0175566 -0.08642381 -0.083 0.02849429 -0.08848631 -0.1587068 0.02124112 -0.08753019 -0.1590175 0.02488911 -0.08376795 -0.083 0.0355519 -0.08642381 -0.1593769 0.02849429 -0.08516895 -0.1597847 0.0320506 -0.08053678 -0.083 0.04236531 -0.08376795 -0.1602399 0.0355519 -0.08222293 -0.1607419 0.0389921 -0.07675266 -0.083 0.0488879 -0.08053678 -0.1612897 0.04236531 -0.07871234 -0.1618825 0.0456658 -0.07244151 -0.083 0.05507469 -0.07675266 -0.1625193 0.0488879 -0.07466119 -0.1631988 0.05202597 -8.16882e-4 -0.1990312 0.09099632 -0.008348107 -0.1950268 0.09061628 -0.004586398 -0.1970269 0.09088438 -0.01582187 -0.1910529 0.08961397 -0.01209539 -0.1930343 0.09019261 -0.0231871 -0.1871367 0.0879963 -0.01952129 -0.1890859 0.08888149 -0.03039312 -0.1833052 0.08577448 -0.0268132 -0.1852087 0.08696007 -0.03739041 -0.1795847 0.08296358 -0.03392088 -0.1814295 0.08444148 -0.04413098 -0.1760007 0.07958298 -0.04079568 -0.1777741 0.08134323 -0.05056852 -0.1725777 0.07565599 -0.0473904 -0.1742676 0.07768619 -0.05665868 -0.1693396 0.07120949 -0.05365973 -0.1709342 0.0734958 -0.06235992 -0.1671958 0.06627398 -0.05806767 -0.1685904 0.07006531 -0.06763291 -0.1654825 0.0608834 -0.06505227 -0.166321 0.06363332 -0.06763291 -0.083 0.0608834 -0.07244151 -0.1639201 0.05507469 -0.0700975 -0.1646817 0.05802887 -0.06235992 -0.083 0.06627398 -0.05665868 -0.083 0.07120949 -0.05056852 -0.083 0.07565599 -0.04413098 -0.083 0.07958298 -0.03739041 -0.083 0.08296358 -0.03039312 -0.083 0.08577448 -0.0231871 -0.083 0.0879963 -0.01582187 -0.083 0.08961397 -0.008348107 -0.083 0.09061628 -8.16882e-4 -0.083 0.09099632 0.01421052 -0.1305 0.08988362 0.01421052 -0.083 0.08988362 0.006719946 -0.083 0.09075152 0.02160358 -0.1305 0.08839839 0.02160358 -0.083 0.08839839 0.02884829 -0.1305 0.08630633 0.02884829 -0.083 0.08630633 0.03589504 -0.1305 0.0836215 0.03589504 -0.083 0.0836215 0.0426951 -0.1305 0.08036249 0.0426951 -0.083 0.08036249 0.04920202 -0.1305 0.07655173 0.04920202 -0.083 0.07655173 0.05537116 -0.1305 0.07221519 0.05537116 -0.083 0.07221519 0.06116014 -0.1305 0.06738281 0.06116014 -0.083 0.06738281 0.06652909 -0.1305 0.06208783 0.06652909 -0.083 0.06208783 0.07144111 -0.1305 0.05636644 0.07144111 -0.083 0.05636644 0.07586264 -0.1305 0.05025792 0.07586264 -0.083 0.05025792 0.07976335 -0.1305 0.0438044 0.07976335 -0.083 0.0438044 0.08311623 -0.1305 0.03705012 0.08311623 -0.083 0.03705012 0.08589828 -0.1305 0.03004133 0.08589828 -0.083 0.03004133 0.08809059 -0.1305 0.02282631 0.08809059 -0.083 0.02282631 0.0896781 -0.1305 0.01545453 0.0896781 -0.083 0.01545453 0.09064966 -0.1305 0.007976651 0.09064966 -0.083 0.007976651 -0.05806767 -0.1685904 -0.05453163 -0.05955791 -0.1681062 0.05311089 -0.05806767 -0.1685904 0.05453157 -0.05955791 -0.1681062 -0.05311083 -0.0640425 -0.1666491 -0.04830873 -0.0640425 -0.1666491 0.04830878 -0.06808567 -0.1653354 -0.0431295 -0.06808567 -0.1653354 0.04312962 -0.0716561 -0.1641753 -0.03761363 -0.0716561 -0.1641753 0.03761368 -0.07472556 -0.1631779 -0.03180414 -0.07472556 -0.1631779 0.0318042 -0.07727038 -0.1623511 -0.02574646 -0.07727038 -0.1623511 0.02574652 -0.0792706 -0.1617012 -0.01948773 -0.0792706 -0.1617012 0.01948779 -0.08071047 -0.1612333 -0.01307696 -0.08071047 -0.1612333 0.01307702 -0.08157896 -0.1609511 -0.006564021 -0.08157896 -0.1609511 0.00656414 -0.0818693 -0.1608568 0 0.126312 -0.083 0.01362502 0.126312 -0.083 -0.03202712 0.126312 -0.09049999 0.01362502 0.126312 -0.09049999 -0.03202712 0.132775 -0.1305 0.01464861 0.132775 -0.09049999 0.01464861 0.1285833 -0.1305 -0.03272151 0.1285833 -0.09049999 -0.03272151 0.1673778 -0.1305 0.007293522 0.1673778 -0.09049999 0.007293522 0.1703121 -0.1305 0.003669798 0.1703121 -0.09049999 0.003669798 0.1703121 -0.1305 -0.005276143 0.1703121 -0.09049999 -0.005276143 0.1669574 -0.09049999 -0.01145476 0.1357633 -0.09049999 -0.03171247 0.1669574 -0.1305 -0.01145476 0.1357633 -0.1305 -0.03171247 -0.02785724 -0.1846536 -0.06999993 -0.05466693 -0.1703985 -0.05749833 0.01656258 -0.208272 -0.06999993 0.0790081 -0.2414748 -0.06090623 0.01656258 -0.1425 -0.06999993 -0.02785724 -0.1425 -0.06999993 -0.05466693 -0.1425 -0.05749833 -0.05466693 -0.1425 0.05749839 -0.05466693 -0.1703985 0.05749839 -0.05955791 -0.1425 0.05311089 -0.0640425 -0.1425 0.04830878 -0.06808567 -0.1425 0.04312962 -0.0716561 -0.1425 0.03761368 -0.07472556 -0.1425 0.0318042 -0.07727038 -0.1425 0.02574652 -0.0792706 -0.1425 0.01948779 -0.08071047 -0.1425 0.01307702 -0.08157896 -0.1425 0.00656414 -0.08157896 -0.1425 -0.006564021 -0.0818693 -0.1425 0 -0.08071047 -0.1425 -0.01307696 -0.0792706 -0.1425 -0.01948773 -0.07727038 -0.1425 -0.02574646 -0.07472556 -0.1425 -0.03180414 -0.0716561 -0.1425 -0.03761363 -0.06808567 -0.1425 -0.0431295 -0.0640425 -0.1425 -0.04830873 -0.05955791 -0.1425 -0.05311083 0.08914029 -0.1425 -0.05943071 0.08914029 -0.2451627 -0.05943071 0.1039082 -0.1425 -0.05331361 0.1039082 -0.2505378 -0.05331361 0.1230797 -0.1425 -0.03414213 0.1230797 -0.2575157 -0.03414213 0.1312218 -0.1425 -0.01448523 0.1312218 -0.2604792 -0.01448523 0.1312218 -0.2604792 0.01448529 0.1312218 -0.1425 0.01448529 0.1230797 -0.2575157 0.03414213 0.1230797 -0.1425 0.03414213 0.1039082 -0.2505378 0.05331373 0.1039082 -0.1425 0.05331373 0.08914029 -0.2451627 0.05943083 0.0790081 -0.2414748 0.06090635 0.08914029 -0.1425 0.05943083 -0.02785724 -0.1846536 0.06999999 0.01656258 -0.208272 0.06999999 0.01656258 -0.1425 0.06999999 -0.02785724 -0.1425 0.06999999 0.07669079 -0.1425 0.006618857 0.07700002 -0.1425 0 0.07423347 -0.1425 0.01962643 0.0757659 -0.1425 0.01318001 0.06614935 -0.1425 0.03772342 0.0533778 -0.1425 0.05288052 0.05810111 -0.1425 0.0482335 0.07210671 -0.1425 -0.02590185 0.07210671 -0.1425 0.02590191 0.06237071 -0.1425 0.04316645 0.0308209 -0.1425 0.06652015 0.03691411 -0.1425 0.0639165 0.0533778 -0.1425 -0.05288046 0.04824179 -0.1425 -0.05706685 0.06237071 -0.1425 -0.04316633 0.05810111 -0.1425 -0.04823344 0.07423347 -0.1425 -0.01962637 0.0757659 -0.1425 -0.01317995 0.07669079 -0.1425 -0.006618738 0.06940406 -0.1425 0.03195184 0.04824179 -0.1425 0.05706691 0.0427379 -0.1425 0.06075632 -0.06237071 -0.1425 -0.04316633 0.06614935 -0.1425 -0.03772336 -0.06940412 -0.1425 -0.03195172 -0.07210665 -0.1425 -0.02590185 -0.06614929 -0.1425 -0.03772336 -0.05810111 -0.1425 -0.04823344 0.0427379 -0.1425 -0.06075626 0.06940406 -0.1425 -0.03195172 -0.04273778 -0.1425 0.06075632 -0.03691393 -0.1425 0.0639165 -0.05810111 -0.1425 0.0482335 -0.0533778 -0.1425 0.05288052 -0.0533778 -0.1425 -0.05288046 -0.06237071 -0.1425 0.04316639 -0.06614929 -0.1425 0.03772342 -0.06940412 -0.1425 0.03195178 -0.07210665 -0.1425 0.02590191 -0.07423335 -0.1425 0.01962637 -0.0757659 -0.1425 0.01318001 -0.07423335 -0.1425 -0.01962637 -0.0757659 -0.1425 -0.01317995 -0.04824179 -0.1425 -0.05706685 -0.03691393 -0.1425 -0.06391644 -0.0308209 -0.1425 -0.06652003 -0.04824179 -0.1425 0.05706691 -0.07669079 -0.1425 0.006618857 0.0308209 -0.1425 -0.06652003 0.03691411 -0.1425 -0.06391644 -0.0308209 -0.1425 0.06652009 -0.07699996 -0.1425 0 -0.07669079 -0.1425 -0.006618738 -0.04273778 -0.1425 -0.06075626 0.03691411 -0.1422 -0.06391644 0.0308209 -0.1422 -0.06652003 0.0427379 -0.1422 -0.06075626 0.04824179 -0.1422 -0.05706685 0.0533778 -0.1422 -0.05288046 0.05810111 -0.1422 -0.04823344 0.06237071 -0.1422 -0.04316633 0.06614935 -0.1422 -0.03772336 0.06940406 -0.1422 -0.03195172 0.07210671 -0.1422 -0.02590185 0.07423347 -0.1422 -0.01962637 0.0757659 -0.1422 -0.01317995 0.07669079 -0.1422 -0.006618738 0.07700002 -0.1422 0 0.07669079 -0.1422 0.006618857 0.0757659 -0.1422 0.01318001 0.07423347 -0.1422 0.01962643 0.07210671 -0.1422 0.02590191 0.06940406 -0.1422 0.03195184 0.06614935 -0.1422 0.03772342 0.06237071 -0.1422 0.04316645 0.05810111 -0.1422 0.0482335 0.0533778 -0.1422 0.05288052 0.04824179 -0.1422 0.05706691 0.0427379 -0.1422 0.06075632 0.03691411 -0.1422 0.0639165 0.0308209 -0.1422 0.06652015 -0.0308209 -0.1422 0.06652009 -0.03691393 -0.1422 0.0639165 -0.04273778 -0.1422 0.06075632 -0.04824179 -0.1422 0.05706691 -0.0533778 -0.1422 0.05288052 -0.05810111 -0.1422 0.0482335 -0.06237071 -0.1422 0.04316639 -0.06614929 -0.1422 0.03772342 -0.06940412 -0.1422 0.03195178 -0.07210665 -0.1422 0.02590191 -0.07423335 -0.1422 0.01962637 -0.0757659 -0.1422 0.01318001 -0.07669079 -0.1422 0.006618857 -0.07699996 -0.1422 0 -0.07669079 -0.1422 -0.006618738 -0.0757659 -0.1422 -0.01317995 -0.07423335 -0.1422 -0.01962637 -0.07210665 -0.1422 -0.02590185 -0.06940412 -0.1422 -0.03195172 -0.06614929 -0.1422 -0.03772336 -0.06237071 -0.1422 -0.04316633 -0.05810111 -0.1422 -0.04823344 -0.0533778 -0.1422 -0.05288046 -0.04824179 -0.1422 -0.05706685 -0.04273778 -0.1422 -0.06075626 -0.03691393 -0.1422 -0.06391644 -0.0308209 -0.1422 -0.06652003 0.5371621 -0.2649479 -0.02899992 0.5056741 -0.2705 0.02900004 0.5371621 -0.2649479 0.02900004 0.5056741 -0.2705 -0.02899992 0.5371621 -0.2705 0.02900004 0.5371621 -0.2705 -0.02899992 0.5187021 -0.2705 -0.01100552 0.5200001 -0.2705 -0.01079994 0.5200001 -0.2705 0.01080006 0.5212981 -0.2705 -0.01100552 0.5212981 -0.2705 0.01100564 0.5212981 -0.2705 -0.01899445 0.5200001 -0.2705 -0.0191999 0.5187021 -0.2705 0.01100564 0.5224691 -0.2705 0.01160216 0.5187021 -0.2705 -0.01899445 0.5233981 -0.2705 -0.01253122 0.523994 -0.2705 -0.01370203 0.5175311 -0.2705 0.01160216 0.5175311 -0.2705 -0.0183978 0.5166021 -0.2705 -0.01746863 0.5224691 -0.2705 -0.0183978 0.5224691 -0.2705 -0.0116021 0.5175311 -0.2705 -0.0116021 0.523994 -0.2705 -0.01629781 0.5233981 -0.2705 -0.01746863 0.5160062 -0.2705 -0.01370203 0.5166021 -0.2705 -0.01253122 0.5200001 -0.2705 0.01920002 0.5166021 -0.2705 0.01253134 0.5212981 -0.2705 0.01899445 0.5175311 -0.2705 0.01839792 0.5187021 -0.2705 0.01899445 0.5160062 -0.2705 -0.01629781 0.5242002 -0.2705 -0.01499992 0.523994 -0.2705 0.01370215 0.5233981 -0.2705 0.01253134 0.5224691 -0.2705 0.01839792 0.5233981 -0.2705 0.01746875 0.5242002 -0.2705 0.01500004 0.5160062 -0.2705 0.01629793 0.5166021 -0.2705 0.01746875 0.5160062 -0.2705 0.01370215 0.5158001 -0.2705 -0.01499992 0.523994 -0.2705 0.01629793 0.5158001 -0.2705 0.01500004 0.5160062 -0.2585 0.01370215 0.5158001 -0.2585 0.01500004 0.5166021 -0.2585 0.01253134 0.5175311 -0.2585 0.01160216 0.5187021 -0.2585 0.01100564 0.5200001 -0.2585 0.01080006 0.5212981 -0.2585 0.01100564 0.5224691 -0.2585 0.01160216 0.5233981 -0.2585 0.01253134 0.523994 -0.2585 0.01370215 0.5242002 -0.2585 0.01500004 0.523994 -0.2585 0.01629793 0.5233981 -0.2585 0.01746875 0.5224691 -0.2585 0.01839792 0.5212981 -0.2585 0.01899445 0.5200001 -0.2585 0.01920002 0.5187021 -0.2585 0.01899445 0.5175311 -0.2585 0.01839792 0.5166021 -0.2585 0.01746875 0.5160062 -0.2585 0.01629793 0.5160062 -0.2585 -0.01629781 0.5158001 -0.2585 -0.01499992 0.5166021 -0.2585 -0.01746863 0.5175311 -0.2585 -0.0183978 0.5187021 -0.2585 -0.01899445 0.5200001 -0.2585 -0.0191999 0.5212981 -0.2585 -0.01899445 0.5224691 -0.2585 -0.0183978 0.5233981 -0.2585 -0.01746863 0.523994 -0.2585 -0.01629781 0.5242002 -0.2585 -0.01499992 0.523994 -0.2585 -0.01370203 0.5233981 -0.2585 -0.01253122 0.5224691 -0.2585 -0.0116021 0.5212981 -0.2585 -0.01100552 0.5200001 -0.2585 -0.01079994 0.5187021 -0.2585 -0.01100552 0.5175311 -0.2585 -0.0116021 0.5166021 -0.2585 -0.01253122 0.5160062 -0.2585 -0.01370203 0.5909011 -0.2507179 0.02718877 0.6019771 -0.2473317 0.03826463 0.5837121 -0.2529158 0.009833633 0.5837121 -0.2529158 -0.009833514 0.6019771 -0.2473317 -0.03826451 0.5909011 -0.2507179 -0.02718859 0.5837121 -0.1525 -0.009833514 0.5909011 -0.1525 -0.02718859 0.5837121 -0.1525 0.009833633 0.5909011 -0.1525 0.02718877 0.6034901 -0.2465269 -0.03977811 0.6034901 -0.1525 -0.03977811 0.6034901 -0.1525 0.03977823 0.6034901 -0.2465269 0.03977823 0.623583 -0.2358437 -0.04810059 0.623583 -0.1525 -0.04810059 0.69366 -0.1985832 -0.06299591 0.69366 -0.1525 -0.06299591 0.7166942 -0.1863354 -0.05506438 0.7166942 -0.1525 -0.05506438 0.623583 -0.1525 0.04810076 0.623583 -0.2358437 0.04810076 0.7241591 -0.1823664 -0.06610769 0.7270642 -0.1808215 -0.06407165 0.7193552 -0.1849205 -0.05319505 0.7241591 -0.1823664 0.06610786 0.7166942 -0.1863354 0.05506455 0.7193552 -0.1849205 0.05319529 0.7211651 -0.183958 -0.06801205 0.7298761 -0.1793264 -0.06190806 0.721921 -0.1835562 -0.05119735 0.7270642 -0.1808215 0.06407189 0.721921 -0.1835562 0.05119758 0.7325892 -0.1778842 -0.05962109 0.7243862 -0.1822457 -0.04907596 0.7298761 -0.1793264 0.06190818 0.7243862 -0.1822457 0.04907619 0.7211651 -0.183958 0.06801229 0.7351961 -0.1764976 -0.05721539 0.7267431 -0.1809922 -0.04683595 0.7325892 -0.1778842 0.05962127 0.7267431 -0.1809922 0.04683619 0.7376942 -0.1751696 -0.05469578 0.7289881 -0.1797987 -0.044483 0.7351961 -0.1764976 0.05721557 0.7289881 -0.1797987 0.04448318 0.7400771 -0.1739026 -0.05206716 0.7311141 -0.1786682 -0.04202246 0.7400771 -0.1739026 0.05206733 0.7376942 -0.1751696 0.05469596 0.74234 -0.1726992 -0.049335 0.7331172 -0.1776032 -0.03946059 0.74234 -0.1726992 0.04933518 0.7311141 -0.1786682 0.04202264 0.7444792 -0.1715618 -0.04650443 0.7349921 -0.1766065 -0.0368033 0.7444792 -0.1715618 0.04650467 0.7331172 -0.1776032 0.03946077 0.7464901 -0.1704927 -0.04358136 0.7367331 -0.1756803 -0.03405708 0.7483681 -0.1694941 -0.04057139 0.7383381 -0.1748272 -0.03122866 0.7483681 -0.1694941 0.04057157 0.7464901 -0.1704927 0.04358148 0.7367331 -0.1756803 0.03405725 0.7349921 -0.1766065 0.03680348 0.7383381 -0.1748272 0.03122884 0.7501101 -0.1685678 0.03748089 0.7501101 -0.1685678 -0.03748071 0.7517131 -0.1677158 -0.03431528 0.7398022 -0.1740489 -0.0283249 0.7398022 -0.1740489 0.02832502 0.7531722 -0.1669397 -0.03108155 0.7411211 -0.1733472 -0.02535265 0.7517131 -0.1677158 0.03431546 0.7411211 -0.1733472 0.02535277 0.7544862 -0.1662411 -0.02778601 0.7422932 -0.1727243 -0.02231919 0.7531722 -0.1669397 0.03108179 0.7422932 -0.1727243 0.02231937 0.7556521 -0.1656213 -0.02443498 0.7433141 -0.1721813 -0.01923179 0.7556521 -0.1656213 0.02443516 0.7544862 -0.1662411 0.02778613 0.7566661 -0.1650817 -0.02103537 0.7441831 -0.1717195 -0.01609796 0.7566661 -0.1650817 0.02103555 0.7433141 -0.1721813 0.01923197 0.7575291 -0.1646233 -0.01759392 0.7448962 -0.1713402 -0.01292526 0.7582361 -0.164247 -0.0141173 0.7454532 -0.1710442 -0.009721279 0.7582361 -0.164247 0.01411747 0.7575291 -0.1646233 0.01759403 0.7448962 -0.1713402 0.01292544 0.7441831 -0.1717195 0.01609814 0.71809 -0.1855932 0.06978118 0.7149392 -0.1872688 -0.07141101 0.71809 -0.1855932 -0.069781 0.7454532 -0.1710442 0.009721517 0.7587882 -0.1639535 0.01061278 0.69366 -0.1985832 0.06299597 0.711718 -0.1889814 0.07289886 0.7149392 -0.1872688 0.07141107 0.711718 -0.1889814 -0.07289868 0.7084342 -0.1907276 -0.07424122 0.7587882 -0.1639535 -0.0106126 0.7591831 -0.1637434 -0.007086753 0.7458511 -0.1708323 -0.006493926 0.7458511 -0.1708323 0.006494045 0.6947982 -0.1979777 0.07811069 0.6912992 -0.1998385 0.07869303 0.6877762 -0.2017112 -0.07911872 0.6912992 -0.1998385 -0.07869297 0.7594211 -0.1636173 -0.003546893 0.7460911 -0.170705 -0.003250896 0.7591831 -0.1637434 0.007086992 0.7460911 -0.170705 0.003251016 0.7084342 -0.1907276 0.07424134 0.6877762 -0.2017112 0.07911884 0.6842391 -0.2035924 -0.07938683 0.7050931 -0.1925038 -0.07543593 0.7595001 -0.1635752 0 0.7461711 -0.1706625 0 0.7594211 -0.1636173 0.003547072 0.7050931 -0.1925038 0.07543605 0.680692 -0.2054778 0.07949703 0.6771451 -0.2073641 0.07944875 0.6842391 -0.2035924 0.07938694 0.680692 -0.2054778 -0.07949692 0.6771451 -0.2073641 -0.07944864 0.7017021 -0.1943067 -0.07648026 0.7017021 -0.1943067 0.07648044 0.6982691 -0.1961325 -0.07737243 0.6982691 -0.1961325 0.07737255 0.6947982 -0.1979777 -0.07811051 0.69366 -0.1525 0.06299597 0.7166942 -0.1525 0.05506455 0.721921 -0.1525 -0.05119735 0.7267431 -0.1525 -0.04683595 0.7311141 -0.1525 -0.04202246 0.7349921 -0.1525 -0.0368033 0.7383381 -0.1525 -0.03122866 0.7411211 -0.1525 -0.02535265 0.7433141 -0.1525 -0.01923179 0.7458511 -0.1525 -0.006493926 0.7448962 -0.1525 -0.01292526 0.7461711 -0.1525 0 0.7458511 -0.1525 0.006494045 0.7448962 -0.1525 0.01292544 0.7433141 -0.1525 0.01923197 0.7411211 -0.1525 0.02535277 0.7383381 -0.1525 0.03122884 0.7349921 -0.1525 0.03680348 0.7311141 -0.1525 0.04202264 0.7267431 -0.1525 0.04683619 0.721921 -0.1525 0.05119758 0.7144061 -0.1525 0.05277496 0.7194691 -0.1525 0.04910385 0.7380951 -0.1525 0.02437204 0.7402251 -0.1525 0.01849234 0.7353922 -0.1525 0.03001165 0.7090051 -0.1525 0.05592608 0.7417612 -0.1525 0.01243048 0.74269 -0.1525 0.006246089 0.7321441 -0.1525 0.03535544 0.7033171 -0.1525 0.05852615 0.6974 -0.1525 0.06054955 0.6309452 -0.1525 -0.03953009 0.6273511 -0.1525 -0.03459882 0.7194691 -0.1525 -0.04910367 0.7241431 -0.1525 -0.04494869 0.7430001 -0.1525 0 0.7283822 -0.1525 0.04035097 0.7241431 -0.1525 0.04494887 0.617296 -0.1525 -0.006094992 0.6170001 -0.1525 0 0.6196432 -0.1525 -0.01805692 0.6181792 -0.1525 -0.01213294 0.6242512 -0.1525 -0.02934283 0.6216732 -0.1525 -0.02381163 0.6350001 -0.1525 -0.04409062 0.7033171 -0.1525 -0.05852603 0.7283822 -0.1525 -0.04035079 0.7321441 -0.1525 -0.03535526 0.7353922 -0.1525 -0.03001147 0.7380951 -0.1525 -0.02437192 0.7402251 -0.1525 -0.01849216 0.7417612 -0.1525 -0.01243025 0.74269 -0.1525 -0.006245911 0.6273511 -0.1525 0.03459894 0.6216732 -0.1525 0.02381175 0.6181792 -0.1525 0.01213306 0.6394771 -0.1525 -0.04823738 0.7090051 -0.1525 -0.0559259 0.6309452 -0.1525 0.03953027 0.6242512 -0.1525 0.02934294 0.6196432 -0.1525 0.01805704 0.617296 -0.1525 0.00609517 0.7144061 -0.1525 -0.05277478 0.6974 -0.1525 -0.06054943 0.6394771 -0.1525 0.04823756 0.6350001 -0.1525 0.04409074 0.6974 -0.1524 -0.06054943 0.6394771 -0.1524 -0.04823738 0.6350001 -0.1524 -0.04409062 0.7241431 -0.1524 -0.04494869 0.7283822 -0.1524 -0.04035079 0.7090051 -0.1524 -0.0559259 0.7144061 -0.1524 -0.05277478 0.7194691 -0.1524 -0.04910367 0.7033171 -0.1524 -0.05852603 0.6350001 -0.1524 0.04409074 0.7353922 -0.1524 0.03001165 0.7321441 -0.1524 0.03535544 0.7321441 -0.1524 -0.03535526 0.7033171 -0.1524 0.05852615 0.6974 -0.1524 0.06054955 0.6394771 -0.1524 0.04823756 0.7380951 -0.1524 0.02437204 0.7417612 -0.1524 0.01243048 0.7402251 -0.1524 0.01849234 0.7380951 -0.1524 -0.02437192 0.7402251 -0.1524 -0.01849216 0.7090051 -0.1524 0.05592608 0.7283822 -0.1524 0.04035097 0.7241431 -0.1524 0.04494887 0.7430001 -0.1524 0 0.74269 -0.1524 0.006246089 0.7417612 -0.1524 -0.01243025 0.74269 -0.1524 -0.006245911 0.7353922 -0.1524 -0.03001147 0.6309452 -0.1524 -0.03953009 0.6242512 -0.1524 -0.02934283 0.6273511 -0.1524 -0.03459882 0.6196432 -0.1524 -0.01805692 0.6216732 -0.1524 -0.02381163 0.617296 -0.1524 -0.006094992 0.6181792 -0.1524 -0.01213294 0.7144061 -0.1524 0.05277496 0.7194691 -0.1524 0.04910385 0.617296 -0.1524 0.00609517 0.6170001 -0.1524 0 0.6196432 -0.1524 0.01805704 0.6181792 -0.1524 0.01213306 0.6242512 -0.1524 0.02934294 0.6216732 -0.1524 0.02381175 0.6309452 -0.1524 0.03953027 0.6273511 -0.1524 0.03459894 0.5247921 -0.1305 -0.01264929 0.5783671 -0.1305 -0.03455179 0.5727801 -0.1305 0.00519967 0.5278111 -0.1305 -0.03412872 0.5290721 -0.1305 0.007490277 0.538479 -0.1305 -0.04828643 0.5783671 -0.07699996 -0.03455179 0.5727801 -0.07699996 0.00519967 0.5247921 -0.07699996 -0.01264929 0.5290721 -0.07699996 0.007490277 0.538479 -0.07699996 -0.04828643 0.5278111 -0.07699996 -0.03412872 0.7589662 -0.1489976 0.009197592 0.7587882 -0.1504127 0.01061266 0.7594211 -0.1489976 0.003547072 0.7594211 -0.1489976 -0.003546893 0.7589662 -0.1489976 -0.009197354 0.7587772 -0.1504976 0.01069754 0.7587772 -0.1622976 0.01069754 0.7587882 -0.1623825 0.01061278 0.7594211 -0.1634976 0.003547072 0.7589311 -0.1634976 0.009497582 0.7594211 -0.1634976 -0.003546893 0.7589311 -0.1634976 -0.009497404 0.7587882 -0.1623825 -0.0106126 0.7587772 -0.1622976 -0.01069736 0.7587772 -0.1504976 -0.01069736 0.7587882 -0.1504127 -0.0106126 0.762 -0.1504976 0.01069754 0.762 -0.1622976 0.01069754 0.762 -0.1504976 -0.01069736 0.762 -0.1622976 -0.01069736 0.7642011 -0.1489976 0.008930265 0.7662742 -0.1489976 0.00814408 0.7680991 -0.1489976 -0.006884276 0.7662742 -0.1489976 -0.008143901 0.7680991 -0.1489976 0.006884455 0.7695691 -0.1489976 0.005224883 0.762 -0.1489976 0.009197592 0.7695691 -0.1489976 -0.005224704 0.77113 -0.1489976 -0.001108586 0.7706 -0.1489976 -0.003261387 0.7706 -0.1489976 0.003261566 0.77113 -0.1489976 0.001108705 0.7642011 -0.1489976 -0.008930087 0.762 -0.1489976 -0.009197354 0.7645601 -0.1504976 -0.01038646 0.7690942 -0.1504976 -0.008007109 0.7669712 -0.1504976 -0.009472072 0.7708041 -0.1504976 -0.006076812 0.7726191 -0.1504976 -0.001289308 0.7720022 -0.1504976 -0.003793299 0.7726191 -0.1504976 0.001289486 0.7708041 -0.1504976 0.006076991 0.7720022 -0.1504976 0.003793478 0.7690942 -0.1504976 0.008007287 0.7645601 -0.1504976 0.01038664 0.7669712 -0.1504976 0.00947231 0.7645601 -0.1622976 -0.01038646 0.7669712 -0.1622976 -0.009472072 0.7690942 -0.1622976 -0.008007109 0.7708041 -0.1622976 -0.006076812 0.7720022 -0.1622976 -0.003793299 0.7726191 -0.1622976 -0.001289308 0.7726191 -0.1622976 0.001289486 0.7720022 -0.1622976 0.003793478 0.7708041 -0.1622976 0.006076991 0.7690942 -0.1622976 0.008007287 0.7669712 -0.1622976 0.00947231 0.7645601 -0.1622976 0.01038664 0.7698161 -0.1634976 0.005395293 0.7682982 -0.1634976 0.007109105 0.7664141 -0.1634976 0.008409678 0.7682982 -0.1634976 -0.007108867 0.7698161 -0.1634976 -0.005395114 0.7642731 -0.1634976 0.009221613 0.7664141 -0.1634976 -0.0084095 0.762 -0.1634976 -0.009497404 0.7642731 -0.1634976 -0.009221374 0.7714282 -0.1634976 -0.001144707 0.7714282 -0.1634976 0.001144886 0.7708801 -0.1634976 -0.003367781 0.7708801 -0.1634976 0.0033679 0.762 -0.1634976 0.009497582</float_array>
          <technique_common>
            <accessor source="#Link_2_001-mesh-positions-array" count="1274" stride="3">
              <param name="X" type="float"/>
              <param name="Y" type="float"/>
              <param name="Z" type="float"/>
            </accessor>
          </technique_common>
        </source>
        <source id="Link_2_001-mesh-normals">
          <float_array id="Link_2_001-mesh-normals-array" count="6066">0 -1 0 0 -1 5.6137e-6 0 -1 -1.18877e-5 0 -1 3.80619e-5 0 -1 1.09066e-4 0 -1 -6.22324e-6 0 -1 -5.92921e-5 0 -1 -1.26878e-5 0 -1 5.33904e-6 0 -1 2.80714e-6 0 -1 -2.13552e-5 0 -1 1.09087e-4 0.9876875 0 0.1564406 0.8910321 0 0.4539403 0.7070957 0 0.7071179 0.4539413 0 0.8910317 0.1564539 0 0.9876853 -0.1564614 0 0.9876841 -0.4539592 0 0.8910226 -0.7070948 0 0.7071188 -0.8909948 0 0.4540135 -0.9876945 0 0.1563957 -0.9876945 0 -0.156396 -0.8909948 0 -0.4540135 -0.7070957 0 -0.7071179 -0.4539504 0 -0.891027 -0.1564722 0 -0.9876824 0.1564648 0 -0.9876835 0.4539325 0 -0.8910362 0.7070948 0 -0.7071188 0.8910321 0 -0.4539403 0.9876875 0 -0.1564406 0.9876874 0 -0.156441 0.8910314 0 -0.4539418 0.7070957 0 -0.7071179 0.453931 0 -0.8910369 0.1564642 0 -0.9876837 -0.1564716 0 -0.9876825 -0.4539489 0 -0.8910278 -0.7070948 0 -0.7071188 -0.8909941 0 -0.454015 -0.9876943 0 -0.1563969 -0.9876943 0 0.1563969 -0.8909941 0 0.454015 -0.7070957 0 0.7071179 -0.4539577 0 0.8910233 -0.1564608 0 0.9876843 0.1564534 0 0.9876855 0.4539398 0 0.8910324 0.7070948 0 0.7071188 0.8910314 0 0.4539418 0.9876874 0 0.1564407 0 -1 2.85652e-5 0 -1 3.75779e-6 0 -1 2.71454e-6 0 -1 -1.00535e-5 0 -1 -6.2911e-6 0 -1 -2.58973e-5 0 -1 -1.71306e-5 0 -1 -7.16483e-6 0 -1 -7.42881e-6 0 -1 -1.7844e-6 0 -1 3.32457e-6 0 -1 2.55063e-5 0 -1 -8.27034e-6 0 -1 1.04339e-6 0 -1 -3.42916e-6 0 -1 2.87979e-6 0 -1 -2.19848e-5 0 -1 -2.55088e-5 0 -1 1.94234e-5 0 -1 1.47961e-6 0 -1 2.09065e-5 0 -1 7.3857e-7 0 -1 -3.9354e-6 0 -1 -1.30666e-5 0 -1 -3.8088e-5 0 -1 -2.02515e-5 0 -1 5.69443e-6 0 -1 -8.32092e-6 0 -1 1.01254e-5 0 -1 9.2854e-6 0 0 1 1 0 0 0 0 -1 0.9876872 0 0.1564422 0.8910368 0 0.4539314 0.7070847 0 0.707129 0.4540234 0 0.8909899 0.1563748 0 0.9876979 -0.1563839 0 0.9876964 -0.4540398 0 0.8909815 -0.7070837 0 0.7071298 -0.8909994 0 0.4540046 -0.9876942 0 0.1563977 -0.9876943 0 -0.1563974 -0.8909994 0 -0.4540046 -0.7070496 0 -0.7071641 -0.4540222 0 -0.8909904 -0.1564488 0 -0.9876861 0.1564431 0 -0.9876871 0.4540058 0 -0.8909988 0.7070496 0 -0.7071641 0.8910368 0 -0.4539314 0.9876872 0 -0.1564422 0.9876871 0 -0.1564424 0.8910359 0 -0.4539328 0.4540027 0 -0.8910003 0.1564407 0 -0.9876874 -0.15645 0 -0.987686 -0.4540222 0 -0.8909905 -0.8909986 0 -0.4540061 -0.987694 0 -0.1563986 -0.987694 0 0.1563986 -0.8909986 0 0.4540061 -0.7070847 0 0.707129 -0.4540398 0 0.8909814 -0.1563816 0 0.9876968 0.156376 0 0.9876976 0.4540203 0 0.8909913 0.7070837 0 0.7071298 0.8910359 0 0.4539328 0.9876871 0 0.1564427 0 -1 -3.75864e-5 0 -1 -7.51873e-5 0 -1 3.80667e-5 0 -1 1.0908e-4 0 -1 -3.80631e-5 0 -1 2.80037e-5 0 -1 7.90361e-5 0 -1 -4.66728e-5 0 -1 -3.15773e-5 0 -1 2.92616e-5 0 -1 4.27118e-5 -1 0 0 -1 1.18767e-6 0 -0.1736472 -0.9848079 0 -0.1736473 -0.984808 0 0 -1 -1.08619e-6 0.05233556 -0.9986296 0 0.05233556 -0.9986296 0 0.02116453 -0.1644428 0.9861595 0.02116274 -0.1644445 0.9861594 0.02116256 -0.1644438 0.9861595 0.02116215 -0.1644445 0.9861593 0.02116304 -0.1644437 -0.9861595 0.02116429 -0.1644439 -0.9861595 0.02116245 -0.1644443 -0.9861593 0.02116328 -0.1644437 -0.9861594 0.03815037 -0.1643617 0.9856622 0.03815138 -0.1643611 0.9856622 0.03815084 -0.164361 0.9856622 0.03815084 -0.1643611 0.9856623 0.03815275 -0.1643626 0.9856619 0.03815072 -0.1643592 0.9856625 0.1736472 -0.1619822 0.9713951 0.1736654 -0.1619821 0.9713919 0.03815084 -0.1643611 -0.9856622 0.0381515 -0.1643618 -0.9856621 0.03814983 -0.1643618 -0.9856622 0.03815084 -0.1643666 -0.9856613 0.0381512 -0.164361 -0.9856622 0.03815287 -0.1643632 -0.9856618 0.1736775 -0.1619812 -0.9713899 0.1736474 -0.161982 -0.9713951 0.017452 0 0.9998477 0.01745134 0 0.9998478 0.017452 -8.07579e-7 0.9998477 0.01745253 9.14789e-7 0.9998478 0.01745414 -2.89762e-7 0.9998478 0.01745122 1.21521e-7 -0.9998478 0.01745194 1.45535e-6 -0.9998478 0.01745557 1.14651e-6 -0.9998477 0.01747077 0 -0.9998475 0.01745128 0 -0.9998478 0 -1 1.31545e-6 0 -1 3.80337e-6 0 -1 -1.81715e-6 0 -1 1.96112e-6 -0.05957823 0 0.9982237 -0.001115739 0 0.9999995 0.05732733 0 0.9983555 -0.001115739 0 0.9999994 -0.05957859 0 0.9982237 0 -1 -5.59541e-7 0 -1 2.94151e-7 0 -1 -3.70385e-7 -1 -1.90722e-7 0 0 -1 -1.63385e-6 0 -1 8.38345e-7 0 -1 8.07825e-7 0 -1 -8.23379e-7 0 -1 -8.06963e-7 0 -1 1.56229e-6 0 -1 -8.07502e-7 0 1 0 0 1 1.64676e-6 0 1 -7.70573e-7 0 1 4.42888e-7 0 1 8.86802e-7 0 1 7.81144e-7 0 1 -8.07502e-7 0 1 8.06963e-7 0 1 8.22807e-7 0 1 -8.48528e-7 0 1 1.79641e-6 0 1 -8.96214e-7 0 1 9.56939e-7 0 1 -1.98946e-6 0 1 8.07826e-7 0 1 -7.80503e-7 0 1 1.75074e-6 -0.7744178 0 0.6326747 -0.7162808 0 0.6978122 0.07476532 0 0.9972013 0.1614724 0 0.9868773 -0.6526753 0.007054388 0.7576049 -0.6743258 0 0.738434 -0.6743326 0 0.7384279 -0.5841308 0 0.8116595 -0.511092 0 0.859526 -0.4342004 0 0.9008163 -0.3539673 0 0.9352578 -0.2710412 0 0.9625678 -0.1860552 0 0.9825393 -0.09966075 0 0.9950215 0.01714777 0 0.9998531 -0.02649164 0 0.9996491 -0.01247686 0.006874322 0.9998986 0.01714974 0 0.999853 -0.09966379 0 0.9950212 -0.1860549 0 0.9825394 -0.2710404 0 0.9625681 -0.3539634 0 0.9352594 -0.4342018 0 0.9008156 -0.5110932 0 0.8595254 -0.5841293 0 0.8116607 -0.6414478 0 0.7671667 0.1614722 0 0.9868773 0.0747652 0 0.9972013 -0.7162815 0 0.6978116 0 -1 2.64522e-6 0 -1 -1.34883e-6 0 -1 -2.32585e-6 -0.939691 4.85191e-6 -0.3420251 -0.9396874 0 -0.3420346 -0.939687 0 -0.3420358 -0.9396921 0 -0.3420216 0.7660456 0 0.6427863 0.7660381 0 0.6427952 0.7660451 1.27086e-5 0.642787 0.7660479 0 0.6427837 -0.7150592 0 0.6990639 -0.6606857 0 0.7506627 -0.6025911 0 0.7980502 -0.6025924 0 0.7980492 -0.6606845 0 0.7506637 -0.7150582 0 0.6990649 0 -1 1.91187e-6 0 -1 -1.92379e-6 0 -1 -2.05207e-6 0 -1 4.07565e-6 0 -1 -2.3912e-6 0 -1 2.63584e-6 0 -1 -2.78689e-6 0.05732375 0 -0.9983558 -0.001120924 0 -0.9999994 -0.05958497 0 -0.9982233 -0.05958759 0 -0.9982231 0.05732345 0 -0.9983558 0 -1 2.23815e-6 1 0 0 1 0 0 -1 0 8.90395e-5 -1 0 8.70802e-5 -1 3.05153e-6 8.7493e-5 -1 0 8.90396e-5 0 -1 1.81351e-7 0 -1 8.074e-7 0 -1 -7.71992e-7 0 -1 -3.2852e-7 0 -1 8.04532e-7 0 -1 -2.58478e-7 0 -1 -5.35282e-7 0 -1 -1.32901e-6 0 1 -8.04531e-7 0 1 -8.60404e-7 0 1 -1.8178e-6 0 1 -1.75556e-6 0 1 3.19438e-7 0 1 8.05103e-7 0 1 2.69852e-6 0 1 -7.24373e-7 0 1 7.71991e-7 0 1 8.5563e-7 0 1 -3.39549e-7 0.1614698 0 -0.9868777 0.07476264 0 -0.9972014 -0.7162782 0 -0.6978149 -0.7744204 0 -0.6326714 -0.01248008 0.006879746 -0.9998985 0.01713836 0 -0.9998532 0.01713854 0 -0.9998531 -0.09965759 0 -0.9950218 -0.1860583 0 -0.9825387 -0.2710442 0 -0.9625669 -0.3539645 0 -0.9352589 -0.4341926 0 -0.9008201 -0.5111003 0 -0.859521 -0.5841319 0 -0.8116588 -0.6743126 0 -0.738446 -0.6414408 0 -0.7671726 -0.6526761 0.007054984 -0.7576043 -0.6743127 0 -0.7384461 -0.5841304 0 -0.8116599 -0.4341913 0 -0.9008207 -0.3539606 0 -0.9352604 -0.2710434 0 -0.9625672 -0.1860549 0 -0.9825394 -0.09965419 0 -0.9950222 -0.02651405 0 -0.9996485 -0.774421 0 -0.6326707 -0.7162775 0 -0.6978156 0.07476252 0 -0.9972015 0.1614696 0 -0.9868777 0 -1 1.21216e-6 -0.939687 0 0.3420358 -0.939692 0 0.3420221 -0.9396907 4.31281e-6 0.3420254 -0.939687 0 0.3420357 0.7660439 1.58855e-5 -0.6427884 0.7660479 0 -0.6427837 0.7660456 0 -0.6427863 0.7660391 0 -0.642794 -0.6025725 0 -0.7980642 -0.6606857 0 -0.7506626 -0.7150482 0 -0.6990752 -0.7150492 0 -0.6990741 -0.6606866 0 -0.750662 -0.6025719 0 -0.7980647 0 -1 3.78604e-6 0 -1 -4.15377e-6 0 -1 5.1951e-7 -0.1391742 -0.1628806 0.9767807 -0.1391748 -0.1628811 0.9767805 -0.1391522 -0.162882 0.9767836 -0.1391735 -0.1628802 0.9767809 -0.1391721 -0.1628792 -0.9767812 -0.1391746 -0.1628805 -0.9767807 -0.1391732 -0.1628801 -0.976781 -0.1391756 -0.1628817 -0.9767802 0.01745277 7.40583e-7 0.9998478 0.0174548 4.36071e-7 0.9998477 0.0174452 0 0.9998478 0.01745271 0 0.9998477 0.0174728 0 -0.9998474 0.01745176 0 -0.9998478 0.01745188 2.06075e-7 -0.9998478 0.01745748 -8.09847e-7 -0.9998477 0 -1 -2.84511e-5 0 -1 -3.85416e-5 0 -1 3.86877e-5 0 -1 3.8619e-5 0 -1 9.73066e-6 0 -1 -9.71704e-6 0 -1 -1.94326e-5 0 -1 -3.86817e-5 0 -1 -2.43836e-6 0 -1 2.13124e-6 0 -1 -9.75953e-6 0 -1 -1.46347e-5 0 -1 -9.7352e-6 0 -1 -7.09985e-6 0 -1 3.86668e-5 0 -1 -3.8619e-5 0 -1 1.91766e-5 0 -1 3.82797e-5 0 -1 3.88682e-5 0 -1 2.4376e-6 0 -1 1.99344e-6 0 -1 -3.54509e-6 0 -1 7.09663e-6 0 -1 -1.93498e-5 0 -1 1.9273e-5 0 -1 1.9513e-5 0 -1 7.08456e-6 0 -1 -1.42239e-5 0 -1 -1.42491e-5 0 -1 -1.42972e-5 0 -1 -1.43575e-5 0 -1 9.75953e-6 0 -1 1.42256e-5 0 -1 -3.82731e-5 0.9990221 0 0.04421496 0.9911954 0 0.132408 0.9756292 0 0.219426 0.9524199 0 0.304789 0.9217755 0 0.3877242 0.8838327 0 0.4678034 0.8390794 0 0.5440091 0.7877104 0 0.6160457 0.7301546 0 0.683282 0.666971 0 0.7450836 0.598464 0 0.8011498 0.5253353 0 0.8508955 0.4480812 0 0.893993 0.3672842 0 0.9301089 0.2836471 0 0.9589288 0.197813 0 0.9802398 0.1103965 0 0.9938876 0.02211141 0 0.9997556 -0.06632727 0 0.997798 -0.06630855 0 -0.9977992 0.0221095 0 -0.9997556 0.1103965 0 -0.9938876 0.1978095 0 -0.9802406 0.2836505 0 -0.9589278 0.3672924 0 -0.9301056 0.4480646 0 -0.8940013 0.5253325 0 -0.8508971 0.5984737 0 -0.8011426 0.6669762 0 -0.745079 0.7301533 0 -0.6832835 0.7877048 0 -0.616053 0.8390835 0 -0.5440027 0.883832 0 -0.4678044 0.921776 0 -0.3877229 0.9524199 0 -0.304789 0.9756292 0 -0.219426 0.9911954 0 -0.132408 0.999022 0 -0.04421514 -0.2409571 0 -0.9705358 -0.3258115 0 -0.9454348 -0.4081047 0 -0.9129351 -0.4871612 0 -0.8733122 -0.5624241 0 -0.8268489 -0.6333274 0 -0.773884 -0.6992763 0 -0.7148516 -0.7596397 0 -0.6503442 -0.814193 0 -0.5805943 -0.8623582 0 -0.5062987 -0.9036573 0 -0.4282567 -0.9380123 0 -0.3466019 -0.9649617 0 -0.2623911 -0.984384 0 -0.1760352 -0.9960794 0 -0.08846378 -0.9999834 -0.005770385 0 -0.9997575 0 0.02202612 -0.9960795 0 0.08846342 -0.9843839 0 0.1760355 -0.9649617 0 0.2623911 -0.9380123 0 0.3466019 -0.9036604 0 0.4282501 -0.8623542 0 0.5063056 -0.8141947 0 0.580592 -0.7596392 0 0.6503448 -0.6992794 0 0.7148485 -0.6333274 0 0.773884 -0.5624224 0 0.8268501 -0.4871621 0 0.8733116 -0.4081016 0 0.9129365 -0.3258071 0 0.9454363 -0.240964 0 0.9705342 -0.120579 0 0.9927038 -0.1643763 0 0.9863978 -0.1542465 0.00413078 0.9880238 -0.1542608 0.00413078 -0.9880216 -0.120585 0 -0.9927031 -0.1205949 0 -0.9927018 -0.1643918 0 -0.9863952 -0.120585 0 0.9927031 -0.2409619 0 0.9705346 -0.3258079 0 0.9454361 -0.4080986 0 0.9129379 -0.4871626 0 0.8733114 -0.562423 0 0.8268497 -0.6333273 0 0.7738842 -0.69928 0 0.7148479 -0.7596387 0 0.6503454 -0.8141955 0 0.5805908 -0.8623543 0 0.5063052 -0.9036605 0 0.4282498 -0.9380123 0 0.3466022 -0.9649618 0 0.2623906 -0.9843839 0 0.1760353 -0.9960795 0 0.08846324 -0.9997575 0 -0.02202612 -0.9960795 0 -0.0884636 -0.984384 0 -0.1760349 -0.9649618 0 -0.2623906 -0.9380123 0 -0.3466022 -0.9036573 0 -0.4282565 -0.8623591 0 -0.5062972 -0.8141943 0 -0.5805925 -0.7596402 0 -0.6503436 -0.6992781 0 -0.7148498 -0.633328 0 -0.7738835 -0.5624238 0 -0.8268492 -0.4871608 0 -0.8733123 -0.4081026 0 -0.912936 -0.3258101 0 -0.9454354 -0.2409574 0 -0.9705358 0.9990221 0 -0.04421502 0.9756293 0 -0.2194256 0.9524201 0 -0.3047887 0.9217762 0 -0.3877225 0.8838324 0 -0.4678037 0.839084 0 -0.5440019 0.7877056 0 -0.616052 0.7301537 0 -0.6832829 0.6669757 0 -0.7450795 0.5984742 0 -0.8011422 0.5253342 0 -0.850896 0.4480662 0 -0.8940005 0.3672907 0 -0.9301062 0.283649 0 -0.9589282 0.1978113 0 -0.9802401 0.1103968 0 -0.9938877 0.02210956 0 -0.9997556 -0.06631046 0 -0.997799 -0.06632542 0 0.9977981 0.02211332 0 0.9997555 0.1103968 0 0.9938877 0.1978149 0 0.9802394 0.2836473 0 0.9589287 0.5253356 0 0.8508952 0.5984657 0 0.8011485 0.6669715 0 0.7450833 0.7301551 0 0.6832815 0.7877109 0 0.6160451 0.8390796 0 0.5440087 0.8838327 0 0.4678034 0.9217755 0 0.3877241 0.9524201 0 0.3047885 0.9756293 0 0.2194256 0.9911954 0 0.132408 0.9990221 0 0.04421484 0 1 1.30192e-6 0 1 1.75784e-5 0 1 -1.02675e-6 0 1 -1.43712e-6 0 1 1.7579e-5 0 1 3.85624e-6 0 1 1.62736e-6 0 1 3.57069e-6 0 1 -9.73036e-7 0 1 -5.13253e-7 0 1 1.89431e-6 0 1 -2.63047e-5 0 1 -1.42861e-5 0 1 -2.56626e-6 0 1 -1.18512e-6 0 1 1.94602e-6 0 1 1.06433e-5 0 1 5.13339e-7 0 1 9.49797e-7 0 1 -2.07524e-7 0 1 -2.12302e-6 0 1 -1.76491e-5 0 1 -1.4733e-6 0 1 4.03079e-6 0 1 -1.3968e-6 0 1 1.7411e-6 0 1 3.78215e-7 0 1 1.73703e-6 0 1 6.23694e-7 0 1 -1.43303e-6 0 1 -3.11001e-7 0 1 -5.84528e-7 0 1 3.70213e-6 0 1 6.22565e-7 0 1 0 0 1 6.72244e-7 0 1 -2.62798e-5 0 1 2.35555e-7 0 1 0 0 1 -3.8743e-6 0 1 1.00235e-6 0.9640787 0 -0.265617 0.9387825 0 -0.3445107 0.907028 0 -0.4210704 0.8690544 0 -0.4947167 0.8251122 0 -0.564969 0.7755048 0 -0.6313416 0.7205692 0 -0.6933832 0.660685 0 -0.7506633 0.5962703 0 -0.8027837 0.5277535 0 -0.8493975 0.4556195 0 -0.8901748 0.3803464 0 -0.9248442 0.3024752 0 -0.9531573 0.2225255 0 -0.9749269 0.1410318 0 -0.9900051 0.05859154 7.14658e-4 -0.9982818 0.0951808 0 -0.99546 0.09519773 0 -0.9954584 -0.02427005 0 -0.9997056 -0.1069521 0 -0.9942642 -0.1889054 0 -0.9819953 -0.2695619 0 -0.9629831 -0.3483741 0 -0.9373556 -0.4247785 0 -0.9052973 -0.4982647 0 -0.867025 -0.5683463 0 -0.8227895 -0.6345153 0 -0.7729103 -0.6963294 0 -0.7177224 0.02603834 0 -0.999661 -0.04349851 0.002774894 -0.9990497 -0.003557324 0 -0.9999938 -0.1259694 0.002988755 -0.9920296 -0.08632498 0 -0.9962671 -0.1203916 0 -0.9927266 -0.1203892 0 -0.9927268 -0.2077535 0.002879083 -0.9781771 -0.1685116 0 -0.9856997 -0.2879423 0.003103613 -0.9576427 -0.2495494 0 -0.9683621 -0.3661759 0.003362834 -0.9305397 -0.3288689 0 -0.9443757 -0.4418812 0.00365889 -0.8970661 -0.4059267 0 -0.9139057 -0.5145691 0.0040012 -0.8574396 -0.4801815 0 -0.8771692 -0.5515252 0 -0.8341583 -0.5853025 -5.31847e-5 -0.810815 -0.5511387 6.0092e-5 -0.8344137 -0.5856115 0 -0.8105919 -0.6508694 0.006779134 -0.7591595 -0.6201979 0 -0.7844455 -0.7099664 0.006578683 -0.7042049 -0.6813206 0 -0.7319852 -0.766883 -3.46363e-4 -0.6417869 -0.7395792 0 -0.6730696 -0.7682237 0 -0.6401816 -0.7682266 0 -0.640178 -0.7410438 0 -0.6714568 -0.7533686 0.001717209 -0.6575964 -0.8171423 0.001922607 -0.5764329 -0.7927522 0 -0.6095442 -0.8620667 0.001956284 -0.5067913 -0.8404982 0 -0.5418144 -0.9010799 0.001986145 -0.4336487 -0.8824868 0 -0.4703372 -0.9339018 0.00201416 -0.357524 -0.9183971 0 -0.39566 -0.9603103 0.002037823 -0.2789264 -0.9480049 0 -0.3182561 -0.9801217 0.00205934 -0.1983864 -0.9710981 0 -0.238681 -0.9931905 0.002076506 -0.1164834 -0.9875211 0 -0.1574875 -0.9985141 0.00104314 -0.05448406 -0.9971709 0 -0.07516866 -0.999971 0 0.007618129 -0.9995973 0.001044332 0.0283609 -0.9938179 0 0.1110231 -0.9958989 0.002079963 0.09044927 -0.9812144 0 0.1929206 -0.9849767 0.002063751 0.1726752 -0.961868 0 0.2735141 -0.9672826 0.002046406 0.2536932 -0.9359248 0 0.3522001 -0.9429413 0.002022504 0.3329532 -0.9035447 0 0.4284939 -0.9121161 0.001996278 0.4099274 -0.8649728 0 0.5018187 -0.875036 0.001966178 0.4840541 -0.8204523 0 0.5717151 -0.8319262 0.001931667 0.554883 0.01294755 0 0.9999163 -0.05039477 0 0.9987294 -0.06958609 0.002841472 0.997572 -0.1333707 0 0.9910663 -0.09214001 -0.006576955 0.9957244 -0.151843 0.003063797 0.9883999 -0.112351 0 0.9936687 -0.2145239 0 0.9767187 -0.2332462 0.002947449 0.9724133 -0.2946388 0 0.9556087 -0.3128613 0.003183186 0.9497935 -0.3727601 0 0.9279278 -0.3903362 0.003448605 0.920666 -0.448309 0 0.8938786 -0.4651725 0.003762423 0.8852121 -0.5207701 0 0.853697 -0.5367861 0.004115879 0.8437085 -0.5961707 0 0.8028578 -0.6053487 0.002750813 0.7959558 -0.5624071 0 0.8268606 -0.5624051 0 0.826862 -0.6545095 0 0.7560539 -0.6614663 0.003004848 0.7499689 -0.7148614 0 0.6992662 -0.7281457 0.006743609 0.6853892 -0.7703022 0.001255571 0.6376777 -0.7765272 0 0.6300838 -0.7765264 0 0.6300848 -0.7497536 -0.001983523 0.6617141 -0.7829849 0.002982318 0.6220336 -0.7569122 0 0.6535167 -0.7148616 0 0.699266 -0.654509 0 0.7560542 -0.5896682 0 0.8076456 -0.5207694 0 0.8536974 -0.4483094 0 0.8938785 -0.3727601 0 0.9279279 -0.2946391 0 0.9556087 -0.2145248 0 0.9767186 -0.1329204 0 0.9911268 -0.05039525 0 0.9987294 0.03246241 0 0.999473 0.1232901 0 0.9923707 0.08210372 0 0.9966239 0.1150968 0.001107513 0.9933537 0.1969553 0 0.9804126 0.2774403 0 0.9607429 0.3560321 0 0.9344738 0.4321882 0 0.9017834 0.5053626 0 0.8629071 0.5750735 0 0.8181018 0.6408296 0 0.7676833 0.7021872 0 0.7119923 0.7587347 0 0.6513999 0.810059 0 0.5863485 0.8558148 0 0.5172826 0.8957114 0 0.4446362 0.9294553 0 0.368935 0.9568051 0 0.2907304 0.977589 0 0.2105228 0.9916654 0 0.1288408 0.9916654 0 0.1288408 0.977589 0 0.2105229 0.9568051 0 0.2907302 0.9294553 0 0.3689351 0.8957111 0 0.4446366 0.8558146 0 0.5172827 0.8100593 0 0.5863479 0.7587342 0 0.6514006 0.7021867 0 0.711993 0.6408303 0 0.7676826 0.5750725 0 0.8181025 0.5053636 0 0.8629066 0.4321905 0 0.9017823 0.3560343 0 0.9344729 0.2774379 0 0.9607437 0.1969554 0 0.9804126 0.1232905 0 0.9923707 -0.0503925 0 0.9987296 -0.4483085 0 0.893879 -0.5207692 0 0.8536975 -0.6545099 0 0.7560536 -0.7148617 0 0.6992659 -0.7497555 0 0.661715 -0.7002266 0 0.7139207 -0.6303926 0 0.7762765 -0.5730479 -6.64843e-4 0.8195217 -0.5029697 0 0.8643041 -0.4296814 0 0.9029806 -0.3534692 0 0.9354462 -0.2747673 0 0.9615108 -0.1942332 0 0.9809554 -0.1333709 0 0.9910662 -0.02967196 0 0.9995597 0.01294815 0 0.9999163 -0.808431 0 0.588591 -0.8543868 0 0.5196375 -0.8944746 0 0.4471188 -0.9284325 0 0.3715012 -0.9559959 0 0.2933803 -0.9770093 0 0.2131972 -0.9913016 0 0.1316104 -0.9987943 0 0.04909175 -0.9994295 0 -0.0337758 -0.9905745 0 -0.1369757 -0.9758336 0 -0.2185153 -0.9543889 0 -0.2985666 -0.9263907 0 -0.3765637 -0.8920362 0 -0.451964 -0.8515471 0 -0.5242781 -0.805225 0 -0.5929695 -0.7410442 3.88125e-4 -0.6714562 -0.6963295 0 -0.7177223 -0.6345155 0 -0.7729102 -0.5515261 0 -0.8341577 -0.4982651 0 -0.8670248 -0.424778 0 -0.9052976 -0.3483735 0 -0.9373558 -0.2695616 0 -0.9629832 -0.1889054 0 -0.9819954 -0.07918268 -0.004354059 -0.9968506 -0.0242719 0 -0.9997055 0.02604144 0 -0.9996609 -0.6963301 0 -0.7177217 -0.6345152 0 -0.7729105 -0.5683453 0 -0.8227903 -0.4982645 0 -0.8670251 -0.4247773 0 -0.9052979 -0.348373 0 -0.9373561 -0.2695595 0 -0.9629839 -0.1889054 0 -0.9819953 -0.1069548 0 -0.9942639 0.05377262 0 -0.9985533 0.1410319 0 -0.9900051 0.2225256 0 -0.9749268 0.3024728 0 -0.953158 0.3803462 0 -0.9248442 0.4556207 0 -0.8901741 0.5277547 0 -0.849397 0.6606849 0 -0.7506635 0.7205699 0 -0.6933824 0.7755048 0 -0.6313418 0.8251121 0 -0.5649691 0.8690544 0 -0.4947165 0.9070277 0 -0.421071 0.9387825 0 -0.3445107 0.9640787 0 -0.2656169 -0.3089964 -0.9510632 -2.0697e-5 -0.309018 -0.9510562 0 -0.3090066 -0.95106 0 -0.3090173 -0.9510565 2.62325e-6 -0.3090127 -0.9510579 -3.07331e-6 -0.3090086 -0.9510593 0 -0.3090127 -0.951058 -5.15576e-6 -0.309015 -0.9510573 -1.52362e-6 -0.3090294 -0.9510526 -1.90777e-5 -0.309019 -0.951056 -3.18795e-6 -0.3090072 -0.9510597 -1.04661e-5 -0.3090358 -0.9510504 7.6578e-6 -0.3090142 -0.9510575 5.44448e-6 -0.3090219 -0.9510549 7.90552e-6 -0.3090273 -0.9510533 -4.23551e-6 -0.3090156 -0.951057 3.29734e-6 -0.3090234 -0.9510544 2.17427e-5 -0.3090121 -0.9510581 0 -0.3090108 -0.9510586 1.69289e-5 -0.3090243 -0.9510542 0 -0.3090163 -0.9510568 7.29014e-6 -0.3090165 -0.9510567 1.0196e-5 -0.3090144 -0.9510574 -1.12604e-5 -0.3090268 -0.9510533 5.24949e-6 -0.309024 -0.9510542 5.83036e-6 -0.30902 -0.9510556 -1.68728e-6 -0.3090122 -0.951058 2.2497e-6 -0.3089971 -0.951063 -3.05452e-5 -0.3090167 -0.9510566 -1.74373e-5 -0.3090171 -0.9510565 0 -0.3090129 -0.9510579 -6.00129e-6 -0.3090121 -0.9510582 6.93178e-6 -0.3090177 -0.9510564 2.76486e-5 -0.3090233 -0.9510545 0 -0.309018 -0.9510563 -6.8901e-6 -0.3090141 -0.9510576 -1.13062e-5 -0.309027 -0.9510533 -1.84526e-5 -0.3090161 -0.9510569 8.85769e-7 -0.3090188 -0.951056 1.56536e-6 -0.3090125 -0.951058 -3.55924e-6 -0.3090164 -0.9510568 -8.81534e-7 -0.3090294 -0.9510525 1.75212e-5 -0.3090214 -0.9510551 0 -0.3090154 -0.9510571 -1.08098e-5 -0.3090153 -0.9510571 9.91744e-6 -0.3090181 -0.9510563 2.23575e-5 -0.3090248 -0.9510541 7.18148e-6 -0.3090262 -0.9510536 2.40427e-5 -0.3090172 -0.9510565 -6.36562e-6 -0.3090102 -0.9510588 2.27747e-6 -0.3090147 -0.9510574 1.95939e-5 -0.3090182 -0.9510562 -7.01283e-7 -0.3090088 -0.9510592 -2.27263e-6 -0.3090185 -0.9510561 1.23178e-5 -0.3090136 -0.9510577 -1.28453e-5 -0.3090093 -0.9510591 2.74761e-6 -0.3090136 -0.9510577 9.15223e-7 -0.3090248 -0.9510541 6.28034e-6 -0.3090149 -0.9510573 -2.57717e-5 -0.3090096 -0.9510589 -1.27404e-5 -0.3090136 -0.9510577 -6.42494e-6 -0.3090054 -0.9510604 0 0 1 -8.06456e-7 0 1 8.26093e-6 0 1 4.14508e-6 0 1 -2.8903e-6 0 1 3.64379e-6 0 1 -9.9942e-6 0 1 9.46413e-7 0 1 3.52775e-7 0 1 2.40805e-6 0 1 -1.64984e-7 0 1 8.28856e-7 0 1 -2.4097e-6 0 1 -6.38251e-7 0 1 -1.25475e-6 0 1 -2.25954e-7 0 1 -1.19826e-6 0 1 -2.47277e-5 0 1 2.42568e-6 0 1 1.91056e-7 0 1 -3.23074e-6 0 1 -2.12545e-6 0 1 7.49309e-7 0 1 1.23642e-5 0 1 2.49842e-6 0 1 1.87743e-7 0 1 1.34506e-6 0 1 -8.72762e-7 0 1 5.30242e-7 0 1 -3.57047e-7 0 1 4.90037e-7 0 1 8.28988e-6 0 1 -5.37609e-7 0 1 1.18466e-6 0 1 1.92095e-7 0 1 8.67797e-7 0 1 -1.03959e-6 0 1 8.3728e-7 0 1 -6.70098e-6 0 1 -1.49407e-6 0 1 -1.64513e-6 0 1 -1.65213e-5 0 1 3.82774e-6 0 1 -4.62443e-6 0 1 -1.40401e-6 -0.1564345 0 0.9876884 -0.1564322 0 0.9876887 -0.1564341 -3.4119e-7 0.9876885 -0.1564346 0 0.9876884 -0.2923717 -2.78838e-7 -0.9563048 -0.2923722 0 -0.9563046 -0.2923718 0 -0.9563047 -0.2923677 0 -0.956306 0.2079131 0 0.9781473 0.207913 0 0.9781473 0.7771624 0 0.6293002 0.7771624 0 0.6293001 0 1 1.16896e-6 0 1 -2.24288e-6 0 1 -2.31791e-7 0 1 -1.73295e-7 0.5446391 0 -0.8386707 0.5446389 0 -0.8386707 0.8788234 0 -0.4771471 0.8788235 0 -0.4771471 0.1391727 0 -0.9902682 0.1391726 0 -0.9902682 -0.4694682 -0.8829494 -1.73468e-6 -0.469482 -0.882942 -3.42548e-6 -0.4694654 -0.8829509 -3.35602e-6 -0.4694573 -0.8829553 6.35151e-6 -0.4694691 -0.8829489 0 -0.4694666 -0.8829503 9.08568e-6 -0.4694641 -0.8829516 0 -0.4694825 -0.8829419 2.20457e-6 -0.4694824 -0.8829419 -1.26135e-5 -0.4694732 -0.8829469 0 -0.469471 -0.8829479 -1.80801e-6 -0.4694792 -0.8829436 1.96483e-5 -0.469471 -0.8829479 0 -0.4694591 -0.8829542 -3.36448e-5 -0.4694818 -0.8829421 5.002e-6 -0.4694852 -0.8829404 6.86295e-6 -0.4694584 -0.8829547 -1.03637e-5 -0.4694676 -0.8829497 0 -0.4694877 -0.8829391 1.2376e-5 -0.4694709 -0.8829481 0 -0.469473 -0.8829469 -1.74259e-6 -0.4694708 -0.8829481 0 -0.4694715 -0.8829476 4.54933e-7 -0.4694693 -0.8829489 0 0.4226199 0 0.9063071 0.4226204 0 0.9063069 0.6887488 -0.007337808 -0.724963 0.6573945 0 -0.7535467 0.7308551 0 -0.6825327 0.7882517 0 -0.615353 0.8394783 0 -0.5433933 0.8841756 0 -0.4671547 0.9219502 0 -0.3873086 0.9525377 0 -0.3044205 0.9756933 0 -0.2191409 0.9912256 0 -0.132181 0.9990233 0 -0.0441873 0.9990233 0 0.0441876 0.9912258 0 0.1321799 0.9756931 0 0.2191419 0.9525375 0 0.3044211 0.9219505 0 0.3873077 0.8841737 0 0.4671583 0.8394784 0 0.5433932 0.7882541 0 0.61535 0.7308556 0 0.6825322 0.6677519 0 0.7443839 0.6887674 -0.007344126 0.7249452 0.6573802 0 0.7535591 0.7308565 0 0.6825312 0.7882539 0 0.6153503 0.839478 0 0.5433937 0.8841735 0 0.4671587 0.9219505 0 0.3873079 0.9525378 0 0.3044206 0.9756931 0 0.2191419 0.9912258 0 0.1321798 0.9990233 0 0.04418748 0.9990233 0 -0.04418736 0.9912257 0 -0.132181 0.9756932 0 -0.2191409 0.9525377 0 -0.304421 0.9219502 0 -0.3873087 0.8841756 0 -0.4671548 0.8394784 0 -0.5433932 0.7882523 0 -0.6153522 0.7308549 0 -0.6825329 0.6677542 0 -0.7443819 -0.1441062 0 0.9895623 -0.1441063 3.18186e-7 0.9895622 -0.1441031 0 0.9895628 -0.3826846 0 0.9238792 -0.3826847 0 0.9238791 -0.7071063 0 0.7071073 -0.7071063 0 0.7071073 -0.9238802 0 0.3826819 -0.9238802 0 0.3826817 -0.9238796 0 -0.3826832 -0.9238797 0 -0.3826833 -0.7071079 0 -0.7071057 -0.7071079 0 -0.7071056 -0.3420355 -0.9396871 0 -0.3420212 -0.9396923 -1.86675e-6 -0.3420214 -0.9396923 -1.88004e-6 -0.3420214 -0.9396923 2.35005e-6 -0.3420259 -0.9396906 0 -0.3420206 -0.9396925 -8.54665e-7 -0.342036 -0.9396869 0 -0.3420217 -0.9396921 0 -0.3420194 -0.9396929 0 -0.3420209 -0.9396924 0 -0.3420187 -0.9396932 0 -0.3420208 -0.9396924 8.54663e-7 -0.342022 -0.939692 0 -0.3420261 -0.9396905 0 -0.3826837 0 -0.9238795 -0.3826841 0 -0.9238793 -0.4694619 -0.8829528 1.70132e-6 -0.4694624 -0.8829526 -4.3485e-6 -0.4694707 -0.8829481 0 -0.4694849 -0.8829406 6.64895e-6 -0.4694723 -0.8829472 -1.88792e-6 -0.4694707 -0.8829481 3.22502e-6 -0.4694764 -0.8829451 -1.65513e-6 -0.4694693 -0.8829488 0 -0.469471 -0.8829479 0 -0.4694684 -0.8829493 1.69598e-6 -0.4694762 -0.8829451 0 -0.4694716 -0.8829477 3.44974e-6 -0.4694663 -0.8829505 2.44064e-6 -0.4694694 -0.8829488 -1.23938e-6 -0.4694715 -0.8829476 1.74021e-6 -0.4694735 -0.8829466 0 -0.4694672 -0.88295 1.74133e-6 -0.4694707 -0.8829481 0 -0.4694718 -0.8829475 0 -0.4694739 -0.8829464 -2.25055e-6 -0.4694775 -0.8829444 8.64087e-7 -0.4694695 -0.8829488 0 -0.4694854 -0.8829402 -4.75914e-6 -0.4694707 -0.8829481 -1.66795e-7 -0.144106 0 -0.9895623 -0.1441057 0 -0.9895623 -0.1441058 0 -0.9895623 0.4226194 0 -0.9063073 0.4226191 0 -0.9063075 1.59387e-7 0 -1 2.4869e-7 0 -1 0 -1 3.20382e-7 0 -1 -1.55392e-6 0 -1 -1.00965e-6 0 -1 -1.18111e-6 0 -1 1.38012e-6 0 -1 2.27057e-6 0 -1 5.35765e-6 0 -1 -2.53963e-6 0 -1 -1.13528e-6 0 -1 -1.38012e-6 0 -1 -6.3458e-7 0 -1 1.31059e-6 0 -1 2.53963e-6 0 -1 -1.97648e-6 0 -1 2.76251e-6 0 -1 2.55112e-6 0 -1 1.08325e-6 0 -1 3.88268e-6 0 -1 -1.08325e-6 0 -1 -5.10224e-6 0 -1 -5.61946e-7 0 -1 6.21707e-6 0 -1 1.91301e-6 0 -1 -4.10197e-7 0 -1 -3.75927e-6 0 -1 3.76934e-6 0 -1 -1.80434e-6 0 -1 1.81477e-6 0 -1 1.87965e-6 0 -1 4.66845e-6 0 -1 1.86269e-6 0 -1 -2.27639e-6 0 -1 1.83107e-6 0 -1 -1.88466e-6 0 -1 -2.25938e-6 0 -1 3.64219e-6 0 -1 8.9974e-7 0 -1 -3.62953e-6 0 -1 -9.22462e-7 0 -1 -4.50009e-7 -0.3929104 0 0.9195769 -0.4769443 0 0.8789336 -0.5567953 0 0.8306497 -0.6317692 0 0.7751567 -0.7012993 0 0.712867 -0.7647168 0 0.6443666 -0.8214457 0 0.570287 -0.8710342 0 0.4912224 -0.9130322 0 0.4078877 -0.9470846 0 0.320984 -0.972887 0 0.2312809 -0.99021 0 0.1395858 -0.9989104 0 0.04667162 -0.9989104 0 -0.04667139 -0.9902101 0 -0.1395859 -0.9728868 0 -0.2312819 -0.9470851 0 -0.3209828 -0.9130324 0 -0.4078874 -0.8710336 0 -0.4912236 -0.8214477 0 -0.570284 -0.7647149 0 -0.6443688 -0.7012988 0 -0.7128675 -0.6317692 0 -0.7751567 -0.5567927 0 -0.8306515 -0.4769443 0 -0.8789336 -0.3929151 0 -0.9195749 -0.3929558 0 -0.9195575 -0.5568199 0 -0.8306333 -0.6318265 0 -0.7751098 -0.7013291 0 -0.7128378 -0.7647438 0 -0.6443346 -0.821475 0 -0.5702444 -0.8710586 0 -0.4911791 -0.9130431 0 -0.4078633 -0.947094 0 -0.3209565 -0.9728901 0 -0.2312681 -0.990212 0 -0.1395714 -0.9989107 0 -0.04666411 -0.9989107 0 0.04666429 -0.9902121 0 0.1395715 -0.9728904 0 0.2312672 -0.9470936 0 0.3209577 -0.9130431 0 0.4078633 -0.8710591 0 0.4911784 -0.821473 0 0.5702475 -0.7647456 0 0.6443323 -0.7013291 0 0.7128378 -0.6318255 0 0.7751108 -0.5568211 0 0.8306325 -0.4769429 0 0.8789344 -0.3929511 0 0.9195594 1.96729e-7 0 -1 0.3929362 0 -0.9195658 0.4769183 0 -0.8789476 0.5567657 0 -0.8306697 0.6317692 0 -0.7751567 0.7012997 0 -0.7128665 0.7647149 0 -0.6443688 0.8214477 0 -0.570284 0.871021 0 -0.4912458 0.9130433 0 -0.407863 0.9470851 0 -0.3209828 0.9728803 0 -0.2313097 0.9902099 0 -0.1395862 0.9989107 0 -0.04666411 0.9989107 0 0.04666429 0.9902101 0 0.1395859 0.9728805 0 0.2313087 0.9470846 0 0.320984 0.9130431 0 0.4078633 0.8710215 0 0.491245 0.8214457 0 0.570287 0.7647168 0 0.6443666 0.7012997 0 0.7128665 0.6317681 0 0.7751575 0.5567669 0 0.8306688 0.4769183 0 0.8789476 0.39293 0 0.9195684 0.3929527 0 0.9195587 0.4769443 0 0.8789336 0.5568224 0 0.8306316 0.6318265 0 0.7751098 0.7013286 0 0.7128382 0.7647456 0 0.6443323 0.821473 0 0.5702475 0.8710594 0 0.491178 0.9471024 0 0.3209314 0.972887 0 0.2312809 0.990212 0 0.1395714 0.998911 0 0.04665702 0.998911 0 -0.04665678 0.990212 0 -0.1395718 0.9728868 0 -0.2312819 0.9471029 0 -0.3209303 0.9130431 0 -0.4078633 0.8710586 0 -0.4911791 0.821475 0 -0.5702444 0.7647438 0 -0.6443346 0.7013286 0 -0.7128382 0.6318265 0 -0.7751098 0.5568199 0 -0.8306333 0.4769443 0 -0.8789336 0.3929573 0 -0.9195567 0 -1 1.96605e-6 0 -1 5.89502e-6 0 -1 2.3539e-6 0 -1 9.50429e-7 0 -1 4.82185e-7 0 -1 0 0 -1 -1.29807e-6 0 -1 6.52844e-6 0 -1 1.4286e-6 0 -1 -2.01058e-6 0 -1 6.28182e-7 0 -1 1.98615e-6 0 -1 -5.79692e-6 0 -1 -1.16059e-5 0 -1 1.61876e-6 0 -1 7.59998e-7 0 -1 -1.14432e-6 0 -1 -1.64873e-6 0 -1 -1.90052e-6 0 -1 -8.48607e-7 0 -1 8.17468e-7 0 -1 1.19718e-6 0 -1 -3.5734e-7 0 -1 3.65611e-7 0 -1 2.81271e-6 0 -1 -2.06433e-6 0 -1 -1.98043e-6 0 -1 -3.12307e-6 0 -1 -2.13487e-6 0 -1 3.63142e-6 0.1736483 -0.9848077 -2.93823e-6 0.1736447 -0.9848085 0 0.1736447 -0.9848085 0 0.1736499 -0.9848076 0 0.1736305 -0.9848108 1.66637e-5 0.1736509 -0.9848073 0 0.1736507 -0.9848074 0 0.1736501 -0.9848074 0 0.1736481 -0.9848078 2.35059e-6 0.1736357 -0.9848101 -2.051e-5 0 -1 2.86599e-5 0 -1 -2.97283e-5 0 -1 -8.36846e-6 0 -1 -5.4962e-6 0 -1 2.38937e-5 0 -1 1.01285e-5 0 -1 1.50903e-6 0 -1 -1.79215e-5 0 -1 1.98371e-5 0 -1 5.69757e-6 0 -1 7.43016e-6 0 -1 2.97265e-5 0 -1 -2.36273e-5 0 -1 -1.98381e-5 0 -1 1.18391e-5 0 -1 -1.84456e-5 0 -1 1.40288e-5 0 -1 -2.02577e-5 0 -1 -1.18023e-5 0.9876242 0 0.156839 0.8911964 0 0.4536178 0.7071843 0 0.7070292 0.4539054 0 0.8910499 0.1564465 0 0.9876865 -0.156431 0 0.9876889 -0.453904 0 0.8910507 -0.7071853 0 0.7070284 -0.891196 0 0.4536186 -0.9876241 0 0.1568393 -0.9876242 0 -0.156839 -0.891196 0 -0.4536186 -0.7071843 0 -0.7070292 -0.4538967 0 -0.8910545 -0.1564437 0 -0.9876869 0.1564555 0 -0.987685 0.4538952 0 -0.8910552 0.7071853 0 -0.7070284 0.8911964 0 -0.4536178 0.9876241 0 -0.1568393 0.9876242 0 -0.1568385 0.8911968 0 -0.4536172 0.7071871 0 -0.7070265 0.4538967 0 -0.8910545 0.1564579 0 -0.9876847 -0.1564418 0 -0.9876872 -0.4538952 0 -0.8910552 -0.707188 0 -0.7070256 -0.8911971 0 -0.4536163 -0.9876243 0 -0.1568388 -0.9876242 0 0.1568385 -0.8911971 0 0.4536163 -0.7071871 0 0.7070265 -0.4539054 0 0.8910499 -0.1564329 0 0.9876887 0.1564453 0 0.9876867 0.453904 0 0.8910507 0.707188 0 0.7070256 0.8911968 0 0.4536172 0.9876243 0 0.1568388 0 -1 1.97594e-5 0 -1 1.38263e-5 0 -1 -1.38263e-5 0 -1 1.09734e-5 0 -1 -5.07498e-5 0 -1 -1.09734e-5 0 -1 5.07498e-5 0 -1 -5.45019e-5 0 -1 -1.66841e-5 0 -1 5.45019e-5 0 -1 1.66841e-5 0 -1 4.49176e-5 0 -1 -4.49186e-5 0.9876239 0 0.1568408 0.891201 0 0.4536089 0.7071732 0 0.7070404 0.4539845 0 0.8910096 0.1563691 0 0.9876987 -0.1563555 0 0.9877008 -0.453986 0 0.8910089 -0.7071732 0 0.7070404 -0.891201 0 0.4536089 -0.9876239 0 0.156841 -0.9876239 0 -0.156841 -0.891201 0 -0.4536089 -0.7071391 0 -0.7070745 -0.4539684 0 -0.8910179 -0.156422 0 -0.9876903 0.1564339 0 -0.9876885 0.453967 0 -0.8910186 0.70714 0 -0.7070736 0.891201 0 -0.4536089 0.9876239 0 -0.156841 0.9876239 0 -0.1568406 0.8912017 0 -0.4536074 0.7071419 0 -0.7070717 0.4539684 0 -0.8910179 0.1564363 0 -0.9876881 -0.1564202 0 -0.9876906 -0.453967 0 -0.8910186 -0.7071428 0 -0.7070708 -0.8912017 0 -0.4536074 -0.9876239 0 -0.1568406 -0.9876241 0 0.1568403 -0.8912017 0 0.4536074 -0.707176 0 0.7070376 -0.4539845 0 0.8910096 0.1563697 0 0.9876986 0.453986 0 0.8910089 0.707176 0 0.7070376 0.8912017 0 0.4536074 0.9876239 0 0.1568406 0 -1 -2.53707e-5 0 -1 2.5372e-5 0 -1 -1.97602e-5 0 -1 1.09731e-5 0 -1 -1.09731e-5 0 -1 -1.66843e-5 0 -1 1.66843e-5 0 -1 -4.49176e-5 0.2923716 -0.9563048 -1.7865e-6 0.2923749 -0.9563039 -3.62945e-6 0.2923783 -0.9563028 0 0.2923743 -0.956304 0 0.2923791 -0.9563025 0 0.2923715 -0.9563049 2.382e-6 0.2923751 -0.9563038 3.11096e-6 0.2923741 -0.9563041 0 0.9238736 0 0.3826977 0.9238737 0 0.3826977 0.9238737 0 -0.3826976 0.9238737 0 -0.3826978 0.7072445 3.02433e-5 0.7069692 0.707104 0 0.7071096 0.7071219 0 0.7070918 0.707121 0 -0.7070925 0.7072343 3.02437e-5 -0.7069793 0.7071046 0 -0.7071091 0.3826716 0 0.9238845 0.3826715 0 0.9238845 0.2079118 0 0.9781476 0.2079117 0 0.9781477 -0.325577 0 0.9455156 -0.3255769 0 0.9455156 0.382674 0 -0.9238836 0.3826739 0 -0.9238835 0.469498 -0.8829336 3.04268e-5 0.4694737 -0.8829465 -1.18584e-5 0.4694239 -0.8829731 -3.04382e-5 0.4694699 -0.8829486 0 0.4694713 -0.8829478 2.37341e-6 0.4694996 -0.8829327 -3.04269e-5 0.4694713 -0.8829478 0 0.4694057 -0.8829827 -4.33992e-5 0.4694308 -0.8829692 3.80011e-5 0.4694333 -0.882968 3.04388e-5 0.4694391 -0.882965 -3.80015e-5 0.4695256 -0.8829188 6.50621e-5 0.469517 -0.8829234 -5.58767e-5 0.4694703 -0.8829484 2.17178e-6 0.4695274 -0.8829179 5.70668e-5 0.4694462 -0.8829611 -3.03292e-5 0.4694268 -0.8829715 3.3317e-5 0.4694108 -0.8829799 4.55704e-5 0.4694322 -0.8829686 -3.33174e-5 0.4694838 -0.8829411 1.89436e-5 0.4694697 -0.8829486 -4.35353e-6 0.46954 -0.8829113 -6.72329e-5 0.4694682 -0.8829495 2.17677e-6 0.469475 -0.8829459 -1.06562e-5 0.4694969 -0.8829342 -3.48291e-5 0.4694492 -0.8829596 3.24958e-5 0.4694922 -0.8829367 3.2652e-5 0.4694512 -0.8829584 -4.8554e-5 0.4694718 -0.8829475 1.74114e-5 0.469477 -0.8829447 -1.89432e-5 0.469465 -0.8829512 -1.74109e-5 0.4695279 -0.8829177 7.10884e-5 0.4694489 -0.8829597 -3.67418e-5 0.4694729 -0.882947 -1.74021e-5 0.4694819 -0.8829421 1.74071e-5 0.4694678 -0.8829497 9.47208e-6 0.4694708 -0.882948 -1.84952e-5 0.4694659 -0.8829507 1.63139e-5 0.4694843 -0.8829408 -1.63071e-5 0.4694476 -0.8829604 4.73691e-5 0.4694753 -0.8829457 1.73938e-5 0.4694467 -0.8829609 -6.95341e-5 0.4694564 -0.8829556 5.69239e-5 0.469516 -0.882924 -7.10874e-5 0.4694576 -0.882955 -5.69244e-5 0.4694918 -0.8829368 6.08095e-5 0.4695019 -0.8829316 -8.12975e-5 0.4694501 -0.8829591 3.7927e-5 0.4694991 -0.882933 8.54525e-5 0.4694717 -0.8829476 -8.68035e-6 0.4694527 -0.8829577 4.21657e-5 0.4694438 -0.8829624 6.95335e-5 0.4694526 -0.8829577 -3.80077e-5 0.4694745 -0.8829461 5.20996e-5 0.4694671 -0.8829501 4.35251e-5 0.4694849 -0.8829405 -6.08092e-5 0.469465 -0.8829512 -4.18921e-5 0.4694701 -0.8829485 -8.93859e-5 0.469492 -0.8829368 -1.13191e-4 0.4694753 -0.8829457 1.2478e-5 0.4694941 -0.8829357 1.11016e-4 0.4694727 -0.8829471 3.84777e-5 0.4694803 -0.882943 -4.44024e-5 0.4694924 -0.8829366 -8.70712e-5 0.4694627 -0.8829523 1.04484e-4 0.4694707 -0.882948 -4.73629e-5 0.4694821 -0.882942 0 0.4695354 -0.8829137 6.33898e-6 0.469463 -0.8829522 -1.04485e-4 0.4694903 -0.8829376 8.40774e-5 0.4694915 -0.882937 1.27867e-5 0.4694699 -0.8829486 8.52422e-5 0.469479 -0.8829438 -3.87534e-6 0.4695423 -0.8829101 -6.3391e-6 0.4694473 -0.8829604 1.84862e-5 0.4694854 -0.8829404 2.89731e-5 0.4694905 -0.8829374 -8.70582e-6 0.4694793 -0.8829436 2.61102e-5 0.4694939 -0.8829357 -8.46836e-5 0.469474 -0.8829464 -3.78858e-5 0.4694399 -0.8829644 -1.84862e-5 0.4695319 -0.8829156 1.15164e-5 0.46939 -0.882991 2.27189e-5 0.4694789 -0.8829438 4.42896e-6 0.4694964 -0.8829345 8.52777e-5 0.469471 -0.882948 -1.13106e-4 0.469477 -0.8829448 7.33082e-5 0.469481 -0.8829427 4.73631e-5 0.4694913 -0.8829372 -2.89735e-5 0.4693837 -0.8829944 -2.27186e-5 0.469557 -0.8829022 -6.11697e-5 0.4694392 -0.8829648 -7.07344e-5 0.4694746 -0.8829461 -7.58262e-5 0.4694787 -0.8829439 1.73929e-5 0.4694716 -0.8829477 -2.44474e-6 0.4694809 -0.8829426 -2.55665e-5 0.4694354 -0.8829669 6.7011e-5 0.46947 -0.8829485 8.01004e-6 0.4695258 -0.8829188 8.16668e-5 0.4695643 -0.8828983 5.93166e-5 0.4693652 -0.8830042 7.92081e-5 0.4694737 -0.8829464 -1.83297e-5 0.469468 -0.8829495 -9.16272e-6 0.4694525 -0.8829578 -3.79824e-5 0.4694709 -0.882948 0 0.469471 -0.8829479 1.09162e-4 0.4694477 -0.8829603 3.79814e-5 0.4694695 -0.8829488 9.86762e-6 0.4693666 -0.8830035 -7.92073e-5 0.4695265 -0.8829184 -8.34043e-5 0.4694723 -0.8829473 -6.38656e-6 0.4695546 -0.8829035 3.46035e-5 0.4694787 -0.8829439 -1.5015e-5 0.4695446 -0.8829088 -3.46028e-5 0.4694619 -0.8829528 1.33304e-5 0.4694697 -0.8829486 -8.01007e-6 0.4694082 -0.8829814 -2.31417e-5 0.4694178 -0.8829762 2.26599e-5 0.4694616 -0.8829529 -1.02079e-5 0.4695393 -0.8829117 -1.10368e-5 0.4694724 -0.8829472 1.42301e-5 0.4696199 -0.8828687 0 0.4694606 -0.8829534 1.03902e-5 0.4694721 -0.8829475 5.74791e-6 0.4694793 -0.8829435 0 0.4696289 -0.882864 0 0.2079101 0 -0.978148 0.2079102 0 -0.978148 -0.3255715 0 -0.9455174 -0.3255714 0 -0.9455175 -0.6127585 -0.004728257 0.7902562 -0.5748238 0 0.8182773 -0.6874473 -0.005178987 0.7262158 -0.6522831 0 0.7579755 -0.7553761 -0.005641758 0.6552674 -0.7235026 0 0.6903217 -0.8159876 -0.006117105 0.5780372 -0.7877873 0 0.6159474 -0.8688601 -0.006613492 0.4950135 -0.8445718 0 0.5354424 -0.9133894 -0.007221281 0.407023 -0.8929172 0 0.4502209 -0.9490052 -0.007729828 0.3151659 -0.9327943 0 0.3604093 -0.975416 -0.008190453 0.2202193 -0.963634 0 0.2672256 -0.989148 -0.004337072 0.1468589 -0.9852257 0 0.1712607 -0.9987789 -0.004398167 0.04920941 -0.9972736 0 0.07379341 -0.9996974 0 -0.02459764 -0.9987789 -0.004390358 -0.04920965 -0.992485 0 -0.1223663 -0.989148 -0.004340887 -0.1468583 -0.9699426 0 -0.2433343 -0.9754162 -0.008205056 -0.2202183 -0.9414019 0 -0.3372871 -0.9490051 -0.007722914 -0.3151664 -0.9037589 0 -0.4280421 -0.9133928 -0.007208228 -0.4070155 -0.8574112 0 -0.5146321 -0.8688607 -0.006613492 -0.4950125 -0.8026787 0 -0.5964118 -0.815989 -0.006117045 -0.5780351 -0.7403144 0 -0.6722609 -0.755377 -0.005641758 -0.6552662 -0.6707959 0 -0.741642 -0.6874466 -0.005178987 -0.7262165 -0.5947569 0 -0.8039057 -0.6127578 -0.004728257 -0.7902567 -0.5748238 0 -0.8182773 -0.6522824 0 -0.7579762 -0.7235053 0 -0.6903188 -0.7877857 0 -0.6159495 -0.8445691 0 -0.5354467 -0.8929191 0 -0.4502173 -0.9327909 0 -0.3604182 -0.963634 0 -0.2672255 -0.9852255 0 -0.1712622 -0.9972737 0 -0.07379269 -0.9996975 0 0.02459722 -0.9924848 0 0.1223685 -0.9699425 0 0.2433347 -0.9414034 0 0.3372827 -0.9037564 0 0.4280471 -0.8574118 0 0.514631 -0.8026787 0 0.5964118 -0.7403119 0 0.6722636 -0.6707959 0 0.741642 -0.5947561 0 0.8039063 0 -1 5.94672e-6 0 -1 7.71343e-6 0 -1 1.73476e-6 0 -1 -2.84777e-6 0 -1 2.82678e-6 0 -1 1.83539e-6 0 -1 -5.83403e-6 0 -1 -1.44951e-6 0 -1 -1.2679e-6 0 -1 -4.10675e-7 0 -1 -1.70377e-6 0 -1 2.84534e-6 0 -1 -2.84223e-6 0 -1 2.83017e-6 0 -1 -2.11999e-6 0 -1 1.60117e-6 0 -1 3.10697e-6 0 -1 4.11385e-6 0 -1 -1.23435e-6 0 -1 3.56572e-6 0 -1 -7.71379e-6 0 -1 2.91695e-6 0 -1 2.92162e-6 0 -1 -1.41505e-6 0 -1 1.4495e-6 0 -1 -1.20088e-6 0 -1 -5.94686e-6 0 -1 2.91964e-6 0 -1 -4.51926e-6 0 -1 -5.41571e-7 0 -1 -2.93654e-6 0 -1 -5.0632e-6 0 -1 2.04993e-6 0 -1 -7.13142e-6 0 -1 4.9604e-6 0.2079331 0 0.9781431 0.2078692 0 0.9781567 0 -1 5.63062e-7 0 -1 5.09352e-6 0 -1 -3.10938e-6 0 -1 -2.68922e-6 0 -1 -2.84666e-6 0 -1 -4.25906e-6 0 -1 -9.80075e-6 0 -1 -1.10217e-6 0 -1 -9.23863e-7 0 -1 -3.25095e-6 0 -1 4.90035e-6 0 -1 2.68922e-6 0 -1 -5.63061e-7 0 -1 6.60319e-6 0 -1 -6.60553e-7 0 -1 3.26665e-7 0 -1 7.59434e-7 0 -1 -1.80865e-6 0 -1 -2.29997e-6 0 -1 4.53449e-7 0 -1 -1.72452e-6 0 -1 -5.09354e-6 0 -1 4.97502e-6 0 -1 -9.7611e-7 0 -1 0 0 -1 -1.81955e-6 0 -1 -1.52178e-6 0 -1 8.51803e-6 0 -1 3.79554e-6 0.6795552 0 -0.7336245 0.7473804 0 -0.6643964 0.8081266 0 -0.5890088 0.8613461 0 -0.5080188 0.9063633 0 -0.4224991 0.9430472 0 -0.3326591 0.9708012 0 -0.2398857 0.989472 0 -0.1447239 0.9988227 0 -0.04851043 0.9988228 0 0.04851067 0.9894723 0 0.1447228 0.9708008 0 0.2398873 0.9430472 0 0.3326591 0.9063631 0 0.4224997 0.8613461 0 0.5080188 0.8081265 0 0.5890092 0.7473817 0 0.6643949 0.679552 0 0.7336274 0.6795527 0 0.7336267 0.747287 0 0.6645015 0.8081266 0 0.5890088 0.9063996 0 0.4224217 0.9430472 0 0.3326593 0.9707896 0 0.2399324 0.9894791 0 0.1446762 0.9988234 0 0.04849874 0.9988233 0 -0.04849851 0.989479 0 -0.1446772 0.97079 0 -0.2399306 0.9064 0 -0.4224205 0.8081265 0 -0.5890092 0.7472863 0 -0.6645023 0.2078686 0 -0.9781568 0.2079325 0 -0.9781432 -0.3235678 0 0.9462051 -0.415695 0 0.9095041 -0.5039191 0 0.8637508 -0.5869703 0 0.8096085 -0.6644321 0 0.7473487 -0.7351999 0 0.6778504 -0.7988277 0 0.6015601 -0.854506 0 0.5194418 -0.9017763 0 0.4322034 -0.9402028 0 0.3406153 -0.969365 0 0.2456248 -0.988909 0 0.1485235 -0.9987701 0 0.04958182 -0.9987701 0 -0.04958182 -0.988909 0 -0.1485227 -0.9693648 0 -0.2456254 -0.9402019 0 -0.3406177 -0.9017775 0 -0.4322006 -0.854506 0 -0.5194418 -0.7988277 0 -0.6015601 -0.7351999 0 -0.6778504 -0.6644305 0 -0.7473501 -0.5869684 0 -0.8096099 -0.5039181 0 -0.8637515 -0.415695 0 -0.9095041 -0.3235664 0 -0.9462054 -0.3235678 0 -0.9462051 -0.4157642 0 -0.9094725 -0.5870568 0 -0.8095458 -0.6643381 0 -0.7474323 -0.7352927 0 -0.6777497 -0.7988273 0 -0.6015604 -0.8545885 0 -0.5193058 -0.9017777 0 -0.4322003 -0.9402021 0 -0.3406175 -0.9987707 0 -0.0495702 -0.9987707 0 0.0495702 -0.9402029 0 0.3406151 -0.9017764 0 0.4322031 -0.8545883 0 0.5193061 -0.798828 0 0.6015597 -0.735292 0 0.6777504 -0.6643397 0 0.7474309 -0.5870578 0 0.809545 -0.5039203 0 0.8637502 -0.4157642 0 0.9094725 0 1 1.63116e-5 0 1 -4.111e-6 0 1 -2.56342e-6 0 1 -1.57245e-6 0 1 -1.48054e-7 0 1 -3.75964e-7 0 1 3.11944e-6 0 1 -5.86482e-7 0 1 4.66432e-6 0 1 8.27324e-7 0 1 2.44825e-6 0 1 -8.14872e-7 0 1 -6.33693e-7 0 1 -1.75071e-6 0 1 -7.51969e-7 0 1 1.26036e-7 0 1 1.87335e-7 0 1 -4.12279e-6 0 1 8.25558e-7 0 1 2.94329e-6 0 1 1.90434e-6 0 1 -5.76836e-6 0 1 4.85768e-7 0 1 -1.80937e-6 0 1 -7.85991e-7 0 1 1.53914e-6 0 1 -2.56401e-6 0 1 1.82726e-6 0 1 -3.83361e-7 0 1 1.61854e-7 0 1 6.60237e-6 0 1 -4.43431e-6 0 1 -2.71045e-6 0 1 -3.35107e-6 0 1 -6.6023e-6 0 1 -5.66517e-7 0 1 5.14565e-6 0 1 -8.25346e-7 0 1 -4.41226e-6 0 1 8.32659e-7 0 1 1.26595e-5 0 1 7.85985e-7 0 1 5.49707e-6 0 1 -5.74957e-6 0.9902672 0 0.1391798 0.9902672 0 0.1391799 0 1 -4.91036e-7 0.05233526 0 0.9986296 0.0523352 0 0.9986296 -0.9781559 0 0.2078729 -0.9902666 0 -0.1391841 -0.9902666 0 -0.1391841 -0.7986541 0 -0.6017906 -0.798654 0 -0.6017904 0.3255699 0 -0.945518 0.3255702 0 -0.945518 0.9960063 0.003518044 0.0892136 0.9921835 1.02588e-5 0.1247876 0.996775 0 -0.08024752 0.9960063 0.003522574 -0.08921366 -0.01473939 0.002117156 0.9998891 -0.05820143 0 0.9983049 0.07440084 0.002230644 0.997226 0.03102403 0 0.9995186 0.1629651 0.002356946 0.9866291 0.1199921 0 0.9927749 0.2502586 0.002499103 0.9681758 0.2080075 0 0.9781273 0.3354449 0.002648711 0.9420562 0.2943539 0 0.9556965 0.418081 0.002816677 0.9084055 0.3784161 0 0.9256356 0.497415 0.003001034 0.8675076 0.4594601 0 0.8881985 0.5727671 0.003211796 0.819712 0.5367106 0 0.8437665 0.643435 0.003412187 0.7654932 0.6098318 0 0.7925309 0.7091592 0.003632068 0.7050391 0.6781831 0 0.7348931 0.769292 0.003904879 0.6388854 0.7408889 0 0.6716277 0.823178 0.004154503 0.5677682 0.7977839 0 0.6029435 0.870581 0.00440675 0.4920055 0.8483989 0 0.5293574 0.911071 0.004680156 0.4122232 0.8921269 0 0.451785 0.9441679 0.004878938 0.3294289 0.9288961 0 0.3703403 0.9698003 0.005044221 0.2438485 0.9582815 0 0.285826 0.9895601 0.01571261 0.1432619 0.9840149 0 0.1780862 0.984015 0 0.1780861 0.9878202 0 0.1556004 0.9734369 0.09510844 0.2082665 0.9891022 -0.01819556 0.1461019 0.9740189 0.2117899 0.08020126 0.9930253 -0.04613608 0.1084998 0.9977492 0 0.06705707 0.7006362 0.7135187 0 0.9997519 0 -0.02227658 0.9997519 0 0.02227658 0.9977492 0 -0.0670576 0.973955 0.2120872 -0.08019155 0.9918864 0 -0.1271274 0.9890937 -0.01851248 -0.1461198 0.9878202 0 -0.1556004 0.9840151 0 -0.1780853 0.984123 0 -0.177488 0.9895503 0.01519161 -0.1433862 0.9840151 0 -0.1780855 0.9643617 0 -0.2645875 0.9697998 0.005048513 -0.2438502 0.9369103 0 -0.3495701 0.9441692 0.004882931 -0.329425 0.9020424 0 -0.4316476 0.9110727 0.004683971 -0.4122192 0.8599945 0 -0.5103036 0.8705821 0.004403114 -0.4920036 0.8110371 0 -0.5849947 0.8231661 0.004147708 -0.5677856 0.7557021 0 -0.6549155 0.7692903 0.00390166 -0.6388876 0.6943263 0 -0.7196604 0.7091613 0.003632068 -0.7050369 0.6273216 0 -0.7787604 0.6434473 0.003417789 -0.7654829 0.5554502 0 -0.8315499 0.5727699 0.003213107 -0.81971 0.4791736 0 -0.8777202 0.4974217 0.00299853 -0.8675037 0.3989567 0 -0.9169698 0.4180562 0.002812027 -0.9084169 0.3155989 0 -0.9488927 0.3354544 0.002649247 -0.9420528 0.2298133 0 -0.9732348 0.2502704 0.002499103 -0.9681729 0.1421163 0 -0.98985 0.1629744 0.002358436 -0.9866276 0.05331534 0 -0.9985777 0.07440084 0.002230346 -0.997226 -0.03592437 0 -0.9993546 -0.01474487 0.002117514 -0.9998891 -0.05821448 0 -0.9983042 0.03102862 0 -0.9995186 0.1199747 0 -0.992777 0.208011 0 -0.9781265 0.2943363 0 -0.955702 0.3784206 0 -0.9256337 0.4594841 0 -0.888186 0.536708 0 -0.8437681 0.6098136 0 -0.7925449 0.6781835 0 -0.7348927 0.7408869 0 -0.6716299 0.7977885 0 -0.6029376 0.848405 0 -0.5293478 0.8921259 0 -0.451787 0.9288945 0 -0.3703445 0.9582812 0 -0.2858273 0.9734219 0.09527164 -0.2082623 0.9930331 -0.04596781 -0.1085001 0.991886 0 0.1271309 0.984123 -8.25025e-6 0.1774883 0.9643622 0 0.2645858 0.9369103 0 0.3495701 0.9020415 0 0.4316496 0.859991 0 0.5103095 0.8110415 0 0.5849887 0.7557039 0 0.6549134 0.6943255 0 0.7196612 0.6273225 0 0.7787596 0.5554502 0 0.8315499 0.4791593 0 0.877728 0.3989672 0 0.9169653 0.3156031 0 0.9488914 0.229807 0 0.9732362 0.1421183 0 0.9898497 0.0533095 0 0.9985781 -0.03592067 0 0.9993547 0.9921847 0 -0.124778 0.996775 0 0.0802471 0 1 3.90198e-6 0 1 -3.41967e-6 0 1 -9.0441e-6 0 1 9.04399e-6 0 1 -7.88736e-6 0 1 9.12693e-6 0 1 1.34409e-6 0 1 -7.80372e-6 0 1 -1.69772e-6 3.66645e-6 0.7070997 -0.7071138 0 0.7070944 -0.7071192 0 0.7071114 -0.7071023 0.0855453 0.7045179 -0.7045117 0.2516675 0.7044939 -0.6635901 0.4030708 0.7045254 -0.5841044 0.5311812 0.7045793 -0.4705471 0.6282227 0.7046379 -0.3298815 0.6891708 0.7044243 -0.169794 0.7097078 0.7044962 0 0.6891139 0.7045166 0.1696423 0.6285121 0.7044379 0.3297573 0.5311962 0.704599 0.4705007 0.4030997 0.704573 0.5840271 0.2516438 0.7045388 0.6635515 0.08556091 0.7044951 0.7045325 0.0855568 0.7045016 0.7045265 0.2516686 0.7044968 0.6635867 0.40309 0.7045015 0.58412 0.5311903 0.7045705 0.4705502 0.6282173 0.7046462 0.3298738 0.6891751 0.7044203 0.1697931 0.7096846 0.7045195 0 0.6891204 0.704509 -0.1696478 0.6285265 0.7044235 -0.3297606 0.5311936 0.704608 -0.4704902 0.4030979 0.7045705 -0.5840313 0.2516589 0.7045058 -0.6635807 0.0855596 0.7045032 -0.7045246 0 0.7071114 0.7071023 -2.09242e-5 0.7070696 0.707144 0 0.7075018 0.7067116 0.1205579 0 -0.9927064 0.354597 0 -0.9350193 0.5679587 0 -0.8230572 0.7485417 0 -0.6630877 0.8855245 0 -0.4645926 0.9709663 0 -0.2392165 0.9709669 0 0.2392138 0.885522 0 0.4645975 0.7485415 0 0.663088 0.5679661 0 0.823052 0.354592 0 0.9350212 0.1205579 0 0.9927064 0.1205577 0 0.9927063 0.3545907 0 0.9350216 0.5679646 0 0.823053 0.7485398 0 0.6630898 0.8855212 0 0.464599 0.9709668 0 0.2392147 0.970966 0 -0.2392174 0.8855237 0 -0.4645943 0.7485397 0 -0.6630902 0.5679565 0 -0.8230586 0.3545957 0 -0.9350197 0.1205577 0 -0.9927063 0 -1 -5.64557e-6 0 -1 5.64563e-6 0 -1 -7.23631e-6 0 -1 -6.37666e-6 0 -1 -2.52625e-6 0 -1 9.17561e-6 2.07583e-5 -0.7071208 0.7070928 0 -0.7068304 0.7073832 0 -0.7071068 0.7071068 0.08554464 -0.7044885 0.7045411 0.2516492 -0.7044926 0.6635984 0.4032296 -0.7044115 0.5841321 0.5311948 -0.7045599 0.4705609 0.6283174 -0.7046233 0.3297322 0.6890284 -0.7045392 0.1698952 0.709801 -0.7044023 0 0.6891502 -0.7044463 -0.1697861 0.6284436 -0.7045199 -0.3297126 0.5312038 -0.7046072 -0.4704799 0.4030467 -0.7045686 -0.584069 0.2516714 -0.7044605 -0.6636242 0.08556109 -0.7044996 -0.704528 0.08554285 -0.7044999 -0.70453 0.2516494 -0.7044935 -0.6635974 0.4032284 -0.7044101 -0.5841348 0.5312048 -0.7045465 -0.4705698 0.6283062 -0.7046316 -0.3297361 0.6890356 -0.7045334 -0.1698902 0.7097887 -0.7044147 0 0.6891756 -0.7044205 0.1697903 0.628409 -0.7045572 0.3296989 0.5311971 -0.7046165 0.4704735 0.4030672 -0.7045366 0.5840933 0.2516681 -0.7044628 0.663623 0.08556079 -0.7045004 0.7045271 0 -0.7071068 -0.7071068 2.46945e-5 -0.7071354 -0.7070782 0 -0.7068433 -0.7073702</float_array>
          <technique_common>
            <accessor source="#Link_2_001-mesh-normals-array" count="2022" stride="3">
              <param name="X" type="float"/>
              <param name="Y" type="float"/>
              <param name="Z" type="float"/>
            </accessor>
          </technique_common>
        </source>
        <vertices id="Link_2_001-mesh-vertices">
          <input semantic="POSITION" source="#Link_2_001-mesh-positions"/>
        </vertices>
        <triangles material="RAL2003_006-material" count="2544">
          <input semantic="VERTEX" source="#Link_2_001-mesh-vertices" offset="0"/>
          <input semantic="NORMAL" source="#Link_2_001-mesh-normals" offset="1"/>
          <p>0 0 1 0 2 0 0 1 3 1 4 1 0 2 5 2 6 2 0 3 7 3 8 3 9 4 10 4 11 4 2 0 12 0 0 0 0 0 13 0 14 0 4 5 15 5 0 5 8 0 5 0 0 0 7 6 0 6 9 6 14 7 1 7 0 7 0 8 16 8 3 8 0 9 17 9 18 9 11 0 7 0 9 0 15 0 13 0 0 0 6 0 17 0 0 0 18 10 16 10 0 10 12 11 19 11 0 11 20 12 17 12 6 12 21 13 18 13 17 13 22 14 16 14 18 14 23 15 3 15 16 15 24 16 4 16 3 16 25 17 15 17 4 17 26 18 13 18 15 18 27 19 14 19 13 19 28 20 1 20 14 20 29 21 2 21 1 21 30 22 12 22 2 22 31 23 19 23 12 23 32 24 0 24 19 24 33 25 9 25 0 25 34 26 10 26 9 26 35 27 11 27 10 27 36 28 7 28 11 28 37 29 8 29 7 29 38 30 5 30 8 30 39 31 6 31 5 31 5 32 38 32 39 32 8 33 37 33 38 33 7 34 36 34 37 34 11 35 35 35 36 35 10 36 34 36 35 36 9 37 33 37 34 37 0 38 32 38 33 38 19 39 31 39 32 39 12 40 30 40 31 40 2 41 29 41 30 41 1 42 28 42 29 42 14 43 27 43 28 43 13 44 26 44 27 44 15 45 25 45 26 45 4 46 24 46 25 46 3 47 23 47 24 47 16 48 22 48 23 48 18 49 21 49 22 49 17 50 20 50 21 50 6 51 39 51 20 51 40 0 41 0 28 0 41 52 29 52 28 52 28 53 42 53 43 53 41 54 31 54 30 54 23 55 44 55 45 55 41 56 40 56 46 56 30 57 29 57 41 57 41 58 33 58 32 58 47 59 35 59 34 59 47 60 37 60 36 60 23 0 48 0 44 0 28 61 43 61 40 61 28 62 45 62 49 62 41 63 34 63 33 63 36 0 35 0 47 0 48 64 23 64 22 64 48 65 50 65 44 65 45 66 27 66 26 66 48 67 51 67 52 67 51 0 41 0 53 0 49 0 42 0 28 0 34 0 41 0 47 0 45 0 24 0 23 0 26 0 25 0 45 0 48 68 54 68 55 68 51 69 56 69 52 69 51 70 57 70 58 70 41 71 59 71 53 71 32 72 31 72 41 72 47 73 39 73 38 73 47 0 48 0 20 0 25 74 24 74 45 74 52 0 54 0 48 0 51 75 60 75 61 75 53 76 57 76 51 76 38 77 37 77 47 77 48 78 21 78 20 78 45 79 28 79 27 79 48 80 62 80 63 80 61 0 56 0 51 0 46 81 59 81 41 81 22 0 21 0 48 0 55 0 62 0 48 0 20 0 39 0 47 0 58 0 60 0 51 0 63 0 50 0 48 0 41 82 64 82 65 82 65 82 47 82 41 82 51 83 66 83 64 83 64 83 41 83 51 83 51 84 48 84 67 84 67 84 66 84 51 84 63 85 68 85 69 85 62 86 70 86 68 86 55 87 71 87 70 87 54 88 72 88 71 88 52 89 73 89 72 89 56 90 74 90 73 90 61 91 75 91 74 91 60 92 76 92 75 92 58 93 77 93 76 93 57 94 78 94 77 94 53 95 79 95 78 95 59 96 80 96 79 96 46 97 81 97 80 97 40 98 82 98 81 98 43 99 83 99 82 99 42 100 84 100 83 100 49 101 85 101 84 101 45 102 86 102 85 102 44 103 87 103 86 103 50 104 69 104 87 104 87 105 44 105 50 105 86 106 45 106 44 106 85 102 49 102 45 102 84 107 42 107 49 107 83 108 43 108 42 108 82 109 40 109 43 109 81 110 46 110 40 110 80 97 59 97 46 97 79 111 53 111 59 111 78 112 57 112 53 112 77 113 58 113 57 113 76 114 60 114 58 114 75 115 61 115 60 115 74 116 56 116 61 116 73 117 52 117 56 117 72 118 54 118 52 118 71 119 55 119 54 119 70 120 62 120 55 120 68 121 63 121 62 121 69 122 50 122 63 122 81 123 83 123 84 123 71 124 73 124 74 124 81 125 85 125 86 125 81 126 82 126 83 126 71 127 75 127 76 127 71 0 72 0 73 0 84 0 85 0 81 0 87 128 79 128 80 128 74 129 75 129 71 129 77 130 68 130 70 130 79 131 87 131 69 131 80 0 81 0 87 0 68 0 77 0 78 0 70 132 71 132 77 132 86 0 87 0 81 0 76 0 77 0 71 0 78 0 79 0 68 0 69 133 68 133 79 133 88 134 67 134 65 134 47 134 65 134 67 134 67 134 48 134 47 134 89 134 90 134 67 134 67 134 88 134 89 134 65 135 91 135 88 135 92 136 93 136 89 136 89 137 88 137 92 137 94 0 64 0 66 0 94 0 95 0 96 0 90 0 95 0 66 0 96 0 97 0 94 0 66 0 95 0 94 0 91 0 65 0 64 0 64 138 94 138 91 138 66 0 67 0 90 0 97 139 96 139 98 139 98 140 99 140 97 140 100 141 97 141 99 141 99 142 101 142 100 142 100 143 94 143 97 143 99 144 102 144 101 144 103 145 104 145 98 145 104 146 105 146 98 146 98 147 96 147 103 147 96 148 95 148 103 148 106 149 107 149 92 149 92 150 108 150 106 150 94 151 100 151 88 151 88 152 100 152 108 152 92 153 88 153 108 153 88 154 91 154 94 154 106 155 109 155 110 155 110 156 107 156 106 156 111 157 112 157 93 157 112 158 89 158 93 158 93 159 113 159 111 159 95 160 90 160 89 160 89 161 103 161 95 161 112 162 103 162 89 162 111 163 113 163 114 163 114 164 115 164 111 164 106 165 116 165 117 165 117 166 118 166 119 166 117 167 109 167 106 167 106 168 108 168 116 168 119 169 109 169 117 169 111 170 115 170 120 170 121 171 112 171 111 171 120 172 115 172 122 172 122 173 123 173 120 173 120 174 121 174 111 174 124 175 125 175 118 175 125 0 126 0 127 0 128 176 127 176 126 176 127 177 118 177 125 177 129 0 130 0 128 0 126 178 129 178 128 178 118 0 117 0 124 0 126 179 131 179 132 179 125 180 133 180 131 180 124 181 134 181 133 181 133 181 125 181 124 181 131 182 126 182 125 182 132 183 129 183 126 183 135 184 136 184 131 184 132 0 131 0 136 0 137 185 135 185 133 185 136 0 138 0 132 0 131 186 133 186 135 186 133 0 134 0 137 0 117 83 116 83 134 83 139 83 137 83 134 83 140 83 139 83 116 83 134 83 116 83 139 83 134 83 124 83 117 83 116 83 141 83 140 83 142 187 143 187 132 187 130 134 129 134 132 134 132 134 143 134 130 134 132 134 138 134 142 134 144 188 145 188 146 188 147 189 148 189 149 189 149 0 150 0 151 0 143 0 142 0 152 0 153 0 154 0 155 0 154 190 153 190 144 190 145 0 148 0 147 0 151 0 156 0 149 0 152 0 157 0 143 0 155 0 157 0 158 0 146 0 154 0 144 0 149 191 156 191 147 191 158 192 159 192 155 192 147 193 146 193 145 193 155 194 159 194 153 194 152 0 158 0 157 0 160 195 161 195 162 195 163 196 160 196 164 196 165 197 166 197 167 197 168 198 169 198 170 198 170 199 169 199 139 199 164 195 171 195 163 195 172 200 167 200 163 200 167 195 172 195 165 195 173 201 174 201 175 201 175 202 174 202 176 202 177 203 176 203 178 203 179 204 178 204 168 204 139 195 140 195 180 195 181 205 161 205 182 205 163 195 171 195 172 195 175 195 166 195 173 195 178 195 179 195 177 195 139 206 180 206 170 206 183 207 182 207 184 207 182 208 183 208 181 208 165 209 173 209 166 209 170 195 179 195 168 195 181 195 162 195 161 195 176 210 177 210 175 210 162 211 164 211 160 211 184 195 185 195 183 195 186 212 181 212 183 212 187 213 162 213 181 213 135 214 169 214 168 214 137 215 139 215 169 215 164 216 162 216 150 216 187 217 188 217 150 217 150 218 162 218 187 218 164 219 149 219 148 219 171 220 148 220 145 220 172 221 145 221 144 221 165 222 144 222 153 222 173 223 153 223 159 223 174 224 159 224 158 224 176 225 158 225 152 225 136 226 168 226 142 226 178 227 152 227 142 227 142 228 168 228 178 228 142 229 138 229 136 229 152 230 178 230 176 230 158 231 176 231 174 231 159 232 174 232 173 232 153 233 173 233 165 233 144 234 165 234 172 234 145 235 172 235 171 235 148 236 171 236 164 236 150 237 149 237 164 237 169 238 135 238 137 238 168 239 136 239 135 239 181 240 186 240 187 240 183 212 189 212 186 212 187 0 186 0 190 0 191 0 188 0 187 0 186 241 189 241 192 241 192 0 190 0 186 0 189 242 193 242 192 242 190 243 191 243 187 243 183 244 185 244 193 244 194 245 195 245 193 245 193 246 185 246 194 246 193 247 189 247 183 247 196 248 151 248 191 248 150 249 188 249 191 249 191 250 151 250 150 250 191 251 197 251 196 251 198 252 192 252 193 252 199 253 190 253 192 253 197 254 191 254 190 254 190 255 199 255 197 255 192 256 198 256 199 256 193 257 195 257 198 257 197 0 199 0 200 0 201 258 200 258 199 258 202 259 201 259 198 259 199 260 198 260 201 260 195 261 194 261 202 261 198 0 195 0 202 0 200 262 196 262 197 262 203 0 204 0 205 0 206 0 120 0 123 0 204 0 207 0 205 0 123 0 208 0 206 0 123 0 203 0 208 0 205 263 208 263 203 263 204 264 209 264 207 264 208 265 210 265 211 265 205 266 212 266 210 266 207 267 213 267 212 267 212 268 205 268 207 268 210 266 208 266 205 266 211 269 206 269 208 269 214 0 210 0 212 0 215 0 211 0 210 0 213 0 216 0 217 0 210 0 214 0 215 0 212 270 217 270 214 270 217 0 212 0 213 0 218 271 121 271 211 271 218 272 219 272 121 272 219 83 220 83 121 83 120 83 206 83 211 83 211 83 121 83 120 83 211 83 215 83 218 83 209 273 221 273 213 273 222 274 216 274 213 274 213 275 221 275 222 275 213 276 207 276 209 276 223 0 224 0 225 0 226 277 227 277 228 277 229 278 230 278 231 278 232 0 225 0 230 0 225 0 232 0 223 0 233 279 224 279 234 279 235 0 236 0 226 0 227 280 222 280 221 280 230 0 229 0 232 0 234 281 237 281 233 281 233 0 237 0 236 0 221 282 228 282 227 282 223 0 234 0 224 0 228 283 235 283 226 283 236 0 235 0 233 0 231 284 238 284 229 284 239 195 240 195 241 195 242 285 243 285 244 285 245 195 244 195 239 195 246 195 247 195 248 195 241 195 245 195 239 195 240 195 249 195 250 195 251 195 252 195 253 195 254 195 248 195 255 195 248 195 254 195 246 195 250 195 241 195 240 195 250 286 249 286 256 286 257 287 256 287 252 287 253 288 258 288 259 288 246 195 260 195 247 195 242 195 247 195 260 195 256 195 257 195 250 195 253 195 259 195 251 195 261 195 219 195 218 195 255 289 261 289 262 289 260 290 243 290 242 290 252 291 251 291 257 291 262 292 263 292 255 292 244 293 245 293 242 293 255 294 263 294 254 294 218 295 262 295 261 295 214 296 262 296 218 296 217 297 263 297 262 297 264 298 252 298 256 298 265 299 253 299 252 299 254 300 263 300 222 300 217 301 216 301 222 301 222 302 263 302 217 302 254 303 227 303 226 303 246 304 226 304 236 304 260 305 236 305 237 305 243 306 237 306 234 306 244 307 234 307 223 307 239 308 223 308 232 308 240 309 232 309 229 309 266 310 256 310 238 310 249 311 229 311 238 311 238 312 256 312 249 312 238 313 267 313 266 313 229 314 249 314 240 314 232 308 240 308 239 308 223 315 239 315 244 315 234 316 244 316 243 316 237 317 243 317 260 317 236 318 260 318 246 318 226 319 246 319 254 319 222 320 227 320 254 320 252 321 264 321 265 321 256 322 266 322 264 322 262 323 214 323 217 323 218 324 215 324 214 324 264 0 268 0 269 0 266 0 270 0 268 0 269 0 265 0 264 0 268 325 264 325 266 325 266 0 267 0 270 0 269 0 271 0 265 0 272 326 258 326 271 326 253 327 265 327 271 327 271 328 258 328 253 328 271 329 273 329 272 329 238 330 231 330 270 330 274 331 275 331 270 331 270 332 231 332 274 332 270 333 267 333 238 333 276 334 268 334 270 334 277 335 269 335 268 335 273 336 271 336 269 336 269 337 277 337 273 337 268 338 276 338 277 338 270 339 275 339 276 339 276 340 278 340 279 340 280 0 273 0 277 0 279 341 277 341 276 341 277 0 279 0 280 0 275 0 274 0 278 0 276 342 275 342 278 342 280 0 272 0 273 0 281 343 282 343 283 343 101 344 284 344 281 344 101 345 102 345 284 345 283 346 101 346 281 346 285 347 104 347 286 347 286 348 287 348 285 348 285 349 288 349 104 349 288 350 105 350 104 350 283 351 282 351 289 351 289 352 282 352 290 352 290 353 291 353 289 353 289 354 292 354 283 354 293 355 294 355 295 355 286 356 296 356 293 356 293 357 287 357 286 357 295 358 287 358 293 358 297 0 298 0 299 0 300 0 301 0 298 0 302 0 303 0 304 0 305 0 306 0 303 0 307 0 308 0 306 0 309 359 310 359 308 359 294 0 293 0 311 0 298 360 297 360 300 360 312 0 304 0 301 0 303 361 302 361 305 361 308 0 307 0 309 0 313 0 314 0 310 0 315 0 316 0 314 0 317 0 318 0 316 0 319 0 320 0 318 0 321 0 322 0 294 0 323 0 324 0 322 0 301 362 300 362 312 362 306 0 305 0 307 0 314 0 313 0 315 0 318 0 317 0 319 0 325 0 326 0 327 0 328 0 329 0 326 0 330 0 331 0 329 0 332 0 333 0 334 0 333 363 335 363 336 363 335 364 337 364 338 364 337 365 339 365 340 365 322 0 321 0 323 0 341 0 299 0 324 0 304 366 312 366 302 366 316 0 315 0 317 0 326 0 325 0 328 0 330 367 342 367 331 367 342 368 343 368 344 368 343 369 345 369 346 369 345 370 347 370 348 370 347 371 332 371 349 371 336 0 334 0 333 0 340 372 338 372 337 372 350 373 351 373 352 373 351 374 353 374 354 374 355 0 356 0 357 0 356 375 358 375 359 375 291 376 358 376 360 376 324 0 323 0 341 0 310 377 309 377 313 377 361 0 362 0 320 0 363 0 327 0 362 0 329 378 328 378 330 378 346 379 344 379 343 379 349 380 348 380 347 380 338 381 336 381 335 381 339 0 364 0 365 0 364 0 366 0 367 0 366 382 350 382 368 382 354 0 352 0 351 0 353 383 369 383 370 383 369 0 355 0 371 0 359 0 357 0 356 0 360 0 289 0 291 0 299 0 341 0 297 0 362 384 361 384 363 384 344 0 331 0 342 0 334 385 349 385 332 385 367 386 365 386 364 386 352 387 368 387 350 387 371 388 370 388 369 388 291 389 359 389 358 389 320 0 319 0 361 0 348 0 346 0 345 0 368 0 367 0 366 0 357 0 371 0 355 0 327 390 363 390 325 390 370 0 354 0 353 0 365 391 340 391 339 391 311 392 321 392 294 392 372 393 342 393 330 393 373 394 343 394 342 394 374 395 345 395 343 395 375 396 347 396 345 396 376 397 332 397 347 397 377 398 333 398 332 398 378 399 335 399 333 399 379 400 337 400 335 400 380 401 339 401 337 401 381 402 364 402 339 402 382 403 366 403 364 403 383 404 350 404 366 404 384 405 351 405 350 405 385 406 353 406 351 406 386 407 369 407 353 407 387 408 355 408 369 408 388 409 356 409 355 409 389 410 358 410 356 410 390 411 360 411 358 411 391 412 321 412 311 412 392 413 323 413 321 413 393 414 341 414 323 414 394 415 297 415 341 415 395 416 300 416 297 416 396 417 312 417 300 417 397 418 302 418 312 418 398 419 305 419 302 419 399 420 307 420 305 420 400 421 309 421 307 421 401 422 313 422 309 422 402 423 315 423 313 423 403 424 317 424 315 424 404 425 319 425 317 425 405 426 361 426 319 426 406 427 363 427 361 427 407 428 325 428 363 428 408 429 328 429 325 429 409 430 330 430 328 430 410 431 411 431 412 431 413 432 412 432 414 432 415 433 414 433 416 433 417 434 416 434 418 434 419 435 418 435 420 435 421 436 420 436 422 436 423 437 422 437 424 437 425 438 424 438 426 438 427 439 426 439 428 439 429 440 428 440 430 440 431 441 430 441 432 441 433 442 432 442 434 442 435 443 434 443 436 443 437 444 436 444 438 444 439 445 438 445 440 445 440 446 441 446 442 446 441 447 443 447 442 447 443 448 441 448 444 448 445 449 444 449 446 449 447 450 446 450 448 450 449 451 448 451 450 451 451 452 450 452 452 452 453 453 452 453 454 453 455 454 454 454 456 454 457 455 456 455 458 455 459 456 458 456 460 456 461 457 460 457 462 457 463 458 462 458 464 458 465 459 464 459 466 459 467 460 466 460 468 460 469 461 468 461 470 461 471 462 470 462 472 462 360 463 390 463 292 463 473 464 472 464 292 464 292 465 390 465 473 465 410 466 474 466 296 466 311 467 293 467 296 467 296 468 474 468 311 468 296 469 411 469 410 469 292 470 289 470 360 470 472 471 473 471 471 471 470 472 471 472 469 472 468 473 469 473 467 473 466 474 467 474 465 474 464 475 465 475 463 475 462 476 463 476 461 476 460 477 461 477 459 477 458 478 459 478 457 478 456 479 457 479 455 479 454 480 455 480 453 480 452 481 453 481 451 481 450 482 451 482 449 482 448 483 449 483 447 483 446 484 447 484 445 484 444 485 445 485 443 485 442 486 475 486 440 486 440 487 475 487 439 487 438 488 439 488 437 488 436 489 437 489 435 489 434 490 435 490 433 490 432 491 433 491 431 491 430 492 431 492 429 492 428 493 429 493 427 493 426 494 427 494 425 494 424 495 425 495 423 495 422 496 423 496 421 496 420 497 421 497 419 497 418 498 419 498 417 498 416 499 417 499 415 499 414 500 415 500 413 500 412 501 413 501 410 501 328 502 408 502 409 502 325 429 407 429 408 429 363 503 406 503 407 503 361 504 405 504 406 504 319 505 404 505 405 505 317 506 403 506 404 506 315 507 402 507 403 507 313 508 401 508 402 508 309 509 400 509 401 509 307 510 399 510 400 510 305 511 398 511 399 511 302 512 397 512 398 512 312 513 396 513 397 513 300 514 395 514 396 514 297 515 394 515 395 515 341 516 393 516 394 516 323 517 392 517 393 517 321 518 391 518 392 518 311 519 474 519 391 519 358 520 389 520 390 520 356 521 388 521 389 521 355 522 387 522 388 522 369 523 386 523 387 523 353 524 385 524 386 524 351 406 384 406 385 406 350 405 383 405 384 405 366 525 382 525 383 525 364 526 381 526 382 526 339 527 380 527 381 527 337 528 379 528 380 528 335 529 378 529 379 529 333 530 377 530 378 530 332 531 376 531 377 531 347 532 375 532 376 532 345 533 374 533 375 533 343 534 373 534 374 534 342 535 372 535 373 535 330 536 409 536 372 536 380 195 469 195 471 195 380 537 467 537 469 537 380 538 383 538 382 538 380 539 473 539 390 539 380 540 465 540 467 540 419 541 413 541 415 541 421 542 391 542 474 542 425 543 396 543 395 543 380 195 384 195 383 195 380 544 386 544 385 544 380 545 388 545 387 545 390 195 389 195 380 195 380 546 463 546 465 546 380 547 459 547 461 547 415 548 417 548 419 548 474 549 410 549 421 549 395 195 394 195 425 195 425 550 398 550 397 550 453 551 377 551 376 551 385 195 384 195 380 195 389 195 388 195 380 195 461 195 463 195 380 195 391 552 421 552 423 552 410 553 413 553 421 553 425 554 393 554 392 554 397 195 396 195 425 195 425 555 405 555 404 555 453 556 378 556 377 556 387 195 386 195 380 195 380 557 457 557 459 557 419 558 421 558 413 558 394 195 393 195 425 195 425 559 400 559 399 559 404 195 403 195 425 195 376 560 375 560 453 560 453 561 380 561 379 561 471 195 473 195 380 195 380 562 453 562 455 562 409 563 431 563 433 563 392 195 391 195 425 195 425 564 401 564 400 564 403 195 402 195 425 195 453 565 373 565 372 565 379 195 378 195 453 195 455 195 457 195 380 195 409 566 449 566 451 566 409 567 437 567 439 567 433 195 435 195 409 195 409 568 425 568 427 568 399 569 398 569 425 569 425 570 406 570 405 570 425 571 409 571 408 571 453 572 374 572 373 572 382 573 381 573 380 573 409 574 447 574 449 574 409 575 443 575 445 575 435 195 437 195 409 195 427 195 429 195 409 195 402 195 401 195 425 195 408 195 407 195 425 195 375 576 374 576 453 576 445 195 447 195 409 195 429 195 431 195 409 195 407 195 406 195 425 195 451 195 453 195 409 195 423 195 425 195 391 195 409 577 442 577 443 577 439 195 475 195 409 195 475 195 442 195 409 195 372 195 409 195 453 195 476 578 477 578 478 578 479 579 478 579 480 579 481 580 480 580 482 580 483 581 482 581 484 581 485 582 484 582 486 582 487 583 486 583 488 583 489 584 488 584 490 584 491 585 490 585 492 585 493 586 492 586 494 586 495 587 494 587 496 587 497 588 496 588 498 588 499 589 498 589 500 589 501 590 500 590 502 590 503 591 502 591 504 591 505 592 504 592 506 592 507 593 508 593 219 593 506 594 220 594 219 594 219 595 508 595 506 595 507 596 261 596 255 596 509 597 255 597 248 597 510 598 248 598 247 598 511 599 247 599 242 599 512 600 242 600 245 600 513 601 245 601 241 601 514 602 241 602 250 602 515 603 250 603 257 603 516 604 257 604 251 604 517 605 251 605 259 605 123 606 122 606 518 606 203 607 519 607 520 607 203 608 518 608 519 608 204 609 521 609 522 609 204 610 520 610 521 610 228 611 221 611 209 611 209 612 522 612 228 612 228 613 523 613 524 613 228 614 522 614 523 614 235 615 525 615 526 615 235 616 524 616 525 616 233 617 527 617 528 617 233 618 526 618 527 618 224 619 529 619 530 619 224 620 528 620 529 620 225 621 531 621 532 621 225 622 530 622 531 622 230 623 532 623 274 623 274 624 533 624 534 624 274 625 532 625 533 625 534 626 278 626 274 626 278 627 535 627 536 627 278 628 534 628 535 628 279 629 537 629 538 629 279 630 536 630 537 630 539 631 540 631 272 631 280 632 538 632 539 632 540 633 541 633 258 633 258 634 272 634 540 634 542 635 259 635 258 635 258 636 541 636 542 636 541 637 543 637 544 637 541 638 540 638 543 638 545 639 546 639 547 639 545 640 544 640 546 640 548 641 549 641 550 641 548 642 547 642 549 642 551 643 552 643 553 643 551 644 550 644 552 644 554 645 555 645 556 645 554 646 553 646 555 646 557 647 558 647 559 647 557 648 556 648 558 648 560 649 561 649 562 649 560 650 559 650 561 650 563 651 564 651 565 651 564 652 562 652 565 652 563 653 566 653 567 653 567 654 568 654 563 654 569 655 568 655 570 655 570 656 571 656 569 656 572 657 569 657 573 657 573 658 574 658 572 658 575 659 572 659 576 659 576 660 577 660 575 660 578 661 575 661 579 661 579 662 580 662 578 662 581 663 578 663 582 663 582 664 583 664 581 664 584 665 581 665 585 665 585 666 586 666 584 666 587 667 584 667 588 667 588 668 589 668 587 668 118 669 127 669 590 669 127 670 128 670 591 670 591 671 592 671 127 671 157 672 593 672 130 672 128 673 130 673 593 673 593 674 594 674 128 674 594 675 591 675 128 675 157 676 155 676 595 676 595 677 596 677 157 677 155 678 154 678 597 678 597 679 598 679 155 679 154 680 146 680 599 680 599 681 600 681 154 681 146 682 147 682 601 682 601 683 602 683 146 683 147 684 156 684 603 684 603 685 604 685 147 685 196 686 200 686 605 686 605 687 606 687 196 687 156 688 151 688 196 688 196 689 603 689 156 689 200 690 201 690 607 690 607 691 608 691 200 691 201 692 202 692 609 692 609 693 610 693 201 693 611 694 587 694 185 694 612 695 194 695 185 695 185 696 587 696 612 696 613 697 202 697 194 697 194 698 612 698 613 698 613 699 609 699 202 699 611 700 184 700 182 700 614 701 182 701 161 701 615 702 161 702 160 702 616 703 160 703 163 703 617 704 163 704 167 704 618 705 167 705 166 705 619 706 166 706 175 706 620 707 175 707 177 707 621 708 177 708 179 708 622 709 179 709 170 709 623 710 170 710 180 710 624 711 625 711 140 711 626 712 180 712 140 712 140 713 625 713 626 713 625 714 624 714 627 714 628 715 627 715 629 715 630 716 629 716 631 716 632 717 631 717 633 717 634 718 633 718 635 718 636 719 635 719 637 719 638 720 637 720 639 720 640 721 639 721 641 721 642 722 641 722 643 722 644 723 643 723 645 723 646 724 645 724 647 724 648 725 647 725 649 725 650 726 649 726 651 726 652 727 651 727 653 727 654 728 653 728 655 728 656 729 655 729 657 729 657 730 658 730 656 730 655 731 656 731 654 731 653 732 654 732 652 732 651 733 652 733 650 733 649 734 650 734 648 734 647 735 648 735 646 735 645 736 646 736 644 736 643 737 644 737 642 737 641 738 642 738 640 738 639 739 640 739 638 739 637 740 638 740 636 740 635 741 636 741 634 741 633 742 634 742 632 742 631 743 632 743 630 743 629 744 630 744 628 744 627 745 628 745 625 745 140 746 141 746 624 746 180 710 626 710 623 710 170 747 623 747 622 747 179 708 622 708 621 708 177 707 621 707 620 707 175 706 620 706 619 706 166 705 619 705 618 705 167 748 618 748 617 748 163 749 617 749 616 749 160 702 616 702 615 702 161 750 615 750 614 750 182 751 614 751 611 751 185 752 184 752 611 752 610 753 607 753 201 753 608 754 605 754 200 754 606 755 603 755 196 755 604 756 601 756 147 756 602 757 599 757 146 757 600 758 597 758 154 758 598 759 595 759 155 759 596 760 593 760 157 760 130 761 143 761 157 761 592 762 590 762 127 762 590 763 119 763 118 763 589 764 612 764 587 764 586 765 588 765 584 765 583 766 585 766 581 766 580 767 582 767 578 767 577 768 579 768 575 768 574 769 576 769 572 769 571 770 573 770 569 770 567 771 570 771 568 771 565 772 566 772 563 772 562 773 564 773 560 773 559 774 560 774 557 774 556 775 557 775 554 775 553 776 554 776 551 776 550 777 551 777 548 777 547 778 548 778 545 778 544 779 545 779 541 779 272 780 280 780 539 780 538 781 280 781 279 781 536 782 279 782 278 782 274 783 231 783 230 783 532 784 230 784 225 784 530 785 225 785 224 785 528 786 224 786 233 786 526 787 233 787 235 787 524 788 235 788 228 788 522 789 209 789 204 789 520 790 204 790 203 790 518 791 203 791 123 791 259 792 542 792 517 792 251 793 517 793 516 793 257 794 516 794 515 794 250 795 515 795 514 795 241 796 514 796 513 796 245 797 513 797 512 797 242 798 512 798 511 798 247 799 511 799 510 799 248 800 510 800 509 800 255 596 509 596 507 596 219 801 261 801 507 801 506 802 508 802 505 802 504 803 505 803 503 803 502 804 503 804 501 804 500 805 501 805 499 805 498 806 499 806 497 806 496 807 497 807 495 807 494 586 495 586 493 586 492 808 493 808 491 808 490 809 491 809 489 809 488 810 489 810 487 810 486 811 487 811 485 811 484 812 485 812 483 812 482 813 483 813 481 813 480 814 481 814 479 814 478 815 479 815 476 815 538 816 537 816 659 816 610 817 609 817 660 817 661 818 608 818 607 818 660 819 609 819 613 819 662 820 663 820 540 820 659 821 662 821 538 821 607 822 610 822 661 822 613 823 664 823 660 823 664 824 612 824 589 824 663 825 665 825 544 825 540 826 539 826 662 826 537 827 536 827 659 827 613 828 612 828 664 828 589 829 666 829 664 829 666 830 588 830 586 830 665 831 667 831 547 831 544 832 543 832 663 832 536 833 535 833 659 833 589 834 588 834 666 834 586 835 668 835 666 835 668 836 585 836 583 836 667 837 669 837 550 837 547 838 546 838 665 838 539 839 538 839 662 839 586 840 585 840 668 840 583 841 670 841 668 841 670 842 582 842 580 842 671 843 553 843 552 843 550 844 549 844 667 844 543 845 540 845 663 845 583 846 582 846 670 846 580 847 672 847 670 847 672 848 579 848 577 848 673 849 556 849 555 849 552 850 669 850 671 850 546 851 544 851 665 851 580 852 579 852 672 852 577 853 674 853 672 853 674 854 576 854 574 854 675 855 559 855 558 855 555 856 671 856 673 856 549 857 547 857 667 857 577 858 576 858 674 858 574 859 676 859 674 859 676 860 573 860 571 860 677 861 562 861 561 861 558 862 673 862 675 862 552 863 550 863 669 863 574 864 573 864 676 864 571 865 678 865 676 865 678 866 570 866 567 866 679 867 566 867 565 867 561 868 675 868 677 868 555 869 553 869 671 869 571 870 570 870 678 870 567 871 679 871 678 871 565 872 677 872 679 872 558 873 556 873 673 873 567 874 566 874 679 874 561 875 559 875 675 875 565 876 562 876 677 876 660 877 661 877 610 877 548 878 487 878 489 878 517 879 514 879 515 879 489 195 491 195 548 195 517 880 513 880 514 880 517 195 511 195 512 195 491 195 493 195 548 195 510 881 541 881 545 881 510 882 517 882 542 882 512 883 513 883 517 883 548 884 503 884 505 884 548 885 497 885 499 885 493 886 495 886 548 886 476 887 625 887 628 887 476 195 623 195 626 195 476 888 617 888 618 888 542 195 541 195 510 195 517 889 510 889 511 889 548 890 501 890 503 890 495 195 497 195 548 195 626 195 625 195 476 195 476 891 621 891 622 891 476 892 619 892 620 892 476 893 616 893 617 893 515 894 516 894 517 894 548 895 507 895 509 895 499 195 501 195 548 195 622 195 623 195 476 195 618 195 619 195 476 195 476 896 572 896 575 896 509 897 510 897 548 897 505 898 508 898 548 898 548 899 481 899 483 899 638 900 640 900 642 900 644 901 634 901 636 901 620 195 621 195 476 195 476 902 614 902 615 902 476 903 581 903 584 903 575 195 578 195 476 195 476 904 568 904 569 904 476 905 564 905 563 905 476 906 557 906 560 906 508 195 507 195 548 195 483 195 485 195 548 195 630 907 656 907 658 907 630 195 644 195 646 195 636 908 638 908 644 908 644 195 630 195 632 195 615 195 616 195 476 195 476 909 587 909 611 909 578 195 581 195 476 195 563 195 568 195 476 195 476 910 554 910 557 910 476 911 548 911 551 911 485 195 487 195 548 195 548 912 476 912 479 912 630 913 654 913 656 913 630 914 650 914 652 914 646 195 648 195 630 195 632 915 634 915 644 915 611 195 614 195 476 195 569 195 572 195 476 195 551 916 554 916 476 916 479 917 481 917 548 917 652 195 654 195 630 195 642 918 644 918 638 918 584 195 587 195 476 195 545 919 548 919 510 919 680 195 681 195 476 195 648 920 650 920 630 920 560 921 564 921 476 921 658 195 476 195 630 195 476 195 658 195 680 195 628 195 630 195 476 195 681 83 680 83 682 83 682 83 683 83 681 83 658 922 657 922 682 922 684 923 685 923 682 923 682 924 657 924 684 924 682 925 680 925 658 925 686 926 477 926 683 926 476 927 681 927 683 927 683 928 477 928 476 928 683 929 687 929 686 929 684 930 688 930 689 930 689 931 685 931 684 931 688 932 690 932 691 932 691 933 689 933 688 933 690 83 692 83 693 83 693 83 691 83 690 83 685 934 693 934 694 934 685 935 689 935 691 935 691 195 693 195 685 195 694 936 695 936 685 936 685 195 687 195 683 195 683 195 682 195 685 195 695 937 687 937 685 937 696 938 697 938 695 938 695 939 694 939 696 939 692 940 696 940 694 940 694 941 693 941 692 941 697 942 686 942 687 942 687 943 695 943 697 943 698 944 527 944 526 944 526 945 525 945 698 945 525 946 524 946 698 946 699 947 533 947 532 947 699 948 535 948 534 948 698 949 522 949 521 949 524 950 523 950 698 950 534 951 533 951 699 951 523 952 522 952 698 952 532 953 698 953 699 953 521 954 700 954 698 954 532 955 531 955 698 955 521 956 520 956 700 956 531 957 530 957 698 957 520 958 519 958 700 958 530 959 529 959 698 959 519 960 518 960 700 960 529 961 528 961 698 961 518 962 122 962 700 962 700 963 115 963 114 963 528 964 527 964 698 964 114 965 701 965 700 965 122 966 115 966 700 966 699 967 659 967 535 967 702 82 703 82 698 82 698 82 700 82 702 82 703 968 704 968 699 968 699 969 698 969 703 969 705 970 661 970 660 970 705 971 706 971 661 971 707 972 660 972 664 972 708 973 664 973 666 973 709 974 666 974 668 974 710 975 668 975 670 975 711 976 670 976 672 976 712 977 672 977 674 977 713 978 674 978 676 978 714 979 676 979 678 979 715 980 678 980 679 980 716 981 717 981 679 981 718 982 716 982 677 982 719 983 718 983 675 983 720 984 719 984 673 984 721 985 720 985 671 985 722 986 721 986 669 986 723 987 722 987 667 987 724 988 723 988 665 988 725 989 724 989 663 989 704 990 725 990 662 990 662 991 659 991 704 991 659 992 699 992 704 992 663 993 662 993 725 993 665 994 663 994 724 994 667 995 665 995 723 995 669 996 667 996 722 996 671 997 669 997 721 997 673 998 671 998 720 998 675 999 673 999 719 999 677 1000 675 1000 718 1000 679 1001 677 1001 716 1001 679 1002 717 1002 715 1002 678 1003 715 1003 714 1003 676 1004 714 1004 713 1004 674 1005 713 1005 712 1005 672 1006 712 1006 711 1006 670 1007 711 1007 710 1007 668 1008 710 1008 709 1008 666 1009 709 1009 708 1009 664 1010 708 1010 707 1010 660 1011 707 1011 705 1011 726 1012 702 1012 700 1012 700 1013 701 1013 726 1013 701 1014 727 1014 726 1014 728 1015 726 1015 727 1015 727 1016 729 1016 728 1016 730 1017 728 1017 729 1017 729 1018 731 1018 730 1018 732 1019 730 1019 731 1019 731 1020 733 1020 732 1020 732 134 733 134 734 134 734 134 735 134 732 134 735 1021 734 1021 736 1021 736 1022 737 1022 735 1022 737 1023 736 1023 738 1023 738 1024 739 1024 737 1024 701 1025 114 1025 113 1025 93 1026 729 1026 727 1026 727 1027 113 1027 93 1027 92 1028 107 1028 740 1028 741 1029 740 1029 107 1029 93 1030 731 1030 729 1030 107 1031 110 1031 741 1031 93 1032 733 1032 731 1032 92 1033 734 1033 733 1033 740 1034 738 1034 92 1034 733 1035 93 1035 92 1035 738 1036 736 1036 92 1036 736 1037 734 1037 92 1037 113 1038 727 1038 701 1038 739 1039 738 1039 740 1039 740 1040 742 1040 739 1040 743 1041 595 1041 598 1041 706 1042 603 1042 606 1042 743 1043 604 1043 603 1043 743 1044 596 1044 595 1044 603 1045 706 1045 743 1045 743 1046 593 1046 596 1046 743 1047 601 1047 604 1047 743 1048 594 1048 593 1048 743 1049 744 1049 591 1049 743 1050 602 1050 601 1050 591 1051 594 1051 743 1051 743 1052 599 1052 602 1052 744 1053 592 1053 591 1053 744 1054 119 1054 590 1054 743 1055 600 1055 599 1055 590 1056 592 1056 744 1056 743 1057 597 1057 600 1057 744 1058 741 1058 110 1058 744 1059 109 1059 119 1059 606 1060 605 1060 706 1060 598 1061 597 1061 743 1061 608 1062 661 1062 706 1062 605 1063 608 1063 706 1063 110 1064 109 1064 744 1064 742 1065 741 1065 744 1065 742 1066 740 1066 741 1066 744 1067 745 1067 742 1067 746 1068 743 1068 706 1068 706 1069 705 1069 746 1069 745 1070 744 1070 743 1070 743 1071 746 1071 745 1071 735 1072 747 1072 748 1072 737 1073 749 1073 750 1073 751 1074 739 1074 742 1074 742 1075 752 1075 753 1075 728 0 730 0 754 0 748 0 732 0 735 0 737 1076 755 1076 749 1076 753 1077 756 1077 742 1077 742 1078 757 1078 758 1078 726 1079 759 1079 760 1079 726 1080 761 1080 762 1080 730 1081 763 1081 754 1081 730 0 732 0 764 0 748 0 765 0 732 0 750 1082 735 1082 737 1082 739 1083 766 1083 755 1083 742 1084 767 1084 752 1084 758 0 768 0 742 0 723 1085 724 1085 769 1085 762 0 759 0 726 0 770 0 761 0 726 0 764 1086 763 1086 730 1086 750 1087 747 1087 735 1087 739 1088 751 1088 766 1088 768 0 767 0 742 0 721 0 771 0 772 0 722 0 773 0 771 0 773 1089 722 1089 723 1089 724 0 725 0 774 0 760 0 775 0 726 0 728 1090 776 1090 770 1090 765 1091 764 1091 732 1091 742 1092 756 1092 751 1092 705 1093 777 1093 778 1093 707 0 779 0 780 0 771 0 721 0 722 0 774 1094 769 1094 724 1094 725 0 704 0 781 0 726 0 728 0 770 0 755 1095 737 1095 739 1095 778 0 746 0 705 0 780 0 705 0 707 0 708 0 782 0 779 0 709 1096 783 1096 782 1096 710 0 711 0 784 0 711 1097 712 1097 785 1097 712 0 713 0 786 0 713 0 714 0 787 0 719 1098 788 1098 789 1098 720 1099 772 1099 788 1099 769 1100 773 1100 723 1100 704 0 790 0 781 0 704 1101 703 1101 791 1101 792 0 703 0 702 0 754 0 776 0 728 0 705 0 793 0 777 0 779 0 707 0 708 0 782 0 708 0 709 0 785 0 784 0 711 0 787 0 786 0 713 0 794 0 787 0 714 0 788 1102 719 1102 720 1102 781 0 774 0 725 0 703 0 792 0 791 0 702 0 726 0 795 0 775 0 796 0 726 0 797 0 757 0 745 0 780 0 793 0 705 0 784 0 783 0 710 0 714 0 715 0 794 0 798 0 794 0 715 0 798 1103 717 1103 716 1103 799 1104 716 1104 718 1104 772 1105 720 1105 721 1105 791 0 800 0 704 0 796 0 795 0 726 0 745 1106 746 1106 797 1106 709 0 710 0 783 0 715 1107 717 1107 798 1107 718 1108 789 1108 799 1108 800 0 790 0 704 0 757 0 742 0 745 0 786 1109 785 1109 712 1109 789 1110 718 1110 719 1110 778 0 797 0 746 0 702 0 795 0 792 0 716 1111 799 1111 798 1111 796 1112 801 1112 802 1112 775 1113 803 1113 801 1113 760 1114 804 1114 803 1114 759 1115 805 1115 804 1115 762 1116 806 1116 805 1116 761 1117 807 1117 806 1117 770 1118 808 1118 807 1118 776 1119 809 1119 808 1119 754 1120 810 1120 809 1120 763 1121 811 1121 810 1121 764 1122 812 1122 811 1122 765 1123 813 1123 812 1123 748 1124 814 1124 813 1124 747 1125 815 1125 814 1125 750 1126 816 1126 815 1126 749 1127 817 1127 816 1127 755 1128 818 1128 817 1128 766 1129 819 1129 818 1129 751 1130 820 1130 819 1130 756 1131 821 1131 820 1131 753 1132 822 1132 821 1132 752 1133 823 1133 822 1133 767 1134 824 1134 823 1134 768 1135 825 1135 824 1135 758 1136 826 1136 825 1136 757 1137 827 1137 826 1137 826 1138 758 1138 757 1138 825 1136 768 1136 758 1136 824 1139 767 1139 768 1139 823 1140 752 1140 767 1140 822 1141 753 1141 752 1141 821 1142 756 1142 753 1142 820 1143 751 1143 756 1143 819 1144 766 1144 751 1144 818 1145 755 1145 766 1145 817 1146 749 1146 755 1146 816 1147 750 1147 749 1147 815 1148 747 1148 750 1148 814 1149 748 1149 747 1149 813 1150 765 1150 748 1150 812 1151 764 1151 765 1151 811 1152 763 1152 764 1152 810 1153 754 1153 763 1153 809 1154 776 1154 754 1154 808 1155 770 1155 776 1155 807 1156 761 1156 770 1156 806 1157 762 1157 761 1157 805 1158 759 1158 762 1158 804 1159 760 1159 759 1159 803 1160 775 1160 760 1160 801 1161 796 1161 775 1161 802 1162 795 1162 796 1162 827 1163 757 1163 797 1163 797 1163 828 1163 827 1163 778 1164 829 1164 828 1164 777 1165 830 1165 829 1165 793 1166 831 1166 830 1166 780 1167 832 1167 831 1167 779 1168 833 1168 832 1168 782 1169 834 1169 833 1169 783 1170 835 1170 834 1170 784 1171 836 1171 835 1171 785 1172 837 1172 836 1172 786 1173 838 1173 837 1173 787 1174 839 1174 838 1174 794 1175 840 1175 839 1175 798 1176 841 1176 840 1176 799 1177 842 1177 841 1177 789 1178 843 1178 842 1178 788 1179 844 1179 843 1179 772 1180 845 1180 844 1180 771 1181 846 1181 845 1181 773 1182 847 1182 846 1182 769 1183 848 1183 847 1183 774 1184 849 1184 848 1184 781 1185 850 1185 849 1185 790 1186 851 1186 850 1186 800 1187 852 1187 851 1187 791 1188 853 1188 852 1188 792 1189 854 1189 853 1189 853 1190 791 1190 792 1190 852 1191 800 1191 791 1191 851 1192 790 1192 800 1192 850 1193 781 1193 790 1193 849 1194 774 1194 781 1194 848 1195 769 1195 774 1195 847 1196 773 1196 769 1196 846 1197 771 1197 773 1197 845 1181 772 1181 771 1181 844 1198 788 1198 772 1198 843 1199 789 1199 788 1199 842 1200 799 1200 789 1200 841 1201 798 1201 799 1201 840 1202 794 1202 798 1202 839 1203 787 1203 794 1203 838 1204 786 1204 787 1204 837 1205 785 1205 786 1205 836 1206 784 1206 785 1206 835 1207 783 1207 784 1207 834 1208 782 1208 783 1208 833 1209 779 1209 782 1209 832 1210 780 1210 779 1210 831 1211 793 1211 780 1211 830 1212 777 1212 793 1212 829 1213 778 1213 777 1213 828 1214 797 1214 778 1214 792 82 795 82 802 82 802 82 854 82 792 82 826 1215 833 1215 834 1215 826 1216 830 1216 831 1216 826 1217 839 1217 840 1217 826 1218 832 1218 833 1218 826 0 829 0 830 0 854 1219 823 1219 824 1219 854 1220 814 1220 815 1220 854 1221 811 1221 812 1221 854 1222 802 1222 801 1222 826 0 852 0 853 0 826 1223 850 1223 851 1223 826 1224 842 1224 843 1224 826 1225 838 1225 839 1225 826 1226 836 1226 837 1226 831 1227 832 1227 826 1227 826 1228 827 1228 828 1228 824 0 825 0 854 0 854 1229 819 1229 820 1229 854 1230 817 1230 818 1230 815 0 816 0 854 0 854 1231 810 1231 811 1231 854 1232 804 1232 805 1232 801 0 803 0 854 0 851 1233 852 1233 826 1233 826 1234 848 1234 849 1234 826 1235 846 1235 847 1235 826 1236 844 1236 845 1236 826 1237 841 1237 842 1237 837 0 838 0 826 0 828 0 829 0 826 0 854 1238 822 1238 823 1238 820 0 821 0 854 0 816 0 817 0 854 0 812 0 813 0 854 0 854 1239 806 1239 807 1239 803 0 804 0 854 0 849 0 850 0 826 0 845 1240 846 1240 826 1240 840 0 841 0 826 0 834 0 835 0 826 0 821 1241 822 1241 854 1241 813 0 814 0 854 0 854 1242 808 1242 809 1242 805 0 806 0 854 0 847 0 848 0 826 0 835 0 836 0 826 0 818 1243 819 1243 854 1243 807 0 808 0 854 0 843 0 844 0 826 0 809 1244 810 1244 854 1244 825 0 826 0 854 0 853 0 854 0 826 0 98 1245 105 1245 855 1245 99 1246 856 1246 857 1246 855 1247 858 1247 98 1247 284 1248 857 1248 855 1248 857 1249 284 1249 102 1249 99 1250 98 1250 858 1250 855 1251 288 1251 284 1251 858 1252 856 1252 99 1252 857 1253 102 1253 99 1253 105 1254 288 1254 855 1254 859 83 860 83 855 83 855 83 857 83 859 83 857 82 856 82 859 82 858 84 855 84 860 84 861 0 862 0 863 0 864 0 865 0 863 0 860 1255 866 1255 867 1255 863 0 868 0 861 0 864 0 869 0 865 0 867 0 858 0 860 0 863 0 862 0 864 0 867 1256 870 1256 858 1256 869 0 871 0 872 0 868 0 873 0 861 0 858 1257 874 1257 875 1257 860 1258 876 1258 866 1258 869 0 877 0 871 0 873 0 878 0 861 0 870 1259 874 1259 858 1259 860 1260 879 1260 880 1260 864 0 877 0 869 0 873 0 881 0 882 0 859 1261 856 1261 883 1261 880 0 876 0 860 0 881 0 873 0 884 0 882 0 878 0 873 0 883 0 885 0 859 0 856 1262 886 1262 887 1262 875 0 888 0 858 0 860 1263 872 1263 889 1263 872 0 860 0 869 0 860 1264 890 1264 891 1264 859 1265 892 1265 893 1265 887 1266 883 1266 856 1266 889 1267 879 1267 860 1267 891 0 869 0 860 0 859 1268 894 1268 890 1268 885 0 892 0 859 0 856 1269 895 1269 896 1269 884 0 897 0 881 0 858 1270 898 1270 881 1270 859 1271 899 1271 894 1271 896 0 886 0 856 0 856 0 858 0 897 0 881 0 897 0 858 0 893 1272 899 1272 859 1272 888 0 898 0 858 0 856 1273 900 1273 895 1273 890 0 860 0 859 0 897 0 900 0 856 0 897 1274 901 1274 902 1274 884 1275 903 1275 901 1275 873 1276 904 1276 903 1276 868 1277 905 1277 904 1277 863 1278 906 1278 905 1278 865 1279 907 1279 906 1279 869 1280 908 1280 907 1280 891 1281 909 1281 908 1281 890 1282 910 1282 909 1282 894 1283 911 1283 910 1283 899 1284 912 1284 911 1284 893 1285 913 1285 912 1285 892 1286 914 1286 913 1286 885 1287 915 1287 914 1287 883 1288 916 1288 915 1288 887 1289 917 1289 916 1289 886 1290 918 1290 917 1290 896 1291 919 1291 918 1291 895 1292 920 1292 919 1292 900 1293 902 1293 920 1293 920 1294 895 1294 900 1294 919 1295 896 1295 895 1295 918 1296 886 1296 896 1296 917 1297 887 1297 886 1297 916 1298 883 1298 887 1298 915 1299 885 1299 883 1299 914 1300 892 1300 885 1300 913 1301 893 1301 892 1301 912 1302 899 1302 893 1302 911 1303 894 1303 899 1303 910 1304 890 1304 894 1304 909 1305 891 1305 890 1305 908 1306 869 1306 891 1306 907 1307 865 1307 869 1307 906 1308 863 1308 865 1308 905 1309 868 1309 863 1309 904 1310 873 1310 868 1310 903 1311 884 1311 873 1311 901 1312 897 1312 884 1312 902 1313 900 1313 897 1313 909 1314 905 1314 906 1314 919 0 915 0 916 0 906 0 907 0 909 0 909 1315 903 1315 904 1315 916 0 917 0 919 0 919 1316 913 1316 914 1316 903 1317 909 1317 910 1317 904 1318 905 1318 909 1318 913 1319 919 1319 920 1319 914 1320 915 1320 919 1320 907 1321 908 1321 909 1321 911 1322 902 1322 901 1322 917 1323 918 1323 919 1323 902 1324 911 1324 912 1324 901 1325 903 1325 911 1325 912 1326 913 1326 902 1326 920 0 902 0 913 0 910 0 911 0 903 0 888 1327 921 1327 922 1327 875 1328 923 1328 921 1328 874 1329 924 1329 923 1329 870 1330 925 1330 924 1330 867 1331 926 1331 925 1331 866 1332 927 1332 926 1332 876 1333 928 1333 927 1333 880 1334 929 1334 928 1334 879 1335 930 1335 929 1335 889 1336 931 1336 930 1336 872 1337 932 1337 931 1337 871 1338 933 1338 932 1338 877 1339 934 1339 933 1339 864 1340 935 1340 934 1340 862 1341 936 1341 935 1341 861 1342 937 1342 936 1342 878 1343 938 1343 937 1343 882 1344 939 1344 938 1344 881 1345 940 1345 939 1345 898 1346 922 1346 940 1346 940 1347 881 1347 898 1347 939 1348 882 1348 881 1348 938 1349 878 1349 882 1349 937 1350 861 1350 878 1350 936 1351 862 1351 861 1351 935 1352 864 1352 862 1352 934 1353 877 1353 864 1353 933 1354 871 1354 877 1354 932 1355 872 1355 871 1355 931 1356 889 1356 872 1356 930 1357 879 1357 889 1357 929 1358 880 1358 879 1358 928 1359 876 1359 880 1359 927 1360 866 1360 876 1360 926 1332 867 1332 866 1332 925 1361 870 1361 867 1361 924 1362 874 1362 870 1362 923 1363 875 1363 874 1363 921 1364 888 1364 875 1364 922 1365 898 1365 888 1365 923 1366 927 1366 928 1366 933 1367 937 1367 938 1367 923 0 926 0 927 0 923 0 924 0 925 0 933 1368 936 1368 937 1368 933 0 934 0 935 0 923 1369 929 1369 930 1369 925 0 926 0 923 0 933 1370 939 1370 940 1370 935 0 936 0 933 0 928 0 929 0 923 0 931 1371 922 1371 921 1371 938 0 939 0 933 0 922 1372 931 1372 932 1372 921 1325 923 1325 931 1325 932 1373 933 1373 922 1373 940 0 922 0 933 0 930 0 931 0 923 0 284 1374 941 1374 942 1374 284 1375 943 1375 941 1375 284 1376 288 1376 944 1376 288 1377 285 1377 945 1377 944 1378 943 1378 284 1378 945 1379 946 1379 288 1379 946 1380 944 1380 288 1380 942 1381 281 1381 284 1381 947 1382 944 1382 946 1382 946 1383 948 1383 947 1383 949 83 943 83 944 83 944 83 947 83 949 83 949 1384 950 1384 941 1384 941 1385 943 1385 949 1385 948 1386 945 1386 951 1386 948 1387 946 1387 945 1387 951 1388 952 1388 948 1388 950 1389 953 1389 954 1389 954 1390 942 1390 950 1390 942 1391 941 1391 950 1391 952 1392 951 1392 955 1392 955 1393 956 1393 952 1393 956 1394 955 1394 957 1394 957 1395 958 1395 956 1395 958 1396 957 1396 959 1396 959 1397 960 1397 958 1397 953 1398 961 1398 962 1398 962 1399 954 1399 953 1399 963 1400 964 1400 965 1400 966 1401 967 1401 968 1401 959 1402 969 1402 963 1402 964 1403 970 1403 971 1403 972 1404 968 1404 973 1404 968 1405 972 1405 966 1405 971 1406 965 1406 964 1406 970 1407 974 1407 975 1407 976 1408 973 1408 977 1408 966 1409 978 1409 967 1409 975 1410 971 1410 970 1410 974 1411 979 1411 980 1411 981 1412 977 1412 982 1412 973 1413 976 1413 972 1413 980 1414 975 1414 974 1414 979 1415 983 1415 984 1415 985 1416 982 1416 986 1416 977 1417 981 1417 976 1417 984 1418 980 1418 979 1418 987 1419 988 1419 984 1419 989 1420 990 1420 986 1420 982 1421 985 1421 981 1421 984 1422 983 1422 987 1422 991 1423 992 1423 988 1423 993 1424 989 1424 994 1424 986 1425 990 1425 985 1425 988 1426 987 1426 991 1426 995 1427 996 1427 992 1427 997 1428 993 1428 998 1428 986 1429 994 1429 989 1429 992 1430 991 1430 995 1430 999 1431 1000 1431 996 1431 1001 1432 1002 1432 1000 1432 1003 1433 1004 1433 1005 1433 1004 1434 997 1434 1006 1434 994 1435 998 1435 993 1435 996 1436 995 1436 999 1436 1000 1437 999 1437 1001 1437 1007 1438 1008 1438 1003 1438 998 1439 1006 1439 997 1439 1001 1440 1009 1440 1002 1440 1009 1441 1010 1441 1011 1441 1008 1442 1007 1442 1012 1442 1006 1443 1005 1443 1004 1443 1011 1444 1002 1444 1009 1444 1010 1445 1013 1445 1014 1445 1015 1446 1012 1446 1016 1446 1005 1447 1007 1447 1003 1447 1014 1448 1011 1448 1010 1448 1013 1449 1017 1449 1018 1449 1019 1450 1016 1450 1020 1450 1012 1451 1015 1451 1008 1451 1018 1452 1014 1452 1013 1452 1021 1453 1022 1453 1018 1453 1023 1454 1024 1454 1020 1454 1016 1455 1019 1455 1015 1455 1018 1456 1017 1456 1021 1456 1025 1457 1026 1457 1022 1457 1027 1458 1023 1458 1028 1458 1020 1459 1024 1459 1019 1459 1022 1460 1021 1460 1025 1460 1029 1461 1030 1461 1026 1461 1031 1462 1032 1462 1030 1462 1033 1463 1034 1463 1035 1463 1034 1464 1027 1464 1036 1464 1020 1465 1028 1465 1023 1465 967 1466 978 1466 1037 1466 959 1467 1038 1467 1039 1467 1026 1468 1025 1468 1029 1468 1030 1469 1029 1469 1031 1469 1040 1470 1041 1470 1033 1470 1028 1471 1036 1471 1027 1471 1042 1472 967 1472 1043 1472 1037 1473 1044 1473 967 1473 959 1474 1045 1474 1038 1474 957 1475 1046 1475 1045 1475 1031 1476 1047 1476 1032 1476 1047 1477 1048 1477 1049 1477 1041 1478 1040 1478 1050 1478 1036 1479 1035 1479 1034 1479 1044 1480 1043 1480 967 1480 1042 1481 1051 1481 1052 1481 957 1482 1053 1482 1054 1482 1045 1483 959 1483 957 1483 1049 1484 1032 1484 1047 1484 1048 1485 1055 1485 1056 1485 1057 1486 1050 1486 1058 1486 1035 1487 1040 1487 1033 1487 1043 1488 1059 1488 1042 1488 1052 1489 1060 1489 1042 1489 957 1490 1061 1490 1053 1490 957 1491 1062 1491 1046 1491 1056 1492 1049 1492 1048 1492 1055 1493 1063 1493 1064 1493 1065 1494 1058 1494 1064 1494 1050 1495 1057 1495 1041 1495 1059 1496 1066 1496 1042 1496 962 1497 1042 1497 290 1497 1042 1498 1067 1498 1068 1498 1060 1499 1069 1499 1042 1499 957 1500 1070 1500 1061 1500 957 1501 295 1501 1071 1501 955 1502 287 1502 295 1502 957 1503 1072 1503 1062 1503 1064 1504 1056 1504 1055 1504 1058 1505 1065 1505 1057 1505 1066 1506 1073 1506 1042 1506 290 1507 282 1507 962 1507 1069 1508 1067 1508 1042 1508 1071 1509 1070 1509 957 1509 955 1510 285 1510 287 1510 957 1511 1074 1511 1072 1511 1064 1512 1063 1512 1065 1512 1073 1513 1075 1513 1042 1513 1068 1514 290 1514 1042 1514 295 1515 957 1515 955 1515 957 1516 1076 1516 1074 1516 1075 1517 1051 1517 1042 1517 281 1518 954 1518 962 1518 1054 1519 1076 1519 957 1519 965 1520 959 1520 963 1520 281 1521 942 1521 954 1521 955 1522 951 1522 285 1522 282 1523 281 1523 962 1523 1039 1524 969 1524 959 1524 951 1525 945 1525 285 1525 961 1526 1077 1526 1042 1526 1042 1527 962 1527 961 1527 1077 1528 1078 1528 967 1528 967 1529 1042 1529 1077 1529 960 1530 965 1530 971 1530 960 1531 959 1531 965 1531 1079 1532 975 1532 980 1532 1079 1533 971 1533 975 1533 1080 1534 984 1534 988 1534 1080 1535 980 1535 984 1535 1081 1536 992 1536 996 1536 1081 1537 988 1537 992 1537 1082 1538 1000 1538 1002 1538 1082 1539 996 1539 1000 1539 1083 1540 1011 1540 1014 1540 1083 1541 1002 1541 1011 1541 1084 1542 1018 1542 1022 1542 1084 1543 1014 1543 1018 1543 1085 1544 1026 1544 1030 1544 1085 1545 1022 1545 1026 1545 1086 1546 1087 1546 1032 1546 1087 1547 1030 1547 1032 1547 1088 1548 1086 1548 1056 1548 1086 1549 1049 1549 1056 1549 1088 1550 1064 1550 1058 1550 1058 1551 1089 1551 1088 1551 1089 1552 1050 1552 1040 1552 1040 1553 1090 1553 1089 1553 1091 1554 1090 1554 1035 1554 1035 1555 1036 1555 1091 1555 1092 1556 1091 1556 1028 1556 1028 1557 1020 1557 1092 1557 1093 1558 1092 1558 1016 1558 1016 1559 1012 1559 1093 1559 1094 1560 1093 1560 1007 1560 1007 1561 1005 1561 1094 1561 1095 1562 1094 1562 1006 1562 1006 1563 998 1563 1095 1563 1096 1564 1095 1564 994 1564 994 1565 986 1565 1096 1565 1097 1566 1096 1566 982 1566 982 1567 977 1567 1097 1567 1078 1568 1097 1568 973 1568 973 1569 968 1569 1078 1569 968 1570 967 1570 1078 1570 977 1571 973 1571 1097 1571 986 1572 982 1572 1096 1572 998 1573 994 1573 1095 1573 1005 1574 1006 1574 1094 1574 1012 1575 1007 1575 1093 1575 1020 1576 1016 1576 1092 1576 1036 1577 1028 1577 1091 1577 1040 1578 1035 1578 1090 1578 1058 1579 1050 1579 1089 1579 1056 1580 1064 1580 1088 1580 1032 1581 1049 1581 1086 1581 1030 1582 1087 1582 1085 1582 1022 1583 1085 1583 1084 1583 1014 1584 1084 1584 1083 1584 1002 1585 1083 1585 1082 1585 996 1586 1082 1586 1081 1586 988 1587 1081 1587 1080 1587 980 1588 1080 1588 1079 1588 971 1589 1079 1589 960 1589 1078 0 1098 0 1099 0 1092 0 1100 0 1101 0 1093 0 1102 0 1100 0 1078 1590 1103 1590 1098 1590 1090 0 1104 0 1105 0 1091 0 1101 0 1104 0 1100 0 1092 0 1093 0 1094 0 1106 0 1102 0 1078 1591 1107 1591 1103 1591 1077 0 1108 0 1107 0 956 1592 1109 1592 1110 1592 960 0 1079 0 1111 0 1079 1593 1080 1593 1112 1593 1086 1594 1088 1594 1113 1594 1089 1595 1105 1595 1113 1595 1104 0 1090 0 1091 0 1102 0 1093 0 1094 0 1095 0 1114 0 1106 0 1096 1596 1115 1596 1114 1596 1097 0 1099 0 1115 0 1107 0 1078 0 1077 0 947 1597 1116 1597 1117 1597 948 1598 1118 1598 1119 1598 952 1599 1120 1599 1121 1599 956 1600 1122 1600 1109 1600 958 0 960 0 1123 0 1112 0 1111 0 1079 0 1080 1601 1081 1601 1124 1601 1081 1602 1082 1602 1125 1602 1082 0 1083 0 1126 0 1083 0 1084 0 1127 0 1084 0 1085 0 1128 0 1085 0 1087 0 1129 0 1087 1603 1086 1603 1130 1603 1113 1604 1088 1604 1089 1604 1101 0 1091 0 1092 0 1114 0 1095 0 1096 0 1099 0 1097 0 1078 0 961 0 953 0 1131 0 953 0 950 0 1132 0 950 1605 949 1605 1133 1605 947 1606 1119 1606 1116 1606 948 1607 1121 1607 1118 1607 952 1608 1110 1608 1120 1608 956 1609 1134 1609 1122 1609 960 1610 1135 1610 1123 1610 1124 1611 1112 1611 1080 1611 1126 1612 1125 1612 1082 1612 1128 0 1127 0 1084 0 1130 0 1129 0 1087 0 1105 1613 1089 1613 1090 1613 1115 0 1096 0 1097 0 1131 0 1136 0 961 0 1132 0 1137 0 953 0 1133 0 1138 0 950 0 949 1614 1117 1614 1139 1614 1119 1615 947 1615 948 1615 1110 0 952 0 956 0 960 1616 1140 1616 1135 1616 1125 1617 1124 1617 1081 1617 1129 0 1128 0 1085 0 1106 0 1094 0 1095 0 1137 0 1131 0 953 0 1139 1618 1133 1618 949 1618 1121 1619 948 1619 952 1619 958 0 1141 0 1134 0 1111 0 1140 0 960 0 1113 1620 1130 1620 1086 1620 1138 1621 1132 1621 950 1621 1134 0 956 0 958 0 1127 0 1126 0 1083 0 1077 1622 961 1622 1142 1622 1136 0 1143 0 961 0 1123 0 1141 0 958 0 1143 1623 1142 1623 961 1623 1142 1624 1108 1624 1077 1624 1117 0 949 0 947 0 1144 1625 1145 1625 1134 1625 1134 1626 1141 1626 1144 1626 1146 1627 1147 1627 1148 1627 1146 1628 1149 1628 1150 1628 1146 1629 1151 1629 1147 1629 1146 1630 1152 1630 1149 1630 1150 0 1151 0 1146 0 1153 1631 1154 1631 1155 1631 1148 0 1156 0 1146 0 1152 1632 1146 1632 1145 1632 1157 1633 1158 1633 1159 1633 1153 1634 1160 1634 1154 1634 1153 1635 1161 1635 1162 1635 1153 1636 1163 1636 1164 1636 1145 1637 1144 1637 1152 1637 1153 1638 1165 1638 1157 1638 1153 1639 1166 1639 1167 1639 1162 1640 1160 1640 1153 1640 1153 1641 1168 1641 1169 1641 1153 1642 1170 1642 1171 1642 1153 1643 1172 1643 1163 1643 1172 1644 1173 1644 1146 1644 1172 1645 1174 1645 1175 1645 1172 1646 1176 1646 1177 1646 1172 1647 1178 1647 1179 1647 1153 1648 1180 1648 1165 1648 1167 1649 1181 1649 1153 1649 1169 0 1161 0 1153 0 1164 0 1170 0 1153 0 1175 0 1173 0 1172 0 1179 0 1176 0 1172 0 1181 0 1180 0 1153 0 1171 0 1168 0 1153 0 1177 0 1174 0 1172 0 1172 1650 1182 1650 1183 1650 1172 1651 1184 1651 1185 1651 1172 1652 1186 1652 1187 1652 1155 0 1166 0 1153 0 1183 0 1178 0 1172 0 1187 0 1184 0 1172 0 1172 1653 1188 1653 1189 1653 1159 1654 1153 1654 1157 1654 1185 0 1182 0 1172 0 1153 0 1188 0 1172 0 1189 0 1186 0 1172 0 1156 1655 1172 1655 1146 1655 1143 1656 1153 1656 1159 1656 1136 1657 1188 1657 1153 1657 1131 1658 1189 1658 1188 1658 1137 1659 1186 1659 1189 1659 1132 1660 1187 1660 1186 1660 1138 1661 1184 1661 1187 1661 1133 1662 1185 1662 1184 1662 1139 1663 1182 1663 1185 1663 1117 1664 1183 1664 1182 1664 1116 1665 1178 1665 1183 1665 1119 1666 1179 1666 1178 1666 1118 1667 1176 1667 1179 1667 1121 1668 1177 1668 1176 1668 1120 1669 1174 1669 1177 1669 1110 1670 1175 1670 1174 1670 1109 1671 1173 1671 1175 1671 1122 1672 1146 1672 1173 1672 1134 1673 1145 1673 1146 1673 1146 1674 1122 1674 1134 1674 1173 1675 1109 1675 1122 1675 1175 1676 1110 1676 1109 1676 1174 1670 1120 1670 1110 1670 1177 1677 1121 1677 1120 1677 1176 1678 1118 1678 1121 1678 1179 1679 1119 1679 1118 1679 1178 1680 1116 1680 1119 1680 1183 1681 1117 1681 1116 1681 1182 1682 1139 1682 1117 1682 1185 1683 1133 1683 1139 1683 1184 1684 1138 1684 1133 1684 1187 1661 1132 1661 1138 1661 1186 1685 1137 1685 1132 1685 1189 1659 1131 1659 1137 1659 1188 1686 1136 1686 1131 1686 1153 1687 1143 1687 1136 1687 1159 1656 1142 1656 1143 1656 1108 1688 1142 1688 1159 1688 1159 1689 1158 1689 1108 1689 1123 1690 1152 1690 1144 1690 1135 1691 1149 1691 1152 1691 1140 1692 1150 1692 1149 1692 1111 1693 1151 1693 1150 1693 1112 1694 1147 1694 1151 1694 1124 1695 1148 1695 1147 1695 1125 1696 1156 1696 1148 1696 1126 1697 1172 1697 1156 1697 1127 1698 1163 1698 1172 1698 1128 1699 1164 1699 1163 1699 1129 1700 1170 1700 1164 1700 1130 1701 1171 1701 1170 1701 1113 1702 1168 1702 1171 1702 1105 1703 1169 1703 1168 1703 1104 1704 1161 1704 1169 1704 1101 1705 1162 1705 1161 1705 1100 1706 1160 1706 1162 1706 1102 1707 1154 1707 1160 1707 1106 1708 1155 1708 1154 1708 1114 1709 1166 1709 1155 1709 1115 1710 1167 1710 1166 1710 1099 1711 1181 1711 1167 1711 1098 1712 1180 1712 1181 1712 1103 1713 1165 1713 1180 1713 1107 1714 1157 1714 1165 1714 1108 1715 1158 1715 1157 1715 1157 1716 1107 1716 1108 1716 1165 1717 1103 1717 1107 1717 1180 1713 1098 1713 1103 1713 1181 1718 1099 1718 1098 1718 1167 1719 1115 1719 1099 1719 1166 1720 1114 1720 1115 1720 1155 1721 1106 1721 1114 1721 1154 1722 1102 1722 1106 1722 1160 1723 1100 1723 1102 1723 1162 1724 1101 1724 1100 1724 1161 1705 1104 1705 1101 1705 1169 1704 1105 1704 1104 1704 1168 1725 1113 1725 1105 1725 1171 1726 1130 1726 1113 1726 1170 1701 1129 1701 1130 1701 1164 1700 1128 1700 1129 1700 1163 1727 1127 1727 1128 1727 1172 1728 1126 1728 1127 1728 1156 1729 1125 1729 1126 1729 1148 1730 1124 1730 1125 1730 1147 1731 1112 1731 1124 1731 1151 1732 1111 1732 1112 1732 1150 1733 1140 1733 1111 1733 1149 1734 1135 1734 1140 1734 1152 1735 1123 1735 1135 1735 1144 1690 1141 1690 1123 1690 686 1736 496 1736 494 1736 112 1737 502 1737 500 1737 112 1738 121 1738 504 1738 686 1739 488 1739 486 1739 494 195 492 195 686 195 112 1740 496 1740 686 1740 504 195 502 195 112 195 121 195 220 195 506 195 686 1741 480 1741 478 1741 486 195 484 195 686 195 492 195 490 195 686 195 690 195 1190 195 103 195 112 1742 498 1742 496 1742 506 195 504 195 121 195 500 195 498 195 112 195 686 1743 482 1743 480 1743 490 195 488 195 686 195 1191 195 1192 195 438 195 1190 195 1193 195 103 195 1190 195 690 195 100 195 484 195 482 195 686 195 283 1744 464 1744 462 1744 438 195 436 195 1191 195 1192 1745 444 1745 441 1745 684 1746 645 1746 643 1746 684 1747 651 1747 649 1747 684 1748 657 1748 655 1748 108 1749 627 1749 624 1749 108 1750 688 1750 684 1750 100 1751 1194 1751 1190 1751 692 1752 103 1752 112 1752 478 195 477 195 686 195 283 1753 466 1753 464 1753 436 195 434 195 1191 195 441 195 440 195 1192 195 1192 1754 448 1754 446 1754 643 195 641 195 684 195 649 195 647 195 684 195 655 1755 653 1755 684 1755 624 195 116 195 108 195 624 195 141 195 116 195 108 1756 631 1756 629 1756 108 1757 635 1757 633 1757 684 1758 637 1758 108 1758 112 1759 696 1759 692 1759 686 195 697 195 112 195 283 1760 468 1760 466 1760 1191 1761 432 1761 430 1761 440 195 438 195 1192 195 1192 1762 450 1762 448 1762 286 1763 412 1763 411 1763 1191 1764 286 1764 104 1764 641 195 639 195 684 195 653 195 651 195 684 195 629 195 627 195 108 195 637 195 635 195 108 195 103 1765 1193 1765 1195 1765 697 195 696 195 112 195 1192 195 101 195 283 195 283 1766 470 1766 468 1766 283 1767 292 1767 472 1767 430 195 428 195 1191 195 446 195 444 195 1192 195 1192 1768 454 1768 452 1768 1192 1769 458 1769 456 1769 286 1770 414 1770 412 1770 1191 1771 418 1771 286 1771 647 195 645 195 684 195 633 195 631 195 108 195 690 1772 688 1772 108 1772 103 195 692 195 690 195 283 1773 460 1773 458 1773 472 195 470 195 283 195 1191 1774 422 1774 420 1774 1191 1775 426 1775 424 1775 434 195 432 195 1191 195 456 1776 454 1776 1192 1776 286 1777 416 1777 414 1777 104 195 1195 195 1191 195 1195 195 104 195 103 195 462 195 460 195 283 195 101 195 1192 195 1194 195 424 195 422 195 1191 195 452 195 450 195 1192 195 418 1778 416 1778 286 1778 108 195 100 195 690 195 1194 195 100 195 101 195 428 1779 426 1779 1191 1779 639 195 637 195 684 195 420 195 418 195 1191 195 283 195 458 195 1192 195 411 195 296 195 286 195 1192 1780 1191 1780 1196 1780 1196 1781 1197 1781 1192 1781 1198 195 1199 195 1197 195 1196 1782 1200 1782 1201 1782 1201 195 1198 195 1196 195 1197 195 1196 195 1198 195 1194 1783 1192 1783 1197 1783 1197 1784 1199 1784 1194 1784 1198 1785 1190 1785 1194 1785 1194 1785 1199 1785 1198 1785 1193 1786 1190 1786 1198 1786 1198 1787 1201 1787 1193 1787 1195 1788 1193 1788 1201 1788 1201 1789 1200 1789 1195 1789 1191 1790 1195 1790 1200 1790 1200 1791 1196 1791 1191 1791 331 1792 344 1792 1202 1792 344 1793 1203 1793 1202 1793 331 83 1204 83 1205 83 329 1794 1205 1794 1206 1794 1206 1795 326 1795 329 1795 291 1796 1068 1796 1067 1796 291 1797 290 1797 1068 1797 359 1798 1069 1798 1060 1798 359 1799 1067 1799 1069 1799 357 1800 1052 1800 1051 1800 357 1801 1060 1801 1052 1801 371 1802 1075 1802 1073 1802 371 1803 1051 1803 1075 1803 370 1804 1066 1804 1059 1804 370 1805 1073 1805 1066 1805 354 1806 1043 1806 1044 1806 354 1807 1059 1807 1043 1807 352 1808 1037 1808 978 1808 352 1809 1044 1809 1037 1809 368 1810 966 1810 972 1810 368 1811 978 1811 966 1811 367 1812 976 1812 981 1812 367 1813 972 1813 976 1813 365 1814 985 1814 990 1814 365 1815 981 1815 985 1815 340 1816 989 1816 993 1816 340 1817 990 1817 989 1817 338 1818 997 1818 1004 1818 338 1819 993 1819 997 1819 336 1820 1003 1820 1008 1820 336 1821 1004 1821 1003 1821 334 1822 1015 1822 1019 1822 334 1823 1008 1823 1015 1823 349 1824 1024 1824 1023 1824 349 1825 1019 1825 1024 1825 348 1826 1027 1826 1034 1826 348 1827 1023 1827 1027 1827 346 1828 1207 1828 1203 1828 1034 1829 1208 1829 1207 1829 1207 1830 346 1830 1034 1830 1033 1831 1041 1831 1209 1831 1208 1832 1034 1832 1033 1832 1209 1833 1208 1833 1033 1833 1210 1834 1211 1834 1057 1834 1211 1835 1041 1835 1057 1835 1057 1836 1065 1836 1210 1836 1212 1837 1210 1837 1063 1837 1063 1838 1055 1838 1212 1838 1210 1839 1065 1839 1063 1839 1212 1840 1055 1840 1048 1840 1048 1841 1213 1841 1212 1841 1047 1842 1214 1842 1213 1842 1031 1843 1215 1843 1214 1843 1214 1844 1047 1844 1031 1844 1029 1845 327 1845 1216 1845 327 1846 326 1846 1217 1846 1217 1847 1216 1847 327 1847 1216 1848 1215 1848 1029 1848 362 1849 327 1849 1029 1849 1029 1850 1025 1850 362 1850 320 1851 362 1851 1021 1851 1021 1852 1017 1852 320 1852 318 1853 320 1853 1013 1853 1013 1854 1010 1854 318 1854 316 1855 318 1855 1009 1855 1009 1856 1001 1856 316 1856 314 1857 316 1857 999 1857 999 1858 995 1858 314 1858 310 1859 314 1859 991 1859 991 1860 987 1860 310 1860 308 1861 310 1861 983 1861 983 1862 979 1862 308 1862 306 1863 308 1863 974 1863 974 1864 970 1864 306 1864 303 1865 306 1865 964 1865 964 1866 963 1866 303 1866 304 1867 303 1867 969 1867 969 1868 1039 1868 304 1868 301 1869 304 1869 1038 1869 1038 1870 1045 1870 301 1870 298 1871 301 1871 1046 1871 1046 1872 1062 1872 298 1872 299 1873 298 1873 1072 1873 1072 1874 1074 1874 299 1874 324 1875 299 1875 1076 1875 1076 1876 1054 1876 324 1876 322 1877 324 1877 1053 1877 1053 1878 1061 1878 322 1878 294 1879 322 1879 1070 1879 1070 1880 1071 1880 294 1880 1071 1881 295 1881 294 1881 1061 1882 1070 1882 322 1882 1054 1883 1053 1883 324 1883 1074 1884 1076 1884 299 1884 1062 1885 1072 1885 298 1885 1045 1886 1046 1886 301 1886 1039 1887 1038 1887 304 1887 963 1888 969 1888 303 1888 970 1889 964 1889 306 1889 979 1890 974 1890 308 1890 987 1891 983 1891 310 1891 995 1892 991 1892 314 1892 1001 1893 999 1893 316 1893 1010 1894 1009 1894 318 1894 1017 1895 1013 1895 320 1895 1025 1896 1021 1896 362 1896 1031 1897 1029 1897 1215 1897 1048 1898 1047 1898 1213 1898 1211 1899 1209 1899 1041 1899 1203 1900 344 1900 346 1900 1034 1901 346 1901 348 1901 1023 1902 348 1902 349 1902 1019 1903 349 1903 334 1903 1008 1904 334 1904 336 1904 1004 1905 336 1905 338 1905 993 1906 338 1906 340 1906 990 1907 340 1907 365 1907 981 1908 365 1908 367 1908 972 1909 367 1909 368 1909 978 1910 368 1910 352 1910 1044 1911 352 1911 354 1911 1059 1912 354 1912 370 1912 1073 1913 370 1913 371 1913 1051 1914 371 1914 357 1914 1060 1915 357 1915 359 1915 1067 1916 359 1916 291 1916 1206 1917 1217 1917 326 1917 1205 83 329 83 331 83 1202 1918 1204 1918 331 1918 1218 82 1207 82 1208 82 1208 82 1219 82 1218 82 1220 84 1221 84 1215 84 1215 84 1216 84 1220 84 1204 1919 1222 1919 1223 1919 1205 1920 1224 1920 1225 1920 1204 1921 1226 1921 1227 1921 1204 195 1228 195 1222 195 1205 1922 1229 1922 1224 1922 1223 195 1226 195 1204 195 1204 1923 1230 1923 1231 1923 1204 1924 1232 1924 1233 1924 1205 1925 1231 1925 1229 1925 1204 195 1202 195 1228 195 1233 195 1230 195 1204 195 1225 1926 1234 1926 1205 1926 1231 195 1205 195 1204 195 1234 195 1235 195 1205 195 1235 1927 1206 1927 1205 1927 1227 195 1232 195 1204 195 1220 1928 1217 1928 1206 1928 1220 1929 1216 1929 1217 1929 1206 1930 1235 1930 1220 1930 1220 1931 1235 1931 1234 1931 1236 1932 1234 1932 1225 1932 1237 1933 1238 1933 1225 1933 1239 1934 1237 1934 1224 1934 1239 1935 1229 1935 1231 1935 1240 1936 1241 1936 1231 1936 1242 1937 1240 1937 1230 1937 1242 1938 1233 1938 1232 1938 1243 1939 1244 1939 1232 1939 1243 1940 1227 1940 1226 1940 1245 1941 1226 1941 1223 1941 1246 1942 1247 1942 1223 1942 1218 1943 1246 1943 1222 1943 1222 1944 1228 1944 1218 1944 1223 1945 1222 1945 1246 1945 1223 1946 1247 1946 1245 1946 1226 1947 1245 1947 1243 1947 1232 1948 1227 1948 1243 1948 1232 1949 1244 1949 1242 1949 1230 1950 1233 1950 1242 1950 1231 1951 1230 1951 1240 1951 1231 1952 1241 1952 1239 1952 1224 1953 1229 1953 1239 1953 1225 1954 1224 1954 1237 1954 1225 1955 1238 1955 1236 1955 1234 1956 1236 1956 1220 1956 1218 1957 1228 1957 1202 1957 1202 1958 1203 1958 1218 1958 1203 1959 1207 1959 1218 1959 1236 1960 1248 1960 1221 1960 1238 1961 1249 1961 1248 1961 1237 1962 1250 1962 1249 1962 1239 1963 1251 1963 1250 1963 1241 1964 1252 1964 1251 1964 1240 1965 1253 1965 1252 1965 1242 83 1254 83 1253 83 1244 1966 1255 1966 1254 1966 1243 1967 1256 1967 1255 1967 1245 1968 1257 1968 1256 1968 1247 1969 1258 1969 1257 1969 1246 1970 1259 1970 1258 1970 1218 1971 1219 1971 1259 1971 1259 1972 1246 1972 1218 1972 1258 1973 1247 1973 1246 1973 1257 1974 1245 1974 1247 1974 1256 1975 1243 1975 1245 1975 1255 1976 1244 1976 1243 1976 1254 1977 1242 1977 1244 1977 1253 83 1240 83 1242 83 1252 1978 1241 1978 1240 1978 1251 1979 1239 1979 1241 1979 1250 1980 1237 1980 1239 1980 1249 1981 1238 1981 1237 1981 1248 1982 1236 1982 1238 1982 1221 1983 1220 1983 1236 1983 1210 1984 1260 1984 1261 1984 1261 0 1262 0 1210 0 1212 1985 1263 1985 1264 1985 1262 1986 1265 1986 1210 1986 1212 1987 1266 1987 1263 1987 1212 0 1267 0 1268 0 1210 0 1269 0 1270 0 1210 0 1212 0 1271 0 1210 1988 1272 1988 1260 1988 1268 0 1266 0 1212 0 1271 0 1269 0 1210 0 1265 0 1273 0 1210 0 1212 0 1213 0 1267 0 1273 0 1211 0 1210 0 1270 1989 1272 1989 1210 1989 1264 0 1271 0 1212 0 1219 1990 1209 1990 1211 1990 1219 1991 1208 1991 1209 1991 1211 1992 1273 1992 1219 1992 1219 1993 1273 1993 1265 1993 1259 1994 1265 1994 1262 1994 1258 1995 1262 1995 1261 1995 1256 1996 1257 1996 1261 1996 1256 1997 1260 1997 1272 1997 1255 1998 1272 1998 1270 1998 1253 1999 1254 1999 1270 1999 1252 2000 1253 2000 1269 2000 1251 2001 1252 2001 1271 2001 1251 2002 1264 2002 1263 2002 1249 2003 1250 2003 1263 2003 1248 2004 1249 2004 1266 2004 1221 2005 1248 2005 1268 2005 1268 2006 1267 2006 1221 2006 1266 2007 1268 2007 1248 2007 1263 2008 1266 2008 1249 2008 1263 2009 1250 2009 1251 2009 1271 2010 1264 2010 1251 2010 1269 2011 1271 2011 1252 2011 1270 2012 1269 2012 1253 2012 1270 2013 1254 2013 1255 2013 1272 2014 1255 2014 1256 2014 1261 2015 1260 2015 1256 2015 1261 2016 1257 2016 1258 2016 1262 2017 1258 2017 1259 2017 1265 2018 1259 2018 1219 2018 1221 2019 1267 2019 1213 2019 1213 2020 1214 2020 1221 2020 1214 2021 1215 2021 1221 2021</p>
        </triangles>
      </mesh>
    </geometry>
  </library_geometries>
  <library_visual_scenes>
    <visual_scene id="Scene" name="Scene">
      <node id="Link_2" name="Link_2" type="NODE">
        <matrix sid="transform">1 0 0 0 0 1 0 0 0 0 1 0 0 0 0 1</matrix>
        <instance_geometry url="#Link_2_001-mesh" name="Link_2">
          <bind_material>
            <technique_common>
              <instance_material symbol="RAL2003_006-material" target="#RAL2003_006-material"/>
            </technique_common>
          </bind_material>
        </instance_geometry>
      </node>
    </visual_scene>
  </library_visual_scenes>
  <scene>
    <instance_visual_scene url="#Scene"/>
  </scene>
</COLLADA>