<?xml version="1.0" encoding="utf-8"?>
<COLLADA xmlns="http://www.collada.org/2005/11/COLLADASchema" version="1.4.1" xmlns:xsi="http://www.w3.org/2001/XMLSchema-instance">
  <asset>
    <contributor>
      <author>Blender User</author>
      <authoring_tool>Blender 2.82.7</authoring_tool>
    </contributor>
    <created>2023-09-19T10:42:17</created>
    <modified>2023-09-19T10:42:17</modified>
    <unit name="meter" meter="1"/>
    <up_axis>Z_UP</up_axis>
  </asset>
  <library_effects>
    <effect id="Mesh-effect">
      <profile_COMMON>
        <technique sid="common">
          <lambert>
            <emission>
              <color sid="emission">0 0 0 1</color>
            </emission>
            <diffuse>
              <color sid="diffuse">0.2 0.2 0.2 1</color>
            </diffuse>
            <index_of_refraction>
              <float sid="ior">1.45</float>
            </index_of_refraction>
          </lambert>
        </technique>
      </profile_COMMON>
    </effect>
  </library_effects>
  <library_images/>
  <library_materials>
    <material id="Mesh-material" name="Mesh">
      <instance_effect url="#Mesh-effect"/>
    </material>
  </library_materials>
  <library_geometries>
    <geometry id="Mesh-mesh" name="Mesh">
      <mesh>
        <source id="Mesh-mesh-positions">
          <float_array id="Mesh-mesh-positions-array" count="12813">0 -0.008395731 -0.0986433 0 -0.02494579 -0.09580552 -0.03749996 -0.01605415 -0.09104782 -0.03749996 0 -0.09245234 0 0.008395731 -0.0986433 -0.03749996 0.01605415 -0.09104782 0 0.02494579 -0.09580552 -0.03749996 0.03162056 -0.0868768 0 -0.01673108 0.09757596 0 0 0.09899997 -0.03749996 0 0.09245234 -0.03749996 -0.01605415 0.09104782 0 0.04077821 -0.09021162 -0.03749996 0.04622614 -0.08006608 0 -0.03298079 0.09334486 -0.03749996 -0.03162056 0.0868768 0 0.0554375 -0.08202242 -0.03749996 0.0594272 -0.07082259 0 0.06850194 -0.07147365 -0.03749996 0.07082259 -0.0594272 0 -0.04828178 0.0864284 -0.03749996 -0.04622614 0.08006608 0 0.07959568 -0.05886864 -0.03749996 0.08006608 -0.04622614 0 -0.06219375 0.07702553 -0.03749996 -0.0594272 0.07082259 0 0.08839964 -0.04457014 -0.03749996 0.0868768 -0.03162056 0 -0.07431656 0.06540679 -0.03749996 -0.07082259 0.0594272 0 0.09466052 -0.02898943 -0.03749996 0.09104782 -0.01605415 0 -0.08430135 0.0519064 -0.03749996 -0.08006608 0.04622614 0 0.09819811 -0.01257473 -0.03749996 0.09245234 0 0 -0.091861 0.03691273 -0.03749996 -0.0868768 0.03162056 0 0.0989108 0.00420165 -0.03749996 0.09104782 0.01605415 0 -0.09677797 0.02085721 -0.03749996 -0.09104782 0.01605415 0 0.09677797 0.02085721 -0.03749996 0.0868768 0.03162056 0 -0.0989108 0.00420165 -0.03749996 -0.09245234 0 0 0.091861 0.03691273 -0.03749996 0.08006608 0.04622614 0 -0.09819811 -0.01257473 0 0.08430135 0.0519064 -0.03749996 -0.09104782 -0.01605415 -0.03749996 0.07082259 0.0594272 0 -0.09466052 -0.02898943 -0.03749996 -0.0868768 -0.03162056 0 0.07431656 0.06540679 -0.03749996 0.0594272 0.07082259 0 -0.08839964 -0.04457014 -0.03749996 -0.08006608 -0.04622614 0 0.06219375 0.07702553 -0.03749996 0.04622614 0.08006608 0 -0.07959568 -0.05886864 -0.03749996 -0.07082259 -0.0594272 0 0.04828178 0.0864284 -0.03749996 0.03162056 0.0868768 0 -0.06850194 -0.07147365 -0.03749996 -0.0594272 -0.07082259 0 0.03298079 0.09334486 -0.03749996 0.01605415 0.09104782 0 -0.0554375 -0.08202242 0 0.01673108 0.09757596 -0.03749996 -0.04622614 -0.08006608 0 -0.04077821 -0.09021162 -0.03749996 -0.03162056 -0.0868768 -0.03049999 -0.02314519 0.08386474 -0.03569996 -0.007798612 0.08664977 -0.03569996 -0.02314519 0.08386474 -0.03049999 -0.007798612 0.08664977 -0.03049999 -0.03774785 0.07838428 -0.03569996 -0.03774785 0.07838428 -0.03049999 -0.05113726 0.07038444 -0.03569996 -0.05113726 0.07038444 -0.03049999 0.0155344 -0.08560186 -0.03049999 0 -0.08700001 -0.03569996 0 -0.08700001 -0.03569996 0.0155344 -0.08560186 -0.03049999 -0.06288313 0.06012243 -0.03569996 -0.06288313 0.06012243 -0.03049999 0.03056961 -0.08145242 -0.03569996 0.03056961 -0.08145242 -0.03049999 -0.07260781 0.04792803 -0.03569996 -0.07260781 0.04792803 -0.03049999 0.04462224 -0.07468503 -0.03569996 0.04462224 -0.07468503 -0.03049999 -0.07999891 0.03419315 -0.03569996 -0.07999891 0.03419315 -0.03049999 0.05724066 -0.06551718 -0.03569996 0.05724066 -0.06551718 -0.03049999 -0.08481872 0.01935929 -0.03569996 -0.08481872 0.01935929 -0.03049999 0.06801933 -0.05424356 -0.03569996 0.06801933 -0.05424356 -0.03049999 -0.08691239 0.00390321 -0.03569996 -0.08691239 0.00390321 -0.03049999 0.07661181 -0.04122656 -0.03569996 0.07661181 -0.04122656 -0.03049999 -0.08621263 -0.01167827 -0.03569996 -0.08621263 -0.01167827 -0.03049999 0.08274191 -0.02688443 -0.03569996 0.08274191 -0.02688443 -0.03049999 -0.08274191 -0.02688443 -0.03569996 -0.08274191 -0.02688443 -0.03049999 0.08621263 -0.01167827 -0.03569996 0.08621263 -0.01167827 -0.03049999 -0.07661181 -0.04122656 -0.03569996 -0.07661181 -0.04122656 -0.03049999 0.08691239 0.00390321 -0.03569996 0.08691239 0.00390321 -0.03049999 -0.06801933 -0.05424356 -0.03569996 -0.06801933 -0.05424356 -0.03049999 0.08481872 0.01935929 -0.03569996 0.08481872 0.01935929 -0.03049999 -0.05724066 -0.06551718 -0.03569996 -0.05724066 -0.06551718 -0.03049999 0.07999891 0.03419315 -0.03569996 0.07999891 0.03419315 -0.03049999 -0.04462224 -0.07468503 -0.03569996 -0.04462224 -0.07468503 -0.03049999 0.07260781 0.04792803 -0.03569996 0.07260781 0.04792803 -0.03049999 -0.03056961 -0.08145242 -0.03569996 -0.03056961 -0.08145242 -0.03049999 0.06288313 0.06012243 -0.03569996 0.06288313 0.06012243 -0.03049999 -0.0155344 -0.08560186 -0.03569996 -0.0155344 -0.08560186 -0.03049999 0.05113726 0.07038444 -0.03569996 0.05113726 0.07038444 -0.03049999 0.03774785 0.07838428 -0.03569996 0.03774785 0.07838428 -0.03049999 0.02314519 0.08386474 -0.03569996 0.02314519 0.08386474 -0.03049999 0.007798612 0.08664977 -0.03569996 0.007798612 0.08664977 -0.02869999 0.02314519 -0.08386474 -0.02869999 0.03774785 -0.07838428 -0.02929997 0.02975571 -0.08175325 -0.02929997 0.04349994 -0.0753442 -0.02869999 0.05113726 -0.07038444 -0.02929997 0 0.08700001 -0.02869999 0 0.08700001 -0.02929997 -0.01510739 0.08567827 -0.02929997 0.0559225 -0.06664586 -0.02869999 -0.0155344 0.08560186 -0.02929997 -0.02975571 0.08175325 -0.02869999 0.06288313 -0.06012243 -0.02929997 0.06664586 -0.0559225 -0.02869999 0.07260781 -0.04792803 -0.02929997 0.0753442 -0.04349994 -0.02869999 -0.03056961 0.08145242 -0.02929997 -0.04349994 0.0753442 -0.02869999 -0.04462224 0.07468503 -0.02929997 -0.0559225 0.06664586 -0.02869999 0.07999891 -0.03419315 -0.02929997 0.08175325 -0.02975571 -0.02869999 -0.05724066 0.06551718 -0.02929997 -0.06664586 0.0559225 -0.02869999 0.08481872 -0.01935929 -0.02929997 0.08567827 -0.01510739 -0.02869999 -0.06801933 0.05424356 -0.02929997 -0.0753442 0.04349994 -0.02869999 0.08691239 -0.00390321 -0.02929997 0.08700001 0 -0.02869999 -0.07661181 0.04122656 -0.02929997 -0.08175325 0.02975571 -0.02869999 0.08621263 0.01167827 -0.02929997 0.08567827 0.01510739 -0.02869999 -0.08274191 0.02688443 -0.02929997 -0.08567827 0.01510739 -0.02869999 0.08274191 0.02688443 -0.02929997 0.08175325 0.02975571 -0.02869999 -0.08621263 0.01167827 -0.02929997 -0.08700001 0 -0.02869999 0.07661181 0.04122656 -0.02929997 0.0753442 0.04349994 -0.02869999 -0.08691239 -0.00390321 -0.02929997 -0.08567827 -0.01510739 -0.02869999 0.06801933 0.05424356 -0.02929997 0.06664586 0.0559225 -0.02869999 -0.08481872 -0.01935929 -0.02929997 -0.08175325 -0.02975571 -0.02869999 0.05724066 0.06551718 -0.02869999 -0.07999891 -0.03419315 -0.02929997 0.0559225 0.06664586 -0.02929997 -0.0753442 -0.04349994 -0.02869999 0.04462224 0.07468503 -0.02869999 -0.07260781 -0.04792803 -0.02929997 0.04349994 0.0753442 -0.02929997 -0.06664586 -0.0559225 -0.02869999 0.03056961 0.08145242 -0.02929997 0.02975571 0.08175325 -0.02869999 -0.06288313 -0.06012243 -0.02929997 -0.0559225 -0.06664586 -0.02869999 0.0155344 0.08560186 -0.02929997 0.01510739 0.08567827 -0.02869999 -0.05113726 -0.07038444 -0.02929997 -0.04349994 -0.0753442 -0.02869999 -0.03774785 -0.07838428 -0.02929997 -0.02975571 -0.08175325 -0.02869999 -0.02314519 -0.08386474 -0.02929997 -0.01510739 -0.08567827 -0.02869999 -0.007798612 -0.08664977 -0.02929997 0 -0.08700001 -0.02869999 0.007798612 -0.08664977 -0.02929997 0.01510739 -0.08567827 0 0.01862424 0.05724489 0 0.01657509 0.05724489 0 0.003950119 0.05347359 0 -0.01657509 -0.07412099 0 -0.01862424 -0.07412099 0 -0.02061378 -0.07363057 0 -0.02242821 -0.07267832 0 0.06004637 -0.01123732 0 0.06030714 0.01101553 0 0.05888766 0.01249337 0 -0.04361379 0.07177644 0 -0.04291182 0.07256877 0 0.04669731 -0.02461183 0 0.04669731 0.02461183 0 0.0454663 0.02625 0 -0.04204064 0.07317012 0 -0.0441057 0.0708391 0 0.01101553 -0.06030714 0 0.007947623 -0.05798584 0 0.008437991 -0.05997538 0 -0.04105085 0.07354551 0 0.01249337 -0.05888766 0 0.00699532 -0.05617141 0 0.05868756 -0.01277112 0 0.04828459 0.02331584 0 -0.04435908 0.06981128 0 0.04828459 -0.02331584 0 -0.03999996 0.07367312 0 0.0454663 -0.02625 0 -0.0454663 -0.02625 0 0 -0.05249994 0 0.03659862 0.07205915 0 0.02242821 0.07267832 0 0.02396202 0.07131946 0 0.002034127 -0.05274695 0 0.03736203 0.07279247 0 0 0.05249994 0 -0.04435908 0.0687527 0 0.03603285 0.07116442 0 0.06173276 -0.0100733 0 0.06203901 0.009920358 0 0.02512603 0.06963306 0 -0.03894913 0.07354551 0 0.03827881 0.07332175 0 0.009920358 -0.06203901 0 0.008437991 -0.06202453 0 0.03569763 0.07016032 0 0.02585268 0.06771713 0 0.01426798 -0.05786311 0 0.03929561 0.07361626 0 0.005636513 -0.05463761 0 -0.03795933 0.07317012 0 0.05773532 -0.01458555 0 -0.05941164 -0.02512419 0 -0.05979478 -0.02372992 0 -0.06143295 -0.02496087 0 -0.03708815 0.07256877 0 -0.0579338 -0.0237047 0 -0.05849879 -0.02214264 0 0.05013585 -0.02243739 0 -0.06050688 -0.02685606 0 -0.06331807 -0.02576404 0 0.04466313 -0.02813512 0 0.03561246 0.0691052 0 -0.05345904 0.05466735 0 -0.05615925 -0.02268016 0 0.06364876 -0.009346663 0 0.06398272 0.009271442 0 -0.05487847 0.05318951 0 -0.0576204 -0.02029132 0 -0.05172711 0.05576258 0 0.04035329 0.07365888 0 -0.0441057 0.06772488 0 -0.06115573 -0.02879977 0 0.009271442 -0.06398272 0 -0.06534069 -0.02609276 0 0.007947623 -0.06401413 0 -0.05590307 0.05141496 0 0.03578221 0.06806033 0 0.01623618 -0.05729299 0 0.003950119 -0.05347359 0 0.02609968 0.06568294 0 -0.05419099 -0.02211004 0 0.07683312 0.003041803 0 0.07157111 0.01146942 0 0.06993293 0.01023846 0 -0.04978346 0.05641144 0 -0.0572105 -0.01828366 0 -0.04361379 0.0667876 0 0.05724489 -0.01657509 0 0.04139047 0.0734471 0 0.03619718 0.06708645 0 -0.05647313 0.04944676 0 0.02585268 0.06364876 0 0.07765311 0.003711283 0 0.0761972 0.002195537 0 0.06804776 0.009435236 0 0.04234689 0.07299333 0 -0.06132066 -0.03084224 0 0.05214357 -0.02202755 0 -0.06738317 -0.0259279 0 0.07860946 0.004165112 0 0.07286703 0.01305669 0 -0.05214357 -0.02202755 0 -0.05729299 -0.01623618 0 -0.04774099 0.05657637 0 0.04433441 -0.03015774 0 0.0368331 0.06624019 0 -0.04291182 0.06599521 0 0.07578223 0.001221656 0 -0.05655568 0.04739928 0 0.06568294 -0.009099662 0 0.06602519 0.009106576 0 0.04316681 0.07232385 0 -0.06099194 -0.0328648 0 -0.06932681 -0.02527898 0 0.009106576 -0.06602519 0 0.00699532 -0.0658285 0 0.03765308 0.06557071 0 0.02512603 0.06173276 0 0.07964664 0.004376828 0 0.07374548 0.01490801 0 0.07561242 1.76812e-4 0 -0.05013585 -0.02243739 0 -0.05786311 -0.01426798 0 -0.04571837 0.05624765 0 -0.04105085 0.06501847 0 -0.04204064 0.06539386 0 0.01828366 -0.0572105 0 0.05724489 -0.01862424 0 0.04380279 0.07147753 0 0.07350277 0.02093136 0 0.07407283 0.01896315 0 0.07415539 0.01691567 0 -0.04383325 0.05544447 0 -0.03999996 0.06489092 0 0.05419099 -0.02211004 0 0.08070433 0.004334211 0 -0.06018877 -0.03474998 0 0.0756976 -8.78333e-4 0 -0.04219508 0.05421346 0 -0.03795933 0.06539386 0 -0.03894913 0.06501847 0 0.06771713 -0.009346663 0 -0.04828459 -0.02331584 0 -0.05888766 -0.01249337 0 0.009435236 -0.06804776 0 0.005636513 -0.0673623 0 -0.04828459 0.02331584 0 -0.05868756 0.01277112 0 -0.04669731 0.02461183 0 0.08172112 0.004039704 0 -0.05895775 0.03638815 0 -0.05614578 0.04539155 0 0.07603281 -0.001882374 0 0.05773532 -0.02061378 0 -0.0241838 0.07105875 0 -0.03638619 0.07177644 0 -0.03589421 0.0708391 0 0.05615925 -0.02268016 0 -0.02270597 0.07247817 0 -0.07267832 0.02242821 0 -0.07131946 0.02396202 0 0.0826379 0.003510415 0 -0.05737048 0.03768408 0 -0.05526733 0.04354029 0 -0.06018877 0.03474998 0 -0.06963306 0.02512603 0 0.06963306 -0.0100733 0 0.07659858 -0.002777099 0 -0.04669731 -0.02461183 0 -0.0454663 0.02625 0 -0.02527898 0.06932681 0 -0.05895775 -0.03638815 0 0.01023846 -0.06993293 0 0.003950119 -0.06852632 0 -0.03564089 0.06981128 0 -0.02093136 0.07350277 0 -0.07363057 0.02061378 0 -0.05551922 0.03856253 0 -0.0539714 0.04195302 0 0.05868756 -0.02242821 0 -0.06099194 0.0328648 0 0.0579338 -0.0237047 0 0.0442177 0.07050371 0 0.04438751 0.06945884 0 -0.06771713 0.02585268 0 0.04430234 0.06840366 0 -0.04089909 0.05262619 0 -0.0259279 0.06738317 0 -0.03564089 0.0687527 0 -0.03589421 0.06772488 0 0.07131946 -0.01123732 0 -0.01896315 0.07407283 0 0.07827883 -0.004039704 0 0.07736206 -0.003510415 0 0.01146942 -0.07157111 0 0.002034127 -0.06925296 0 -0.05421346 -0.04219508 0 -0.0535115 -0.03897243 0 -0.05551922 -0.03856253 0 -0.07412099 0.01862424 0 -0.0535115 0.03897243 0 -0.05233323 0.04072201 0 0.04195302 0.0539714 0 0.03964662 0.06490516 0 0.03860944 0.06511688 0 -0.06132066 0.03084224 0 -0.06568294 0.02609968 0 0.06004637 -0.02396202 0 -0.05262619 -0.04089909 0 -0.05146402 -0.03888988 0 -0.02609276 0.06534069 0 0.04354029 0.05526733 0 0.04070436 0.06494778 0 -0.03638619 0.0667876 0 0.04270744 -0.04149907 0 0.04514819 -0.03414386 0 0.04449927 -0.03220021 0 -0.05544447 -0.04383325 0 -0.05737048 -0.03768408 0 0.04128795 -0.04297691 0 -0.01691567 0.07415539 0 0.04072201 0.05233323 0 0.02396202 0.06004637 0 0.05941164 -0.02512419 0 -0.07412099 0.01657509 0 -0.05146402 0.03888988 0 -0.05044806 0.03991883 0 -0.06115573 0.02879977 0 -0.05077493 -0.0400207 0 0.04443931 -0.0404039 0 0.04624336 -0.03587573 0 -0.04949581 -0.03831976 0 0.04539155 0.05614578 0 0.04026341 -0.04475152 0 -0.06364876 0.02585268 0 0.04263788 0.06577157 0 0.04172116 0.06524229 0 0.02029132 -0.0576204 0 -0.02576404 0.06331807 0 -0.03708815 0.06599521 0 -0.05624765 -0.04571837 0 0.03991883 0.05044806 0 0.02242821 0.05868756 0 0.07267832 -0.01277112 0 0.07929557 -0.004334211 0 0.01305669 -0.07286703 0 -0.0487672 -0.0396108 0 -0.04949581 0.03831976 0 -0.04842549 0.03959012 0 -0.0477212 -0.03729522 0 -0.06050688 0.02685606 0 0.04739928 0.05655568 0 0.04340136 0.06650489 0 0.04638302 -0.03975498 0 0.0477212 -0.03729522 0 -0.004114866 0.08284032 0 -0.003315567 0.08374255 0 -0.05657637 -0.04774099 0 0.03959012 0.04842549 0 -0.06173276 0.02512603 0 -0.002323567 0.08442723 0 0.02061378 0.05773532 0 0.03969329 -0.04671972 0 0.02214264 -0.05849879 0 -0.00467503 0.08177298 0 -0.04671972 -0.03969329 0 -0.04624336 -0.03587573 0 0.04944676 0.05647313 0 0.06173276 -0.02512603 0 0.04396712 0.06739956 0 0.06050688 -0.02685606 0 -0.02496087 0.06143295 0 -0.0400207 0.05077493 0 -0.05641144 -0.04978346 0 0.03975498 0.04638302 0 0.04842549 -0.03959012 0 -0.08316683 0.003041803 0 0.04949581 -0.03831976 0 -0.04475152 -0.04026341 0 0.07363057 -0.01458555 0 -0.04514819 -0.03414386 0 0.05141496 0.05590307 0 0.0813905 -0.004165112 0 0.08035331 -0.004376828 0 -0.08234685 0.003711283 0 0.0396108 -0.0487672 0 0.02372992 -0.05979478 0 -0.001196563 0.08485466 0 -0.05576258 -0.05172711 0 -0.08380275 0.002195537 0 0.0404039 0.04443931 0 0.06364876 -0.02585268 0 -0.004963517 0.08060264 0 -0.01490801 0.07374548 0 -0.04297691 -0.04128795 0 -0.04449927 -0.03220021 0 0.06115573 -0.02879977 0 -0.0813905 0.004165112 0 0.05318951 0.05487847 0 -0.01277112 -0.07267832 0 -0.01458555 -0.07363057 0 0 -0.06949996 0 -0.002034127 -0.06925296 0 -0.07363057 0.01458555 0 -0.04149907 -0.04270744 0 -0.08421772 0.001221656 0 -0.04433441 -0.03015774 0 -0.0477212 0.03729522 0 -0.04638302 0.03975498 0 0.05044806 -0.03991883 0 0.05146402 -0.03888988 0 0.07412099 -0.01657509 0 0 0.08499997 0 0.0400207 -0.05077493 0 0.02496087 -0.06143295 0 -0.05318951 -0.05487847 0 -0.05466735 -0.05345904 0 -0.08035331 0.004376828 0 -0.0404039 -0.04443931 0 -0.08438754 1.76812e-4 0 0.06568294 -0.02609968 0 -0.05941164 0.02512419 0 0.06132066 -0.03084224 0 -0.05141496 -0.05590307 0 -0.004963517 0.07939732 0 -0.01305669 0.07286703 0 -0.06004637 0.02396202 0 0.001196563 0.08485466 0 0.05233323 -0.04072201 0 0.0535115 -0.03897243 0 -0.07929557 0.004334211 0 0.05576258 0.05172711 0 0.05641144 0.04978346 0 -0.07267832 0.01277112 0 0.05466735 0.05345904 0 -0.02372992 0.05979478 0 -0.0396108 0.0487672 0 0.04089909 -0.05262619 0 -0.08430236 -8.78333e-4 0 0.06771713 -0.02585268 0 0.06099194 -0.0328648 0 -0.00467503 0.07822692 0 0.04624336 0.03587573 0 0.04671972 0.03969329 0 0.04475152 0.04026341 0 -0.01146942 0.07157111 0 0.0477212 0.03729522 0 0.0487672 0.0396108 0 -0.07827883 0.004039704 0 -0.07131946 0.01123732 0 -0.04624336 0.03587573 0 -0.04443931 0.0404039 0 0.04514819 0.03414386 0 0.08340132 0.002777099 0 0.08396714 0.001882374 0 0.08430236 8.78333e-4 0 0.08438754 -1.76812e-4 0 0.002323567 0.08442723 0 0.08421772 -0.001221656 0 0.06963306 -0.02512603 0 -0.08396714 -0.001882374 0 0.04297691 0.04128795 0 -0.0579338 0.0237047 0 0.04949581 0.03831976 0 0.05077493 0.0400207 0 -0.004114866 0.07715964 0 -0.05868756 0.02242821 0 -0.07736206 0.003510415 0 -0.02214264 0.05849879 0 -0.03969329 0.04671972 0 -0.08340132 -0.002777099 0 0.04449927 0.03220021 0 0.003315567 0.08374255 0 0.04149907 0.04270744 0 0.05146402 0.03888988 0 0.0539714 -0.04195302 0 0.05551922 -0.03856253 0 0.05262619 0.04089909 0 -0.003315567 0.0762574 0 -0.01023846 0.06993293 0 0.04433441 0.03015774 0 -0.07659858 0.002777099 0 0.05526733 -0.04354029 0 0.0535115 0.03897243 0 -0.06963306 0.0100733 0 -0.04514819 0.03414386 0 -0.04270744 0.04149907 0 0.05421346 0.04219508 0 0.05737048 -0.03768408 0 -0.0826379 -0.003510415 0 0.04466313 0.02813512 0 0.002034127 0.05274695 0 -0.05615925 0.02268016 0 0.004114866 0.08284032 0 0.05614578 -0.04539155 0 0.05895775 -0.03638815 0 0.05551922 0.03856253 0 -0.05773532 0.02061378 0 0.05544447 0.04383325 0 -0.07603281 0.001882374 0 0.03708815 -0.06599521 0 0.02576404 -0.06331807 0 -0.02029132 0.0576204 0 -0.04026341 0.04475152 0 0.05737048 0.03768408 0 0.05624765 0.04571837 0 0.03638619 -0.0667876 0 0.02609276 -0.06534069 0 -0.08172112 -0.004039704 0 0.03795933 -0.06539386 0 0.04219508 -0.05421346 0 0.05895775 0.03638815 0 0.05657637 0.04774099 0 0.00467503 0.08177298 0 0.03589421 -0.06772488 0 0.0259279 -0.06738317 0 -0.06771713 0.009346663 0 -0.04449927 0.03220021 0 -0.04128795 0.04297691 0 -0.04340136 -0.06650489 0 -0.04739928 -0.05655568 0 -0.04944676 -0.05647313 0 0.05655568 -0.04739928 0 -0.04263788 -0.06577157 0 0.03894913 -0.06501847 0 -0.04539155 -0.05614578 0 -0.0756976 8.78333e-4 0 -0.04396712 -0.06739956 0 0.03564089 -0.0687527 0 -0.04172116 -0.06524229 0 0.03999996 -0.06489092 0 0.04383325 -0.05544447 0 -0.05419099 0.02211004 0 -0.04430234 -0.06840366 0 0.03564089 -0.06981128 0 -0.05724489 0.01862424 0 0.02527898 -0.06932681 0 -0.04070436 -0.06494778 0 -0.04354029 -0.05526733 0 -0.01828366 0.0572105 0 -0.04438751 -0.06945884 0 0.04105085 -0.06501847 0 0.04571837 -0.05624765 0 -0.03964662 -0.06490516 0 -0.04195302 -0.0539714 0 0.03589421 -0.0708391 0 0.0241838 -0.07105875 0 -0.06568294 0.009099662 0 -0.07561242 -1.76812e-4 0 0.01691567 -0.07415539 0 0.01490801 -0.07374548 0 -0.03860944 -0.06511688 0 -0.04072201 -0.05233323 0 -0.04433441 0.03015774 0 -0.0442177 -0.07050371 0 -0.04380279 -0.07147753 0 0.04204064 -0.06539386 0 -0.05214357 0.02202755 0 -0.03765308 -0.06557071 0 -0.04316681 -0.07232385 0 0.03638619 -0.07177644 0 0.04291182 -0.06599521 0 0.04774099 -0.05657637 0 0.03708815 -0.07256877 0 -0.05724489 0.01657509 0 0.02270597 -0.07247817 0 -0.04234689 -0.07299333 0 0.04361379 -0.0667876 0 0.04978346 -0.05641144 0 0.07412099 -0.01862424 0 -0.04139047 -0.0734471 0 0.08380275 -0.002195537 0 0.08316683 -0.003041803 0 0.08234685 -0.003711283 0 0.0441057 -0.06772488 0 0.05172711 -0.05576258 0 -0.005636513 0.0673623 0 -0.009435236 0.06804776 0 0.06018877 0.03474998 0 0.06099194 0.0328648 0 0.04435908 -0.0687527 0 -0.00699532 0.0658285 0 -0.009106576 0.06602519 0 -0.05013585 0.02243739 0 -0.003950119 0.06852632 0 -0.002323567 0.07557272 0 -0.05773532 0.01458555 0 -0.007947623 0.06401413 0 -0.009271442 0.06398272 0 0.02093136 -0.07350277 0 0.01896315 -0.07407283 0 0.07363057 -0.02061378 0 0.07267832 -0.02242821 0 0.07131946 -0.02396202 0 0.05979478 0.02372992 0 0.05941164 0.02512419 0 0.0579338 0.0237047 0 0.04204064 -0.07317012 0 0.04105085 -0.07354551 0 0.03999996 -0.07367312 0 0.03894913 -0.07354551 0 0.03795933 -0.07317012 0 -0.02396202 -0.06004637 0 -0.03991883 -0.05044806 0 0.06018877 -0.03474998 0 -0.02242821 -0.05868756 0 -0.03959012 -0.04842549 0 0.04435908 -0.06981128 0 0.0441057 -0.0708391 0 0.04361379 -0.07177644 0 0.04291182 -0.07256877 0 -0.002034127 0.06925296 0 -0.001196563 0.07514524 0 0.05849879 0.02214264 0 0.05615925 0.02268016 0 0.05647313 -0.04944676 0 0.05590307 -0.05141496 0 0.06143295 0.02496087 0 0.06050688 0.02685606 0 -0.008437991 0.06202453 0 0.05487847 -0.05318951 0 -0.02512603 -0.06173276 0 0.05345904 -0.05466735 0 -0.009920358 0.06203901 0 0 0.06949996 0 0 0.07499998 0 0.001196563 0.07514524 0 -0.02061378 -0.05773532 0 -0.03975498 -0.04638302 0 -0.008437991 0.05997538 0 -0.01101553 0.06030714 0 0.0576204 0.02029132 0 0.05419099 0.02211004 0 0.002034127 0.06925296 0 0.002323567 0.07557272 0 0.06331807 0.02576404 0 0.06115573 0.02879977 0 -0.007947623 0.05798584 0 -0.01249337 0.05888766 0 -0.02585268 -0.06364876 0 -0.0368331 -0.06624019 0 -0.03619718 -0.06708645 0 -0.01862424 -0.05724489 0 0.003950119 0.06852632 0 0.003315567 0.0762574 0 0.0572105 0.01828366 0 0.05214357 0.02202755 0 -0.00699532 0.05617141 0 -0.01426798 0.05786311 0 0.06534069 0.02609276 0 0.06132066 0.03084224 0 -0.02609968 -0.06568294 0 -0.03578221 -0.06806033 0 -0.005636513 0.05463761 0 -0.01623618 0.05729299 0 0.05729299 0.01623618 0 0.05013585 0.02243739 0 -0.07157111 -0.01146942 0 -0.07683312 -0.003041803 0 -0.07765311 -0.003711283 0 -0.07860946 -0.004165112 0 0.06738317 0.0259279 0 -0.02585268 -0.06771713 0 -0.03561246 -0.0691052 0 -0.03569763 -0.07016032 0 0.01123732 0.07131946 0 0.00467503 0.07822692 0 0.004114866 0.07715964 0 0.01277112 0.07267832 0 0.004963517 0.07939732 0 0.05786311 0.01426798 0 -0.07286703 -0.01305669 0 -0.07964664 -0.004376828 0 0.06932681 0.02527898 0 -0.06993293 -0.01023846 0 -0.0761972 -0.002195537 0 -0.02512603 -0.06963306 0 -0.03603285 -0.07116442 0 0.0100733 0.06963306 0 0.005636513 0.0673623 0 0.01458555 0.07363057 0 0.004963517 0.08060264 0 -0.07374548 -0.01490801 0 -0.08070433 -0.004334211 0 -0.02396202 -0.07131946 0 -0.03659862 -0.07205915 0 -0.06804776 -0.009435236 0 -0.07578223 -0.001221656 0 -0.005636513 -0.05463761 0 -0.01657509 -0.05724489 0 -0.01458555 -0.05773532 0 0.009346663 0.06771713 0 0.00699532 0.0658285 0 -0.00699532 -0.05617141 0 -0.01277112 -0.05868756 0 0.01657509 0.07412099 0 -0.03736203 -0.07279247 0 -0.03827881 -0.07332175 0 -0.003950119 0.05347359 0 -0.04466313 0.02813512 0 -0.03929561 -0.07361626 0 -0.04035329 -0.07365888 0 -0.003950119 -0.05347359 0 -0.07415539 -0.01691567 0 -0.06602519 -0.009106576 0 -0.007947623 -0.05798584 0 -0.01123732 -0.06004637 0 0.009099662 0.06568294 0 -0.002034127 -0.05274695 0 0.007947623 0.06401413 0 0.01862424 0.07412099 0 -0.04466313 -0.02813512 0 -0.07407283 -0.01896315 0 -0.008437991 -0.05997538 0 -0.002034127 0.05274695 0 -0.0100733 -0.06173276 0 -0.06398272 -0.009271442 0 -0.06364876 0.009346663 0 0.009346663 0.06364876 0 0.008437991 0.06202453 0 0.02061378 0.07363057 0 -0.07350277 -0.02093136 0 -0.008437991 -0.06202453 0 -0.009346663 -0.06364876 0 -0.06203901 -0.009920358 0 0.07105875 0.0241838 0 0.07247817 0.02270597 0 -0.06173276 0.0100733 0 0.0100733 0.06173276 0 0.008437991 0.05997538 0 -0.007947623 -0.06401413 0 -0.009099662 -0.06568294 0 -0.07247817 -0.02270597 0 -0.06030714 -0.01101553 0 -0.06004637 0.01123732 0 0.01123732 0.06004637 0 0.007947623 0.05798584 0 -0.00699532 -0.0658285 0 -0.009346663 -0.06771713 0 0.01277112 0.05868756 0 0.00699532 0.05617141 0 -0.07105875 -0.0241838 0 0.01458555 0.05773532 0 0.005636513 0.05463761 0 -0.005636513 -0.0673623 0 -0.0100733 -0.06963306 0 -0.003950119 -0.06852632 0 -0.01123732 -0.07131946 -0.0119245 0.001558303 0.08059096 -0.01240557 8.27257e-4 0.08010041 -0.0119245 0.001654505 0.07979905 -0.00999999 0.004963517 0.08060264 -0.01096218 0.003309011 0.07959818 -0.00999999 0.004963517 0.07939732 -0.00999999 0.00467503 0.07822692 -0.0119245 -0.001558303 0.08059096 -0.01240557 -8.27257e-4 0.07989954 -0.0119245 -0.001105189 0.0812475 -0.01096218 0.002743244 0.0781064 -0.0119245 0.001371622 0.07905322 -0.0119245 -0.001654505 0.07979905 -0.0119245 -0.001371622 0.07905322 -0.01240557 -7.7918e-4 0.07970446 -0.0119245 -7.74539e-4 0.07852423 -0.0128867 0 0.07999998 -0.0119245 -5.2778e-4 0.07841908 -0.00999999 0 0.07499998 -0.01096218 -0.001549065 0.07704848 -0.01240557 -1.00447e-4 0.08082723 -0.0119245 0.001105189 0.0812475 -0.0119245 3.98859e-4 0.08161818 -0.0119245 -3.98859e-4 0.08161818 -0.00999999 0.004114866 0.08284032 -0.01096218 0.003116667 0.081182 -0.00999999 0.00467503 0.08177298 -0.00999999 0.002323567 0.08442723 -0.01096218 0.002210378 0.08249503 -0.00999999 0.003315567 0.08374255 -0.00999999 0 0.08499997 -0.01096218 7.97719e-4 0.08323645 -0.00999999 0.001196563 0.08485466 -0.00999999 -0.002323567 0.08442723 -0.01096218 -7.97719e-4 0.08323645 -0.00999999 -0.001196563 0.08485466 -0.00999999 -0.004114866 0.08284032 -0.01096218 -0.002210378 0.08249503 -0.00999999 -0.003315567 0.08374255 -0.01096218 -0.003116667 0.081182 -0.00999999 -0.004963517 0.08060264 -0.00999999 -0.00467503 0.08177298 -0.00999999 -0.00467503 0.07822692 -0.01096218 -0.003309011 0.07959818 -0.00999999 -0.004963517 0.07939732 -0.00999999 0.003315567 0.0762574 -0.01096218 0.001549065 0.07704848 -0.00999999 0.002323567 0.07557272 -0.00999999 0.001196563 0.07514524 -0.00999999 -0.003315567 0.0762574 -0.01096218 -0.002743244 0.0781064 -0.00999999 -0.004114866 0.07715964 -0.00999999 -0.001196563 0.07514524 -0.00999999 -0.002323567 0.07557272 -0.0119245 5.2778e-4 0.07841908 -0.0119245 7.74539e-4 0.07852423 -0.00999999 0.004114866 0.07715964 -0.01240557 7.7918e-4 0.07970446 -0.01240557 8.27257e-4 0.07989954 -0.0115 0.07114285 -0.01693671 -0.02349996 0.07114285 -0.01693671 -0.0115 0.07114285 -0.01826262 -0.02349996 0.07082551 -0.01564931 -0.02349996 0.07114285 -0.01826262 -0.0115 0.07082551 -0.01955002 -0.0115 0.06568294 -0.02309966 -0.02349996 0.06568294 -0.02309966 -0.0115 0.06436669 -0.02293986 -0.02349996 0.07082551 -0.01955002 -0.0115 0.07020932 -0.02072399 -0.02349996 0.06436669 -0.02293986 -0.0115 0.06312698 -0.02246969 -0.02349996 0.07020932 -0.02072399 -0.0115 0.06933009 -0.02171647 -0.02349996 0.06312698 -0.02246969 -0.0115 0.06203573 -0.02171647 -0.02349996 0.06933009 -0.02171647 -0.0115 0.06823891 -0.02246969 -0.02349996 0.06203573 -0.02171647 -0.0115 0.06115651 -0.02072399 -0.02349996 0.06823891 -0.02246969 -0.0115 0.06699919 -0.02293986 -0.02349996 0.06115651 -0.02072399 -0.0115 0.06054031 -0.01955002 -0.02349996 0.06699919 -0.02293986 -0.02349996 0.06054031 -0.01955002 -0.0115 0.06022304 -0.01826262 -0.02349996 0.06022304 -0.01826262 -0.02349996 0.06022304 -0.01693671 -0.0115 0.06022304 -0.01693671 -0.02349996 0.06054031 -0.01564931 -0.0115 0.06054031 -0.01564931 -0.02349996 0.06115651 -0.01447528 -0.0115 0.06115651 -0.01447528 -0.0115 0.06203573 -0.01348286 -0.02349996 0.06203573 -0.01348286 -0.0115 0.06312698 -0.01272964 -0.02349996 0.06312698 -0.01272964 -0.0115 0.06436669 -0.01225948 -0.02349996 0.06436669 -0.01225948 -0.0115 0.06568294 -0.01209968 -0.02349996 0.06568294 -0.01209968 -0.0115 0.06699919 -0.01225948 -0.02349996 0.06699919 -0.01225948 -0.0115 0.06823891 -0.01272964 -0.02349996 0.06823891 -0.01272964 -0.0115 0.06933009 -0.01348286 -0.02349996 0.06933009 -0.01348286 -0.0115 0.07020932 -0.01447528 -0.02349996 0.07020932 -0.01447528 -0.0115 0.07082551 -0.01564931 -0.0115 0.06173276 -0.0100733 -0.0115 0.07267832 -0.02242821 -0.0115 0.07363057 -0.02061378 -0.0115 0.06364876 -0.009346663 -0.0115 0.06004637 -0.02396202 -0.0115 0.05868756 -0.02242821 -0.0115 0.06364876 -0.02585268 -0.0115 0.06173276 -0.02512603 -0.0115 0.07412099 -0.01862424 -0.0115 0.05773532 -0.02061378 -0.0115 0.05724489 -0.01862424 -0.0115 0.06568294 -0.009099662 -0.0115 0.06568294 -0.02609968 -0.0115 0.06771713 -0.02585268 -0.0115 0.07412099 -0.01657509 -0.0115 0.05724489 -0.01657509 -0.0115 0.06771713 -0.009346663 -0.0115 0.07363057 -0.01458555 -0.0115 0.06963306 -0.0100733 -0.0115 0.05773532 -0.01458555 -0.0115 0.07267832 -0.01277112 -0.0115 0.06963306 -0.02512603 -0.0115 0.07131946 -0.01123732 -0.0115 0.05868756 -0.01277112 -0.0115 0.07131946 -0.02396202 -0.0115 0.06004637 -0.01123732 -0.02349996 0.07016307 0.02078998 -0.02349996 0.07078897 0.01964384 -0.0115 0.07074284 0.01975548 -0.0115 0.07111173 0.01848191 -0.0115 0.06843292 0.01283651 -0.02349996 0.06843292 0.01283651 -0.0115 0.06721311 0.01231682 -0.02349996 0.07112693 0.01838243 -0.0115 0.07116508 0.01715707 -0.02349996 0.06719893 0.01231271 -0.0115 0.06590443 0.01210415 -0.02349996 0.07115805 0.01707684 -0.0115 0.0708999 0.01585799 -0.02349996 0.06587487 0.01210302 -0.0115 0.06458282 0.01221084 -0.02349996 0.07088041 0.01580077 -0.0115 0.07033145 0.01466012 -0.02349996 0.06453943 0.01221984 -0.0115 0.0633251 0.0126307 -0.02349996 0.07030981 0.01462614 -0.0115 0.06949293 0.01363307 -0.02349996 0.06947839 0.01361912 -0.02349996 0.06327188 0.01265633 -0.0115 0.06220448 0.01333934 -0.02349996 0.06214761 0.01338642 -0.0115 0.06128597 0.01429557 -0.02349996 0.06123334 0.01436686 -0.0115 0.06062304 0.01544386 -0.02349996 0.06058341 0.01553934 -0.0115 0.06025415 0.01671743 -0.02349996 0.06023645 0.01683419 -0.0115 0.06020075 0.01804226 -0.02349996 0.06021308 0.01817458 -0.0115 0.06046599 0.01934134 -0.02349996 0.06051462 0.01948076 -0.0115 0.06103438 0.02053922 -0.02349996 0.06112325 0.02067524 -0.0115 0.06187295 0.02156627 -0.02349996 0.06200271 0.02168697 -0.0115 0.06293296 0.02236282 -0.02349996 0.06310081 0.02245587 -0.0115 0.06415271 0.02288252 -0.02349996 0.06435239 0.02293628 -0.0115 0.06546145 0.02309519 -0.02349996 0.06568294 0.02309966 -0.0115 0.06678307 0.02298849 -0.02349996 0.06697958 0.02294462 -0.0115 0.06804072 0.02256864 -0.02349996 0.06820321 0.02248829 -0.0115 0.06916141 0.02186 -0.02349996 0.06928467 0.02175629 -0.0115 0.07007986 0.02090376 -0.0115 0.07286703 0.01305669 -0.0115 0.07374548 0.01490801 -0.0115 0.06331807 0.02576404 -0.0115 0.06143295 0.02496087 -0.0115 0.07415539 0.01691567 -0.0115 0.06030714 0.01101553 -0.0115 0.05888766 0.01249337 -0.0115 0.06534069 0.02609276 -0.0115 0.06203901 0.009920358 -0.0115 0.07407283 0.01896315 -0.0115 0.05786311 0.01426798 -0.0115 0.05729299 0.01623618 -0.0115 0.06738317 0.0259279 -0.0115 0.06398272 0.009271442 -0.0115 0.07350277 0.02093136 -0.0115 0.06932681 0.02527898 -0.0115 0.07247817 0.02270597 -0.0115 0.06602519 0.009106576 -0.0115 0.07105875 0.0241838 -0.0115 0.0572105 0.01828366 -0.0115 0.06804776 0.009435236 -0.0115 0.0576204 0.02029132 -0.0115 0.06993293 0.01023846 -0.0115 0.05849879 0.02214264 -0.0115 0.07157111 0.01146942 -0.0115 0.05979478 0.02372992 -0.02349996 0.04935163 0.05343496 -0.02349996 0.05055165 0.05299824 -0.0115 0.05023902 0.05314314 -0.0115 0.05138731 0.05248016 -0.02349996 0.05161857 0.05229645 -0.0115 0.05234354 0.05156171 -0.0115 0.05284637 0.0453332 -0.02349996 0.05284637 0.0453332 -0.0115 0.05204987 0.04427325 -0.02349996 0.05249494 0.05136758 -0.0115 0.05305218 0.05044102 -0.02349996 0.05203175 0.04425448 -0.0115 0.05102276 0.04343467 -0.02349996 0.05313342 0.05026167 -0.0115 0.0534721 0.04918336 -0.02349996 0.0509786 0.04340702 -0.0115 0.04982489 0.04286628 -0.02349996 0.05349969 0.04903829 -0.0115 0.05357879 0.04786175 -0.02349996 0.04975056 0.04284203 -0.0115 0.04852581 0.04260104 -0.02349996 0.0535739 0.04776346 -0.0115 0.05336606 0.04655301 -0.02349996 0.0484218 0.04259365 -0.0115 0.04720097 0.04265445 -0.02349996 0.05335217 0.0465058 -0.02349996 0.04707258 0.04267686 -0.0115 0.0459274 0.04302334 -0.02349996 0.04578447 0.04308664 -0.0115 0.04477918 0.04368633 -0.02349996 0.04463517 0.04379826 -0.0115 0.04382288 0.04460477 -0.02349996 0.04369413 0.04476875 -0.0115 0.04311424 0.0457254 -0.02349996 0.04301828 0.04593938 -0.0115 0.04269438 0.04698312 -0.02349996 0.04264831 0.0472396 -0.0115 0.04258769 0.04830467 -0.02349996 0.04260671 0.04859071 -0.0115 0.04280036 0.04961341 -0.02349996 0.04289591 0.0499112 -0.0115 0.04332011 0.05083322 -0.02349996 0.04349839 0.05112123 -0.0115 0.04411661 0.05189323 -0.02349996 0.04437792 0.0521478 -0.0115 0.04514366 0.05273181 -0.02349996 0.0454812 0.0529288 -0.0115 0.04634153 0.0533002 -0.02349996 0.04674172 0.05341708 -0.0115 0.04764068 0.05356538 -0.02349996 0.04808324 0.05358326 -0.0115 0.04896551 0.05351203 -0.0115 0.04539155 0.05614578 -0.0115 0.04354029 0.05526733 -0.0115 0.05544447 0.04383325 -0.0115 0.05624765 0.04571837 -0.0115 0.04297691 0.04128795 -0.0115 0.04149907 0.04270744 -0.0115 0.04739928 0.05655568 -0.0115 0.0404039 0.04443931 -0.0115 0.05657637 0.04774099 -0.0115 0.04671972 0.03969329 -0.0115 0.04475152 0.04026341 -0.0115 0.04944676 0.05647313 -0.0115 0.03975498 0.04638302 -0.0115 0.03959012 0.04842549 -0.0115 0.05641144 0.04978346 -0.0115 0.05141496 0.05590307 -0.0115 0.05576258 0.05172711 -0.0115 0.05318951 0.05487847 -0.0115 0.05077493 0.0400207 -0.0115 0.0487672 0.0396108 -0.0115 0.05466735 0.05345904 -0.0115 0.03991883 0.05044806 -0.0115 0.04072201 0.05233323 -0.0115 0.05262619 0.04089909 -0.0115 0.04195302 0.0539714 -0.0115 0.05421346 0.04219508 -0.02349996 0.01624947 0.07101464 -0.02349996 0.0175997 0.0711829 -0.0115 0.01693671 0.07114285 -0.0115 0.01826262 0.07114285 -0.02349996 0.01882356 0.07104504 -0.0115 0.01955002 0.07082551 -0.0115 0.02309966 0.06568294 -0.02349996 0.02309966 0.06568294 -0.0115 0.02293986 0.06436669 -0.02349996 0.01998603 0.07063823 -0.0115 0.02072399 0.07020932 -0.02349996 0.02293139 0.06433278 -0.0115 0.02246969 0.06312698 -0.02349996 0.02102887 0.069983 -0.0115 0.02171647 0.06933009 -0.02349996 0.02243679 0.06306523 -0.0115 0.02171647 0.06203573 -0.02349996 0.02189975 0.06911212 -0.0115 0.02246969 0.06823891 -0.02349996 0.02164614 0.06195789 -0.0115 0.02072399 0.06115651 -0.02349996 0.02255499 0.06806927 -0.0115 0.02293986 0.06699919 -0.02349996 0.02060788 0.06107848 -0.0115 0.01955002 0.06054031 -0.02349996 0.02296179 0.0669068 -0.02349996 0.01938551 0.06048095 -0.0115 0.01826262 0.06022304 -0.02349996 0.01805382 0.0602017 -0.0115 0.01693671 0.06022304 -0.02349996 0.01669442 0.06025797 -0.0115 0.01564931 0.06054031 -0.02349996 0.01539033 0.06064617 -0.0115 0.01447528 0.06115651 -0.02349996 0.01422148 0.06134265 -0.0115 0.01348286 0.06203573 -0.02349996 0.01325941 0.06230479 -0.0115 0.01272964 0.06312698 -0.02349996 0.01256293 0.06347358 -0.0115 0.01225948 0.06436669 -0.02349996 0.01217466 0.06477767 -0.0115 0.01209968 0.06568294 -0.02349996 0.01211845 0.06613713 -0.0115 0.01225948 0.06699919 -0.02349996 0.01239764 0.06746876 -0.0115 0.01272964 0.06823891 -0.02349996 0.01299524 0.06869113 -0.0115 0.01348286 0.06933009 -0.02349996 0.01387465 0.06972944 -0.0115 0.01447528 0.07020932 -0.02349996 0.01498192 0.07052004 -0.0115 0.01564931 0.07082551 -0.0115 0.02512603 0.06173276 -0.0115 0.02585268 0.06364876 -0.0115 0.01657509 0.07412099 -0.0115 0.01458555 0.07363057 -0.0115 0.01123732 0.06004637 -0.0115 0.0100733 0.06173276 -0.0115 0.01277112 0.05868756 -0.0115 0.02609968 0.06568294 -0.0115 0.01458555 0.05773532 -0.0115 0.01862424 0.07412099 -0.0115 0.009346663 0.06364876 -0.0115 0.02585268 0.06771713 -0.0115 0.01657509 0.05724489 -0.0115 0.02061378 0.07363057 -0.0115 0.009099662 0.06568294 -0.0115 0.02512603 0.06963306 -0.0115 0.02242821 0.07267832 -0.0115 0.01862424 0.05724489 -0.0115 0.02396202 0.07131946 -0.0115 0.009346663 0.06771713 -0.0115 0.0100733 0.06963306 -0.0115 0.02061378 0.05773532 -0.0115 0.02242821 0.05868756 -0.0115 0.01123732 0.07131946 -0.0115 0.02396202 0.06004637 -0.0115 0.01277112 0.07267832 -0.02349996 -0.02207982 0.06887322 -0.02349996 -0.02120143 0.06983953 -0.0115 -0.02186 0.06916141 -0.0115 -0.02090376 0.07007986 -0.02349996 -0.0201199 0.07057154 -0.0115 -0.01975548 0.07074284 -0.02349996 -0.01889634 0.07102787 -0.0115 -0.01848191 0.07111173 -0.02349996 -0.01283651 0.06843292 -0.02349996 -0.01232242 0.06723248 -0.0115 -0.01283651 0.06843292 -0.0115 -0.01231682 0.06721311 -0.02349996 -0.0175997 0.0711829 -0.0115 -0.01715707 0.07116508 -0.02349996 -0.01210588 0.06594461 -0.0115 -0.01210415 0.06590443 -0.02349996 -0.01645612 0.07106274 -0.0115 -0.01585799 0.0708999 -0.02349996 -0.01219904 0.06464207 -0.0115 -0.01221084 0.06458282 -0.02349996 -0.01536262 0.07070744 -0.0115 -0.01466012 0.07033145 -0.02349996 -0.01259666 0.06339812 -0.0115 -0.0126307 0.0633251 -0.02349996 -0.01436686 0.07013255 -0.0115 -0.01363307 0.06949293 -0.02349996 -0.01327639 0.06228303 -0.0115 -0.01333934 0.06220448 -0.02349996 -0.01351237 0.06936317 -0.02349996 -0.01419979 0.06135964 -0.0115 -0.01429557 0.06128597 -0.02349996 -0.01531487 0.06067997 -0.0115 -0.01544386 0.06062304 -0.02349996 -0.01655876 0.06028234 -0.0115 -0.01671743 0.06025415 -0.02349996 -0.01786136 0.06018918 -0.0115 -0.01804226 0.06020075 -0.02349996 -0.01914918 0.06040573 -0.0115 -0.01934134 0.06046599 -0.02349996 -0.02034968 0.06091982 -0.0115 -0.02053922 0.06103438 -0.02349996 -0.02139508 0.06170237 -0.0115 -0.02156627 0.06187295 -0.02349996 -0.02222657 0.06270939 -0.0115 -0.02236282 0.06293296 -0.02349996 -0.02279716 0.06388407 -0.0115 -0.02288252 0.06415271 -0.02349996 -0.02307474 0.06516015 -0.0115 -0.02309519 0.06546145 -0.02349996 -0.02304369 0.06646567 -0.0115 -0.02298849 0.06678307 -0.02349996 -0.02270567 0.06772708 -0.0115 -0.02256864 0.06804072 -0.0115 -0.009920358 0.06203901 -0.0115 -0.009271442 0.06398272 -0.0115 -0.01896315 0.07407283 -0.0115 -0.02093136 0.07350277 -0.0115 -0.02214264 0.05849879 -0.0115 -0.02372992 0.05979478 -0.0115 -0.02496087 0.06143295 -0.0115 -0.02029132 0.0576204 -0.0115 -0.02576404 0.06331807 -0.0115 -0.02609276 0.06534069 -0.0115 -0.009106576 0.06602519 -0.0115 -0.01691567 0.07415539 -0.0115 -0.01623618 0.05729299 -0.0115 -0.01828366 0.0572105 -0.0115 -0.009435236 0.06804776 -0.0115 -0.01490801 0.07374548 -0.0115 -0.01023846 0.06993293 -0.0115 -0.0259279 0.06738317 -0.0115 -0.01305669 0.07286703 -0.0115 -0.01146942 0.07157111 -0.0115 -0.01426798 0.05786311 -0.0115 -0.02527898 0.06932681 -0.0115 -0.0241838 0.07105875 -0.0115 -0.01249337 0.05888766 -0.0115 -0.01101553 0.06030714 -0.0115 -0.02270597 0.07247817 -0.02349996 -0.05355054 0.04748445 -0.02349996 -0.05353617 0.04880112 -0.0115 -0.05356538 0.04764068 -0.0115 -0.05351203 0.04896551 -0.02349996 -0.0532093 0.05007666 -0.0115 -0.05314314 0.05023902 -0.02349996 -0.05258858 0.05123788 -0.0115 -0.05248016 0.05138731 -0.02349996 -0.0453332 0.05284637 -0.02349996 -0.04427993 0.05205625 -0.0115 -0.0453332 0.05284637 -0.0115 -0.04427325 0.05204987 -0.02349996 -0.05170965 0.05221837 -0.0115 -0.05156171 0.05234354 -0.02349996 -0.04344457 0.05103838 -0.0115 -0.04343467 0.05102276 -0.02349996 -0.05062288 0.05296176 -0.0115 -0.05044102 0.05305218 -0.02349996 -0.04939049 0.05342561 -0.0115 -0.04918336 0.0534721 -0.02349996 -0.04287511 0.04985117 -0.0115 -0.04286628 0.04982489 -0.02349996 -0.04808324 0.05358326 -0.0115 -0.04786175 0.05357879 -0.02349996 -0.04260414 0.04856258 -0.0115 -0.04260104 0.04852581 -0.02349996 -0.0471282 0.05349969 -0.0115 -0.04655301 0.05336606 -0.02349996 -0.04264724 0.04724657 -0.0115 -0.04265445 0.04720097 -0.02349996 -0.04620212 0.05325156 -0.02349996 -0.04300189 0.04597848 -0.0115 -0.04302334 0.0459274 -0.02349996 -0.04364776 0.04483103 -0.0115 -0.04368633 0.04477918 -0.02349996 -0.04454791 0.04386997 -0.0115 -0.04460477 0.04382288 -0.02349996 -0.04565066 0.04315042 -0.0115 -0.0457254 0.04311424 -0.02349996 -0.04689282 0.04271358 -0.0115 -0.04698312 0.04269438 -0.02349996 -0.04820322 0.04258453 -0.0115 -0.04830467 0.04258769 -0.02349996 -0.04950672 0.04277062 -0.0115 -0.04961341 0.04280036 -0.02349996 -0.05072867 0.04326122 -0.0115 -0.05083322 0.04332011 -0.02349996 -0.05179899 0.04402822 -0.0115 -0.05189323 0.04411661 -0.02349996 -0.05265635 0.04502761 -0.0115 -0.05273181 0.04514366 -0.02349996 -0.05325156 0.04620212 -0.0115 -0.0533002 0.04634153 -0.0115 -0.04128795 0.04297691 -0.0115 -0.04026341 0.04475152 -0.0115 -0.04978346 0.05641144 -0.0115 -0.05172711 0.05576258 -0.0115 -0.0539714 0.04195302 -0.0115 -0.05526733 0.04354029 -0.0115 -0.05614578 0.04539155 -0.0115 -0.05233323 0.04072201 -0.0115 -0.03969329 0.04671972 -0.0115 -0.05044806 0.03991883 -0.0115 -0.05655568 0.04739928 -0.0115 -0.04774099 0.05657637 -0.0115 -0.04842549 0.03959012 -0.0115 -0.0396108 0.0487672 -0.0115 -0.05647313 0.04944676 -0.0115 -0.04571837 0.05624765 -0.0115 -0.0400207 0.05077493 -0.0115 -0.04638302 0.03975498 -0.0115 -0.04383325 0.05544447 -0.0115 -0.05590307 0.05141496 -0.0115 -0.04089909 0.05262619 -0.0115 -0.04443931 0.0404039 -0.0115 -0.04219508 0.05421346 -0.0115 -0.05487847 0.05318951 -0.0115 -0.04270744 0.04149907 -0.0115 -0.05345904 0.05466735 -0.0115 -0.07114285 0.01693671 -0.02349996 -0.07114285 0.01693671 -0.0115 -0.07114285 0.01826262 -0.02349996 -0.07114285 0.01826262 -0.0115 -0.07082551 0.01955002 -0.0115 -0.06568294 0.02309966 -0.02349996 -0.06568294 0.02309966 -0.0115 -0.06436669 0.02293986 -0.02349996 -0.07082551 0.01955002 -0.0115 -0.07020932 0.02072399 -0.02349996 -0.06436669 0.02293986 -0.0115 -0.06312698 0.02246969 -0.02349996 -0.07020932 0.02072399 -0.0115 -0.06933009 0.02171647 -0.02349996 -0.06312698 0.02246969 -0.0115 -0.06203573 0.02171647 -0.02349996 -0.06933009 0.02171647 -0.0115 -0.06823891 0.02246969 -0.02349996 -0.06203573 0.02171647 -0.0115 -0.06115651 0.02072399 -0.02349996 -0.06823891 0.02246969 -0.0115 -0.06699919 0.02293986 -0.02349996 -0.06699919 0.02293986 -0.02349996 -0.06115651 0.02072399 -0.0115 -0.06054031 0.01955002 -0.02349996 -0.06054031 0.01955002 -0.0115 -0.06022304 0.01826262 -0.02349996 -0.06022304 0.01826262 -0.0115 -0.06022304 0.01693671 -0.02349996 -0.06022304 0.01693671 -0.0115 -0.06054031 0.01564931 -0.02349996 -0.06054031 0.01564931 -0.0115 -0.06115651 0.01447528 -0.02349996 -0.06115651 0.01447528 -0.0115 -0.06203573 0.01348286 -0.02349996 -0.06203573 0.01348286 -0.0115 -0.06312698 0.01272964 -0.02349996 -0.06312698 0.01272964 -0.0115 -0.06436669 0.01225948 -0.02349996 -0.06436669 0.01225948 -0.0115 -0.06568294 0.01209968 -0.02349996 -0.06568294 0.01209968 -0.0115 -0.06699919 0.01225948 -0.02349996 -0.06699919 0.01225948 -0.0115 -0.06823891 0.01272964 -0.02349996 -0.06823891 0.01272964 -0.0115 -0.06933009 0.01348286 -0.02349996 -0.06933009 0.01348286 -0.0115 -0.07020932 0.01447528 -0.02349996 -0.07020932 0.01447528 -0.0115 -0.07082551 0.01564931 -0.02349996 -0.07082551 0.01564931 -0.0115 -0.05868756 0.01277112 -0.0115 -0.05773532 0.01458555 -0.0115 -0.06771713 0.02585268 -0.0115 -0.06963306 0.02512603 -0.0115 -0.07131946 0.01123732 -0.0115 -0.07267832 0.01277112 -0.0115 -0.05724489 0.01657509 -0.0115 -0.06963306 0.0100733 -0.0115 -0.07363057 0.01458555 -0.0115 -0.06771713 0.009346663 -0.0115 -0.06568294 0.02609968 -0.0115 -0.07412099 0.01657509 -0.0115 -0.05724489 0.01862424 -0.0115 -0.06568294 0.009099662 -0.0115 -0.06364876 0.02585268 -0.0115 -0.05773532 0.02061378 -0.0115 -0.07412099 0.01862424 -0.0115 -0.06173276 0.02512603 -0.0115 -0.05868756 0.02242821 -0.0115 -0.06364876 0.009346663 -0.0115 -0.06004637 0.02396202 -0.0115 -0.06173276 0.0100733 -0.0115 -0.07363057 0.02061378 -0.0115 -0.07267832 0.02242821 -0.0115 -0.06004637 0.01123732 -0.0115 -0.07131946 0.02396202 -0.0115 -0.07007986 -0.02090376 -0.02349996 -0.07011836 -0.02085185 -0.0115 -0.07074284 -0.01975548 -0.02349996 -0.06921827 -0.02181291 -0.02349996 -0.07076424 -0.0197044 -0.0115 -0.07111173 -0.01848191 -0.02349996 -0.06843292 -0.01283651 -0.02349996 -0.06756407 -0.01243138 -0.0115 -0.06843292 -0.01283651 -0.0115 -0.06721311 -0.01231682 -0.02349996 -0.07111889 -0.01843637 -0.0115 -0.07116508 -0.01715707 -0.02349996 -0.06663799 -0.01218324 -0.0115 -0.06590443 -0.01210415 -0.02349996 -0.07116198 -0.0171203 -0.0115 -0.0708999 -0.01585799 -0.02349996 -0.06568294 -0.01209968 -0.0115 -0.06458282 -0.01221084 -0.02349996 -0.07089108 -0.01583176 -0.0115 -0.07033145 -0.01466012 -0.02349996 -0.06437569 -0.01225727 -0.0115 -0.0633251 -0.0126307 -0.02349996 -0.07032161 -0.0146445 -0.0115 -0.06949293 -0.01363307 -0.02349996 -0.06948626 -0.01362669 -0.02349996 -0.06314331 -0.01272112 -0.0115 -0.06220448 -0.01333934 -0.02349996 -0.06205654 -0.01346457 -0.0115 -0.06128597 -0.01429557 -0.02349996 -0.06117761 -0.014445 -0.0115 -0.06062304 -0.01544386 -0.02349996 -0.06055688 -0.01560628 -0.0115 -0.06025415 -0.01671743 -0.02349996 -0.06022995 -0.01688176 -0.0115 -0.06020075 -0.01804226 -0.02349996 -0.06021559 -0.01819843 -0.0115 -0.06046599 -0.01934134 -0.02349996 -0.06051462 -0.01948076 -0.0115 -0.06103438 -0.02053922 -0.02349996 -0.06110984 -0.02065533 -0.0115 -0.06187295 -0.02156627 -0.02349996 -0.06196719 -0.02165472 -0.0115 -0.06293296 -0.02236282 -0.02349996 -0.06303751 -0.02242165 -0.0115 -0.06415271 -0.02288252 -0.02349996 -0.0642594 -0.02291226 -0.0115 -0.06546145 -0.02309519 -0.02349996 -0.06556296 -0.02309834 -0.0115 -0.06678307 -0.02298849 -0.02349996 -0.06687337 -0.0229693 -0.0115 -0.06804072 -0.02256864 -0.02349996 -0.06811553 -0.02253246 -0.0115 -0.06916141 -0.02186 -0.0115 -0.05849879 -0.02214264 -0.0115 -0.0576204 -0.02029132 -0.0115 -0.06804776 -0.009435236 -0.0115 -0.06993293 -0.01023846 -0.0115 -0.07105875 -0.0241838 -0.0115 -0.07247817 -0.02270597 -0.0115 -0.07350277 -0.02093136 -0.0115 -0.06932681 -0.02527898 -0.0115 -0.0572105 -0.01828366 -0.0115 -0.06602519 -0.009106576 -0.0115 -0.06738317 -0.0259279 -0.0115 -0.05729299 -0.01623618 -0.0115 -0.07407283 -0.01896315 -0.0115 -0.06398272 -0.009271442 -0.0115 -0.05786311 -0.01426798 -0.0115 -0.06534069 -0.02609276 -0.0115 -0.06203901 -0.009920358 -0.0115 -0.07415539 -0.01691567 -0.0115 -0.05888766 -0.01249337 -0.0115 -0.06030714 -0.01101553 -0.0115 -0.06331807 -0.02576404 -0.0115 -0.07374548 -0.01490801 -0.0115 -0.06143295 -0.02496087 -0.0115 -0.07286703 -0.01305669 -0.0115 -0.05979478 -0.02372992 -0.0115 -0.07157111 -0.01146942 -0.0115 -0.05023902 -0.05314314 -0.02349996 -0.05036801 -0.05308622 -0.0115 -0.05138731 -0.05248016 -0.02349996 -0.04912412 -0.05348384 -0.02349996 -0.05148309 -0.05240654 -0.0115 -0.05234354 -0.05156171 -0.02349996 -0.05284637 -0.0453332 -0.02349996 -0.05217051 -0.04440301 -0.0115 -0.05284637 -0.0453332 -0.0115 -0.05204987 -0.04427325 -0.02349996 -0.05240654 -0.05148309 -0.0115 -0.05305218 -0.05044102 -0.02349996 -0.05131608 -0.04363363 -0.0115 -0.05102276 -0.04343467 -0.02349996 -0.05308622 -0.05036801 -0.0115 -0.0534721 -0.04918336 -0.02349996 -0.05032026 -0.04305875 -0.0115 -0.04982489 -0.04286628 -0.02349996 -0.05348384 -0.04912412 -0.0115 -0.05357879 -0.04786175 -0.02349996 -0.04922676 -0.04270344 -0.0115 -0.04852581 -0.04260104 -0.02349996 -0.053577 -0.04782152 -0.0115 -0.05336606 -0.04655301 -0.02349996 -0.05336046 -0.0465337 -0.02349996 -0.04808324 -0.04258322 -0.0115 -0.04720097 -0.04265445 -0.02349996 -0.04678654 -0.04273825 -0.0115 -0.0459274 -0.04302334 -0.02349996 -0.04556298 -0.04319465 -0.0115 -0.04477918 -0.04368633 -0.02349996 -0.04448151 -0.04392659 -0.0115 -0.04382288 -0.04460477 -0.02349996 -0.04360306 -0.0448929 -0.0115 -0.04311424 -0.0457254 -0.02349996 -0.04297721 -0.0460391 -0.0115 -0.04269438 -0.04698312 -0.02349996 -0.04263919 -0.04730051 -0.0115 -0.04258769 -0.04830467 -0.02349996 -0.04260814 -0.04860603 -0.0115 -0.04280036 -0.04961341 -0.02349996 -0.04288572 -0.04988211 -0.0115 -0.04332011 -0.05083322 -0.02349996 -0.04345631 -0.05105674 -0.0115 -0.04411661 -0.05189323 -0.02349996 -0.0442878 -0.05206376 -0.0115 -0.04514366 -0.05273181 -0.02349996 -0.0453332 -0.05284637 -0.0115 -0.04634153 -0.0533002 -0.02349996 -0.0465337 -0.05336046 -0.0115 -0.04764068 -0.05356538 -0.02349996 -0.04782152 -0.053577 -0.0115 -0.04896551 -0.05351203 -0.0115 -0.05077493 -0.0400207 -0.0115 -0.05262619 -0.04089909 -0.0115 -0.04072201 -0.05233323 -0.0115 -0.03991883 -0.05044806 -0.0115 -0.05318951 -0.05487847 -0.0115 -0.05466735 -0.05345904 -0.0115 -0.05576258 -0.05172711 -0.0115 -0.0487672 -0.0396108 -0.0115 -0.05141496 -0.05590307 -0.0115 -0.05641144 -0.04978346 -0.0115 -0.03959012 -0.04842549 -0.0115 -0.04944676 -0.05647313 -0.0115 -0.04671972 -0.03969329 -0.0115 -0.03975498 -0.04638302 -0.0115 -0.04475152 -0.04026341 -0.0115 -0.05657637 -0.04774099 -0.0115 -0.0404039 -0.04443931 -0.0115 -0.04739928 -0.05655568 -0.0115 -0.04297691 -0.04128795 -0.0115 -0.05624765 -0.04571837 -0.0115 -0.04149907 -0.04270744 -0.0115 -0.04539155 -0.05614578 -0.0115 -0.05544447 -0.04383325 -0.0115 -0.04354029 -0.05526733 -0.0115 -0.05421346 -0.04219508 -0.0115 -0.04195302 -0.0539714 -0.0115 -0.01693671 -0.07114285 -0.02349996 -0.01805382 -0.07116413 -0.0115 -0.01826262 -0.07114285 -0.02349996 -0.01669442 -0.07110792 -0.02349996 -0.01938551 -0.07088494 -0.0115 -0.01955002 -0.07082551 -0.02349996 -0.02309966 -0.06568294 -0.02349996 -0.02296179 -0.06445908 -0.0115 -0.02309966 -0.06568294 -0.0115 -0.02293986 -0.06436669 -0.02349996 -0.02060788 -0.07028734 -0.0115 -0.02072399 -0.07020932 -0.02349996 -0.02255499 -0.06329655 -0.0115 -0.02246969 -0.06312698 -0.02349996 -0.02164614 -0.06940799 -0.0115 -0.02171647 -0.06933009 -0.02349996 -0.02189975 -0.06225371 -0.0115 -0.02171647 -0.06203573 -0.02349996 -0.02243679 -0.06830066 -0.0115 -0.02246969 -0.06823891 -0.02349996 -0.02102887 -0.06138283 -0.0115 -0.02072399 -0.06115651 -0.02349996 -0.02293139 -0.06703311 -0.0115 -0.02293986 -0.06699919 -0.02349996 -0.01998603 -0.06072759 -0.0115 -0.01955002 -0.06054031 -0.02349996 -0.01882356 -0.06032085 -0.0115 -0.01826262 -0.06022304 -0.02349996 -0.0175997 -0.06018292 -0.0115 -0.01693671 -0.06022304 -0.02349996 -0.01624947 -0.06035125 -0.0115 -0.01564931 -0.06054031 -0.02349996 -0.01498192 -0.06084585 -0.0115 -0.01447528 -0.06115651 -0.02349996 -0.01387465 -0.06163644 -0.0115 -0.01348286 -0.06203573 -0.02349996 -0.01299524 -0.0626747 -0.0115 -0.01272964 -0.06312698 -0.02349996 -0.01239764 -0.06389707 -0.0115 -0.01225948 -0.06436669 -0.02349996 -0.01211845 -0.06522876 -0.0115 -0.01209968 -0.06568294 -0.02349996 -0.01217466 -0.06658822 -0.0115 -0.01225948 -0.06699919 -0.02349996 -0.01256293 -0.06789225 -0.0115 -0.01272964 -0.06823891 -0.02349996 -0.01325941 -0.0690611 -0.0115 -0.01348286 -0.06933009 -0.02349996 -0.01422148 -0.07002323 -0.0115 -0.01447528 -0.07020932 -0.02349996 -0.01539033 -0.07071971 -0.0115 -0.01564931 -0.07082551 -0.0115 -0.02061378 -0.05773532 -0.0115 -0.02242821 -0.05868756 -0.0115 -0.0100733 -0.06963306 -0.0115 -0.009346663 -0.06771713 -0.0115 -0.02242821 -0.07267832 -0.0115 -0.02396202 -0.07131946 -0.0115 -0.01862424 -0.05724489 -0.0115 -0.02512603 -0.06963306 -0.0115 -0.02061378 -0.07363057 -0.0115 -0.02585268 -0.06771713 -0.0115 -0.02609968 -0.06568294 -0.0115 -0.009099662 -0.06568294 -0.0115 -0.01657509 -0.05724489 -0.0115 -0.01862424 -0.07412099 -0.0115 -0.009346663 -0.06364876 -0.0115 -0.01458555 -0.05773532 -0.0115 -0.01458555 -0.07363057 -0.0115 -0.01657509 -0.07412099 -0.0115 -0.0100733 -0.06173276 -0.0115 -0.02585268 -0.06364876 -0.0115 -0.01277112 -0.05868756 -0.0115 -0.01123732 -0.06004637 -0.0115 -0.02512603 -0.06173276 -0.0115 -0.01277112 -0.07267832 -0.0115 -0.02396202 -0.06004637 -0.0115 -0.01123732 -0.07131946 -0.02349996 0.02198874 -0.06899744 -0.02349996 0.02104777 -0.06996786 -0.0115 0.02186 -0.06916141 -0.0115 0.02090376 -0.07007986 -0.02349996 0.01989847 -0.07067948 -0.0115 0.01975548 -0.07074284 -0.02349996 0.01861029 -0.07108926 -0.0115 0.01848191 -0.07111173 -0.02349996 0.01283651 -0.06843292 -0.02349996 0.01233071 -0.06726038 -0.0115 0.01283651 -0.06843292 -0.0115 0.01231682 -0.06721311 -0.02349996 0.01726108 -0.07117247 -0.0115 0.01715707 -0.07116508 -0.02349996 0.01210898 -0.06600272 -0.0115 0.01210415 -0.06590443 -0.02349996 0.01593232 -0.0709241 -0.0115 0.01585799 -0.0708999 -0.02349996 0.01218324 -0.06472784 -0.0115 0.01221084 -0.06458282 -0.02349996 0.01470428 -0.07035911 -0.0115 0.01466012 -0.07033145 -0.02349996 0.01254945 -0.06350451 -0.0115 0.0126307 -0.0633251 -0.02349996 0.01365113 -0.06951171 -0.0115 0.01363307 -0.06949293 -0.02349996 0.013188 -0.06239855 -0.0115 0.01333934 -0.06220448 -0.02349996 0.01406431 -0.06146967 -0.0115 0.01429557 -0.06128597 -0.02349996 0.01513129 -0.06076794 -0.0115 0.01544386 -0.06062304 -0.02349996 0.01633131 -0.06033116 -0.0115 0.01671743 -0.06025415 -0.02349996 0.0175997 -0.06018292 -0.0115 0.01804226 -0.06020075 -0.02349996 0.01894122 -0.06034904 -0.0115 0.01934134 -0.06046599 -0.02349996 0.02020168 -0.06083738 -0.0115 0.02053922 -0.06103438 -0.02349996 0.02130502 -0.06161838 -0.0115 0.02156627 -0.06187295 -0.02349996 0.02218449 -0.06264495 -0.0115 0.02236282 -0.06293296 -0.02349996 0.02278703 -0.06385499 -0.0115 0.02288252 -0.06415271 -0.02349996 0.02307623 -0.06517547 -0.0115 0.02309519 -0.06546145 -0.02349996 0.02303457 -0.06652659 -0.0115 0.02298849 -0.06678307 -0.02349996 0.02266466 -0.06782674 -0.0115 0.02256864 -0.06804072 -0.0115 0.0241838 -0.07105875 -0.0115 0.02527898 -0.06932681 -0.0115 0.01426798 -0.05786311 -0.0115 0.01249337 -0.05888766 -0.0115 0.01305669 -0.07286703 -0.0115 0.01146942 -0.07157111 -0.0115 0.01023846 -0.06993293 -0.0115 0.009435236 -0.06804776 -0.0115 0.0259279 -0.06738317 -0.0115 0.01691567 -0.07415539 -0.0115 0.01490801 -0.07374548 -0.0115 0.01623618 -0.05729299 -0.0115 0.009106576 -0.06602519 -0.0115 0.01896315 -0.07407283 -0.0115 0.009271442 -0.06398272 -0.0115 0.02093136 -0.07350277 -0.0115 0.02609276 -0.06534069 -0.0115 0.009920358 -0.06203901 -0.0115 0.01828366 -0.0572105 -0.0115 0.02576404 -0.06331807 -0.0115 0.02270597 -0.07247817 -0.0115 0.02029132 -0.0576204 -0.0115 0.01101553 -0.06030714 -0.0115 0.02496087 -0.06143295 -0.0115 0.02214264 -0.05849879 -0.0115 0.02372992 -0.05979478 -0.02349996 0.05352973 -0.04884868 -0.02349996 0.05318272 -0.05014359 -0.0115 0.05351203 -0.04896551 -0.0115 0.05314314 -0.05023902 -0.02349996 0.05253285 -0.05131608 -0.0115 0.05248016 -0.05138731 -0.02349996 0.05161857 -0.05229645 -0.0115 0.05156171 -0.05234354 -0.02349996 0.0453332 -0.05284637 -0.02349996 0.0442878 -0.05206376 -0.0115 0.0453332 -0.05284637 -0.0115 0.04427325 -0.05204987 -0.02349996 0.05049425 -0.05302661 -0.0115 0.05044102 -0.05305218 -0.02349996 0.04345631 -0.05105674 -0.0115 0.04343467 -0.05102276 -0.02349996 0.04922676 -0.05346304 -0.0115 0.04918336 -0.0534721 -0.02349996 0.04288572 -0.04988211 -0.0115 0.04286628 -0.04982489 -0.02349996 0.04260814 -0.04860603 -0.0115 0.04260104 -0.04852581 -0.02349996 0.04789131 -0.05357986 -0.0115 0.04786175 -0.05357879 -0.02349996 0.04263919 -0.04730051 -0.0115 0.04265445 -0.04720097 -0.02349996 0.04656726 -0.05337017 -0.0115 0.04655301 -0.05336606 -0.02349996 0.04297721 -0.0460391 -0.0115 0.04302334 -0.0459274 -0.02349996 0.04360306 -0.0448929 -0.0115 0.04368633 -0.04477918 -0.02349996 0.04448151 -0.04392659 -0.0115 0.04460477 -0.04382288 -0.02349996 0.04556298 -0.04319465 -0.0115 0.0457254 -0.04311424 -0.02349996 0.04678654 -0.04273825 -0.0115 0.04698312 -0.04269438 -0.02349996 0.04808324 -0.04258322 -0.0115 0.04830467 -0.04258769 -0.02349996 0.0494138 -0.0427466 -0.0115 0.04961341 -0.04280036 -0.02349996 0.05066531 -0.04322701 -0.0115 0.05083322 -0.04332011 -0.02349996 0.05176347 -0.04399591 -0.0115 0.05189323 -0.04411661 -0.02349996 0.05264294 -0.0450077 -0.0115 0.05273181 -0.04514366 -0.02349996 0.05325156 -0.04620212 -0.0115 0.0533002 -0.04634153 -0.02349996 0.0535531 -0.04750829 -0.0115 0.05356538 -0.04764068 -0.0115 0.04638302 -0.03975498 -0.0115 0.04443931 -0.0404039 -0.0115 0.05590307 -0.05141496 -0.0115 0.05647313 -0.04944676 -0.0115 0.04383325 -0.05544447 -0.0115 0.04219508 -0.05421346 -0.0115 0.04842549 -0.03959012 -0.0115 0.04089909 -0.05262619 -0.0115 0.05655568 -0.04739928 -0.0115 0.05044806 -0.03991883 -0.0115 0.0400207 -0.05077493 -0.0115 0.05614578 -0.04539155 -0.0115 0.05233323 -0.04072201 -0.0115 0.04571837 -0.05624765 -0.0115 0.05526733 -0.04354029 -0.0115 0.0396108 -0.0487672 -0.0115 0.03969329 -0.04671972 -0.0115 0.0539714 -0.04195302 -0.0115 0.04774099 -0.05657637 -0.0115 0.04978346 -0.05641144 -0.0115 0.04026341 -0.04475152 -0.0115 0.05172711 -0.05576258 -0.0115 0.04128795 -0.04297691 -0.0115 0.05345904 -0.05466735 -0.0115 0.04270744 -0.04149907 -0.0115 0.05487847 -0.05318951 -0.0115 0.005459845 0.06166291 -0.02349996 0.005459845 0.06166291 -0.0115 0.005459845 0.060337 -0.02349996 0.005142569 0.06295031 -0.02349996 0.005459845 0.060337 -0.0115 0.005142569 0.05904966 -0.0115 0 0.05549997 -0.02349996 0 0.05549997 -0.0115 -0.001316189 0.05565977 -0.02349996 0.005142569 0.05904966 -0.0115 0.004526376 0.05787563 -0.02349996 -0.001316189 0.05565977 -0.0115 -0.002555966 0.05612999 -0.02349996 0.004526376 0.05787563 -0.0115 0.003647148 0.05688315 -0.02349996 -0.002555966 0.05612999 -0.0115 -0.003647148 0.05688315 -0.02349996 0.003647148 0.05688315 -0.0115 0.002555966 0.05612999 -0.02349996 -0.003647148 0.05688315 -0.0115 -0.004526376 0.05787563 -0.02349996 0.002555966 0.05612999 -0.0115 0.001316189 0.05565977 -0.02349996 0.001316189 0.05565977 -0.02349996 -0.004526376 0.05787563 -0.0115 -0.005142569 0.05904966 -0.02349996 -0.005142569 0.05904966 -0.0115 -0.005459845 0.060337 -0.02349996 -0.005459845 0.060337 -0.0115 -0.005459845 0.06166291 -0.02349996 -0.005459845 0.06166291 -0.02349996 -0.005142569 0.06295031 -0.0115 -0.005142569 0.06295031 -0.02349996 -0.004526376 0.06412434 -0.0115 -0.004526376 0.06412434 -0.0115 -0.003647148 0.06511676 -0.02349996 -0.003647148 0.06511676 -0.0115 -0.002555966 0.06586998 -0.02349996 -0.002555966 0.06586998 -0.0115 -0.001316189 0.06634014 -0.02349996 -0.001316189 0.06634014 -0.0115 0 0.0665 -0.02349996 0 0.0665 -0.0115 0.001316189 0.06634014 -0.02349996 0.001316189 0.06634014 -0.0115 0.002555966 0.06586998 -0.02349996 0.002555966 0.06586998 -0.0115 0.003647148 0.06511676 -0.02349996 0.003647148 0.06511676 -0.0115 0.004526376 0.06412434 -0.02349996 0.004526376 0.06412434 -0.0115 0.005142569 0.06295031 -0.0115 -0.002034127 0.06925296 -0.0115 -0.003950119 0.06852632 -0.0115 0.007947623 0.05798584 -0.0115 0.008437991 0.05997538 -0.0115 -0.005636513 0.05463761 -0.0115 -0.00699532 0.05617141 -0.0115 0 0.06949996 -0.0115 -0.007947623 0.05798584 -0.0115 0.008437991 0.06202453 -0.0115 -0.003950119 0.05347359 -0.0115 0.002034127 0.06925296 -0.0115 0 0.05249994 -0.0115 -0.002034127 0.05274695 -0.0115 0.007947623 0.06401413 -0.0115 0.003950119 0.06852632 -0.0115 -0.008437991 0.05997538 -0.0115 0.00699532 0.0658285 -0.0115 0.005636513 0.0673623 -0.0115 -0.008437991 0.06202453 -0.0115 0.002034127 0.05274695 -0.0115 0.003950119 0.05347359 -0.0115 -0.007947623 0.06401413 -0.0115 -0.00699532 0.0658285 -0.0115 0.005636513 0.05463761 -0.0115 -0.005636513 0.0673623 -0.0115 0.00699532 0.05617141 -0.02349996 -0.05155915 0.03585171 -0.02349996 -0.05035912 0.03541493 -0.0115 -0.05067169 0.03555989 -0.0115 -0.04952347 0.03489691 -0.02349996 -0.0492922 0.0347132 -0.0115 -0.04856717 0.0339784 -0.0115 -0.04806441 0.02774995 -0.02349996 -0.04806441 0.02774995 -0.0115 -0.0488609 0.02669 -0.02349996 -0.04841583 0.03378432 -0.0115 -0.04785853 0.03285777 -0.02349996 -0.04887902 0.02667123 -0.0115 -0.04988795 0.02585142 -0.02349996 -0.04777735 0.03267842 -0.0115 -0.04743868 0.03160011 -0.02349996 -0.04993212 0.02582377 -0.0115 -0.05108582 0.02528303 -0.02349996 -0.04741108 0.03145503 -0.0115 -0.04733198 0.0302785 -0.02349996 -0.05116015 0.02525877 -0.0115 -0.05238497 0.02501779 -0.02349996 -0.04733681 0.03018015 -0.0115 -0.04754465 0.02896976 -0.02349996 -0.05248892 0.0250104 -0.0115 -0.0537098 0.0250712 -0.02349996 -0.0475586 0.02892255 -0.02349996 -0.05383813 0.02509361 -0.0115 -0.05498331 0.02544009 -0.02349996 -0.0551263 0.02550339 -0.0115 -0.0561316 0.02610301 -0.02349996 -0.0562756 0.02621501 -0.0115 -0.05708783 0.02702152 -0.02349996 -0.05721664 0.02718549 -0.0115 -0.05779647 0.02814215 -0.02349996 -0.0578925 0.02835613 -0.0115 -0.05821639 0.02939981 -0.02349996 -0.0582624 0.02965635 -0.0115 -0.05832308 0.03072142 -0.02349996 -0.05830407 0.03100746 -0.0115 -0.05811035 0.03203016 -0.02349996 -0.05801486 0.03232795 -0.0115 -0.05759066 0.03324997 -0.02349996 -0.05741232 0.03353798 -0.0115 -0.0567941 0.03430998 -0.02349996 -0.05653285 0.03456455 -0.0115 -0.05576705 0.0351485 -0.02349996 -0.05542951 0.03534555 -0.0115 -0.05456918 0.03571695 -0.02349996 -0.05416905 0.03583383 -0.0115 -0.0532701 0.03598213 -0.02349996 -0.05282753 0.03599995 -0.0115 -0.05194526 0.03592872 -0.0115 -0.05551922 0.03856253 -0.0115 -0.05737048 0.03768408 -0.0115 -0.0454663 0.02625 -0.0115 -0.04466313 0.02813512 -0.0115 -0.0579338 0.0237047 -0.0115 -0.05941164 0.02512419 -0.0115 -0.0535115 0.03897243 -0.0115 -0.06050688 0.02685606 -0.0115 -0.04433441 0.03015774 -0.0115 -0.05419099 0.02211004 -0.0115 -0.05615925 0.02268016 -0.0115 -0.05146402 0.03888988 -0.0115 -0.06115573 0.02879977 -0.0115 -0.06132066 0.03084224 -0.0115 -0.04449927 0.03220021 -0.0115 -0.04949581 0.03831976 -0.0115 -0.04514819 0.03414386 -0.0115 -0.0477212 0.03729522 -0.0115 -0.04624336 0.03587573 -0.0115 -0.05214357 0.02202755 -0.0115 -0.06099194 0.0328648 -0.0115 -0.05013585 0.02243739 -0.0115 -0.06018877 0.03474998 -0.0115 -0.04828459 0.02331584 -0.0115 -0.05895775 0.03638815 -0.0115 -0.04669731 0.02461183 -0.02349996 -0.05730772 -0.02730965 -0.02349996 -0.05642926 -0.02634334 -0.0115 -0.05708783 -0.02702152 -0.0115 -0.0561316 -0.02610301 -0.02349996 -0.0553478 -0.0256114 -0.0115 -0.05498331 -0.02544009 -0.02349996 -0.05412417 -0.025155 -0.0115 -0.0537098 -0.0250712 -0.02349996 -0.04806441 -0.02774995 -0.02349996 -0.04755032 -0.02895045 -0.0115 -0.04806441 -0.02774995 -0.0115 -0.04754465 -0.02896976 -0.02349996 -0.05282753 -0.02499997 -0.0115 -0.05238497 -0.02501779 -0.02349996 -0.04733377 -0.03023827 -0.0115 -0.04733198 -0.0302785 -0.02349996 -0.05168402 -0.02512013 -0.0115 -0.05108582 -0.02528303 -0.02349996 -0.04742693 -0.03154087 -0.0115 -0.04743868 -0.03160011 -0.02349996 -0.05059045 -0.0254755 -0.0115 -0.04988795 -0.02585142 -0.02349996 -0.04782456 -0.03278475 -0.0115 -0.04785853 -0.03285777 -0.02349996 -0.0495947 -0.02605038 -0.0115 -0.0488609 -0.02669 -0.02349996 -0.04850423 -0.03389984 -0.0115 -0.04856717 -0.0339784 -0.02349996 -0.0487402 -0.02681976 -0.02349996 -0.04942762 -0.03482323 -0.0115 -0.04952347 -0.03489691 -0.02349996 -0.05054277 -0.03550297 -0.0115 -0.05067169 -0.03555989 -0.02349996 -0.05178666 -0.03590059 -0.0115 -0.05194526 -0.03592872 -0.02349996 -0.0530892 -0.03599375 -0.0115 -0.0532701 -0.03598213 -0.02349996 -0.05437707 -0.03577721 -0.0115 -0.05456918 -0.03571695 -0.02349996 -0.05557751 -0.03526312 -0.0115 -0.05576705 -0.0351485 -0.02349996 -0.05662298 -0.03448051 -0.0115 -0.0567941 -0.03430998 -0.02349996 -0.0574544 -0.03347349 -0.0115 -0.05759066 -0.03324997 -0.02349996 -0.058025 -0.03229886 -0.0115 -0.05811035 -0.03203016 -0.02349996 -0.05830264 -0.03102278 -0.0115 -0.05832308 -0.03072142 -0.02349996 -0.05827152 -0.02971726 -0.0115 -0.05821639 -0.02939981 -0.02349996 -0.05793356 -0.02845585 -0.0115 -0.05779647 -0.02814215 -0.0115 -0.05615925 -0.02268016 -0.0115 -0.04514819 -0.03414386 -0.0115 -0.04449927 -0.03220021 -0.0115 -0.05737048 -0.03768408 -0.0115 -0.05895775 -0.03638815 -0.0115 -0.05419099 -0.02211004 -0.0115 -0.06018877 -0.03474998 -0.0115 -0.05551922 -0.03856253 -0.0115 -0.06099194 -0.0328648 -0.0115 -0.04433441 -0.03015774 -0.0115 -0.05146402 -0.03888988 -0.0115 -0.0535115 -0.03897243 -0.0115 -0.05214357 -0.02202755 -0.0115 -0.06132066 -0.03084224 -0.0115 -0.04466313 -0.02813512 -0.0115 -0.05013585 -0.02243739 -0.0115 -0.06115573 -0.02879977 -0.0115 -0.0454663 -0.02625 -0.0115 -0.04828459 -0.02331584 -0.0115 -0.04949581 -0.03831976 -0.0115 -0.04669731 -0.02461183 -0.0115 -0.06050688 -0.02685606 -0.0115 -0.0477212 -0.03729522 -0.0115 -0.05941164 -0.02512419 -0.0115 -0.04624336 -0.03587573 -0.0115 -0.0579338 -0.0237047 -0.0115 0.05067169 -0.03555989 -0.02349996 0.05054277 -0.03550297 -0.0115 0.04952347 -0.03489691 -0.02349996 0.05178666 -0.03590059 -0.02349996 0.04942762 -0.03482323 -0.0115 0.04856717 -0.0339784 -0.02349996 0.04806441 -0.02774995 -0.02349996 0.0487402 -0.02681976 -0.0115 0.04806441 -0.02774995 -0.0115 0.0488609 -0.02669 -0.02349996 0.04850423 -0.03389984 -0.0115 0.04785853 -0.03285777 -0.02349996 0.0495947 -0.02605038 -0.0115 0.04988795 -0.02585142 -0.02349996 0.04782456 -0.03278475 -0.0115 0.04743868 -0.03160011 -0.02349996 0.05059045 -0.0254755 -0.0115 0.05108582 -0.02528303 -0.02349996 0.04742693 -0.03154087 -0.0115 0.04733198 -0.0302785 -0.02349996 0.05168402 -0.02512013 -0.0115 0.05238497 -0.02501779 -0.02349996 0.04733377 -0.03023827 -0.0115 0.04754465 -0.02896976 -0.02349996 0.04755032 -0.02895045 -0.02349996 0.05282753 -0.02499997 -0.0115 0.0537098 -0.0250712 -0.02349996 0.05412417 -0.025155 -0.0115 0.05498331 -0.02544009 -0.02349996 0.0553478 -0.0256114 -0.0115 0.0561316 -0.02610301 -0.02349996 0.05642926 -0.02634334 -0.0115 0.05708783 -0.02702152 -0.02349996 0.05730772 -0.02730965 -0.0115 0.05779647 -0.02814215 -0.02349996 0.05793356 -0.02845585 -0.0115 0.05821639 -0.02939981 -0.02349996 0.05827152 -0.02971726 -0.0115 0.05832308 -0.03072142 -0.02349996 0.05830264 -0.03102278 -0.0115 0.05811035 -0.03203016 -0.02349996 0.058025 -0.03229886 -0.0115 0.05759066 -0.03324997 -0.02349996 0.0574544 -0.03347349 -0.0115 0.0567941 -0.03430998 -0.02349996 0.05662298 -0.03448051 -0.0115 0.05576705 -0.0351485 -0.02349996 0.05557751 -0.03526312 -0.0115 0.05456918 -0.03571695 -0.02349996 0.05437707 -0.03577721 -0.0115 0.0532701 -0.03598213 -0.02349996 0.0530892 -0.03599375 -0.0115 0.05194526 -0.03592872 -0.0115 0.05013585 -0.02243739 -0.0115 0.04828459 -0.02331584 -0.0115 0.06018877 -0.03474998 -0.0115 0.06099194 -0.0328648 -0.0115 0.0477212 -0.03729522 -0.0115 0.04624336 -0.03587573 -0.0115 0.04514819 -0.03414386 -0.0115 0.05214357 -0.02202755 -0.0115 0.04449927 -0.03220021 -0.0115 0.06132066 -0.03084224 -0.0115 0.04949581 -0.03831976 -0.0115 0.05419099 -0.02211004 -0.0115 0.06115573 -0.02879977 -0.0115 0.05146402 -0.03888988 -0.0115 0.05615925 -0.02268016 -0.0115 0.06050688 -0.02685606 -0.0115 0.04433441 -0.03015774 -0.0115 0.0579338 -0.0237047 -0.0115 0.05941164 -0.02512419 -0.0115 0.0535115 -0.03897243 -0.0115 0.04466313 -0.02813512 -0.0115 0.05551922 -0.03856253 -0.0115 0.0454663 -0.02625 -0.0115 0.05737048 -0.03768408 -0.0115 0.04669731 -0.02461183 -0.0115 0.05895775 -0.03638815 -0.02349996 -0.005459845 -0.06166291 -0.02349996 -0.005459845 -0.060337 -0.0115 -0.005459845 -0.060337 -0.0115 -0.005142569 -0.05904966 -0.0115 0 -0.05549997 -0.02349996 0 -0.05549997 -0.0115 0.001316189 -0.05565977 -0.02349996 -0.005142569 -0.05904966 -0.0115 -0.004526376 -0.05787563 -0.02349996 0.001316189 -0.05565977 -0.0115 0.002555966 -0.05612999 -0.02349996 -0.004526376 -0.05787563 -0.0115 -0.003647148 -0.05688315 -0.02349996 0.002555966 -0.05612999 -0.0115 0.003647148 -0.05688315 -0.02349996 -0.003647148 -0.05688315 -0.0115 -0.002555966 -0.05612999 -0.02349996 0.003647148 -0.05688315 -0.0115 0.004526376 -0.05787563 -0.02349996 -0.002555966 -0.05612999 -0.0115 -0.001316189 -0.05565977 -0.02349996 -0.001316189 -0.05565977 -0.02349996 0.004526376 -0.05787563 -0.0115 0.005142569 -0.05904966 -0.02349996 0.005142569 -0.05904966 -0.0115 0.005459845 -0.060337 -0.02349996 0.005459845 -0.060337 -0.0115 0.005459845 -0.06166291 -0.02349996 0.005459845 -0.06166291 -0.0115 0.005142569 -0.06295031 -0.02349996 0.005142569 -0.06295031 -0.0115 0.004526376 -0.06412434 -0.02349996 0.004526376 -0.06412434 -0.0115 0.003647148 -0.06511676 -0.02349996 0.003647148 -0.06511676 -0.0115 0.002555966 -0.06586998 -0.02349996 0.002555966 -0.06586998 -0.0115 0.001316189 -0.06634014 -0.02349996 0.001316189 -0.06634014 -0.0115 0 -0.0665 -0.02349996 0 -0.0665 -0.0115 -0.001316189 -0.06634014 -0.02349996 -0.001316189 -0.06634014 -0.0115 -0.002555966 -0.06586998 -0.02349996 -0.002555966 -0.06586998 -0.0115 -0.003647148 -0.06511676 -0.02349996 -0.003647148 -0.06511676 -0.0115 -0.004526376 -0.06412434 -0.02349996 -0.004526376 -0.06412434 -0.0115 -0.005142569 -0.06295031 -0.02349996 -0.005142569 -0.06295031 -0.0115 -0.005459845 -0.06166291 -0.0115 0.00699532 -0.0658285 -0.0115 0.007947623 -0.06401413 -0.0115 -0.002034127 -0.05274695 -0.0115 -0.003950119 -0.05347359 -0.0115 0.008437991 -0.06202453 -0.0115 -0.005636513 -0.0673623 -0.0115 -0.00699532 -0.0658285 -0.0115 -0.007947623 -0.06401413 -0.0115 -0.003950119 -0.06852632 -0.0115 0 -0.05249994 -0.0115 0 -0.06949996 -0.0115 -0.002034127 -0.06925296 -0.0115 0.008437991 -0.05997538 -0.0115 0.002034127 -0.05274695 -0.0115 -0.008437991 -0.06202453 -0.0115 0.007947623 -0.05798584 -0.0115 0.003950119 -0.05347359 -0.0115 -0.008437991 -0.05997538 -0.0115 0.00699532 -0.05617141 -0.0115 0.002034127 -0.06925296 -0.0115 0.005636513 -0.05463761 -0.0115 -0.007947623 -0.05798584 -0.0115 0.003950119 -0.06852632 -0.0115 -0.00699532 -0.05617141 -0.0115 0.005636513 -0.0673623 -0.0115 -0.005636513 -0.05463761 -0.02349996 0.05721664 0.02718549 -0.02349996 0.0562756 0.02621501 -0.0115 0.05708783 0.02702152 -0.0115 0.0561316 0.02610301 -0.02349996 0.0551263 0.02550339 -0.0115 0.05498331 0.02544009 -0.02349996 0.05383813 0.02509361 -0.0115 0.0537098 0.0250712 -0.02349996 0.04806441 0.02774995 -0.02349996 0.0475586 0.02892255 -0.0115 0.04806441 0.02774995 -0.0115 0.04754465 0.02896976 -0.02349996 0.05248892 0.0250104 -0.0115 0.05238497 0.02501779 -0.02349996 0.04733681 0.03018015 -0.0115 0.04733198 0.0302785 -0.02349996 0.05116015 0.02525877 -0.0115 0.05108582 0.02528303 -0.02349996 0.04741108 0.03145503 -0.0115 0.04743868 0.03160011 -0.02349996 0.04993212 0.02582377 -0.0115 0.04988795 0.02585142 -0.02349996 0.04777735 0.03267842 -0.0115 0.04785853 0.03285777 -0.02349996 0.04887902 0.02667123 -0.0115 0.0488609 0.02669 -0.02349996 0.04841583 0.03378432 -0.0115 0.04856717 0.0339784 -0.02349996 0.0492922 0.0347132 -0.0115 0.04952347 0.03489691 -0.02349996 0.05035912 0.03541493 -0.0115 0.05067169 0.03555989 -0.02349996 0.05155915 0.03585171 -0.0115 0.05194526 0.03592872 -0.02349996 0.05282753 0.03599995 -0.0115 0.0532701 0.03598213 -0.02349996 0.05416905 0.03583383 -0.0115 0.05456918 0.03571695 -0.02349996 0.05542951 0.03534555 -0.0115 0.05576705 0.0351485 -0.02349996 0.05653285 0.03456455 -0.0115 0.0567941 0.03430998 -0.02349996 0.05741232 0.03353798 -0.0115 0.05759066 0.03324997 -0.02349996 0.05801486 0.03232795 -0.0115 0.05811035 0.03203016 -0.02349996 0.05830407 0.03100746 -0.0115 0.05832308 0.03072142 -0.02349996 0.0582624 0.02965635 -0.0115 0.05821639 0.02939981 -0.02349996 0.0578925 0.02835613 -0.0115 0.05779647 0.02814215 -0.0115 0.04949581 0.03831976 -0.0115 0.0477212 0.03729522 -0.0115 0.06050688 0.02685606 -0.0115 0.06115573 0.02879977 -0.0115 0.05013585 0.02243739 -0.0115 0.04828459 0.02331584 -0.0115 0.04669731 0.02461183 -0.0115 0.05146402 0.03888988 -0.0115 0.0454663 0.02625 -0.0115 0.04466313 0.02813512 -0.0115 0.06132066 0.03084224 -0.0115 0.0535115 0.03897243 -0.0115 0.05214357 0.02202755 -0.0115 0.04433441 0.03015774 -0.0115 0.06099194 0.0328648 -0.0115 0.05419099 0.02211004 -0.0115 0.05551922 0.03856253 -0.0115 0.06018877 0.03474998 -0.0115 0.04449927 0.03220021 -0.0115 0.05737048 0.03768408 -0.0115 0.05895775 0.03638815 -0.0115 0.04514819 0.03414386 -0.0115 0.05615925 0.02268016 -0.0115 0.0579338 0.0237047 -0.0115 0.04624336 0.03587573 -0.0115 0.05941164 0.02512419 -0.02819997 0.05691164 0.06514066 -0.02819997 0.06762838 0.05393183 -0.02819997 0.05318945 0.05578345 -0.02819997 0.06278532 0.0447092 -0.02819997 -0.04764604 -0.06058686 -0.02819997 -0.05084341 -0.06997996 -0.02819997 -0.06252175 -0.0597769 -0.02819997 -0.03531885 -0.06850904 -0.02819997 0.07617151 0.04098963 -0.02819997 0.07011198 0.03201907 -0.02819997 -0.05691164 0.06514066 -0.02819997 -0.05318945 0.05578345 -0.02819997 -0.06762838 0.05393183 -0.02819997 -0.03753089 -0.07793378 -0.02819997 -0.06278532 0.0447092 -0.02819997 -0.07617151 0.04098963 -0.02819997 -0.02171516 -0.07395517 -0.02819997 -0.04436576 0.07425576 -0.02819997 -0.04167115 0.06484156 -0.02819997 0.08226639 0.02672994 -0.02819997 -0.07011198 0.03201907 -0.02819997 -0.08226639 0.02672994 -0.02819997 0.07490462 0.01817166 -0.02819997 -0.02301216 -0.08338278 -0.02819997 -0.03039389 0.08098429 -0.02819997 -0.0286467 0.07155609 -0.02819997 -0.007326662 -0.07672834 -0.02819997 -0.07490462 0.01817166 -0.02819997 -0.08571714 0.01161116 -0.02819997 0.08571714 0.01161116 -0.02819997 0.07699 0.003667473 -0.02819997 -0.007753789 -0.08615177 -0.02819997 -0.01544517 0.08510988 -0.02819997 -0.01458692 0.07568442 -0.02819997 0.0864129 -0.003880798 -0.02819997 0.07629281 -0.01096922 -0.02819997 -0.07699 0.003667473 -0.02819997 -0.0864129 -0.003880798 -0.02819997 0.007326662 -0.07672834 -0.02819997 0.007753789 -0.08615177 -0.02819997 0 0.08649998 -0.02819997 0 0.07707732 -0.02819997 0.01544517 0.08510988 -0.02819997 0.08433121 -0.019248 -0.02819997 0.07283812 -0.02520948 -0.02819997 -0.07629281 -0.01096922 -0.02819997 -0.08433121 -0.019248 -0.02819997 0.01458692 0.07568442 -0.02819997 0.03039389 0.08098429 -0.02819997 0.02171516 -0.07395517 -0.02819997 0.02301216 -0.08338278 -0.02819997 -0.07283812 -0.02520948 -0.02819997 -0.07953912 -0.03399664 -0.02819997 0.0286467 0.07155609 -0.02819997 0.04436576 0.07425576 -0.02819997 0.07953912 -0.03399664 -0.02819997 0.06675094 -0.03853863 -0.02819997 -0.06675094 -0.03853863 -0.02819997 0.03531885 -0.06850904 -0.02819997 0.03753089 -0.07793378 -0.02819997 -0.07219058 -0.04765254 -0.02819997 0.07219058 -0.04765254 -0.02819997 0.05825114 -0.05047488 -0.02819997 0.04167115 0.06484156 -0.02819997 0.04764604 -0.06058686 -0.02819997 0.05084341 -0.06997996 -0.02819997 0.06252175 -0.0597769 -0.02819997 -0.05825114 -0.05047488 -0.02349996 0.05279099 0.05536562 -0.02349996 0.07229256 -0.02502065 -0.02349996 0.07572132 -0.01088702 -0.02349996 -0.03636866 -0.03431206 -0.02349996 -0.05279099 0.05536562 -0.02349996 -0.06231504 0.04437434 -0.02349996 -0.041359 0.0643559 -0.02349996 0.03505432 -0.0679959 -0.02349996 0.0215525 -0.07340121 -0.02349996 0.06625092 -0.03824996 -0.02349996 0.04728913 -0.06013303 -0.02349996 0.04010611 0.02985793 -0.02349996 0.05781483 -0.0500968 -0.02349996 0.03213936 0.03830218 -0.02349996 -0.04728913 -0.06013303 -0.02349996 -0.05781483 -0.0500968 -0.02349996 -0.02747541 -0.04177439 -0.02349996 -0.02843213 0.07102012 -0.02349996 -0.06958681 0.03177922 -0.02349996 -0.07434356 0.01803553 -0.02349996 0.06231504 0.04437434 -0.02349996 -0.01447767 0.07511752 -0.02349996 0.04591077 0.01980394 -0.02349996 -0.03505432 -0.0679959 -0.02349996 0.06958681 0.03177922 -0.02349996 -0.01710098 -0.04698461 -0.02349996 0.04924035 0.00868237 -0.02349996 -0.005804598 -0.04966187 -0.02349996 -0.07641333 0.003639996 -0.02349996 -0.0215525 -0.07340121 -0.02349996 0.05551058 0.002245485 -0.02349996 0.055031 0.001704156 -0.02349996 0 0.07649999 -0.02349996 0.05610579 0.00265634 -0.02349996 0.05469495 0.001063764 -0.02349996 0.04991537 -0.002907216 -0.02349996 0.056782 0.002912819 -0.02349996 0.05452185 3.6161e-4 -0.02349996 0.05749994 0.002999961 -0.02349996 -0.03213936 0.03830218 -0.02349996 0.05452185 -3.6161e-4 -0.02349996 -0.04010611 0.02985793 -0.02349996 0.05821794 0.002912819 -0.02349996 0.005804598 -0.04966187 -0.02349996 0.05469495 -0.001063764 -0.02349996 -0.02243995 0.0446816 -0.02349996 -0.04591077 0.01980394 -0.02349996 0.05889415 0.00265634 -0.02349996 0.07434356 0.01803553 -0.02349996 0.055031 -0.001704156 -0.02349996 0.05948936 0.002245485 -0.02349996 0.05551058 -0.002245485 -0.02349996 0.05996894 0.001704156 -0.02349996 -0.01153075 0.04865223 -0.02349996 0.05610579 -0.00265634 -0.02349996 0.06030499 0.001063764 -0.02349996 -0.04924035 0.00868237 -0.02349996 0.01447767 0.07511752 -0.02349996 -0.07572132 -0.01088702 -0.02349996 0.056782 -0.002912819 -0.02349996 0.04789948 -0.01434016 -0.02349996 -0.007271766 -0.07615357 -0.02349996 0.06047809 -3.6161e-4 -0.02349996 0.07641333 0.003639996 -0.02349996 0.06030499 -0.001063764 -0.02349996 0.06047809 3.6161e-4 -0.02349996 0.05821794 -0.002912819 -0.02349996 0.05749994 -0.002999961 -0.02349996 0 0.04999995 -0.02349996 0.04330122 -0.02499997 -0.02349996 -0.07229256 -0.02502065 -0.02349996 0.05889415 -0.00265634 -0.02349996 0.01710098 -0.04698461 -0.02349996 -0.04991537 -0.002907216 -0.02349996 0.05948936 -0.002245485 -0.02349996 0.02843213 0.07102012 -0.02349996 0.03636866 -0.03431206 -0.02349996 0.05996894 -0.001704156 -0.02349996 0.01153075 0.04865223 -0.02349996 -0.04789948 -0.01434016 -0.02349996 0.02747541 -0.04177439 -0.02349996 -0.06625092 -0.03824996 -0.02349996 0.007271766 -0.07615357 -0.02349996 0.041359 0.0643559 -0.02349996 0.02243995 0.0446816 -0.02349996 -0.04330122 -0.02499997 -0.02719998 0.0215525 -0.07340121 -0.02719998 0.03505432 -0.0679959 -0.02719998 0.04728913 -0.06013303 -0.02719998 0.05781483 -0.0500968 -0.02719998 0 0.07649999 -0.02719998 -0.01447767 0.07511752 -0.02719998 0.06625092 -0.03824996 -0.02719998 -0.02843213 0.07102012 -0.02719998 0.07229256 -0.02502065 -0.02719998 -0.041359 0.0643559 -0.02719998 0.07572132 -0.01088702 -0.02719998 -0.05279099 0.05536562 -0.02719998 0.07641333 0.003639996 -0.02719998 -0.06231504 0.04437434 -0.02719998 0.07434356 0.01803553 -0.02719998 -0.06958681 0.03177922 -0.02719998 0.06958681 0.03177922 -0.02719998 -0.07434356 0.01803553 -0.02719998 0.06231504 0.04437434 -0.02719998 -0.07641333 0.003639996 -0.02719998 0.05279099 0.05536562 -0.02719998 -0.07572132 -0.01088702 -0.02719998 0.041359 0.0643559 -0.02719998 -0.07229256 -0.02502065 -0.02719998 0.02843213 0.07102012 -0.02719998 -0.06625092 -0.03824996 -0.02719998 0.01447767 0.07511752 -0.02719998 -0.05781483 -0.0500968 -0.02719998 -0.04728913 -0.06013303 -0.02719998 -0.03505432 -0.0679959 -0.02719998 -0.0215525 -0.07340121 -0.02719998 -0.007271766 -0.07615357 -0.02719998 0.007271766 -0.07615357 -0.02949994 -0.06302767 0.06026065 -0.02949994 -0.07277476 0.04803818 -0.02949994 -0.07009303 0.05881506 -0.02949994 0.07924133 0.04574996 -0.02949994 0.08018279 0.03427177 -0.02949994 0.07277476 0.04803818 -0.02949994 0.08598184 0.03129482 -0.02949994 0.05881506 0.07009303 -0.02949994 0.05125486 0.07054626 -0.02949994 0.04574996 0.07924133 -0.02949994 0.06302767 0.06026065 -0.02949994 -0.05881506 0.07009303 -0.02949994 0.07009303 0.05881506 -0.02949994 0.07009303 -0.05881506 -0.02949994 0.05881506 -0.07009303 -0.02949994 0.05737221 -0.0656678 -0.02949994 -0.05737221 -0.0656678 -0.02949994 -0.05881506 -0.07009303 -0.02949994 -0.07009303 -0.05881506 -0.02949994 0.06817567 -0.05436825 -0.02949994 -0.06817567 -0.05436825 -0.02949994 -0.07924133 -0.04574996 -0.02949994 -0.05125486 0.07054626 -0.02949994 -0.04472482 -0.07485669 -0.02949994 -0.04574996 -0.07924133 -0.02949994 -0.04574996 0.07924133 -0.02949994 -0.07678788 -0.04132133 -0.02949994 0.07924133 -0.04574996 -0.02949994 -0.08598184 -0.03129482 -0.02949994 -0.03063982 -0.08163964 -0.02949994 -0.03129482 -0.08598184 -0.02949994 0.07678788 -0.04132133 -0.02949994 -0.03783464 0.07856446 -0.02949994 -0.03129482 0.08598184 -0.02949994 -0.08293211 -0.02694624 -0.02949994 0.08598184 -0.03129482 -0.02949994 -0.09010988 -0.01588881 -0.02949994 -0.01557016 -0.08579862 -0.02949994 -0.01588881 -0.09010988 -0.02949994 0.08293211 -0.02694624 -0.02949994 -0.08641082 -0.0117051 -0.02949994 -0.02319836 0.08405756 -0.02949994 -0.09149998 0 -0.02949994 -0.01588881 0.09010988 -0.02949994 0.09010988 -0.01588881 -0.02949994 0 -0.08719998 -0.02949994 0 -0.09149998 -0.02949994 0.08641082 -0.0117051 -0.02949994 -0.007816493 0.08684891 -0.02949994 -0.08711218 0.00391221 -0.02949994 -0.09010988 0.01588881 -0.02949994 0 0.09149998 -0.02949994 0.09149998 0 -0.02949994 0.08711218 0.00391221 -0.02949994 0.01588881 -0.09010988 -0.02949994 0.01557016 -0.08579862 -0.02949994 -0.08501368 0.01940381 -0.02949994 0.007816493 0.08684891 -0.02949994 -0.08598184 0.03129482 -0.02949994 0.01588881 0.09010988 -0.02949994 0.09010988 0.01588881 -0.02949994 0.08501368 0.01940381 -0.02949994 0.03129482 -0.08598184 -0.02949994 0.03063982 -0.08163964 -0.02949994 0.02319836 0.08405756 -0.02949994 -0.08018279 0.03427177 -0.02949994 -0.07924133 0.04574996 -0.02949994 0.03129482 0.08598184 -0.02949994 0.03783464 0.07856446 -0.02949994 0.04574996 -0.07924133 -0.02949994 0.04472482 -0.07485669 -0.03549998 -0.07277476 0.04803818 -0.03549998 -0.06302767 0.06026065 -0.03549998 -0.07009303 0.05881506 -0.03549998 0.07924133 0.04574996 -0.03549998 0.07009303 0.05881506 -0.03549998 0.07277476 0.04803818 -0.03549998 0.06302767 0.06026065 -0.03549998 0.05881506 0.07009303 -0.03549998 -0.05881506 0.07009303 -0.03549998 0.05881506 -0.07009303 -0.03549998 0.07009303 -0.05881506 -0.03549998 0.05737221 -0.0656678 -0.03549998 0.06817567 -0.05436825 -0.03549998 -0.05881506 -0.07009303 -0.03549998 -0.05737221 -0.0656678 -0.03549998 -0.07009303 -0.05881506 -0.03549998 -0.05125486 0.07054626 -0.03549998 -0.06817567 -0.05436825 -0.03549998 -0.07924133 -0.04574996 -0.03549998 -0.04574996 0.07924133 -0.03549998 -0.04574996 -0.07924133 -0.03549998 -0.04472482 -0.07485669 -0.03549998 0.07924133 -0.04574996 -0.03549998 -0.07678788 -0.04132133 -0.03549998 0.07678788 -0.04132133 -0.03549998 -0.03783464 0.07856446 -0.03549998 -0.08598184 -0.03129482 -0.03549998 -0.03129482 -0.08598184 -0.03549998 -0.03063982 -0.08163964 -0.03549998 -0.03129482 0.08598184 -0.03549998 0.08598184 -0.03129482 -0.03549998 -0.08293211 -0.02694624 -0.03549998 -0.09010988 -0.01588881 -0.03549998 -0.01588881 -0.09010988 -0.03549998 -0.01557016 -0.08579862 -0.03549998 0.08293211 -0.02694624 -0.03549998 -0.02319836 0.08405756 -0.03549998 -0.01588881 0.09010988 -0.03549998 -0.08641082 -0.0117051 -0.03549998 0.09010988 -0.01588881 -0.03549998 -0.09149998 0 -0.03549998 0.08641082 -0.0117051 -0.03549998 -0.007816493 0.08684891 -0.03549998 0 -0.09149998 -0.03549998 0 -0.08719998 -0.03549998 -0.08711218 0.00391221 -0.03549998 0 0.09149998 -0.03549998 -0.09010988 0.01588881 -0.03549998 0.09149998 0 -0.03549998 0.08711218 0.00391221 -0.03549998 0.01588881 -0.09010988 -0.03549998 0.007816493 0.08684891 -0.03549998 0.01557016 -0.08579862 -0.03549998 -0.08501368 0.01940381 -0.03549998 0.01588881 0.09010988 -0.03549998 0.09010988 0.01588881 -0.03549998 0.08501368 0.01940381 -0.03549998 -0.08598184 0.03129482 -0.03549998 0.02319836 0.08405756 -0.03549998 0.03129482 -0.08598184 -0.03549998 0.03063982 -0.08163964 -0.03549998 0.03783464 0.07856446 -0.03549998 0.03129482 0.08598184 -0.03549998 -0.08018279 0.03427177 -0.03549998 0.08598184 0.03129482 -0.03549998 0.08018279 0.03427177 -0.03549998 -0.07924133 0.04574996 -0.03549998 0.04574996 -0.07924133 -0.03549998 0.04472482 -0.07485669 -0.03549998 0.05125486 0.07054626 -0.03549998 0.04574996 0.07924133 -0.03509998 0.01595824 0.09050381 -0.03509998 0.03143161 0.08635771 -0.02989995 0.01595824 0.09050381 -0.02989995 0.03143161 0.08635771 -0.03509998 0.04594999 0.07958775 -0.02989995 0.04594999 0.07958775 -0.03509998 0 -0.09189999 -0.03509998 -0.01595824 -0.09050381 -0.02989995 0 -0.09189999 -0.02989995 -0.01595824 -0.09050381 -0.03509998 0.05907213 0.07039946 -0.02989995 0.05907213 0.07039946 -0.03509998 -0.03143161 -0.08635771 -0.02989995 -0.03143161 -0.08635771 -0.03509998 0.07039946 0.05907213 -0.02989995 0.07039946 0.05907213 -0.03509998 -0.04594999 -0.07958775 -0.02989995 -0.04594999 -0.07958775 -0.03509998 0.07958775 0.04594999 -0.02989995 0.07958775 0.04594999 -0.03509998 -0.05907213 -0.07039946 -0.02989995 -0.05907213 -0.07039946 -0.03509998 0.08635771 0.03143161 -0.02989995 0.08635771 0.03143161 -0.03509998 -0.07039946 -0.05907213 -0.02989995 -0.07039946 -0.05907213 -0.03509998 0.09050381 0.01595824 -0.02989995 0.09050381 0.01595824 -0.03509998 -0.07958775 -0.04594999 -0.02989995 -0.07958775 -0.04594999 -0.03509998 0.09189999 0 -0.02989995 0.09189999 0 -0.03509998 -0.08635771 -0.03143161 -0.02989995 -0.08635771 -0.03143161 -0.03509998 0.09050381 -0.01595824 -0.02989995 0.09050381 -0.01595824 -0.03509998 -0.09050381 -0.01595824 -0.02989995 -0.09050381 -0.01595824 -0.03509998 0.08635771 -0.03143161 -0.02989995 0.08635771 -0.03143161 -0.03509998 -0.09189999 0 -0.02989995 -0.09189999 0 -0.03509998 0.07958775 -0.04594999 -0.02989995 0.07958775 -0.04594999 -0.03509998 -0.09050381 0.01595824 -0.02989995 -0.09050381 0.01595824 -0.03509998 0.07039946 -0.05907213 -0.02989995 0.07039946 -0.05907213 -0.03509998 -0.08635771 0.03143161 -0.02989995 -0.08635771 0.03143161 -0.03509998 0.05907213 -0.07039946 -0.02989995 0.05907213 -0.07039946 -0.03509998 -0.07958775 0.04594999 -0.02989995 -0.07958775 0.04594999 -0.03509998 0.04594999 -0.07958775 -0.02989995 0.04594999 -0.07958775 -0.03509998 -0.07039946 0.05907213 -0.02989995 -0.07039946 0.05907213 -0.03509998 0.03143161 -0.08635771 -0.02989995 0.03143161 -0.08635771 -0.03509998 -0.05907213 0.07039946 -0.02989995 -0.05907213 0.07039946 -0.03509998 0.01595824 -0.09050381 -0.02989995 0.01595824 -0.09050381 -0.03509998 -0.04594999 0.07958775 -0.02989995 -0.04594999 0.07958775 -0.03509998 -0.03143161 0.08635771 -0.02989995 -0.03143161 0.08635771 -0.03509998 -0.01595824 0.09050381 -0.02989995 -0.01595824 0.09050381 -0.03509998 0 0.09189999 -0.02989995 0 0.09189999 -0.01534527 0.05849266 1.20537e-4 -0.01534527 0.05843502 -3.54605e-4 -0.01476788 0.05749994 0 -0.01649999 0.06047809 -3.6161e-4 -0.01592266 0.05948537 2.41073e-4 -0.01649999 0.06047809 3.6161e-4 -0.01649999 0.06030499 0.001063764 -0.01592266 0.05914592 0.001136124 -0.01534527 0.05832296 5.68065e-4 -0.01534527 0.0581631 -7.48511e-4 -0.01649999 0.05996894 -0.001704156 -0.01592266 0.05936998 -7.0921e-4 -0.01649999 0.06030499 -0.001063764 -0.01534527 0.05773931 -9.70942e-4 -0.01649999 0.05889415 -0.00265634 -0.01592266 0.0588262 -0.00149697 -0.01649999 0.05948936 -0.002245485 -0.01534527 0.05726063 -9.70942e-4 -0.01649999 0.05749994 -0.002999961 -0.01592266 0.05797863 -0.001941859 -0.01649999 0.05821794 -0.002912819 -0.01534527 0.05683684 -7.48511e-4 -0.01649999 0.05610579 -0.00265634 -0.01592266 0.05702131 -0.001941859 -0.01649999 0.056782 -0.002912819 -0.01534527 0.05656492 -3.54605e-4 -0.01649999 0.055031 -0.001704156 -0.01592266 0.05617374 -0.00149697 -0.01649999 0.05551058 -0.002245485 -0.01534527 0.05650728 1.20537e-4 -0.01592266 0.05562996 -7.0921e-4 -0.01649999 0.05452185 -3.6161e-4 -0.01649999 0.05469495 -0.001063764 -0.01534527 0.05667698 5.68065e-4 -0.01649999 0.05469495 0.001063764 -0.01592266 0.05551457 2.41073e-4 -0.01649999 0.05452185 3.6161e-4 -0.01534527 0.05796468 8.85456e-4 -0.01649999 0.05948936 0.002245485 -0.01592266 0.05842941 0.001770853 -0.01649999 0.05889415 0.00265634 -0.01649999 0.05821794 0.002912819 -0.01534527 0.05703526 8.85456e-4 -0.01649999 0.05749994 0.002999961 -0.01649999 0.05551058 0.002245485 -0.01592266 0.05585402 0.001136124 -0.01649999 0.055031 0.001704156 -0.01592266 0.05657052 0.001770853 -0.01649999 0.056782 0.002912819 -0.01649999 0.05610579 0.00265634 -0.01649999 0.05996894 0.001704156 -0.02111268 -0.03927344 0.06937021 -0.02111268 -0.04008817 0.07000851 -0.02153515 -0.03999996 0.06928199 -0.02069008 -0.03902935 0.07037758 -0.02111268 -0.04072648 0.06919378 -0.02069008 -0.03964972 0.0707032 -0.01899999 -0.03564089 0.06981128 -0.01984506 -0.03709393 0.06892913 -0.01899999 -0.03564089 0.0687527 -0.02069008 -0.04035025 0.0707032 -0.01899999 -0.03589421 0.06772488 -0.02069008 -0.04097056 0.07037758 -0.01984506 -0.0375908 0.06761908 -0.02069008 -0.03879535 0.06845051 -0.02069008 -0.03854691 0.06910556 -0.01899999 -0.03638619 0.07177644 -0.01984506 -0.03726279 0.07032006 -0.01899999 -0.03589421 0.0708391 -0.02069008 -0.03863137 0.06980103 -0.01899999 -0.03795933 0.07317012 -0.01984506 -0.03805875 0.07147318 -0.01899999 -0.03708815 0.07256877 -0.01899999 -0.03999996 0.07367312 -0.01984506 -0.03929942 0.07212436 -0.01899999 -0.03894913 0.07354551 -0.01899999 -0.04204064 0.07317012 -0.01984506 -0.04070055 0.07212436 -0.01899999 -0.04105085 0.07354551 -0.01899999 -0.04361379 0.07177644 -0.01984506 -0.04194122 0.07147318 -0.01899999 -0.04291182 0.07256877 -0.01984506 -0.04273712 0.07032006 -0.02069008 -0.04136854 0.06980103 -0.01899999 -0.04435908 0.06981128 -0.01899999 -0.0441057 0.0708391 -0.01899999 -0.0441057 0.06772488 -0.01984506 -0.04290604 0.06892913 -0.01899999 -0.04435908 0.0687527 -0.02069008 -0.041453 0.06910556 -0.02069008 -0.03931975 0.06798595 -0.01899999 -0.03708815 0.06599521 -0.01984506 -0.03863954 0.06668996 -0.01899999 -0.03795933 0.06539386 -0.01899999 -0.03894913 0.06501847 -0.02069008 -0.04120457 0.06845051 -0.02069008 -0.04068017 0.06798595 -0.01899999 -0.03999996 0.06489092 -0.01899999 -0.04291182 0.06599521 -0.01984506 -0.04240918 0.06761908 -0.01899999 -0.04361379 0.0667876 -0.01984506 -0.04136037 0.06668996 -0.01899999 -0.04105085 0.06501847 -0.01899999 -0.04204064 0.06539386 -0.02111268 -0.03927344 0.06919378 -0.01899999 -0.03638619 0.0667876 -0.02111268 -0.0797131 6.73287e-4 -0.02111268 -0.08067327 2.86861e-4 -0.02153515 -0.07999998 0 -0.02069008 -0.08046346 0.00138837 -0.02111268 -0.08028686 -6.73287e-4 -0.02069008 -0.08105558 0.001013934 -0.01899999 -0.07827883 0.004039704 -0.01984506 -0.07824134 0.002340257 -0.01899999 -0.07736206 0.003510415 -0.02069008 -0.08140587 4.07227e-4 -0.01899999 -0.07659858 0.002777099 -0.02069008 -0.08143413 -2.92778e-4 -0.01984506 -0.0773552 0.001254916 -0.02069008 -0.07867759 6.27477e-4 -0.02069008 -0.07912069 0.001170098 -0.01899999 -0.08035331 0.004376828 -0.01984506 -0.07953041 0.002889454 -0.01899999 -0.07929557 0.004334211 -0.02069008 -0.0797652 0.001444697 -0.01899999 -0.08234685 0.003711283 -0.01984506 -0.08092701 0.002776741 -0.01899999 -0.0813905 0.004165112 -0.01899999 -0.08380275 0.002195537 -0.01984506 -0.08211123 0.002027869 -0.01899999 -0.08316683 0.003041803 -0.01899999 -0.08438754 1.76812e-4 -0.01984506 -0.08281177 8.14454e-4 -0.01899999 -0.08421772 0.001221656 -0.01899999 -0.08396714 -0.001882374 -0.01984506 -0.08286821 -5.85555e-4 -0.01899999 -0.08430236 -8.78333e-4 -0.01984506 -0.08226758 -0.001851379 -0.02069008 -0.08113378 -9.2571e-4 -0.01899999 -0.0826379 -0.003510415 -0.01899999 -0.08340132 -0.002777099 -0.01899999 -0.08070433 -0.004334211 -0.01984506 -0.08114743 -0.002693116 -0.01899999 -0.08172112 -0.004039704 -0.02069008 -0.08057367 -0.001346528 -0.02069008 -0.07853746 -5.89373e-5 -0.01899999 -0.0756976 8.78333e-4 -0.01984506 -0.07707494 -1.17875e-4 -0.01899999 -0.07561242 -1.76812e-4 -0.01899999 -0.07578223 -0.001221656 -0.02069008 -0.0798822 -0.001458942 -0.02069008 -0.07921767 -0.001237094 -0.01899999 -0.0761972 -0.002195537 -0.01899999 -0.07860946 -0.004165112 -0.01984506 -0.07976442 -0.002917885 -0.01899999 -0.07964664 -0.004376828 -0.01984506 -0.07843536 -0.002474188 -0.01899999 -0.07683312 -0.003041803 -0.01899999 -0.07765311 -0.003711283 -0.02111268 -0.07956033 5.85072e-4 -0.01899999 -0.07603281 0.001882374 -0.02111268 -0.0404396 -0.06869691 -0.02111268 -0.04058504 -0.06972169 -0.02153515 -0.03999996 -0.06928199 -0.02069008 -0.0414341 -0.06898927 -0.02111268 -0.03956031 -0.06986707 -0.02069008 -0.04140585 -0.06968921 -0.01899999 -0.04263788 -0.06577157 -0.01984506 -0.04114741 -0.06658887 -0.01899999 -0.04172116 -0.06524229 -0.02069008 -0.04105561 -0.07029592 -0.01899999 -0.04070436 -0.06494778 -0.02069008 -0.0404635 -0.07067036 -0.01984506 -0.0397644 -0.0663641 -0.02069008 -0.03988218 -0.06782305 -0.02069008 -0.04057371 -0.06793546 -0.01899999 -0.04396712 -0.06739956 -0.01984506 -0.04226756 -0.06743061 -0.01899999 -0.04340136 -0.06650489 -0.02069008 -0.04113376 -0.06835627 -0.01899999 -0.04438751 -0.06945884 -0.01984506 -0.04286819 -0.06869643 -0.01899999 -0.04430234 -0.06840366 -0.01899999 -0.04380279 -0.07147753 -0.01984506 -0.04281181 -0.07009649 -0.01899999 -0.0442177 -0.07050371 -0.01899999 -0.04234689 -0.07299333 -0.01984506 -0.04211121 -0.07130986 -0.01899999 -0.04316681 -0.07232385 -0.01899999 -0.04035329 -0.07365888 -0.01984506 -0.04092699 -0.07205873 -0.01899999 -0.04139047 -0.0734471 -0.01984506 -0.03953039 -0.0721715 -0.02069008 -0.03976517 -0.07072675 -0.01899999 -0.03827881 -0.07332175 -0.01899999 -0.03929561 -0.07361626 -0.01899999 -0.03659862 -0.07205915 -0.01984506 -0.03824138 -0.07162231 -0.01899999 -0.03736203 -0.07279247 -0.02069008 -0.03912067 -0.07045215 -0.02069008 -0.03921765 -0.0680449 -0.01899999 -0.03860944 -0.06511688 -0.01984506 -0.03843539 -0.0668078 -0.01899999 -0.03765308 -0.06557071 -0.01899999 -0.0368331 -0.06624019 -0.02069008 -0.03867757 -0.06990951 -0.02069008 -0.03853744 -0.0692231 -0.01899999 -0.03619718 -0.06708645 -0.01899999 -0.03569763 -0.07016032 -0.01984506 -0.03735524 -0.07053697 -0.01899999 -0.03603285 -0.07116442 -0.01984506 -0.03707492 -0.06916415 -0.01899999 -0.03578221 -0.06806033 -0.01899999 -0.03561246 -0.0691052 -0.02111268 -0.04028683 -0.0686087 -0.01899999 -0.03964662 -0.06490516 -0.02111268 0.03927344 -0.06937021 -0.02111268 0.04008817 -0.07000851 -0.02153515 0.03999996 -0.06928199 -0.02069008 0.03902935 -0.07037758 -0.02111268 0.04072648 -0.06919378 -0.02069008 0.03964972 -0.0707032 -0.01899999 0.03564089 -0.06981128 -0.01984506 0.03709393 -0.06892913 -0.01899999 0.03564089 -0.0687527 -0.02069008 0.04035025 -0.0707032 -0.01899999 0.03589421 -0.06772488 -0.02069008 0.04097056 -0.07037758 -0.01984506 0.0375908 -0.06761908 -0.02069008 0.03879535 -0.06845051 -0.02069008 0.03854691 -0.06910556 -0.01899999 0.03638619 -0.07177644 -0.01984506 0.03726279 -0.07032006 -0.01899999 0.03589421 -0.0708391 -0.02069008 0.03863137 -0.06980103 -0.01899999 0.03795933 -0.07317012 -0.01984506 0.03805875 -0.07147318 -0.01899999 0.03708815 -0.07256877 -0.01899999 0.03999996 -0.07367312 -0.01984506 0.03929942 -0.07212436 -0.01899999 0.03894913 -0.07354551 -0.01899999 0.04204064 -0.07317012 -0.01984506 0.04070055 -0.07212436 -0.01899999 0.04105085 -0.07354551 -0.01899999 0.04361379 -0.07177644 -0.01984506 0.04194122 -0.07147318 -0.01899999 0.04291182 -0.07256877 -0.01984506 0.04273712 -0.07032006 -0.02069008 0.04136854 -0.06980103 -0.01899999 0.04435908 -0.06981128 -0.01899999 0.0441057 -0.0708391 -0.01899999 0.0441057 -0.06772488 -0.01984506 0.04290604 -0.06892913 -0.01899999 0.04435908 -0.0687527 -0.02069008 0.041453 -0.06910556 -0.02069008 0.03931975 -0.06798595 -0.01899999 0.03708815 -0.06599521 -0.01984506 0.03863954 -0.06668996 -0.01899999 0.03795933 -0.06539386 -0.01899999 0.03894913 -0.06501847 -0.02069008 0.04120457 -0.06845051 -0.02069008 0.04068017 -0.06798595 -0.01899999 0.03999996 -0.06489092 -0.01899999 0.04291182 -0.06599521 -0.01984506 0.04240918 -0.06761908 -0.01899999 0.04361379 -0.0667876 -0.01984506 0.04136037 -0.06668996 -0.01899999 0.04105085 -0.06501847 -0.01899999 0.04204064 -0.06539386 -0.02111268 0.03927344 -0.06919378 -0.01899999 0.03638619 -0.0667876 -0.02111268 0.0797131 -6.73287e-4 -0.02111268 0.08067327 -2.86861e-4 -0.02153515 0.07999998 0 -0.02069008 0.08046346 -0.00138837 -0.02111268 0.08028686 6.73287e-4 -0.02069008 0.08105558 -0.001013934 -0.01899999 0.07827883 -0.004039704 -0.01984506 0.07824134 -0.002340257 -0.01899999 0.07736206 -0.003510415 -0.02069008 0.08140587 -4.07227e-4 -0.01899999 0.07659858 -0.002777099 -0.02069008 0.08143413 2.92778e-4 -0.01984506 0.0773552 -0.001254916 -0.02069008 0.07867759 -6.27477e-4 -0.02069008 0.07912069 -0.001170098 -0.01899999 0.08035331 -0.004376828 -0.01984506 0.07953041 -0.002889454 -0.01899999 0.07929557 -0.004334211 -0.02069008 0.0797652 -0.001444697 -0.01899999 0.08234685 -0.003711283 -0.01984506 0.08092701 -0.002776741 -0.01899999 0.0813905 -0.004165112 -0.01899999 0.08380275 -0.002195537 -0.01984506 0.08211123 -0.002027869 -0.01899999 0.08316683 -0.003041803 -0.01899999 0.08438754 -1.76812e-4 -0.01984506 0.08281177 -8.14454e-4 -0.01899999 0.08421772 -0.001221656 -0.01899999 0.08396714 0.001882374 -0.01984506 0.08286821 5.85555e-4 -0.01899999 0.08430236 8.78333e-4 -0.01984506 0.08226758 0.001851379 -0.02069008 0.08113378 9.2571e-4 -0.01899999 0.0826379 0.003510415 -0.01899999 0.08340132 0.002777099 -0.01899999 0.08070433 0.004334211 -0.01984506 0.08114743 0.002693116 -0.01899999 0.08172112 0.004039704 -0.02069008 0.08057367 0.001346528 -0.02069008 0.07853746 5.89373e-5 -0.01899999 0.0756976 -8.78333e-4 -0.01984506 0.07707494 1.17875e-4 -0.01899999 0.07561242 1.76812e-4 -0.01899999 0.07578223 0.001221656 -0.02069008 0.0798822 0.001458942 -0.02069008 0.07921767 0.001237094 -0.01899999 0.0761972 0.002195537 -0.01899999 0.07860946 0.004165112 -0.01984506 0.07976442 0.002917885 -0.01899999 0.07964664 0.004376828 -0.01984506 0.07843536 0.002474188 -0.01899999 0.07683312 0.003041803 -0.01899999 0.07765311 0.003711283 -0.02111268 0.07956033 -5.85072e-4 -0.01899999 0.07603281 -0.001882374 -0.02111268 0.0404396 0.06869691 -0.02111268 0.04058504 0.06972169 -0.02153515 0.03999996 0.06928199 -0.02069008 0.0414341 0.06898927 -0.02111268 0.03956031 0.06986707 -0.02069008 0.04140585 0.06968921 -0.01899999 0.04263788 0.06577157 -0.01984506 0.04114741 0.06658887 -0.01899999 0.04172116 0.06524229 -0.02069008 0.04105561 0.07029592 -0.01899999 0.04070436 0.06494778 -0.02069008 0.0404635 0.07067036 -0.01984506 0.0397644 0.0663641 -0.02069008 0.03988218 0.06782305 -0.02069008 0.04057371 0.06793546 -0.01899999 0.04396712 0.06739956 -0.01984506 0.04226756 0.06743061 -0.01899999 0.04340136 0.06650489 -0.02069008 0.04113376 0.06835627 -0.01899999 0.04438751 0.06945884 -0.01984506 0.04286819 0.06869643 -0.01899999 0.04430234 0.06840366 -0.01899999 0.04380279 0.07147753 -0.01984506 0.04281181 0.07009649 -0.01899999 0.0442177 0.07050371 -0.01899999 0.04234689 0.07299333 -0.01984506 0.04211121 0.07130986 -0.01899999 0.04316681 0.07232385 -0.01899999 0.04035329 0.07365888 -0.01984506 0.04092699 0.07205873 -0.01899999 0.04139047 0.0734471 -0.01984506 0.03953039 0.0721715 -0.02069008 0.03976517 0.07072675 -0.01899999 0.03827881 0.07332175 -0.01899999 0.03929561 0.07361626 -0.01899999 0.03659862 0.07205915 -0.01984506 0.03824138 0.07162231 -0.01899999 0.03736203 0.07279247 -0.02069008 0.03912067 0.07045215 -0.02069008 0.03921765 0.0680449 -0.01899999 0.03860944 0.06511688 -0.01984506 0.03843539 0.0668078 -0.01899999 0.03765308 0.06557071 -0.01899999 0.0368331 0.06624019 -0.02069008 0.03867757 0.06990951 -0.02069008 0.03853744 0.0692231 -0.01899999 0.03619718 0.06708645 -0.01899999 0.03569763 0.07016032 -0.01984506 0.03735524 0.07053697 -0.01899999 0.03603285 0.07116442 -0.01984506 0.03707492 0.06916415 -0.01899999 0.03578221 0.06806033 -0.01899999 0.03561246 0.0691052 -0.02111268 0.04028683 0.0686087 -0.01899999 0.03964662 0.06490516 -0.01349997 -0.04010611 0.02985793 -0.01349997 -0.04924035 0.00868237 -0.01349997 -0.04591077 0.01980394 -0.01349997 -0.04991537 -0.002907216 -0.01349997 0 0.04999995 -0.01349997 0.01153075 0.04865223 -0.01349997 -0.01153075 0.04865223 -0.01349997 -0.02243995 0.0446816 -0.01349997 -0.03213936 0.03830218 -0.01349997 -0.04330122 -0.02499997 -0.01349997 -0.04789948 -0.01434016 -0.01349997 -0.03636866 -0.03431206 -0.01349997 0.03213936 0.03830218 -0.01349997 0.04010611 0.02985793 -0.01349997 0.02243995 0.0446816 -0.01349997 -0.02747541 -0.04177439 -0.01349997 -0.005804598 -0.04966187 -0.01349997 -0.01710098 -0.04698461 -0.01349997 0.04924035 0.00868237 -0.01349997 0.04991537 -0.002907216 -0.01349997 0.04591077 0.01980394 -0.01349997 0.005804598 -0.04966187 -0.01349997 0.04789948 -0.01434016 -0.01349997 0.04330122 -0.02499997 -0.01349997 0.02747541 -0.04177439 -0.01349997 0.01710098 -0.04698461 -0.01349997 0.03636866 -0.03431206 -0.03519338 -0.05906504 0.07039099 -0.03528159 -0.04592818 0.07954996 -0.03519338 -0.04594445 0.07957816 -0.03528159 -0.05904412 0.07036608 -0.03535979 -0.05901056 0.07032603 -0.03535979 -0.04590207 0.07950472 -0.03542357 -0.05896615 0.07027316 -0.03542357 -0.04586756 0.07944494 -0.03546959 -0.0589134 0.07021033 -0.03546959 -0.04582649 0.07937389 -0.03549224 -0.05886518 0.07015281 -0.03549224 -0.045789 0.07930886 -0.03519338 -0.03142786 0.08634734 -0.03528159 -0.03141671 0.08631676 -0.03535979 -0.03139883 0.08626765 -0.03542357 -0.03137522 0.0862028 -0.03546959 -0.03134715 0.08612567 -0.03549224 -0.03132152 0.08605521 -0.03519338 -0.01595634 0.0904929 -0.03528159 -0.01595067 0.09046089 -0.03535979 -0.01594161 0.09040945 -0.03542357 -0.01592963 0.09034144 -0.03546959 -0.01591539 0.09026062 -0.03549224 -0.01590234 0.09018671 -0.03519338 0 0.0918889 -0.03528159 0 0.09185636 -0.03535979 0 0.09180414 -0.03542357 0 0.09173512 -0.03546959 0 0.09165304 -0.03549224 0 0.091578 -0.03519338 0.01595634 0.0904929 -0.03528159 0.01595067 0.09046089 -0.03535979 0.01594161 0.09040945 -0.03542357 0.01592963 0.09034144 -0.03546959 0.01591539 0.09026062 -0.03549224 0.01590234 0.09018671 -0.03519338 0.03142786 0.08634734 -0.03528159 0.03141671 0.08631676 -0.03535979 0.03139883 0.08626765 -0.03542357 0.03137522 0.0862028 -0.03546959 0.03134715 0.08612567 -0.03549224 0.03132152 0.08605521 -0.03519338 0.04594445 0.07957816 -0.03528159 0.04592818 0.07954996 -0.03535979 0.04590207 0.07950472 -0.03542357 0.04586756 0.07944494 -0.03546959 0.04582649 0.07937389 -0.03549224 0.045789 0.07930886 -0.03519338 0.05906504 0.07039099 -0.03528159 0.05904412 0.07036608 -0.03535979 0.05901056 0.07032603 -0.03542357 0.05896615 0.07027316 -0.03546959 0.0589134 0.07021033 -0.03549224 0.05886518 0.07015281 -0.03519338 0.07039099 0.05906504 -0.03528159 0.07036608 0.05904412 -0.03535979 0.07032603 0.05901056 -0.03542357 0.07027316 0.05896615 -0.03546959 0.07021033 0.0589134 -0.03549224 0.07015281 0.05886518 -0.03519338 0.07957816 0.04594445 -0.03528159 0.07954996 0.04592818 -0.03535979 0.07950472 0.04590207 -0.03542357 0.07944494 0.04586756 -0.03519338 0 -0.0918889 -0.03519338 -0.01595634 -0.0904929 -0.03528159 0 -0.09185636 -0.03546959 0.07937389 0.04582649 -0.03549224 0.07930886 0.045789 -0.03528159 -0.01595067 -0.09046089 -0.03535979 0 -0.09180414 -0.03519338 0.08634734 0.03142786 -0.03535979 -0.01594161 -0.09040945 -0.03528159 0.08631676 0.03141671 -0.03542357 0 -0.09173512 -0.03542357 -0.01592963 -0.09034144 -0.03546959 -0.01591539 -0.09026062 -0.03535979 0.08626765 0.03139883 -0.03546959 0 -0.09165304 -0.03549224 -0.01590234 -0.09018671 -0.03549224 0 -0.091578 -0.03542357 0.0862028 0.03137522 -0.03519338 -0.03142786 -0.08634734 -0.03546959 0.08612567 0.03134715 -0.03549224 0.08605521 0.03132152 -0.03528159 -0.03141671 -0.08631676 -0.03519338 0.0904929 0.01595634 -0.03535979 -0.03139883 -0.08626765 -0.03542357 -0.03137522 -0.0862028 -0.03546959 -0.03134715 -0.08612567 -0.03528159 0.09046089 0.01595067 -0.03535979 0.09040945 0.01594161 -0.03549224 -0.03132152 -0.08605521 -0.03542357 0.09034144 0.01592963 -0.03519338 -0.04594445 -0.07957816 -0.03546959 0.09026062 0.01591539 -0.03528159 -0.04592818 -0.07954996 -0.03549224 0.09018671 0.01590234 -0.03519338 0.0918889 0 -0.03535979 -0.04590207 -0.07950472 -0.03542357 -0.04586756 -0.07944494 -0.03546959 -0.04582649 -0.07937389 -0.03528159 0.09185636 0 -0.03535979 0.09180414 0 -0.03549224 -0.045789 -0.07930886 -0.03542357 0.09173512 0 -0.03519338 -0.05906504 -0.07039099 -0.03546959 0.09165304 0 -0.03528159 -0.05904412 -0.07036608 -0.03549224 0.091578 0 -0.03535979 -0.05901056 -0.07032603 -0.03519338 0.0904929 -0.01595634 -0.03542357 -0.05896615 -0.07027316 -0.03528159 0.09046089 -0.01595067 -0.03546959 -0.0589134 -0.07021033 -0.03549224 -0.05886518 -0.07015281 -0.03535979 0.09040945 -0.01594161 -0.03519338 -0.07039099 -0.05906504 -0.03542357 0.09034144 -0.01592963 -0.03546959 0.09026062 -0.01591539 -0.03528159 -0.07036608 -0.05904412 -0.03549224 0.09018671 -0.01590234 -0.03535979 -0.07032603 -0.05901056 -0.03519338 0.08634734 -0.03142786 -0.03542357 -0.07027316 -0.05896615 -0.03528159 0.08631676 -0.03141671 -0.03546959 -0.07021033 -0.0589134 -0.03549224 -0.07015281 -0.05886518 -0.03535979 0.08626765 -0.03139883 -0.03542357 0.0862028 -0.03137522 -0.03519338 -0.07957816 -0.04594445 -0.03546959 0.08612567 -0.03134715 -0.03549224 0.08605521 -0.03132152 -0.03528159 -0.07954996 -0.04592818 -0.03535979 -0.07950472 -0.04590207 -0.03519338 0.07957816 -0.04594445 -0.03542357 -0.07944494 -0.04586756 -0.03528159 0.07954996 -0.04592818 -0.03546959 -0.07937389 -0.04582649 -0.03549224 -0.07930886 -0.045789 -0.03535979 0.07950472 -0.04590207 -0.03519338 -0.08634734 -0.03142786 -0.03542357 0.07944494 -0.04586756 -0.03528159 -0.08631676 -0.03141671 -0.03546959 0.07937389 -0.04582649 -0.03549224 0.07930886 -0.045789 -0.03535979 -0.08626765 -0.03139883 -0.03519338 0.07039099 -0.05906504 -0.03542357 -0.0862028 -0.03137522 -0.03528159 0.07036608 -0.05904412 -0.03546959 -0.08612567 -0.03134715 -0.03549224 -0.08605521 -0.03132152 -0.03535979 0.07032603 -0.05901056 -0.03519338 -0.0904929 -0.01595634 -0.03542357 0.07027316 -0.05896615 -0.03528159 -0.09046089 -0.01595067 -0.03546959 0.07021033 -0.0589134 -0.03549224 0.07015281 -0.05886518 -0.03535979 -0.09040945 -0.01594161 -0.03519338 0.05906504 -0.07039099 -0.03542357 -0.09034144 -0.01592963 -0.03528159 0.05904412 -0.07036608 -0.03546959 -0.09026062 -0.01591539 -0.03535979 0.05901056 -0.07032603 -0.03549224 -0.09018671 -0.01590234 -0.03542357 0.05896615 -0.07027316 -0.03519338 -0.0918889 0 -0.03546959 0.0589134 -0.07021033 -0.03528159 -0.09185636 0 -0.03549224 0.05886518 -0.07015281 -0.03519338 0.04594445 -0.07957816 -0.03535979 -0.09180414 0 -0.03542357 -0.09173512 0 -0.03528159 0.04592818 -0.07954996 -0.03546959 -0.09165304 0 -0.03549224 -0.091578 0 -0.03535979 0.04590207 -0.07950472 -0.03519338 -0.0904929 0.01595634 -0.03542357 0.04586756 -0.07944494 -0.03546959 0.04582649 -0.07937389 -0.03528159 -0.09046089 0.01595067 -0.03549224 0.045789 -0.07930886 -0.03535979 -0.09040945 0.01594161 -0.03519338 0.03142786 -0.08634734 -0.03542357 -0.09034144 0.01592963 -0.03528159 0.03141671 -0.08631676 -0.03546959 -0.09026062 0.01591539 -0.03549224 -0.09018671 0.01590234 -0.03535979 0.03139883 -0.08626765 -0.03519338 -0.08634734 0.03142786 -0.03542357 0.03137522 -0.0862028 -0.03546959 0.03134715 -0.08612567 -0.03528159 -0.08631676 0.03141671 -0.03549224 0.03132152 -0.08605521 -0.03535979 -0.08626765 0.03139883 -0.03519338 0.01595634 -0.0904929 -0.03542357 -0.0862028 0.03137522 -0.03546959 -0.08612567 0.03134715 -0.03528159 0.01595067 -0.09046089 -0.03549224 -0.08605521 0.03132152 -0.03535979 0.01594161 -0.09040945 -0.03519338 -0.07957816 0.04594445 -0.03528159 -0.07954996 0.04592818 -0.03542357 0.01592963 -0.09034144 -0.03535979 -0.07950472 0.04590207 -0.03546959 0.01591539 -0.09026062 -0.03549224 0.01590234 -0.09018671 -0.03542357 -0.07944494 0.04586756 -0.03546959 -0.07937389 0.04582649 -0.03549224 -0.07930886 0.045789 -0.03519338 -0.07039099 0.05906504 -0.03528159 -0.07036608 0.05904412 -0.03535979 -0.07032603 0.05901056 -0.03542357 -0.07027316 0.05896615 -0.03546959 -0.07021033 0.0589134 -0.03549224 -0.07015281 0.05886518 -0.02951097 -0.05887508 0.07016456 -0.02954357 -0.04584079 0.07939857 -0.02951097 -0.04579669 0.07932215 -0.02954357 -0.05893176 0.07023215 -0.02959579 -0.05898201 0.07029205 -0.02959579 -0.04587984 0.07946628 -0.02966487 -0.05902308 0.07034093 -0.02966487 -0.04591178 0.07952153 -0.02974689 -0.05905258 0.07037615 -0.02974689 -0.04593473 0.07956135 -0.02982199 -0.04594612 0.07958108 -0.02982199 -0.05906718 0.07039356 -0.02951097 -0.03132677 0.08606958 -0.02951097 0 -0.09159338 -0.02954357 -0.03135693 0.08615249 -0.02959579 -0.03138369 0.08622598 -0.02966487 -0.0314055 0.08628594 -0.02974689 -0.03142124 0.0863291 -0.02982199 -0.03142899 0.0863505 -0.02951097 -0.01590502 0.09020185 -0.02954357 -0.01592034 0.09028875 -0.02959579 -0.01593387 0.0903657 -0.02966487 -0.01594495 0.09042859 -0.02974689 -0.01595294 0.09047383 -0.02982199 -0.01595687 0.09049624 -0.02951097 0 0.09159338 -0.02954357 0 0.09168159 -0.02959579 0 0.09175974 -0.02966487 0 0.09182357 -0.02974689 0 0.09186953 -0.02982199 0 0.0918923 -0.02951097 0.01590502 0.09020185 -0.02954357 0.01592034 0.09028875 -0.02959579 0.01593387 0.0903657 -0.02966487 0.01594495 0.09042859 -0.02974689 0.01595294 0.09047383 -0.02982199 0.01595687 0.09049624 -0.02951097 0.03132677 0.08606958 -0.02954357 0.03135693 0.08615249 -0.02959579 0.03138369 0.08622598 -0.02966487 0.0314055 0.08628594 -0.02974689 0.03142124 0.0863291 -0.02982199 0.03142899 0.0863505 -0.02951097 0.04579669 0.07932215 -0.02954357 0.04584079 0.07939857 -0.02959579 0.04587984 0.07946628 -0.02966487 0.04591178 0.07952153 -0.02974689 0.04593473 0.07956135 -0.02982199 0.04594612 0.07958108 -0.02951097 0.05887508 0.07016456 -0.02954357 0.05893176 0.07023215 -0.02959579 0.05898201 0.07029205 -0.02966487 0.05902308 0.07034093 -0.02974689 0.05905258 0.07037615 -0.02982199 0.05906718 0.07039356 -0.02951097 0.07016456 0.05887508 -0.02954357 0.07023215 0.05893176 -0.02959579 0.07029205 0.05898201 -0.02966487 0.07034093 0.05902308 -0.02974689 0.07037615 0.05905258 -0.02982199 0.07039356 0.05906718 -0.02951097 0.07932215 0.04579669 -0.02954357 0.07939857 0.04584079 -0.02959579 0.07946628 0.04587984 -0.02966487 0.07952153 0.04591178 -0.02974689 0.07956135 0.04593473 -0.02982199 0.07958108 0.04594612 -0.02951097 -0.01590502 -0.09020185 -0.02954357 -0.01592034 -0.09028875 -0.02954357 0 -0.09168159 -0.02951097 0.08606958 0.03132677 -0.02959579 0 -0.09175974 -0.02959579 -0.01593387 -0.0903657 -0.02954357 0.08615249 0.03135693 -0.02966487 0 -0.09182357 -0.02974689 0 -0.09186953 -0.02966487 -0.01594495 -0.09042859 -0.02974689 -0.01595294 -0.09047383 -0.02959579 0.08622598 0.03138369 -0.02982199 -0.01595687 -0.09049624 -0.02966487 0.08628594 0.0314055 -0.02982199 0 -0.0918923 -0.02974689 0.0863291 0.03142124 -0.02951097 -0.03132677 -0.08606958 -0.02982199 0.0863505 0.03142899 -0.02954357 -0.03135693 -0.08615249 -0.02959579 -0.03138369 -0.08622598 -0.02951097 0.09020185 0.01590502 -0.02954357 0.09028875 0.01592034 -0.02966487 -0.0314055 -0.08628594 -0.02974689 -0.03142124 -0.0863291 -0.02959579 0.0903657 0.01593387 -0.02982199 -0.03142899 -0.0863505 -0.02966487 0.09042859 0.01594495 -0.02951097 -0.04579669 -0.07932215 -0.02974689 0.09047383 0.01595294 -0.02982199 0.09049624 0.01595687 -0.02954357 -0.04584079 -0.07939857 -0.02951097 0.09159338 0 -0.02959579 -0.04587984 -0.07946628 -0.02966487 -0.04591178 -0.07952153 -0.02954357 0.09168159 0 -0.02974689 -0.04593473 -0.07956135 -0.02959579 0.09175974 0 -0.02982199 -0.04594612 -0.07958108 -0.02966487 0.09182357 0 -0.02951097 -0.05887508 -0.07016456 -0.02974689 0.09186953 0 -0.02982199 0.0918923 0 -0.02954357 -0.05893176 -0.07023215 -0.02959579 -0.05898201 -0.07029205 -0.02951097 0.09020185 -0.01590502 -0.02954357 0.09028875 -0.01592034 -0.02966487 -0.05902308 -0.07034093 -0.02974689 -0.05905258 -0.07037615 -0.02959579 0.0903657 -0.01593387 -0.02982199 -0.05906718 -0.07039356 -0.02951097 -0.07016456 -0.05887508 -0.02966487 0.09042859 -0.01594495 -0.02974689 0.09047383 -0.01595294 -0.02954357 -0.07023215 -0.05893176 -0.02982199 0.09049624 -0.01595687 -0.02959579 -0.07029205 -0.05898201 -0.02951097 0.08606958 -0.03132677 -0.02966487 -0.07034093 -0.05902308 -0.02954357 0.08615249 -0.03135693 -0.02974689 -0.07037615 -0.05905258 -0.02982199 -0.07039356 -0.05906718 -0.02959579 0.08622598 -0.03138369 -0.02966487 0.08628594 -0.0314055 -0.02951097 -0.07932215 -0.04579669 -0.02974689 0.0863291 -0.03142124 -0.02954357 -0.07939857 -0.04584079 -0.02982199 0.0863505 -0.03142899 -0.02951097 0.07932215 -0.04579669 -0.02959579 -0.07946628 -0.04587984 -0.02966487 -0.07952153 -0.04591178 -0.02954357 0.07939857 -0.04584079 -0.02974689 -0.07956135 -0.04593473 -0.02982199 -0.07958108 -0.04594612 -0.02959579 0.07946628 -0.04587984 -0.02966487 0.07952153 -0.04591178 -0.02951097 -0.08606958 -0.03132677 -0.02974689 0.07956135 -0.04593473 -0.02954357 -0.08615249 -0.03135693 -0.02982199 0.07958108 -0.04594612 -0.02959579 -0.08622598 -0.03138369 -0.02951097 0.07016456 -0.05887508 -0.02966487 -0.08628594 -0.0314055 -0.02954357 0.07023215 -0.05893176 -0.02974689 -0.0863291 -0.03142124 -0.02982199 -0.0863505 -0.03142899 -0.02959579 0.07029205 -0.05898201 -0.02951097 -0.09020185 -0.01590502 -0.02966487 0.07034093 -0.05902308 -0.02974689 0.07037615 -0.05905258 -0.02954357 -0.09028875 -0.01592034 -0.02982199 0.07039356 -0.05906718 -0.02959579 -0.0903657 -0.01593387 -0.02951097 0.05887508 -0.07016456 -0.02966487 -0.09042859 -0.01594495 -0.02974689 -0.09047383 -0.01595294 -0.02954357 0.05893176 -0.07023215 -0.02959579 0.05898201 -0.07029205 -0.02982199 -0.09049624 -0.01595687 -0.02966487 0.05902308 -0.07034093 -0.02951097 -0.09159338 0 -0.02974689 0.05905258 -0.07037615 -0.02954357 -0.09168159 0 -0.02982199 0.05906718 -0.07039356 -0.02959579 -0.09175974 0 -0.02951097 0.04579669 -0.07932215 -0.02966487 -0.09182357 0 -0.02954357 0.04584079 -0.07939857 -0.02974689 -0.09186953 0 -0.02982199 -0.0918923 0 -0.02959579 0.04587984 -0.07946628 -0.02951097 -0.09020185 0.01590502 -0.02966487 0.04591178 -0.07952153 -0.02974689 0.04593473 -0.07956135 -0.02954357 -0.09028875 0.01592034 -0.02982199 0.04594612 -0.07958108 -0.02959579 -0.0903657 0.01593387 -0.02951097 0.03132677 -0.08606958 -0.02966487 -0.09042859 0.01594495 -0.02954357 0.03135693 -0.08615249 -0.02974689 -0.09047383 0.01595294 -0.02982199 -0.09049624 0.01595687 -0.02959579 0.03138369 -0.08622598 -0.02951097 -0.08606958 0.03132677 -0.02966487 0.0314055 -0.08628594 -0.02974689 0.03142124 -0.0863291 -0.02954357 -0.08615249 0.03135693 -0.02982199 0.03142899 -0.0863505 -0.02959579 -0.08622598 0.03138369 -0.02951097 0.01590502 -0.09020185 -0.02966487 -0.08628594 0.0314055 -0.02954357 0.01592034 -0.09028875 -0.02974689 -0.0863291 0.03142124 -0.02982199 -0.0863505 0.03142899 -0.02959579 0.01593387 -0.0903657 -0.02951097 -0.07932215 0.04579669 -0.02966487 0.01594495 -0.09042859 -0.02954357 -0.07939857 0.04584079 -0.02974689 0.01595294 -0.09047383 -0.02959579 -0.07946628 0.04587984 -0.02982199 0.01595687 -0.09049624 -0.02966487 -0.07952153 0.04591178 -0.02974689 -0.07956135 0.04593473 -0.02982199 -0.07958108 0.04594612 -0.02951097 -0.07016456 0.05887508 -0.02954357 -0.07023215 0.05893176 -0.02959579 -0.07029205 0.05898201 -0.02966487 -0.07034093 0.05902308 -0.02974689 -0.07037615 0.05905258 -0.02982199 -0.07039356 0.05906718 -0.02947819 0.02317422 0.08397001 -0.02941757 0.015114 0.08571588 -0.02949446 0.02318596 0.08401256 -0.02945208 0.02316385 0.08393234 -0.02941757 0.02315533 0.08390158 -0.0293765 0.02314925 0.08387941 -0.0293765 0.01511001 0.08569324 -0.02933895 0.02314621 0.08386844 -0.02933895 0.01510804 0.08568203 -0.02941757 0.02976882 0.08178913 -0.0293765 0.02976095 0.08176755 -0.02933895 0.02975702 0.08175683 -0.02949446 0.03781437 0.07852238 -0.02933895 0 -0.08700382 -0.02947819 0.03779524 0.07848268 -0.02945208 0.03777825 0.07844746 -0.02941757 0.03776443 0.07841867 -0.0293765 0.03775447 0.07839798 -0.02933895 0.03774952 0.07838773 -0.02941757 0.04351907 0.07537728 -0.0293765 0.04350757 0.07535737 -0.02933895 0.04350191 0.07534754 -0.02949446 0.05122739 0.07050848 -0.02947819 0.05120146 0.07047277 -0.02945208 0.05117851 0.07044118 -0.02941757 0.05115973 0.07041537 -0.0293765 0.05114626 0.07039678 -0.02933895 0.05113953 0.07038754 -0.02941757 0.05594706 0.06667512 -0.0293765 0.05593228 0.06665748 -0.02933895 0.05592495 0.06664878 -0.02949446 0.06299394 0.06022834 -0.02947819 0.06296205 0.06019788 -0.02945208 0.0629338 0.06017088 -0.02941757 0.06291073 0.06014883 -0.0293765 0.06289416 0.06013292 -0.02933895 0.06288594 0.06012511 -0.02941757 0.06667512 0.05594706 -0.0293765 0.06665748 0.05593228 -0.02933895 0.06664878 0.05592495 -0.02949446 0.07273578 0.04801249 -0.02947819 0.07269901 0.04798817 -0.02945208 0.07266634 0.04796665 -0.02941757 0.0726397 0.04794907 -0.0293765 0.07262057 0.04793637 -0.02933895 0.07261103 0.04793012 -0.02941757 0.07537728 0.04351907 -0.0293765 0.07535737 0.04350757 -0.02933895 0.07534754 0.04350191 -0.02949446 0.08013987 0.03425341 -0.02947819 0.08009928 0.03423607 -0.02945208 0.08006334 0.03422069 -0.02941757 0.08003401 0.03420817 -0.0293765 0.08001291 0.03419911 -0.02933895 0.08000242 0.03419464 -0.02941757 0.08178913 0.02976882 -0.0293765 0.08176755 0.02976095 -0.02933895 0.08175683 0.02975702 -0.02949446 0.08496814 0.01939344 -0.02947819 0.08492517 0.0193836 -0.02945208 0.08488708 0.0193749 -0.02941757 0.08485591 0.01936781 -0.0293765 0.08483356 0.01936268 -0.02949446 0 -0.08715331 -0.02933895 0.08482247 0.01936018 -0.02947819 0 -0.0871092 -0.02941757 0.08571588 0.015114 -0.02945208 0 -0.0870701 -0.02941757 0 -0.08703815 -0.0293765 0.08569324 0.01511001 -0.0293765 0 -0.08701521 -0.02933895 0.08568203 0.01510804 -0.02949446 0.08706551 0.003910064 -0.02947819 -0.01512634 -0.0857858 -0.02947819 0.08702147 0.003908097 -0.02945208 -0.01511955 -0.0857473 -0.02945208 0.08698242 0.003906369 -0.02941757 -0.015114 -0.08571588 -0.02941757 0.08695054 0.003904938 -0.0293765 -0.01511001 -0.08569324 -0.0293765 0.08692759 0.003903865 -0.02933895 -0.01510804 -0.08568203 -0.02933895 0.0869162 0.003903388 -0.02947819 -0.02979308 -0.08185583 -0.02949446 0.08636456 -0.01169884 -0.02945208 -0.02977973 -0.08181911 -0.02947819 0.08632081 -0.01169294 -0.02945208 0.08628207 -0.01168769 -0.02941757 -0.02976882 -0.08178913 -0.02941757 0.08625042 -0.0116834 -0.0293765 -0.02976095 -0.08176755 -0.0293765 0.08622771 -0.0116803 -0.02933895 -0.02975702 -0.08175683 -0.02933895 0.08621644 -0.01167881 -0.02949446 0.0828877 -0.02693182 -0.02945208 -0.04353505 -0.07540488 -0.02941757 -0.04351907 -0.07537728 -0.02947819 0.08284574 -0.02691817 -0.02945208 0.08280855 -0.02690613 -0.0293765 -0.04350757 -0.07535737 -0.02941757 0.08277821 -0.02689623 -0.02933895 -0.04350191 -0.07534754 -0.0293765 0.0827564 -0.02688914 -0.02933895 0.08274555 -0.02688562 -0.02945208 -0.05596756 -0.06669956 -0.02949446 0.07674682 -0.04129922 -0.02941757 -0.05594706 -0.06667512 -0.02947819 0.07670795 -0.0412783 -0.0293765 -0.05593228 -0.06665748 -0.02945208 0.0766735 -0.04125976 -0.02933895 -0.05592495 -0.06664878 -0.02941757 0.07664543 -0.04124462 -0.0293765 0.07662522 -0.04123377 -0.02945208 -0.06669956 -0.05596756 -0.02933895 0.07661515 -0.04122835 -0.02941757 -0.06667512 -0.05594706 -0.0293765 -0.06665748 -0.05593228 -0.02949446 0.06813919 -0.05433917 -0.02947819 0.06810468 -0.05431169 -0.02933895 -0.06664878 -0.05592495 -0.02945208 0.0680741 -0.05428731 -0.02945208 -0.07540488 -0.04353505 -0.02941757 0.06804919 -0.0542674 -0.02941757 -0.07537728 -0.04351907 -0.0293765 0.06803119 -0.0542531 -0.02933895 0.06802231 -0.054246 -0.0293765 -0.07535737 -0.04350757 -0.02949446 0.05734151 -0.06563264 -0.02933895 -0.07534754 -0.04350191 -0.02947819 0.05731248 -0.06559944 -0.02945208 0.05728679 -0.06556999 -0.02941757 -0.08178913 -0.02976882 -0.0293765 -0.08176755 -0.02976095 -0.02941757 0.05726575 -0.06554597 -0.02933895 -0.08175683 -0.02975702 -0.0293765 0.05725067 -0.06552869 -0.02933895 0.05724316 -0.0655201 -0.02941757 -0.08571588 -0.015114 -0.02949446 0.04470086 -0.07481664 -0.0293765 -0.08569324 -0.01511001 -0.02947819 0.04467821 -0.07477879 -0.02933895 -0.08568203 -0.01510804 -0.02945208 0.04465818 -0.07474523 -0.02941757 -0.08703815 0 -0.02941757 0.04464179 -0.07471781 -0.0293765 0.04463005 -0.07469809 -0.0293765 -0.08701521 0 -0.02933895 0.0446242 -0.07468831 -0.02933895 -0.08700382 0 -0.02949446 0.03062343 -0.08159595 -0.02941757 -0.08571588 0.015114 -0.02947819 0.03060793 -0.08155465 -0.02945208 0.03059422 -0.08151805 -0.0293765 -0.08569324 0.01511001 -0.02933895 -0.08568203 0.01510804 -0.02941757 0.03058302 -0.08148819 -0.0293765 0.03057491 -0.08146667 -0.02949446 -0.08496814 0.01939344 -0.02933895 0.03057092 -0.081456 -0.02949446 0.01556181 -0.08575272 -0.02947819 0.01555395 -0.08570927 -0.02947819 -0.08492517 0.0193836 -0.02945208 0.01554691 -0.08567082 -0.02941757 0.01554125 -0.08563947 -0.02945208 -0.08488708 0.0193749 -0.0293765 0.01553714 -0.08561682 -0.02933895 0.01553511 -0.08560562 -0.02941757 -0.08485591 0.01936781 -0.0293765 -0.08483356 0.01936268 -0.02933895 -0.08482247 0.01936018 -0.02941757 -0.08178913 0.02976882 -0.0293765 -0.08176755 0.02976095 -0.02933895 -0.08175683 0.02975702 -0.02949446 -0.08013987 0.03425341 -0.02947819 -0.08009928 0.03423607 -0.02945208 -0.08006334 0.03422069 -0.02941757 -0.08003401 0.03420817 -0.0293765 -0.08001291 0.03419911 -0.02933895 -0.08000242 0.03419464 -0.02941757 -0.07537728 0.04351907 -0.0293765 -0.07535737 0.04350757 -0.02933895 -0.07534754 0.04350191 -0.02949446 -0.07273578 0.04801249 -0.02947819 -0.07269901 0.04798817 -0.02945208 -0.07266634 0.04796665 -0.02941757 -0.0726397 0.04794907 -0.0293765 -0.07262057 0.04793637 -0.02933895 -0.07261103 0.04793012 -0.02941757 -0.06667512 0.05594706 -0.0293765 -0.06665748 0.05593228 -0.02933895 -0.06664878 0.05592495 -0.02949446 -0.06299394 0.06022834 -0.02947819 -0.06296205 0.06019788 -0.02945208 -0.0629338 0.06017088 -0.02941757 -0.06291073 0.06014883 -0.0293765 -0.06289416 0.06013292 -0.02933895 -0.06288594 0.06012511 -0.02941757 -0.05594706 0.06667512 -0.0293765 -0.05593228 0.06665748 -0.02933895 -0.05592495 0.06664878 -0.02949446 -0.05122739 0.07050848 -0.02947819 -0.05120146 0.07047277 -0.02945208 -0.05117851 0.07044118 -0.02941757 -0.05115973 0.07041537 -0.0293765 -0.05114626 0.07039678 -0.02933895 -0.05113953 0.07038754 -0.02941757 -0.04351907 0.07537728 -0.0293765 -0.04350757 0.07535737 -0.02933895 -0.04350191 0.07534754 -0.02949446 -0.03781437 0.07852238 -0.02947819 -0.03779524 0.07848268 -0.02945208 -0.03777825 0.07844746 -0.02941757 -0.03776443 0.07841867 -0.0293765 -0.03775447 0.07839798 -0.02933895 -0.03774952 0.07838773 -0.02941757 -0.02976882 0.08178913 -0.0293765 -0.02976095 0.08176755 -0.02933895 -0.02975702 0.08175683 -0.02949446 -0.02318596 0.08401256 -0.02947819 -0.02317422 0.08397001 -0.02945208 -0.02316385 0.08393234 -0.02941757 -0.02315533 0.08390158 -0.0293765 -0.02314925 0.08387941 -0.02933895 -0.02314621 0.08386844 -0.02941757 -0.015114 0.08571588 -0.0293765 -0.01511001 0.08569324 -0.02933895 -0.01510804 0.08568203 -0.02949446 -0.007812321 0.08680242 -0.02947819 -0.007808387 0.08675849 -0.02945208 -0.00780487 0.08671957 -0.02941757 -0.007802009 0.0866878 -0.0293765 -0.007799983 0.08666491 -0.02933895 -0.00779891 0.08665359 -0.02941757 0 0.08703815 -0.0293765 0 0.08701521 -0.02933895 0 0.08700382 -0.02949446 0.007812321 0.08680242 -0.02947819 0.007808387 0.08675849 -0.02945208 0.00780487 0.08671957 -0.02941757 0.007802009 0.0866878 -0.0293765 0.007799983 0.08666491 -0.02933895 0.00779891 0.08665359 -0.03560918 -0.03775733 0.07840389 -0.03565329 -0.05114054 0.07038891 -0.03565329 -0.03775024 0.07838922 -0.03560918 -0.05115008 0.07040208 -0.03557008 -0.03776866 0.07842743 -0.03557008 -0.05116546 0.07042324 -0.03553819 -0.03778362 0.07845854 -0.03553819 -0.05118572 0.07045114 -0.03551518 -0.03780144 0.0784955 -0.03551518 -0.05120986 0.07048434 -0.0355038 -0.03781771 0.07852929 -0.0355038 -0.05123192 0.07051467 -0.03565329 0 -0.08700549 -0.03565329 -0.02314662 0.08387005 -0.03560918 -0.02315098 0.08388578 -0.03557008 -0.02315795 0.08391094 -0.03553819 -0.02316713 0.0839442 -0.03551518 -0.02317804 0.08398377 -0.0355038 -0.02318799 0.08401995 -0.03565329 -0.007799088 0.08665525 -0.03560918 -0.007800519 0.08667147 -0.03557008 -0.007802903 0.08669745 -0.03553819 -0.007806003 0.08673185 -0.03551518 -0.007809638 0.08677273 -0.0355038 -0.007813036 0.08681011 -0.03565329 0.007799088 0.08665525 -0.03560918 0.007800519 0.08667147 -0.03557008 0.007802903 0.08669745 -0.03553819 0.007806003 0.08673185 -0.03551518 0.007809638 0.08677273 -0.0355038 0.007813036 0.08681011 -0.03565329 0.02314662 0.08387005 -0.03560918 0.02315098 0.08388578 -0.03557008 0.02315795 0.08391094 -0.03553819 0.02316713 0.0839442 -0.03551518 0.02317804 0.08398377 -0.0355038 0.02318799 0.08401995 -0.03565329 0.03775024 0.07838922 -0.03560918 0.03775733 0.07840389 -0.03557008 0.03776866 0.07842743 -0.03553819 0.03778362 0.07845854 -0.03551518 0.03780144 0.0784955 -0.0355038 0.03781771 0.07852929 -0.03565329 0.05114054 0.07038891 -0.03560918 0.05115008 0.07040208 -0.03557008 0.05116546 0.07042324 -0.03553819 0.05118572 0.07045114 -0.03551518 0.05120986 0.07048434 -0.0355038 0.05123192 0.07051467 -0.03565329 0.06288713 0.06012624 -0.03560918 0.06289887 0.06013751 -0.03557008 0.06291776 0.06015557 -0.03553819 0.06294274 0.06017941 -0.03551518 0.06297236 0.06020772 -0.0355038 0.06299948 0.06023365 -0.03565329 0.07261246 0.04793107 -0.03560918 0.07262605 0.04794001 -0.03557008 0.07264786 0.04795444 -0.03553819 0.07267665 0.04797345 -0.03551518 0.07271087 0.04799604 -0.0355038 0.07274222 0.04801666 -0.03565329 0.08000397 0.0341953 -0.03560918 0.08001893 0.03420174 -0.03557008 0.08004295 0.03421199 -0.03553819 0.08007472 0.03422558 -0.03565329 -0.01553541 -0.08560729 -0.03551518 0.08011239 0.03424167 -0.03560918 -0.01553833 -0.08562326 -0.03560918 0 -0.08702176 -0.0355038 0.0801469 0.03425639 -0.03557008 -0.01554298 -0.08564901 -0.03557008 0 -0.08704787 -0.03565329 0.08482408 0.01936054 -0.03553819 -0.01554912 -0.08568298 -0.03553819 0 -0.08708244 -0.03560918 0.08483994 0.01936411 -0.03551518 -0.01555645 -0.08572334 -0.03551518 0 -0.08712345 -0.0355038 -0.01556318 -0.08576023 -0.0355038 0 -0.08716094 -0.03557008 0.08486545 0.01936995 -0.03565329 -0.03057152 -0.08145761 -0.03553819 0.08489906 0.01937764 -0.03551518 0.08493906 0.01938676 -0.03560918 -0.03057724 -0.08147281 -0.0355038 0.08497565 0.01939511 -0.03557008 -0.03058642 -0.08149731 -0.03553819 -0.03059858 -0.08152961 -0.03565329 0.08691787 0.003903448 -0.03560918 0.08693414 0.003904163 -0.03551518 -0.03061294 -0.081568 -0.0355038 -0.03062611 -0.0816031 -0.03557008 0.08696025 0.003905355 -0.03565329 -0.04462504 -0.07468974 -0.03553819 0.08699476 0.003906905 -0.03551518 0.08703571 0.003908753 -0.03560918 -0.04463338 -0.07470375 -0.0355038 0.0870732 0.003910422 -0.03557008 -0.04464679 -0.07472616 -0.03565329 0.08621805 -0.01167899 -0.03553819 -0.0446645 -0.07475578 -0.03560918 0.08623421 -0.01168119 -0.03551518 -0.04468554 -0.07479101 -0.0355038 -0.04470479 -0.0748232 -0.03557008 0.08626008 -0.01168471 -0.03553819 0.08629429 -0.01168936 -0.03565329 -0.0572443 -0.06552135 -0.03551518 0.08633494 -0.01169484 -0.03560918 -0.05725497 -0.06553363 -0.0355038 0.08637213 -0.01169985 -0.03557008 -0.05727219 -0.0655533 -0.03565329 0.08274716 -0.02688616 -0.03553819 -0.0572949 -0.06557929 -0.03551518 -0.0573219 -0.06561017 -0.03560918 0.08276265 -0.02689117 -0.0355038 -0.05734658 -0.06563842 -0.03557008 0.08278745 -0.02689927 -0.03565329 -0.06802362 -0.05424702 -0.03553819 0.08282029 -0.02690994 -0.03560918 -0.06803637 -0.05425715 -0.03551518 0.08285933 -0.02692258 -0.0355038 0.08289498 -0.0269342 -0.03557008 -0.06805676 -0.05427348 -0.03565329 0.07661664 -0.04122918 -0.03553819 -0.06808376 -0.054295 -0.03560918 0.076631 -0.04123687 -0.03551518 -0.06811583 -0.05432057 -0.0355038 -0.06814515 -0.05434393 -0.03557008 0.07665401 -0.04124927 -0.03565329 -0.07661664 -0.04122918 -0.03553819 0.07668441 -0.0412656 -0.03560918 -0.076631 -0.04123687 -0.03551518 0.07672053 -0.04128503 -0.0355038 0.07675355 -0.04130285 -0.03557008 -0.07665401 -0.04124927 -0.03565329 0.06802362 -0.05424702 -0.03553819 -0.07668441 -0.0412656 -0.03560918 0.06803637 -0.05425715 -0.03551518 -0.07672053 -0.04128503 -0.0355038 -0.07675355 -0.04130285 -0.03557008 0.06805676 -0.05427348 -0.03565329 -0.08274716 -0.02688616 -0.03553819 0.06808376 -0.054295 -0.03551518 0.06811583 -0.05432057 -0.03560918 -0.08276265 -0.02689117 -0.0355038 0.06814515 -0.05434393 -0.03557008 -0.08278745 -0.02689927 -0.03565329 0.0572443 -0.06552135 -0.03553819 -0.08282029 -0.02690994 -0.03560918 0.05725497 -0.06553363 -0.03551518 -0.08285933 -0.02692258 -0.0355038 -0.08289498 -0.0269342 -0.03557008 0.05727219 -0.0655533 -0.03565329 -0.08621805 -0.01167899 -0.03553819 0.0572949 -0.06557929 -0.03551518 0.0573219 -0.06561017 -0.03560918 -0.08623421 -0.01168119 -0.0355038 0.05734658 -0.06563842 -0.03557008 -0.08626008 -0.01168471 -0.03565329 0.04462504 -0.07468974 -0.03553819 -0.08629429 -0.01168936 -0.03560918 0.04463338 -0.07470375 -0.03551518 -0.08633494 -0.01169484 -0.0355038 -0.08637213 -0.01169985 -0.03557008 0.04464679 -0.07472616 -0.03565329 -0.08691787 0.003903448 -0.03553819 0.0446645 -0.07475578 -0.03551518 0.04468554 -0.07479101 -0.03560918 -0.08693414 0.003904163 -0.0355038 0.04470479 -0.0748232 -0.03557008 -0.08696025 0.003905355 -0.03565329 0.03057152 -0.08145761 -0.03553819 -0.08699476 0.003906905 -0.03551518 -0.08703571 0.003908753 -0.03560918 0.03057724 -0.08147281 -0.0355038 -0.0870732 0.003910422 -0.03565329 -0.08482408 0.01936054 -0.03557008 0.03058642 -0.08149731 -0.03553819 0.03059858 -0.08152961 -0.03551518 0.03061294 -0.081568 -0.03560918 -0.08483994 0.01936411 -0.0355038 0.03062611 -0.0816031 -0.03557008 -0.08486545 0.01936995 -0.03565329 0.01553541 -0.08560729 -0.03553819 -0.08489906 0.01937764 -0.03551518 -0.08493906 0.01938676 -0.03560918 0.01553833 -0.08562326 -0.0355038 -0.08497565 0.01939511 -0.03565329 -0.08000397 0.0341953 -0.03557008 0.01554298 -0.08564901 -0.03560918 -0.08001893 0.03420174 -0.03553819 0.01554912 -0.08568298 -0.03551518 0.01555645 -0.08572334 -0.03557008 -0.08004295 0.03421199 -0.03553819 -0.08007472 0.03422558 -0.0355038 0.01556318 -0.08576023 -0.03551518 -0.08011239 0.03424167 -0.0355038 -0.0801469 0.03425639 -0.03565329 -0.07261246 0.04793107 -0.03560918 -0.07262605 0.04794001 -0.03557008 -0.07264786 0.04795444 -0.03553819 -0.07267665 0.04797345 -0.03551518 -0.07271087 0.04799604 -0.0355038 -0.07274222 0.04801666 -0.03565329 -0.06288713 0.06012624 -0.03560918 -0.06289887 0.06013751 -0.03557008 -0.06291776 0.06015557 -0.03553819 -0.06294274 0.06017941 -0.03551518 -0.06297236 0.06020772 -0.0355038 -0.06299948 0.06023365 -0.02858328 -0.05112916 -0.07037329 -0.02847295 -0.03772419 -0.07833516 -0.02858328 -0.03774183 -0.07837182 -0.02847295 -0.05110526 -0.07034039 -0.02837526 -0.03769588 -0.07827633 -0.02837526 -0.05106687 -0.07028752 -0.02829545 -0.03765845 -0.07819855 -0.02829545 -0.05101615 -0.07021772 -0.02823805 -0.03761392 -0.07810616 -0.02823805 -0.05095589 -0.07013475 -0.02820956 -0.03757321 -0.07802164 -0.02820956 -0.05090075 -0.07005888 -0.02858328 -0.0231415 -0.08385145 -0.02847295 -0.02313071 -0.08381223 -0.02837526 -0.02311331 -0.08374929 -0.02829545 -0.02309036 -0.08366608 -0.02823805 -0.02306306 -0.0835672 -0.02820956 -0.02303808 -0.08347678 -0.02858328 -0.00779736 -0.086636 -0.02847295 -0.007793724 -0.08659547 -0.02837526 -0.007787823 -0.08653044 -0.02829545 -0.007780134 -0.08644449 -0.02823805 -0.007770895 -0.08634233 -0.02820956 -0.007762491 -0.08624887 -0.02858328 0.00779736 -0.086636 -0.02847295 0.007793724 -0.08659547 -0.02837526 0.007787823 -0.08653044 -0.02829545 0.007780134 -0.08644449 -0.02823805 0.007770895 -0.08634233 -0.02820956 0.007762491 -0.08624887 -0.02858328 0.0231415 -0.08385145 -0.02847295 0.02313071 -0.08381223 -0.02837526 0.02311331 -0.08374929 -0.02829545 0.02309036 -0.08366608 -0.02823805 0.02306306 -0.0835672 -0.02820956 0.02303808 -0.08347678 -0.02858328 0.03774183 -0.07837182 -0.02847295 0.03772419 -0.07833516 -0.02837526 0.03769588 -0.07827633 -0.02829545 0.03765845 -0.07819855 -0.02823805 0.03761392 -0.07810616 -0.02820956 0.03757321 -0.07802164 -0.02858328 0.05112916 -0.07037329 -0.02847295 0.05110526 -0.07034039 -0.02837526 0.05106687 -0.07028752 -0.02829545 0.05101615 -0.07021772 -0.02823805 0.05095589 -0.07013475 -0.02820956 0.05090075 -0.07005888 -0.02858328 0.06287312 -0.06011289 -0.02847295 0.06284373 -0.06008476 -0.02837526 0.06279653 -0.06003963 -0.02829545 0.06273418 -0.05997997 -0.02823805 0.06266003 -0.0599091 -0.02820956 0.06259226 -0.05984431 -0.02858328 0.07259631 -0.0479204 -0.02847295 0.07256239 -0.04789799 -0.02837526 0.07250785 -0.04786199 -0.02829545 0.07243585 -0.04781448 -0.02823805 0.07235026 -0.04775798 -0.02820956 0.072272 -0.0477063 -0.02858328 0.07998621 -0.03418773 -0.02847295 0.07994878 -0.03417176 -0.02837526 0.07988876 -0.03414607 -0.02858328 0 0.08698618 -0.02858328 -0.01553195 0.08558827 -0.02829545 0.07980936 -0.03411215 -0.02823805 0.07971507 -0.03407186 -0.02847295 -0.01552468 0.08554822 -0.02847295 0 0.08694547 -0.02820956 0.07962882 -0.03403496 -0.02837526 0 0.0868802 -0.02837526 -0.01551306 0.08548396 -0.02858328 0.08480525 -0.01935625 -0.02829545 0 0.08679389 -0.02829545 -0.01549762 0.08539903 -0.02847295 0.08476555 -0.01934719 -0.02823805 -0.01547932 0.08529818 -0.02823805 0 0.08669131 -0.02820956 -0.01546257 0.08520585 -0.02820956 0 0.0865975 -0.02837526 0.08470189 -0.01933264 -0.02829545 0.08461779 -0.01931345 -0.02858328 -0.03056472 0.08143949 -0.02823805 0.08451777 -0.01929062 -0.02820956 0.08442634 -0.01926976 -0.02847295 -0.03055042 0.0814014 -0.02837526 -0.03052747 0.08134025 -0.02858328 0.08689856 -0.003902614 -0.02829545 -0.03049719 0.08125942 -0.02847295 0.08685791 -0.003900766 -0.02823805 -0.03046113 0.08116346 -0.02820956 -0.03042817 0.0810756 -0.02837526 0.0867927 -0.003897845 -0.02829545 0.08670645 -0.003893971 -0.02858328 -0.04461514 0.07467317 -0.02823805 0.08660405 -0.003889381 -0.02847295 -0.04459422 0.07463824 -0.02820956 0.08651036 -0.003885149 -0.02837526 -0.04456079 0.07458221 -0.02858328 0.08619892 0.01167643 -0.02829545 -0.0445165 0.07450807 -0.02847295 0.08615857 0.01167094 -0.02823805 -0.04446393 0.07442003 -0.02820956 -0.04441577 0.07433956 -0.02837526 0.0860939 0.01166218 -0.02829545 0.08600836 0.01165062 -0.02858328 -0.05723154 0.06550681 -0.02823805 0.08590674 0.01163685 -0.02847295 -0.05720478 0.06547617 -0.02820956 0.08581382 0.01162421 -0.02858328 0.08272874 0.0268802 -0.02837526 -0.0571618 0.06542694 -0.02847295 0.08269006 0.02686762 -0.02829545 -0.05710506 0.06536197 -0.02823805 -0.05703759 0.06528472 -0.02820956 -0.05697584 0.06521409 -0.02837526 0.08262795 0.02684742 -0.02829545 0.08254587 0.02682077 -0.02858328 -0.06800854 0.05423498 -0.02823805 0.08244836 0.02678906 -0.02847295 -0.06797671 0.05420958 -0.02820956 0.08235913 0.0267601 -0.02858328 0.07659965 0.04122 -0.02837526 -0.06792563 0.05416887 -0.02829545 -0.06785815 0.05411505 -0.02847295 0.07656377 0.04120069 -0.02823805 -0.06777799 0.05405116 -0.02820956 -0.06770467 0.05399268 -0.02837526 0.07650631 0.04116976 -0.02829545 0.07643026 0.04112887 -0.02858328 -0.07659965 0.04122 -0.02823805 0.07634001 0.04108029 -0.02847295 -0.07656377 0.04120069 -0.02820956 0.0762574 0.04103583 -0.02858328 0.06800854 0.05423498 -0.02837526 -0.07650631 0.04116976 -0.02847295 0.06797671 0.05420958 -0.02829545 -0.07643026 0.04112887 -0.02823805 -0.07634001 0.04108029 -0.02820956 -0.0762574 0.04103583 -0.02837526 0.06792563 0.05416887 -0.02829545 0.06785815 0.05411505 -0.02858328 -0.08272874 0.0268802 -0.02823805 0.06777799 0.05405116 -0.02847295 -0.08269006 0.02686762 -0.02820956 0.06770467 0.05399268 -0.02858328 0.05723154 0.06550681 -0.02837526 -0.08262795 0.02684742 -0.02847295 0.05720478 0.06547617 -0.02829545 -0.08254587 0.02682077 -0.02823805 -0.08244836 0.02678906 -0.02837526 0.0571618 0.06542694 -0.02820956 -0.08235913 0.0267601 -0.02829545 0.05710506 0.06536197 -0.02858328 -0.08619892 0.01167643 -0.02823805 0.05703759 0.06528472 -0.02820956 0.05697584 0.06521409 -0.02847295 -0.08615857 0.01167094 -0.02858328 0.04461514 0.07467317 -0.02837526 -0.0860939 0.01166218 -0.02847295 0.04459422 0.07463824 -0.02829545 -0.08600836 0.01165062 -0.02823805 -0.08590674 0.01163685 -0.02837526 0.04456079 0.07458221 -0.02820956 -0.08581382 0.01162421 -0.02829545 0.0445165 0.07450807 -0.02858328 -0.08689856 -0.003902614 -0.02823805 0.04446393 0.07442003 -0.02820956 0.04441577 0.07433956 -0.02847295 -0.08685791 -0.003900766 -0.02858328 0.03056472 0.08143949 -0.02837526 -0.0867927 -0.003897845 -0.02847295 0.03055042 0.0814014 -0.02829545 -0.08670645 -0.003893971 -0.02823805 -0.08660405 -0.003889381 -0.02820956 -0.08651036 -0.003885149 -0.02837526 0.03052747 0.08134025 -0.02829545 0.03049719 0.08125942 -0.02858328 -0.08480525 -0.01935625 -0.02823805 0.03046113 0.08116346 -0.02820956 0.03042817 0.0810756 -0.02847295 -0.08476555 -0.01934719 -0.02858328 0.01553195 0.08558827 -0.02837526 -0.08470189 -0.01933264 -0.02847295 0.01552468 0.08554822 -0.02829545 -0.08461779 -0.01931345 -0.02823805 -0.08451777 -0.01929062 -0.02837526 0.01551306 0.08548396 -0.02820956 -0.08442634 -0.01926976 -0.02829545 0.01549762 0.08539903 -0.02858328 -0.07998621 -0.03418773 -0.02823805 0.01547932 0.08529818 -0.02847295 -0.07994878 -0.03417176 -0.02820956 0.01546257 0.08520585 -0.02837526 -0.07988876 -0.03414607 -0.02829545 -0.07980936 -0.03411215 -0.02823805 -0.07971507 -0.03407186 -0.02820956 -0.07962882 -0.03403496 -0.02858328 -0.07259631 -0.0479204 -0.02847295 -0.07256239 -0.04789799 -0.02837526 -0.07250785 -0.04786199 -0.02829545 -0.07243585 -0.04781448 -0.02823805 -0.07235026 -0.04775798 -0.02820956 -0.072272 -0.0477063 -0.02858328 -0.06287312 -0.06011289 -0.02847295 -0.06284373 -0.06008476 -0.02837526 -0.06279653 -0.06003963 -0.02829545 -0.06273418 -0.05997997 -0.02823805 -0.06266003 -0.0599091 -0.02820956 -0.06259226 -0.05984431 -0.02849996 -0.07164418 0.04729187 -0.02849996 -0.05045855 0.06945031 -0.02849996 -0.06204849 0.05932444 -0.02849996 -0.007695078 0.0854997 -0.02849996 -0.02283799 0.08275163 -0.02849996 -0.03724688 0.07734394 -0.02849996 -0.08575886 0.003851413 -0.02849996 -0.07893711 0.03373932 -0.02849996 -0.08369296 0.01910233 -0.02849996 0.02283799 0.08275163 -0.02849996 0.007695078 0.0854997 -0.02849996 -0.0816437 -0.02652764 -0.02849996 -0.08506834 -0.01152324 -0.02849996 -0.05648094 -0.06464761 -0.02849996 -0.07559496 -0.04067939 -0.02849996 -0.06711655 -0.05352365 -0.02849996 0.07893711 0.03373932 -0.02849996 0.07164418 0.04729187 -0.02849996 0.06204849 0.05932444 -0.02849996 0.05045855 0.06945031 -0.02849996 0.03724688 0.07734394 -0.02849996 0 -0.08584529 -0.02849996 0.08575886 0.003851413 -0.02849996 0.08369296 0.01910233 -0.02849996 -0.04402995 -0.07369375 -0.02849996 -0.03016388 -0.08037132 -0.02849996 -0.01532822 -0.08446568 -0.02849996 0.0816437 -0.02652764 -0.02849996 0.08506834 -0.01152324 -0.02849996 0.03016388 -0.08037132 -0.02849996 0.01532822 -0.08446568 -0.02849996 0.07559496 -0.04067939 -0.02849996 0.04402995 -0.07369375 -0.02849996 0.06711655 -0.05352365 -0.02849996 0.05648094 -0.06464761</float_array>
          <technique_common>
            <accessor source="#Mesh-mesh-positions-array" count="4271" stride="3">
              <param name="X" type="float"/>
              <param name="Y" type="float"/>
              <param name="Z" type="float"/>
            </accessor>
          </technique_common>
        </source>
        <source id="Mesh-mesh-normals">
          <float_array id="Mesh-mesh-normals-array" count="18843">-0.1629144 -0.1667426 -0.9724484 -0.1809406 -0.08571726 -0.9797516 -0.1809406 0.08571726 -0.9797516 -0.1628876 0 -0.9866447 -0.1629144 0.1667426 -0.9724484 -0.180885 0.2545495 -0.9499922 -0.1713999 -0.08355158 0.9816524 -0.172375 -0.08585125 0.9812831 -0.1807732 0.4156556 -0.8913761 -0.1629931 0.3286848 -0.9302685 -0.1733285 -0.2549014 0.9513058 -0.1806056 0.5641447 -0.8056815 -0.1704825 -0.2482894 0.9535661 -0.1631248 0.4811627 -0.8613205 -0.1803821 0.6955077 -0.6955081 -0.1742255 -0.4161546 0.8924466 -0.1633092 0.6197858 -0.7675909 -0.1696174 -0.4059323 0.898025 -0.1801027 0.805757 -0.5641974 -0.1635466 0.7405652 -0.6517788 -0.1750659 -0.5647191 0.8065014 -0.1688042 -0.5519392 0.8166201 -0.1797673 0.8915435 -0.4157331 -0.1638361 0.8400226 -0.5172232 -0.1758503 -0.6960873 0.6960886 -0.1680424 -0.6820993 0.7116898 -0.1793756 0.9502593 -0.2546209 -0.1673339 -0.7926616 0.5862482 -0.1641782 0.9152984 -0.367797 -0.1765779 -0.8062804 0.5645639 -0.178928 0.9801182 -0.08574992 -0.1645728 0.9642264 -0.2078059 -0.1666766 -0.8804352 0.4439064 -0.1772496 -0.8919572 0.4159268 -0.1784248 0.9802092 0.08575791 -0.1650202 0.9854015 -0.04185968 -0.1660723 -0.9428892 0.2887563 -0.1778652 -0.9505241 0.2546918 -0.1778652 0.9505241 0.2546918 -0.16552 0.9782186 0.1252657 -0.16552 -0.9782186 0.1252657 -0.1784248 -0.9802092 0.08575791 -0.1772496 0.8919572 0.4159268 -0.1660723 0.9428892 0.2887563 -0.1650202 -0.9854015 -0.04185968 -0.1666765 0.8804352 0.4439064 -0.178928 -0.9801182 -0.08574992 -0.1765779 0.8062804 0.5645639 -0.1645728 -0.9642264 -0.2078059 -0.1793756 -0.9502593 -0.2546209 -0.1673338 0.7926616 0.5862482 -0.1758503 0.6960873 0.6960886 -0.1641782 -0.9152984 -0.367797 -0.1797673 -0.8915435 -0.4157331 -0.1680424 0.6820993 0.7116898 -0.1750659 0.5647191 0.8065014 -0.1638361 -0.8400226 -0.5172232 -0.1801027 -0.805757 -0.5641974 -0.1688042 0.5519392 0.8166201 -0.1742255 0.4161546 0.8924466 -0.1635466 -0.7405652 -0.6517788 -0.1803821 -0.6955077 -0.6955081 -0.1696174 0.4059323 0.898025 -0.1733285 0.2549014 0.9513058 -0.1633092 -0.6197858 -0.7675909 -0.1704824 0.2482894 0.9535661 -0.172375 0.08585125 0.9812831 -0.1806056 -0.5641447 -0.8056815 -0.1713999 0.08355158 0.9816524 -0.1631247 -0.4811627 -0.8613205 -0.1807732 -0.4156556 -0.8913761 -0.1629931 -0.3286848 -0.9302685 -0.180885 -0.2545495 -0.9499922 0 -0.1785569 0.9839297 0 -0.1785572 0.9839296 0 -0.3513755 0.9362346 0 -0.3513758 0.9362345 0 -0.5128982 0.8584495 0 0.08963924 -0.9959743 0 -0.5128988 0.8584491 0 0.08963912 -0.9959743 0 -0.6579385 0.7530717 0 -0.6579397 0.7530707 0 0.2660374 -0.9639628 0 0.266038 -0.9639626 0 -0.7818313 0.6234901 0 -0.7818318 0.6234894 0 0.4338837 -0.9009689 0 0.4338839 -0.9009689 0 -0.8805954 0.4738692 0 -0.8805952 0.4738694 0 0.5877851 -0.8090172 0 0.5877851 -0.8090172 0 -0.9510567 0.3090165 0 -0.9510565 0.3090172 0 0.7227948 -0.6910628 0 -0.9909498 0.1342335 0 -0.9909498 0.1342335 0 0.8345733 -0.550897 0 0.8345734 -0.5508968 0 -0.998993 -0.04486554 0 -0.9989932 -0.04486483 0 0.9195278 -0.3930253 0 0.9195277 -0.3930253 0 -0.9749279 -0.2225214 0 -0.9749283 -0.2225199 0 0.9749279 -0.2225212 0 0.9749282 -0.22252 0 -0.9195275 -0.3930259 0 -0.919528 -0.3930247 0 0.998993 -0.04486554 0 0.9989932 -0.04486483 0 -0.8345729 -0.5508975 0 -0.8345738 -0.5508964 0 0.9909498 0.1342335 0 0.9909498 0.1342335 0 -0.7227945 -0.6910631 0 0.9510567 0.3090165 0 -0.7227952 -0.6910624 0 0.9510565 0.3090172 0 -0.5877856 -0.8090168 0 -0.5877846 -0.8090175 0 0.8805955 0.4738688 0 0.880595 0.4738697 0 -0.433884 -0.9009688 0 -0.4338836 -0.900969 0 0.7818318 0.6234894 0 0.7818313 0.6234901 0 -0.266038 -0.9639626 0 -0.2660374 -0.9639628 0 0.6579393 0.753071 0 -0.08963924 -0.9959743 0 0.6579389 0.7530714 0 -0.08963912 -0.9959743 0 0.512899 0.858449 0 0.5128981 0.8584496 0 0.3513759 0.9362345 0 0.3513755 0.9362346 0 0.1785572 0.9839295 0 0.1785568 0.9839297 0 0 1 -0.49945 -0.3044129 0.8110995 0.4754638 -0.371793 0.7973106 -0.4935851 -0.4460653 0.7465921 0 0.08715647 -0.9961947 0.4680793 -0.5068626 0.723873 0.06114506 0.2583358 -0.9641183 0.4580351 -0.6285721 0.6285706 -0.06289911 0.08946138 -0.9940022 -0.485194 -0.5753065 0.6584901 0.4452232 -0.7334856 0.5135905 0.1180044 0.4196665 -0.899975 -0.474251 -0.6883143 0.5489166 -0.1215707 0.2640622 -0.9568133 0.1703268 0.5651959 -0.8071817 0.4295081 -0.8184539 0.3816493 -0.1755363 0.427147 -0.8869795 -0.4605593 -0.7816398 0.420624 0.217958 0.6901047 -0.6901086 0.4106452 -0.8807269 0.235989 -0.224625 0.5727633 -0.7883437 -0.4439193 -0.8522099 0.2769008 0.2608165 0.7907993 -0.5537249 -0.268881 0.6961774 -0.6656126 0.3884366 -0.9179691 0.08031147 -0.4241564 -0.8973931 0.1215611 -0.3084213 0.7938871 -0.5240417 0.2990573 0.8648304 -0.4032779 0.3626054 -0.9283966 -0.08122354 -0.4010012 -0.9151552 -0.0410999 -0.3434174 0.8636043 -0.3691235 0.3329102 0.9108282 -0.2440553 0.3329105 -0.910828 -0.2440552 -0.3741866 -0.9041026 -0.2063563 -0.3741871 0.9041023 -0.2063565 0.3626059 0.9283964 -0.0812236 0.2990576 -0.8648307 -0.4032773 -0.343417 -0.8636044 -0.3691235 -0.4010006 0.9151554 -0.04109984 0.388436 0.9179692 0.08031135 0.2608189 -0.7907995 -0.5537234 -0.3084229 -0.7938871 -0.5240407 -0.4241564 0.8973931 0.1215611 0.4106447 0.880727 0.235989 -0.2688834 -0.696178 -0.665611 -0.4439178 0.8522109 0.2769002 0.2179608 -0.6901051 -0.6901074 0.4295097 0.8184527 0.3816501 -0.2246219 -0.5727648 -0.7883437 -0.4605583 0.7816409 0.4206231 0.17033 -0.5651955 -0.8071815 0.4452232 0.7334856 0.5135905 -0.1755452 -0.427146 -0.8869782 0.1179997 -0.4196674 -0.8999753 -0.4742506 0.688315 0.5489161 0.4580347 0.628573 0.6285701 -0.1215752 -0.2640628 -0.9568127 0.06114822 -0.258336 -0.964118 -0.485194 0.5753065 0.6584901 0.4680793 0.5068626 0.723873 -0.06289601 -0.08946168 -0.9940024 0 -0.08715647 -0.9961947 -0.4935851 0.4460653 0.7465921 0.4754638 0.371793 0.7973106 0.4804065 0.2269965 0.8471612 -0.49945 0.3044129 0.8110995 0.4828094 0.07632482 0.8723931 -0.5029647 0.1543278 0.8504173 -0.504128 0 0.863629 0.4828094 -0.07632482 0.8723931 -0.5029647 -0.1543278 0.8504173 0.4804065 -0.2269971 0.8471611 1 0 0 0.8525924 -0.5187665 -0.06298947 0.8644439 -0.5027293 0 0.8644477 -0.4881149 0.1203079 0.9002005 0.3583877 -0.2473812 0.8595114 -0.4779022 0.1812444 0.8778358 -0.4478371 0.1698422 0.8595075 -0.4779083 0.1812475 0.8595403 0.507342 -0.06160223 0.8526008 0.4886045 0.1853041 0.8775205 0.317992 0.3589415 0.8508715 0.3932608 0.3483731 0.8644334 0.4881374 0.1203199 0.8644371 0.4881311 0.1203181 0.8653379 0.1964397 0.4610878 0.8549059 0.1323184 0.5016251 0.8653094 0.196461 0.4611322 0.8631873 0.08094066 0.4983536 0.7746083 -0.3900381 -0.4978476 0.9126746 -0.2520452 -0.321712 0.7746061 0.4978506 -0.3900386 0.888679 -0.2130874 -0.4060093 0.854376 0 -0.5196554 0.8644448 -0.4451425 -0.2336308 0.9091337 0.3278659 -0.2568655 0.8644491 -0.4881125 -0.1203083 0.8675172 0.2311545 -0.4404336 0.8778358 -0.4754695 -0.05773264 0.8595137 -0.5073861 -0.06160819 0.8595106 -0.5073914 -0.06160837 0.8644448 -0.2855829 -0.4137365 0.8644427 -0.3763012 -0.3333712 0.8778386 -0.394173 -0.2720795 0.8595088 -0.4206442 -0.2903501 0.8595094 -0.4206433 -0.2903496 0.8644451 -0.06059759 -0.4990618 0.8644436 -0.1782695 -0.4700611 0.8595091 -0.2375312 -0.4525738 0.8595139 -0.2375228 -0.4525691 0.8778405 -0.2225825 -0.4240911 0.8644451 0.1782684 -0.4700585 0.8644451 0.06059759 -0.4990618 0.8778367 0 -0.4789601 0.859513 0 -0.511114 0.8595118 0 -0.5111162 0.8644441 0.3762993 -0.3333694 0.8644452 0.285583 -0.4137355 0.8778405 0.2225825 -0.4240911 0.8595129 0.2375227 -0.4525711 0.8595087 0.237532 -0.4525743 0.8595096 0.4206432 -0.2903494 0.8595067 0.4206467 -0.2903523 0.8644491 0.4881125 -0.1203083 0.864445 0.4451422 -0.2336308 0.8778386 0.394173 -0.2720795 0.8644477 0.4881149 0.1203079 0.859515 0.507384 -0.06160783 0.8644439 0.5027293 0 0.8595106 0.5073914 -0.06160867 0.8778358 0.4754695 -0.05773264 0.864443 -0.2855852 0.4137383 0.8644474 -0.1782698 0.4700538 0.8868533 -0.05569314 0.4586824 0.8644452 0.3762966 0.33337 0.8644452 0.4451419 0.2336307 0.8595123 0.4779009 0.1812441 0.8595104 0.4779037 0.1812454 0.8778358 0.4478371 0.1698422 0.8868536 0.05569308 0.4586818 0.8644479 0.1782696 0.4700531 0.8644433 0.2855845 0.4137384 0.8595108 0.3389327 0.3825778 0.859511 0.3389334 0.3825771 0.8778382 0.3176068 0.3585055 0.8631873 -0.08094185 0.4983535 0.8549063 -0.1323189 0.5016244 0.8653079 -0.1964605 0.4611352 0.8653399 -0.1964368 0.4610852 0.8644438 -0.4451441 0.233632 0.8644454 -0.3762959 0.3333701 0.8775201 -0.3179925 0.358942 0.859507 -0.3389369 0.3825827 0.8595122 -0.3389316 0.3825759 0.8508708 -0.3932619 0.3483733 0.8778382 -0.3176068 0.3585055 0.852598 -0.4886088 0.1853056 0.8644334 -0.4881374 0.1203199 0.8644371 -0.4881311 0.1203181 0.8644452 -0.502727 0 0.8644555 -0.5027093 0 0.8775206 -0.3946524 -0.2724102 0 -0.8854542 -0.4647266 0 -0.8854538 -0.4647276 0 -0.9709423 -0.239314 0 -0.970942 -0.2393151 0 0.1205329 0.9927093 0 -1 0 0 0.3546073 0.9350154 0 -0.9709424 0.2393137 0 0.3546072 0.9350154 0 -0.9709426 0.2393125 0 0.5680674 0.8229821 0 -0.8854538 0.4647276 0 -0.8854542 0.4647266 0 0.5680673 0.8229821 0 0.74851 0.6631236 0 -0.74851 0.6631236 0 0.8854538 0.4647276 0 -0.5680673 0.8229821 0 0.8854542 0.4647266 0 -0.5680674 0.8229821 0 -0.3546072 0.9350154 0 0.9709424 0.2393137 0 -0.3546073 0.9350154 0 -0.1205329 0.9927093 0 0.9709426 0.2393125 0 -0.1205329 0.9927093 0 1 0 0 0.9709423 -0.239314 0 0.970942 -0.2393151 0 0.8854542 -0.4647266 0 0.8854538 -0.4647276 0 0.7485127 -0.6631205 0 0.5680673 -0.8229821 0 0.5680674 -0.8229821 0 0.3546019 -0.9350174 0 0.3546018 -0.9350174 0 0.120539 -0.9927086 0 0.120539 -0.9927086 0 -0.120539 -0.9927086 0 -0.3546018 -0.9350174 0 -0.3546019 -0.9350174 0 -0.5680673 -0.8229821 0 -0.5680674 -0.8229821 0 -0.7485127 -0.6631205 0 -0.9709417 -0.2393164 0 -0.9709416 0.2393166 0 0.1205462 0.9927077 0 -0.8854538 0.4647275 0 -0.9709433 0.2393098 0 0.3546079 0.9350151 0 0.1205436 0.992708 0 -0.7485126 0.6631206 0 -0.8854568 0.4647219 0 0.568063 0.8229852 0 0.3546006 0.9350179 0 -0.5680664 0.8229827 0 -0.748509 0.6631247 0 0.7485126 0.6631206 0 0.568056 0.82299 0 -0.3546031 0.935017 0 -0.5680594 0.8229877 0 0.8854568 0.4647217 0 -0.1205436 0.992708 0 -0.3546029 0.935017 0 -0.1205427 0.9927082 0 0.9709416 0.2393166 0 0.8854598 0.4647161 0 0.9709399 0.2393236 0 0.9709417 -0.2393163 0 0.9709399 -0.2393233 0 0.8854565 -0.4647224 0 0.7485098 -0.6631237 0 0.8854596 -0.4647167 0 0.5680613 -0.8229864 0 0.7485098 -0.6631239 0 0.568068 -0.8229817 0 0.3546062 -0.9350159 0 0.3546134 -0.9350131 0 0.1205291 -0.9927098 0 0.1205317 -0.9927095 0 -0.1205282 -0.9927099 0 -0.1205291 -0.9927098 0 -0.3546086 -0.9350149 0 -0.3546085 -0.9350149 0 -0.5680648 -0.822984 0 -0.5680714 -0.8229793 0 -0.7485063 -0.6631278 0 -0.7485098 -0.6631239 0 -0.8854565 -0.4647224 0 -0.9709435 -0.2393094 0 -0.8854535 -0.4647282 1 5.96142e-7 0 1 -5.96143e-7 0 1 2.9807e-7 0 1 -9.21304e-7 0 1 9.21301e-7 0 1 2.30328e-7 0 1 -5.96141e-7 0 1 1.84262e-6 0 1 -2.30327e-7 0 1 -1.49035e-7 0 1 7.45178e-7 0 1 -9.21312e-7 0 1 4.47103e-7 0 1 -1.84261e-6 0 1 9.213e-7 0 1 5.96146e-7 0 1 -9.21307e-7 0 1 2.30325e-7 0 1 -5.96142e-7 0 1 2.30327e-7 0 1 -2.9807e-7 0 1 9.21304e-7 0 1 -9.21306e-7 0 0 -0.8854578 -0.4647198 0 -0.9709402 -0.2393224 0 -0.970939 -0.2393271 0 0.1205393 0.9927086 0 0.3546057 0.935016 0 -0.970939 0.239327 0 -0.9709402 0.2393223 0 0.3546073 0.9350154 0 -0.8854578 0.4647198 0 0.5680617 0.8229861 0 0.568064 0.8229845 0 -0.7485105 0.6631229 0 0.7485105 0.6631229 0 -0.5680617 0.8229861 0 -0.3546073 0.9350154 0 0.8854578 0.4647198 0 -0.5680594 0.8229876 0 0.8854557 0.4647237 0 -0.354609 0.9350148 0 -0.1205387 0.9927086 0 0.9709413 0.2393176 0 -0.1205381 0.9927087 0 0.9709426 0.239313 0 0.9709424 -0.2393131 0 0.9709414 -0.2393178 0 0.8854557 -0.4647237 0 0.8854578 -0.4647198 0 0.7485105 -0.6631229 0 0.568064 -0.8229845 0 0.5680617 -0.8229861 0 0.3546057 -0.935016 0 0.3546073 -0.9350154 0 0.1205366 -0.9927089 0 -0.120536 -0.992709 0 -0.1205354 -0.9927091 0 -0.354609 -0.9350148 0 -0.3546073 -0.9350154 0 -0.5680617 -0.8229861 0 -0.5680594 -0.8229876 0 -0.7485105 -0.6631229 0.001085221 -0.8776717 -0.4792612 -0.001104116 -0.960515 -0.2782259 0 -0.3919702 0.9199779 -9.35917e-4 -0.9991881 -0.04027843 9.19072e-4 -0.9659275 -0.2588112 -1.46566e-4 -0.1604138 0.9870499 1.48014e-4 -0.3907319 0.9205046 -7.60197e-4 -0.979792 0.2000175 7.48134e-4 -0.9997171 -0.02377939 -2.9038e-4 0.08046489 0.9967575 2.93692e-4 -0.1564305 0.987689 -5.78933e-4 -0.903447 0.4286993 5.7086e-4 -0.9771482 0.2125586 -4.31005e-4 0.3166702 0.9485356 4.34727e-4 0.08715128 0.9961951 -3.91791e-4 -0.7746092 0.6324402 3.86982e-4 -0.8994827 0.4369562 -1.99496e-4 -0.6007404 0.7994441 1.96011e-4 -0.7711231 0.6366861 -5.67271e-4 0.5344614 0.8451928 5.73755e-4 0.3255712 0.9455174 0 -0.5992681 0.8005484 -7.01264e-4 0.7211998 0.6927269 7.08386e-4 0.5446371 0.8386715 -8.30902e-4 0.8660245 0.5000009 8.41247e-4 0.7313564 0.681995 -9.57522e-4 0.9605171 0.2782193 9.69859e-4 0.874622 0.4848046 -0.001081705 0.9991886 0.04026383 0.001094758 0.9659228 0.2588285 -0.00120157 0.9797888 -0.2000314 0.001217305 0.9998471 0.01744771 -0.001319289 0.903452 -0.4286874 0.001335561 0.9743689 -0.2249523 0.001451015 0.8910067 -0.4539882 -0.001433134 0.7746046 -0.6324443 0.001563608 0.7547064 -0.6560608 -0.001543581 0.6007367 -0.7994456 0.001671433 0.5735811 -0.8191471 -0.001651465 0.3919704 -0.9199764 0.001778304 0.3583617 -0.9335812 -0.001754403 0.1604055 -0.9870496 0.001879274 0.1218758 -0.9925436 -0.001856327 -0.08046543 -0.9967557 0.001686692 -0.1187216 -0.9929261 -0.001717805 -0.3166676 -0.948535 0.001545369 -0.3494632 -0.9369488 -0.001573503 -0.5344637 -0.8451901 0.001398086 -0.5605062 -0.828149 -0.00142306 -0.7211922 -0.6927336 0.001245796 -0.7399551 -0.6726552 -0.001265406 -0.8660364 -0.4999793 1 0 0 1 -4.60654e-7 0 1 2.98071e-7 0 1 5.96139e-7 0 1 0 0 1 -5.96143e-7 0 1 1.84263e-6 0 1 -9.2131e-7 0 1 5.9614e-7 0 1 -4.60653e-7 0 1 -2.98071e-7 0 1 2.30326e-7 0 1 -1.49036e-7 0 1 -1.8426e-6 0 1 1.84261e-6 0 1 -2.30327e-7 0 1 -1.72745e-7 0 1 2.9807e-7 0 1 2.30328e-7 0 1 4.47103e-7 0 1 -4.60655e-7 0 1 9.21302e-7 0 1 -2.98069e-7 0 1 -3.45488e-7 0 1 -2.23553e-7 0 1 0 0 1 4.60655e-7 0 1 -5.96141e-7 0 1 -2.30327e-7 0 1 9.21311e-7 0 1 -2.30328e-7 0 0 -0.5344597 -0.8451941 0 -0.5344641 -0.8451912 0 -0.721202 -0.692725 0 -0.7212044 -0.6927224 0 -0.3919695 0.9199783 0 -0.8660274 -0.4999965 0 -0.3919677 0.9199791 0 -0.8660254 -0.5000002 0 -0.1604125 0.9870501 0 -0.9605183 -0.2782171 0 -0.160411 0.9870504 0 -0.9991887 -0.04027247 0 0.08046776 0.9967572 0 -0.9991892 -0.04026257 0 0.0804674 0.9967573 0 -0.9797901 0.2000286 0 0.3166691 0.9485362 0 0.3166661 0.9485371 0 -0.903451 0.4286912 0 -0.774605 0.6324454 0 0.5344658 0.8451902 0 0.5344635 0.8451916 0 -0.7746074 0.6324424 0 -0.6007387 0.7994455 0 0.7212016 0.6927253 0 -0.6007411 0.7994437 0 0.7212041 0.6927227 0 0.8660264 0.4999985 0 0.9605183 0.278217 0 0.999189 0.04026758 0 0.9797911 -0.2000239 0 0.9797891 -0.2000333 0 0.9034512 -0.4286909 0 0.774605 -0.6324454 0 0.7746074 -0.6324424 0 0.6007406 -0.7994441 0 0.6007382 -0.7994459 0 0.3919685 -0.9199787 0 0.1604103 -0.9870505 0 0.1604095 -0.9870507 0 -0.0804637 -0.9967576 0 -0.08046329 -0.9967576 0 -0.3166717 -0.9485353 0.002438068 -0.3420242 -0.939688 -0.00256586 -0.4999947 -0.8660247 0.002200067 -0.5495103 -0.8354841 -0.002308845 -0.6927252 -0.721198 0 -0.799439 0.6007473 -0.002015471 -0.8451883 -0.534465 0.001924455 -0.727372 -0.6862407 -2.57915e-4 -0.6324431 0.7746069 2.60968e-4 -0.7980175 0.6026344 -0.001686036 -0.9485352 -0.3166673 0.001612663 -0.8660204 -0.5000061 -5.03482e-4 -0.428698 0.9034477 5.13532e-4 -0.6269217 0.7790821 -0.001319169 -0.9967562 -0.08046936 0.001264393 -0.9579892 -0.2868017 -7.39448e-4 -0.2000201 0.9797915 7.54811e-4 -0.4179611 0.9084646 -9.15964e-4 -0.9870498 0.160412 8.79367e-4 -0.9983077 -0.05814599 -9.65803e-4 0.04025888 0.9991888 -4.76272e-4 -0.9199807 0.3919634 4.57933e-4 -0.9848068 0.1736536 9.8534e-4 -0.1837495 0.9829727 0 -0.9182179 0.3960758 -0.001180231 0.2782172 0.9605175 0.001206874 0.06156361 0.9981026 -0.001386046 0.5000087 0.8660194 0.001417517 0.3031488 0.9529423 -0.001582205 0.6927167 0.7212082 0.001617312 0.52643 0.8502171 -0.001766502 0.8451894 0.534464 0.001808822 0.717913 0.6961305 -0.001941442 0.9485349 0.3166672 0.001988768 0.866023 0.5000002 -0.002105891 0.9967555 0.08046156 0.002157688 0.9618237 0.2736614 0.002316474 0.9995229 0.03080236 -0.002260506 0.9870477 -0.1604117 0.002465486 0.9768443 -0.2139379 -0.002404689 0.9199769 -0.3919653 0.002604544 0.8951607 -0.4457358 -0.002537488 0.7994394 -0.6007413 0.002732634 0.7594013 -0.6506169 -0.002660989 0.6324445 -0.7746012 0.002851366 0.5777716 -0.8161936 -0.002774834 0.4286867 -0.903449 0.002959489 0.361235 -0.9324702 -0.002877295 0.2000316 -0.9797853 0.003058612 0.1228917 -0.9924154 -0.002969622 -0.0402671 -0.9991846 0.002640545 -0.1160907 -0.9932351 -0.002785325 -0.2782163 -0.9605144 1 4.47108e-7 0 1 -4.60653e-7 0 1 -1.49034e-7 0 1 -1.86294e-7 0 1 -1.19228e-6 0 1 -4.47109e-7 0 1 1.49034e-7 0 1 -1.84262e-6 0 1 -1.49035e-7 0 1 -2.30326e-7 0 1 -2.30326e-7 0 1 1.49035e-7 0 1 1.72745e-7 0 1 5.18231e-7 0 1 5.47027e-7 0 1 5.75817e-7 0 1 -5.96139e-7 0 1 6.90984e-7 0 1 4.60653e-7 0 1 -2.9807e-7 0 1 2.98069e-7 0 1 -9.21309e-7 0 0 -0.04026669 -0.999189 0 -0.2782167 -0.9605184 0 -0.2782154 -0.9605187 0 -0.500005 -0.8660227 0 -0.799443 0.600742 0 -0.6927214 -0.7212054 0 -0.6927239 -0.721203 0 -0.6324415 0.7746081 0 -0.6324439 0.7746062 0 -0.8451904 -0.5344653 0 -0.8451883 -0.5344688 0 -0.4286956 0.903449 0 -0.4286938 0.90345 0 -0.948537 -0.3166664 0 -0.9967575 -0.08046585 0 -0.2000294 0.97979 0 -0.2000284 0.9797901 0 -0.9967566 -0.08047568 0 -0.98705 0.1604128 0 0.04026645 0.9991891 0 -0.9870508 0.160408 0 -0.9199782 0.3919698 0 0.2782204 0.9605173 0 0.2782217 0.9605169 0 0.5000008 0.8660249 0 0.4999987 0.8660262 0 0.6927226 0.7212042 0 0.6927239 0.721203 0 0.8451893 0.5344671 0 0.948537 0.3166664 0 0.9485363 0.3166686 0 0.9967573 0.08046829 0 0.9967575 0.08046585 0 0.98705 -0.1604128 0 0.9870496 -0.1604152 0 0.9199782 -0.3919698 0 0.91998 -0.3919656 0 0.7994461 -0.600738 0 0.7994448 -0.6007395 0 0.6324449 -0.7746054 0 0.6324461 -0.7746044 0 0.4286927 -0.9034505 0 0.4286908 -0.9034513 0 0.2000257 -0.9797907 0 0.2000247 -0.9797909 0 -0.04026687 -0.999189 0.003517746 0.1236885 -0.9923149 -0.003340959 0 -0.9999945 -0.003274202 -0.2393121 -0.9709372 0.002864241 -0.1119514 -0.9937096 0 -0.992708 0.1205438 0.002728283 -0.3302909 -0.9438753 -0.003067493 -0.464721 -0.885452 -3.43201e-4 -0.9350159 0.3546057 3.50448e-4 -0.9923205 0.1236933 -0.002726793 -0.6631221 -0.7485063 0.002455592 -0.5320323 -0.8467206 -6.65825e-4 -0.8229904 0.568055 6.84484e-4 -0.9315883 0.3635146 -0.002249419 -0.822984 -0.5680602 0.002045273 -0.7070991 -0.7071115 -9.70833e-4 -0.6631209 0.7485117 9.98649e-4 -0.8138492 0.5810754 -0.001635909 -0.9350154 -0.3546034 0.001500725 -0.8467262 -0.5320268 -0.001257538 -0.4647169 0.8854585 -8.86234e-4 -0.9927078 -0.1205424 0.001295268 -0.6463006 0.7630819 8.17964e-4 -0.9438822 -0.3302814 0 -0.993712 -0.1119666 -0.001526415 -0.2393188 0.9709399 0.001572132 -0.4391964 0.8983897 -0.001776993 0 0.9999985 0.001831293 -0.2052162 0.978715 -0.002007484 0.2393181 0.9709392 0.002072274 0.0413292 0.9991435 -0.002220571 0.4647175 0.8854562 0.002295374 0.285333 0.9584258 -0.002415418 0.6631238 0.7485059 0.002497732 0.5118824 0.859052 -0.002591013 0.8229817 0.568062 0.002683639 0.7071042 0.7071043 0.002849519 0.8590493 0.5118852 -0.002749443 0.9350106 0.3546091 0.002998948 0.9584242 0.2853316 -0.002887487 0.9927054 0.1205307 0.003127872 0.9991409 0.04132533 -0.003008246 0.9927053 -0.1205294 0.003239333 0.9787114 -0.2052158 -0.003109753 0.935011 -0.3546053 0.003331661 0.898386 -0.4391945 -0.003192782 0.8229767 -0.5680662 0.00340563 0.7630791 -0.6462962 -0.003258168 0.6631237 -0.7485027 0.003460705 0.5810805 -0.8138388 -0.00330621 0.4647206 -0.8854513 0.003499031 0.3634956 -0.9315894 -0.003332734 0.2393124 -0.970937 1 2.98073e-7 0 1 -2.98072e-7 0 1 -2.98068e-7 0 1 5.96138e-7 0 1 -1.84262e-6 0 1 5.96141e-7 0 1 4.60649e-7 0 1 -6.90984e-7 0 1 2.98072e-7 0 1 9.21319e-7 0 1 -9.21299e-7 0 1 -5.96138e-7 0 0 0.4647197 -0.8854578 0 0.4647192 -0.8854581 0 0.2393238 -0.9709399 0 0.2393235 -0.9709399 0 -0.9927085 0.1205409 0 0 -1 0 -0.9927087 0.1205385 0 -0.935016 0.3546058 0 -0.2393235 -0.9709399 0 -0.4647192 -0.8854581 0 -0.8229857 0.5680624 0 -0.4647197 -0.8854578 0 -0.6631242 -0.7485095 0 -0.6631228 -0.7485106 0 -0.6631231 0.7485104 0 -0.6631219 0.7485115 0 -0.8229868 -0.5680606 0 -0.9350152 -0.3546076 0 -0.4647207 0.8854574 0 -0.4647212 0.8854571 0 -0.9927086 -0.12054 0 -0.2393167 0.9709417 0 -0.9927088 -0.1205376 0 0.2393169 0.9709416 0 0.2393167 0.9709417 0 0.4647212 0.8854571 0 0.4647207 0.8854574 0 0.6631225 0.7485109 0 0.8229858 0.5680619 0 0.8229857 0.5680624 0 0.9350157 0.3546063 0 0.9350156 0.3546069 0 0.9927089 0.1205366 0 0.992709 -0.1205357 0 0.9350149 -0.3546087 0 0.935015 -0.3546081 0 0.822987 -0.5680602 0 0.8229868 -0.5680606 0 0.6631235 -0.7485101 0.002594947 0.7399501 -0.6726568 -0.002739369 0.6927262 -0.7211955 0.002681255 0.560501 -0.8281494 -0.002822399 0.4999897 -0.8660268 -0.002899229 0.2782198 -0.9605132 0.002760231 0.3494653 -0.9369453 0 -0.9192574 -0.3936569 -1.99681e-4 -0.9199799 -0.3919655 0.002834975 0.1187154 -0.9929243 -0.002970099 0.04026734 -0.9991846 -3.9279e-4 -0.9870501 -0.1604121 1.95586e-4 -0.986154 -0.1658324 -0.003326296 -0.2000218 -0.9797858 0.002378225 -0.1045248 -0.9945195 -5.79439e-4 -0.9967573 0.08046513 -0.003208816 -0.4286945 -0.9034439 3.85424e-4 -0.9974517 0.07134366 0.002495288 -0.3090021 -0.9510581 -7.60769e-4 -0.948536 0.3166685 5.70156e-4 -0.9525175 0.3044835 -0.002613425 -0.6324444 -0.7746013 0.002138018 -0.5000136 -0.866015 -9.35455e-4 -0.8451911 0.5344634 -0.001542866 -0.7994453 -0.6007369 7.47521e-4 -0.8538812 0.5204676 0.001307725 -0.6691292 -0.7431449 0 -0.8090181 -0.5877839 -0.001103937 -0.692727 0.7211992 9.19767e-4 -0.7071057 0.7071073 -0.001266896 -0.499998 0.8660256 0.001085519 -0.5204666 0.8538814 -0.001423418 -0.2782181 0.960517 0.001244306 -0.3044857 0.9525161 -0.001572489 -0.04026746 0.9991877 0.00139749 -0.07133573 0.9974515 -0.001717805 0.2000303 0.9797882 0.001546084 0.1658295 0.9861533 0.001687228 0.393647 0.9192602 -0.001855194 0.4286891 0.9034503 0.001821875 0.5992765 0.8005401 -0.001987934 0.6324419 0.7746053 0.001950919 0.7711181 0.6366894 -0.002113819 0.7994438 0.6007372 0.002072334 0.8994867 0.4369433 -0.002232611 0.9199751 0.3919707 0.002190768 0.9771452 0.2125617 -0.002346754 0.9870485 0.1604055 0.0023005 0.9997142 -0.02379786 -0.00245428 0.9967544 -0.08046489 0.00240457 0.9659244 -0.2588133 -0.002555906 0.9485327 -0.3166692 0.002502501 0.8776735 -0.4792526 -0.002650439 0.8451894 -0.5344605 1 -5.96144e-7 0 1 0 0 1 7.07914e-7 0 1 5.96144e-7 0 1 4.60656e-7 0 1 -3.45488e-7 0 1 0 0 1 6.90979e-7 0 1 -1.61229e-6 0 1 5.96139e-7 0 1 -9.21292e-7 0 1 -4.09845e-7 0 0 0.8451932 -0.5344611 0 0.6927226 -0.7212042 0 -0.9199789 -0.3919678 0 0.4999976 -0.8660268 0 -0.9199788 -0.3919684 0 0.4999982 -0.8660265 0 -0.9870504 -0.1604113 0 0.2782181 -0.960518 0 0.2782184 -0.960518 0 -0.9870501 -0.1604125 0 0.04026848 -0.999189 0 -0.9967573 0.0804677 0 0.04026854 -0.9991889 0 -0.9967573 0.0804671 0 -0.2000299 -0.9797899 0 -0.2000302 -0.9797897 0 -0.9485366 0.3166675 0 -0.4286907 -0.9034513 0 -0.6324442 -0.7746061 0 -0.8451902 0.5344658 0 -0.8451908 0.5344648 0 -0.7994442 -0.6007404 0 -0.6927236 0.7212032 0 -0.4999998 0.8660256 0 -0.2782167 0.9605184 0 -0.278216 0.9605185 0 -0.04026669 0.999189 0 -0.04026675 0.999189 0 0.2000287 0.97979 0 0.2000282 0.9797902 0 0.4286912 0.9034512 0 0.4286897 0.9034518 0 0.6324447 0.7746055 0 0.6324436 0.7746065 0 0.7994442 0.6007404 0 0.919979 0.3919677 0 0.9870508 0.1604083 0 0.9870504 0.1604107 0 0.9967578 -0.08046126 0 0.9967574 -0.08046615 0 0.9485355 -0.3166708 0.001380205 0.9999397 -0.01090401 -0.001460969 0.9991881 -0.04026377 0.001449227 0.9686885 -0.2482753 -0.001529395 0.9605169 -0.2782176 0.001518428 0.8819259 -0.4713857 -0.001597642 0.866022 -0.5000034 0 -0.6000751 -0.7999438 -9.17235e-5 -0.6007453 -0.7994406 0.00158447 0.7445988 -0.6675104 -0.001663386 0.721202 -0.6927229 -1.83353e-4 -0.7746023 -0.6324487 0.001649856 0.5646077 -0.8253579 -0.001729011 0.5344645 -0.8451893 9.16355e-5 -0.7730102 -0.6343936 0.001715719 0.3522469 -0.9359055 -0.001792371 0.3166676 -0.948535 -2.72558e-4 -0.9034432 -0.4287079 1.81198e-4 -0.9016462 -0.4324744 -0.001854658 0.08046799 -0.9967555 0.001778304 0.1197047 -0.9928081 -3.61147e-4 -0.9797909 -0.2000246 2.70301e-4 -0.9786002 -0.2057715 -0.003300249 -0.160412 -0.9870446 0.001238286 -0.08715689 -0.9961939 -4.47621e-4 -0.9991891 0.04026395 -0.002680182 -0.3919624 -0.9199774 0.001650929 -0.2588172 -0.9659249 3.57531e-4 -0.9994646 0.03271955 0 -0.4226168 -0.9063085 -5.33189e-4 -0.9605181 0.2782171 4.44132e-4 -0.9630452 0.2693396 -6.17563e-4 -0.8660191 0.5000107 5.29551e-4 -0.8714275 0.4905242 -7.00262e-4 -0.7212079 0.6927185 6.13357e-4 -0.7298631 0.6835931 -7.82288e-4 -0.5344651 0.8451902 6.96245e-4 -0.5464742 0.8374757 -8.62685e-4 -0.3166658 0.9485369 7.76826e-4 -0.3317489 0.9433675 8.56488e-4 -0.09801673 0.9951844 -9.43171e-4 -0.08046472 0.9967571 9.35224e-4 0.1413333 0.9899616 -0.001020193 0.1604128 0.9870496 0.001012086 0.3725801 0.9279996 -0.001097142 0.3919661 0.919979 0.001088082 0.5824839 0.8128417 -0.001171886 0.6007415 0.7994425 0.001163601 0.7589846 0.6511075 -0.001246869 0.7746053 0.6324437 0.001236796 0.8919949 0.4520439 -0.001319527 0.903452 0.4286874 0.001308858 0.9738757 0.2270782 -0.001390337 0.9797896 0.200026 1 0 0 1 -7.45178e-7 0 1 -4.60657e-7 0 1 1.08051e-6 0 1 0 0 1 0 0 1 -1.61228e-6 0 1 1.19228e-6 0 1 -6.90982e-7 0 1 -4.60656e-7 0 0 0.9991892 -0.04026269 0 0.9605184 -0.2782166 0 0.8660238 -0.500003 0 0.8660216 -0.5000067 0 -0.600744 -0.7994415 0 -0.6007428 -0.7994424 0 0.7212052 -0.6927215 0 -0.7746055 -0.6324446 0 -0.774608 -0.6324417 0 0.5344645 -0.845191 0 0.5344667 -0.8451895 0 -0.9034502 -0.4286933 0 -0.9034483 -0.4286973 0 0.3166668 -0.9485369 0 0.08046966 -0.9967571 0 -0.9797895 -0.2000311 0 -0.9797906 -0.2000264 0 -0.1604112 -0.9870503 0 -0.9991889 0.04026979 0 -0.9991891 0.04026484 0 -0.1604096 -0.9870506 0 -0.3919667 -0.9199795 0 -0.3919702 -0.9199779 0 -0.9605169 0.2782217 0 -0.8660253 0.5000004 0 -0.8660264 0.4999985 0 -0.7212044 0.6927224 0 -0.5344658 0.8451902 0 -0.5344681 0.8451887 0 -0.3166668 0.9485369 0 -0.08046782 0.9967572 0 0.1604139 0.9870498 0 0.3919685 0.9199787 0 0.6007406 0.7994441 0 0.6007382 0.7994459 0 0.7746032 0.6324476 0 0.7746055 0.6324446 0 0.903451 0.4286912 0 0.9797904 0.2000274 0 0.9991887 -0.04027253 0 0.9709416 -0.2393166 0 -0.1205462 -0.9927077 0 0.9709433 -0.2393098 0 0.8854538 -0.4647275 0 -0.3546079 -0.9350151 0 -0.1205436 -0.992708 0 0.8854568 -0.4647219 0 0.7485126 -0.6631206 0 -0.568063 -0.8229852 0 0.748509 -0.6631247 0 -0.3546006 -0.9350179 0 0.5680664 -0.8229827 0 -0.7485126 -0.6631206 0 0.3546031 -0.935017 0 -0.568056 -0.82299 0 0.5680594 -0.8229877 0 0.1205436 -0.992708 0 0.3546029 -0.935017 0 -0.8854568 -0.4647217 0 0.1205427 -0.9927082 0 -0.9709416 -0.2393166 0 -0.8854598 -0.4647161 0 -0.9709399 -0.2393236 0 -0.9709401 0.2393232 0 -0.8854595 0.4647166 0 -0.9709417 0.2393164 0 -0.7485098 0.6631237 0 -0.8854565 0.4647225 0 -0.5680613 0.8229864 0 -0.7485098 0.6631239 0 -0.568068 0.8229817 0 -0.3546062 0.9350159 0 -0.3546134 0.9350131 0 -0.1205291 0.9927098 0 -0.1205317 0.9927095 0 0.1205282 0.9927099 0 0.1205291 0.9927098 0 0.3546086 0.9350149 0 0.3546085 0.9350149 0 0.5680648 0.822984 0 0.5680714 0.8229793 0 0.7485063 0.6631278 0 0.7485098 0.6631239 0 0.8854565 0.4647224 0 0.8854535 0.4647282 0 0.9709435 0.2393094 0 0.9709417 0.2393164 1 4.47106e-7 0 1 -1.8426e-6 0 1 9.21308e-7 0 1 -5.96142e-7 0 1 -5.96146e-7 0 1 -2.30326e-7 0 1 6.90978e-7 0 1 1.84263e-6 0 1 1.2668e-6 0 1 -4.47103e-7 0 1 -1.19228e-6 0 1 1.19228e-6 0 1 5.75821e-7 0 1 -9.21302e-7 0 1 5.96143e-7 0 1 1.19228e-6 0 1 2.30327e-7 0 1 0 0 1 -9.21305e-7 0 0 0.9709402 0.2393224 0 0.970939 0.2393271 0 -0.1205393 -0.9927086 0 -0.3546057 -0.935016 0 0.970939 -0.239327 0 0.9709402 -0.2393223 0 -0.568064 -0.8229845 0 0.5680594 -0.8229876 0 -0.8854557 -0.4647237 0 0.354609 -0.9350148 0 0.1205387 -0.9927086 0 -0.9709413 -0.2393176 0 0.1205381 -0.9927087 0 -0.9709426 -0.239313 0 -0.9709424 0.2393131 0 -0.9709414 0.2393178 0 -0.8854557 0.4647237 0 -0.568064 0.8229845 0 -0.3546057 0.935016 0 -0.1205366 0.9927089 0 0.120536 0.992709 0 0.1205354 0.9927091 0 0.354609 0.9350148 0 0.5680594 0.8229876 -6.16778e-4 0.8660275 0.4999962 6.13879e-4 0.7298595 0.683597 -5.33094e-4 0.9605175 0.2782193 5.29549e-4 0.8714324 0.4905154 0 0.4226202 -0.9063069 -0.002681195 0.3919689 -0.9199746 -4.4692e-4 0.9991884 0.04027849 4.45088e-4 0.9630452 0.2693393 -0.003300905 0.1604129 -0.9870446 0.001650869 0.2588253 -0.9659228 -3.60806e-4 0.9797909 -0.2000246 3.57869e-4 0.9994643 0.03272712 -0.001855671 -0.08046472 -0.9967558 0.001238226 0.08714735 -0.9961947 -2.72662e-4 0.90345 -0.4286934 2.70049e-4 0.9785986 -0.2057785 -0.001793384 -0.3166654 -0.9485357 0.001777768 -0.1196972 -0.9928089 -1.83034e-4 0.7746092 -0.6324402 1.81264e-4 0.9016402 -0.432487 -9.19168e-5 0.6007404 -0.7994441 -0.00172913 -0.5344641 -0.8451895 9.17325e-5 0.7730025 -0.6344031 0.001714944 -0.3522555 -0.9359024 0 0.600066 -0.7999505 -0.0016644 -0.7211989 -0.692726 0.001650393 -0.5646056 -0.8253592 -0.001597762 -0.8660268 -0.4999949 0.001584768 -0.7445983 -0.667511 -0.001530051 -0.9605145 -0.2782258 0.001517772 -0.8819218 -0.4713936 -0.001460909 -0.9991877 -0.0402711 0.001449525 -0.9686921 -0.2482614 -0.001390993 -0.97979 0.2000244 0.001379668 -0.9999397 -0.01090407 0.001308858 -0.9738743 0.2270838 -0.001319289 -0.903452 0.4286874 0.001236736 -0.8919948 0.4520438 -0.001246333 -0.7746048 0.6324445 0.001163363 -0.7589853 0.6511068 -0.001172244 -0.600737 0.7994459 0.00108838 -0.5824748 0.812848 -0.001096785 -0.3919708 0.9199771 -0.001020431 -0.160408 0.9870504 0.001012325 -0.3725885 0.9279961 -9.42943e-4 0.08046609 0.996757 9.3462e-4 -0.1413333 0.9899616 8.56597e-4 0.09802162 0.995184 -8.62919e-4 0.316668 0.9485361 -7.83346e-4 0.5344642 0.8451909 7.75647e-4 0.3317438 0.9433692 -7.00352e-4 0.7212038 0.6927227 6.95896e-4 0.5464698 0.8374786 1 -9.2131e-7 0 1 0 0 1 1.84261e-6 0 1 2.98071e-7 0 1 -4.60651e-7 0 1 -3.45491e-7 0 1 -2.23553e-7 0 1 -2.30329e-7 0 1 4.47104e-7 0 1 1.8714e-7 0 1 5.96142e-7 0 1 5.9614e-7 0 1 1.38195e-6 0 1 2.23553e-7 0 1 4.60655e-7 0 1 -5.96138e-7 0 1 1.19229e-6 0 1 -1.15164e-6 0 1 -2.98071e-7 0 1 3.4549e-7 0 1 -1.49034e-7 0 0 0.5344597 0.8451941 0 0.5344641 0.8451912 0 0.721202 0.692725 0 0.7212044 0.6927224 0 0.3919695 -0.9199783 0 0.8660274 0.4999965 0 0.3919677 -0.9199791 0 0.8660254 0.5000002 0 0.1604125 -0.9870501 0 0.9605183 0.2782171 0 0.160411 -0.9870504 0 0.9991887 0.04027247 0 -0.08046776 -0.9967572 0 0.9991892 0.04026257 0 -0.0804674 -0.9967573 0 0.9797901 -0.2000286 0 -0.3166691 -0.9485362 0 -0.3166661 -0.9485371 0 0.903451 -0.4286912 0 -0.5344658 -0.8451902 0 -0.5344635 -0.8451916 0 0.6007387 -0.7994455 0 -0.7212016 -0.6927253 0 0.6007411 -0.7994437 0 -0.7212041 -0.6927227 0 -0.8660264 -0.4999985 0 -0.9605183 -0.278217 0 -0.999189 -0.04026758 0 -0.9797911 0.2000239 0 -0.9797891 0.2000333 0 -0.9034512 0.4286909 0 -0.6007406 0.7994441 0 -0.6007382 0.7994459 0 -0.3919685 0.9199787 0 -0.1604103 0.9870505 0 -0.1604095 0.9870507 0 0.0804637 0.9967576 0 0.08046329 0.9967576 0 0.3166717 0.9485353 -0.001266658 0.4999992 0.866025 0.0012452 0.3044856 0.9525161 -0.001103878 0.6927266 0.7211995 0.001085996 0.5204672 0.8538811 0 0.809015 -0.587788 -0.001544058 0.7994416 -0.6007419 -9.34717e-4 0.8451929 0.5344606 9.20357e-4 0.7071042 0.7071088 -0.002613544 0.6324409 -0.7746042 0.001306712 0.6691225 -0.743151 -7.60482e-4 0.9485363 0.3166677 7.48163e-4 0.8538768 0.5204748 -0.003207921 0.4286987 -0.9034419 0.002138793 0.5000002 -0.8660228 -5.79508e-4 0.996757 0.08046942 5.70267e-4 0.95252 0.3044759 -0.003327488 0.2000191 -0.9797863 0.002496063 0.309015 -0.9510539 -3.92017e-4 0.9870501 -0.1604121 3.86558e-4 0.9974521 0.07133835 -1.9938e-4 0.9199808 -0.3919635 -0.002970099 -0.040259 -0.9991849 1.96209e-4 0.986154 -0.1658319 0.002376079 0.1045285 -0.9945191 0 0.9192633 -0.3936433 -0.002898693 -0.2782123 -0.9605153 0.002835929 -0.1187216 -0.9929236 -0.002822875 -0.5000072 -0.8660168 0.002762317 -0.3494635 -0.9369459 -0.002739369 -0.6927149 -0.7212063 0.002681553 -0.5605082 -0.8281446 -0.002650201 -0.8451878 -0.534463 0.002595841 -0.7399451 -0.6726623 -0.002554893 -0.9485335 -0.3166667 0.002503931 -0.8776788 -0.4792428 0.002405345 -0.9659215 -0.2588245 -0.002453982 -0.9967548 -0.0804615 0.002300977 -0.9997141 -0.02380162 -0.002346217 -0.9870463 0.1604188 0.002190411 -0.9771457 0.2125594 -0.00223273 -0.9199746 0.3919717 0.002073585 -0.8994885 0.4369399 -0.00211358 -0.7994403 0.6007419 0.001950621 -0.7711216 0.6366849 -0.001986443 -0.6324419 0.7746053 -0.001856148 -0.4286876 0.903451 0.001821756 -0.5992782 0.8005388 -0.001717567 -0.2000321 0.9797879 0.001686632 -0.3936488 0.9192594 -0.001573085 0.04026722 0.9991878 0.001546204 -0.1658286 0.9861534 -0.001421689 0.2782171 0.9605172 0.001399695 0.07133597 0.9974514 1 4.09847e-7 0 1 -4.60658e-7 0 1 9.21309e-7 0 1 0 0 1 -4.47102e-7 0 1 6.90982e-7 0 1 1.49036e-7 0 1 -1.84263e-6 0 1 4.09845e-7 0 1 -6.90977e-7 0 1 9.21306e-7 0 1 -5.75825e-7 0 1 4.6065e-7 0 1 9.21315e-7 0 0 0.04026669 0.999189 0 0.2782167 0.9605184 0 0.2782154 0.9605187 0 0.500005 0.8660227 0 0.6927214 0.7212054 0 0.799443 -0.600742 0 0.8451904 0.5344653 0 0.6324415 -0.7746081 0 0.8451883 0.5344688 0 0.6324439 -0.7746062 0 0.4286956 -0.903449 0 0.4286938 -0.90345 0 0.2000294 -0.97979 0 0.9967566 0.08047568 0 0.2000284 -0.9797901 0 0.9870508 -0.160408 0 -0.04026645 -0.9991891 0 -0.2782204 -0.9605173 0 -0.2782217 -0.9605169 0 -0.5000008 -0.8660249 0 -0.4999987 -0.8660262 0 -0.6927226 -0.7212042 0 -0.8451893 -0.5344671 0 -0.9485363 -0.3166686 0 -0.9967573 -0.08046829 0 -0.9870496 0.1604152 0 -0.91998 0.3919656 0 -0.7994461 0.600738 0 -0.7994448 0.6007395 0 -0.6324449 0.7746054 0 -0.6324461 0.7746044 0 -0.4286927 0.9034505 0 -0.4286908 0.9034513 0 -0.2000257 0.9797907 0 -0.2000247 0.9797909 0 0.04026687 0.999189 -0.001775383 0 0.9999985 0.002071261 -0.04132646 0.9991436 -0.001525878 0.2393135 0.9709412 0.001831471 0.2052136 0.9787155 0 0.993712 -0.1119673 -8.86444e-4 0.9927077 -0.1205438 -0.001257777 0.4647213 0.8854562 0.001573026 0.4391965 0.8983897 -0.001636028 0.9350147 -0.3546052 8.17723e-4 0.9438815 -0.3302834 -9.71003e-4 0.6631225 0.7485104 0.001294076 0.6463006 0.7630819 -0.002249538 0.8229867 -0.5680563 0.00150001 0.8467262 -0.5320268 -6.65373e-4 0.8229876 0.568059 -0.002727508 0.6631206 -0.7485077 9.98657e-4 0.8138455 0.5810806 0.002045512 0.7071037 -0.707107 -3.4292e-4 0.9350166 0.3546038 6.83589e-4 0.9315891 0.3635127 -0.003068864 0.4647165 -0.8854542 3.50707e-4 0.9923208 0.1236912 0 0.9927082 0.1205425 0.002455115 0.532028 -0.8467233 -0.003273725 0.2393174 -0.9709359 0.002728343 0.3302801 -0.9438791 -0.003341853 0 -0.9999945 0.002864718 0.1119604 -0.9937086 -0.003332734 -0.2393177 -0.9709356 0.003517746 -0.1236858 -0.9923152 -0.003304839 -0.4647161 -0.8854536 0.003498971 -0.3635052 -0.9315857 -0.003258407 -0.6631222 -0.7485042 0.003460705 -0.581075 -0.8138428 0.003406345 -0.7630791 -0.6462963 -0.003194153 -0.8229795 -0.5680622 0.003331899 -0.898386 -0.4391944 -0.003110349 -0.9350103 -0.3546072 0.00323981 -0.9787117 -0.2052147 -0.003008365 -0.9927051 -0.1205307 0.003127694 -0.9991409 0.04132533 -0.002887368 -0.9927055 0.1205294 0.002999067 -0.9584237 0.2853332 -0.002749323 -0.9350113 0.3546073 0.002850174 -0.8590514 0.5118815 -0.002591907 -0.8229791 0.568066 0.002682626 -0.7071001 0.7071084 -0.00241518 -0.6631253 0.7485045 -0.002220809 -0.464722 0.8854539 0.002498149 -0.5118846 0.8590507 -0.002007246 -0.2393128 0.9709405 0.002294957 -0.2853304 0.9584265 1 -1.49035e-7 0 1 -5.96146e-7 0 1 0 0 1 -4.6066e-7 0 1 -4.47105e-7 0 1 9.21312e-7 0 1 2.98068e-7 0 1 -1.19228e-6 0 1 0 0 0 -0.4647197 0.8854578 0 -0.4647192 0.8854581 0 -0.2393238 0.9709399 0 -0.2393235 0.9709399 0 0.9927085 -0.1205409 0 0.9927087 -0.1205385 0 0.935016 -0.3546058 0 0.2393235 0.9709399 0 0.4647192 0.8854581 0 0.8229857 -0.5680624 0 0.4647197 0.8854578 0 0.6631242 0.7485095 0 0.6631228 0.7485106 0 0.6631231 -0.7485104 0 0.6631219 -0.7485115 0 0.8229868 0.5680606 0 0.9350152 0.3546076 0 0.4647207 -0.8854574 0 0.4647212 -0.8854571 0 0.9927086 0.12054 0 0.2393167 -0.9709417 0 0.9927088 0.1205376 0 -0.2393169 -0.9709416 0 -0.2393167 -0.9709417 0 -0.4647212 -0.8854571 0 -0.4647207 -0.8854574 0 -0.6631225 -0.7485109 0 -0.8229858 -0.5680619 0 -0.8229857 -0.5680624 0 -0.9350157 -0.3546063 0 -0.9350156 -0.3546069 0 -0.9927089 -0.1205366 0 -0.992709 0.1205357 0 -0.9350149 0.3546087 0 -0.935015 0.3546081 0 -0.822987 0.5680602 0 -0.8229868 0.5680606 0 -0.6631235 0.7485101 0.001808047 -0.7179133 0.6961302 -0.001386165 -0.4999912 0.8660295 0.001617431 -0.5264211 0.8502226 -0.001180469 -0.2782207 0.9605165 0.001417338 -0.3031644 0.9529373 0 0.9182128 0.3960875 -4.7661e-4 0.9199798 0.3919655 -9.64606e-4 -0.0402674 0.9991886 0.001205682 -0.06155478 0.9981031 -9.1621e-4 0.9870497 0.160412 4.57467e-4 0.9848079 0.1736467 -7.39502e-4 0.2000221 0.9797912 9.85898e-4 0.1837435 0.9829738 -0.001319825 0.9967567 -0.08046323 8.79032e-4 0.998308 -0.05814206 -5.02451e-4 0.4286959 0.9034487 -0.0016855 0.9485349 -0.3166682 7.54456e-4 0.4179666 0.9084622 0.001263678 0.9579869 -0.2868095 -2.575e-4 0.6324465 0.774604 5.13138e-4 0.6269176 0.7790855 -0.002016305 0.8451891 -0.5344638 2.61499e-4 0.7980232 0.6026269 0.001612842 0.8660259 -0.4999966 0 0.7994455 0.6007387 -0.002309322 0.6927264 -0.7211968 0.001923859 0.7273725 -0.6862401 -0.002566754 0.4999969 -0.8660235 0.002199709 0.5495086 -0.8354852 -0.002786934 0.2782172 -0.9605141 0.002438068 0.3420142 -0.9396917 -0.002970099 0.04026728 -0.9991846 0.002640306 0.1160911 -0.9932351 -0.002878427 -0.2000305 -0.9797855 0.003057241 -0.1228836 -0.9924165 0.002958536 -0.3612416 -0.9324676 -0.002774596 -0.4286882 -0.9034483 0.002851366 -0.5777733 -0.8161924 -0.002661406 -0.6324427 -0.7746027 0.002733826 -0.7593995 -0.650619 -0.002538204 -0.7994448 -0.6007343 0.002604246 -0.8951606 -0.4457364 -0.002403736 -0.9199748 -0.3919706 0.002466022 -0.9768453 -0.2139327 -0.002260208 -0.9870486 -0.1604055 0.002316355 -0.9995232 0.03079187 -0.002106726 -0.9967556 0.08046132 -0.001941621 -0.948535 0.3166663 0.002157211 -0.9618209 0.2736714 0.001987934 -0.8660253 0.4999964 -0.001766979 -0.8451927 0.5344589 -0.001581966 -0.692728 0.7211973 1 0 0 1 -2.98069e-7 0 1 1.84262e-6 0 1 4.6066e-7 0 1 0 0 1 4.60663e-7 0 1 -1.72746e-7 0 0 -0.8451932 0.5344611 0 -0.6927226 0.7212042 0 0.9199789 0.3919678 0 -0.4999976 0.8660268 0 0.9199788 0.3919684 0 -0.4999982 0.8660265 0 0.9870504 0.1604113 0 -0.2782181 0.960518 0 -0.2782184 0.960518 0 0.9870501 0.1604125 0 -0.04026848 0.999189 0 0.9967573 -0.0804677 0 -0.04026854 0.9991889 0 0.9967573 -0.0804671 0 0.2000299 0.9797899 0 0.2000302 0.9797897 0 0.9485366 -0.3166675 0 0.4286907 0.9034513 0 0.6324442 0.7746061 0 0.8451902 -0.5344658 0 0.8451908 -0.5344648 0 0.6927236 -0.7212032 0 0.4999998 -0.8660256 0 0.2782167 -0.9605184 0 0.278216 -0.9605185 0 0.04026669 -0.999189 0 0.04026675 -0.999189 0 -0.2000287 -0.97979 0 -0.2000282 -0.9797902 0 -0.4286912 -0.9034512 0 -0.4286897 -0.9034518 0 -0.6324447 -0.7746055 0 -0.6324436 -0.7746065 0 -0.919979 -0.3919677 0 -0.9870508 -0.1604083 0 -0.9870504 -0.1604107 0 -0.9967578 0.08046126 0 -0.9967574 0.08046615 0 -0.9485355 0.3166708 0.001094758 -0.9659249 0.2588202 -9.5746e-4 -0.9605176 0.2782177 -8.3091e-4 -0.8660259 0.4999985 9.69722e-4 -0.8746188 0.4848104 -6.99999e-4 -0.7211992 0.6927275 0 0.5992793 0.8005401 -1.98931e-4 0.6007453 0.7994405 8.40819e-4 -0.7313535 0.681998 -5.67788e-4 -0.5344653 0.8451904 -3.93516e-4 0.7746023 0.6324486 7.09196e-4 -0.544643 0.8386678 1.95934e-4 0.7711194 0.6366906 -4.29145e-4 -0.316668 0.9485363 -5.78781e-4 0.9034487 0.4286958 5.72609e-4 -0.3255642 0.9455198 3.85828e-4 0.8994902 0.4369409 -7.60579e-4 0.979792 0.2000175 5.70739e-4 0.9771464 0.2125669 -2.89156e-4 -0.08046811 0.9967572 4.35106e-4 -0.08715695 0.9961946 -9.3509e-4 0.9991887 -0.04026389 -1.46635e-4 0.1604129 0.9870501 7.47852e-4 0.9997167 -0.02379429 2.93992e-4 0.1564325 0.9876887 0 0.3919637 0.9199808 1.48352e-4 0.3907281 0.9205062 -0.001103162 0.9605197 -0.2782102 9.20006e-4 0.9659256 -0.2588182 -0.001266837 0.8660154 -0.500016 0.001086175 0.8776811 -0.4792439 -0.001422107 0.7212073 -0.692718 0.001244306 0.7399508 -0.6726599 -0.001572668 0.534468 -0.8451874 0.001399338 0.5605062 -0.8281491 -0.001716554 0.3166654 -0.9485358 0.001546084 0.349462 -0.9369493 0.001687705 0.1187211 -0.9929262 -0.001855909 0.0804646 -0.9967557 0.001881062 -0.121874 -0.9925438 -0.001754522 -0.1604126 -0.9870485 0.001779258 -0.3583617 -0.9335812 -0.001651525 -0.3919685 -0.9199771 0.001672089 -0.5735763 -0.8191506 -0.00154376 -0.6007412 -0.7994421 0.001563966 -0.7547064 -0.6560608 -0.001433491 -0.7746052 -0.6324436 0.001451134 -0.8910061 -0.4539893 -0.001319527 -0.903452 -0.4286874 0.00133562 -0.9743703 -0.2249466 -0.001201629 -0.979787 -0.2000401 0.001217305 -0.999847 0.01745492 -0.001081705 -0.9991886 0.04026377 1 -7.45174e-7 0 1 -3.72587e-7 0 1 1.8426e-6 0 1 1.11776e-6 0 1 -4.60649e-7 0 1 0 0 1 1.19228e-6 0 1 0 0 1 -1.20922e-6 0 1 -5.96145e-7 0 1 -4.60651e-7 0 1 -9.21316e-7 0 0 -0.9991892 0.04026269 0 -0.9605184 0.2782166 0 -0.8660238 0.500003 0 -0.8660216 0.5000067 0 -0.7212052 0.6927215 0 0.600744 0.7994415 0 0.6007428 0.7994424 0 -0.5344645 0.845191 0 -0.5344667 0.8451895 0 0.774608 0.6324417 0 0.9034502 0.4286933 0 -0.08046966 0.9967571 0 0.9034483 0.4286973 0 0.1604112 0.9870503 0 0.9797895 0.2000311 0 0.9797906 0.2000264 0 0.1604096 0.9870506 0 0.3919667 0.9199795 0 0.9991889 -0.04026979 0 0.3919702 0.9199779 0 0.9991891 -0.04026484 0 0.9605169 -0.2782217 0 0.8660253 -0.5000004 0 0.8660264 -0.4999985 0 0.7212044 -0.6927224 0 0.5344658 -0.8451902 0 0.5344681 -0.8451887 0 0.08046782 -0.9967572 0 -0.1604139 -0.9870498 0 -0.3919685 -0.9199787 0 -0.6007406 -0.7994441 0 -0.6007382 -0.7994459 0 -0.7746032 -0.6324476 0 -0.903451 -0.4286912 0 -0.9797904 -0.2000274 0 -0.9991887 0.04027253 0 -0.9709423 -0.2393142 0 -0.9709422 0.2393141 0 0.1205385 0.9927088 0 -0.8854553 0.4647245 0 -0.9709423 0.2393142 0 0.354603 0.935017 0 -0.7485104 0.6631231 0 -0.8854559 0.4647235 0 0.5680657 0.8229833 0 0.3546031 0.9350169 0 -0.5680659 0.8229831 0 -0.7485103 0.6631233 0 0.7485104 0.6631231 0 0.5680657 0.8229833 0 -0.3546032 0.9350169 0 -0.5680655 0.8229835 0 -0.1205385 0.9927088 0 0.8854559 0.4647235 0 -0.3546029 0.935017 0 0.7485103 0.6631233 0 -0.1205385 0.9927088 0 0.9709422 0.2393141 0 0.8854553 0.4647246 0 0.9709423 0.2393142 0 0.9709422 -0.2393141 0 0.9709423 -0.2393142 0 0.8854566 -0.4647223 0 0.7485092 -0.6631245 0 0.8854559 -0.4647234 0 0.5680659 -0.8229831 0 0.7485091 -0.6631246 0 0.5680655 -0.8229835 0 0.3546032 -0.9350169 0 0.3546029 -0.935017 0 0.1205385 -0.9927088 0 0.1205385 -0.9927088 0 -0.1205385 -0.9927088 0 -0.354603 -0.935017 0 -0.3546031 -0.9350169 0 -0.5680657 -0.8229833 0 -0.5680657 -0.8229833 0 -0.7485092 -0.6631245 0 -0.7485091 -0.6631246 0 -0.8854566 -0.4647223 0 -0.9709422 -0.2393141 0 -0.8854559 -0.4647234 1 -9.68724e-7 0 1 9.68724e-7 0 1 -1.19228e-6 0 1 9.21323e-7 0 1 2.98073e-7 0 1 0 0 1 -9.21323e-7 0 1 -8.94211e-7 0 0 -0.8854555 -0.4647243 0 -0.8854553 -0.4647247 0 -0.9709419 -0.2393158 0 0.1205347 0.9927091 0 0.3546096 0.9350145 0 -0.9709419 0.2393158 0 0.3546096 0.9350146 0 -0.885456 0.4647232 0 0.568063 0.8229851 0 -0.8854563 0.4647228 0 0.5680631 0.8229851 0 -0.7485113 0.6631221 0 -0.748511 0.6631225 0 0.7485113 0.6631221 0 0.748511 0.6631225 0 -0.5680631 0.8229851 0 -0.3546096 0.9350145 0 0.885456 0.4647232 0 -0.568063 0.8229851 0 0.8854563 0.4647228 0 -0.3546096 0.9350146 0 -0.1205347 0.9927091 0 0.9709419 0.2393158 0 -0.1205347 0.9927091 0 0.9709419 -0.2393158 0 0.8854555 -0.4647243 0 0.8854553 -0.4647247 0 0.7485126 -0.6631207 0 0.7485129 -0.6631203 0 0.5680644 -0.8229842 0 0.5680642 -0.8229843 0 0.3546096 -0.9350145 0 0.3546096 -0.9350146 0 0.1205329 -0.9927093 0 0.1205329 -0.9927093 0 -0.1205329 -0.9927093 0 -0.3546096 -0.9350146 0 -0.3546096 -0.9350145 0 -0.5680644 -0.8229842 0 -0.5680642 -0.8229843 0 -0.7485126 -0.6631207 0 -0.7485129 -0.6631203 0.002438545 -0.3420218 -0.9396889 -0.002566099 -0.5000042 -0.8660191 0.002198636 -0.5495077 -0.8354858 -0.002310216 -0.6927193 -0.7212036 0 -0.7994425 0.6007426 -0.002015709 -0.845189 -0.5344637 0.001924693 -0.7273711 -0.6862418 -2.56771e-4 -0.6324517 0.7745999 2.61591e-4 -0.7980135 0.6026396 -0.001685917 -0.9485352 -0.3166673 0.001612544 -0.8660244 -0.4999992 -5.03256e-4 -0.42869 0.9034515 5.13066e-4 -0.6269275 0.7790774 -0.001318812 -0.9967569 -0.08046221 0.001264929 -0.9579897 -0.2868 -7.38995e-4 -0.2000243 0.9797907 7.54674e-4 -0.4179533 0.9084682 -9.16474e-4 -0.9870511 0.160404 8.7912e-4 -0.9983077 -0.05814599 -9.66267e-4 0.04026055 0.9991888 -4.75932e-4 -0.9199799 0.3919655 4.58185e-4 -0.9848064 0.173655 9.84919e-4 -0.1837521 0.9829722 0 -0.9182153 0.3960817 -0.001180708 0.2782192 0.960517 0.00120753 0.06156408 0.9981024 -0.001386702 0.5000022 0.866023 0.001417338 0.3031508 0.9529416 -0.001581966 0.692721 0.721204 0.001617372 0.5264331 0.850215 -0.001766502 0.845189 0.5344647 0.001808166 0.7179094 0.6961342 -0.001941323 0.9485349 0.3166667 0.001987874 0.8660202 0.5000051 -0.002105891 0.9967555 0.08046221 0.002157449 0.9618237 0.2736614 0.002316534 0.9995231 0.03079521 -0.002260565 0.9870477 -0.1604108 0.002465784 0.9768458 -0.213931 -0.002404332 0.9199773 -0.3919644 0.002604782 0.8951579 -0.4457416 -0.002537965 0.7994399 -0.6007407 0.002732396 0.7594048 -0.6506127 -0.002661883 0.6324409 -0.7746042 0.002849996 0.5777732 -0.8161925 -0.002775311 0.4286964 -0.9034444 0.002959549 0.3612374 -0.9324692 -0.002876758 0.200026 -0.9797864 0.003057658 0.1228899 -0.9924157 -0.002970099 -0.0402677 -0.9991846 0.002640545 -0.1160916 -0.9932351 -0.002787172 -0.2782143 -0.960515 1 7.45176e-7 0 1 -1.84263e-6 0 1 -2.30328e-7 0 1 1.72745e-7 0 1 1.72746e-7 0 1 3.45491e-7 0 1 4.60654e-7 0 1 -5.9614e-7 0 0 -0.4999946 -0.8660285 0 -0.4999967 -0.8660273 0 -0.7994454 0.6007388 0 -0.6927242 -0.7212026 0 -0.6927267 -0.7212002 0 -0.6324467 0.774604 0 -0.6324442 0.7746059 0 -0.4286919 0.9034509 0 -0.9485355 -0.3166708 0 -0.9485386 -0.316662 0 -0.9967571 -0.08047068 0 -0.2000266 0.9797905 0 -0.9967575 -0.08046579 0 -0.98705 0.160413 0 0.04026597 0.9991891 0 -0.9199783 0.3919695 0 0.5000028 0.8660239 0 0.8451908 0.5344649 0 0.8451885 0.5344684 0 0.996757 0.08047074 0 0.9199818 -0.3919615 0 0.7994406 -0.6007452 0 0.6324472 -0.7746035 0 0.6324447 -0.7746055 0 0.4286912 -0.9034512 0 0.2000275 -0.9797903 0.002595841 0.7399465 -0.6726608 -0.002739727 0.6927193 -0.7212021 0.002681255 0.5605086 -0.8281443 -0.002823293 0.5000039 -0.8660187 -0.002899348 0.2782201 -0.9605131 0.002760887 0.3494548 -0.9369493 0 -0.9192579 -0.3936559 -1.99065e-4 -0.91998 -0.3919655 0.002835392 0.118719 -0.9929239 -0.002970218 0.04026037 -0.9991849 -3.92325e-4 -0.9870502 -0.1604112 1.96281e-4 -0.9861553 -0.1658244 -0.003327131 -0.2000218 -0.9797858 0.002376675 -0.1045302 -0.9945189 -5.79513e-4 -0.9967576 0.08046227 -0.003207683 -0.4286879 -0.903447 3.86326e-4 -0.9974521 0.07133853 0.002496063 -0.3090125 -0.9510548 -7.60424e-4 -0.9485363 0.3166677 5.70272e-4 -0.9525156 0.3044893 -0.002613186 -0.6324496 -0.7745972 0.002139687 -0.4999966 -0.8660249 -9.35136e-4 -0.845187 0.5344699 -0.001544237 -0.7994416 -0.6007419 7.4821e-4 -0.8538843 0.5204626 0.001306116 -0.6691277 -0.7431464 0 -0.8090185 -0.5877832 -0.001104891 -0.6927208 0.7212051 9.20245e-4 -0.707108 0.7071051 -0.001266181 -0.5000056 0.8660213 0.001085042 -0.5204704 0.8538791 -0.001423418 -0.278217 0.9605172 0.001244723 -0.3044835 0.9525169 -0.001572728 -0.04026782 0.9991877 0.001398861 -0.07133543 0.9974515 -0.001717329 0.2000265 0.9797891 0.001546084 0.1658298 0.9861533 0.001687228 0.3936511 0.9192585 -0.001855671 0.4286945 0.9034476 0.001821398 0.5992747 0.8005415 -0.001988172 0.6324454 0.7746025 0.001949787 0.7711179 0.6366894 -0.002113044 0.7994408 0.6007412 0.002073526 0.8994879 0.4369412 -0.002232491 0.9199777 0.3919646 0.002190709 0.9771427 0.2125735 -0.002346992 0.9870476 0.1604108 0.00230056 0.9997141 -0.02380162 -0.002453982 0.9967541 -0.08046942 0.002405345 0.9659234 -0.2588171 -0.002554714 0.9485336 -0.3166663 0.002504169 0.8776786 -0.4792433 -0.002650558 0.8451874 -0.5344637 1 -1.8426e-6 0 1 -1.49034e-7 0 1 1.19228e-6 0 1 0 0 1 3.16702e-7 0 1 1.86294e-7 0 1 -1.15164e-6 0 1 1.49034e-7 0 1 2.30325e-7 0 1 1.19228e-6 0 1 -9.21314e-7 0 1 2.87908e-7 0 1 -4.09846e-7 0 0 0.8451908 -0.5344649 0 0.8451885 -0.5344684 0 0.6927239 -0.721203 0 0.6927214 -0.7212054 0 -0.9199783 -0.3919695 0 0.500005 -0.8660227 0 0.5000028 -0.8660239 0 -0.98705 -0.160413 0 0.2782154 -0.9605187 0 0.04026597 -0.9991891 0 -0.9967571 0.08047068 0 -0.9967575 0.08046579 0 -0.2000266 -0.9797905 0 -0.9485386 0.316662 0 -0.4286919 -0.9034509 0 -0.6324467 -0.774604 0 -0.8451883 0.5344688 0 -0.8451904 0.5344653 0 -0.6324442 -0.7746059 0 -0.7994454 -0.6007388 0 -0.6927242 0.7212026 0 -0.6927267 0.7212002 0 -0.4999946 0.8660285 0 -0.4999967 0.8660273 0 -0.2782217 0.9605169 0 -0.04026645 0.9991891 0 0.2000284 0.9797901 0 0.2000275 0.9797903 0 0.6324472 0.7746035 0 0.799443 0.600742 0 0.7994406 0.6007452 0 0.9199818 0.3919615 0 0.91998 0.3919656 0 0.98705 0.1604128 0 0.9967575 -0.08046585 0 0.996757 -0.08047074 0 0.948537 -0.3166664 -0.001266241 0.5000056 0.8660213 0.001244664 0.3044835 0.9525169 -0.00110501 0.6927208 0.7212051 0.001084923 0.5204704 0.8538791 0 0.8090185 -0.5877832 -0.001544177 0.7994416 -0.6007419 -9.35165e-4 0.845187 0.5344699 9.20216e-4 0.7071079 0.7071051 -0.002613067 0.6324496 -0.7745972 0.001306176 0.6691276 -0.7431464 7.48152e-4 0.8538842 0.5204626 -0.003207564 0.4286879 -0.903447 0.002139568 0.4999966 -0.8660247 -5.79509e-4 0.9967576 0.08046227 5.70218e-4 0.9525157 0.3044893 -0.00332725 0.2000218 -0.9797858 0.002496063 0.3090125 -0.9510548 -3.92301e-4 0.9870502 -0.1604112 3.86321e-4 0.9974521 0.07133853 -1.99038e-4 0.9199799 -0.3919655 -0.002970099 -0.04026037 -0.9991849 1.96309e-4 0.9861553 -0.1658244 0.002376794 0.1045302 -0.9945189 0 0.9192579 -0.3936559 -0.002899467 -0.2782201 -0.9605131 0.002835273 -0.118719 -0.9929239 -0.002823293 -0.5000039 -0.8660187 0.002760887 -0.3494548 -0.9369493 -0.002739608 -0.6927193 -0.7212021 0.002681136 -0.5605086 -0.8281442 -0.002650558 -0.8451874 -0.5344637 0.002595961 -0.7399464 -0.6726609 -0.002554774 -0.9485336 -0.3166663 0.00250411 -0.8776786 -0.4792433 0.002405285 -0.9659233 -0.2588171 -0.002453982 -0.9967541 -0.08046942 0.00230056 -0.9997141 -0.02380162 -0.002346992 -0.9870476 0.1604108 0.002190709 -0.9771427 0.2125735 -0.002232491 -0.9199777 0.3919646 0.002073526 -0.8994878 0.436941 -0.002112925 -0.7994408 0.6007412 0.001949906 -0.7711181 0.6366894 -0.001988291 -0.6324454 0.7746025 -0.001855671 -0.4286945 0.9034476 0.001821398 -0.5992747 0.8005415 -0.001717567 -0.2000266 0.9797891 0.00168699 -0.3936511 0.9192584 -0.001572608 0.04026782 0.9991877 0.001546204 -0.1658298 0.9861533 -0.001423537 0.278217 0.9605172 0.001398742 0.07133543 0.9974515 1 4.09846e-7 0 1 -3.16701e-7 0 1 1.49034e-7 0 1 -1.86294e-7 0 1 1.15164e-6 0 1 8.06138e-7 0 1 -1.19228e-6 0 1 9.21301e-7 0 0 0.4999946 0.8660285 0 0.4999967 0.8660273 0 0.6927242 0.7212026 0 0.7994454 -0.6007388 0 0.6927267 0.7212002 0 0.6324467 -0.774604 0 0.6324442 -0.7746059 0 0.9485355 0.3166708 0 0.4286919 -0.9034509 0 0.9485386 0.316662 0 0.9967571 0.08047068 0 0.98705 -0.160413 0 0.2000266 -0.9797905 0 0.9967575 0.08046579 0 0.9199783 -0.3919695 0 -0.04026597 -0.9991891 0 -0.5000028 -0.8660239 0 -0.8451908 -0.5344649 0 -0.8451885 -0.5344684 0 -0.996757 -0.08047074 0 -0.9199818 0.3919615 0 -0.7994406 0.6007452 0 -0.6324472 0.7746035 0 -0.6324447 0.7746055 0 -0.4286912 0.9034512 0 -0.2000275 0.9797903 0 0.8854553 -0.4647245 0 0.8854559 -0.4647235 0 0.7485104 -0.6631231 0 0.7485103 -0.6631233 0 -0.7485104 -0.6631231 0 -0.8854559 -0.4647235 0 -0.7485103 -0.6631233 0 0.1205385 -0.9927088 0 -0.8854553 -0.4647246 0 -0.885456 0.4647234 0 -0.7485092 0.6631245 0 -0.8854565 0.4647223 0 -0.7485091 0.6631246 0 -0.1205385 0.9927088 0 0.7485092 0.6631245 0 0.7485091 0.6631246 0 0.8854566 0.4647223 0 0.8854559 0.4647234 1 2.60812e-7 0 1 -2.60812e-7 0 1 -6.70662e-7 0 1 -1.19228e-6 0 1 6.70662e-7 0 1 0 0 1 -9.21326e-7 0 1 1.19228e-6 0 1 0 0 1 1.19228e-6 0 0 0.8854555 0.4647243 0 0.8854553 0.4647247 0 -0.1205347 -0.9927091 0 0.885456 -0.4647232 0 -0.568063 -0.8229851 0 0.8854563 -0.4647228 0 -0.5680631 -0.8229851 0 0.7485113 -0.6631221 0 0.748511 -0.6631225 0 -0.7485113 -0.6631221 0 -0.748511 -0.6631225 0 0.5680631 -0.8229851 0 -0.885456 -0.4647232 0 0.568063 -0.8229851 0 -0.8854563 -0.4647228 0 0.1205347 -0.9927091 0 0.1205347 -0.9927091 0 -0.8854555 0.4647243 0 -0.8854553 0.4647247 0 -0.7485126 0.6631207 0 -0.7485129 0.6631203 0 -0.5680644 0.8229842 0 -0.5680642 0.8229843 0 -0.1205329 0.9927093 0 -0.1205329 0.9927093 0 0.1205329 0.9927093 0 0.5680644 0.8229842 0 0.5680642 0.8229843 0 0.7485126 0.6631207 0 0.7485129 0.6631203 0.001808285 -0.7179094 0.6961342 -0.001386642 -0.5000022 0.866023 0.001617431 -0.5264331 0.850215 -0.001180768 -0.2782191 0.960517 0.001417398 -0.3031508 0.9529416 0 0.9182153 0.3960817 -4.75878e-4 0.9199799 0.3919655 -9.66181e-4 -0.04026055 0.9991888 0.00120747 -0.06156408 0.9981024 -9.16471e-4 0.9870511 0.160404 4.58181e-4 0.9848064 0.173655 -7.39224e-4 0.2000243 0.9797907 9.85003e-4 0.1837521 0.9829722 -0.001318812 0.9967569 -0.08046221 8.79124e-4 0.9983077 -0.05814599 -5.03184e-4 0.42869 0.9034515 -0.001685857 0.9485352 -0.3166673 7.54674e-4 0.4179533 0.9084683 0.001264929 0.9579896 -0.2868 -2.56864e-4 0.6324517 0.7745998 5.13136e-4 0.6269276 0.7790774 -0.002015829 0.845189 -0.5344637 2.615e-4 0.7980136 0.6026396 0.001612603 0.8660244 -0.4999992 0 0.7994425 0.6007426 -0.002310335 0.6927193 -0.7212036 0.001924812 0.7273711 -0.6862416 -0.002566099 0.5000042 -0.8660191 0.002198517 0.5495077 -0.8354858 -0.002786934 0.2782143 -0.960515 0.002438545 0.3420219 -0.9396889 -0.002970099 0.0402677 -0.9991846 0.002640306 0.1160916 -0.9932351 -0.002876877 -0.200026 -0.9797864 0.003057658 -0.1228899 -0.9924157 0.002959489 -0.3612374 -0.9324692 -0.002775311 -0.4286964 -0.9034444 0.002849996 -0.5777732 -0.8161925 -0.002662003 -0.6324409 -0.7746042 0.002732515 -0.7594048 -0.6506127 -0.002537846 -0.7994399 -0.6007407 0.002604782 -0.8951579 -0.4457416 -0.002404332 -0.9199773 -0.3919644 0.002465724 -0.9768458 -0.213931 -0.002260565 -0.9870477 -0.1604108 0.002316534 -0.9995231 0.03079521 -0.002105891 -0.9967555 0.08046221 -0.001941263 -0.948535 0.3166667 0.002157449 -0.9618237 0.2736614 0.001987934 -0.8660203 0.500005 -0.001766443 -0.845189 0.5344647 -0.001581907 -0.692721 0.721204 1 1.84263e-6 0 1 4.60652e-7 0 1 6.90983e-7 0 1 1.86294e-7 0 1 -3.45489e-7 0 1 2.98069e-7 0 1 -1.19228e-6 0 0 -0.8451908 0.5344649 0 -0.8451885 0.5344684 0 -0.6927239 0.721203 0 -0.6927214 0.7212054 0 0.9199783 0.3919695 0 -0.500005 0.8660227 0 -0.5000028 0.8660239 0 0.98705 0.160413 0 -0.2782154 0.9605187 0 -0.04026597 0.9991891 0 0.9967571 -0.08047068 0 0.9967575 -0.08046579 0 0.2000266 0.9797905 0 0.9485386 -0.316662 0 0.4286919 0.9034509 0 0.6324467 0.774604 0 0.8451883 -0.5344688 0 0.8451904 -0.5344653 0 0.6324442 0.7746059 0 0.7994454 0.6007388 0 0.6927242 -0.7212026 0 0.6927267 -0.7212002 0 0.4999946 -0.8660285 0 0.4999967 -0.8660273 0 0.2782217 -0.9605169 0 0.04026645 -0.9991891 0 -0.2000284 -0.9797901 0 -0.2000275 -0.9797903 0 -0.6324472 -0.7746035 0 -0.799443 -0.600742 0 -0.7994406 -0.6007452 0 -0.9199818 -0.3919615 0 -0.91998 -0.3919656 0 -0.98705 -0.1604128 0 -0.9967575 0.08046585 0 -0.996757 0.08047074 0 -0.948537 0.3166664 -1 -2.56195e-7 0 -1 0 0 -1 -4.08995e-7 0 -1 2.57793e-7 0 -1 0 0 -1 2.56195e-7 0 -1 0 0 -1 0 0 -1 -2.67739e-7 0 -1 -2.06292e-7 0 -1 2.06292e-7 0 -1 -2.02188e-7 0 -1 0 0 -1 -2.0901e-7 0 -1 2.03583e-7 0 -1 2.00759e-7 0 -1 0 0 -1 -2.03264e-7 0 -1 -2.06811e-7 0 -1 2.06811e-7 0 -1 -2.62321e-7 0 -1 2.03264e-7 0 -1 2.06759e-7 0 -1 2.62321e-7 0 -1 2.0901e-7 0 -1 -2.00759e-7 0 -1 0 0 -1 0 0 -1 0 0 -1 2.02188e-7 0 -1 2.04387e-7 0 -1 -2.57793e-7 0 -1 2.67739e-7 0 -1 -4.10731e-7 0 -1 -2.04387e-7 0 -1 4.08995e-7 0 -1 1.53899e-7 0 -1 -1.53899e-7 0 -1 -1.26308e-6 0 -1 1.24657e-6 0 -1 -7.38275e-7 0 -1 1.46359e-6 0 -1 1.10547e-6 0 -1 -1.7224e-6 0 -1 -6.358e-7 0 -1 -4.58411e-7 0 -1 1.49246e-6 0 -1 -3.48129e-7 0 -1 2.96051e-7 0 -1 2.34701e-6 0 -1 -7.12714e-7 0 -1 4.20251e-7 0 -1 0 0 -1 -9.70053e-7 0 -1 -5.97909e-7 0 -1 2.58182e-6 0 -1 3.13329e-7 0 -1 -7.15041e-7 0 -1 1.26808e-6 0 -1 -1.11437e-6 0 -1 2.39562e-6 0 -1 -8.23859e-7 0 -1 -2.37923e-7 0 -1 -1.67424e-7 0 -1 -7.45601e-7 0 -1 1.79042e-6 0 -1 -1.52044e-7 0 -1 -6.30193e-7 0 -1 5.04821e-6 0 -1 -3.85926e-6 0 -1 0 0 -1 9.0675e-7 0 -1 -3.62375e-7 0 -1 3.9969e-6 0 -1 -1.32198e-6 0 -1 -1.66058e-7 0 -1 3.21921e-6 0 -1 -7.11505e-7 0 -1 4.03385e-7 0 -1 -2.17748e-6 0 -1 3.25583e-7 0 -1 3.84535e-7 0 -1 8.46314e-7 0 -1 2.0118e-6 0 -1 1.24074e-7 0 -1 1.64341e-6 0 -1 -1.60328e-6 0 -1 6.48965e-7 0 -1 1.41671e-6 0 -1 7.60253e-7 0 -1 7.11505e-7 0 -1 2.24653e-7 0 -1 -2.24826e-6 0 -1 3.10223e-6 0 -1 -2.98573e-6 0 -1 4.29412e-7 0 -1 -1.28711e-6 0 -1 -1.09456e-6 0 -1 -2.16645e-6 0 -1 4.78293e-7 0 -1 2.37923e-7 0 -1 -2.58182e-6 0 -1 1.11949e-6 0 -1 -8.11944e-7 0 -1 -4.78293e-7 0 -1 3.62375e-7 0 -1 -3.2694e-7 0 -1 1.22105e-6 0 -1 -1.48204e-6 0 -1 -1.26124e-7 0 -1 2.08426e-6 0 -1 -3.42723e-7 0 -1 -3.54097e-7 0 -1 1.4974e-6 0 -1 4.0938e-6 0 -1 -3.95466e-7 0 -1 9.31975e-7 0 -1 -9.19933e-7 0 -1 -1.15321e-6 0 -1 -1.8283e-6 0 -1 -2.089e-6 0 -1 1.48485e-6 0 -1 -2.94998e-6 0 -1 8.33574e-7 0 -1 -3.97059e-7 0 -1 -4.24095e-7 0 -1 -3.79056e-7 0 -1 -1.94758e-7 0 -1 1.84877e-6 0 -1 -2.68403e-7 0 -1 -4.35759e-6 0 -1 1.26997e-6 0 -1 1.57491e-6 0 -1 -2.79137e-6 0 -1 1.51587e-7 0 -1 1.50454e-6 0 -1 0 0 -1 4.40387e-7 0 -1 -6.57811e-7 0 -1 -1.48729e-6 0 -1 1.08872e-6 0 -1 7.99876e-7 0 -1 3.71127e-6 0 -1 -1.81044e-6 0 -1 1.92584e-6 0 -1 -2.45164e-6 0 -1 -4.52984e-6 0 -1 -1.83929e-6 0 -1 2.98568e-6 0 -1 -3.42786e-6 0 -1 -5.67789e-7 0 -1 3.82752e-7 0 -1 2.02608e-6 0 -1 -2.59705e-7 0 -1 2.09601e-6 0 -1 8.70564e-6 0 -1 -4.14213e-6 0 -1 2.184e-6 0 -1 -2.04753e-6 0 -1 1.64082e-7 0 -1 2.17748e-6 0 -1 6.13105e-6 0 -1 7.80119e-7 0 -1 3.45156e-7 0 -1 1.25628e-7 0 -1 -1.42571e-6 0 -1 -3.18942e-6 0 -1 -3.12747e-6 0 -1 0 0 -1 1.7503e-7 0 -1 -5.83684e-7 0 -1 1.27832e-6 0 -1 7.24776e-7 0 -1 -1.49951e-6 0 -1 7.66826e-7 0 -1 2.98573e-6 0 -1 8.6854e-7 0 -1 -9.23303e-7 0 -1 2.37185e-6 0 -1 6.56191e-7 0 -1 -1.27832e-6 0 -1 1.42571e-6 0 -1 6.93166e-7 0 -1 4.08686e-6 0 -1 3.18942e-6 0 -1 -1.08718e-6 0 -1 -7.33043e-7 0 -1 -5.08146e-6 0 -1 -2.09601e-6 0 -1 3.3778e-7 0 -1 0 0 -1 3.99938e-6 0 -1 1.94508e-7 0 -1 -8.60064e-7 0 -1 -3.82752e-7 0 -1 -7.45726e-7 0 -1 -1.23133e-7 0 -1 7.07777e-6 0 -1 9.31358e-7 0 -1 -3.97623e-6 0 -1 0 0 -1 -1.17432e-6 0 -1 -6.56982e-7 0 -1 1.71393e-6 0 -1 1.49664e-6 0 -1 -1.27808e-6 0 -1 -1.55795e-6 0 -1 4.85319e-6 0 -1 -2.43784e-6 0 -1 2.09856e-6 0 -1 1.24445e-6 0 -1 8.48119e-7 0 -1 1.38627e-6 0 -1 -1.26267e-6 0 -1 1.2377e-6 0 -1 -8.93792e-7 0 -1 1.87422e-6 0 -1 -3.67011e-6 0 -1 1.90461e-6 0 -1 0 0 -1 1.22642e-6 0 -1 7.34794e-6 0 -1 -4.54901e-6 0 -1 -1.96307e-7 0 -1 4.54901e-6 0 -1 3.3943e-7 0 -1 6.93816e-7 0 -1 0 0 -1 -4.243e-6 0 -1 -2.77715e-6 0 -1 -1.60259e-7 0 -1 -4.11409e-7 0 -1 6.65014e-7 0 -1 -3.55634e-7 0 -1 -3.89993e-7 0 -1 -8.5871e-7 0 -1 0 0 -1 2.51268e-7 0 -1 2.32016e-7 0 -1 0 0 -1 -9.89879e-7 0 -1 1.97004e-7 0 -1 -5.00949e-7 0 -1 -1.27111e-6 0 -1 8.13747e-6 0 -1 2.34538e-6 0 -1 -4.62507e-7 0 -1 -1.15464e-6 0 -1 -2.5977e-7 0 -1 8.90573e-7 0 -1 -2.39578e-6 0 -1 -2.74783e-7 0 -1 -3.68113e-7 0 -1 -9.28952e-7 0 -1 -1.9324e-6 0 -1 -3.484e-6 0 -1 -4.89722e-7 0 -1 1.96307e-7 0 -1 0 0 -1 2.39534e-6 0 -1 -1.52307e-6 0 -1 -1.51168e-6 0 -1 1.49748e-6 0 -1 7.59686e-7 0 -1 2.63382e-7 0 -1 -2.28865e-6 0 -1 4.08558e-7 0 -1 -6.92242e-7 0 -1 2.91863e-6 0 -1 2.59221e-7 0 -1 3.6508e-7 0 -1 2.79032e-6 0 -1 -2.09855e-6 0 -1 -2.52074e-7 0 -1 1.51074e-6 0 -1 4.62507e-7 0 -1 -2.39562e-6 0 -1 7.67338e-7 0 -1 1.11437e-6 0 -1 1.74541e-7 0 -1 -2.34689e-6 0 -1 -1.50572e-6 0 -1 2.65884e-6 0 -1 -2.75371e-6 0 -1 0 0 -1 7.5018e-7 0 -1 -1.26808e-6 0 -1 1.67606e-6 0 -1 -9.51553e-7 0 -1 1.25395e-6 0 -1 3.47142e-7 0 -1 7.79987e-7 0 -1 0 0 -1 5.7494e-7 0 -1 1.82277e-6 0 -1 4.65584e-7 0 -1 -1.59916e-6 0 -1 4.45385e-7 0 -1 0 0 -1 -1.20353e-6 0 -1 7.36322e-7 0 -1 -1.19854e-6 0 -1 4.20703e-6 0 -1 -1.81343e-7 0 -1 2.9384e-7 0 -1 -6.89567e-7 0 -1 -6.32546e-7 0 -1 0 0 -1 -4.13914e-6 0 -1 -2.21603e-6 0 -1 3.07005e-6 0 -1 5.70682e-7 0 -1 1.4655e-6 0 -1 3.69199e-7 0 -1 -7.04443e-7 0 -1 9.93106e-7 0 -1 -3.69199e-7 0 -1 3.48129e-7 0 -1 9.52606e-7 0 -1 1.81343e-7 0 -1 -1.97004e-7 0 -1 -2.63382e-7 0 -1 4.89722e-7 0 -1 -9.25916e-7 0 -1 -1.79236e-6 0 -1 9.36856e-7 0 -1 8.87885e-7 0 -1 -4.45385e-7 0 -1 -3.38016e-6 0 -1 3.33461e-7 0 -1 -9.62757e-7 0 -1 4.4678e-7 0 -1 -1.85483e-6 0 0 -0.3716627 0.9283679 0 -0.540641 0.8412535 0 -0.6900788 0.7237343 0 0.09505558 -0.995472 0 -0.8145758 0.5800572 0 0.2817326 -0.9594931 0 0.2817329 -0.9594929 0 -0.9096322 0.4154146 0 0.4582263 -0.8888357 0 0.4582267 -0.8888354 0 -0.9718116 0.2357587 0 -0.9718115 0.235759 0 0.6181594 -0.7860528 0 0.6181591 -0.786053 0 -0.9988674 0.04758191 0 -0.9988673 0.04758185 0 0.7557495 -0.6548608 0 -0.9898213 -0.1423161 0 0.8660253 -0.5000002 0 -0.9898215 -0.142315 0 0.8660256 -0.4999998 0 -0.9450011 -0.3270674 0 -0.9450014 -0.3270665 0 0.9450014 -0.3270665 0 0.9450011 -0.3270674 0 -0.8660253 -0.5000002 0 0.9898213 -0.1423161 0 -0.8660256 -0.4999998 0 0.9898215 -0.142315 0 -0.7557495 -0.6548608 0 0.9988674 0.04758191 0 0.9988673 0.04758185 0 -0.6181591 -0.786053 0 -0.6181594 -0.7860528 0 0.9718116 0.2357587 0 0.9718115 0.235759 0 -0.4582263 -0.8888357 0 -0.4582267 -0.8888354 0 0.9096322 0.4154146 0 -0.2817326 -0.959493 0 0.8145758 0.5800572 0 -0.2817328 -0.9594929 0 -0.09505558 -0.995472 0 -0.09505558 -0.995472 0 0.690079 0.723734 0 0.6900785 0.7237346 0 0.540641 0.8412535 0 0.3716632 0.9283677 0 0.3716627 0.9283679 0 0.1892504 0.981929 0 0.1892507 0.9819288 0 -0.1892504 0.981929 0 -0.1892507 0.9819288 0 -0.3716632 0.9283677 -1 -2.296e-7 0 -1 4.57949e-7 0 -1 -4.3977e-7 0 -1 -8.8555e-7 0 -1 -1.43813e-7 0 -1 8.2976e-7 0 -1 4.42775e-7 0 -1 -4.45587e-7 0 -1 -8.2976e-7 0 -1 8.0231e-7 0 -1 0 0 -1 4.45587e-7 0 -1 4.00664e-7 0 -1 -2.30733e-7 0 -1 0 0 -1 4.0037e-7 0 -1 -9.05556e-7 0 -1 2.30859e-7 0 -1 2.15351e-7 0 -1 8.13274e-7 0 -1 -4.54734e-7 0 -1 9.05556e-7 0 -1 0 0 -1 -2.00185e-7 0 -1 -4.00664e-7 0 -1 -4.33212e-7 0 -1 4.61466e-7 0 -1 4.54734e-7 0 -1 2.11786e-7 0 -1 -4.57949e-7 0 -1 -4.01155e-7 0 1 -9.15899e-7 0 1 8.35052e-7 0 1 -4.17526e-7 0 1 -4.36577e-7 0 1 4.1488e-7 0 1 2.50722e-7 0 1 -4.6096e-7 0 1 8.91173e-7 0 1 1.61128e-7 0 1 4.10306e-7 0 1 2.00185e-7 0 1 0 0 1 8.16725e-7 0 1 2.30859e-7 0 1 -8.16725e-7 0 1 9.0119e-7 0 1 0 0 1 -2.30859e-7 0 1 -4.0037e-7 0 1 -1.61128e-7 0 1 -6.07692e-7 0 1 6.07692e-7 0 1 -6.05741e-7 0 1 9.15898e-7 0 1 -2.50722e-7 0 1 4.36577e-7 0 1 4.6096e-7 0 1 6.05741e-7 0 0 -0.2588188 -0.965926 0 -0.2588191 -0.9659259 0 -0.4226176 -0.9063082 0 -0.422617 -0.9063084 0 0.08715593 0.9961948 0 0.08715599 0.9961947 0 -0.5735778 -0.8191512 0 -0.5735772 -0.8191515 0 0.2588191 0.9659259 0 0.2588188 0.965926 0 -0.7071068 -0.7071068 0 0.4226176 0.9063082 0 0.422617 0.9063084 0 -0.8191512 -0.5735778 0 -0.8191515 -0.5735774 0 0.5735778 0.8191512 0 0.5735772 0.8191515 0 -0.9063083 -0.4226171 0 0.7071068 0.7071068 0 -0.9659262 -0.258818 0 0.8191515 0.5735774 0 -0.9659258 -0.2588197 0 0.8191512 0.5735778 0 -0.9961947 -0.08715558 0 -0.9961947 -0.08715641 0 0.9063083 0.4226171 0 -0.9961947 0.08715629 0 -0.9961948 0.08715575 0 0.9659258 0.2588197 0 0.9659262 0.258818 0 -0.9659258 0.2588194 0 -0.965926 0.2588184 0 0.9961947 0.08715641 0 0.9961947 0.08715558 0 -0.9063083 0.4226171 0 0.9961948 -0.08715575 0 0.9961947 -0.08715629 0 -0.8191515 0.5735774 0 0.965926 -0.2588184 0 -0.8191512 0.5735778 0 0.9659258 -0.2588194 0 -0.7071068 0.7071068 0 0.9063083 -0.4226171 0 -0.5735774 0.8191515 0 -0.5735777 0.8191512 0 0.8191512 -0.5735778 0 0.8191515 -0.5735774 0 -0.422617 0.9063084 0 -0.4226176 0.9063082 0 0.7071068 -0.7071068 0 -0.2588188 0.965926 0 -0.2588191 0.9659259 0 0.5735774 -0.8191515 0 0.5735777 -0.8191512 0 -0.08715593 0.9961948 0 -0.08715599 0.9961947 0 0.422617 -0.9063084 0 0.4226176 -0.9063082 0 0.2588188 -0.965926 0 0.2588191 -0.9659259 0 0.08715593 -0.9961948 0 0.08715599 -0.9961947 0 -0.08715593 -0.9961948 0 -0.08715599 -0.9961947 -0.8594998 -0.5074084 0.06161838 -0.8644527 -0.5027142 0 -0.8644511 -0.4881083 -0.1203105 -0.859509 -0.4779068 -0.181244 -0.8778456 -0.4478203 -0.1698358 -0.8595061 -0.4779095 -0.1812503 -0.8595022 -0.4206538 0.2903558 -0.8644513 -0.4451307 0.2336295 -0.8644528 -0.4881053 0.1203103 -0.8778461 -0.4754509 0.05772995 -0.8595072 -0.5073967 0.0616123 -0.8595052 -0.5074006 0.06160604 -0.8595007 -0.237542 0.452584 -0.8644546 -0.2855734 0.4137222 -0.8644555 -0.3762871 0.3333541 -0.8778467 -0.3941602 0.2720714 -0.8595064 -0.4206469 0.2903535 -0.8595058 -0.4206446 0.2903586 -0.859501 0 0.5111341 -0.8644526 -0.06059288 0.4990494 -0.8644517 -0.1782634 0.4700484 -0.8595086 -0.2375335 0.4525735 -0.8595013 -0.2375337 0.4525875 -0.8778454 -0.2225779 0.4240832 -0.8595007 0.2375395 0.4525856 -0.8644552 0.1782641 0.4700416 -0.8644514 0.06059312 0.4990514 -0.8778462 0 0.4789428 -0.859507 0 0.5111241 -0.8595085 0 0.5111215 -0.8594987 0.4206522 0.2903681 -0.8644525 0.3762871 0.3333618 -0.8644541 0.2855755 0.4137219 -0.8778454 0.2225779 0.4240832 -0.859507 0.2375374 0.4525746 -0.859506 0.2375327 0.4525789 -0.8594997 0.5074104 0.06160515 -0.8595076 0.4206451 0.2903525 -0.8595049 0.4206463 0.2903586 -0.8644528 0.4881053 0.1203103 -0.8644534 0.4451308 0.2336214 -0.8778467 0.3941602 0.2720714 -0.8594999 0.4779212 -0.1812494 -0.8644512 0.4881061 -0.1203188 -0.8595063 0.5073981 0.06161266 -0.8644537 0.5027124 0 -0.8595068 0.5073981 0.06160569 -0.8595001 -0.3389463 -0.38259 -0.877846 0.4754502 0.05773615 -0.8644531 -0.2855749 -0.4137244 -0.8644548 -0.1782644 -0.4700424 -0.8594979 0.3389487 -0.3825927 -0.8868587 -0.0556944 -0.4586719 -0.8595097 -0.1223766 -0.4962531 0.2767027 -0.7503802 0.6003042 -0.8644515 0.3762873 -0.333364 -0.8644521 0.4451328 -0.2336221 -0.8595065 0.4779046 -0.1812617 -0.8595074 0.4779096 -0.1812447 -0.8778457 0.4478203 -0.1698358 -0.8868576 0.05569463 -0.4586739 -0.8644548 0.1782644 -0.4700424 -0.86445 0.2855738 -0.4137315 -0.859507 0.3389396 -0.3825803 0.3946229 0.717496 0.5739969 -0.859509 0.3389354 -0.3825795 -0.859499 -0.4779177 -0.1812623 -0.8595116 0.1223774 -0.4962494 -0.8778477 0.3175988 -0.3584892 -0.8644524 -0.4451324 -0.2336222 -0.864454 -0.3762883 -0.3333562 -0.8595035 -0.3389368 -0.3825907 -0.8595083 -0.3389372 -0.3825796 -0.8778437 -0.3175973 -0.3585002 0 -0.8854547 0.4647259 0 -0.8854547 0.464726 0 -0.9709397 0.2393244 0 -0.9709423 0.2393136 0 0.1205354 -0.9927091 0 0.1205382 -0.9927088 0 0.354608 -0.9350152 0 -0.9709423 -0.2393136 0 0.3546042 -0.9350166 0 -0.9709397 -0.2393244 0 0.5680596 -0.8229874 0 -0.8854547 -0.4647259 0 -0.8854547 -0.464726 0 0.5680649 -0.8229838 0 0.7485122 -0.663121 0 -0.7485124 -0.6631208 0 -0.748518 -0.6631146 0 0.7485181 -0.6631144 0 0.8854547 -0.464726 0 -0.5680596 -0.8229874 0 0.8854547 -0.4647259 0 -0.5680649 -0.8229838 0 -0.354608 -0.9350152 0 0.9709397 -0.2393244 0 -0.3546042 -0.9350166 0 -0.1205368 -0.9927089 0 0.9709423 -0.2393136 0 0.9709423 0.2393136 0 0.9709397 0.2393244 0 0.8854547 0.464726 0 0.8854547 0.4647259 0 0.748518 0.6631146 0 0.7485124 0.6631208 0 0.5680649 0.8229838 0 0.5680596 0.8229874 0 0.354608 0.9350152 0 0.3546042 0.9350166 0 0.1205382 0.9927088 0 0.1205354 0.9927091 0 -0.1205368 0.9927089 0 -0.354608 0.9350152 0 -0.3546042 0.9350166 0 -0.5680596 0.8229874 0 -0.5680649 0.8229838 0 -0.7485181 0.6631144 0 -0.7485122 0.663121 0.7746127 -0.3900312 -0.4978464 0.9126359 -0.2520977 -0.3217804 0.7746184 0.4978389 -0.3900294 0.8886326 -0.2131333 -0.4060868 0.8644297 -0.5027537 0 0.8543246 0 -0.5197399 0.8644282 -0.4881458 0.1203237 0.9090918 0.3279349 -0.256926 0.8674697 0.2312024 -0.4405019 0.859544 -0.4778509 0.1812258 0.8778231 -0.4478589 0.1698501 0.8595381 -0.4778602 0.1812291 0.8644266 -0.4451705 -0.2336446 0.8644287 -0.4881451 -0.1203219 0.8778228 -0.475493 -0.05773812 0.8595395 -0.5073429 -0.06160563 0.859543 -0.5073366 -0.06160855 0.8644282 -0.2856041 -0.4137562 0.8644289 -0.3763189 -0.3333867 0.8778222 -0.3941998 -0.2720937 0.8595415 -0.4206014 -0.2903152 0.8595405 -0.420596 -0.2903264 0.8644264 -0.0605998 -0.4990938 0.8644262 -0.1782763 -0.4700904 0.8595436 -0.2375034 -0.4525228 0.8595387 -0.2375109 -0.4525283 0.8778253 -0.2225923 -0.4241172 0.8644275 0.1782736 -0.4700888 0.8644283 0.06059992 -0.4990907 0.877821 0 -0.4789891 0.8595413 0 -0.5110664 0.8595418 0 -0.5110655 0.8644309 0.3763168 -0.3333843 0.8644281 0.2856056 -0.4137554 0.8778253 0.2225923 -0.4241172 0.8595477 0.237509 -0.4525122 0.8595404 0.237506 -0.4525277 0.8595397 0.4206004 -0.2903219 0.859543 0.4205927 -0.290323 0.8644287 0.4881451 -0.1203219 0.8644251 0.4451729 -0.2336464 0.8778228 0.3941975 -0.272095 0.8644285 0.488147 0.1203155 0.8595404 0.5073419 -0.06160253 0.8644272 0.502758 0 0.8595415 0.5073392 -0.06160849 0.8595156 -0.3389257 0.3825736 0.877823 0.4754931 -0.0577352 0.8644323 -0.2855912 0.4137564 0.8644301 -0.1782847 0.4700803 0.8595151 0.338923 0.3825769 0.8868399 -0.05569291 0.4587084 0.8595238 -0.1223054 0.4962463 -0.0943858 -0.8494725 -0.5191221 0.8644274 0.3763203 0.3333893 0.8644255 0.4451716 0.2336465 0.8595399 0.4778568 0.1812295 0.8595411 0.4778544 0.1812297 0.8778227 0.4478587 0.1698529 0.8868396 0.05569249 0.4587091 0.8644278 0.1782847 0.4700842 0.8644343 0.2855932 0.4137511 0.8595414 0.3388906 0.3825467 -0.09205746 0.8285173 -0.5523448 0.8595403 0.3388999 0.3825407 0.8595247 0.1223053 0.4962447 0.8778211 0.3176268 0.3585296 0.8595233 -0.4778369 0.1813606 0.8644279 -0.4451681 0.2336449 0.8644285 -0.3763208 0.3333857 0.8594856 -0.4779415 0.181263 0.8595395 -0.3388962 0.3825459 0.8595411 -0.3388985 0.38254 0.8778211 -0.3176268 0.3585296 0.864398 -0.5028082 0 0.8644547 -0.5027108 0 0.8774693 -0.3947297 -0.2724632 0.8525268 -0.5188715 -0.0630114 0.9001539 0.3584666 -0.2474359 0.8594853 0.4779462 0.181253 0.8595202 0.4778441 0.1813563 0.8594794 0.5074431 -0.06161749 0 -0.8854541 -0.4647271 0 -0.9709401 -0.2393229 0 0.1205305 0.9927097 0 0.1205312 0.9927096 0 0.3546158 0.9350122 0 -0.9709413 0.239318 0 0.3546139 0.9350129 0 0.5680626 0.8229854 0 -0.8854525 0.4647299 0 0.7485133 0.6631199 0 -0.7485162 0.6631166 0 0.748519 0.6631134 0 0.8854525 0.4647299 0 -0.5680626 0.8229854 0 0.885455 0.4647254 0 -0.5680654 0.8229835 0 -0.3546139 0.9350129 0 0.9709427 0.2393125 0 -0.3546158 0.9350122 0 -0.1205312 0.9927096 0 0.9709399 0.2393234 0 -0.1205305 0.9927097 0 0.9709388 -0.2393283 0 0.9709414 -0.2393174 0 0.8854565 -0.4647225 0 0.8854541 -0.4647271 0 0.748519 -0.6631134 0 0.7485133 -0.6631199 0 0.5680721 -0.8229787 0 0.3545911 -0.9350215 0 0.3545892 -0.9350222 0 0.1205381 -0.9927088 0 0.1205374 -0.9927088 0 -0.1205381 -0.9927088 0 -0.1205374 -0.9927088 0 -0.3545892 -0.9350222 0 -0.3545911 -0.9350215 0 -0.5680721 -0.8229787 0 -0.5680749 -0.8229769 0 -0.7485162 -0.6631166 0.7746241 0.2361192 -0.5866901 0.9126342 0.1526174 -0.3792189 0.7746236 0.5866897 0.2361217 0.8886339 0.2451179 -0.3876173 0.8644247 -0.2513769 -0.4354075 0.8543188 0.4501208 -0.2598668 0.8644309 -0.3482708 -0.3625834 0.9090937 0.3864661 0.1555399 0.8674584 0.4971063 -0.0200389 0.8595405 -0.395876 -0.3232221 0.8778223 -0.3710231 -0.3029357 0.8595437 -0.3958661 -0.3232255 0.8644254 -0.02024269 -0.5023533 0.8644301 -0.1398768 -0.4829027 0.8778234 -0.1877478 -0.4406554 0.8595429 -0.200322 -0.4701673 0.8595414 -0.2003229 -0.4701694 0.864427 0.2155284 -0.4542176 0.8644309 0.100562 -0.4925917 0.8778219 0.03854238 -0.477434 0.8595393 0.04112255 -0.5094128 0.8595451 0.04112166 -0.5094029 0.8644277 0.4019225 -0.3020317 0.8644297 0.3179683 -0.3894325 0.8595416 0.2731502 -0.4319459 0.8595413 0.2731453 -0.4319495 0.8778203 0.2560048 -0.4048372 0.864428 0.4962455 -0.08065229 0.8644281 0.4625276 -0.1970598 0.8778232 0.4148135 -0.2394918 0.8595421 0.442597 -0.2555292 0.859538 0.4425983 -0.2555412 0.8644282 0.4768838 0.1592034 0.8644282 0.5011259 0.04045706 0.8778224 0.4785977 -0.01929003 0.8595417 0.5106514 -0.02057802 0.8595407 0.5106528 -0.0205779 0.8595421 0.4617243 0.2190844 0.8595424 0.461719 0.2190945 0.8644284 0.3482732 0.362587 0.8644281 0.4249281 0.2687014 0.8778207 0.432743 0.2053401 0.864428 0.1398779 0.4829063 0.8595431 0.3070157 0.408567 0.8644261 0.2513757 0.4354055 0.8595408 0.3070201 0.4085686 0.8595122 -0.5007868 -0.1022326 0.8778199 0.2877478 0.3829278 0.8644271 -0.5011284 -0.04044902 0.8644261 -0.4962489 0.08065271 0.8595122 -0.1618578 0.4848102 0.8868382 -0.4251055 0.1811169 0.8595243 -0.4909108 0.1422126 0.002483487 -0.04257482 -0.9990903 0.8644294 -0.1005645 0.4925939 0.8644276 0.02024286 0.5023498 0.8595419 0.08197867 0.5044475 0.8595418 0.08198177 0.5044473 0.8778218 0.07683408 0.4727851 0.8868393 -0.3694089 0.2775844 0.8644268 -0.3179649 0.3894415 0.8644251 -0.2155299 0.4542203 0.859537 -0.1618371 0.4847732 0.0535165 0.8562642 0.5137585 0.8595429 -0.1618376 0.4847624 0.8595237 -0.3686136 0.3540383 0.8778218 -0.1516782 0.4543378 0.8595223 -0.3959774 -0.3231461 0.8644278 -0.4249286 -0.2687013 0.8644257 -0.4768832 -0.1592193 0.8594828 -0.3959519 -0.3232821 0.859542 -0.5007349 -0.1022362 0.8595401 -0.5007394 -0.1022301 0.8778223 -0.4693068 -0.09580892 0.8643826 -0.2514122 -0.4354707 0.8644535 -0.2513656 -0.4353568 0.8774703 0.03859704 -0.4780755 0.8525299 -0.2048745 -0.4808526 0.9001522 0.3935179 0.1867344 0.8594805 0.08199787 0.5045492 0.8595237 0.08185124 0.5044993 0.8594844 0.30708 0.4086424 0 -0.04026496 -0.9991891 0 -0.04026544 -0.999189 0 -0.2782174 -0.9605181 0 -0.799442 0.6007434 0 -0.5000014 -0.8660247 0 -0.6324446 0.7746057 0 -0.4999963 -0.8660275 0 -0.7994475 0.6007359 0 -0.6927171 -0.7212095 0 -0.6927286 -0.7211983 0 -0.4286933 0.9034502 0 -0.8451932 -0.5344611 0 -0.4286888 0.9034523 0 -0.2000252 0.9797908 0 -0.9485373 -0.3166658 0 -0.9485303 -0.3166866 0 -0.2000275 0.9797903 0 0.04026544 0.999189 0 -0.9967575 -0.08046579 0 -0.9967584 -0.08045423 0 -0.9870486 0.1604219 0 0.2782174 0.9605181 0 -0.9870523 0.1603993 0 -0.919983 0.3919584 0 0.2782236 0.9605163 0 -0.9199746 0.391978 0 0.4999914 0.8660305 0 0.4999963 0.8660275 0 0.6927286 0.7211983 0 0.6927229 0.7212039 0 0.8451827 0.5344776 0 0.8451932 0.5344611 0 0.9485373 0.3166658 0 0.9967575 0.08046579 0 0.9967564 0.08047723 0 0.9870486 -0.1604219 0 0.919983 -0.3919584 0 0.9199789 -0.3919682 0 0.799442 -0.6007434 0 0.6324446 -0.7746057 0 0.4286977 -0.903448 0 0.2000275 -0.9797903 0 0.2000229 -0.9797912 0.7746201 0.6261529 -0.08886039 0.9126357 0.4047191 -0.05743378 0.7746274 0.08885341 0.626145 0.8886328 0.4582473 0.01847302 0.8644291 0.2513784 -0.4353979 0.8543257 0.4501094 0.2598639 0.8644296 0.1398779 -0.4829035 0.9090892 0.05853116 0.4124696 0.8674572 0.2659003 0.4204938 0.8595405 0.08197599 -0.5044504 0.8778221 0.07683002 -0.4727848 0.8595447 0.08197891 -0.5044428 0.8644288 0.4249255 -0.2687033 0.8644272 0.3482717 -0.3625915 0.8778201 0.2877489 -0.3829264 0.8595385 0.3070214 -0.4085726 0.8595428 0.3070191 -0.4085652 0.8644285 0.5011256 -0.04045271 0.8644279 0.4768829 -0.1592077 0.8778209 0.4327428 -0.2053393 0.859543 0.4617197 -0.2190911 0.859539 0.4617289 -0.219087 0.8644306 0.4625225 0.1970607 0.8644286 0.4962444 0.08065193 0.8595404 0.5106536 0.02058082 0.859546 0.510644 0.02057814 0.8778225 0.4785977 0.019284 0.8644276 0.3179665 0.3894385 0.8644257 0.401929 0.3020285 0.8778191 0.4148185 0.239498 0.8595416 0.4425944 0.2555358 0.8595417 0.4425961 0.2555324 0.8644289 0.1005619 0.4925954 0.8644253 0.2155297 0.4542201 0.8778234 0.2560026 0.4048321 0.8595404 0.2731529 0.4319467 0.8595422 0.2731467 0.4319468 0.8595397 0.04111987 0.5094122 0.8595436 0.04113072 0.5094045 0.8644275 -0.1398759 0.4829077 0.8644287 -0.02024483 0.5023477 0.8778227 0.03854018 0.4774328 0.864426 -0.3482741 0.3625921 0.8595402 -0.2003215 0.4701723 0.8644327 -0.2513704 0.4353953 0.8595328 -0.2003162 0.4701883 0.8595151 -0.1618534 -0.4848065 0.8778228 -0.1877464 0.4406567 0.8644281 -0.2155294 -0.4542151 0.8644294 -0.317961 -0.3894389 0.8595153 -0.5007831 0.1022245 0.8868403 -0.3694079 -0.2775829 0.859524 -0.3686125 -0.3540388 -0.127573 0.8504865 -0.5102919 0.8644301 -0.4768812 0.1592009 0.8644284 -0.4249254 0.2687047 0.8595433 -0.3958711 0.3232207 0.8595383 -0.3958808 0.323222 0.8778233 -0.3710217 0.3029345 0.8868349 -0.4251112 -0.1811199 0.864427 -0.4962477 -0.08064925 0.8644316 -0.5011203 0.04045283 0.8595459 -0.5007312 0.1022219 0 -0.07272356 0.9973521 0.8595397 -0.5007402 0.1022297 0.859526 -0.4909085 -0.1422113 0.8778215 -0.4693071 0.09581422 0.8595286 0.08182543 -0.5044951 0.8644325 0.0202468 -0.502341 0.8644295 -0.1005656 -0.4925934 0.8594741 0.08199346 -0.5045606 0.8595411 -0.1618387 -0.4847655 0.8595435 -0.1618345 -0.4847624 0.8778197 -0.1516789 -0.4543415 0.8643959 0.2514474 -0.4354241 0.8644554 0.2513824 -0.4353436 0.8774687 0.4333257 -0.2056149 0.852535 0.3139864 -0.4178478 0.9001559 0.03505074 0.4341555 0.8594897 -0.3959447 0.3232727 0.8595164 -0.3959839 0.323154 0.8594827 -0.2003491 0.4702659 0 0.8451877 -0.5344698 0 0.8451903 -0.5344657 0 0.692726 -0.721201 0 -0.9199805 -0.3919643 0 0.499999 -0.866026 0 -0.9870493 -0.1604173 0 0.5000015 -0.8660246 0 -0.9199784 -0.3919692 0 0.2782166 -0.9605184 0 -0.9870512 -0.1604061 0 0.2782182 -0.960518 0 -0.9967579 0.08046066 0 0.04027283 -0.9991888 0 0.04027307 -0.9991887 0 -0.9967573 0.08046638 0 -0.9485363 0.3166686 0 -0.2000288 -0.97979 0 -0.8451943 0.5344593 0 -0.4286958 -0.903449 0 -0.845189 0.5344675 0 -0.428698 -0.9034479 0 -0.6324347 -0.7746137 0 -0.6927223 0.7212045 0 -0.6324375 -0.7746114 0 -0.7994481 -0.6007354 0 -0.6927252 0.7212017 0 -0.4999912 0.8660305 0 -0.4999937 0.866029 0 -0.2782166 0.9605184 0 -0.2782182 0.960518 0 -0.04026585 0.9991891 0 -0.04026627 0.999189 0 0.2000221 0.9797914 0 0.2000232 0.9797912 0 0.42869 0.9034518 0 0.4286878 0.9034528 0 0.632453 0.7745988 0 0.6324502 0.7746011 0 0.7994427 0.6007423 0 0.9199773 0.391972 0 0.9199793 0.3919669 0 0.9870495 0.1604162 0 0.9870505 0.1604106 0 0.996757 -0.08047103 0 0.996758 -0.08045953 0 0.9485373 -0.3166655 0 0.9485338 -0.3166759 0.7746127 0.3900312 0.4978464 0.9126359 0.2520977 0.3217804 0.7746184 -0.4978389 0.3900294 0.8886326 0.2131333 0.4060868 0.8644297 0.5027537 0 0.8543246 0 0.5197399 0.8644282 0.4881458 -0.1203237 0.9090918 -0.3279349 0.256926 0.8674697 -0.2312024 0.4405019 0.859544 0.4778509 -0.1812258 0.8778231 0.4478589 -0.1698501 0.8595381 0.4778602 -0.1812291 0.8644266 0.4451705 0.2336446 0.8644287 0.4881451 0.1203219 0.8778228 0.475493 0.05773812 0.8595395 0.5073429 0.06160563 0.859543 0.5073366 0.06160855 0.8644282 0.2856041 0.4137562 0.8644289 0.3763189 0.3333867 0.8778222 0.3941998 0.2720937 0.8595415 0.4206014 0.2903152 0.8595405 0.420596 0.2903264 0.8644264 0.0605998 0.4990938 0.8644262 0.1782763 0.4700904 0.8595436 0.2375034 0.4525228 0.8595387 0.2375109 0.4525283 0.8778253 0.2225923 0.4241172 0.8644275 -0.1782736 0.4700888 0.8644283 -0.06059992 0.4990907 0.877821 0 0.4789891 0.8595413 0 0.5110664 0.8595418 0 0.5110655 0.8644309 -0.3763168 0.3333843 0.8644281 -0.2856056 0.4137554 0.8778253 -0.2225923 0.4241172 0.8595477 -0.237509 0.4525122 0.8595404 -0.237506 0.4525277 0.8595397 -0.4206004 0.2903219 0.859543 -0.4205927 0.290323 0.8644287 -0.4881451 0.1203219 0.8644251 -0.4451729 0.2336464 0.8778228 -0.3941975 0.272095 0.8644285 -0.488147 -0.1203155 0.8595404 -0.5073419 0.06160253 0.8644272 -0.502758 0 0.8595415 -0.5073392 0.06160849 0.8595156 0.3389257 -0.3825736 0.877823 -0.4754931 0.0577352 0.8644323 0.2855912 -0.4137564 0.8644301 0.1782847 -0.4700803 0.8595151 -0.338923 -0.3825769 0.8868399 0.05569291 -0.4587084 0.8595238 0.1223054 -0.4962463 -0.0943858 0.8494725 0.5191221 0.8644274 -0.3763203 -0.3333893 0.8644255 -0.4451716 -0.2336465 0.8595399 -0.4778568 -0.1812295 0.8595411 -0.4778544 -0.1812297 0.8778227 -0.4478587 -0.1698529 0.8868396 -0.05569249 -0.4587091 0.8644278 -0.1782847 -0.4700842 0.8644343 -0.2855932 -0.4137511 0.8595414 -0.3388906 -0.3825467 -0.09205746 -0.8285173 0.5523448 0.8595403 -0.3388999 -0.3825407 0.8595247 -0.1223053 -0.4962447 0.8778211 -0.3176268 -0.3585296 0.8595233 0.4778369 -0.1813606 0.8644279 0.4451681 -0.2336449 0.8644285 0.3763208 -0.3333857 0.8594856 0.4779415 -0.181263 0.8595395 0.3388962 -0.3825459 0.8595411 0.3388985 -0.38254 0.8778211 0.3176268 -0.3585296 0.864398 0.5028082 0 0.8644547 0.5027108 0 0.8774693 0.3947297 0.2724632 0.8525268 0.5188715 0.0630114 0.9001539 -0.3584666 0.2474359 0.8594853 -0.4779462 -0.181253 0.8595202 -0.4778441 -0.1813563 0.8594794 -0.5074431 0.06161749 0 0.8854541 0.4647271 0 0.9709401 0.2393229 0 -0.1205305 -0.9927097 0 -0.1205312 -0.9927096 0 -0.3546158 -0.9350122 0 0.9709413 -0.239318 0 -0.3546139 -0.9350129 0 -0.5680626 -0.8229854 0 0.8854525 -0.4647299 0 -0.7485133 -0.6631199 0 0.7485162 -0.6631166 0 -0.748519 -0.6631134 0 -0.8854525 -0.4647299 0 0.5680626 -0.8229854 0 -0.885455 -0.4647254 0 0.5680654 -0.8229835 0 0.3546139 -0.9350129 0 -0.9709427 -0.2393125 0 0.3546158 -0.9350122 0 0.1205312 -0.9927096 0 -0.9709399 -0.2393234 0 0.1205305 -0.9927097 0 -0.9709388 0.2393283 0 -0.9709414 0.2393174 0 -0.8854565 0.4647225 0 -0.8854541 0.4647271 0 -0.748519 0.6631134 0 -0.7485133 0.6631199 0 -0.5680721 0.8229787 0 -0.3545911 0.9350215 0 -0.3545892 0.9350222 0 -0.1205381 0.9927088 0 -0.1205374 0.9927088 0 0.1205381 0.9927088 0 0.1205374 0.9927088 0 0.3545892 0.9350222 0 0.3545911 0.9350215 0 0.5680721 0.8229787 0 0.5680749 0.8229769 0 0.7485162 0.6631166 0.7746241 -0.2361192 0.5866901 0.9126342 -0.1526174 0.3792189 0.7746236 -0.5866897 -0.2361217 0.8886339 -0.2451179 0.3876173 0.8644247 0.2513769 0.4354075 0.8543188 -0.4501208 0.2598668 0.8644309 0.3482708 0.3625834 0.9090937 -0.3864661 -0.1555399 0.8674584 -0.4971063 0.0200389 0.8595405 0.395876 0.3232221 0.8778223 0.3710231 0.3029357 0.8595437 0.3958661 0.3232255 0.8644254 0.02024269 0.5023533 0.8644301 0.1398768 0.4829027 0.8778234 0.1877478 0.4406554 0.8595429 0.200322 0.4701673 0.8595414 0.2003229 0.4701694 0.864427 -0.2155284 0.4542176 0.8644309 -0.100562 0.4925917 0.8778219 -0.03854238 0.477434 0.8595393 -0.04112255 0.5094128 0.8595451 -0.04112166 0.5094029 0.8644277 -0.4019225 0.3020317 0.8644297 -0.3179683 0.3894325 0.8595416 -0.2731502 0.4319459 0.8595413 -0.2731453 0.4319495 0.8778203 -0.2560048 0.4048372 0.864428 -0.4962455 0.08065229 0.8644281 -0.4625276 0.1970598 0.8778232 -0.4148135 0.2394918 0.8595421 -0.442597 0.2555292 0.859538 -0.4425983 0.2555412 0.8644282 -0.4768838 -0.1592034 0.8644282 -0.5011259 -0.04045706 0.8778224 -0.4785977 0.01929003 0.8595417 -0.5106514 0.02057802 0.8595407 -0.5106528 0.0205779 0.8595421 -0.4617243 -0.2190844 0.8595424 -0.461719 -0.2190945 0.8644284 -0.3482732 -0.362587 0.8644281 -0.4249281 -0.2687014 0.8778207 -0.432743 -0.2053401 0.864428 -0.1398779 -0.4829063 0.8595431 -0.3070157 -0.408567 0.8644261 -0.2513757 -0.4354055 0.8595408 -0.3070201 -0.4085686 0.8595122 0.5007868 0.1022326 0.8778199 -0.2877478 -0.3829278 0.8644271 0.5011284 0.04044902 0.8644261 0.4962489 -0.08065271 0.8595122 0.1618578 -0.4848102 0.8868382 0.4251055 -0.1811169 0.8595243 0.4909108 -0.1422126 0.002483487 0.04257482 0.9990903 0.8644294 0.1005645 -0.4925939 0.8644276 -0.02024286 -0.5023498 0.8595419 -0.08197867 -0.5044475 0.8595418 -0.08198177 -0.5044473 0.8778218 -0.07683408 -0.4727851 0.8868393 0.3694089 -0.2775844 0.8644268 0.3179649 -0.3894415 0.8644251 0.2155299 -0.4542203 0.859537 0.1618371 -0.4847732 0.0535165 -0.8562642 -0.5137585 0.8595429 0.1618376 -0.4847624 0.8595237 0.3686136 -0.3540383 0.8778218 0.1516782 -0.4543378 0.8595223 0.3959774 0.3231461 0.8644278 0.4249286 0.2687013 0.8644257 0.4768832 0.1592193 0.8594828 0.3959519 0.3232821 0.859542 0.5007349 0.1022362 0.8595401 0.5007394 0.1022301 0.8778223 0.4693068 0.09580892 0.8643826 0.2514122 0.4354707 0.8644535 0.2513656 0.4353568 0.8774703 -0.03859704 0.4780755 0.8525299 0.2048745 0.4808526 0.9001522 -0.3935179 -0.1867344 0.8594805 -0.08199787 -0.5045492 0.8595237 -0.08185124 -0.5044993 0.8594844 -0.30708 -0.4086424 0 0.04026496 0.9991891 0 0.5000014 0.8660247 0 0.7994475 -0.6007359 0 0.6927171 0.7212095 0 0.4286933 -0.9034502 0 0.4286888 -0.9034523 0 0.2000252 -0.9797908 0 0.9485303 0.3166866 0 0.9967584 0.08045423 0 0.9870523 -0.1603993 0 -0.2782236 -0.9605163 0 0.9199746 -0.391978 0 -0.4999914 -0.8660305 0 -0.6927229 -0.7212039 0 -0.8451827 -0.5344776 0 -0.9967564 -0.08047723 0 -0.9199789 0.3919682 0 -0.4286977 0.903448 0 -0.2000229 0.9797912 0.7746201 -0.6261529 0.08886039 0.9126357 -0.4047191 0.05743378 0.7746274 -0.08885341 -0.626145 0.8886328 -0.4582473 -0.01847302 0.8644291 -0.2513784 0.4353979 0.8543257 -0.4501094 -0.2598639 0.8644296 -0.1398779 0.4829035 0.9090892 -0.05853116 -0.4124696 0.8674572 -0.2659003 -0.4204938 0.8595405 -0.08197599 0.5044504 0.8778221 -0.07683002 0.4727848 0.8595447 -0.08197891 0.5044428 0.8644288 -0.4249255 0.2687033 0.8644272 -0.3482717 0.3625915 0.8778201 -0.2877489 0.3829264 0.8595385 -0.3070214 0.4085726 0.8595428 -0.3070191 0.4085652 0.8644285 -0.5011256 0.04045271 0.8644279 -0.4768829 0.1592077 0.8778209 -0.4327428 0.2053393 0.859543 -0.4617197 0.2190911 0.859539 -0.4617289 0.219087 0.8644306 -0.4625225 -0.1970607 0.8644286 -0.4962444 -0.08065193 0.8595404 -0.5106536 -0.02058082 0.859546 -0.510644 -0.02057814 0.8778225 -0.4785977 -0.019284 0.8644276 -0.3179665 -0.3894385 0.8644257 -0.401929 -0.3020285 0.8778191 -0.4148185 -0.239498 0.8595416 -0.4425944 -0.2555358 0.8595417 -0.4425961 -0.2555324 0.8644289 -0.1005619 -0.4925954 0.8644253 -0.2155297 -0.4542201 0.8778234 -0.2560026 -0.4048321 0.8595404 -0.2731529 -0.4319467 0.8595422 -0.2731467 -0.4319468 0.8595397 -0.04111987 -0.5094122 0.8595436 -0.04113072 -0.5094045 0.8644275 0.1398759 -0.4829077 0.8644287 0.02024483 -0.5023477 0.8778227 -0.03854018 -0.4774328 0.864426 0.3482741 -0.3625921 0.8595402 0.2003215 -0.4701723 0.8644327 0.2513704 -0.4353953 0.8595328 0.2003162 -0.4701883 0.8595151 0.1618534 0.4848065 0.8778228 0.1877464 -0.4406567 0.8644281 0.2155294 0.4542151 0.8644294 0.317961 0.3894389 0.8595153 0.5007831 -0.1022245 0.8868403 0.3694079 0.2775829 0.859524 0.3686125 0.3540388 -0.127573 -0.8504865 0.5102919 0.8644301 0.4768812 -0.1592009 0.8644284 0.4249254 -0.2687047 0.8595433 0.3958711 -0.3232207 0.8595383 0.3958808 -0.323222 0.8778233 0.3710217 -0.3029345 0.8868349 0.4251112 0.1811199 0.864427 0.4962477 0.08064925 0.8644316 0.5011203 -0.04045283 0.8595459 0.5007312 -0.1022219 0 0.07272356 -0.9973521 0.8595397 0.5007402 -0.1022297 0.859526 0.4909085 0.1422113 0.8778215 0.4693071 -0.09581422 0.8595286 -0.08182543 0.5044951 0.8644325 -0.0202468 0.502341 0.8644295 0.1005656 0.4925934 0.8594741 -0.08199346 0.5045606 0.8595411 0.1618387 0.4847655 0.8595435 0.1618345 0.4847624 0.8778197 0.1516789 0.4543415 0.8643959 -0.2514474 0.4354241 0.8644554 -0.2513824 0.4353436 0.8774687 -0.4333257 0.2056149 0.852535 -0.3139864 0.4178478 0.9001559 -0.03505074 -0.4341555 0.8594897 0.3959447 -0.3232727 0.8595164 0.3959839 -0.323154 0.8594827 0.2003491 -0.4702659 0 -0.8451877 0.5344698 0 -0.8451903 0.5344657 0 -0.692726 0.721201 0 0.9199805 0.3919643 0 -0.499999 0.866026 0 0.9870493 0.1604173 0 -0.5000015 0.8660246 0 0.9199784 0.3919692 0 0.9870512 0.1604061 0 0.9967579 -0.08046066 0 -0.04027283 0.9991888 0 -0.04027307 0.9991887 0 0.9967573 -0.08046638 0 0.9485363 -0.3166686 0 0.2000288 0.97979 0 0.8451943 -0.5344593 0 0.4286958 0.903449 0 0.845189 -0.5344675 0 0.428698 0.9034479 0 0.6324347 0.7746137 0 0.6927223 -0.7212045 0 0.6324375 0.7746114 0 0.7994481 0.6007354 0 0.6927252 -0.7212017 0 0.4999912 -0.8660305 0 0.4999937 -0.866029 0 0.04026585 -0.9991891 0 0.04026627 -0.999189 0 -0.2000221 -0.9797914 0 -0.2000232 -0.9797912 0 -0.42869 -0.9034518 0 -0.4286878 -0.9034528 0 -0.632453 -0.7745988 0 -0.6324502 -0.7746011 0 -0.7994427 -0.6007423 0 -0.9199773 -0.391972 0 -0.9199793 -0.3919669 0 -0.9870495 -0.1604162 0 -0.9870505 -0.1604106 0 -0.996757 0.08047103 0 -0.996758 0.08045953 0 -0.9485373 0.3166655 0 -0.9485338 0.3166759 -0.4983032 0.4687367 0.7293695 -0.4983114 0.4687343 0.7293654 -0.4982935 0.5983046 0.6274833 -0.498301 0.5983014 0.6274805 -0.4982889 -0.08241432 -0.8630853 -0.4982956 -0.08241444 -0.8630815 -0.4982968 0.7062437 0.5029117 -0.4982928 0.7062435 0.502916 -0.4982885 -0.2442661 -0.831891 -0.4982978 0.7886567 0.3601667 -0.4983056 -0.2442623 -0.8318819 -0.4982967 0.7886571 0.3601673 -0.4982965 -0.3972859 -0.7706261 -0.4983041 0.8425628 0.2044041 -0.4983002 0.8425651 0.2044041 -0.4982907 -0.3972856 -0.77063 -0.4983054 0.8660196 0.04125308 -0.4983009 -0.5359475 -0.6815106 -0.498305 0.8660199 0.04125314 -0.4982953 -0.5359488 -0.6815136 -0.4983071 0.8581758 -0.1233877 -0.4983045 0.8581773 -0.1233875 -0.4982949 -0.6552419 -0.5677679 -0.4982967 -0.655238 -0.5677707 -0.4982945 0.8193234 -0.2835697 -0.4983081 0.8193154 -0.2835692 -0.498294 -0.7508517 -0.4335029 -0.4982984 -0.7508485 -0.4335034 -0.4982927 0.7508524 -0.4335035 -0.4982985 0.7508488 -0.4335027 -0.4983066 -0.8193166 -0.283568 -0.4982964 -0.8193216 -0.2835713 -0.4982984 0.6552394 -0.5677678 -0.4982932 0.6552413 -0.5677701 -0.4983082 -0.8581749 -0.1233885 -0.4983041 -0.8581776 -0.1233869 -0.4982923 0.5359508 -0.6815142 -0.4983005 0.535947 -0.6815112 -0.498305 -0.8660199 0.04125314 -0.4983057 -0.8660194 0.04125314 -0.4982904 0.3972878 -0.770629 -0.4982957 0.3972842 -0.7706276 -0.4983049 -0.8425621 0.2044051 -0.4983004 0.2442638 -0.8318846 -0.4983 -0.8425654 0.2044032 -0.4982849 0.2442657 -0.8318933 -0.4983006 -0.7886545 0.3601676 -0.4982852 0.08241522 -0.8630874 -0.4982948 0.08241403 -0.8630818 -0.4982941 -0.7886591 0.3601665 -0.4982971 -0.7062432 0.5029121 -0.4982935 -0.7062435 0.5029152 -0.4982948 -0.5983042 0.6274827 -0.4983031 -0.5983003 0.6274798 -0.4983083 -0.4687364 0.7293663 -0.4983061 -0.4687342 0.7293691 -0.4982997 -0.3222334 0.8048994 -0.4982957 -0.3222337 0.8049018 -0.4983063 -0.1640803 0.8513333 -0.4982954 -0.1640819 0.8513395 -0.4983042 0 0.8670024 -0.4983057 0 0.8670014 -0.4982996 0.1640815 0.851337 -0.4983057 0.1640808 0.8513337 -0.4983019 0.3222331 0.8048982 -0.4982955 0.3222334 0.8049021 -1 -1.87275e-6 0 -1 3.17837e-7 0 -1 0 0 -1 3.17836e-7 0 -1 1.60857e-7 0 -1 1.87275e-6 0 -1 0 0 -1 0 0 -1 0 0 -1 0 0 0 -0.9182159 0.3960802 0 -0.9182161 0.39608 0 -0.9848079 0.1736479 0 -0.9848079 0.1736479 0 -0.9983083 -0.05814498 0 0.116093 -0.9932383 0 0.116093 -0.9932383 0 -0.9983083 -0.05814504 0 -0.9579895 -0.2868037 0 0.3420198 -0.9396929 0 -0.9579896 -0.2868033 0 0.3420197 -0.9396929 0 -0.8660255 -0.4999998 0 0.5495092 -0.8354877 0 -0.8660256 -0.5 0 0.5495092 -0.8354877 0 -0.7273733 -0.6862421 0 -0.7273737 -0.6862416 0 0.7273735 -0.6862418 0 0.7273734 -0.6862419 0 -0.5495091 -0.8354878 0 -0.5495093 -0.8354876 0 0.8660256 -0.5 0 0.8660255 -0.4999998 0 -0.3420197 -0.9396929 0 -0.3420198 -0.9396927 0 0.9579893 -0.2868038 0 0.9579895 -0.2868032 0 -0.116093 -0.9932383 0 -0.116093 -0.9932383 0 0.9983083 -0.05814504 0 0.9983083 -0.05814498 0 0.9848079 0.1736479 0 0.9848079 0.1736479 0 0.9182159 0.3960804 0 0.9182162 0.3960798 0 0.802123 0.5971589 0 0.8021231 0.5971587 0 0.6427879 0.7660443 0 0.6427877 0.7660444 0 0.4487993 0.8936327 0 0.4487996 0.8936325 0 0.2306159 0.9730449 0 0.2306158 0.9730449 0 -0.2306159 0.9730449 0 -0.2306157 0.973045 0 -0.4487996 0.8936325 0 -0.4487993 0.8936327 0 -0.6427879 0.7660443 0 -0.6427877 0.7660444 0 -0.8021231 0.5971587 0 -0.802123 0.5971589 0.3450917 0.5383546 -0.7688212 0.3449121 0.5383739 -0.7688884 0.5541368 0.4774745 -0.6818729 0.5539463 0.4775099 -0.6820029 0.733112 0.3900721 -0.557127 0.7331855 0.3900608 -0.5570383 0.8714851 0.2813022 -0.4017248 0.8714561 0.2813143 -0.4017794 0.9568879 0.1665918 -0.2379348 0.9951213 0.05657702 -0.0808255 0.9951214 0.0566067 -0.08080339 0.9568783 0.1666408 -0.237939 0.1173106 0.4196869 -0.9000562 0.1169854 0.4197281 -0.9000794 0.34491 0.3966891 -0.8506909 0.345039 0.3966615 -0.8506514 0.5539276 0.3518586 -0.7545595 0.5541581 0.3518022 -0.7544164 0.7332469 0.2873629 -0.6162562 0.7331283 0.2874102 -0.616375 0.8714525 0.2072768 -0.44453 0.8714371 0.207296 -0.4445511 0.9951208 0.04170447 -0.08941739 0.9951269 0.04165035 -0.08937531 0.9568795 0.1227859 -0.2632592 0.956888 0.1227384 -0.2632503 0.117005 0.2570401 -0.9592915 0.1169699 0.2570458 -0.9592943 0.3449106 0.2429383 -0.9066519 0.3450307 0.2429172 -0.9066119 0.5542141 0.2154403 -0.8040101 0.5539301 0.2154688 -0.8041982 0.7332744 0.1759797 -0.6567648 0.7331012 0.1760382 -0.6569423 0.8714119 0.1269741 -0.4738342 0.8714454 0.1269391 -0.4737823 0.9951228 0.02550399 -0.09528982 0.9951207 0.02555477 -0.09529936 0.9568867 0.0751844 -0.2805624 0.956902 0.07516044 -0.2805165 0.1170049 0.0865606 -0.9893519 0.1171435 0.08655351 -0.9893361 0.3449105 0.08180791 -0.9350637 0.3449392 0.08180689 -0.9350532 0.5539243 0.07256054 -0.8293992 0.55425 0.07254302 -0.8291831 0.7331744 0.05926775 -0.6774531 0.7330628 0.05927997 -0.6775729 0.8714132 0.04275375 -0.4886832 0.8714497 0.04275107 -0.4886184 0.9951222 0.008594691 -0.09827589 0.9951192 0.008607387 -0.09830403 0.956902 0.02530044 -0.289307 0.9569142 0.0253129 -0.2892656 0.1170122 -0.0865578 -0.9893513 0.1171574 -0.08655428 -0.9893344 0.3450469 -0.08180356 -0.9350138 0.3448486 -0.0818116 -0.9350863 0.5540628 -0.0725519 -0.8293074 0.5541427 -0.07254922 -0.8292543 0.7331381 -0.05927473 -0.6774918 0.7331026 -0.05927449 -0.6775302 0.8714554 -0.04274743 -0.4886085 0.871413 -0.04275858 -0.4886832 0.9569097 -0.02531486 -0.2892801 0.9951222 -0.008594691 -0.09827589 0.9951192 -0.008607387 -0.09830403 0.956902 -0.02530044 -0.289307 0.1169959 -0.2570443 -0.9592916 0.117005 -0.2570402 -0.9592915 0.345113 -0.2429147 -0.9065813 0.3449106 -0.2429383 -0.906652 0.5539299 -0.2154688 -0.8041983 0.5542246 -0.2154325 -0.804005 0.7332146 -0.1759961 -0.6568272 0.733173 -0.1760181 -0.6568676 0.8714261 -0.1269516 -0.4738143 0.8714493 -0.1269568 -0.47377 0.956902 -0.07516044 -0.2805165 0.9568831 -0.0751807 -0.2805756 0.9951241 -0.02552258 -0.09527206 0.9951194 -0.02553617 -0.09531712 0.1172592 -0.4197162 -0.9000493 0.1170058 -0.4197022 -0.9000888 0.3450489 -0.3966515 -0.850652 0.3449175 -0.3966945 -0.8506853 0.5540349 -0.3518284 -0.7544946 0.5540161 -0.3518416 -0.7545023 0.7331749 -0.2873955 -0.6163265 0.7332216 -0.2873753 -0.6162805 0.8714526 -0.2072768 -0.4445299 0.8714463 -0.2072948 -0.4445338 0.956888 -0.1227384 -0.2632504 0.9951249 -0.0416581 -0.08939194 0.9951226 -0.04169672 -0.08940076 0.956879 -0.1227869 -0.2632605 0.1170043 -0.5696426 -0.8135216 0.1169482 -0.5696212 -0.8135446 0.3450911 -0.5383484 -0.7688258 0.3449047 -0.5384011 -0.7688726 0.5540297 -0.4775156 -0.6819312 0.5540177 -0.4774894 -0.6819593 0.7332444 -0.3900162 -0.5569921 0.7330583 -0.3901223 -0.5571627 0.8715009 -0.2812705 -0.4017127 0.8714479 -0.2813403 -0.4017789 0.9951232 -0.05656653 -0.08081048 0.9951177 -0.05662775 -0.08083343 0.9568879 -0.1665918 -0.2379348 0.9568747 -0.1666414 -0.2379529 0.3450096 -0.6636853 -0.6636944 0.1170039 -0.7022557 -0.7022442 0.1169539 -0.7022536 -0.7022547 0.3449486 -0.6637139 -0.6636974 0.5540298 -0.5886663 -0.5886621 0.5540261 -0.5886667 -0.5886651 0.7330911 -0.4809406 -0.4809091 0.733215 -0.4808185 -0.4808424 0.8714575 -0.3468037 -0.3468273 0.8714845 -0.3467783 -0.3467848 0.9951225 -0.06974542 -0.0697636 0.9951218 -0.06976675 -0.0697509 0.956889 -0.2053543 -0.2054096 0.9568769 -0.2054372 -0.2053833 0.1169303 -0.8135274 -0.5696495 0.1172077 -0.8135033 -0.569627 0.3450213 -0.7688417 -0.5383705 0.3449254 -0.76889 -0.538363 0.5539485 -0.6819834 -0.4775351 0.5540491 -0.6819423 -0.4774773 0.7331378 -0.5570901 -0.3900766 0.7332324 -0.5569984 -0.3900296 0.1171574 0.08655428 0.9893344 0.3449392 0.08180701 0.9350532 0.8714588 -0.4017785 -0.2813075 0.1170122 0.0865578 0.9893513 0.871457 -0.401769 -0.2813263 0.9951288 -0.080724 -0.05658978 0.9951207 -0.08083051 -0.05658173 0.9568825 -0.2379369 -0.1666188 0.3449562 0.08180809 0.9350469 0.956873 -0.2379813 -0.16661 0.5539243 0.07255935 0.8293992 0.1169874 -0.9000854 -0.4197145 0.1172395 -0.9000473 -0.419726 0.5542811 0.07254177 0.8291624 0.3450649 -0.8506451 -0.3966526 0.7331026 0.05927449 0.6775302 0.3448944 -0.8507085 -0.396665 0.7331381 0.05927473 0.6774918 0.8714554 0.04274743 0.4886085 0.5541028 -0.7544445 -0.3518289 0.871413 0.04275858 0.4886832 0.9951222 0.008594691 0.09827589 0.5539369 -0.7545623 -0.3518375 0.9569097 0.02531486 0.2892801 0.956902 0.02530044 0.289307 0.7331688 -0.6163291 -0.2874057 0.9951192 0.008607387 0.09830403 0.7332367 -0.6162618 -0.2873766 0.117005 0.2570402 0.9592915 0.8714072 -0.4446071 -0.2073019 0.1169959 0.2570443 0.9592916 0.3450762 0.2429144 0.9065953 0.8714692 -0.4444947 -0.2072822 0.9568888 -0.2632391 -0.1227567 0.9951235 -0.08939576 -0.04168784 0.99512 -0.08943009 -0.04169601 0.3449474 0.2429385 0.9066379 0.5542464 0.2154263 0.8039916 0.956899 -0.2631962 -0.1227692 0.1169847 -0.959294 -0.2570403 0.1170017 -0.9592923 -0.257039 0.553908 0.215475 0.8042117 0.733173 0.1760181 0.6568676 0.7332146 0.1759961 0.6568272 0.8714261 0.1269516 0.4738143 0.8714493 0.1269568 0.47377 0.3450618 -0.9066008 -0.2429143 0.3449334 -0.9066456 -0.2429293 0.5541065 -0.8040793 -0.2154591 0.9951241 0.02552258 0.09527206 0.5540498 -0.8041192 -0.2154558 0.9568831 0.0751807 0.2805756 0.9951194 0.02553617 0.09531712 0.956902 0.07516044 0.2805165 0.7331405 -0.6569057 -0.1760111 0.7331945 -0.6568468 -0.1760065 0.1170058 0.4197022 0.9000888 0.1172592 0.4197162 0.9000493 0.8714461 -0.4737748 -0.1269616 0.8713968 -0.4738655 -0.1269605 0.3450489 0.3966515 0.850652 0.9568907 -0.2805494 -0.07518249 0.9568767 -0.280602 -0.0751633 0.3449175 0.3966945 0.8506853 0.9951212 -0.0952984 -0.02553516 0.9951223 -0.09528905 -0.02552944 0.1170036 -0.9893525 -0.08655601 0.5540349 0.3518284 0.7544946 0.5540161 0.3518416 0.7545023 0.1170344 -0.9893491 -0.08655303 0.7331749 0.2873955 0.6163265 0.7332216 0.2873753 0.6162805 0.8714463 0.2072948 0.4445338 0.8714526 0.2072768 0.4445299 0.3450526 -0.9350117 -0.08180385 0.3449308 -0.9350567 -0.08180463 0.5540935 -0.8292864 -0.07255792 0.9951249 0.0416581 0.08939194 0.9951226 0.04169672 0.08940076 0.956888 0.1227384 0.2632504 0.956879 0.1227869 0.2632605 0.5539778 -0.8293636 -0.0725578 0.7331832 -0.6774433 -0.05927127 0.3450691 0.5383682 0.7688219 0.7331898 -0.6774364 -0.05926775 0.1169482 0.5696212 0.8135446 0.1170043 0.5696426 0.8135216 0.8714231 -0.4886657 -0.0427491 0.8714365 -0.4886413 -0.04275512 0.3449267 0.5383815 0.7688766 0.9569407 -0.2891779 -0.02531206 0.9951198 -0.09829896 -0.008599638 0.5539287 0.4775274 0.6820048 0.9951199 -0.09829813 -0.008598864 0.956877 -0.2893889 -0.02531087 0.5541185 0.4774774 0.6818857 0.1170381 -0.9893484 0.08655565 0.7330583 0.3901223 0.5571627 0.1170032 -0.9893525 0.08655631 0.7332444 0.3900162 0.5569921 0.3450468 -0.9350141 0.08180087 0.8714479 0.2813403 0.4017789 0.3449366 -0.9350543 0.08180749 0.8715009 0.2812705 0.4017127 0.9951232 0.05656653 0.08081048 0.9568747 0.1666414 0.2379529 0.9951177 0.05662775 0.08083343 0.553974 -0.8293662 0.07255816 0.9568879 0.1665918 0.2379348 0.1170039 0.7022557 0.7022442 0.5540834 -0.8292934 0.07255589 0.1169539 0.7022536 0.7022547 0.7331607 -0.6774677 0.0592699 0.7332073 -0.6774175 0.05926877 0.8714354 -0.4886441 0.04274916 0.3449713 0.6637158 0.6636838 0.8714135 -0.4886825 0.04275453 0.344987 0.6636834 0.663708 0.99513 -0.09819614 0.008599042 0.9951098 -0.09840089 0.008599519 0.5540383 0.588656 0.5886645 0.956898 -0.2893193 0.02531099 0.9569147 -0.2892639 0.02531182 0.5540177 0.5886771 0.5886627 0.1170125 -0.9592859 0.2570577 0.733215 0.4808185 0.4808424 0.1169809 -0.9592965 0.2570323 0.7330911 0.4809406 0.4809091 0.3450838 -0.9065899 0.2429238 0.8714575 0.3468037 0.3468273 0.3449255 -0.9066492 0.2429272 0.8714845 0.3467783 0.3467848 0.9951225 0.06974542 0.0697636 0.956889 0.2053543 0.2054096 0.9951218 0.06976675 0.0697509 0.9568769 0.2054372 0.2053833 0.5540862 -0.804092 0.2154637 0.5540666 -0.8041094 0.2154496 0.7331765 -0.6568683 0.1760011 0.1172077 0.8135033 0.569627 0.7331556 -0.656888 0.1760148 0.1169303 0.8135274 0.5696495 0.8714024 -0.4738551 0.1269623 0.8714324 -0.4738008 0.126958 0.9951236 -0.09527629 0.02552932 0.3449254 0.76889 0.538363 0.3450213 0.7688417 0.5383705 0.99512 -0.09531116 0.02553528 0.9569094 -0.2804899 0.07516688 0.5540491 0.6819423 0.4774773 0.9568537 -0.2806763 0.07517933 0.5539485 0.6819834 0.4775351 0.1170109 -0.9000722 0.4197363 0.7332324 0.5569984 0.3900296 0.1172326 -0.9000585 0.4197041 0.7331378 0.5570901 0.3900766 0.3450874 -0.8506303 0.3966646 0.3448994 -0.8507036 0.3966709 0.871457 0.401769 0.2813263 0.8714588 0.4017785 0.2813075 0.9951288 0.080724 0.05658978 0.9951207 0.08083051 0.05658173 0.9568825 0.2379369 0.1666188 0.5541035 -0.7544481 0.3518204 0.956873 0.2379813 0.16661 0.5539713 -0.7545277 0.3518577 0.1172395 0.9000473 0.419726 0.1169874 0.9000854 0.4197145 0.7332544 -0.6162508 0.2873553 0.7331292 -0.6163671 0.2874251 0.3450649 0.8506451 0.3966526 0.8714017 -0.4446173 0.2073034 0.871457 -0.4445174 0.2072843 0.9951216 -0.08941239 0.04169559 0.3448944 0.8507085 0.396665 0.9951218 -0.08941346 0.04168826 0.9569069 -0.2631727 0.1227579 0.9568777 -0.263276 0.1227633 0.5539369 0.7545623 0.3518375 0.1169132 -0.8135362 0.5696405 0.5541028 0.7544445 0.3518289 0.1172352 -0.813498 0.5696289 0.7331688 0.6163291 0.2874057 0.7332367 0.6162618 0.2873766 0.3449941 -0.7688673 0.5383513 0.8714692 0.4444947 0.2072822 0.3449428 -0.7688778 0.5383693 0.8714072 0.4446071 0.2073019 0.9951235 0.08939576 0.04168784 0.5540582 -0.6819337 0.4774789 0.99512 0.08943009 0.04169601 0.956899 0.2631962 0.1227692 0.9568888 0.2632391 0.1227567 0.5539565 -0.6819803 0.4775303 0.1170017 0.9592923 0.257039 0.7332277 -0.557011 0.3900206 0.1169847 0.959294 0.2570403 0.7331439 -0.557075 0.3900864 0.3450618 0.9066008 0.2429143 0.8714719 -0.4017507 0.281306 0.8714537 -0.4017731 0.2813307 0.9568866 -0.2379263 0.1666112 0.9568734 -0.2379752 0.1666172 0.3449334 0.9066456 0.2429293 0.9951293 -0.08072024 0.05658715 0.9951202 -0.08083426 0.05658435 0.5540498 0.8041192 0.2154558 0.1169278 -0.7022627 0.70225 0.5541065 0.8040793 0.2154591 0.7331405 0.6569057 0.1760111 0.1170349 -0.7022538 0.702241 0.7331945 0.6568468 0.1760065 0.3449957 -0.6636811 0.6637059 0.8714461 0.4737748 0.1269616 0.3449713 -0.6637158 0.6636838 0.8713968 0.4738655 0.1269605 0.5540383 -0.588656 0.5886645 0.9568767 0.280602 0.0751633 0.9951212 0.0952984 0.02553516 0.9951223 0.09528905 0.02552944 0.5540477 -0.5886609 0.5886507 0.9568907 0.2805494 0.07518249 0.7331268 -0.4809131 0.4808822 0.1170036 0.9893525 0.08655601 0.733187 -0.480838 0.4808655 0.1170344 0.9893491 0.08655303 0.8714631 -0.3467991 0.3468179 0.3450526 0.9350117 0.08180385 0.8714948 -0.3467567 0.3467804 0.9951186 -0.06981319 0.06975078 0.9951257 -0.06969892 0.06976372 0.3449308 0.9350567 0.08180463 0.9568734 -0.2054534 0.2053834 0.956889 -0.2053543 0.2054098 0.1168519 -0.5696532 0.8135361 0.5539778 0.8293636 0.0725578 0.5540935 0.8292864 0.07255792 0.1171812 -0.569607 0.813521 0.7331898 0.6774364 0.05926775 0.3449121 -0.5383739 0.7688884 0.7331832 0.6774433 0.05927127 0.8714365 0.4886413 0.04275512 0.3450917 -0.5383546 0.7688212 0.8714231 0.4886657 0.0427491 0.9569407 0.2891779 0.02531206 0.5541368 -0.4774745 0.6818729 0.9951199 0.09829813 0.008598864 0.9951198 0.09829896 0.008599638 0.956877 0.2893889 0.02531087 0.5539463 -0.4775099 0.6820029 0.1170381 0.9893484 -0.08655565 0.733112 -0.3900721 0.557127 0.1170032 0.9893525 -0.08655631 0.7331855 -0.3900608 0.5570383 0.8714561 -0.2813143 0.4017794 0.8714851 -0.2813022 0.4017248 0.3450468 0.9350141 -0.08180087 0.3449366 0.9350543 -0.08180749 0.9951214 -0.0566067 0.08080339 0.9951213 -0.05657702 0.0808255 0.9568783 -0.1666408 0.237939 0.553974 0.8293662 -0.07255816 0.9568879 -0.1665918 0.2379348 0.5540834 0.8292934 -0.07255589 0.1173106 -0.4196869 0.9000562 0.1169854 -0.4197281 0.9000794 0.7332073 0.6774175 -0.05926877 0.34491 -0.3966891 0.8506909 0.7331607 0.6774677 -0.0592699 0.8714354 0.4886441 -0.04274916 0.345039 -0.3966615 0.8506514 0.8714135 0.4886825 -0.04275453 0.99513 0.09819614 -0.008599042 0.9951098 0.09840089 -0.008599519 0.9569147 0.2892639 -0.02531182 0.5539276 -0.3518586 0.7545595 0.956898 0.2893193 -0.02531099 0.5541581 -0.3518022 0.7544164 0.1170125 0.9592859 -0.2570577 0.7332469 -0.2873629 0.6162562 0.1169809 0.9592965 -0.2570323 0.7331283 -0.2874102 0.616375 0.8714525 -0.2072768 0.44453 0.3449255 0.9066492 -0.2429272 0.3450838 0.9065899 -0.2429238 0.8714371 -0.207296 0.4445511 0.9951269 -0.04165035 0.08937531 0.9951208 -0.04170447 0.08941739 0.956888 -0.1227384 0.2632503 0.9568795 -0.1227859 0.2632592 0.5540862 0.804092 -0.2154637 0.5540666 0.8041094 -0.2154496 0.117005 -0.2570401 0.9592915 0.7331556 0.656888 -0.1760148 0.1169699 -0.2570458 0.9592943 0.116991 -0.08656001 0.9893536 0.1171574 -0.08655428 0.9893344 0.7331765 0.6568683 -0.1760011 0.8714024 0.4738551 -0.1269623 0.3449106 -0.2429383 0.9066519 0.3450307 -0.2429172 0.9066119 0.8714324 0.4738008 -0.126958 0.9951236 0.09527629 -0.02552932 0.344803 -0.08181142 0.9351032 0.9568537 0.2806763 -0.07517933 0.3450469 -0.08180356 0.9350138 0.99512 0.09531116 -0.02553528 0.9569094 0.2804899 -0.07516688 0.5542141 -0.2154403 0.8040101 0.1170109 0.9000722 -0.4197363 0.5539301 -0.2154688 0.8041982 0.1172326 0.9000585 -0.4197041 0.5540316 -0.07255309 0.8293282 0.5541427 -0.07254922 0.8292543 0.3448994 0.8507036 -0.3966709 0.7332744 -0.1759797 0.6567648 0.3450874 0.8506303 -0.3966646 0.7331012 -0.1760382 0.6569423 0.7331343 -0.05927538 0.6774957 0.7331026 -0.05927449 0.6775302 0.5541035 0.7544481 -0.3518204 0.8714119 -0.1269741 0.4738342 0.8714454 -0.1269391 0.4737823 0.871413 -0.04275858 0.4886832 0.5539713 0.7545277 -0.3518577 0.8714498 -0.04274863 0.4886184 0.9951228 -0.02550399 0.09528982 0.9951225 -0.008592605 0.09827268 0.7331292 0.6163671 -0.2874251 0.9568867 -0.0751844 0.2805624 0.9951207 -0.02555477 0.09529936 0.956902 -0.07516044 0.2805165 0.7332544 0.6162508 -0.2873553 0.956902 -0.02530044 0.289307 0.9951192 -0.008607387 0.09830403 0.9569143 -0.02531105 0.2892656 0.8714017 0.4446173 -0.2073034 0.871457 0.4445174 -0.2072843 0.9951216 0.08941239 -0.04169559 0.9951218 0.08941346 -0.04168826 0.9569069 0.2631727 -0.1227579 0.9568777 0.263276 -0.1227633 0.1169132 0.8135362 -0.5696405 0.1172352 0.813498 -0.5696289 0.3449428 0.7688778 -0.5383693 0.3449941 0.7688673 -0.5383513 0.5540582 0.6819337 -0.4774789 0.5539565 0.6819803 -0.4775303 0.7332277 0.557011 -0.3900206 0.7331439 0.557075 -0.3900864 0.8714537 0.4017731 -0.2813307 0.8714719 0.4017507 -0.281306 0.9951293 0.08072024 -0.05658715 0.9951202 0.08083426 -0.05658435 0.9568866 0.2379263 -0.1666112 0.9568734 0.2379752 -0.1666172 0.1169278 0.7022627 -0.70225 0.1170349 0.7022538 -0.702241 0.3449957 0.6636811 -0.6637059 0.3449713 0.6637158 -0.6636838 0.5540477 0.5886609 -0.5886507 0.5540383 0.588656 -0.5886645 0.733187 0.480838 -0.4808655 0.7331268 0.4809131 -0.4808822 0.8714631 0.3467991 -0.3468179 0.8714948 0.3467567 -0.3467804 0.9951257 0.06969892 -0.06976372 0.9568734 0.2054534 -0.2053834 0.9951186 0.06981319 -0.06975078 0.956889 0.2053543 -0.2054098 0.1171812 0.569607 -0.813521 0.1168519 0.5696532 -0.8135361 -0.9375343 0.1995568 -0.2849678 -0.9375438 0.1995146 -0.2849662 -0.8306228 0.3193837 -0.4561358 -0.8307195 0.3193073 -0.456013 -0.6772527 0.4220049 -0.6026946 -0.6771798 0.4220724 -0.6027292 -0.4872688 0.5008557 -0.715341 -0.4873421 0.5008557 -0.715291 -0.2891394 0.5490831 -0.7841596 -0.2890195 0.5490907 -0.7841984 -0.09775418 0.5708512 -0.8152135 -0.09776467 0.5708197 -0.8152344 -0.9930806 0.04963064 -0.1064328 -0.9930838 0.01023095 0.1169615 -0.9930863 0.0496006 -0.1063923 -0.9375112 0.1470544 -0.3153535 -0.9375506 0.147004 -0.31526 -0.8306685 0.2353043 -0.5046008 -0.8306628 0.2353072 -0.5046088 -0.6771682 0.3109691 -0.6668894 -0.6773129 0.3109237 -0.6667637 -0.4872622 0.3690465 -0.7914419 -0.4875605 0.368988 -0.7912856 -0.09757149 0.4206147 -0.9019773 -0.289188 0.4045575 -0.8675849 -0.09794843 0.4205707 -0.901957 -0.2888923 0.4046068 -0.8676604 -0.9930847 0.03039181 -0.113399 -0.9930841 0.03037786 -0.1134073 -0.9375299 0.09004992 -0.3360488 -0.9375237 0.09004873 -0.3360664 -0.830707 0.1440839 -0.5377414 -0.8307171 0.1440869 -0.5377251 -0.6771164 0.1904625 -0.7108005 -0.6771705 0.1904203 -0.7107604 -0.4874964 0.2259837 -0.8433733 -0.4874317 0.2260081 -0.8434042 -0.09775584 0.2575829 -0.9612985 -0.09776449 0.2575594 -0.961304 -0.2890163 0.2477944 -0.9246986 -0.2886942 0.2477812 -0.9248028 -0.9930806 0.01023751 -0.1169887 -0.9930838 0.01023155 -0.1169615 -0.9375306 0.03031778 -0.3465796 -0.9375455 0.03032124 -0.3465389 -0.8306962 0.04852581 -0.5546074 -0.8307654 0.04851269 -0.5545045 -0.677083 0.06413984 -0.7331063 -0.6771702 0.06412905 -0.7330266 -0.4874969 0.07609879 -0.8698022 -0.4873287 0.07610481 -0.8698959 -0.09775584 0.08674204 -0.9914231 -0.09794771 0.08673614 -0.9914047 -0.2886781 0.08344888 -0.9537827 -0.2890836 0.08343225 -0.9536613 -0.9930837 -0.01023435 -0.116962 -0.9930806 -0.01023262 -0.1169887 -0.9375306 -0.03031778 -0.3465796 -0.9375485 -0.03031873 -0.3465307 -0.8306858 -0.04852467 -0.5546228 -0.8307654 -0.04851269 -0.5545045 -0.6770554 -0.06414228 -0.7331315 -0.6771671 -0.06412827 -0.7330296 -0.4875779 -0.07609468 -0.8697572 -0.4872608 -0.0761103 -0.8699334 -0.2887946 -0.08344155 -0.9537481 -0.09793955 -0.08674049 -0.9914051 -0.09776395 -0.08673769 -0.9914226 -0.2890179 -0.08343422 -0.953681 -0.9930862 -0.03037488 -0.1133895 -0.9930825 -0.03039652 -0.1134165 -0.9375035 -0.090061 -0.3361192 -0.9375495 -0.09002721 -0.336 -0.8307158 -0.1440964 -0.5377243 -0.8306807 -0.1440952 -0.5377789 -0.6771941 -0.1904384 -0.710733 -0.6770841 -0.1904589 -0.7108324 -0.4874494 -0.2259932 -0.843398 -0.4874956 -0.225993 -0.8433714 -0.2886767 -0.247821 -0.9247975 -0.2891045 -0.2477521 -0.9246824 -0.09775578 -0.2575829 -0.9612986 -0.09776455 -0.2575595 -0.9613039 -0.993084 -0.04960036 -0.1064152 -0.9930817 -0.04964238 -0.1064162 -0.9375139 -0.1470354 -0.3153543 -0.9375525 -0.1470082 -0.3152523 -0.8306202 -0.2353346 -0.5046661 -0.8307196 -0.2352696 -0.5045329 -0.6772521 -0.3109365 -0.6668195 -0.6772307 -0.3109618 -0.6668294 -0.4874984 -0.3689908 -0.7913225 -0.4873133 -0.3690447 -0.7914112 -0.2888484 -0.4046008 -0.8676778 -0.09775519 -0.4206072 -0.901961 -0.09776467 -0.4205784 -0.9019734 -0.2891955 -0.4045637 -0.8675795 -0.993079 -0.06738078 -0.09619748 -0.9930853 -0.06731343 -0.09617996 -0.9930872 -0.08297801 -0.08302044 -0.9375334 -0.199559 -0.284969 -0.9375532 -0.1995 -0.2849453 -0.8307189 -0.3193013 -0.4560183 -0.8306508 -0.3193561 -0.4561042 -0.6771576 -0.4220809 -0.6027482 -0.6772588 -0.4220111 -0.6026833 -0.4872802 -0.5008651 -0.7153267 -0.4872688 -0.5008557 -0.715341 -0.09757041 -0.5708612 -0.8152286 -0.09794849 -0.5708097 -0.8152194 -0.2890271 -0.5490589 -0.784218 -0.2891039 -0.5491076 -0.7841556 -0.9930797 -0.08306419 -0.08302569 -0.9375407 -0.245983 -0.2459875 -0.9375407 -0.2459834 -0.245987 -0.8306861 -0.3936861 -0.3936647 -0.8306512 -0.3937034 -0.3937212 -0.6772501 -0.5202611 -0.5202507 -0.4873908 -0.6174288 -0.6174398 -0.6771756 -0.5202961 -0.5203126 -0.4873214 -0.6174621 -0.6174614 -0.09775578 -0.7037212 -0.703719 -0.09767431 -0.7037098 -0.7037417 -0.2890102 -0.6769509 -0.6769126 -0.2889472 -0.6769407 -0.6769497 -0.9930823 -0.09618127 -0.0673564 -0.9930811 -0.09620249 -0.06734251 -0.937527 -0.2850031 -0.1995405 -0.937543 -0.284954 -0.1995353 -0.8306512 -0.4561032 -0.3193562 -0.8307097 -0.4560222 -0.31932 -0.6772073 -0.6027282 -0.4220296 -0.6772001 -0.6027216 -0.4220506 -0.4873061 -0.715322 -0.5008465 -0.4873812 -0.7152746 -0.5008413 -0.09775406 -0.8152355 -0.5708199 -0.9930838 0.0303862 0.1134077 -0.09762626 -0.8152377 -0.5708386 -0.9930804 0.01023602 0.1169892 -0.2889652 -0.7842215 -0.5490863 -0.289155 -0.7841483 -0.5490911 -0.9375485 0.03031873 0.3465307 -0.9375306 0.03031778 0.3465796 -0.9930873 -0.1063761 -0.04961782 -0.9930779 -0.1064582 -0.04962825 -0.8307654 0.04851269 0.5545045 -0.9375252 -0.3153224 -0.1470319 -0.6771702 0.06412905 0.7330266 -0.9375265 -0.3153194 -0.1470301 -0.8306858 0.04852467 0.5546228 -0.4873286 0.07610636 0.8698958 -0.6770524 0.06414157 0.7331344 -0.48751 0.07609862 0.8697949 -0.8306891 -0.5045771 -0.2352821 -0.09793955 0.08674049 0.9914051 -0.8306954 -0.5045629 -0.2352905 -0.2887946 0.08344155 0.9537481 -0.6771614 -0.6668961 -0.3109694 -0.2890179 0.08343422 0.953681 -0.6772021 -0.6668616 -0.3109551 -0.09776395 0.08673769 0.9914226 -0.4874647 -0.7913362 -0.3690056 -0.9930847 0.03039491 0.1133983 -0.4873673 -0.7913768 -0.3690473 -0.2889622 -0.8676494 -0.4045807 -0.09766387 -0.9019765 -0.4205951 -0.09776937 -0.9019551 -0.4206166 -0.2891389 -0.8676019 -0.4045565 -0.9375035 0.090061 0.3361192 -0.9375495 0.09002721 0.336 -0.8307158 0.1440964 0.5377243 -0.9930815 -0.1134262 -0.03039044 -0.6770852 0.1904738 0.7108272 -0.9930847 -0.1133998 -0.0303862 -0.8306807 0.1440952 0.5377789 -0.9375353 -0.3360366 -0.09003883 -0.4874448 0.2260066 0.8433972 -0.6771928 0.1904236 0.7107382 -0.9375213 -0.3360738 -0.09004521 -0.4875002 0.2259797 0.8433722 -0.8307211 -0.5377199 -0.1440834 -0.09775578 0.2575829 0.9612986 -0.8306759 -0.5377855 -0.144098 -0.2891045 0.2477521 0.9246824 -0.09776455 0.2575595 0.9613039 -0.6771042 -0.7108117 -0.190464 -0.2886767 0.247821 0.9247975 -0.6771771 -0.7107469 -0.1904473 -0.9930817 0.04964238 0.1064162 -0.993084 0.04960036 0.1064152 -0.4874777 -0.8433836 -0.2259861 -0.9930844 0.06732243 0.09618288 -0.4874399 -0.8434054 -0.2259863 -0.2890034 -0.9247089 -0.2477708 -0.288786 -0.9247723 -0.2477883 -0.09782207 -0.9612952 -0.2575706 -0.9375525 0.1470082 0.3152523 -0.9375139 0.1470354 0.3153543 -0.09769791 -0.9613031 -0.2575883 -0.99308 -0.1169933 -0.01023364 -0.8306202 0.2353346 0.5046661 -0.9930838 -0.1169608 -0.01023393 -0.8307196 0.2352696 0.5045329 -0.6772521 0.3109365 0.6668195 -0.9375302 -0.3465804 -0.03031998 -0.6772307 0.3109618 0.6668294 -0.4874984 0.3689908 0.7913225 -0.937527 -0.3465887 -0.03032219 -0.4873133 0.3690447 0.7914112 -0.8307168 -0.5545769 -0.04851913 -0.09775519 0.4206072 0.901961 -0.2891955 0.4045637 0.8675795 -0.8307023 -0.5545987 -0.04851996 -0.09776467 0.4205784 0.9019734 -0.6770925 -0.7330979 -0.06413501 -0.2888484 0.4046008 0.8676778 -0.6771894 -0.7330089 -0.06412988 -0.993081 0.06736654 0.09618717 -0.487448 -0.8698296 -0.07609957 -0.4872986 -0.8699124 -0.07610994 -0.2887743 -0.9537543 -0.08344 -0.9375334 0.199559 0.284969 -0.09775269 -0.9914241 -0.08673363 -0.09783101 -0.9914156 -0.08674335 -0.9375532 0.1995 0.2849453 -0.2890982 -0.9536567 -0.0834341 -0.8307189 0.3193013 0.4560183 -0.8306508 0.3193561 0.4561042 -0.9930796 -0.1169967 0.01023375 -0.6771544 0.4220976 0.6027401 -0.9930857 -0.116945 0.01023381 -0.9375218 -0.3466029 0.03032165 -0.4873318 0.5008473 0.7153039 -0.6772618 0.4219946 0.6026915 -0.9375391 -0.3465564 0.03032064 -0.4872172 0.5008735 0.7153638 -0.8307126 -0.5545833 0.04851901 -0.09757041 0.5708612 0.8152286 -0.2890271 0.5490589 0.784218 -0.2891039 0.5491076 0.7841556 -0.8307052 -0.5545943 0.04852008 -0.09794849 0.5708097 0.8152194 -0.9930803 0.08305507 0.08302646 -0.6771923 -0.733006 0.06413036 -0.9930865 0.08298718 0.08301967 -0.677096 -0.7330946 0.06413519 -0.4872856 -0.8699198 0.07610625 -0.4874552 -0.8698253 0.07610231 -0.9375407 0.245983 0.2459875 -0.09782159 -0.9914173 0.08673375 -0.0977621 -0.9914224 0.08674317 -0.9375407 0.2459834 0.245987 -0.2887861 -0.9537505 0.0834425 -0.2890874 -0.9536601 0.08343178 -0.8306512 0.3937034 0.3937212 -0.8306861 0.3936861 0.3936647 -0.993083 -0.113414 0.03039014 -0.9930833 -0.1134113 0.03038644 -0.6772582 0.520249 0.5202522 -0.9375308 -0.3360494 0.09003835 -0.6771675 0.5203081 0.5203112 -0.4873817 0.6174328 0.617443 -0.9375306 -0.3360475 0.0900464 -0.4873304 0.6174582 0.6174581 -0.09775578 0.7037212 0.703719 -0.8307181 -0.5377249 0.1440818 -0.09767431 0.7037098 0.7037417 -0.2890102 0.6769509 0.6769126 -0.2889472 0.6769407 0.6769497 -0.8306816 -0.5377764 0.1440997 -0.6771634 -0.7107605 0.1904449 -0.9930823 0.09618127 0.0673564 -0.6771275 -0.7107883 0.1904687 -0.9930811 0.09620249 0.06734251 -0.4874397 -0.8434067 0.225982 -0.937543 0.284954 0.1995353 -0.937527 0.2850031 0.1995405 -0.48747 -0.8433876 0.2259876 -0.09768426 -0.961308 0.2575747 -0.09783571 -0.9612901 0.257584 -0.2887806 -0.9247741 0.2477875 -0.2890084 -0.9247061 0.2477759 -0.9930812 -0.1064335 0.04961693 -0.8307097 0.4560222 0.31932 -0.8306512 0.4561032 0.3193562 -0.9930849 -0.1063941 0.04962813 -0.6772001 0.6027216 0.4220506 -0.6772073 0.6027282 0.4220296 -0.9375311 -0.3153067 0.1470276 -0.9375218 -0.3153309 0.1470348 -0.4873812 0.7152746 0.5008413 -0.4873061 0.715322 0.5008465 -0.09775406 0.8152355 0.5708199 -0.8306932 -0.5045643 0.2352954 -0.09762626 0.8152377 0.5708386 -0.289155 0.7841483 0.5490911 -0.2889652 0.7842215 0.5490863 -0.8306983 -0.5045636 0.2352783 -0.6771715 -0.6668928 0.3109548 -0.9930873 0.1063761 0.04961782 -0.6771985 -0.6668576 0.3109713 -0.9930779 0.1064582 0.04962825 -0.4875 -0.7913167 0.3690012 -0.9375265 0.3153194 0.1470301 -0.4873461 -0.7913917 0.3690436 -0.09770977 -0.9019721 0.4205937 -0.09772348 -0.9019594 0.4206179 -0.9375252 0.3153224 0.1470319 -0.2890115 -0.8676366 0.4045727 -0.8306954 0.5045629 0.2352905 -0.2891033 -0.8676074 0.4045701 -0.8306891 0.5045771 0.2352821 -0.9930832 -0.09617865 0.06734591 -0.9930828 -0.09617882 0.06735318 -0.6772021 0.6668616 0.3109551 -0.937539 -0.2849648 0.1995389 -0.6771614 0.6668961 0.3109694 -0.9375327 -0.2849897 0.1995329 -0.4873673 0.7913768 0.3690473 -0.4874647 0.7913362 0.3690056 -0.09776937 0.9019551 0.4206166 -0.8306625 -0.456085 0.3193531 -0.09766387 0.9019765 0.4205951 -0.2891389 0.8676019 0.4045565 -0.8307142 -0.4560137 0.3193204 -0.2889622 0.8676494 0.4045807 -0.9930847 0.1133998 0.0303862 -0.6772025 -0.6027346 0.4220281 -0.9930815 0.1134262 0.03039044 -0.6772001 -0.6027216 0.4220506 -0.4873271 -0.7152993 0.5008586 -0.9375353 0.3360366 0.09003883 -0.4873651 -0.715295 0.5008276 -0.2892301 -0.7841401 0.5490632 -0.9375213 0.3360738 0.09004521 -0.2889264 -0.784214 0.5491174 -0.09766215 -0.8152426 0.5708256 -0.8306759 0.5377855 0.144098 -0.09771817 -0.8152307 0.5708329 -0.8307211 0.5377199 0.1440834 -0.9930803 -0.08305507 0.0830264 -0.9930862 -0.08298754 0.08302295 -0.6771042 0.7108117 0.190464 -0.6771771 0.7107469 0.1904473 -0.4874399 0.8434054 0.2259863 -0.9375458 -0.2459724 0.2459788 -0.4874777 0.8433836 0.2259861 -0.9375313 -0.2460009 0.2460055 -0.8306681 -0.3937005 0.3936884 -0.288786 0.9247723 0.2477883 -0.8306751 -0.3936779 0.3936961 -0.09782207 0.9612952 0.2575706 -0.09769791 0.9613031 0.2575883 -0.2890034 0.9247089 0.2477708 -0.6772403 -0.5202715 0.520253 -0.6771677 -0.5203083 0.5203107 -0.9930838 0.1169608 0.01023393 -0.99308 0.1169933 0.01023364 -0.4873836 -0.6174309 0.6174436 -0.937527 0.3465887 0.03032219 -0.4873229 -0.6174563 0.617466 -0.09776622 -0.7037034 0.7037353 -0.09766387 -0.7037275 0.7037253 -0.9375302 0.3465804 0.03031998 -0.8307168 0.5545769 0.04851913 -0.2889689 -0.6769496 0.6769316 -0.2889344 -0.676944 0.676952 -0.9930801 -0.0673756 0.09619009 -0.8307023 0.5545987 0.04851996 -0.9930846 -0.06731808 0.09618401 -0.6770925 0.7330979 0.06413501 -0.6771894 0.7330089 0.06412988 -0.9375343 -0.1995568 0.2849678 -0.487448 0.8698296 0.07609957 -0.9375438 -0.1995146 0.2849662 -0.4872986 0.8699124 0.07610994 -0.2887743 0.9537543 0.08344 -0.09775269 0.9914241 0.08673363 -0.2890982 0.9536567 0.0834341 -0.09783101 0.9914156 0.08674335 -0.8307195 -0.3193073 0.456013 -0.8306228 -0.3193837 0.4561358 -0.9930796 0.1169967 -0.01023375 -0.6772527 -0.4220049 0.6026946 -0.6771798 -0.4220724 0.6027292 -0.9930857 0.116945 -0.01023381 -0.4872688 -0.5008557 0.715341 -0.4873421 -0.5008557 0.715291 -0.9375218 0.3466029 -0.03032165 -0.9375391 0.3465564 -0.03032064 -0.09776467 -0.5708197 0.8152344 -0.09775418 -0.5708512 0.8152135 -0.2890195 -0.5490907 0.7841984 -0.8307052 0.5545943 -0.04852008 -0.2891394 -0.5490831 0.7841596 -0.9930806 -0.04963064 0.1064328 -0.8307126 0.5545833 -0.04851901 -0.6771923 0.733006 -0.06413036 -0.9930863 -0.0496006 0.1063923 -0.9375112 -0.1470544 0.3153535 -0.677096 0.7330946 -0.06413519 -0.4872856 0.8699198 -0.07610625 -0.9375506 -0.147004 0.31526 -0.4874552 0.8698253 -0.07610231 -0.0977621 0.9914224 -0.08674317 -0.09782159 0.9914173 -0.08673375 -0.8306628 -0.2353072 0.5046088 -0.2887861 0.9537505 -0.0834425 -0.2890874 0.9536601 -0.08343178 -0.8306685 -0.2353043 0.5046008 -0.993083 0.113414 -0.03039014 -0.6771682 -0.3109691 0.6668894 -0.9930833 0.1134113 -0.03038644 -0.6773129 -0.3109237 0.6667637 -0.4872622 -0.3690465 0.7914419 -0.9375306 0.3360475 -0.0900464 -0.4875605 -0.368988 0.7912856 -0.09757149 -0.4206147 0.9019773 -0.2888923 -0.4046068 0.8676604 -0.9375308 0.3360494 -0.09003835 -0.09794843 -0.4205707 0.901957 -0.8307181 0.5377249 -0.1440818 -0.289188 -0.4045575 0.8675849 -0.9930847 -0.03039181 0.113399 -0.8306816 0.5377764 -0.1440997 -0.9930841 -0.03037786 0.1134073 -0.9930837 -0.01023584 0.1169615 -0.9930806 -0.01023262 0.1169887 -0.6771275 0.7107883 -0.1904687 -0.6771634 0.7107605 -0.1904449 -0.9375237 -0.09004873 0.3360664 -0.4874397 0.8434067 -0.225982 -0.9375299 -0.09004992 0.3360488 -0.48747 0.8433876 -0.2259876 -0.09768426 0.961308 -0.2575747 -0.9375456 -0.03031909 0.3465389 -0.9375306 -0.03031778 0.3465796 -0.09783571 0.9612901 -0.257584 -0.2887806 0.9247741 -0.2477875 -0.2890084 0.9247061 -0.2477759 -0.8307171 -0.1440869 0.5377251 -0.9930812 0.1064335 -0.04961693 -0.830707 -0.1440839 0.5377414 -0.8306962 -0.04852426 0.5546074 -0.8307654 -0.04851269 0.5545045 -0.9930849 0.1063941 -0.04962813 -0.6771705 -0.1904203 0.7107604 -0.9375218 0.3153309 -0.1470348 -0.6771164 -0.1904625 0.7108005 -0.9375311 0.3153067 -0.1470276 -0.6770861 -0.06414061 0.7331034 -0.6771671 -0.06412827 0.7330296 -0.4874317 -0.2260081 0.8434042 -0.8306932 0.5045643 -0.2352954 -0.4874964 -0.2259837 0.8433733 -0.8306983 0.5045636 -0.2352783 -0.4872608 -0.0761103 0.8699334 -0.4875648 -0.07609486 0.8697645 -0.09775584 -0.2575829 0.9612985 -0.09791886 -0.08674049 0.9914072 -0.6771715 0.6668928 -0.3109548 -0.09776449 -0.2575594 0.961304 -0.2890163 -0.2477944 0.9246986 -0.2890179 -0.08343422 0.953681 -0.6771985 0.6668576 -0.3109713 -0.09776395 -0.08673769 0.9914226 -0.2886942 -0.2477812 0.9248028 -0.2887437 -0.08344465 0.9537631 -0.4875 0.7913167 -0.3690012 -0.4873461 0.7913917 -0.3690436 -0.09770977 0.9019721 -0.4205937 -0.2891033 0.8676074 -0.4045701 -0.09772348 0.9019594 -0.4206179 -0.2890115 0.8676366 -0.4045727 -0.9930832 0.09617865 -0.06734591 -0.9930828 0.09617882 -0.06735318 -0.9375327 0.2849897 -0.1995329 -0.937539 0.2849648 -0.1995389 -0.8307142 0.4560137 -0.3193204 -0.8306625 0.456085 -0.3193531 -0.6772025 0.6027346 -0.4220281 -0.6772001 0.6027216 -0.4220506 -0.4873651 0.715295 -0.5008276 -0.4873271 0.7152993 -0.5008586 -0.09766215 0.8152426 -0.5708256 -0.09771817 0.8152307 -0.5708329 -0.2892301 0.7841401 -0.5490632 -0.2889264 0.784214 -0.5491174 -0.9930862 0.08298754 -0.08302295 -0.9930803 0.08305507 -0.0830264 -0.9375458 0.2459724 -0.2459788 -0.9375313 0.2460009 -0.2460055 -0.8306681 0.3937005 -0.3936884 -0.8306751 0.3936779 -0.3936961 -0.6772403 0.5202715 -0.520253 -0.6771677 0.5203083 -0.5203107 -0.4873836 0.6174309 -0.6174436 -0.4873229 0.6174563 -0.617466 -0.09766387 0.7037275 -0.7037253 -0.2889689 0.6769496 -0.6769316 -0.09776622 0.7037034 -0.7037353 -0.2889344 0.676944 -0.676952 -0.9930801 0.0673756 -0.09619009 -0.9930846 0.06731808 -0.09618401 -0.9379694 -0.08011132 -0.3373363 -0.8315065 -0.1235653 -0.5415982 -0.6784356 -0.1616773 -0.7166489 -0.4875074 -0.1921728 -0.8517079 -0.4875175 -0.1921569 -0.8517056 -0.2897731 -0.2106396 -0.9336287 -0.09809255 -0.2190232 -0.9707763 -0.2900285 -0.2106357 -0.9335502 -0.993194 -0.03014582 -0.1125035 -0.993142 -0.02680939 -0.1138002 -0.938001 -0.1010267 -0.3315839 -0.8312867 -0.1676411 -0.5299613 -0.678777 -0.2234623 -0.6995187 0.9134306 -0.1430063 -0.3810431 -0.4876407 -0.2655932 -0.8316651 -0.4876836 -0.2656549 -0.8316203 -0.2901969 -0.2912241 -0.911578 -0.09804832 -0.3027617 -0.9480094 -0.2897276 -0.291172 -0.9117439 -0.9931516 -0.05197966 -0.1046337 -0.09796684 0.08673852 0.9914026 -0.9379314 -0.1381264 -0.3181287 -0.7629823 0.167304 0.6243937 -0.8312796 -0.2171039 -0.511703 -0.8042919 0.2511294 0.5385619 -0.6784946 -0.2853248 -0.6769306 -0.4872347 -0.3392399 -0.8046856 -0.487636 -0.3391151 -0.8044949 -0.8347586 0.3158189 0.4510394 -0.09805977 -0.3865447 -0.9170429 -0.2899171 -0.371777 -0.88189 -0.9930136 -0.04987251 -0.106943 -0.8576344 0.363637 0.3636364 -0.2900029 -0.3717053 -0.881892 -0.9931379 -0.04591798 -0.1075583 0.9088408 -0.2139496 -0.3580978 -0.9380078 -0.1575354 -0.3087458 -0.8313601 -0.2582067 -0.4921075 -0.6787422 -0.3431563 -0.649271 -0.8751299 0.3963775 0.2775472 -0.4878882 -0.4078956 -0.7717425 -0.4877931 -0.4078714 -0.7718152 -0.2896368 -0.4472367 -0.846221 -0.8887212 0.4154947 0.1937496 -0.2901857 -0.4471707 -0.8460679 -0.09841394 -0.4649546 -0.8798477 -0.9931564 -0.06931686 -0.09399694 -0.8994199 0.4221923 0.1131268 -0.9378986 -0.1918923 -0.2890045 -0.9079224 0.4175434 0.03653138 -0.8312483 -0.3037933 -0.4655492 -0.6788334 -0.3999297 -0.6158259 -0.4876477 -0.4754897 -0.7321949 -0.9147261 0.4025367 -0.03521764 -0.2893198 -0.5213521 -0.802799 -0.487016 -0.4756758 -0.7324944 -0.9927324 -0.06902921 -0.09857785 -0.09795594 -0.5420157 -0.8346399 -0.2905352 -0.5211537 -0.8024888 0.9017651 -0.2843845 -0.3254923 -0.9931316 -0.06358623 -0.09821701 -0.6788173 -0.4520759 -0.5786488 -0.9380075 -0.2091684 -0.2763885 -0.8314144 -0.3406922 -0.4389523 -0.4878143 -0.5374199 -0.6879078 -0.4874948 -0.5375654 -0.6880207 -0.09785842 -0.6127163 -0.7842209 -0.2905399 -0.5891075 -0.7540152 -0.2897636 -0.5892471 -0.7542049 -0.9931531 -0.0845499 -0.080612 -0.9379472 -0.2395822 -0.2507102 -0.8311049 -0.3811234 -0.4049811 -0.6785062 -0.5023543 -0.5359753 -0.4874528 -0.5970714 -0.6370993 -0.4872387 -0.5971629 -0.6371774 -0.2898288 -0.6544497 -0.6983516 -0.9923294 -0.08741956 -0.08740866 -0.09810441 -0.6805014 -0.7261498 -0.2899402 -0.6544523 -0.6983029 -0.993124 -0.07936787 -0.08605629 -0.9380118 -0.254315 -0.2354944 -0.8314258 -0.4125232 -0.3722308 -0.6789309 -0.5468717 -0.4898819 0.891533 -0.3541325 -0.2824165 -0.4875987 -0.6502413 -0.5826094 -0.4877126 -0.6502808 -0.5824702 -0.2901852 -0.7126917 -0.6386415 -0.2902685 -0.7127785 -0.6385069 -0.09788423 -0.7411801 -0.6641317 -0.9931573 -0.0972526 -0.06465703 -0.9378721 -0.2800444 -0.2048683 -0.8313134 -0.4462115 -0.3313807 -0.6783685 -0.5889755 -0.4392312 -0.4871835 -0.7000812 -0.5220523 -0.4873824 -0.6999614 -0.5220272 -0.2900143 -0.7671842 -0.5721191 -0.09772598 -0.7977855 -0.594969 -0.2897618 -0.7672135 -0.5722076 -0.9917773 -0.1048352 -0.07340013 -0.99312 -0.09273546 -0.0715056 -0.9379768 -0.291635 -0.187479 -0.8316118 -0.4713217 -0.2937311 -0.6786871 -0.6247782 -0.3860518 0.8768598 -0.4233431 -0.2278106 -0.4880787 -0.7424446 -0.4588628 -0.4877664 -0.7426433 -0.4588736 -0.2900938 -0.8140885 -0.5030959 -0.2900371 -0.8141023 -0.5031061 -0.09788894 -0.8466113 -0.5231322 -0.9931589 -0.1069949 -0.04677301 -0.9378444 -0.3117812 -0.1524481 0.3023135 -0.9522488 0.04276543 -0.8311226 -0.497828 -0.2477956 -0.6784609 -0.6570283 -0.3286406 0.209711 -0.9532494 0.2175705 -0.4874421 -0.7809347 -0.3905655 -0.2897322 -0.8560167 -0.4281247 -0.4872249 -0.781033 -0.39064 0.1004439 -0.9148796 0.3910328 -0.09776324 -0.8900938 -0.4451692 -0.2899124 -0.8559658 -0.4281044 -0.9910331 -0.1210989 -0.05646729 0.8556358 -0.4922457 -0.1599431 -0.9380179 -0.3197582 -0.1337058 -0.02331572 -0.8343456 0.5507485 -0.8314656 -0.5158272 -0.2063671 -0.6789569 -0.6827497 -0.2699455 -0.9931093 -0.1034393 -0.05508494 -0.4877412 -0.8118517 -0.3209447 -0.1565837 -0.7138803 0.6825368 -0.2902811 -0.8899163 -0.3518324 -0.487834 -0.8117941 -0.3209494 -0.09795808 -0.9254843 -0.3659005 -0.2901741 -0.8899349 -0.3518736 -0.9931635 -0.1134651 -0.02742087 -0.2911947 -0.5623177 0.7739538 -0.9378432 -0.3337146 -0.09531354 -0.4187718 -0.3940131 0.8181588 -0.5321439 -0.2252454 0.8161418 -0.8311217 -0.5336697 -0.1563124 -0.6784053 -0.7046957 -0.207775 -0.4872361 -0.8376201 -0.2469685 -0.6279802 -0.06976044 0.7750964 -0.4870665 -0.8377088 -0.2470025 -0.993152 0.001393437 0.1168217 -0.9900288 -0.136066 -0.03645622 -0.09783321 -0.9545617 -0.2814974 -0.2896944 -0.9180506 -0.2706663 -0.9377784 -0.02176922 0.3465516 -0.289976 -0.917949 -0.2707093 0.8243086 -0.5610175 -0.07599282 -0.8308737 -0.04275953 0.554816 -0.993084 -0.1113283 -0.03728783 -0.9380207 -0.3381543 -0.07595336 -0.8315199 -0.5439752 -0.1125422 -0.6776742 -0.06067758 0.7328547 -0.679013 -0.7195706 -0.1454631 -0.4877321 -0.8556836 -0.1729827 -0.4868997 -0.07455855 0.87027 -0.4876511 -0.8557296 -0.172984 -0.2888035 -0.08294034 0.953789 -0.2903485 -0.9379454 -0.1896217 -0.09790337 -0.9754592 -0.1972169 -0.09796684 -0.08673739 0.9914026 -0.2903359 -0.9379554 -0.1895914 -0.9931702 -0.1164517 -0.007219791 -0.9931136 0.009483873 0.1167709 -0.9922807 -0.1145824 -0.04743254 -0.9375464 0.03030753 0.3465373 -0.9238292 0.03431487 0.381264 -0.9376689 -0.3451209 -0.04085075 -0.8306498 0.04852837 0.5546765 -0.830737 0.04851889 0.5545467 -0.9378168 -0.3453437 -0.03517794 -0.8295702 0.02459067 0.5578609 -0.8315438 -0.5543636 -0.03487074 -0.8310541 -0.5529549 -0.05991762 -0.677545 0.0641027 0.7326825 -0.6722158 -0.01292127 0.7402426 -0.6774104 0.06411027 0.7328062 -0.679186 -0.7333632 -0.029747 -0.6784007 -0.7302746 -0.0804466 -0.4870449 -0.8681272 -0.09561616 -0.4867765 0.07614117 0.8702018 -0.2887454 0.08343499 0.9537636 -0.4871211 -0.8680837 -0.09562295 -0.475493 -0.07320272 0.8766686 -0.4864298 0.07614737 0.8703951 -0.4877868 -0.8725833 -0.02573931 -0.2763016 -0.143433 0.9503075 -0.09718638 0.08672809 0.9914802 -0.2898235 -0.9513285 -0.1047689 -0.09088069 -0.2138906 0.972621 -0.09772109 -0.9892293 -0.1089769 -0.2894973 0.08344101 0.953535 -0.289625 -0.951385 -0.104804 -0.2901226 -0.9567027 -0.02343016 -0.9886646 -0.1495693 -0.0130853 -0.6119117 0.2104797 0.7624056 -0.9931241 -0.1148341 0.02275073 -0.9920024 -0.1220912 -0.0320155 -0.8307012 0.1475377 0.536813 -0.9379478 -0.3450723 0.03433763 -0.831069 0.1575598 0.5333847 -0.9375817 -0.3473771 0.01642394 -0.8312281 -0.5541195 0.04485195 -0.6779527 0.1961256 0.7084595 -0.8314982 -0.5522211 0.06052041 -0.6774227 0.1862068 0.7116358 -0.6784986 -0.7326266 0.05383336 -0.6792401 -0.7273126 0.09823089 -0.4871258 0.2347205 0.8411985 -0.4849158 0.1922843 0.8531609 -0.4870782 -0.8712397 0.06079745 -0.09788691 0.2716564 0.9574033 -0.4877865 -0.8635936 0.127555 -0.09629863 0.1481769 0.9842612 -0.2891361 0.2592359 0.9215189 -0.2892836 -0.9550312 0.06504362 -0.2867456 0.1772657 0.9414638 -0.28984 -0.9459971 0.1451975 -0.9867681 -0.161521 0.01413094 -0.9931367 -0.1091213 0.04209655 -0.4224482 0.3932799 0.8166201 -0.9916092 -0.1281695 -0.01684832 -0.6782186 0.3298576 0.6566684 -0.9379626 -0.3336954 0.09419995 -0.6779891 0.3179156 0.6627673 -0.9374221 -0.3406123 0.07227188 -0.8311107 -0.5378061 0.1414909 -0.8314296 -0.5340353 0.1533988 -0.4869894 0.3740438 0.7892608 -0.4872942 0.379328 0.786546 -0.6784018 -0.711816 0.181904 -0.09712952 0.3817064 0.919166 -0.6790474 -0.6994685 0.2227969 -0.09793889 0.4363678 0.8944222 -0.2885537 0.3891157 0.874829 -0.4870006 -0.8469797 0.2132037 -0.2891623 0.4177193 0.8613337 -0.4878941 -0.8278829 0.2767117 -0.2896791 -0.9285393 0.2321654 0.1857521 0.5775731 0.794925 -0.2902815 -0.9056246 0.3091614 -0.9840444 -0.1718615 0.04604679 -0.9931385 -0.1002522 0.06021302 -0.6781139 0.4297339 0.5962301 -0.9910406 -0.1335394 -0.002418518 -0.6787495 0.4496226 0.5806365 -0.9379109 -0.3121762 0.1512258 -0.9370735 -0.3260006 0.1249679 -0.4869295 0.5122199 0.7074818 -0.4874832 0.522576 0.6994816 -0.8311384 -0.5045457 0.2337576 -0.0977829 0.5873931 0.8033728 -0.8313452 -0.5008877 0.2407839 -0.2891593 0.558942 0.7771556 -0.09780842 0.5658006 0.8187205 -0.6782947 -0.6688232 0.3042891 -0.2897842 0.5629941 0.7739915 -0.6790813 -0.6505904 0.3399718 -0.4869109 -0.7962802 0.3589646 0.6241019 0.5647649 0.5399423 -0.4878774 -0.7668765 0.4169846 -0.289686 -0.8731349 0.3920684 -0.6781865 0.5280311 0.5111228 -0.2903138 -0.8372107 0.463461 -0.679005 0.5495114 0.4868158 -0.979967 -0.180505 0.08415871 -0.4871266 0.6288529 0.6060131 -0.9931353 -0.0884357 0.07656049 -0.9900379 -0.1403869 0.01079761 -0.4875885 0.6454296 0.587944 -0.9379632 -0.280721 0.2035216 -0.09784442 0.7199189 0.6871269 -0.09798729 0.7155631 0.6916415 -0.9366475 -0.3048341 0.1725328 -0.2896153 0.6908163 0.6624922 -0.289892 0.6980429 0.654751 -0.8310006 -0.4558239 0.3188459 -0.8310027 -0.454954 0.3200802 0.8064188 0.4935138 0.3257808 -0.6790932 -0.5829669 0.4460742 -0.6781876 -0.6049216 0.4172907 -0.6789432 0.6291458 0.3784334 -0.488 -0.6825588 0.5440309 -0.6781114 0.6099576 0.4100205 -0.4870244 -0.7205944 0.4935088 -0.9734888 -0.1873661 0.1312001 -0.2899577 -0.7429524 0.6032797 -0.4879285 0.7428164 0.4584209 -0.2892393 -0.7906104 0.5397 -0.4873017 0.725825 0.485505 -0.9931426 -0.07385712 0.09062576 -0.09779214 0.8299211 0.5492429 -0.9882414 -0.1512895 0.02214533 -0.09780192 0.8337333 0.543437 -0.2900462 0.8082041 0.5125227 -0.2896779 0.7968423 0.5302161 -0.9379001 -0.2408496 0.2496696 -0.9356374 -0.2808691 0.2137647 -0.831004 -0.3926854 0.3939931 0.577759 0.750528 0.3207839 -0.4872351 0.800142 0.3498212 -0.8307749 -0.3988147 0.3882786 -0.6781952 -0.5220792 0.517189 -0.6790135 -0.4997625 0.537753 -0.4878965 0.8139561 0.3153293 -0.2900989 0.8887099 0.3550176 -0.4864926 -0.6227142 0.6128231 -0.09783321 0.9138971 0.3939809 -0.4875897 -0.5782667 0.6541131 -0.09797787 0.9201509 0.379108 -0.2897008 0.8778917 0.3812866 -0.2898456 -0.6830496 0.6703975 -0.2906894 -0.625656 0.723916 -0.9622401 -0.1924748 0.1924775 0.7012089 0.6950796 0.1586521 -0.9931505 -0.05704569 0.1019709 -0.9843878 -0.1731989 0.03135138 -0.4871358 0.8493598 0.2031915 -0.9378792 -0.1934297 0.2880411 -0.4878019 0.8575965 0.1630264 -0.9336618 -0.25962 0.2467247 -0.2899932 0.9313259 0.2203087 -0.09776359 0.9691113 0.2264193 -0.8309738 -0.3173435 0.4569198 -0.09787732 0.9740769 0.2039467 -0.8299339 -0.3383476 0.4435434 -0.290367 0.9384168 0.1872457 0.7766549 0.6292922 0.02826207 -0.6781734 -0.4229416 0.6010004 -0.6786181 -0.405768 0.6122335 -0.4866585 -0.5049952 0.7128418 -0.4879316 -0.4579553 0.7431015 -0.4874845 0.8716899 0.05015641 -0.4880779 0.8727779 0.00622493 -0.289403 -0.5544391 0.7802842 -0.09799033 0.9938437 0.05169796 -0.2898437 -0.4897531 0.8222728 -0.09809237 0.9948996 0.02351295 -0.9401367 -0.1954816 0.2791594 -0.289677 0.955689 0.05240178 -0.9931477 -0.03854227 0.110327 -0.2900549 0.9568992 0.014566 -0.9735925 -0.2251302 0.03786969 0.8243086 0.5610175 -0.07599282 -0.9378663 -0.1399767 0.3175113 -0.9279806 -0.2569589 0.2698597 -0.830934 -0.2321267 0.5056343 -0.4872969 0.8669629 -0.1044853 -0.8276308 -0.2856631 0.4831396 -0.09779268 0.987362 -0.1247117 -0.6778761 -0.3106932 0.6662986 -0.6780152 -0.3099033 0.6665249 -0.290135 0.9497853 -0.1171731 -0.4866464 -0.3716477 0.7906031 -0.487573 -0.3285063 0.808923 -0.9930907 0.1112676 -0.03728979 -0.2899533 -0.4082921 0.8655776 -0.2904848 -0.3400042 0.8944361 -0.8875704 -0.1946832 0.4175133 -0.993154 -0.01887041 0.1152783 -0.9208917 -0.3877928 0.03968715 -0.937759 -0.08222258 0.337413 -0.8991699 -0.3395383 0.2760564 -0.938027 0.338137 -0.07595151 -0.831007 -0.1395964 0.5384612 -0.8153897 -0.2905492 0.5007205 -0.6774927 -0.1887331 0.7109033 -0.6742501 -0.2450836 0.6966497 -0.8315296 0.54396 -0.1125431 -0.4867764 -0.2266331 0.843615 -0.4875386 -0.2079751 0.8479696 -0.289548 -0.2494982 0.924074 -0.2904427 -0.1858443 0.938672 -0.7209362 -0.1793813 0.6693828 -0.6789893 0.719594 -0.1454585 -0.4877034 0.8557021 -0.1729717 -0.4876579 0.8557251 -0.1729866 -0.9900288 0.136066 -0.03645622 -0.09790718 0.975459 -0.1972154 -0.2902994 0.9379642 -0.1896035 -0.2903975 0.9379308 -0.1896188 0.8556358 0.4922457 -0.1599431 -0.9931598 0.1134977 -0.02742153 -0.9378471 0.3337043 -0.09531193 -0.8311002 0.5337044 -0.1563081 -0.678394 0.704707 -0.2077729 -0.48702 0.8377391 -0.2469915 -0.4873089 0.8375702 -0.2469943 -0.2897511 0.9180248 -0.2706934 -0.0978477 0.9545552 -0.2815147 -0.2899034 0.9179844 -0.2706675 -0.9931132 0.1034013 -0.05508601 -0.9380329 0.319714 -0.1337059 -0.8314756 0.5158087 -0.2063729 -0.6789721 0.6827347 -0.2699451 -0.4877356 0.8118459 -0.3209678 -0.4878136 0.8118223 -0.3209089 -0.09797644 0.9254836 -0.3658971 -0.9910331 0.1210989 -0.05646729 -0.2903074 0.8899025 -0.3518455 -0.2901667 0.8899375 -0.351873 -0.9931611 0.1069744 -0.04677206 -0.9378476 0.3117695 -0.1524524 -0.8310977 0.49787 -0.2477944 -0.6784758 0.6570147 -0.3286371 -0.4872068 0.7810439 -0.3906405 0.8768598 0.4233431 -0.2278106 -0.2898995 0.8559565 -0.4281317 -0.4874256 0.7809503 -0.390555 -0.2897464 0.8560398 -0.4280689 -0.09779024 0.8901055 -0.4451397 -0.9931182 0.09275364 -0.07150501 -0.9379674 0.2916694 -0.1874731 -0.8316351 0.4712797 -0.2937324 -0.6786799 0.62479 -0.3860457 -0.4879365 0.7425544 -0.4588364 -0.4878978 0.7425307 -0.458916 -0.9917773 0.1048352 -0.07340013 -0.2900212 0.8141083 -0.5031057 -0.09795534 0.8466052 -0.5231294 -0.2900936 0.8140875 -0.5030976 -0.9931556 0.0972681 -0.06466078 -0.9378637 0.2800707 -0.2048708 0.891533 0.3541325 -0.2824165 -0.8313058 0.4462122 -0.3313993 -0.6783315 0.589007 -0.4392462 -0.4874013 0.6999782 -0.521987 -0.2897453 0.7672103 -0.5722204 -0.4871933 0.700046 -0.5220903 -0.09772258 0.7977948 -0.5949571 -0.2900467 0.7671796 -0.5721089 -0.9931219 0.07939261 -0.0860567 -0.9380278 0.2542595 -0.2354911 -0.8313986 0.4125696 -0.3722405 -0.6789276 0.5468529 -0.4899073 -0.4876297 0.6502875 -0.5825319 -0.4876823 0.6502066 -0.5825783 -0.9923294 0.08741956 -0.08740866 -0.09787845 0.7412004 -0.6641098 -0.2903509 0.7127599 -0.6384902 -0.2900646 0.712719 -0.638666 0.9017651 0.2843845 -0.3254923 -0.9931519 0.0845645 -0.0806123 -0.9379486 0.239564 -0.2507222 -0.8311094 0.3811299 -0.4049658 -0.6785385 0.5023191 -0.5359675 -0.4874028 0.5970994 -0.6371114 -0.4872552 0.5971468 -0.6371797 -0.09811288 0.6804831 -0.7261657 -0.2897193 0.6545129 -0.6983378 -0.2901137 0.6543901 -0.6982892 -0.9931321 0.06358778 -0.09821176 -0.9380102 0.209177 -0.276373 -0.8314064 0.3407094 -0.4389539 -0.4878267 0.5374251 -0.6878951 -0.6788601 0.4520466 -0.5786215 -0.2898527 0.5892278 -0.7541857 -0.4874358 0.5375741 -0.6880557 -0.9927324 0.06902921 -0.09857785 -0.09786772 0.6127215 -0.7842158 -0.2904672 0.5891251 -0.7540296 0.9088408 0.2139496 -0.3580978 -0.9931569 0.06931763 -0.09399259 -0.9378903 0.1918905 -0.2890325 -0.8312517 0.3037739 -0.4655558 -0.6787884 0.3999485 -0.6158632 -0.4870798 0.4756477 -0.7324702 -0.4877443 0.4754624 -0.7321482 -0.2904929 0.521135 -0.8025161 -0.2893036 0.5213662 -0.8027956 -0.09788334 0.542029 -0.8346397 -0.9931365 0.04593443 -0.1075637 -0.9380034 0.1575389 -0.3087574 -0.8313562 0.2581925 -0.4921215 -0.678779 0.3431488 -0.6492365 -0.4878703 0.4079022 -0.7717502 -0.4877934 0.4078717 -0.771815 -0.2896491 0.4472539 -0.8462076 -0.09831249 0.4649741 -0.8798488 -0.9930136 0.04987251 -0.106943 -0.2900551 0.4471778 -0.8461088 -0.8312765 0.2170923 -0.5117132 -0.9931524 0.05198484 -0.1046228 -0.937928 0.1381285 -0.3181377 -0.6784454 0.2853493 -0.6769695 0.9134306 0.1430063 -0.3810431 -0.4878537 0.3390682 -0.8043828 -0.4871758 0.3392598 -0.8047127 -0.290312 0.3717055 -0.8817902 -0.0979771 0.3865556 -0.9170472 -0.2898032 0.3717616 -0.881934 -0.9931396 0.02682828 -0.1138154 -0.9379913 0.1010151 -0.3316148 -0.8312468 0.1676419 -0.5300236 -0.678815 0.2234611 -0.6994822 -0.4878006 0.2656409 -0.8315562 -0.4876408 0.2655932 -0.831665 -0.993194 0.03014582 -0.1125035 -0.2898983 0.2912125 -0.9116767 -0.2901153 0.291185 -0.9116164 -0.09794503 0.3027751 -0.9480159 -0.9931492 0.03312039 -0.1120609 0.9160178 0.07162505 -0.3946912 -0.9379594 0.08011853 -0.3373622 -0.8314707 0.12358 -0.5416497 -0.6784681 0.161679 -0.7166177 -0.4876528 0.192148 -0.8516302 -0.4875174 0.1921568 -0.8517057 -0.09807962 0.219034 -0.9707753 -0.2900941 0.2106341 -0.9335303 -0.2897744 0.210618 -0.9336332 -0.9931456 0.0069108 -0.1166796 -0.9379395 0.04136234 -0.3443235 -0.8314119 0.07174074 -0.5510059 -0.6786745 0.09677195 -0.7280359 -0.487464 0.1150538 -0.8655296 -0.4877585 0.1150255 -0.8653674 -0.9932802 0.01008695 -0.1152938 -0.09791117 0.1311337 -0.9865178 -0.2901424 0.1260892 -0.9486405 -0.2899862 0.1261012 -0.9486867 0.9168634 0 -0.3992014 -0.993149 0.01328116 -0.1160985 -0.9379423 0.01968139 -0.3462325 -0.8314539 0.0263288 -0.5549696 -0.6784998 0.03295773 -0.7338609 -0.4877383 0.03917235 -0.8721106 -0.4878713 0.0391587 -0.8720369 -0.09781813 0.04464495 -0.9942025 -0.2900549 0.04293876 -0.9560463 -0.2895243 0.04293757 -0.9562071 -0.9931508 -0.01327878 -0.1160831 -0.9379357 -0.0196824 -0.3462505 -0.8314617 -0.02633011 -0.5549579 -0.6785466 -0.03295731 -0.7338177 -0.4876298 -0.03916966 -0.8721714 -0.4879693 -0.03916317 -0.8719819 -0.2898728 -0.04293286 -0.9561018 -0.9932802 -0.01008695 -0.1152938 -0.2895589 -0.04294312 -0.9561964 -0.09781813 -0.04464727 -0.9942023 -0.8314201 -0.0717411 -0.5509935 -0.6787241 -0.09676235 -0.7279908 0.9160178 -0.07162505 -0.3946912 -0.9931476 -0.006906569 -0.1166633 -0.9379324 -0.04136461 -0.3443425 -0.4875898 -0.115042 -0.8654604 -0.4875029 -0.1150443 -0.865509 -0.2898646 -0.1261069 -0.9487231 -0.09792542 -0.1311339 -0.9865164 -0.2899866 -0.1260888 -0.9486883 -0.9931506 -0.03312253 -0.1120483 0.3446033 0.4814918 -0.8058625 0.3448035 0.4814612 -0.8057951 0.5542174 0.4269444 -0.714536 0.554232 0.4269045 -0.7145484 0.7332886 0.3487026 -0.5836904 0.7329729 0.3489021 -0.5839675 0.8712982 0.2517399 -0.4212679 0.8712751 0.2516964 -0.4213415 0.9565147 0.1496044 -0.2503964 0.9952443 0.04989576 -0.08366185 0.9565027 0.1495608 -0.2504677 0.9952402 0.05001652 -0.08363872 0.1168437 0.08902865 0.9891519 0.117657 0.3489452 -0.929728 0.1165298 0.3489943 -0.9298515 0.3448377 0.3298106 -0.8788128 0.344607 0.3298381 -0.878893 0.5542662 0.2924246 -0.7792797 0.5539954 0.2925719 -0.779417 0.7332673 0.2389083 -0.6365861 0.7332165 0.2389366 -0.636634 0.8712932 0.1724662 -0.4594602 0.8712672 0.1724482 -0.4595163 0.9952414 0.0342735 -0.0912137 0.9952412 0.03420186 -0.09124231 0.9564888 0.1025354 -0.2731588 0.9564669 0.1025316 -0.2732367 0.1169171 0.1773269 -0.9771825 0.1165305 0.177336 -0.977227 0.3450512 0.1675708 -0.9235041 0.3448837 0.1676187 -0.9235579 0.5540039 0.1486521 -0.819135 0.5539458 0.1486624 -0.8191726 0.7333404 0.1213974 -0.6689355 0.7331199 0.1214309 -0.669171 0.8712671 0.08761578 -0.4829255 0.8713623 0.08761876 -0.4827534 0.99524 0.01738709 -0.09589034 0.9952433 0.01739573 -0.09585595 0.9564776 0.05210673 -0.2871159 0.9565226 0.05208337 -0.2869701 0.1171182 0 -0.993118 0.1168437 0 -0.9931504 0.3449925 0 -0.9386054 0.3448849 0 -0.938645 0.5540976 0 -0.8324518 0.5537835 0 -0.8326607 0.7331953 0 -0.6800182 0.7331194 0 -0.6801001 0.8713976 0 -0.4905775 0.8713421 0 -0.490676 0.9952471 0 -0.09738254 0.9952391 0 -0.0974636 0.9564691 0 -0.2918338 0.9564905 0 -0.2917637 0.1165302 -0.1773553 -0.9772236 0.1168678 -0.1773234 -0.9771891 0.3452246 -0.1675546 -0.9234422 0.3448827 -0.167638 -0.9235548 0.5540039 -0.1486521 -0.8191351 0.5539 -0.1486653 -0.819203 0.7331199 -0.1214309 -0.669171 0.7332152 -0.1214237 -0.6690678 0.8713938 -0.08761471 -0.4826971 0.8712673 -0.08761578 -0.4829254 0.9952442 -0.01735669 -0.09585398 0.9952415 -0.01741081 -0.09587115 0.9564738 -0.05211478 -0.2871274 0.9565226 -0.05208337 -0.2869701 0.1168431 -0.3489814 -0.929817 0.1173819 -0.3489482 -0.9297617 0.3446024 -0.3298734 -0.8788815 0.3448895 -0.3297883 -0.8788009 0.5540584 -0.2924727 -0.7794094 0.5542156 -0.2925204 -0.7792797 0.7331131 -0.2390015 -0.6367288 0.7333678 -0.238859 -0.6364889 0.8712671 -0.1724482 -0.4595164 0.8713516 -0.1724151 -0.4593687 0.956463 -0.102572 -0.2732352 0.9564935 -0.1024882 -0.2731602 0.9952412 -0.03420186 -0.09124225 0.9952436 -0.03426349 -0.09119391 0.1168449 -0.5093709 -0.8525776 0.1175829 -0.5093178 -0.852508 0.3448173 -0.4814545 -0.8057933 0.3446033 -0.4814918 -0.8058625 0.554191 -0.4268941 -0.7145864 0.5544374 -0.4268691 -0.7144103 0.7332059 -0.3487405 -0.5837717 0.73312 -0.3488206 -0.5838315 0.8712576 -0.2517709 -0.4213332 0.8713346 -0.2517006 -0.4212161 0.995239 -0.05003166 -0.08364474 0.9952479 -0.0498768 -0.08363008 0.9564567 -0.1497087 -0.2505556 0.9565454 -0.1495389 -0.2503178 0.1169378 -0.6534 -0.7479265 0.1170001 -0.6534224 -0.7478972 0.345018 -0.6175553 -0.7068154 0.3447149 -0.6175972 -0.7069266 0.5542174 -0.5476361 -0.6268475 0.5540949 -0.5477387 -0.6268662 0.7331474 -0.4474178 -0.5121643 0.7331939 -0.4474089 -0.5121055 0.8711996 -0.3230366 -0.3696739 0.871358 -0.3227841 -0.3695209 0.9952377 -0.06419003 -0.07335984 0.9952483 -0.0640034 -0.07337826 0.9564991 -0.1919673 -0.2196769 0.9564939 -0.1919547 -0.2197111 0.1171063 -0.7764416 -0.619213 0.1173067 -0.7764626 -0.6191486 0.3448905 -0.7338458 -0.585253 0.3448722 -0.7338855 -0.5852138 0.5539727 -0.6508893 -0.5190927 0.5542019 -0.6508058 -0.5189529 0.733201 -0.5316463 -0.4239912 0.7331362 -0.5317139 -0.4240184 0.8712233 -0.3838289 -0.3060154 0.8713016 -0.3836399 -0.3060293 0.9952554 -0.0760079 -0.06074076 0.9952332 -0.07629823 -0.0607407 0.9565116 -0.228044 -0.1818838 0.9564972 -0.2281098 -0.1818767 0.1173579 -0.8745084 -0.4705977 0.1169201 -0.8745592 -0.4706124 0.3448303 -0.8265798 -0.4448124 0.344723 -0.8266365 -0.44479 0.5541599 -0.732994 -0.3944954 0.554049 -0.7331179 -0.3944212 0.7331054 -0.5989204 -0.3222591 0.1171495 0.08902287 0.9891163 0.7332156 -0.5987901 -0.3222503 0.8712687 -0.4322228 -0.2325392 0.3443251 0.08415555 0.9350712 0.3451079 0.08412945 0.9347849 0.8713314 -0.4320875 -0.2325553 0.995257 -0.08563196 -0.04616022 0.9564742 -0.2569803 -0.1382693 0.9952306 -0.08593791 -0.04615914 0.5543291 0.07460105 0.8289476 0.9565107 -0.256859 -0.1382423 0.5540036 0.07463395 0.8291621 0.1171904 -0.9445083 -0.3068722 0.733132 0.06096315 0.6773486 0.1170387 -0.9445174 -0.3069022 0.7331193 0.06096398 0.6773623 0.3446416 -0.892789 -0.2900867 0.8712659 0.04398673 0.4888364 0.3447676 -0.8927467 -0.2900667 0.8713199 0.04399091 0.4887399 0.9952436 0.008726 0.0970273 0.956488 0.02615207 0.2905976 0.9952439 0.008743524 0.0970211 0.9565229 0.02614891 0.2904831 0.5541583 -0.7916526 -0.2572838 0.554079 -0.7917343 -0.2572028 0.117457 0.2641925 0.9572911 0.1171559 0.2642357 0.9573161 0.733127 -0.6468114 -0.2101423 0.7331776 -0.6467459 -0.2101675 0.8713907 -0.4665651 -0.1516422 0.3446035 0.2497581 0.904914 0.8712357 -0.4668565 -0.1516364 0.3440371 0.2497664 0.9051272 0.9565489 -0.2772909 -0.09013384 0.995238 -0.09270888 -0.03010845 0.9952409 -0.09267956 -0.03009927 0.9564661 -0.2775655 -0.09016764 0.5542218 0.2214583 0.8023681 0.5544902 0.2213773 0.802205 0.7332435 0.1808971 0.6554619 0.1170783 -0.9841341 -0.1333149 0.117201 -0.9841198 -0.1333123 0.7329719 0.1809753 0.655744 0.3446431 -0.9302415 -0.1259844 0.8713506 0.130464 0.4729983 0.8713164 0.1305882 0.4730271 0.9565392 0.07759004 0.2810919 0.9952405 0.02590179 0.09394448 0.3447111 -0.9302093 -0.1260355 0.9564599 0.07762169 0.2813528 0.9952394 0.02594137 0.09394603 0.5541303 -0.8248962 -0.1117409 0.5541935 -0.824853 -0.1117454 0.1168416 0.4309188 0.8947944 0.7331347 -0.673928 -0.09129393 0.1174705 0.4308709 0.8947352 0.7331468 -0.6739185 -0.09126806 0.8712902 -0.4863278 -0.06586915 0.8712971 -0.4863146 -0.06587576 0.3447998 0.4072382 0.8457366 0.3448812 0.4072837 0.8456813 0.9565236 -0.2890155 -0.03915035 0.9564703 -0.2891902 -0.03916329 0.5543194 0.3611037 0.7498894 0.5537803 0.3612923 0.7501969 0.9952494 -0.09647667 -0.01307237 0.9952428 -0.09654378 -0.01307904 0.1170702 -0.9921236 0.04455763 0.7334046 0.2949839 0.6124559 0.7329953 0.2951311 0.6128749 0.1167532 -0.992161 0.04455542 0.344736 -0.9377543 0.0421189 0.8712407 0.2130168 0.4422258 0.8713476 0.212868 0.4420866 0.9952418 0.04230046 0.08777499 0.3450236 -0.9376491 0.04210668 0.9952515 0.04221528 0.08770543 0.5541634 -0.8315697 0.03734666 0.9564928 0.1265721 0.2628707 0.5541348 -0.8315888 0.03734761 0.95648 0.1266149 0.2628971 0.7332275 -0.6792988 0.03050774 0.1173146 0.5837158 0.8034383 0.7332721 -0.6792506 0.03050881 0.1171158 0.5837566 0.8034378 0.8712338 -0.4903744 0.02201551 0.3448795 0.5516964 0.7594007 0.3446083 0.5517703 0.7594701 0.8712971 -0.490262 0.02201634 0.9564556 -0.2915843 0.01308953 0.9952412 -0.09734439 0.004369139 0.99525 -0.09725517 0.004369974 0.9565138 -0.2913931 0.013094 0.5540972 0.4893439 0.6734381 0.5541118 0.4892858 0.6734683 0.1167899 -0.9682605 0.2209793 0.7330974 0.3998163 0.5501955 0.7331991 0.3996881 0.5501531 0.1170201 -0.9682293 0.2209941 0.8713952 0.2883188 0.3969168 0.871209 0.2885905 0.3971281 0.3450623 -0.9150459 0.2088617 0.9952459 0.05721992 0.0788142 0.3449097 -0.9151014 0.2088708 0.9952492 0.05721676 0.07877355 0.9564741 0.1715321 0.2360808 0.5541597 -0.8115411 0.1852252 0.95649 0.1714967 0.2360417 0.5540423 -0.8116153 0.185251 0.1172154 0.7177975 0.6863143 0.7333843 -0.6627656 0.1512923 0.1171596 0.7178013 0.6863199 0.7332053 -0.6629613 0.1513023 0.3447193 0.6784462 0.6487522 0.8712959 -0.4784553 0.1091974 0.3445754 0.6785911 0.6486771 0.8712646 -0.4785035 0.1092352 0.995262 -0.09478229 0.02167505 0.5540798 0.6017495 0.5752332 0.9952359 -0.09505617 0.02167308 0.9564812 -0.2844753 0.06494402 0.5541044 0.6016523 0.5753111 0.9564357 -0.2846319 0.06492656 0.1170088 -0.9132157 0.3903152 0.7332819 0.4914261 0.4698916 0.1172426 -0.9131753 0.3903397 0.7331421 0.4915711 0.469958 0.3446239 -0.8632072 0.3689281 0.871324 0.3546851 0.3391065 0.8713285 0.3546382 0.3391438 0.3448922 -0.8630949 0.3689399 0.9952427 0.07044869 0.0672971 0.9564942 0.2108808 0.2016137 0.9564542 0.211019 0.2016596 0.9952435 0.07040822 0.06732875 0.5540564 -0.7654928 0.3271735 0.5541648 -0.7654228 0.3271534 0.1171762 0.8288254 0.5470998 0.1171488 0.8288521 0.5470655 0.7333799 -0.6250985 0.267219 0.7331748 -0.6253222 0.2672584 0.344676 0.7834255 0.5171492 0.8712069 -0.4514198 0.1929215 0.3446732 0.7834348 0.5171369 0.8713988 -0.4510827 0.1928435 0.9952381 -0.0896396 0.0382862 0.5541082 0.6947408 0.4585841 0.9952378 -0.08964443 0.03828555 0.9564793 -0.2683222 0.1146764 0.9564843 -0.2682926 0.1147035 0.5541066 0.6947281 0.4586052 0.1171854 -0.8288243 0.5470997 0.7331988 0.5675172 0.3746249 0.1171488 -0.8288521 0.5470655 0.7332511 0.5674679 0.3745972 0.3446732 -0.7834348 0.5171369 0.344703 -0.7834087 0.5171565 0.871367 0.4094471 0.2703198 0.8713131 0.4095786 0.2702941 0.9952476 0.08125245 0.05366837 0.9564699 0.243567 0.1607496 0.9564633 0.2435761 0.1607756 0.9952416 0.08132821 0.05366605 0.5541272 -0.6947187 0.4585947 0.5541081 -0.6947406 0.4585846 0.117047 0.9131968 0.3903483 0.1171855 0.9132013 0.3902961 0.733211 -0.5675181 0.3745998 0.7332354 -0.567484 0.3746035 0.8713511 -0.4095222 0.2702573 0.344663 0.863179 0.3689572 0.8713287 -0.4095038 0.2703573 0.3448336 0.8631361 0.3688983 0.9952553 -0.08115774 0.05366879 0.5541852 0.7653977 0.3271776 0.9564527 -0.2436217 0.1607688 0.5540148 0.7655391 0.3271358 0.9952378 -0.08137446 0.05366683 0.9564936 -0.2434641 0.1607644 0.1171597 -0.7178016 0.6863195 0.7332426 0.6252374 0.2672708 0.1171201 -0.7178323 0.6862942 0.7333032 0.6251943 0.2672049 0.3445938 -0.678548 0.6487124 0.8712744 0.4512858 0.1929301 0.8713408 0.4511994 0.192833 0.3447152 -0.6784748 0.6487244 0.9952556 0.08944612 0.03828513 0.9952251 0.0897845 0.03828692 0.5541899 -0.6016964 0.5751826 0.9564537 0.2684012 0.114705 0.9565046 0.2682315 0.1146776 0.5540399 -0.6016794 0.575345 0.1168048 0.9682543 0.2209986 0.7332083 -0.4914834 0.4699465 0.1170024 0.9682368 0.2209706 0.7331979 -0.4915225 0.4699219 0.8713283 -0.3546381 0.3391444 0.3449296 0.9150922 0.2088775 0.8713208 -0.3546981 0.3391009 0.3450496 0.9150513 0.2088588 0.9564897 -0.2108893 0.2016267 0.9952399 -0.07046449 0.06732302 0.9952477 -0.07036715 0.06731027 0.5540809 0.811598 0.1852114 0.5540707 0.8115959 0.1852512 0.9564748 -0.2109531 0.2016302 0.1172443 -0.5837168 0.8034479 0.7333456 0.6628111 0.1512808 0.1171526 -0.5837787 0.8034163 0.7331966 0.6629707 0.1513028 0.344699 -0.5516942 0.7594842 0.8713508 0.4783543 0.1092014 0.8712422 0.4785444 0.1092348 0.9564674 0.2845215 0.06494492 0.3447332 -0.5517956 0.759395 0.9952627 0.09477555 0.02167361 0.554251 -0.4892387 0.6733881 0.9952368 0.09504765 0.02167469 0.9564763 0.2844954 0.06492727 0.553987 -0.489387 0.6734975 0.116759 0.9921602 0.04455852 0.1170626 0.9921247 0.04455381 0.7331022 -0.3997811 0.5502148 0.7331992 -0.3996883 0.550153 0.8712096 -0.2886213 0.3971042 0.34467 0.9377789 0.04211127 0.8713768 -0.2882858 0.3969808 0.3450785 0.9376286 0.04211294 0.9564757 -0.1715379 0.23607 0.9952459 -0.05724298 0.07879728 0.9564901 -0.1714967 0.2360416 0.5540661 0.8316347 0.03734302 0.9952477 -0.05720907 0.0787993 0.1170248 -0.4309041 0.8947775 0.5541908 0.8315513 0.03734844 0.7332948 0.679226 0.03050953 0.7331748 0.6793558 0.03050577 0.1171573 -0.4308867 0.8947686 0.8712723 0.4903061 0.02201527 0.3449314 -0.407214 0.8456946 0.3448814 -0.407284 0.8456811 0.8712855 0.4902824 0.02201724 0.9952506 0.09724897 0.004369974 0.9952515 0.09723919 0.004369139 0.9565387 0.2913117 0.01308995 0.9564642 0.2915557 0.013094 0.1170766 0.9841331 -0.133323 0.5542128 -0.3611996 0.7499221 0.5538984 -0.3612126 0.7501481 0.733221 -0.2950255 0.6126556 0.1172103 0.9841185 -0.133314 0.7331105 -0.2951215 0.6127417 0.8713477 -0.212868 0.4420863 0.8712144 -0.2130377 0.4422676 0.3445861 0.930262 -0.1259885 0.3447378 0.9302015 -0.1260195 0.9565253 -0.126526 0.2627749 0.554092 0.8249241 -0.1117244 0.9564471 -0.1266822 0.2629842 0.9952479 -0.04223126 0.08773875 0.5542142 0.8248375 -0.1117585 0.9952469 -0.04228931 0.08772248 0.1174567 -0.264204 0.957288 0.7332024 0.6738569 -0.09127533 0.7330456 0.6740265 -0.09128266 0.1171559 -0.2642357 0.9573161 0.1174699 -0.08902513 0.9890781 0.1165232 -0.08902639 0.9891899 0.8712739 0.4863564 -0.06587398 0.3445859 -0.2497128 0.9049333 0.8713186 0.4862766 -0.06587129 0.9952514 0.09645742 -0.01307225 0.3440437 -0.2498129 0.9051119 0.9952444 0.09652757 -0.01307928 0.9565549 0.2889116 -0.03915172 0.3443251 -0.08415555 0.9350712 0.9564627 0.2892152 -0.03916287 0.3451079 -0.08412945 0.9347849 0.117179 0.9444963 -0.3069134 0.5543478 -0.221385 0.8023013 0.5544369 -0.221457 0.8022198 0.1170338 0.9445255 -0.306879 0.5540036 -0.07463395 0.8291621 0.5543291 -0.07460105 0.8289476 0.3446845 0.8927649 -0.2901095 0.3446977 0.8927845 -0.2900336 0.7329738 -0.1809978 0.6557356 0.7332662 -0.1808909 0.6554381 0.7331193 -0.06096398 0.6773623 0.733132 -0.06096315 0.6773486 0.8713849 -0.130554 0.4729102 0.5541978 0.7916342 -0.2572552 0.8712741 -0.1305002 0.4731292 0.5540935 0.7917098 -0.2572471 0.8712659 -0.04398673 0.4888364 0.8713199 -0.04399091 0.4887399 0.7331095 0.6468283 -0.2101516 0.9564889 -0.07764077 0.2812491 0.9952405 -0.02590179 0.09394448 0.7331205 0.6468195 -0.2101404 0.9952436 -0.008726 0.0970273 0.9565272 -0.07758641 0.2811339 0.9952402 -0.02597171 0.09392899 0.9565229 -0.02614891 0.2904831 0.8712506 0.4668283 -0.151637 0.956488 -0.02615207 0.2905976 0.9952439 -0.008743524 0.0970211 0.8713811 0.4665812 -0.151648 0.9952407 0.09268254 -0.03009986 0.995232 0.09277367 -0.03010743 0.9565383 0.2773264 -0.09013694 0.9564617 0.2775809 -0.09016627 0.1169914 0.8745441 -0.4706228 0.1173115 0.8745188 -0.47059 0.3448091 0.8265678 -0.444851 0.344793 0.826614 -0.4447779 0.5540732 0.7330743 -0.3944681 0.5541135 0.7330443 -0.3944671 0.7332158 0.5987902 -0.3222497 0.7330989 0.5989361 -0.3222448 0.8713405 0.432087 -0.2325226 0.8712931 0.4321474 -0.2325875 0.9952561 0.08564007 -0.04616457 0.9564905 0.2569334 -0.138244 0.9952344 0.08589649 -0.04615658 0.9564869 0.256939 -0.1382577 0.1173139 0.7764312 -0.6191868 0.1171773 0.7764443 -0.6191961 0.3447579 0.7339043 -0.5852577 0.3448722 0.7338855 -0.5852138 0.5541588 0.6507998 -0.5190064 0.554121 0.650818 -0.5190241 0.7332012 0.5316464 -0.4239907 0.7331417 0.5316944 -0.4240334 0.8712022 0.3838425 -0.3060582 0.8713136 0.3836547 -0.305977 0.9952501 0.07608824 -0.06072884 0.9952366 0.07625246 -0.06074327 0.9565066 0.2280694 -0.1818777 0.956518 0.2280194 -0.1818806 0.1170001 0.6534224 -0.7478972 0.1170436 0.6533793 -0.747928 0.3447215 0.6176723 -0.7068579 0.3449266 0.6175296 -0.7068825 0.5540503 0.5476978 -0.6269414 0.554315 0.5476423 -0.6267558 0.7331206 0.4474613 -0.5121648 0.7332056 0.4473875 -0.5121075 0.8712815 0.3228735 -0.3696231 0.8712577 0.3229568 -0.3696067 0.9565167 0.1918755 -0.2196811 0.9952459 0.06407403 -0.07334983 0.9952382 0.06415933 -0.0733807 0.9564816 0.1919988 -0.2197256 0.1170541 0.5093384 -0.8525683 0.1171581 0.509352 -0.8525459 -0.3448713 0.481433 0.805783 -0.3447735 0.481453 0.8058128 -0.5540032 0.4269912 0.7146741 -0.5540688 0.4269806 0.7146297 -0.7329331 0.3489207 0.5840065 -0.7329924 0.3488921 0.5839491 -0.8717558 0.2512867 0.420591 -0.8717708 0.251283 0.4205623 -0.9564446 0.1497159 0.250597 -0.9564569 0.1497054 0.2505567 -0.9951621 0.05037647 0.08434927 -0.9951621 0.05040401 0.0843324 -0.1171513 0.3489392 0.9297941 -0.1171356 0.3489771 0.9297818 -0.3449314 0.329803 0.8787789 -0.3447734 0.3298358 0.8788286 -0.554068 0.292522 0.7793842 -0.553973 0.2925173 0.7794535 -0.7329205 0.2390431 0.6369348 -0.7329906 0.2390256 0.6368607 -0.8717737 0.1721363 0.4586718 -0.8717818 0.172142 0.4586542 -0.9951627 0.03452539 0.0919739 -0.9564447 0.1025694 0.2733005 -0.9951609 0.03453177 0.09199219 -0.9564414 0.1025668 0.273313 -0.1171364 0.1773324 0.9771552 -0.117272 0.1773169 0.9771417 -0.3448858 0.1676043 0.9235597 -0.3448344 0.1675996 0.9235799 -0.5539826 0.148652 0.8191496 -0.5540235 0.1486447 0.8191233 -0.7329334 0.1214698 0.6693682 -0.7329655 0.1214687 0.6693332 -0.871773 0.08747458 0.4820375 -0.8717805 0.08747398 0.482024 -0.995163 0.0175414 0.09665948 -0.9951598 0.01753741 0.09669339 -0.9564573 0.05212152 0.287181 -0.9564561 0.05211138 0.2871867 -0.1171365 0 0.9931159 -0.117215 0 0.9931066 -0.344662 0 0.938727 -0.3448777 0 0.9386477 -0.5539824 0 0.8325285 -0.5541585 0 0.8324112 -0.7329331 0 0.6803008 -0.7329344 0 0.6802994 -0.8717421 0 0.4899652 -0.8717917 0 0.4898768 -0.9951615 0 0.09825319 -0.9951626 0 0.09824264 -0.9564445 0 0.2919144 -0.9564659 0 0.2918443 -0.1172112 -0.1773216 0.9771482 -0.1171364 -0.1773324 0.9771552 -0.3448858 -0.1676043 0.9235597 -0.3448933 -0.1675997 0.9235578 -0.5540357 -0.1486397 0.8191159 -0.5539819 -0.1486597 0.8191486 -0.7328736 -0.121489 0.6694301 -0.7329798 -0.1214634 0.6693185 -0.8717589 -0.08747917 0.4820619 -0.871773 -0.08747458 0.4820376 -0.9951615 -0.01754409 0.09667426 -0.9951612 -0.01753473 0.09667861 -0.9564573 -0.05212152 0.287181 -0.9564552 -0.05211627 0.287189 -0.1171759 -0.3489374 0.9297916 -0.1171356 -0.348977 0.9297819 -0.3447291 -0.3298311 0.8788478 -0.3449974 -0.3298068 0.8787516 -0.5540062 -0.2925086 0.7794331 -0.5539798 -0.2925427 0.7794391 -0.7329709 -0.2390149 0.6368874 -0.7329316 -0.239048 0.6369203 -0.8717558 -0.1721547 0.4586989 -0.8717714 -0.1721518 0.4586704 -0.9564447 -0.1025694 0.2733006 -0.9564403 -0.1025657 0.2733171 -0.9951627 -0.03452539 0.0919739 -0.9951609 -0.03453177 0.09199219 -0.1171643 -0.5093687 0.8525351 -0.1170117 -0.5093694 0.8525558 -0.3448993 -0.4814288 0.8057735 -0.3447737 -0.4814531 0.8058127 -0.5540724 -0.4269647 0.7146362 -0.5539803 -0.4270105 0.7146803 -0.7329273 -0.3489237 0.584012 -0.7329924 -0.3488921 0.5839491 -0.871773 -0.2512727 0.4205637 -0.8717402 -0.251311 0.4206089 -0.9951621 -0.05037647 0.08434927 -0.9951621 -0.05040401 0.0843324 -0.9564411 -0.1497462 0.2505927 -0.9564581 -0.1496893 0.2505617 -0.1170758 -0.6534084 0.7478976 -0.1170723 -0.6534262 0.7478825 -0.3448632 -0.617572 0.7068763 -0.3447752 -0.6175951 0.7068991 -0.5540297 -0.5477259 0.6269351 -0.5540696 -0.5477081 0.6269153 -0.7329299 -0.4476039 0.5123129 -0.7329257 -0.4475992 0.5123232 -0.8717682 -0.3223394 0.3689412 -0.8717845 -0.3223243 0.368916 -0.9951601 -0.0646727 0.07398587 -0.9564534 -0.1920353 0.2198166 -0.9951637 -0.06460803 0.07399511 -0.9564422 -0.1920753 0.2198308 -0.1170718 -0.776466 0.619189 -0.1169539 -0.7764636 0.6192142 -0.3448246 -0.7338884 0.5852384 -0.3449034 -0.7338469 0.5852439 -0.554059 -0.6508697 0.5190254 -0.5540247 -0.6508625 0.519071 -0.7329371 -0.5318738 0.4241623 -0.732949 -0.5318593 0.4241598 -0.8717771 -0.3830168 0.3054552 -0.8717741 -0.3830248 0.3054539 -0.9564412 -0.2282299 0.18202 -0.9951658 -0.07677298 0.06124591 -0.9951617 -0.07681679 0.06125789 -0.9564402 -0.2282466 0.1820052 -0.3448792 -0.826573 0.444787 -0.1169778 -0.8745548 0.4706062 -0.1171759 -0.8745253 0.4706117 -0.3447328 -0.8266178 0.4448172 -0.5540135 -0.733096 0.3945117 -0.5540761 -0.7330734 0.3944658 -0.1172618 0.08902227 -0.9891031 -0.7329615 -0.5990435 0.3223575 -0.1170343 0.08902132 -0.9891301 -0.7329735 -0.5990275 0.3223599 -0.8717613 -0.4314374 0.2321509 -0.3448517 0.08414232 -0.9348782 -0.8717521 -0.4314463 0.2321693 -0.3447741 0.08413958 -0.9349072 -0.9951632 -0.08650583 0.046552 -0.9951615 -0.08652406 0.04655224 -0.9564271 -0.2571127 0.1383491 -0.9564592 -0.2570127 0.1383123 -0.5539823 0.07462841 -0.8291769 -0.1170971 -0.9445127 0.3068945 -0.554109 0.07461738 -0.8290933 -0.1171348 -0.9445109 0.3068854 -0.732874 0.06098777 -0.6776255 -0.7330252 0.0609728 -0.6774633 -0.3447496 -0.8927512 0.290074 -0.8717207 0.04392486 -0.4880305 -0.8717728 0.04391306 -0.4879384 -0.3449028 -0.8926983 0.2900552 -0.9951629 0.008804321 -0.09784269 -0.9564445 0.02616536 -0.2907393 -0.5540821 -0.7917187 0.2572443 -0.9951626 0.00880444 -0.0978471 -0.9564642 0.0261591 -0.290675 -0.5540186 -0.7917576 0.2572613 -0.7329392 -0.6469959 0.2102297 -0.117387 0.2642002 -0.9572975 -0.7329676 -0.6469697 0.2102114 -0.1168826 0.2642134 -0.9573556 -0.871762 -0.4659527 0.1513908 -0.8717414 -0.4659859 0.151407 -0.9564501 -0.2776092 0.09020191 -0.3447973 0.2497229 -0.9048499 -0.9951634 -0.09342628 0.03035724 -0.3448857 0.249718 -0.9048175 -0.5540698 0.2214735 -0.8024688 -0.995162 -0.09344041 0.03035861 -0.9564479 -0.277619 0.09019595 -0.117095 -0.9841326 0.1333113 -0.5539054 0.2214902 -0.8025777 -0.1170034 -0.9841432 0.1333135 -0.732873 0.1810094 -0.6558451 -0.3448902 -0.9301478 0.1259998 -0.7330163 0.1809534 -0.6557005 -0.554017 -0.8249711 0.1117496 -0.871809 0.1303128 -0.4721946 -0.3449169 -0.9301381 0.125998 -0.8717414 0.1303552 -0.4723076 -0.9951645 0.02613037 -0.09468346 -0.5540536 -0.8249477 0.1117412 -0.9564518 0.07764047 -0.2813752 -0.9564564 0.07766407 -0.2813531 -0.9951611 0.0261389 -0.09471672 -0.7329264 -0.6741511 0.0913195 -0.7329266 -0.6741504 0.09132373 -0.1170106 0.4309129 -0.8947752 -0.1170364 0.4308896 -0.8947831 -0.8717769 -0.4854696 0.06576001 -0.3448476 0.4072618 -0.8457056 -0.8717741 -0.485474 0.06576341 -0.9564358 -0.2893016 0.03918242 -0.956456 -0.2892343 0.03918558 -0.344999 0.4072394 -0.8456547 -0.9951559 -0.09742051 0.01318633 -0.995166 -0.09731769 0.01318711 -0.5539798 0.361233 -0.7500782 -0.1169947 -0.9921326 -0.04455488 -0.5539723 0.3612144 -0.7500926 -0.1170582 -0.992125 -0.04455858 -0.7329843 0.295136 -0.6128857 -0.7329896 0.2951539 -0.6128708 -0.3449095 -0.9376907 -0.04211282 -0.8717741 0.2125572 -0.4413949 -0.3449232 -0.9376858 -0.04211366 -0.8717749 0.2125635 -0.4413902 -0.9951624 0.0426377 -0.0885095 -0.5540653 -0.831635 -0.03734779 -0.9564458 0.1266418 -0.2630086 -0.9951653 0.04261702 -0.08848643 -0.9564422 0.126676 -0.2630053 -0.5540023 -0.8316769 -0.03735071 -0.7329709 -0.6795751 -0.0305199 -0.7329158 -0.6796343 -0.03052318 -0.117097 0.5837302 -0.8034597 -0.8717514 -0.4894553 -0.02198058 -0.1170713 0.5837686 -0.8034356 -0.8717895 -0.4893874 -0.02197903 -0.3447539 0.551754 -0.7594158 -0.344887 0.5517175 -0.7593818 -0.9564423 -0.2916277 -0.01309692 -0.9951651 -0.09811794 -0.004407227 -0.9951575 -0.09819477 -0.004407465 -0.9564501 -0.2916018 -0.013098 -0.1170501 -0.9682267 -0.2209897 -0.5541207 0.4892842 -0.6734622 -0.5540697 0.4893158 -0.6734812 -0.1170563 -0.9682253 -0.2209926 -0.344918 -0.9150988 -0.2088679 -0.732831 0.3999432 -0.5504583 -0.7329955 0.3998245 -0.5503254 -0.3448343 -0.915129 -0.208874 -0.8717916 0.2879335 -0.3963254 -0.8717691 0.2879796 -0.3963413 -0.9951627 0.05774742 -0.07947635 -0.9564293 0.1716117 -0.2362045 -0.553999 -0.8116457 -0.185247 -0.9951639 0.05772346 -0.07947999 -0.9564566 0.1715634 -0.2361288 -0.5540788 -0.8115926 -0.1852406 -0.7329583 -0.6632192 -0.1513683 -0.1170092 0.7178411 -0.6863039 -0.1170647 0.7178189 -0.6863176 -0.7329333 -0.6632427 -0.1513868 -0.8717949 -0.4775887 -0.1090081 -0.8717758 -0.477621 -0.1090204 -0.3447716 0.678483 -0.6486859 -0.3449835 0.6784177 -0.6486415 -0.9951618 -0.09578621 -0.0218634 -0.9951661 -0.0957424 -0.02186053 -0.9564256 -0.2846579 -0.06496185 -0.956454 -0.284564 -0.06495505 -0.3448501 -0.8631181 -0.3689248 -0.5540628 0.6017203 -0.5752801 -0.1170415 -0.9132098 -0.3903194 -0.5540505 0.6017113 -0.5753015 -0.1170167 -0.9132105 -0.3903252 -0.7329026 0.4917359 -0.4701591 -0.3448956 -0.8631053 -0.3689122 -0.7329041 0.4917391 -0.4701536 -0.5540531 -0.7654914 -0.3271821 -0.8718093 0.3540486 -0.3385236 -0.8717765 0.3541034 -0.3385507 -0.9951646 0.07097882 -0.06789416 -0.9564343 0.2110267 -0.2017455 -0.5540366 -0.7655017 -0.3271859 -0.9564384 0.2110072 -0.2017465 -0.9951631 0.07100623 -0.06788659 -0.7329159 -0.6255756 -0.2673752 -0.7329749 -0.6255095 -0.2673682 -0.1170308 0.8288406 -0.547108 -0.8717926 -0.4504554 -0.19253 -0.1170092 0.8288469 -0.5471029 -0.871742 -0.4505377 -0.1925665 -0.3448526 0.7833732 -0.5171104 -0.9951604 -0.09035897 -0.03861367 -0.3449337 0.7833625 -0.5170728 -0.9564579 -0.2683813 -0.1147171 -0.9951655 -0.09030199 -0.03861635 -0.9564439 -0.2684277 -0.1147246 -0.1170092 -0.8288469 -0.5471029 -0.5540264 0.6947766 -0.4586287 -0.5540598 0.6947713 -0.4585964 -0.1170159 -0.8288405 -0.5471112 -0.3448977 -0.7833645 -0.5170936 -0.7328646 0.5678297 -0.3748052 -0.3449142 -0.7833586 -0.5170913 -0.7329726 0.5677166 -0.3747654 -0.8717774 0.4088624 -0.2698812 -0.8717639 0.408875 -0.2699055 -0.9951625 0.0819925 -0.05411934 -0.5540157 -0.694796 -0.4586122 -0.9951599 0.08201992 -0.05412727 -0.5540766 -0.694746 -0.4586144 -0.9564567 0.2435874 -0.1607978 -0.9564374 0.2436487 -0.1608197 -0.7329532 -0.5677501 -0.3747527 -0.1170471 0.9132081 -0.3903217 -0.7328823 -0.5677969 -0.3748203 -0.1170258 0.9132111 -0.390321 -0.8717579 -0.4088813 -0.2699153 -0.8717833 -0.408853 -0.2698763 -0.3448495 0.8631201 -0.3689211 -0.9951609 -0.0820105 -0.05412101 -0.3449014 0.8631037 -0.3689108 -0.9951614 -0.08200192 -0.05412554 -0.9564504 -0.2436129 -0.1607966 -0.9564491 -0.2436015 -0.1608212 -0.1171405 -0.7178183 -0.6863054 -0.5540319 0.7655048 -0.327187 -0.1169493 -0.7178313 -0.6863244 -0.5540595 0.7654857 -0.3271847 -0.3449016 -0.6784408 -0.6486609 -0.7329528 0.625539 -0.26736 -0.7329348 0.6255508 -0.2673817 -0.3448351 -0.678451 -0.6486856 -0.8717466 0.4505308 -0.1925617 -0.5540187 -0.6017416 -0.5753004 -0.8717836 0.4504703 -0.1925356 -0.9564545 0.2683903 -0.1147238 -0.5541136 -0.6016771 -0.5752763 -0.9951624 0.09033662 -0.03861474 -0.9951636 0.09032434 -0.03861528 -0.9564488 0.2684129 -0.1147183 -0.7329248 -0.4917157 -0.4701457 -0.1170485 0.9682258 -0.2209945 -0.7328745 -0.4917621 -0.4701756 -0.8717923 -0.3540882 -0.338526 -0.1170544 0.9682276 -0.2209836 -0.8717939 -0.3540684 -0.3385425 -0.956435 -0.2110137 -0.2017555 -0.9951625 -0.0710116 -0.06788867 -0.3448379 0.9151289 -0.2088685 -0.9951651 -0.07097345 -0.06789201 -0.9564343 -0.2110267 -0.2017455 -0.3449074 0.9151026 -0.2088693 -0.1171987 -0.5837387 -0.8034387 -0.3447457 -0.5517456 -0.7594255 -0.5540795 0.8115919 -0.1852419 -0.5540105 0.8116373 -0.1852496 -0.1170129 -0.5837473 -0.8034595 -0.5541387 -0.4892771 -0.6734524 -0.7329771 0.6631973 -0.1513737 -0.7329068 0.6632736 -0.1513797 -0.3448991 -0.5517058 -0.7593849 -0.8717753 0.4776214 -0.1090213 -0.8717913 0.4775958 -0.1090068 -0.554056 -0.4893267 -0.6734845 -0.9564381 0.2846162 -0.06496125 -0.995163 0.09577429 -0.02186065 -0.7329364 -0.3998618 -0.5503771 -0.9564458 0.2845913 -0.06495571 -0.7328868 -0.3999062 -0.5504108 -0.9951649 0.09575426 -0.02186322 -0.1170538 0.9921256 -0.04455602 -0.8717683 -0.2879789 -0.3963438 -0.1169989 0.992132 -0.04455739 -0.8717835 -0.2879465 -0.3963338 -0.9564372 -0.1716259 -0.2361619 -0.9564409 -0.1715816 -0.2361792 -0.3449115 0.93769 -0.04211235 -0.3449184 0.9376875 -0.04211372 -0.9951627 -0.05774742 -0.07947629 -0.9951639 -0.05772346 -0.07948005 -0.1168853 -0.4309193 -0.8947885 -0.1171036 -0.4308919 -0.8947731 -0.5540145 0.8316687 -0.03735077 -0.5540654 0.831635 -0.03734862 -0.3449144 -0.4072579 -0.8456804 -0.7329167 0.6796333 -0.0305233 -0.7329631 0.6795836 -0.03051948 -0.3448871 -0.4072573 -0.8456917 -0.8717726 0.4894174 -0.02197909 -0.8717566 0.4894458 -0.02198022 -0.9564374 0.2916436 -0.01309764 -0.5539239 -0.3612403 -0.750116 -0.9951618 0.09815132 -0.004407286 -0.5539829 -0.3612191 -0.7500825 -0.9564524 0.2915945 -0.01309728 -0.7329896 -0.2951539 -0.6128708 -0.9951608 0.09816133 -0.004407405 -0.117001 0.9841437 0.1333118 -0.7330045 -0.2951318 -0.6128635 -0.8717741 -0.2125572 -0.4413949 -0.871764 -0.212569 -0.441409 -0.117098 0.9841319 0.1333134 -0.9564315 -0.1266757 -0.2630443 -0.3448854 0.9301498 0.1259981 -0.9951639 -0.04262351 -0.08849996 -0.9951639 -0.0426312 -0.08849596 -0.9564589 -0.1266289 -0.2629665 -0.3447441 -0.2497266 -0.9048691 -0.3449183 0.9301375 0.1259981 -0.1170111 -0.2642121 -0.9573403 -0.5540588 0.824944 0.1117423 -0.1172021 -0.264205 -0.9573189 -0.5540223 0.8249675 0.1117506 -0.116993 -0.08902293 -0.9891349 -0.1172618 -0.08902227 -0.9891031 -0.3448899 -0.2497166 -0.9048163 -0.5538715 -0.2214945 -0.8026 -0.7329462 0.6741295 0.09132075 -0.732908 0.6741707 0.09132266 -0.344856 -0.08414119 -0.9348769 -0.3447741 -0.08413958 -0.9349072 -0.8717722 0.4854782 0.06575965 -0.8717713 0.4854792 0.06576317 -0.554096 -0.2214681 -0.8024523 -0.9951629 0.09734988 0.01318645 -0.9951592 0.09738826 0.01318705 -0.554135 -0.07461494 -0.829076 -0.9564405 0.2892857 0.03918546 -0.5539823 -0.07462841 -0.8291769 -0.9564492 0.2892574 0.03918242 -0.732991 -0.1809754 -0.6557225 -0.1170879 0.9445162 0.3068872 -0.7328755 -0.1809965 -0.6558459 -0.733009 -0.06097388 -0.6774806 -0.1171576 0.9445055 0.3068933 -0.732874 -0.06098777 -0.6776255 -0.8717905 -0.1303228 -0.4722259 -0.8717414 -0.1303552 -0.4723076 -0.3447551 0.8927496 0.290073 -0.3448798 0.8927086 0.2900508 -0.8717094 -0.04392713 -0.4880505 -0.8717728 -0.04391306 -0.4879384 -0.9951643 -0.02613997 -0.0946834 -0.9951624 -0.008806586 -0.09784787 -0.9951613 -0.0261293 -0.09471672 -0.5540158 0.7917603 0.2572588 -0.9564571 -0.07765454 -0.2813532 -0.9564449 -0.07765483 -0.2813948 -0.5540876 0.7917147 0.2572451 -0.9564608 -0.02616101 -0.2906859 -0.9564445 -0.02616536 -0.2907393 -0.9951626 -0.00880444 -0.0978471 -0.7329798 0.6469536 0.2102184 -0.7329306 0.6470074 0.2102242 -0.8717683 0.4659404 0.1513922 -0.8717373 0.4659948 0.1514039 -0.9564609 0.2775738 0.0901969 -0.9951594 0.09346801 0.03035819 -0.9951659 0.0933988 0.03035759 -0.956443 0.2776343 0.0902006 -0.1171377 0.8745311 0.4706106 -0.1170312 0.8745465 0.4706082 -0.3447393 0.826618 0.4448119 -0.3448687 0.8265739 0.4447935 -0.5540075 0.733097 0.3945181 -0.5540741 0.7330777 0.3944604 -0.7329613 0.5990433 0.3223584 -0.7329709 0.5990279 0.3223651 -0.8717503 0.4314475 0.2321735 -0.8717701 0.4314206 0.2321493 -0.9951599 0.08654397 0.04655182 -0.9951649 0.08648598 0.04655241 -0.9564562 0.2570202 0.1383196 -0.9564379 0.2570751 0.1383442 -0.1169746 0.7764598 0.6192149 -0.117009 0.776471 0.6191945 -0.3448884 0.7338572 0.5852399 -0.3448511 0.7338704 0.5852453 -0.5539822 0.6508973 0.5190728 -0.5540747 0.650846 0.5190384 -0.7329218 0.531885 0.4241746 -0.7329664 0.5318487 0.4241429 -0.8717926 0.3829954 0.3054378 -0.8717594 0.3830427 0.3054733 -0.9951614 0.07682293 0.06125509 -0.9951661 0.07676684 0.06124871 -0.9564355 0.2282438 0.1820329 -0.9564512 0.2282095 0.1819932 -0.1170722 0.6534258 0.747883 -0.1170745 0.6533964 0.7479082 -0.3448667 0.6175788 0.7068688 -0.3447752 0.6175951 0.7068991 -0.5541143 0.5476911 0.6268907 -0.5539853 0.5477451 0.6269576 -0.7329434 0.4475917 0.5123044 -0.7329004 0.4476249 0.5123369 -0.8717843 0.322318 0.3689218 -0.8717691 0.3223423 0.3689365 -0.9564494 0.1920406 0.2198294 -0.9951611 0.06464427 0.07399731 -0.9951626 0.0646364 0.07398366 -0.9564463 0.1920723 0.2198151 -0.1170616 0.5093682 0.8525495 -0.1170108 0.5093813 0.8525487 1 -9.27473e-7 0 1 1.37628e-6 0 1 0 0 1 0 0 1 1.85494e-6 0 1 9.27472e-7 0 1 0 0 1 2.3389e-7 0 1 -1.68803e-7 0 1 -2.9642e-7 0 1 -2.35655e-7 0 1 2.31868e-7 0 1 -3.44074e-7 0 1 0 0 1 0 0 1 0 0 1 3.44074e-7 0 1 -2.31868e-7 0 1 0 0 0.4984831 0.3046068 0.8116214 0.4984971 0.3046041 0.8116139 0.4984804 0.4446332 0.7441899 0.4984895 0.4446296 0.744186 0.4984856 -0.07770776 -0.8634082 0.4984932 -0.077708 -0.8634039 0.4984881 0.5703656 0.6528345 0.4984895 0.5703646 0.6528342 0.498488 -0.2306267 -0.8356561 0.4984889 -0.2306264 -0.8356557 0.4984859 0.6777676 0.5405026 0.4984854 0.6777683 0.5405021 0.498486 0.7633869 0.4107948 0.4984835 -0.3761339 -0.781049 0.4984894 -0.3761324 -0.7810459 0.498492 0.7633825 0.4107958 0.4984858 -0.5095497 -0.7013352 0.4984846 0.8244694 0.2678867 0.4984908 -0.5095477 -0.7013331 0.4984919 0.8244655 0.267885 0.4984907 -0.626588 -0.5990781 0.4984897 0.8590502 0.1163651 0.4984849 0.8590528 0.116367 0.4984897 -0.6265874 -0.5990794 0.4984862 0.8660248 -0.0388928 0.4984864 -0.7234894 -0.4775716 0.4984911 0.866022 -0.03889346 0.4984878 -0.7234887 -0.4775711 0.4984884 0.8451614 -0.1929025 0.4984864 -0.7971363 -0.3407129 0.4984869 0.8451623 -0.1929025 0.4984868 -0.7971366 -0.3407114 0.4984856 0.7971369 -0.3407123 0.4984877 0.7971357 -0.3407123 0.4984877 -0.8451617 -0.1929031 0.4984873 -0.8451623 -0.1929019 0.498489 0.7234884 -0.4775701 0.4984853 0.7234897 -0.4775722 0.4984874 -0.8660241 -0.03889352 0.4984896 -0.8660228 -0.03889274 0.4984929 0.6265867 -0.5990776 0.4984875 0.6265887 -0.5990799 0.4984903 -0.8590496 0.1163665 0.4984838 -0.8590536 0.1163656 0.4984891 0.5095483 -0.7013339 0.4984881 0.5095488 -0.7013343 0.4984843 -0.8244699 0.2678858 0.4984918 -0.8244654 0.2678857 0.4984924 0.3761315 -0.7810446 0.4984835 0.3761339 -0.781049 0.4984917 -0.7633827 0.4107955 0.4984854 -0.7633872 0.4107946 0.4984865 0.2306267 -0.835657 0.4984929 0.2306259 -0.8356533 0.4984852 -0.677768 0.5405027 0.4984921 0.07770764 -0.8634044 0.4984861 -0.6777679 0.540502 0.4984882 0.077708 -0.8634067 0.4984886 -0.5703653 0.6528343 0.4984886 -0.5703645 0.6528351 0.4984847 -0.4446304 0.7441887 0.4984857 -0.444632 0.7441871 0.4984868 -0.3046061 0.8116194 0.498493 -0.3046048 0.8116161 0.4984934 -0.1547898 0.8529622 0.4984883 -0.1547906 0.8529651 0.4984916 0 0.8668946 0.4984883 0 0.8668966 0.4984941 0.1547897 0.8529618 0.4984883 0.1547906 0.852965 -1 -1.29069e-6 0 -1 2.58138e-6 0 -1 -2.70282e-7 0 -1 -4.41336e-7 0 -1 -1.73853e-6 0 -1 2.11929e-7 0 -1 2.58137e-6 0 -1 -3.98219e-7 0 -1 3.23567e-7 0 -1 3.44333e-7 0 -1 1.2907e-6 0 -1 -8.69261e-7 0 -1 -4.41337e-7 0 -1 -2.58138e-6 0 -1 -1.61335e-7 0 -1 0 0 -1 0 0 -1 -2.58138e-6 0 -1 -7.17066e-7 0 -1 1.73853e-6 0 -1 3.18576e-7 0 -1 1.29069e-6 0 -1 6.47134e-7 0 -1 -7.4175e-7 0</float_array>
          <technique_common>
            <accessor source="#Mesh-mesh-normals-array" count="6281" stride="3">
              <param name="X" type="float"/>
              <param name="Y" type="float"/>
              <param name="Z" type="float"/>
            </accessor>
          </technique_common>
        </source>
        <vertices id="Mesh-mesh-vertices">
          <input semantic="POSITION" source="#Mesh-mesh-positions"/>
        </vertices>
        <triangles material="Mesh-material" count="8606">
          <input semantic="VERTEX" source="#Mesh-mesh-vertices" offset="0"/>
          <input semantic="NORMAL" source="#Mesh-mesh-normals" offset="1"/>
          <p>0 0 1 0 2 0 0 1 2 1 3 1 4 2 3 2 5 2 4 3 0 3 3 3 6 4 4 4 5 4 6 5 5 5 7 5 8 6 9 6 10 6 8 7 10 7 11 7 12 8 7 8 13 8 12 9 6 9 7 9 14 10 11 10 15 10 16 11 13 11 17 11 14 12 8 12 11 12 16 13 12 13 13 13 18 14 17 14 19 14 20 15 15 15 21 15 18 16 16 16 17 16 20 17 14 17 15 17 22 18 19 18 23 18 22 19 18 19 19 19 24 20 21 20 25 20 24 21 20 21 21 21 26 22 23 22 27 22 26 23 22 23 23 23 28 24 25 24 29 24 28 25 24 25 25 25 30 26 27 26 31 26 32 27 28 27 29 27 30 28 26 28 27 28 32 29 29 29 33 29 34 30 31 30 35 30 34 31 30 31 31 31 36 32 32 32 33 32 36 33 33 33 37 33 38 34 35 34 39 34 38 35 34 35 35 35 40 36 36 36 37 36 40 37 37 37 41 37 42 38 39 38 43 38 42 39 38 39 39 39 44 40 40 40 41 40 44 41 41 41 45 41 46 42 43 42 47 42 46 43 42 43 43 43 48 44 44 44 45 44 49 45 46 45 47 45 48 46 45 46 50 46 49 47 47 47 51 47 52 48 48 48 50 48 52 49 50 49 53 49 54 50 49 50 51 50 54 51 51 51 55 51 56 52 52 52 53 52 56 53 53 53 57 53 58 54 54 54 55 54 58 55 55 55 59 55 60 56 56 56 57 56 60 57 57 57 61 57 62 58 58 58 59 58 62 59 59 59 63 59 64 60 60 60 61 60 64 61 61 61 65 61 66 62 62 62 63 62 66 63 63 63 67 63 68 64 64 64 65 64 69 65 66 65 67 65 69 66 67 66 10 66 68 67 65 67 70 67 9 68 69 68 10 68 71 69 68 69 70 69 71 70 70 70 72 70 1 71 71 71 72 71 1 72 72 72 2 72 73 73 74 73 75 73 73 74 76 74 74 74 77 75 75 75 78 75 77 76 73 76 75 76 79 77 78 77 80 77 81 78 82 78 83 78 79 79 77 79 78 79 81 80 83 80 84 80 85 81 80 81 86 81 85 82 79 82 80 82 87 83 84 83 88 83 87 84 81 84 84 84 89 85 86 85 90 85 89 86 85 86 86 86 91 87 88 87 92 87 91 88 87 88 88 88 93 89 90 89 94 89 93 90 89 90 90 90 95 91 92 91 96 91 95 92 91 92 92 92 97 93 94 93 98 93 97 94 93 94 94 94 99 95 96 95 100 95 99 95 95 95 96 95 101 96 98 96 102 96 101 97 97 97 98 97 103 98 100 98 104 98 103 99 99 99 100 99 105 100 102 100 106 100 105 101 101 101 102 101 107 102 104 102 108 102 107 103 103 103 104 103 109 104 106 104 110 104 109 105 105 105 106 105 111 106 107 106 108 106 111 107 108 107 112 107 113 108 110 108 114 108 113 109 109 109 110 109 115 110 111 110 112 110 115 111 112 111 116 111 117 112 114 112 118 112 117 113 113 113 114 113 119 114 115 114 116 114 119 115 116 115 120 115 121 116 118 116 122 116 123 117 119 117 120 117 121 118 117 118 118 118 123 119 120 119 124 119 125 120 121 120 122 120 125 121 122 121 126 121 127 122 123 122 124 122 127 123 124 123 128 123 129 124 125 124 126 124 129 125 126 125 130 125 131 126 127 126 128 126 131 127 128 127 132 127 133 128 129 128 130 128 133 129 130 129 134 129 135 130 131 130 132 130 82 131 133 131 134 131 135 132 132 132 136 132 82 133 134 133 83 133 137 134 135 134 136 134 137 135 136 135 138 135 139 136 137 136 138 136 139 137 138 137 140 137 141 138 139 138 140 138 141 139 140 139 142 139 76 140 141 140 142 140 76 140 142 140 74 140 143 141 144 141 145 141 145 142 144 142 146 142 144 143 147 143 146 143 148 144 149 144 150 144 146 145 147 145 151 145 150 146 152 146 153 146 151 147 154 147 155 147 149 148 152 148 150 148 147 149 154 149 151 149 155 150 156 150 157 150 153 151 158 151 159 151 154 152 156 152 155 152 152 153 158 153 153 153 159 154 160 154 161 154 157 155 162 155 163 155 158 156 160 156 159 156 156 157 162 157 157 157 161 158 164 158 165 158 163 159 166 159 167 159 160 160 164 160 161 160 162 161 166 161 163 161 165 162 168 162 169 162 164 163 168 163 165 163 167 164 170 164 171 164 166 165 170 165 167 165 168 166 172 166 169 166 169 167 172 167 173 167 171 168 174 168 175 168 170 169 174 169 171 169 172 170 176 170 173 170 173 171 176 171 177 171 175 172 178 172 179 172 174 173 178 173 175 173 176 174 180 174 177 174 177 175 180 175 181 175 179 176 182 176 183 176 178 177 182 177 179 177 180 178 184 178 181 178 181 179 184 179 185 179 183 180 186 180 187 180 182 181 186 181 183 181 184 182 188 182 185 182 185 183 188 183 189 183 186 184 190 184 187 184 188 185 191 185 189 185 187 186 190 186 192 186 189 187 191 187 193 187 190 188 194 188 192 188 191 189 195 189 193 189 192 190 194 190 196 190 193 191 195 191 197 191 194 192 198 192 196 192 196 193 198 193 199 193 195 194 200 194 197 194 197 195 200 195 201 195 198 196 202 196 199 196 199 197 202 197 203 197 200 198 204 198 201 198 201 199 204 199 205 199 202 200 149 200 203 200 203 201 149 201 148 201 204 202 206 202 205 202 205 203 206 203 207 203 207 204 208 204 209 204 206 205 208 205 207 205 209 206 210 206 211 206 208 207 210 207 209 207 210 208 212 208 211 208 211 209 212 209 213 209 212 210 143 210 213 210 213 211 143 211 145 211 214 212 215 212 216 212 1 212 217 212 218 212 1 212 218 212 219 212 1 212 219 212 220 212 1 212 220 212 71 212 221 212 222 212 223 212 224 212 20 212 24 212 224 212 225 212 20 212 226 212 227 212 228 212 229 212 20 212 225 212 230 212 224 212 24 212 231 212 232 212 233 212 234 212 20 212 229 212 235 212 232 212 231 212 235 212 236 212 232 212 237 212 223 212 238 212 239 212 230 212 24 212 237 212 221 212 223 212 240 212 238 212 227 212 240 212 227 212 226 212 240 212 237 212 238 212 241 212 20 212 234 212 242 212 243 212 244 212 245 212 246 212 247 212 242 212 244 212 248 212 249 212 246 212 245 212 242 212 226 212 228 212 249 212 66 212 246 212 242 212 250 212 243 212 251 212 239 212 24 212 242 212 228 212 250 212 252 212 245 212 247 212 253 212 254 212 222 212 252 212 247 212 255 212 256 212 14 212 20 212 253 212 222 212 221 212 256 212 20 212 241 212 257 212 66 212 249 212 258 212 231 212 233 212 258 212 233 212 259 212 260 212 252 212 255 212 260 212 255 212 261 212 262 212 236 212 235 212 263 212 62 212 66 212 263 212 66 212 257 212 262 212 264 212 236 212 265 212 14 212 256 212 266 212 237 212 240 212 267 212 268 212 269 212 270 212 14 212 265 212 271 212 268 212 267 212 271 212 272 212 268 212 273 212 266 212 240 212 274 212 267 212 269 212 274 212 269 212 275 212 276 212 242 212 248 212 277 212 260 212 261 212 278 212 24 212 28 212 279 212 272 212 271 212 280 212 281 212 254 212 282 212 278 212 28 212 279 212 283 212 272 212 284 212 251 212 24 212 284 212 24 212 278 212 285 212 62 212 263 212 280 212 254 212 253 212 284 212 286 212 251 212 287 212 274 212 275 212 288 212 258 212 259 212 287 212 275 212 289 212 288 212 259 212 290 212 291 212 282 212 28 212 292 212 277 212 261 212 293 212 294 212 264 212 293 212 264 212 262 212 292 212 261 212 295 212 296 212 283 212 279 212 297 212 298 212 299 212 300 212 286 212 284 212 296 212 301 212 283 212 300 212 302 212 286 212 303 212 266 212 273 212 304 212 62 212 285 212 305 212 292 212 295 212 306 212 28 212 32 212 305 212 295 212 307 212 308 212 298 212 297 212 306 212 291 212 28 212 309 212 299 212 310 212 311 212 62 212 304 212 309 212 297 212 299 212 312 212 287 212 289 212 313 212 303 212 273 212 312 212 289 212 314 212 315 212 316 212 298 212 315 212 298 212 308 212 317 212 318 212 301 212 317 212 301 212 296 212 319 212 302 212 300 212 320 212 276 212 248 212 320 212 248 212 294 212 321 212 305 212 307 212 319 212 322 212 302 212 323 212 309 212 310 212 324 212 306 212 32 212 325 212 326 212 281 212 327 212 62 212 311 212 325 212 281 212 280 212 328 212 314 212 329 212 330 212 290 212 331 212 328 212 329 212 56 212 328 212 312 212 314 212 332 212 321 212 307 212 332 212 307 212 333 212 330 212 288 212 290 212 334 212 335 212 316 212 334 212 316 212 315 212 336 212 310 212 326 212 336 212 326 212 325 212 337 212 318 212 317 212 336 212 323 212 310 212 337 212 338 212 318 212 339 212 322 212 319 212 339 212 340 212 341 212 342 212 294 212 293 212 339 212 341 212 322 212 342 212 320 212 294 212 343 212 303 212 313 212 344 212 62 212 327 212 42 212 46 212 345 212 42 212 345 212 346 212 42 212 346 212 347 212 348 212 340 212 339 212 348 212 349 212 340 212 350 212 343 212 313 212 351 212 347 212 335 212 352 212 328 212 56 212 351 212 335 212 334 212 353 212 336 212 325 212 354 212 349 212 348 212 354 212 355 212 356 212 354 212 356 212 349 212 357 212 353 212 325 212 358 212 359 212 338 212 360 212 331 212 361 212 358 212 362 212 363 212 358 212 338 212 337 212 360 212 330 212 331 212 358 212 363 212 359 212 358 212 364 212 362 212 365 212 347 212 351 212 366 212 367 212 324 212 365 212 42 212 347 212 366 212 324 212 32 212 368 212 353 212 357 212 369 212 343 212 350 212 370 212 270 212 371 212 370 212 371 212 372 212 373 212 369 212 350 212 374 212 14 212 270 212 374 212 270 212 370 212 375 212 376 212 36 212 377 212 42 212 365 212 378 212 379 212 367 212 378 212 367 212 366 212 380 212 366 212 32 212 381 212 32 212 36 212 381 212 36 212 376 212 382 212 368 212 357 212 382 212 383 212 368 212 384 212 385 212 364 212 384 212 364 212 358 212 386 212 370 212 372 212 60 212 352 212 56 212 60 212 387 212 352 212 388 212 361 212 389 212 386 212 372 212 390 212 388 212 360 212 361 212 391 212 14 212 374 212 243 212 250 212 385 212 243 212 385 212 384 212 392 212 36 212 40 212 392 212 375 212 36 212 393 212 394 212 379 212 393 212 379 212 378 212 395 212 369 212 373 212 396 212 32 212 381 212 397 212 395 212 373 212 396 212 380 212 32 212 58 212 344 212 398 212 58 212 398 212 399 212 400 212 396 212 381 212 58 212 399 212 401 212 58 212 62 212 344 212 402 212 355 212 354 212 403 212 390 212 404 212 403 212 404 212 405 212 403 212 386 212 390 212 406 212 383 212 382 212 407 212 8 212 14 212 406 212 408 212 409 212 406 212 409 212 383 212 410 212 388 212 389 212 410 212 389 212 411 212 407 212 14 212 391 212 412 212 413 212 414 212 415 212 392 212 40 212 416 212 417 212 394 212 416 212 394 212 393 212 418 212 419 212 420 212 421 212 396 212 400 212 422 212 421 212 400 212 423 212 395 212 397 212 424 212 413 212 412 212 424 212 425 212 413 212 426 212 403 212 405 212 427 212 428 212 419 212 427 212 419 212 418 212 426 212 405 212 429 212 430 212 431 212 432 212 433 212 412 212 414 212 433 212 414 212 434 212 435 212 430 212 432 212 436 212 8 212 407 212 435 212 432 212 320 212 437 212 333 212 438 212 439 212 423 212 397 212 437 212 420 212 332 212 437 212 332 212 333 212 440 212 415 212 40 212 437 212 418 212 420 212 441 212 417 212 416 212 441 212 442 212 417 212 443 212 421 212 422 212 444 212 425 212 424 212 445 212 446 212 431 212 444 212 447 212 425 212 445 212 431 212 430 212 448 212 428 212 427 212 449 212 320 212 342 212 450 212 443 212 422 212 449 212 435 212 320 212 448 212 451 212 452 212 448 212 452 212 428 212 449 212 342 212 453 212 454 212 426 212 429 212 454 212 429 212 455 212 456 212 433 212 434 212 456 212 434 212 387 212 457 212 438 212 458 212 459 212 460 212 408 212 459 212 408 212 406 212 457 212 437 212 438 212 461 212 410 212 411 212 462 212 447 212 444 212 463 212 442 212 441 212 463 212 464 212 442 212 462 212 465 212 447 212 466 212 443 212 450 212 467 212 468 212 451 212 469 212 470 212 446 212 469 212 446 212 445 212 467 212 451 212 448 212 471 212 472 212 8 212 473 212 456 212 387 212 473 212 387 212 60 212 474 212 457 212 458 212 475 212 466 212 450 212 476 212 9 212 8 212 474 212 458 212 477 212 478 212 449 212 453 212 476 212 8 212 472 212 478 212 453 212 479 212 480 212 471 212 8 212 480 212 8 212 436 212 481 212 465 212 462 212 481 212 482 212 465 212 483 212 468 212 467 212 484 212 423 212 439 212 483 212 401 212 485 212 483 212 485 212 468 212 486 212 484 212 439 212 487 212 402 212 488 212 489 212 473 212 60 212 487 212 355 212 402 212 487 212 454 212 455 212 490 212 474 212 477 212 487 212 455 212 355 212 490 212 477 212 214 212 491 212 470 212 469 212 492 212 40 212 44 212 491 212 493 212 470 212 494 212 482 212 481 212 495 212 460 212 459 212 494 212 496 212 482 212 497 212 401 212 483 212 495 212 498 212 499 212 495 212 499 212 460 212 500 212 40 212 492 212 501 212 478 212 479 212 497 212 58 212 401 212 501 212 479 212 502 212 503 212 9 212 476 212 504 212 489 212 60 212 505 212 492 212 44 212 506 212 214 212 216 212 506 212 490 212 214 212 507 212 484 212 486 212 508 212 436 212 509 212 510 212 511 212 496 212 510 212 496 212 494 212 508 212 480 212 436 212 512 212 507 212 486 212 513 212 440 212 40 212 514 212 58 212 497 212 0 212 515 212 516 212 0 212 516 212 217 212 513 212 40 212 500 212 0 212 517 212 518 212 0 212 518 212 515 212 513 212 519 212 440 212 0 212 217 212 1 212 520 212 511 212 510 212 521 212 505 212 44 212 520 212 522 212 511 212 523 212 524 212 464 212 525 212 526 212 493 212 523 212 464 212 463 212 525 212 493 212 491 212 527 212 498 212 495 212 528 212 9 212 503 212 529 212 502 212 530 212 529 212 501 212 502 212 64 212 531 212 532 212 64 212 532 212 504 212 64 212 504 212 60 212 533 212 519 212 513 212 534 212 522 212 520 212 535 212 521 212 44 212 536 212 507 212 512 212 537 212 466 212 475 212 538 212 536 212 512 212 539 212 531 212 64 212 540 212 509 212 541 212 540 212 508 212 509 212 542 212 537 212 475 212 543 212 9 212 528 212 544 212 526 212 525 212 544 212 545 212 526 212 546 212 519 212 533 212 54 212 547 212 548 212 54 212 58 212 514 212 546 212 549 212 519 212 54 212 514 212 550 212 54 212 550 212 547 212 551 212 488 212 552 212 553 212 529 212 530 212 551 212 487 212 488 212 554 212 44 212 48 212 555 212 536 212 538 212 554 212 535 212 44 212 556 212 555 212 538 212 557 212 540 212 541 212 558 212 559 212 560 212 557 212 541 212 561 212 562 212 559 212 558 212 562 212 563 212 559 212 564 212 549 212 546 212 564 212 565 212 549 212 566 212 567 212 524 212 566 212 524 212 523 212 568 212 558 212 560 212 38 212 377 212 569 212 38 212 569 212 570 212 38 212 570 212 571 212 38 212 571 212 572 212 573 212 9 212 543 212 38 212 572 212 574 212 38 212 42 212 377 212 575 212 555 212 556 212 576 212 554 212 48 212 568 212 560 212 577 212 578 212 537 212 542 212 579 212 563 212 562 212 579 212 580 212 563 212 581 212 557 212 561 212 582 212 578 212 542 212 583 212 565 212 564 212 69 212 9 212 573 212 584 212 552 212 585 212 584 212 551 212 552 212 586 212 576 212 48 212 587 212 568 212 577 212 588 212 69 212 573 212 587 212 577 212 589 212 590 212 580 212 579 212 591 212 592 212 545 212 590 212 593 212 580 212 591 212 545 212 544 212 594 212 581 212 561 212 594 212 561 212 595 212 596 212 587 212 589 212 596 212 506 212 216 212 597 212 565 212 583 212 596 212 589 212 506 212 598 212 592 212 591 212 599 212 593 212 590 212 597 212 600 212 565 212 601 212 602 212 567 212 599 212 603 212 593 212 598 212 604 212 592 212 601 212 567 212 566 212 605 212 586 212 48 212 606 212 216 212 607 212 606 212 596 212 216 212 608 212 578 212 582 212 609 212 69 212 588 212 610 212 604 212 598 212 610 212 611 212 604 212 612 212 603 212 599 212 613 212 608 212 582 212 612 212 614 212 603 212 228 212 606 212 607 212 228 212 607 212 250 212 615 212 600 212 597 212 616 212 530 212 617 212 618 212 585 212 619 212 620 212 621 212 614 212 620 212 614 212 612 212 618 212 584 212 585 212 622 212 616 212 617 212 622 212 617 212 623 212 624 212 605 212 48 212 625 212 626 212 553 212 625 212 530 212 616 212 625 212 553 212 530 212 627 212 628 212 621 212 629 212 69 212 609 212 630 212 622 212 623 212 630 212 623 212 631 212 627 212 621 212 620 212 632 212 600 212 615 212 633 212 634 212 602 212 635 212 636 212 637 212 638 212 611 212 610 212 633 212 602 212 601 212 639 212 636 212 635 212 640 212 626 212 625 212 639 212 641 212 636 212 642 212 632 212 615 212 643 212 635 212 637 212 644 212 630 212 631 212 645 212 641 212 639 212 646 212 647 212 626 212 648 212 608 212 613 212 649 212 637 212 539 212 649 212 643 212 637 212 646 212 626 212 640 212 649 212 539 212 64 212 650 212 644 212 631 212 651 212 648 212 613 212 650 212 631 212 652 212 653 212 654 212 641 212 653 212 641 212 645 212 655 212 618 212 619 212 656 212 649 212 64 212 657 212 647 212 646 212 657 212 658 212 647 212 659 212 660 212 654 212 659 212 654 212 653 212 661 212 650 212 652 212 661 212 652 212 662 212 663 212 632 212 642 212 4 212 461 212 411 212 663 212 642 212 664 212 4 212 517 212 0 212 4 212 411 212 517 212 4 212 665 212 666 212 667 212 668 212 660 212 4 212 666 212 461 212 669 212 619 212 634 212 667 212 660 212 659 212 68 212 670 212 656 212 669 212 634 212 633 212 68 212 656 212 64 212 669 212 655 212 619 212 671 212 670 212 68 212 672 212 658 212 657 212 673 212 648 212 651 212 674 212 668 212 667 212 675 212 671 212 68 212 676 212 661 212 662 212 677 212 678 212 658 212 677 212 658 212 672 212 679 212 676 212 662 212 680 212 673 212 651 212 679 212 662 212 681 212 682 212 675 212 68 212 683 212 678 212 677 212 683 212 684 212 678 212 34 212 498 212 527 212 34 212 38 212 574 212 34 212 527 212 685 212 686 212 682 212 68 212 34 212 574 212 687 212 34 212 687 212 688 212 34 212 688 212 689 212 34 212 689 212 498 212 690 212 684 212 683 212 690 212 691 212 684 212 692 212 595 212 693 212 49 212 548 212 628 212 49 212 627 212 694 212 49 212 694 212 695 212 49 212 54 212 548 212 49 212 628 212 627 212 696 212 691 212 690 212 697 212 692 212 693 212 697 212 693 212 698 212 699 212 673 212 680 212 700 212 594 212 595 212 700 212 701 212 594 212 700 212 595 212 692 212 702 212 699 212 680 212 703 212 698 212 704 212 703 212 697 212 698 212 6 212 665 212 4 212 6 212 681 212 705 212 6 212 705 212 706 212 6 212 706 212 665 212 30 212 685 212 707 212 30 212 707 212 708 212 30 212 708 212 709 212 30 212 34 212 685 212 710 212 711 212 712 212 12 212 713 212 714 212 12 212 679 212 681 212 12 212 714 212 715 212 12 212 715 212 716 212 12 212 716 212 717 212 12 212 717 212 679 212 362 212 699 212 702 212 12 212 681 212 6 212 363 212 362 212 702 212 26 212 575 212 556 212 718 212 719 212 668 212 26 212 709 212 575 212 26 212 30 212 709 212 26 212 556 212 720 212 16 212 713 212 12 212 721 212 722 212 719 212 16 212 723 212 724 212 721 212 719 212 718 212 16 212 724 212 725 212 16 212 725 212 726 212 16 212 726 212 713 212 22 212 26 212 720 212 727 212 728 212 701 212 729 212 712 212 730 212 22 212 611 212 638 212 22 212 720 212 611 212 729 212 710 212 712 212 22 212 638 212 731 212 22 212 731 212 732 212 727 212 701 212 700 212 733 212 734 212 711 212 18 212 691 212 696 212 733 212 711 212 710 212 18 212 723 212 16 212 18 212 22 212 732 212 735 212 703 212 704 212 18 212 732 212 736 212 737 212 668 212 674 212 18 212 736 212 738 212 735 212 704 212 739 212 737 212 718 212 668 212 18 212 738 212 691 212 18 212 696 212 723 212 740 212 741 212 728 212 740 212 728 212 727 212 740 212 742 212 741 212 743 212 744 212 722 212 745 212 739 212 746 212 745 212 735 212 739 212 743 212 722 212 721 212 747 212 729 212 730 212 747 212 730 212 748 212 749 212 750 212 742 212 749 212 742 212 740 212 751 212 752 212 734 212 753 212 745 212 746 212 751 212 734 212 733 212 753 212 746 212 754 212 755 212 674 212 756 212 755 212 756 212 757 212 755 212 737 212 674 212 758 212 534 212 744 212 758 212 744 212 743 212 759 212 760 212 750 212 759 212 750 212 749 212 761 212 748 212 762 212 763 212 754 212 764 212 761 212 747 212 748 212 765 212 766 212 752 212 763 212 753 212 754 212 765 212 752 212 751 212 767 212 757 212 768 212 767 212 755 212 757 212 769 212 764 212 770 212 769 212 763 212 764 212 771 212 762 212 772 212 771 212 761 212 762 212 773 212 774 212 775 212 773 212 775 212 776 212 777 212 695 212 766 212 777 212 766 212 765 212 778 212 768 212 779 212 778 212 779 212 780 212 778 212 767 212 768 212 781 212 782 212 783 212 781 212 783 212 760 212 784 212 782 212 781 212 784 212 785 212 782 212 786 212 772 212 238 212 787 212 776 212 788 212 786 212 771 212 772 212 787 212 773 212 776 212 789 212 695 212 777 212 790 212 774 212 773 212 790 212 791 212 774 212 789 212 49 212 695 212 792 212 780 212 793 212 792 212 778 212 780 212 794 212 781 212 760 212 794 212 759 212 795 212 794 212 760 212 759 212 796 212 785 212 784 212 223 212 786 212 238 212 796 212 797 212 785 212 798 212 788 212 799 212 800 212 793 212 801 212 798 212 787 212 788 212 800 212 792 212 793 212 802 212 791 212 790 212 802 212 664 212 803 212 802 212 803 212 791 212 804 212 805 212 806 212 807 212 795 212 808 212 809 212 806 212 810 212 807 212 794 212 795 212 811 212 797 212 796 212 809 212 804 212 806 212 811 212 69 212 629 212 811 212 629 212 797 212 71 212 812 212 813 212 814 212 669 212 815 212 71 212 686 212 68 212 71 212 813 212 816 212 71 212 816 212 817 212 71 212 817 212 686 212 814 212 770 212 655 212 818 212 522 212 534 212 814 212 769 212 770 212 818 212 758 212 805 212 814 212 655 212 669 212 819 212 798 212 799 212 818 212 534 212 758 212 819 212 799 212 624 212 819 212 624 212 48 212 820 212 663 212 664 212 818 212 805 212 804 212 820 212 664 212 802 212 821 212 810 212 822 212 821 212 809 212 810 212 823 212 807 212 808 212 220 212 801 212 812 212 220 212 812 212 71 212 220 212 800 212 801 212 824 212 522 212 818 212 825 212 823 212 808 212 826 212 69 212 811 212 826 212 66 212 69 212 824 212 243 212 827 212 824 212 827 212 522 212 828 212 819 212 48 212 828 212 48 212 52 212 829 212 821 212 822 212 830 212 815 212 385 212 831 212 829 212 822 212 830 212 814 212 815 212 832 212 663 212 820 212 832 212 833 212 663 212 834 212 823 212 825 212 244 212 243 212 824 212 835 212 834 212 825 212 836 212 66 212 826 212 837 212 828 212 52 212 838 212 829 212 831 212 839 212 838 212 831 212 250 212 830 212 385 212 840 212 833 212 832 212 46 212 789 212 841 212 46 212 841 212 842 212 840 212 843 212 833 212 46 212 842 212 345 212 46 212 49 212 789 212 844 212 834 212 835 212 845 212 844 212 835 212 846 212 838 212 839 212 246 212 66 212 836 212 847 212 846 212 839 212 848 212 837 212 52 212 849 212 843 212 840 212 849 212 850 212 843 212 851 212 845 212 852 212 851 212 844 212 845 212 853 212 847 212 854 212 853 212 846 212 847 212 359 212 850 212 849 212 359 212 363 212 850 212 855 212 852 212 856 212 855 212 851 212 852 212 56 212 329 212 857 212 56 212 848 212 52 212 56 212 857 212 848 212 858 212 856 212 859 212 860 212 854 212 861 212 860 212 853 212 854 212 858 212 855 212 856 212 862 212 861 212 863 212 862 212 860 212 861 212 215 212 859 212 216 212 215 212 858 212 859 212 518 212 863 212 515 212 518 212 862 212 863 212 864 213 865 213 866 213 867 214 868 214 869 214 869 215 868 215 870 215 871 216 872 216 873 216 874 217 868 217 875 217 870 218 868 218 874 218 875 219 868 219 866 219 876 220 872 220 871 220 877 221 878 221 876 221 879 222 878 222 877 222 880 223 878 223 879 223 876 224 878 224 872 224 872 225 878 225 880 225 879 226 881 226 880 226 882 227 881 227 883 227 883 228 881 228 879 228 880 229 881 229 882 229 865 230 884 230 880 230 885 231 884 231 865 231 880 232 884 232 872 232 886 233 884 233 885 233 887 234 884 234 886 234 888 235 889 235 890 235 872 236 884 236 873 236 890 237 889 237 867 237 873 238 884 238 887 238 867 239 889 239 868 239 868 240 889 240 866 240 866 241 889 241 864 241 891 242 892 242 893 242 893 243 892 243 888 243 888 244 892 244 889 244 889 245 892 245 864 245 864 246 892 246 885 246 894 247 895 247 896 247 896 248 895 248 891 248 892 249 895 249 885 249 885 250 895 250 886 250 891 251 895 251 892 251 897 252 898 252 899 252 899 253 898 253 894 253 894 254 898 254 895 254 886 255 898 255 887 255 895 256 898 256 886 256 900 257 901 257 902 257 902 258 901 258 897 258 897 259 901 259 898 259 887 260 901 260 873 260 898 261 901 261 887 261 901 262 903 262 873 262 873 263 903 263 871 263 904 264 903 264 905 264 905 265 903 265 900 265 900 266 903 266 901 266 906 267 907 267 908 267 903 268 907 268 871 268 908 269 907 269 904 269 871 270 907 270 876 270 904 271 907 271 903 271 909 272 910 272 911 272 911 273 910 273 912 273 912 274 910 274 882 274 913 275 914 275 915 275 915 276 914 276 906 276 876 277 914 277 877 277 907 278 914 278 876 278 906 279 914 279 907 279 882 280 883 280 916 280 916 281 883 281 917 281 917 282 883 282 913 282 877 283 883 283 879 283 914 284 883 284 877 284 913 285 883 285 914 285 882 286 918 286 880 286 910 287 918 287 882 287 919 288 918 288 910 288 880 289 918 289 919 289 870 290 874 290 920 290 920 291 874 291 909 291 875 292 921 292 919 292 919 293 874 293 875 293 910 294 874 294 919 294 919 295 921 295 880 295 909 296 874 296 910 296 866 297 921 297 875 297 866 298 922 298 921 298 921 299 922 299 880 299 922 300 865 300 880 300 866 301 865 301 922 301 885 302 865 302 864 302 888 303 890 303 609 303 609 304 890 304 629 304 890 305 867 305 629 305 629 306 867 306 797 306 882 307 916 307 741 307 741 307 916 307 728 307 867 308 869 308 797 308 797 308 869 308 785 308 728 309 917 309 701 309 869 310 870 310 785 310 916 311 917 311 728 311 785 312 870 312 782 312 701 313 913 313 594 313 870 314 920 314 782 314 782 315 920 315 783 315 917 316 913 316 701 316 594 317 915 317 581 317 920 318 909 318 783 318 783 318 909 318 760 318 913 317 915 317 594 317 581 319 906 319 557 319 760 320 911 320 750 320 915 321 906 321 581 321 909 322 911 322 760 322 750 323 912 323 742 323 557 324 908 324 540 324 911 325 912 325 750 325 742 326 882 326 741 326 906 327 908 327 557 327 912 328 882 328 742 328 540 329 904 329 508 329 908 329 904 329 540 329 508 330 905 330 480 330 904 331 905 331 508 331 480 332 900 332 471 332 905 333 900 333 480 333 471 334 902 334 472 334 900 334 902 334 471 334 472 335 897 335 476 335 902 336 897 336 472 336 897 337 899 337 476 337 476 338 899 338 503 338 899 339 894 339 503 339 503 340 894 340 528 340 894 341 896 341 528 341 528 341 896 341 543 341 896 342 891 342 543 342 543 343 891 343 573 343 891 344 893 344 573 344 573 345 893 345 588 345 893 346 888 346 588 346 588 346 888 346 609 346 923 308 924 308 925 308 926 347 924 347 923 347 925 348 927 348 928 348 924 308 927 308 925 308 929 349 930 349 931 349 928 350 932 350 933 350 927 351 932 351 928 351 931 352 934 352 935 352 930 353 934 353 931 353 933 354 936 354 937 354 932 355 936 355 933 355 935 356 938 356 939 356 934 357 938 357 935 357 937 358 940 358 941 358 936 359 940 359 937 359 939 360 942 360 943 360 938 361 942 361 939 361 941 362 944 362 945 362 940 363 944 363 941 363 943 364 946 364 947 364 945 365 948 365 929 365 944 366 948 366 945 366 942 360 946 360 943 360 948 367 930 367 929 367 947 368 949 368 950 368 946 369 949 369 947 369 949 370 951 370 950 370 950 329 952 329 953 329 951 329 952 329 950 329 953 371 954 371 955 371 952 372 954 372 953 372 955 373 956 373 957 373 957 374 956 374 958 374 954 375 956 375 955 375 958 376 959 376 960 376 956 377 959 377 958 377 959 378 961 378 960 378 960 379 961 379 962 379 961 380 963 380 962 380 962 381 963 381 964 381 963 382 965 382 964 382 964 383 965 383 966 383 965 384 967 384 966 384 966 385 967 385 968 385 967 386 969 386 968 386 968 387 969 387 970 387 969 388 971 388 970 388 970 389 971 389 972 389 971 390 973 390 972 390 972 391 973 391 974 391 974 392 926 392 923 392 973 393 926 393 974 393 960 212 962 212 975 212 976 394 977 394 928 394 962 395 978 395 975 395 979 396 939 396 980 396 939 397 943 397 980 397 981 212 935 212 982 212 982 212 935 212 979 212 977 212 983 212 928 212 979 212 935 212 939 212 925 398 983 398 923 398 928 399 983 399 925 399 980 400 947 400 984 400 943 401 947 401 980 401 981 402 931 402 935 402 984 403 950 403 985 403 962 404 986 404 978 404 947 212 950 212 984 212 964 212 986 212 962 212 987 212 929 212 981 212 988 212 929 212 987 212 981 405 929 405 931 405 983 212 989 212 923 212 985 212 953 212 990 212 964 406 991 406 986 406 966 407 991 407 964 407 950 397 953 397 985 397 989 212 992 212 923 212 923 212 992 212 974 212 988 408 945 408 929 408 966 409 993 409 991 409 968 212 993 212 966 212 990 212 955 212 994 212 974 212 995 212 972 212 953 212 955 212 990 212 992 212 995 212 974 212 996 212 941 212 988 212 970 410 997 410 968 410 972 212 997 212 970 212 968 212 997 212 993 212 995 212 997 212 972 212 988 411 941 411 945 411 994 412 957 412 998 412 955 413 957 413 994 413 999 212 937 212 996 212 996 212 937 212 941 212 957 212 1000 212 998 212 958 212 1000 212 957 212 999 414 976 414 937 414 937 415 976 415 933 415 976 416 928 416 933 416 958 212 975 212 1000 212 960 212 975 212 958 212 995 417 992 417 459 417 459 417 992 417 495 417 992 418 989 418 495 418 495 419 989 419 527 419 987 420 981 420 536 420 989 308 983 308 527 308 536 420 981 420 507 420 527 308 983 308 685 308 507 421 982 421 484 421 983 422 977 422 685 422 685 423 977 423 707 423 981 424 982 424 507 424 707 425 977 425 708 425 484 426 979 426 423 426 977 425 976 425 708 425 982 427 979 427 484 427 976 428 999 428 708 428 708 428 999 428 709 428 423 429 980 429 395 429 979 429 980 429 423 429 709 430 996 430 575 430 575 431 996 431 555 431 395 432 984 432 369 432 999 433 996 433 709 433 980 434 984 434 395 434 996 435 988 435 555 435 555 436 987 436 536 436 369 437 985 437 343 437 988 438 987 438 555 438 984 439 985 439 369 439 343 329 990 329 303 329 985 329 990 329 343 329 303 440 994 440 266 440 990 441 994 441 303 441 266 442 998 442 237 442 994 443 998 443 266 443 237 444 1000 444 221 444 998 444 1000 444 237 444 221 445 975 445 253 445 1000 446 975 446 221 446 975 447 978 447 253 447 253 448 978 448 280 448 978 449 986 449 280 449 280 449 986 449 325 449 986 450 991 450 325 450 325 451 991 451 357 451 991 452 993 452 357 452 357 453 993 453 382 453 382 454 993 454 406 454 993 455 997 455 406 455 997 456 995 456 406 456 406 456 995 456 459 456 1001 457 1002 457 1003 457 1003 458 1002 458 1004 458 1005 459 1006 459 1007 459 1004 460 1008 460 1009 460 1002 461 1008 461 1004 461 1007 462 1010 462 1011 462 1006 463 1010 463 1007 463 1009 464 1012 464 1013 464 1008 465 1012 465 1009 465 1011 466 1014 466 1015 466 1010 467 1014 467 1011 467 1013 468 1016 468 1017 468 1012 469 1016 469 1013 469 1015 470 1018 470 1019 470 1014 471 1018 471 1015 471 1017 472 1020 472 1021 472 1016 473 1020 473 1017 473 1021 474 1022 474 1005 474 1020 475 1022 475 1021 475 1019 476 1023 476 1024 476 1018 477 1023 477 1019 477 1022 478 1006 478 1005 478 1024 479 1025 479 1026 479 1023 480 1025 480 1024 480 1026 481 1027 481 1028 481 1025 482 1027 482 1026 482 1028 483 1029 483 1030 483 1027 484 1029 484 1028 484 1030 485 1031 485 1032 485 1029 486 1031 486 1030 486 1032 487 1033 487 1034 487 1031 488 1033 488 1032 488 1034 489 1035 489 1036 489 1033 490 1035 490 1034 490 1035 491 1037 491 1036 491 1036 492 1037 492 1038 492 1037 493 1039 493 1038 493 1038 494 1039 494 1040 494 1039 495 1041 495 1040 495 1040 496 1041 496 1042 496 1041 497 1043 497 1042 497 1042 498 1043 498 1044 498 1043 499 1045 499 1044 499 1044 500 1045 500 1046 500 1045 501 1047 501 1046 501 1046 502 1047 502 1048 502 1047 503 1049 503 1048 503 1048 504 1049 504 1050 504 1049 505 1051 505 1050 505 1050 506 1051 506 1052 506 1051 507 1001 507 1052 507 1052 508 1001 508 1003 508 1053 509 1054 509 1017 509 1017 510 1054 510 1013 510 1040 212 1055 212 1056 212 1042 401 1055 401 1040 401 1054 511 1057 511 1013 511 1058 512 1024 512 1059 512 1013 513 1057 513 1009 513 1042 514 1060 514 1055 514 1044 515 1060 515 1042 515 1024 516 1026 516 1059 516 1061 517 1019 517 1058 517 1058 518 1019 518 1024 518 1057 212 1062 212 1009 212 1059 519 1028 519 1063 519 1004 212 1062 212 1003 212 1063 519 1028 519 1064 519 1009 520 1062 520 1004 520 1044 521 1065 521 1060 521 1046 522 1065 522 1044 522 1026 523 1028 523 1059 523 1066 212 1015 212 1061 212 1061 524 1015 524 1019 524 1003 525 1067 525 1052 525 1062 526 1067 526 1003 526 1028 527 1030 527 1064 527 1048 212 1068 212 1046 212 1046 528 1068 528 1065 528 1067 212 1069 212 1052 212 1052 529 1069 529 1050 529 1070 212 1011 212 1066 212 1050 530 1071 530 1048 530 1048 531 1071 531 1068 531 1066 532 1011 532 1015 532 1069 212 1071 212 1050 212 1064 533 1032 533 1072 533 1030 212 1032 212 1064 212 1073 212 1007 212 1070 212 1070 534 1007 534 1011 534 1072 519 1034 519 1074 519 1032 535 1034 535 1072 535 1073 212 1075 212 1007 212 1034 536 1076 536 1074 536 1075 537 1005 537 1007 537 1034 538 1036 538 1076 538 1075 212 1021 212 1005 212 1077 212 1021 212 1075 212 1036 539 1038 539 1076 539 1038 212 1078 212 1076 212 1038 212 1040 212 1078 212 1077 212 1053 212 1021 212 1021 212 1053 212 1017 212 1040 414 1056 414 1078 414 1068 540 1071 540 789 540 789 541 1071 541 841 541 1071 542 1069 542 841 542 841 543 1069 543 842 543 1075 544 1073 544 299 544 1069 545 1067 545 842 545 299 546 1073 546 310 546 842 547 1067 547 345 547 310 548 1070 548 326 548 1067 549 1062 549 345 549 345 549 1062 549 346 549 1073 550 1070 550 310 550 346 551 1062 551 347 551 326 552 1066 552 281 552 1062 553 1057 553 347 553 1070 554 1066 554 326 554 1057 555 1054 555 347 555 347 555 1054 555 335 555 281 556 1061 556 254 556 1066 557 1061 557 281 557 335 558 1053 558 316 558 316 559 1053 559 298 559 254 560 1058 560 222 560 1054 558 1053 558 335 558 1061 561 1058 561 254 561 1053 562 1077 562 298 562 298 563 1075 563 299 563 222 564 1059 564 223 564 1077 565 1075 565 298 565 1058 566 1059 566 222 566 223 567 1063 567 786 567 1059 567 1063 567 223 567 786 568 1064 568 771 568 1063 568 1064 568 786 568 771 569 1072 569 761 569 1064 569 1072 569 771 569 761 570 1074 570 747 570 1072 571 1074 571 761 571 747 572 1076 572 729 572 1074 572 1076 572 747 572 1076 573 1078 573 729 573 729 574 1078 574 710 574 1078 575 1056 575 710 575 710 576 1056 576 733 576 1056 577 1055 577 733 577 733 577 1055 577 751 577 1055 578 1060 578 751 578 751 579 1060 579 765 579 765 580 1060 580 777 580 1060 581 1065 581 777 581 1065 582 1068 582 777 582 777 582 1068 582 789 582 1079 583 1080 583 1081 583 1081 584 1080 584 1082 584 1080 585 1083 585 1082 585 1082 586 1083 586 1084 586 1085 587 1086 587 1087 587 1084 588 1088 588 1089 588 1083 589 1088 589 1084 589 1087 590 1090 590 1091 590 1086 591 1090 591 1087 591 1089 592 1092 592 1093 592 1088 593 1092 593 1089 593 1091 594 1094 594 1095 594 1090 595 1094 595 1091 595 1093 596 1096 596 1097 596 1092 597 1096 597 1093 597 1095 598 1098 598 1099 598 1094 599 1098 599 1095 599 1097 600 1100 600 1101 600 1096 601 1100 601 1097 601 1099 602 1102 602 1103 602 1101 603 1104 603 1085 603 1100 604 1104 604 1101 604 1098 605 1102 605 1099 605 1104 606 1086 606 1085 606 1103 607 1105 607 1106 607 1102 608 1105 608 1103 608 1106 609 1107 609 1108 609 1105 610 1107 610 1106 610 1108 611 1109 611 1110 611 1107 612 1109 612 1108 612 1110 613 1111 613 1112 613 1109 614 1111 614 1110 614 1112 615 1113 615 1114 615 1111 616 1113 616 1112 616 1114 617 1115 617 1116 617 1113 618 1115 618 1114 618 1115 619 1117 619 1116 619 1116 620 1117 620 1118 620 1117 621 1119 621 1118 621 1118 622 1119 622 1120 622 1119 623 1121 623 1120 623 1120 624 1121 624 1122 624 1121 625 1123 625 1122 625 1122 626 1123 626 1124 626 1123 627 1125 627 1124 627 1124 628 1125 628 1126 628 1125 629 1127 629 1126 629 1126 630 1127 630 1128 630 1127 631 1129 631 1128 631 1128 632 1129 632 1130 632 1129 633 1079 633 1130 633 1130 634 1079 634 1081 634 1126 526 1131 526 1132 526 1133 635 1134 635 1085 635 1101 212 1134 212 1097 212 1085 636 1134 636 1101 636 1135 212 1108 212 1136 212 1136 529 1108 529 1110 529 1128 212 1137 212 1126 212 1136 212 1112 212 1138 212 1126 637 1137 637 1131 637 1110 212 1112 212 1136 212 1134 638 1139 638 1097 638 1140 639 1106 639 1141 639 1141 212 1106 212 1135 212 1097 212 1139 212 1093 212 1135 212 1106 212 1108 212 1128 640 1142 640 1137 640 1130 212 1142 212 1128 212 1138 641 1114 641 1143 641 1081 642 1142 642 1130 642 1143 212 1114 212 1144 212 1112 212 1114 212 1138 212 1139 643 1145 643 1093 643 1093 644 1145 644 1089 644 1140 645 1103 645 1106 645 1081 646 1146 646 1142 646 1089 647 1147 647 1084 647 1145 212 1147 212 1089 212 1114 648 1116 648 1144 648 1082 212 1148 212 1081 212 1149 212 1099 212 1150 212 1081 212 1148 212 1146 212 1150 212 1099 212 1140 212 1147 400 1151 400 1084 400 1084 212 1151 212 1082 212 1140 649 1099 649 1103 649 1082 212 1151 212 1148 212 1144 212 1118 212 1152 212 1116 212 1118 212 1144 212 1149 650 1095 650 1099 650 1118 212 1153 212 1152 212 1149 651 1154 651 1095 651 1118 405 1120 405 1153 405 1154 652 1091 652 1095 652 1120 653 1122 653 1153 653 1153 212 1122 212 1155 212 1154 510 1087 510 1091 510 1154 212 1156 212 1087 212 1122 654 1132 654 1155 654 1124 212 1132 212 1122 212 1156 655 1133 655 1087 655 1087 656 1133 656 1085 656 1124 212 1126 212 1132 212 1137 657 1142 657 483 657 1142 658 1146 658 483 658 483 659 1146 659 497 659 497 660 1146 660 514 660 1146 660 1148 660 514 660 1133 661 1156 661 614 661 614 661 1156 661 603 661 1148 662 1151 662 514 662 514 663 1151 663 550 663 603 664 1154 664 593 664 1156 665 1154 665 603 665 1151 666 1147 666 550 666 550 667 1147 667 547 667 593 668 1149 668 580 668 1154 669 1149 669 593 669 1147 670 1145 670 547 670 547 670 1145 670 548 670 548 671 1145 671 628 671 580 672 1150 672 563 672 1149 673 1150 673 580 673 1145 674 1139 674 628 674 628 675 1139 675 621 675 563 676 1140 676 559 676 1150 676 1140 676 563 676 1139 677 1134 677 621 677 621 678 1133 678 614 678 1134 678 1133 678 621 678 559 679 1141 679 560 679 1140 680 1141 680 559 680 560 681 1135 681 577 681 1141 682 1135 682 560 682 577 683 1136 683 589 683 1135 684 1136 684 577 684 589 685 1138 685 506 685 1136 685 1138 685 589 685 506 686 1143 686 490 686 1138 687 1143 687 506 687 490 688 1144 688 474 688 1143 689 1144 689 490 689 1144 690 1152 690 474 690 474 691 1152 691 457 691 1152 692 1153 692 457 692 457 693 1153 693 437 693 437 694 1153 694 418 694 1153 695 1155 695 418 695 1155 696 1132 696 418 696 418 697 1132 697 427 697 427 698 1132 698 448 698 1132 699 1131 699 448 699 1131 700 1137 700 448 700 448 701 1137 701 467 701 467 702 1137 702 483 702 1157 703 1158 703 1159 703 1159 704 1158 704 1160 704 1160 705 1161 705 1162 705 1158 706 1161 706 1160 706 1163 707 1164 707 1165 707 1161 708 1166 708 1162 708 1162 709 1166 709 1167 709 1165 710 1168 710 1169 710 1164 711 1168 711 1165 711 1167 712 1170 712 1171 712 1166 713 1170 713 1167 713 1169 714 1172 714 1173 714 1168 715 1172 715 1169 715 1171 716 1174 716 1175 716 1170 717 1174 717 1171 717 1173 718 1176 718 1177 718 1172 719 1176 719 1173 719 1175 720 1178 720 1179 720 1174 721 1178 721 1175 721 1177 722 1180 722 1181 722 1179 723 1182 723 1163 723 1176 724 1180 724 1177 724 1178 725 1182 725 1179 725 1182 726 1164 726 1163 726 1181 727 1183 727 1184 727 1180 728 1183 728 1181 728 1184 729 1185 729 1186 729 1183 730 1185 730 1184 730 1186 731 1187 731 1188 731 1185 732 1187 732 1186 732 1188 733 1189 733 1190 733 1187 734 1189 734 1188 734 1190 735 1191 735 1192 735 1189 736 1191 736 1190 736 1192 737 1193 737 1194 737 1191 738 1193 738 1192 738 1193 739 1195 739 1194 739 1194 740 1195 740 1196 740 1195 741 1197 741 1196 741 1196 742 1197 742 1198 742 1197 743 1199 743 1198 743 1198 744 1199 744 1200 744 1199 745 1201 745 1200 745 1200 746 1201 746 1202 746 1201 747 1203 747 1202 747 1202 748 1203 748 1204 748 1203 749 1205 749 1204 749 1204 750 1205 750 1206 750 1205 751 1207 751 1206 751 1206 752 1207 752 1208 752 1207 753 1157 753 1208 753 1208 754 1157 754 1159 754 1209 755 1210 755 1169 755 1169 212 1210 212 1165 212 1159 655 1211 655 1212 655 1213 212 1192 212 1214 212 1215 756 1190 756 1213 756 1213 212 1190 212 1192 212 1192 212 1194 212 1214 212 1165 212 1216 212 1163 212 1210 757 1216 757 1165 757 1217 758 1188 758 1215 758 1215 212 1188 212 1190 212 1159 212 1218 212 1211 212 1214 756 1196 756 1219 756 1160 212 1218 212 1159 212 1162 759 1218 759 1160 759 1194 212 1196 212 1214 212 1216 212 1220 212 1163 212 1221 760 1186 760 1217 760 1179 212 1220 212 1175 212 1163 761 1220 761 1179 761 1217 762 1186 762 1188 762 1162 763 1222 763 1218 763 1219 212 1198 212 1223 212 1196 764 1198 764 1219 764 1220 212 1224 212 1175 212 1167 212 1225 212 1162 212 1226 212 1184 212 1221 212 1162 755 1225 755 1222 755 1221 212 1184 212 1186 212 1171 212 1227 212 1167 212 1175 212 1227 212 1171 212 1167 212 1227 212 1225 212 1224 212 1227 212 1175 212 1223 654 1200 654 1228 654 1198 212 1200 212 1223 212 1200 212 1229 212 1228 212 1230 212 1181 212 1226 212 1226 539 1181 539 1184 539 1200 765 1202 765 1229 765 1231 212 1177 212 1230 212 1230 212 1177 212 1181 212 1202 212 1232 212 1229 212 1202 212 1204 212 1232 212 1177 212 1233 212 1173 212 1231 763 1233 763 1177 763 1204 212 1206 212 1232 212 1206 212 1234 212 1232 212 1233 538 1169 538 1173 538 1233 766 1209 766 1169 766 1206 763 1212 763 1234 763 1208 212 1212 212 1206 212 1159 212 1212 212 1208 212 1234 767 1212 767 784 767 784 768 1212 768 796 768 1212 769 1211 769 796 769 796 770 1211 770 811 770 1216 771 1210 771 295 771 1211 772 1218 772 811 772 295 773 1210 773 307 773 811 772 1218 772 826 772 307 774 1209 774 333 774 1218 775 1222 775 826 775 826 775 1222 775 836 775 1210 774 1209 774 307 774 836 776 1222 776 246 776 333 777 1233 777 438 777 1222 778 1225 778 246 778 1209 777 1233 777 333 777 1225 779 1227 779 246 779 246 780 1227 780 247 780 438 781 1231 781 458 781 1233 782 1231 782 438 782 247 783 1224 783 255 783 255 784 1224 784 261 784 458 785 1230 785 477 785 1227 783 1224 783 247 783 1231 786 1230 786 458 786 1224 784 1220 784 261 784 261 787 1216 787 295 787 477 788 1226 788 214 788 1220 789 1216 789 261 789 1230 788 1226 788 477 788 214 140 1221 140 215 140 1226 140 1221 140 214 140 215 790 1217 790 858 790 1221 791 1217 791 215 791 858 792 1215 792 855 792 1217 793 1215 793 858 793 855 794 1213 794 851 794 1215 794 1213 794 855 794 851 795 1214 795 844 795 1213 796 1214 796 851 796 1214 797 1219 797 844 797 844 798 1219 798 834 798 1219 799 1223 799 834 799 834 799 1223 799 823 799 1223 800 1228 800 823 800 823 800 1228 800 807 800 1228 801 1229 801 807 801 807 802 1229 802 794 802 794 803 1229 803 781 803 1229 804 1232 804 781 804 1232 805 1234 805 781 805 781 805 1234 805 784 805 1235 806 1236 806 1237 806 1237 807 1236 807 1238 807 1236 808 1239 808 1238 808 1238 809 1239 809 1240 809 1240 810 1241 810 1242 810 1239 811 1241 811 1240 811 1243 812 1244 812 1245 812 1245 813 1244 813 1246 813 1241 814 1247 814 1242 814 1242 815 1247 815 1248 815 1246 816 1249 816 1250 816 1244 817 1249 817 1246 817 1248 818 1251 818 1252 818 1247 819 1251 819 1248 819 1250 820 1253 820 1254 820 1252 821 1255 821 1256 821 1249 822 1253 822 1250 822 1251 823 1255 823 1252 823 1254 824 1257 824 1258 824 1253 825 1257 825 1254 825 1256 826 1259 826 1260 826 1255 827 1259 827 1256 827 1258 828 1261 828 1262 828 1260 829 1263 829 1245 829 1257 830 1261 830 1258 830 1259 831 1263 831 1260 831 1263 832 1243 832 1245 832 1262 833 1264 833 1265 833 1261 834 1264 834 1262 834 1265 835 1266 835 1267 835 1264 836 1266 836 1265 836 1267 837 1268 837 1269 837 1266 838 1268 838 1267 838 1269 839 1270 839 1271 839 1268 840 1270 840 1269 840 1271 841 1272 841 1273 841 1270 842 1272 842 1271 842 1272 843 1274 843 1273 843 1273 844 1274 844 1275 844 1274 845 1276 845 1275 845 1275 846 1276 846 1277 846 1276 847 1278 847 1277 847 1277 848 1278 848 1279 848 1278 849 1280 849 1279 849 1279 850 1280 850 1281 850 1280 851 1282 851 1281 851 1281 852 1282 852 1283 852 1282 853 1284 853 1283 853 1283 854 1284 854 1285 854 1284 855 1286 855 1285 855 1285 856 1286 856 1287 856 1286 857 1235 857 1287 857 1287 858 1235 858 1237 858 1288 212 1289 212 1258 212 1258 539 1289 539 1254 539 1242 859 1290 859 1291 859 1292 212 1275 212 1293 212 1293 535 1275 535 1277 535 1293 212 1279 212 1294 212 1277 212 1279 212 1293 212 1295 212 1273 212 1292 212 1292 529 1273 529 1275 529 1294 655 1281 655 1296 655 1296 654 1281 654 1297 654 1254 860 1298 860 1250 860 1289 212 1298 212 1254 212 1279 212 1281 212 1294 212 1242 861 1299 861 1290 861 1248 212 1299 212 1242 212 1252 212 1299 212 1248 212 1300 212 1271 212 1301 212 1301 862 1271 862 1295 862 1298 212 1302 212 1250 212 1250 863 1302 863 1246 863 1295 864 1271 864 1273 864 1281 865 1283 865 1297 865 1252 756 1303 756 1299 756 1256 212 1303 212 1252 212 1246 416 1304 416 1245 416 1300 866 1269 866 1271 866 1302 212 1304 212 1246 212 1245 212 1304 212 1260 212 1297 646 1285 646 1305 646 1256 212 1306 212 1303 212 1283 212 1285 212 1297 212 1260 653 1307 653 1256 653 1304 212 1307 212 1260 212 1256 655 1307 655 1306 655 1308 212 1267 212 1300 212 1300 867 1267 867 1269 867 1305 212 1287 212 1309 212 1285 539 1287 539 1305 539 1287 868 1310 868 1309 868 1311 212 1265 212 1308 212 1308 212 1265 212 1267 212 1287 869 1237 869 1310 869 1237 863 1238 863 1310 863 1265 212 1312 212 1262 212 1311 396 1312 396 1265 396 1238 212 1313 212 1310 212 1312 870 1288 870 1262 870 1262 212 1288 212 1258 212 1238 396 1291 396 1313 396 1240 212 1291 212 1238 212 1240 212 1242 212 1291 212 1309 871 1310 871 386 871 386 871 1310 871 370 871 1310 872 1313 872 370 872 370 872 1313 872 374 872 1304 873 1302 873 595 873 1313 874 1291 874 374 874 595 875 1302 875 693 875 374 876 1291 876 391 876 693 877 1298 877 698 877 1291 878 1290 878 391 878 391 879 1290 879 407 879 1302 880 1298 880 693 880 407 881 1290 881 436 881 698 882 1289 882 704 882 1290 883 1299 883 436 883 1298 884 1289 884 698 884 1299 885 1303 885 436 885 436 886 1303 886 509 886 704 887 1288 887 739 887 1289 887 1288 887 704 887 509 888 1306 888 541 888 541 889 1306 889 561 889 739 890 1312 890 746 890 1303 888 1306 888 509 888 1288 891 1312 891 739 891 1306 889 1307 889 561 889 561 892 1304 892 595 892 746 893 1311 893 754 893 1307 892 1304 892 561 892 1312 893 1311 893 746 893 754 894 1308 894 764 894 1311 894 1308 894 754 894 764 895 1300 895 770 895 1308 896 1300 896 764 896 770 897 1301 897 655 897 1300 898 1301 898 770 898 655 899 1295 899 618 899 1301 900 1295 900 655 900 618 901 1292 901 584 901 1295 902 1292 902 618 902 1292 903 1293 903 584 903 584 904 1293 904 551 904 1293 905 1294 905 551 905 551 905 1294 905 487 905 1294 906 1296 906 487 906 487 906 1296 906 454 906 1296 907 1297 907 454 907 454 908 1297 908 426 908 426 909 1297 909 403 909 1297 910 1305 910 403 910 1305 911 1309 911 403 911 403 911 1309 911 386 911 1314 912 1315 912 1316 912 1316 913 1315 913 1317 913 1315 914 1318 914 1317 914 1317 915 1318 915 1319 915 1318 916 1320 916 1319 916 1319 917 1320 917 1321 917 1322 918 1323 918 1324 918 1324 919 1323 919 1325 919 1320 920 1326 920 1321 920 1321 921 1326 921 1327 921 1325 922 1328 922 1329 922 1326 923 1330 923 1327 923 1327 924 1330 924 1331 924 1323 925 1328 925 1325 925 1330 926 1332 926 1331 926 1331 927 1332 927 1333 927 1329 928 1334 928 1335 928 1328 929 1334 929 1329 929 1333 930 1336 930 1337 930 1332 931 1336 931 1333 931 1335 932 1338 932 1339 932 1334 933 1338 933 1335 933 1337 934 1340 934 1341 934 1336 935 1340 935 1337 935 1339 936 1342 936 1343 936 1341 937 1344 937 1324 937 1340 938 1344 938 1341 938 1338 939 1342 939 1339 939 1344 940 1322 940 1324 940 1343 941 1345 941 1346 941 1342 942 1345 942 1343 942 1346 943 1347 943 1348 943 1345 944 1347 944 1346 944 1348 945 1349 945 1350 945 1347 946 1349 946 1348 946 1350 947 1351 947 1352 947 1349 948 1351 948 1350 948 1352 949 1353 949 1354 949 1351 950 1353 950 1352 950 1353 951 1355 951 1354 951 1354 952 1355 952 1356 952 1355 953 1357 953 1356 953 1356 954 1357 954 1358 954 1357 955 1359 955 1358 955 1358 956 1359 956 1360 956 1359 957 1361 957 1360 957 1360 958 1361 958 1362 958 1361 959 1363 959 1362 959 1362 960 1363 960 1364 960 1363 961 1365 961 1364 961 1364 962 1365 962 1366 962 1365 963 1314 963 1366 963 1366 964 1314 964 1316 964 1367 965 1368 965 1348 965 1348 212 1368 212 1346 212 1333 212 1369 212 1331 212 1337 212 1369 212 1333 212 1331 966 1369 966 1370 966 1371 212 1364 212 1372 212 1372 654 1364 654 1373 654 1362 212 1364 212 1371 212 1374 212 1360 212 1371 212 1371 212 1360 212 1362 212 1343 212 1375 212 1339 212 1346 212 1375 212 1343 212 1368 396 1375 396 1346 396 1364 212 1366 212 1373 212 1376 394 1358 394 1374 394 1374 967 1358 967 1360 967 1373 212 1316 212 1377 212 1366 212 1316 212 1373 212 1337 968 1378 968 1369 968 1379 212 1356 212 1376 212 1376 969 1356 969 1358 969 1339 636 1380 636 1335 636 1377 212 1317 212 1381 212 1375 970 1380 970 1339 970 1337 966 1382 966 1378 966 1316 212 1317 212 1377 212 1341 212 1382 212 1337 212 1324 212 1382 212 1341 212 1380 396 1383 396 1335 396 1384 212 1354 212 1379 212 1379 971 1354 971 1356 971 1324 760 1385 760 1382 760 1381 212 1319 212 1386 212 1329 212 1387 212 1325 212 1317 212 1319 212 1381 212 1335 405 1387 405 1329 405 1383 212 1387 212 1335 212 1388 972 1352 972 1384 972 1325 212 1389 212 1324 212 1387 212 1389 212 1325 212 1384 973 1352 973 1354 973 1324 212 1389 212 1385 212 1319 412 1390 412 1386 412 1319 764 1321 764 1390 764 1391 212 1350 212 1388 212 1388 510 1350 510 1352 510 1321 974 1327 974 1390 974 1327 212 1392 212 1390 212 1350 212 1367 212 1348 212 1391 212 1367 212 1350 212 1327 212 1370 212 1392 212 1331 212 1370 212 1327 212 1377 975 1381 975 306 975 1381 976 1386 976 306 976 306 976 1386 976 291 976 291 977 1386 977 282 977 1386 978 1390 978 282 978 1385 979 1389 979 348 979 348 980 1389 980 354 980 1390 981 1392 981 282 981 282 981 1392 981 278 981 354 982 1387 982 402 982 1389 983 1387 983 354 983 1392 984 1370 984 278 984 278 985 1370 985 284 985 402 986 1383 986 488 986 1387 987 1383 987 402 987 1370 988 1369 988 284 988 284 988 1369 988 300 988 300 989 1369 989 319 989 488 990 1380 990 552 990 1383 991 1380 991 488 991 1369 989 1378 989 319 989 319 992 1378 992 339 992 552 993 1375 993 585 993 1380 994 1375 994 552 994 1378 995 1382 995 339 995 339 996 1385 996 348 996 1382 997 1385 997 339 997 585 998 1368 998 619 998 1375 998 1368 998 585 998 619 999 1367 999 634 999 1368 1000 1367 1000 619 1000 634 1001 1391 1001 602 1001 1367 1001 1391 1001 634 1001 602 1002 1388 1002 567 1002 1391 1003 1388 1003 602 1003 567 1004 1384 1004 524 1004 1388 1004 1384 1004 567 1004 524 1005 1379 1005 464 1005 1384 1005 1379 1005 524 1005 1379 1006 1376 1006 464 1006 464 1006 1376 1006 442 1006 1376 1007 1374 1007 442 1007 442 1007 1374 1007 417 1007 417 1008 1374 1008 394 1008 1374 1009 1371 1009 394 1009 1371 1010 1372 1010 394 1010 394 1011 1372 1011 379 1011 379 1012 1372 1012 367 1012 1372 1012 1373 1012 367 1012 1373 1013 1377 1013 367 1013 367 1013 1377 1013 324 1013 324 1014 1377 1014 306 1014 1393 329 1394 329 1395 329 1394 329 1396 329 1395 329 1395 1015 1396 1015 1397 1015 1398 1016 1399 1016 1400 1016 1396 1017 1401 1017 1397 1017 1397 1018 1401 1018 1402 1018 1400 1019 1403 1019 1404 1019 1399 1020 1403 1020 1400 1020 1401 1021 1405 1021 1402 1021 1402 1022 1405 1022 1406 1022 1404 1023 1407 1023 1408 1023 1405 1024 1409 1024 1406 1024 1403 1025 1407 1025 1404 1025 1406 1026 1409 1026 1410 1026 1408 1027 1411 1027 1412 1027 1410 1028 1413 1028 1414 1028 1407 1029 1411 1029 1408 1029 1409 1030 1413 1030 1410 1030 1414 1031 1415 1031 1398 1031 1413 1032 1415 1032 1414 1032 1412 1033 1416 1033 1417 1033 1411 1027 1416 1027 1412 1027 1415 1034 1399 1034 1398 1034 1417 1035 1418 1035 1419 1035 1416 1036 1418 1036 1417 1036 1419 308 1420 308 1421 308 1418 1037 1420 1037 1419 1037 1421 1038 1422 1038 1423 1038 1420 308 1422 308 1421 308 1423 1039 1424 1039 1425 1039 1422 1040 1424 1040 1423 1040 1425 1041 1426 1041 1427 1041 1424 1042 1426 1042 1425 1042 1427 1043 1428 1043 1429 1043 1426 1044 1428 1044 1427 1044 1428 1045 1430 1045 1429 1045 1429 1046 1430 1046 1431 1046 1430 1047 1432 1047 1431 1047 1431 1048 1432 1048 1433 1048 1432 1049 1434 1049 1433 1049 1433 1050 1434 1050 1435 1050 1434 1051 1436 1051 1435 1051 1435 1052 1436 1052 1437 1052 1436 1053 1438 1053 1437 1053 1437 1054 1438 1054 1439 1054 1438 1055 1440 1055 1439 1055 1439 1056 1440 1056 1441 1056 1440 1057 1442 1057 1441 1057 1441 1058 1442 1058 1443 1058 1442 1059 1444 1059 1443 1059 1443 1060 1444 1060 1393 1060 1444 1061 1394 1061 1393 1061 1445 1062 1446 1062 1425 1062 1425 212 1446 212 1423 212 1410 212 1447 212 1448 212 1414 212 1447 212 1410 212 1398 1063 1447 1063 1414 1063 1449 212 1441 212 1450 212 1439 212 1441 212 1449 212 1446 212 1451 212 1423 212 1423 212 1451 212 1421 212 1452 212 1437 212 1449 212 1449 1064 1437 1064 1439 1064 1450 1065 1443 1065 1453 1065 1441 212 1443 212 1450 212 1454 1066 1435 1066 1452 1066 1452 1067 1435 1067 1437 1067 1398 212 1455 212 1447 212 1453 212 1393 212 1456 212 1419 212 1457 212 1417 212 1421 1068 1457 1068 1419 1068 1443 212 1393 212 1453 212 1451 212 1457 212 1421 212 1458 212 1433 212 1454 212 1400 1069 1459 1069 1398 1069 1404 212 1459 212 1400 212 1398 212 1459 212 1455 212 1454 1070 1433 1070 1435 1070 1457 212 1460 212 1417 212 1456 1071 1395 1071 1461 1071 1404 212 1462 212 1459 212 1393 212 1395 212 1456 212 1417 656 1463 656 1412 656 1464 1072 1431 1072 1458 1072 1460 1073 1463 1073 1417 1073 1458 1074 1431 1074 1433 1074 1408 212 1465 212 1404 212 1412 1075 1465 1075 1408 1075 1404 212 1465 212 1462 212 1464 1076 1466 1076 1431 1076 1463 1077 1465 1077 1412 1077 1461 212 1397 212 1467 212 1395 212 1397 212 1461 212 1466 1078 1429 1078 1431 1078 1467 212 1402 212 1468 212 1397 1079 1402 1079 1467 1079 1466 1080 1427 1080 1429 1080 1469 212 1427 212 1466 212 1402 636 1406 636 1468 636 1406 212 1470 212 1468 212 1469 526 1445 526 1427 526 1427 212 1445 212 1425 212 1406 212 1410 212 1470 212 1410 212 1448 212 1470 212 1450 432 1453 432 549 432 549 432 1453 432 519 432 1453 1081 1456 1081 519 1081 519 1082 1456 1082 440 1082 1455 1083 1459 1083 422 1083 1456 329 1461 329 440 329 422 1083 1459 1083 450 1083 440 329 1461 329 415 329 450 1084 1462 1084 475 1084 1461 1085 1467 1085 415 1085 415 1086 1467 1086 392 1086 1459 453 1462 453 450 453 392 443 1467 443 375 443 475 454 1465 454 542 454 1467 443 1468 443 375 443 1462 1087 1465 1087 475 1087 1468 444 1470 444 375 444 375 444 1470 444 376 444 542 456 1463 456 582 456 1465 456 1463 456 542 456 376 446 1448 446 381 446 381 448 1448 448 400 448 582 417 1460 417 613 417 1470 1088 1448 1088 376 1088 1463 1089 1460 1089 582 1089 1448 1090 1447 1090 400 1090 400 1091 1455 1091 422 1091 613 1092 1457 1092 651 1092 1447 1093 1455 1093 400 1093 1460 1094 1457 1094 613 1094 651 308 1451 308 680 308 1457 308 1451 308 651 308 680 1095 1446 1095 702 1095 1451 1096 1446 1096 680 1096 702 1097 1445 1097 363 1097 1446 425 1445 425 702 425 363 428 1469 428 850 428 1445 428 1469 428 363 428 850 1098 1466 1098 843 1098 1469 430 1466 430 850 430 1466 1099 1464 1099 843 1099 843 431 1464 431 833 431 1464 1100 1458 1100 833 1100 833 1100 1458 1100 663 1100 1458 1101 1454 1101 663 1101 663 1102 1454 1102 632 1102 1454 1103 1452 1103 632 1103 632 424 1452 424 600 424 600 426 1452 426 565 426 1452 1104 1449 1104 565 1104 1449 429 1450 429 565 429 565 429 1450 429 549 429 1471 1105 1472 1105 1473 1105 1474 1106 1472 1106 1471 1106 1473 1107 1475 1107 1476 1107 1472 1108 1475 1108 1473 1108 1477 1109 1478 1109 1479 1109 1479 1110 1478 1110 1480 1110 1476 1111 1481 1111 1482 1111 1475 1112 1481 1112 1476 1112 1480 1113 1483 1113 1484 1113 1478 1114 1483 1114 1480 1114 1482 1115 1485 1115 1486 1115 1481 1116 1485 1116 1482 1116 1484 1117 1487 1117 1488 1117 1483 1118 1487 1118 1484 1118 1486 1119 1489 1119 1490 1119 1485 1120 1489 1120 1486 1120 1488 1121 1491 1121 1492 1121 1487 1122 1491 1122 1488 1122 1490 1123 1493 1123 1494 1123 1489 1124 1493 1124 1490 1124 1494 1125 1495 1125 1479 1125 1492 1126 1496 1126 1497 1126 1493 1127 1495 1127 1494 1127 1491 1128 1496 1128 1492 1128 1495 1129 1477 1129 1479 1129 1497 1130 1498 1130 1499 1130 1496 1131 1498 1131 1497 1131 1499 1132 1500 1132 1501 1132 1498 1133 1500 1133 1499 1133 1501 1134 1502 1134 1503 1134 1500 1135 1502 1135 1501 1135 1503 1136 1504 1136 1505 1136 1502 1137 1504 1137 1503 1137 1505 1138 1506 1138 1507 1138 1504 1139 1506 1139 1505 1139 1506 1140 1508 1140 1507 1140 1507 1141 1508 1141 1509 1141 1508 1142 1510 1142 1509 1142 1509 1143 1510 1143 1511 1143 1510 1144 1512 1144 1511 1144 1511 1145 1512 1145 1513 1145 1512 1146 1514 1146 1513 1146 1513 1147 1514 1147 1515 1147 1515 1148 1516 1148 1517 1148 1514 1149 1516 1149 1515 1149 1517 1150 1518 1150 1519 1150 1516 1151 1518 1151 1517 1151 1518 1152 1520 1152 1519 1152 1519 1153 1520 1153 1521 1153 1521 1154 1522 1154 1523 1154 1520 1155 1522 1155 1521 1155 1523 1156 1474 1156 1471 1156 1522 1157 1474 1157 1523 1157 1524 1158 1507 1158 1509 1158 1524 760 1525 760 1507 760 1479 212 1526 212 1527 212 1480 212 1526 212 1479 212 1484 212 1526 212 1480 212 1528 859 1471 859 1529 859 1529 1159 1471 1159 1530 1159 1523 1160 1471 1160 1528 1160 1531 758 1521 758 1528 758 1525 1161 1532 1161 1507 1161 1528 1162 1521 1162 1523 1162 1507 1163 1532 1163 1505 1163 1471 212 1473 212 1530 212 1484 1164 1533 1164 1526 1164 1534 766 1519 766 1531 766 1531 1165 1519 1165 1521 1165 1505 413 1535 413 1503 413 1532 212 1535 212 1505 212 1530 646 1476 646 1536 646 1484 1166 1537 1166 1533 1166 1473 212 1476 212 1530 212 1488 212 1537 212 1484 212 1492 212 1537 212 1488 212 1501 1167 1538 1167 1499 1167 1503 974 1538 974 1501 974 1535 1168 1538 1168 1503 1168 1539 212 1517 212 1534 212 1492 1169 1540 1169 1537 1169 1497 212 1540 212 1492 212 1534 1170 1517 1170 1519 1170 1536 1171 1482 1171 1541 1171 1499 1172 1542 1172 1497 1172 1538 514 1542 514 1499 514 1476 212 1482 212 1536 212 1542 1173 1543 1173 1497 1173 1497 212 1543 212 1540 212 1544 1174 1515 1174 1539 1174 1539 1175 1515 1175 1517 1175 1541 1176 1486 1176 1545 1176 1482 212 1486 212 1541 212 1544 1065 1546 1065 1515 1065 1546 212 1513 212 1515 212 1545 212 1490 212 1547 212 1486 1177 1490 1177 1545 1177 1546 868 1548 868 1513 868 1548 212 1511 212 1513 212 1494 212 1549 212 1490 212 1490 212 1549 212 1547 212 1494 212 1479 212 1549 212 1548 1178 1524 1178 1511 1178 1511 212 1524 212 1509 212 1479 212 1527 212 1549 212 1531 1179 1528 1179 329 1179 329 1180 1528 1180 857 1180 1528 1181 1529 1181 857 1181 857 1182 1529 1182 848 1182 1527 1183 1526 1183 790 1183 1529 1184 1530 1184 848 1184 790 1185 1526 1185 802 1185 848 1186 1530 1186 837 1186 802 1187 1533 1187 820 1187 1530 1188 1536 1188 837 1188 837 1188 1536 1188 828 1188 1526 1189 1533 1189 802 1189 828 1190 1536 1190 819 1190 820 1191 1537 1191 832 1191 1536 1192 1541 1192 819 1192 1533 1193 1537 1193 820 1193 1541 1194 1545 1194 819 1194 819 1194 1545 1194 798 1194 832 1195 1540 1195 840 1195 1537 1196 1540 1196 832 1196 798 1197 1547 1197 787 1197 787 573 1547 573 773 573 840 1198 1543 1198 849 1198 1545 1197 1547 1197 798 1197 1540 1199 1543 1199 840 1199 1547 574 1549 574 773 574 773 1200 1527 1200 790 1200 849 1201 1542 1201 359 1201 1549 1202 1527 1202 773 1202 1543 1203 1542 1203 849 1203 359 1204 1538 1204 338 1204 1542 1204 1538 1204 359 1204 338 1205 1535 1205 318 1205 1538 1205 1535 1205 338 1205 318 1206 1532 1206 301 1206 1535 1206 1532 1206 318 1206 301 1207 1525 1207 283 1207 1532 1208 1525 1208 301 1208 283 1209 1524 1209 272 1209 1525 1209 1524 1209 283 1209 1524 559 1548 559 272 559 272 562 1548 562 268 562 1548 1210 1546 1210 268 1210 268 1211 1546 1211 269 1211 1546 1212 1544 1212 269 1212 269 1212 1544 1212 275 1212 1544 1213 1539 1213 275 1213 275 1214 1539 1214 289 1214 289 1215 1539 1215 314 1215 1539 1216 1534 1216 314 1216 1534 1217 1531 1217 314 1217 314 1217 1531 1217 329 1217 1550 1218 1551 1218 1552 1218 1553 1219 1551 1219 1550 1219 1552 1220 1554 1220 1555 1220 1551 1221 1554 1221 1552 1221 1556 1222 1557 1222 1558 1222 1558 1223 1557 1223 1559 1223 1555 1224 1560 1224 1561 1224 1554 1225 1560 1225 1555 1225 1559 1226 1562 1226 1563 1226 1557 1227 1562 1227 1559 1227 1561 1228 1564 1228 1565 1228 1560 1229 1564 1229 1561 1229 1563 1230 1566 1230 1567 1230 1562 1231 1566 1231 1563 1231 1565 1232 1568 1232 1569 1232 1564 1233 1568 1233 1565 1233 1567 1234 1570 1234 1571 1234 1566 1235 1570 1235 1567 1235 1569 1236 1572 1236 1573 1236 1568 1237 1572 1237 1569 1237 1573 1238 1574 1238 1558 1238 1571 1239 1575 1239 1576 1239 1572 1240 1574 1240 1573 1240 1570 1241 1575 1241 1571 1241 1574 1242 1556 1242 1558 1242 1576 1243 1577 1243 1578 1243 1575 1244 1577 1244 1576 1244 1578 1245 1579 1245 1580 1245 1577 1246 1579 1246 1578 1246 1580 1247 1581 1247 1582 1247 1579 1248 1581 1248 1580 1248 1582 1249 1583 1249 1584 1249 1581 1250 1583 1250 1582 1250 1584 1251 1585 1251 1586 1251 1583 1252 1585 1252 1584 1252 1585 1253 1587 1253 1586 1253 1586 1254 1587 1254 1588 1254 1587 1255 1589 1255 1588 1255 1588 1256 1589 1256 1590 1256 1589 1257 1591 1257 1590 1257 1590 1258 1591 1258 1592 1258 1591 1259 1593 1259 1592 1259 1592 1260 1593 1260 1594 1260 1593 1261 1595 1261 1594 1261 1594 1262 1595 1262 1596 1262 1596 1263 1597 1263 1598 1263 1595 1264 1597 1264 1596 1264 1598 1265 1599 1265 1600 1265 1597 1266 1599 1266 1598 1266 1600 1267 1601 1267 1602 1267 1599 1268 1601 1268 1600 1268 1602 1269 1553 1269 1550 1269 1601 1270 1553 1270 1602 1270 1567 526 1603 526 1604 526 1605 212 1606 212 1590 212 1607 212 1555 212 1608 212 1608 1271 1555 1271 1609 1271 1607 212 1552 212 1555 212 1555 212 1561 212 1609 212 1567 212 1610 212 1603 212 1611 212 1550 212 1607 212 1571 212 1610 212 1567 212 1576 212 1610 212 1571 212 1607 1272 1550 1272 1552 1272 1609 643 1565 643 1612 643 1606 212 1613 212 1590 212 1588 765 1613 765 1586 765 1561 1273 1565 1273 1609 1273 1590 1274 1613 1274 1588 1274 1614 760 1602 760 1611 760 1576 1275 1615 1275 1610 1275 1578 212 1615 212 1576 212 1611 1276 1602 1276 1550 1276 1613 1277 1616 1277 1586 1277 1580 1278 1617 1278 1578 1278 1612 1279 1569 1279 1618 1279 1578 760 1617 760 1615 760 1565 212 1569 212 1612 212 1616 212 1619 212 1586 212 1586 212 1619 212 1584 212 1620 212 1600 212 1614 212 1614 1280 1600 1280 1602 1280 1580 396 1621 396 1617 396 1582 1281 1621 1281 1580 1281 1618 212 1573 212 1622 212 1584 212 1623 212 1582 212 1582 212 1623 212 1621 212 1619 212 1623 212 1584 212 1569 212 1573 212 1618 212 1624 212 1598 212 1620 212 1620 1282 1598 1282 1600 1282 1622 1065 1558 1065 1625 1065 1573 520 1558 520 1622 520 1626 212 1596 212 1624 212 1624 636 1596 636 1598 636 1625 212 1559 212 1627 212 1558 653 1559 653 1625 653 1626 212 1628 212 1596 212 1596 212 1628 212 1594 212 1559 212 1563 212 1627 212 1628 1283 1592 1283 1594 1283 1563 1161 1604 1161 1627 1161 1628 859 1605 859 1592 859 1563 405 1567 405 1604 405 1605 1284 1590 1284 1592 1284 636 1285 1614 1285 637 1285 637 1286 1614 1286 539 1286 1614 1287 1611 1287 539 1287 539 1288 1611 1288 531 1288 1611 1288 1607 1288 531 1288 531 1289 1607 1289 532 1289 1625 1290 1627 1290 433 1290 433 1290 1627 1290 412 1290 1607 684 1608 684 532 684 532 1291 1608 1291 504 1291 412 1292 1604 1292 424 1292 1608 1293 1609 1293 504 1293 1627 1294 1604 1294 412 1294 504 686 1609 686 489 686 424 1295 1603 1295 444 1295 1609 686 1612 686 489 686 489 689 1612 689 473 689 1604 1296 1603 1296 424 1296 473 690 1618 690 456 690 444 1297 1610 1297 462 1297 1612 1298 1618 1298 473 1298 1603 1299 1610 1299 444 1299 1618 1300 1622 1300 456 1300 456 692 1625 692 433 692 462 1301 1615 1301 481 1301 1622 692 1625 692 456 692 1610 1301 1615 1301 462 1301 481 1302 1617 1302 494 1302 1615 1303 1617 1303 481 1303 494 1304 1621 1304 510 1304 1617 1305 1621 1305 494 1305 510 1306 1623 1306 520 1306 1621 663 1623 663 510 663 520 1307 1619 1307 534 1307 534 1308 1619 1308 744 1308 1623 1307 1619 1307 520 1307 744 671 1616 671 722 671 1619 670 1616 670 744 670 1616 1309 1613 1309 722 1309 1613 675 1606 675 722 675 722 1310 1606 1310 719 1310 719 678 1606 678 668 678 1606 1311 1605 1311 668 1311 668 1312 1605 1312 660 1312 1605 1313 1628 1313 660 1313 660 1314 1628 1314 654 1314 1628 1315 1626 1315 654 1315 654 1316 1626 1316 641 1316 1626 1317 1624 1317 641 1317 641 1318 1624 1318 636 1318 1624 1319 1620 1319 636 1319 1620 1320 1614 1320 636 1320 1629 1321 1630 1321 1631 1321 1632 1322 1630 1322 1629 1322 1631 1323 1633 1323 1634 1323 1630 1324 1633 1324 1631 1324 1635 1325 1636 1325 1637 1325 1637 1326 1636 1326 1638 1326 1634 1327 1639 1327 1640 1327 1633 1328 1639 1328 1634 1328 1638 1329 1641 1329 1642 1329 1636 1330 1641 1330 1638 1330 1640 1331 1643 1331 1644 1331 1639 1332 1643 1332 1640 1332 1642 1333 1645 1333 1646 1333 1641 1334 1645 1334 1642 1334 1644 1335 1647 1335 1648 1335 1646 1336 1649 1336 1650 1336 1643 1337 1647 1337 1644 1337 1645 1338 1649 1338 1646 1338 1648 1339 1651 1339 1652 1339 1647 1340 1651 1340 1648 1340 1650 1341 1653 1341 1654 1341 1651 1342 1635 1342 1652 1342 1652 1343 1635 1343 1637 1343 1649 1344 1653 1344 1650 1344 1654 1345 1655 1345 1656 1345 1653 1346 1655 1346 1654 1346 1656 1347 1657 1347 1658 1347 1655 1348 1657 1348 1656 1348 1658 1349 1659 1349 1660 1349 1657 1350 1659 1350 1658 1350 1660 1351 1661 1351 1662 1351 1659 1352 1661 1352 1660 1352 1662 1353 1663 1353 1664 1353 1661 1354 1663 1354 1662 1354 1663 1355 1665 1355 1664 1355 1664 1356 1665 1356 1666 1356 1665 1357 1667 1357 1666 1357 1666 1358 1667 1358 1668 1358 1667 1359 1669 1359 1668 1359 1668 1360 1669 1360 1670 1360 1669 1361 1671 1361 1670 1361 1670 1362 1671 1362 1672 1362 1671 1363 1673 1363 1672 1363 1672 1364 1673 1364 1674 1364 1673 1365 1675 1365 1674 1365 1674 1366 1675 1366 1676 1366 1675 1367 1677 1367 1676 1367 1676 1368 1677 1368 1678 1368 1678 1369 1679 1369 1680 1369 1677 1370 1679 1370 1678 1370 1680 1371 1632 1371 1629 1371 1679 1372 1632 1372 1680 1372 1654 758 1681 758 1682 758 1683 755 1684 755 1674 755 1674 212 1684 212 1672 212 1685 758 1644 758 1686 758 1654 1373 1687 1373 1681 1373 1685 656 1640 656 1644 656 1686 212 1648 212 1688 212 1656 212 1687 212 1654 212 1644 212 1648 212 1686 212 1689 1374 1634 1374 1685 1374 1685 212 1634 212 1640 212 1688 763 1652 763 1690 763 1690 654 1652 654 1691 654 1684 396 1692 396 1672 396 1648 416 1652 416 1688 416 1672 212 1692 212 1670 212 1658 212 1693 212 1656 212 1694 758 1631 758 1689 758 1656 212 1693 212 1687 212 1689 1375 1631 1375 1634 1375 1670 1376 1695 1376 1668 1376 1652 212 1637 212 1691 212 1692 212 1695 212 1670 212 1658 1377 1696 1377 1693 1377 1660 1378 1696 1378 1658 1378 1662 212 1696 212 1660 212 1697 212 1629 212 1698 212 1698 212 1629 212 1694 212 1694 212 1629 212 1631 212 1668 212 1699 212 1666 212 1691 1379 1638 1379 1700 1379 1695 212 1699 212 1668 212 1637 212 1638 212 1691 212 1662 651 1701 651 1696 651 1664 212 1702 212 1662 212 1666 1281 1702 1281 1664 1281 1662 212 1702 212 1701 212 1699 1380 1702 1380 1666 1380 1697 1381 1680 1381 1629 1381 1700 212 1642 212 1703 212 1638 212 1642 212 1700 212 1704 212 1678 212 1697 212 1697 1273 1678 1273 1680 1273 1703 212 1646 212 1705 212 1642 212 1646 212 1703 212 1678 212 1706 212 1676 212 1704 212 1706 212 1678 212 1646 212 1682 212 1705 212 1650 212 1682 212 1646 212 1650 212 1654 212 1682 212 1706 212 1683 212 1676 212 1676 212 1683 212 1674 212 1704 1382 1697 1382 515 1382 515 1383 1697 1383 516 1383 1697 1384 1698 1384 516 1384 516 1385 1698 1385 217 1385 1691 1386 1700 1386 767 1386 1698 140 1694 140 217 140 767 1387 1700 1387 755 1387 217 140 1694 140 218 140 755 1388 1703 1388 737 1388 1694 1389 1689 1389 218 1389 218 1389 1689 1389 219 1389 1700 1388 1703 1388 755 1388 219 1390 1689 1390 220 1390 737 1391 1705 1391 718 1391 1689 1392 1685 1392 220 1392 1703 1391 1705 1391 737 1391 1685 1393 1686 1393 220 1393 220 1394 1686 1394 800 1394 718 1395 1682 1395 721 1395 1705 1396 1682 1396 718 1396 800 1397 1688 1397 792 1397 792 1398 1688 1398 778 1398 721 1399 1681 1399 743 1399 1686 1397 1688 1397 800 1397 1682 1400 1681 1400 721 1400 1688 1398 1690 1398 778 1398 778 1401 1691 1401 767 1401 743 1402 1687 1402 758 1402 1690 1403 1691 1403 778 1403 1681 1402 1687 1402 743 1402 758 772 1693 772 805 772 1687 772 1693 772 758 772 805 1404 1696 1404 806 1404 1693 1405 1696 1405 805 1405 806 1406 1701 1406 810 1406 1696 1407 1701 1407 806 1407 810 1408 1702 1408 822 1408 1701 1408 1702 1408 810 1408 822 1409 1699 1409 831 1409 1702 1410 1699 1410 822 1410 1699 1411 1695 1411 831 1411 831 1412 1695 1412 839 1412 1695 1413 1692 1413 839 1413 839 1413 1692 1413 847 1413 1692 1414 1684 1414 847 1414 847 1414 1684 1414 854 1414 1684 1415 1683 1415 854 1415 854 1416 1683 1416 861 1416 861 1417 1683 1417 863 1417 1683 1418 1706 1418 863 1418 1706 1419 1704 1419 863 1419 863 1419 1704 1419 515 1419 1707 1420 1708 1420 1709 1420 1710 1421 1711 1421 1712 1421 1708 1422 1711 1422 1710 1422 1712 1423 1713 1423 1714 1423 1711 1424 1713 1424 1712 1424 1715 1425 1716 1425 1717 1425 1717 1426 1716 1426 1718 1426 1714 1427 1719 1427 1720 1427 1713 1428 1719 1428 1714 1428 1718 1429 1721 1429 1722 1429 1716 1430 1721 1430 1718 1430 1720 1431 1723 1431 1724 1431 1719 1432 1723 1432 1720 1432 1722 1433 1725 1433 1726 1433 1721 1434 1725 1434 1722 1434 1724 1435 1727 1435 1728 1435 1726 1436 1729 1436 1730 1436 1723 1437 1727 1437 1724 1437 1725 1438 1729 1438 1726 1438 1728 1439 1731 1439 1732 1439 1727 1440 1731 1440 1728 1440 1730 1441 1733 1441 1734 1441 1731 1442 1715 1442 1732 1442 1729 1443 1733 1443 1730 1443 1732 1444 1715 1444 1717 1444 1734 1445 1735 1445 1736 1445 1733 1446 1735 1446 1734 1446 1736 1447 1737 1447 1738 1447 1735 1448 1737 1448 1736 1448 1738 1449 1739 1449 1740 1449 1737 1450 1739 1450 1738 1450 1740 1451 1741 1451 1742 1451 1739 1452 1741 1452 1740 1452 1742 1453 1743 1453 1744 1453 1741 1454 1743 1454 1742 1454 1743 1455 1745 1455 1744 1455 1744 1456 1745 1456 1746 1456 1745 1457 1747 1457 1746 1457 1746 1458 1747 1458 1748 1458 1747 1459 1749 1459 1748 1459 1748 1460 1749 1460 1750 1460 1749 1461 1751 1461 1750 1461 1750 1462 1751 1462 1752 1462 1751 1463 1753 1463 1752 1463 1752 1464 1753 1464 1754 1464 1753 1465 1755 1465 1754 1465 1754 1466 1755 1466 1756 1466 1756 1467 1757 1467 1758 1467 1755 1468 1757 1468 1756 1468 1757 1469 1707 1469 1758 1469 1758 1470 1707 1470 1709 1470 1709 1471 1708 1471 1710 1471 1759 1472 1760 1472 1709 1472 1709 212 1760 212 1758 212 1760 212 1756 212 1758 212 1736 756 1761 756 1762 756 1738 212 1761 212 1736 212 1763 1473 1728 1473 1764 1473 1764 636 1728 636 1732 636 1765 212 1717 212 1766 212 1760 641 1767 641 1756 641 1764 212 1717 212 1765 212 1732 212 1717 212 1764 212 1768 212 1724 212 1769 212 1769 859 1724 859 1763 859 1763 413 1724 413 1728 413 1738 643 1770 643 1761 643 1740 1474 1770 1474 1738 1474 1742 212 1770 212 1740 212 1717 1475 1718 1475 1766 1475 1768 212 1720 212 1724 212 1766 1476 1722 1476 1771 1476 1718 212 1722 212 1766 212 1772 1380 1714 1380 1768 1380 1768 866 1714 866 1720 866 1771 641 1726 641 1773 641 1722 212 1726 212 1771 212 1774 212 1712 212 1772 212 1772 652 1712 652 1714 652 1767 212 1775 212 1756 212 1773 212 1730 212 1776 212 1756 860 1775 860 1754 860 1742 1062 1777 1062 1770 1062 1744 212 1777 212 1742 212 1726 527 1730 527 1773 527 1752 644 1778 644 1750 644 1754 1477 1778 1477 1752 1477 1775 212 1778 212 1754 212 1779 212 1710 212 1774 212 1744 212 1780 212 1777 212 1774 413 1710 413 1712 413 1776 760 1734 760 1781 760 1778 760 1782 760 1750 760 1746 212 1783 212 1744 212 1744 212 1783 212 1780 212 1730 1478 1734 1478 1776 1478 1748 636 1784 636 1746 636 1750 1281 1784 1281 1748 1281 1746 212 1784 212 1783 212 1782 212 1784 212 1750 212 1734 212 1736 212 1781 212 1710 405 1759 405 1709 405 1779 396 1759 396 1710 396 1736 651 1762 651 1781 651 1760 1479 1759 1479 652 1479 652 1479 1759 1479 662 1479 1759 1480 1779 1480 662 1480 662 1480 1779 1480 681 1480 1765 1481 1766 1481 388 1481 1779 1482 1774 1482 681 1482 388 1483 1766 1483 360 1483 681 1484 1774 1484 705 1484 360 1485 1771 1485 330 1485 1774 1486 1772 1486 705 1486 705 1487 1772 1487 706 1487 1766 1488 1771 1488 360 1488 706 1489 1772 1489 665 1489 330 1490 1773 1490 288 1490 1772 1491 1768 1491 665 1491 1771 1492 1773 1492 330 1492 1768 1493 1769 1493 665 1493 665 1494 1769 1494 666 1494 288 1495 1776 1495 258 1495 1773 1495 1776 1495 288 1495 666 1496 1763 1496 461 1496 461 1497 1763 1497 410 1497 258 1498 1781 1498 231 1498 1769 1496 1763 1496 666 1496 1776 1499 1781 1499 258 1499 1763 1497 1764 1497 410 1497 410 905 1765 905 388 905 231 1500 1762 1500 235 1500 1764 905 1765 905 410 905 1781 1500 1762 1500 231 1500 235 1501 1761 1501 262 1501 1762 1501 1761 1501 235 1501 262 1502 1770 1502 293 1502 1761 1503 1770 1503 262 1503 293 1504 1777 1504 342 1504 1770 1505 1777 1505 293 1505 342 1506 1780 1506 453 1506 1777 1507 1780 1507 342 1507 453 1508 1783 1508 479 1508 1780 1509 1783 1509 453 1509 1783 1510 1784 1510 479 1510 479 1511 1784 1511 502 1511 1784 892 1782 892 502 892 502 892 1782 892 530 892 1782 1512 1778 1512 530 1512 530 1512 1778 1512 617 1512 1778 1513 1775 1513 617 1513 617 1514 1775 1514 623 1514 623 1515 1775 1515 631 1515 1775 1516 1767 1516 631 1516 1767 1517 1760 1517 631 1517 631 1517 1760 1517 652 1517 1785 1518 1786 1518 1787 1518 1787 1519 1786 1519 1788 1519 1788 1520 1789 1520 1790 1520 1786 1521 1789 1521 1788 1521 1790 1522 1791 1522 1792 1522 1793 1523 1794 1523 1795 1523 1795 1524 1794 1524 1796 1524 1789 1525 1791 1525 1790 1525 1792 1526 1797 1526 1798 1526 1796 1527 1799 1527 1800 1527 1791 1528 1797 1528 1792 1528 1794 1529 1799 1529 1796 1529 1798 1530 1801 1530 1802 1530 1800 1531 1803 1531 1804 1531 1797 1532 1801 1532 1798 1532 1799 1533 1803 1533 1800 1533 1804 1534 1805 1534 1806 1534 1803 1535 1805 1535 1804 1535 1802 1536 1807 1536 1808 1536 1801 1537 1807 1537 1802 1537 1806 1538 1809 1538 1810 1538 1808 1539 1811 1539 1812 1539 1805 1540 1809 1540 1806 1540 1807 1541 1811 1541 1808 1541 1812 1542 1793 1542 1795 1542 1811 1543 1793 1543 1812 1543 1810 1544 1813 1544 1814 1544 1809 1545 1813 1545 1810 1545 1814 1546 1815 1546 1816 1546 1813 1547 1815 1547 1814 1547 1816 1548 1817 1548 1818 1548 1815 1549 1817 1549 1816 1549 1818 1550 1819 1550 1820 1550 1817 1551 1819 1551 1818 1551 1820 1552 1821 1552 1822 1552 1819 1553 1821 1553 1820 1553 1821 1554 1823 1554 1822 1554 1822 1555 1823 1555 1824 1555 1823 1556 1825 1556 1824 1556 1824 1557 1825 1557 1826 1557 1825 1558 1827 1558 1826 1558 1826 1559 1827 1559 1828 1559 1827 1560 1829 1560 1828 1560 1828 1561 1829 1561 1830 1561 1829 1562 1831 1562 1830 1562 1830 1563 1831 1563 1832 1563 1831 1564 1833 1564 1832 1564 1832 1565 1833 1565 1834 1565 1833 1566 1835 1566 1834 1566 1834 1567 1835 1567 1836 1567 1835 1568 1785 1568 1836 1568 1836 1569 1785 1569 1787 1569 1820 1570 1837 1570 1838 1570 1822 212 1837 212 1820 212 1839 212 1840 212 1788 212 1787 212 1840 212 1836 212 1788 212 1840 212 1787 212 1841 212 1796 212 1842 212 1822 1571 1843 1571 1837 1571 1842 212 1796 212 1844 212 1824 1572 1843 1572 1822 1572 1826 642 1843 642 1824 642 1796 212 1800 212 1844 212 1840 212 1845 212 1836 212 1826 1573 1846 1573 1843 1573 1841 212 1795 212 1796 212 1844 654 1804 654 1847 654 1845 212 1848 212 1836 212 1800 212 1804 212 1844 212 1836 212 1848 212 1834 212 1828 212 1849 212 1826 212 1850 212 1812 212 1841 212 1830 416 1849 416 1828 416 1826 1065 1849 1065 1846 1065 1841 636 1812 636 1795 636 1832 1574 1851 1574 1830 1574 1847 1575 1806 1575 1852 1575 1834 1273 1851 1273 1832 1273 1852 212 1806 212 1853 212 1848 212 1851 212 1834 212 1804 212 1806 212 1847 212 1830 396 1854 396 1849 396 1851 212 1854 212 1830 212 1855 1576 1808 1576 1850 1576 1850 1577 1808 1577 1812 1577 1806 212 1810 212 1853 212 1856 212 1802 212 1855 212 1855 1578 1802 1578 1808 1578 1853 654 1814 654 1857 654 1810 212 1814 212 1853 212 1858 1174 1798 1174 1856 1174 1856 973 1798 973 1802 973 1814 1579 1859 1579 1857 1579 1814 1281 1816 1281 1859 1281 1860 212 1792 212 1858 212 1858 529 1792 529 1798 529 1860 1580 1790 1580 1792 1580 1816 514 1861 514 1859 514 1818 401 1861 401 1816 401 1860 862 1862 862 1790 862 1862 1581 1788 1581 1790 1581 1818 654 1838 654 1861 654 1820 212 1838 212 1818 212 1862 760 1839 760 1788 760 638 1582 1840 1582 731 1582 731 1583 1840 1583 732 1583 1840 1583 1839 1583 732 1583 732 1584 1839 1584 736 1584 1839 1585 1862 1585 736 1585 736 1586 1862 1586 738 1586 1841 1587 1842 1587 647 1587 647 1588 1842 1588 626 1588 1862 1586 1860 1586 738 1586 738 1589 1860 1589 691 1589 626 1011 1844 1011 553 1011 1860 1590 1858 1590 691 1590 1842 1591 1844 1591 626 1591 691 1004 1858 1004 684 1004 553 1592 1847 1592 529 1592 1858 1004 1856 1004 684 1004 684 1593 1856 1593 678 1593 1844 1594 1847 1594 553 1594 678 1595 1855 1595 658 1595 529 1596 1852 1596 501 1596 1856 1593 1855 1593 678 1593 1847 1597 1852 1597 529 1597 1855 1598 1850 1598 658 1598 658 1599 1841 1599 647 1599 501 1600 1853 1600 478 1600 1850 1601 1841 1601 658 1601 1852 1602 1853 1602 501 1602 478 1603 1857 1603 449 1603 1853 1603 1857 1603 478 1603 449 1604 1859 1604 435 1604 1857 1605 1859 1605 449 1605 435 1606 1861 1606 430 1606 1859 1606 1861 1606 435 1606 430 1607 1838 1607 445 1607 445 988 1838 988 469 988 1861 1608 1838 1608 430 1608 469 1609 1837 1609 491 1609 1838 988 1837 988 469 988 1837 1609 1843 1609 491 1609 1843 1610 1846 1610 491 1610 491 1610 1846 1610 525 1610 525 1611 1846 1611 544 1611 1846 1611 1849 1611 544 1611 544 1612 1849 1612 591 1612 1849 1613 1854 1613 591 1613 591 1614 1854 1614 598 1614 1854 982 1851 982 598 982 598 1615 1851 1615 610 1615 1851 1615 1848 1615 610 1615 610 1616 1848 1616 638 1616 1848 1616 1845 1616 638 1616 1845 1617 1840 1617 638 1617 1863 308 1864 308 1865 308 1866 1618 1864 1618 1863 1618 1865 1619 1867 1619 1868 1619 1864 308 1867 308 1865 308 1869 1620 1870 1620 1871 1620 1868 1621 1872 1621 1873 1621 1867 1622 1872 1622 1868 1622 1871 1623 1874 1623 1875 1623 1870 1620 1874 1620 1871 1620 1873 1624 1876 1624 1877 1624 1872 1625 1876 1625 1873 1625 1875 1626 1878 1626 1879 1626 1874 1627 1878 1627 1875 1627 1877 1628 1880 1628 1881 1628 1876 1629 1880 1629 1877 1629 1879 1630 1882 1630 1883 1630 1878 1631 1882 1631 1879 1631 1881 1632 1884 1632 1885 1632 1880 1633 1884 1633 1881 1633 1885 1634 1886 1634 1869 1634 1883 1635 1887 1635 1888 1635 1884 1636 1886 1636 1885 1636 1882 1637 1887 1637 1883 1637 1886 1638 1870 1638 1869 1638 1888 1639 1889 1639 1890 1639 1887 1640 1889 1640 1888 1640 1890 329 1891 329 1892 329 1889 1641 1891 1641 1890 1641 1891 329 1893 329 1892 329 1892 1642 1894 1642 1895 1642 1893 1643 1894 1643 1892 1643 1895 1644 1896 1644 1897 1644 1897 1645 1896 1645 1898 1645 1894 1646 1896 1646 1895 1646 1898 1647 1899 1647 1900 1647 1896 1648 1899 1648 1898 1648 1899 1649 1901 1649 1900 1649 1900 1650 1901 1650 1902 1650 1901 1651 1903 1651 1902 1651 1902 1652 1903 1652 1904 1652 1903 1653 1905 1653 1904 1653 1904 1654 1905 1654 1906 1654 1905 1654 1907 1654 1906 1654 1906 1655 1907 1655 1908 1655 1907 1656 1909 1656 1908 1656 1908 1657 1909 1657 1910 1657 1909 1658 1911 1658 1910 1658 1910 1659 1911 1659 1912 1659 1911 1660 1913 1660 1912 1660 1912 1661 1913 1661 1914 1661 1914 1662 1866 1662 1863 1662 1913 1663 1866 1663 1914 1663 1902 760 1915 760 1916 760 1917 654 1918 654 1868 654 1865 416 1918 416 1863 416 1868 212 1918 212 1865 212 1919 212 1879 212 1920 212 1902 1664 1921 1664 1915 1664 1904 212 1921 212 1902 212 1920 212 1883 212 1922 212 1879 212 1883 212 1920 212 1918 212 1923 212 1863 212 1924 859 1875 859 1919 859 1919 529 1875 529 1879 529 1906 212 1925 212 1904 212 1904 1665 1925 1665 1921 1665 1883 212 1888 212 1922 212 1926 1666 1871 1666 1927 1666 1863 636 1928 636 1914 636 1927 212 1871 212 1924 212 1923 212 1928 212 1863 212 1924 1667 1871 1667 1875 1667 1906 400 1929 400 1925 400 1908 212 1929 212 1906 212 1922 212 1890 212 1930 212 1928 1576 1931 1576 1914 1576 1914 416 1931 416 1912 416 1888 212 1890 212 1922 212 1931 212 1932 212 1912 212 1910 212 1932 212 1908 212 1912 212 1932 212 1910 212 1908 1668 1932 1668 1929 1668 1926 1079 1869 1079 1871 1079 1930 212 1892 212 1933 212 1890 1281 1892 1281 1930 1281 1934 1073 1885 1073 1926 1073 1926 1669 1885 1669 1869 1669 1934 212 1935 212 1885 212 1933 763 1895 763 1936 763 1892 212 1895 212 1933 212 1935 1670 1881 1670 1885 1670 1936 212 1897 212 1937 212 1895 860 1897 860 1936 860 1935 862 1938 862 1881 862 1938 535 1877 535 1881 535 1897 212 1939 212 1937 212 1898 212 1939 212 1897 212 1938 212 1873 212 1877 212 1938 212 1940 212 1873 212 1900 212 1916 212 1898 212 1898 1671 1916 1671 1939 1671 1900 212 1902 212 1916 212 1940 212 1917 212 1873 212 1873 212 1917 212 1868 212 1931 1672 1928 1672 808 1672 808 1673 1928 1673 825 1673 1928 1674 1923 1674 825 1674 825 1674 1923 1674 835 1674 1926 1675 1927 1675 250 1675 1923 308 1918 308 835 308 250 1675 1927 1675 830 1675 835 308 1918 308 845 308 830 1676 1924 1676 814 1676 1918 1677 1917 1677 845 1677 845 1677 1917 1677 852 1677 1927 1678 1924 1678 830 1678 852 1679 1917 1679 856 1679 814 1680 1919 1680 769 1680 1917 1681 1940 1681 856 1681 1924 1682 1919 1682 814 1682 1940 1683 1938 1683 856 1683 856 1684 1938 1684 859 1684 769 1685 1920 1685 763 1685 1919 1686 1920 1686 769 1686 859 1687 1935 1687 216 1687 216 1688 1935 1688 607 1688 763 1689 1922 1689 753 1689 1938 1690 1935 1690 859 1690 1920 1691 1922 1691 763 1691 1935 1692 1934 1692 607 1692 607 1693 1926 1693 250 1693 753 1694 1930 1694 745 1694 1934 1695 1926 1695 607 1695 1922 1694 1930 1694 753 1694 745 329 1933 329 735 329 1930 329 1933 329 745 329 735 1696 1936 1696 703 1696 1933 1696 1936 1696 735 1696 703 1697 1937 1697 697 1697 1936 1698 1937 1698 703 1698 697 1699 1939 1699 692 1699 1937 1700 1939 1700 697 1700 692 1701 1916 1701 700 1701 1939 1702 1916 1702 692 1702 1916 1703 1915 1703 700 1703 700 1704 1915 1704 727 1704 1915 1705 1921 1705 727 1705 727 1706 1921 1706 740 1706 1921 1707 1925 1707 740 1707 740 1707 1925 1707 749 1707 1925 1708 1929 1708 749 1708 749 1709 1929 1709 759 1709 759 1710 1929 1710 795 1710 1929 1711 1932 1711 795 1711 1932 1712 1931 1712 795 1712 795 1713 1931 1713 808 1713 1941 1714 1942 1714 1943 1714 1943 1715 1942 1715 1944 1715 1942 1716 1945 1716 1944 1716 1944 1717 1945 1717 1946 1717 1947 1718 1948 1718 1949 1718 1946 1719 1950 1719 1951 1719 1945 1720 1950 1720 1946 1720 1949 1721 1952 1721 1953 1721 1948 1722 1952 1722 1949 1722 1951 1723 1954 1723 1955 1723 1950 1724 1954 1724 1951 1724 1953 1725 1956 1725 1957 1725 1952 1726 1956 1726 1953 1726 1955 1727 1958 1727 1959 1727 1954 1728 1958 1728 1955 1728 1957 1729 1960 1729 1961 1729 1956 1730 1960 1730 1957 1730 1959 1731 1962 1731 1963 1731 1958 1732 1962 1732 1959 1732 1961 1733 1964 1733 1965 1733 1963 1734 1966 1734 1947 1734 1962 1735 1966 1735 1963 1735 1960 1736 1964 1736 1961 1736 1966 1737 1948 1737 1947 1737 1965 1738 1967 1738 1968 1738 1964 1739 1967 1739 1965 1739 1968 1740 1969 1740 1970 1740 1967 1741 1969 1741 1968 1741 1970 1742 1971 1742 1972 1742 1969 1743 1971 1743 1970 1743 1972 1744 1973 1744 1974 1744 1971 1745 1973 1745 1972 1745 1974 1746 1975 1746 1976 1746 1973 1747 1975 1747 1974 1747 1976 1748 1977 1748 1978 1748 1975 1749 1977 1749 1976 1749 1977 1750 1979 1750 1978 1750 1978 1751 1979 1751 1980 1751 1979 1752 1981 1752 1980 1752 1980 1753 1981 1753 1982 1753 1981 1754 1983 1754 1982 1754 1982 1755 1983 1755 1984 1755 1983 1756 1985 1756 1984 1756 1984 1757 1985 1757 1986 1757 1985 1758 1987 1758 1986 1758 1986 1759 1987 1759 1988 1759 1987 1760 1989 1760 1988 1760 1988 1761 1989 1761 1990 1761 1989 1762 1991 1762 1990 1762 1990 1763 1991 1763 1992 1763 1991 1764 1941 1764 1992 1764 1992 1765 1941 1765 1943 1765 1988 212 1993 212 1994 212 1995 212 1996 212 1947 212 1963 212 1996 212 1959 212 1947 212 1996 212 1963 212 1997 212 1972 212 1998 212 1988 212 1999 212 1993 212 1990 212 1999 212 1988 212 1997 510 1970 510 1972 510 1998 212 1974 212 2000 212 1996 638 2001 638 1959 638 1972 212 1974 212 1998 212 1959 212 2001 212 1955 212 2002 212 1968 212 2003 212 1990 1766 2004 1766 1999 1766 2003 212 1968 212 1997 212 1992 1767 2004 1767 1990 1767 1997 212 1968 212 1970 212 1943 212 2004 212 1992 212 2000 646 1976 646 2005 646 2005 212 1976 212 2006 212 1974 656 1976 656 2000 656 2001 641 2007 641 1955 641 1955 524 2007 524 1951 524 1943 760 2008 760 2004 760 2002 1768 1965 1768 1968 1768 1951 1769 2009 1769 1946 1769 2007 212 2009 212 1951 212 1943 212 2010 212 2008 212 1944 212 2010 212 1943 212 1946 212 2010 212 1944 212 1976 1770 1978 1770 2006 1770 2009 651 2011 651 1946 651 1946 1168 2011 1168 2010 1168 2012 212 1961 212 2002 212 2002 1771 1961 1771 1965 1771 2006 212 1980 212 2013 212 1978 212 1980 212 2006 212 2014 212 1957 212 2012 212 2012 212 1957 212 1961 212 1980 212 2015 212 2013 212 2014 212 2016 212 1957 212 1980 1075 1982 1075 2015 1075 2016 527 1953 527 1957 527 1982 535 1984 535 2015 535 2015 212 1984 212 2017 212 2016 1772 1949 1772 1953 1772 2016 651 2018 651 1949 651 2018 212 1947 212 1949 212 1986 212 1994 212 1984 212 1984 1773 1994 1773 2017 1773 2018 212 1995 212 1947 212 1986 212 1988 212 1994 212 1999 657 2004 657 441 657 2004 1303 2008 1303 441 1303 441 1303 2008 1303 463 1303 463 1774 2008 1774 523 1774 2008 1775 2010 1775 523 1775 1995 1776 2018 1776 385 1776 385 1776 2018 1776 364 1776 2010 1777 2011 1777 523 1777 523 1778 2011 1778 566 1778 364 1779 2016 1779 362 1779 2018 1780 2016 1780 364 1780 2011 667 2009 667 566 667 566 666 2009 666 601 666 362 1781 2014 1781 699 1781 2016 1781 2014 1781 362 1781 2009 1782 2007 1782 601 1782 601 1783 2007 1783 633 1783 633 1784 2007 1784 669 1784 699 1785 2012 1785 673 1785 2014 1785 2012 1785 699 1785 2007 1786 2001 1786 669 1786 669 1787 2001 1787 815 1787 673 1788 2002 1788 648 1788 2012 1788 2002 1788 673 1788 2001 1787 1996 1787 815 1787 815 1789 1995 1789 385 1789 1996 1789 1995 1789 815 1789 648 1287 2003 1287 608 1287 2002 1287 2003 1287 648 1287 608 1288 1997 1288 578 1288 2003 1790 1997 1790 608 1790 578 684 1998 684 537 684 1997 1289 1998 1289 578 1289 537 1791 2000 1791 466 1791 1998 1792 2000 1792 537 1792 466 686 2005 686 443 686 2000 686 2005 686 466 686 443 689 2006 689 421 689 2005 1793 2006 1793 443 1793 2006 690 2013 690 421 690 421 690 2013 690 396 690 2013 693 2015 693 396 693 396 1794 2015 1794 380 1794 380 1795 2015 1795 366 1795 2015 1290 2017 1290 366 1290 2017 1796 1994 1796 366 1796 366 1797 1994 1797 378 1797 378 1798 1994 1798 393 1798 1994 1798 1993 1798 393 1798 1993 1299 1999 1299 393 1299 393 1799 1999 1799 416 1799 416 1301 1999 1301 441 1301 2019 1800 2020 1800 2021 1800 2021 1801 2020 1801 2022 1801 2020 1802 2023 1802 2022 1802 2022 1803 2023 1803 2024 1803 2024 1804 2025 1804 2026 1804 2023 1805 2025 1805 2024 1805 2027 1806 2028 1806 2029 1806 2029 1807 2028 1807 2030 1807 2025 1808 2031 1808 2026 1808 2026 1809 2031 1809 2032 1809 2030 1810 2033 1810 2034 1810 2028 1811 2033 1811 2030 1811 2032 1812 2035 1812 2036 1812 2031 1813 2035 1813 2032 1813 2034 1814 2037 1814 2038 1814 2036 1815 2039 1815 2040 1815 2033 1816 2037 1816 2034 1816 2035 1817 2039 1817 2036 1817 2038 1818 2041 1818 2042 1818 2037 1819 2041 1819 2038 1819 2040 1820 2043 1820 2044 1820 2039 1821 2043 1821 2040 1821 2042 1822 2045 1822 2046 1822 2044 1823 2047 1823 2029 1823 2041 1824 2045 1824 2042 1824 2043 1825 2047 1825 2044 1825 2047 1826 2027 1826 2029 1826 2046 1827 2048 1827 2049 1827 2045 1828 2048 1828 2046 1828 2049 1829 2050 1829 2051 1829 2048 1830 2050 1830 2049 1830 2051 1831 2052 1831 2053 1831 2050 1832 2052 1832 2051 1832 2053 1833 2054 1833 2055 1833 2052 1834 2054 1834 2053 1834 2055 1835 2056 1835 2057 1835 2054 1836 2056 1836 2055 1836 2056 1837 2058 1837 2057 1837 2057 1838 2058 1838 2059 1838 2058 1839 2060 1839 2059 1839 2059 1840 2060 1840 2061 1840 2060 1841 2062 1841 2061 1841 2061 1842 2062 1842 2063 1842 2062 1843 2064 1843 2063 1843 2063 1844 2064 1844 2065 1844 2064 1845 2066 1845 2065 1845 2065 1846 2066 1846 2067 1846 2066 1847 2068 1847 2067 1847 2067 1848 2068 1848 2069 1848 2068 1849 2070 1849 2069 1849 2069 1850 2070 1850 2071 1850 2070 1851 2019 1851 2071 1851 2071 1852 2019 1852 2021 1852 2024 1853 2072 1853 2022 1853 2073 521 2074 521 2038 521 2075 1473 2059 1473 2076 1473 2024 1854 2077 1854 2072 1854 2076 212 2059 212 2061 212 2026 212 2077 212 2024 212 2076 212 2063 212 2078 212 2061 212 2063 212 2076 212 2079 212 2057 212 2075 212 2075 520 2057 520 2059 520 2078 763 2065 763 2080 763 2063 212 2065 212 2078 212 2034 212 2081 212 2030 212 2082 1855 2055 1855 2083 1855 2038 1478 2081 1478 2034 1478 2083 651 2055 651 2079 651 2074 212 2081 212 2038 212 2079 1856 2055 1856 2057 1856 2026 1857 2084 1857 2077 1857 2080 1858 2067 1858 2085 1858 2032 212 2084 212 2026 212 2065 212 2067 212 2080 212 2030 212 2086 212 2029 212 2081 654 2086 654 2030 654 2082 1859 2053 1859 2055 1859 2032 1860 2087 1860 2084 1860 2036 212 2087 212 2032 212 2040 212 2087 212 2036 212 2085 643 2069 643 2088 643 2086 212 2089 212 2029 212 2029 974 2089 974 2044 974 2067 212 2069 212 2085 212 2040 511 2090 511 2087 511 2091 212 2051 212 2082 212 2089 212 2092 212 2044 212 2044 636 2092 636 2040 636 2040 212 2092 212 2090 212 2082 1861 2051 1861 2053 1861 2088 212 2071 212 2093 212 2069 212 2071 212 2088 212 2094 1862 2049 1862 2091 1862 2091 1863 2049 1863 2051 1863 2093 517 2021 517 2095 517 2071 1864 2021 1864 2093 1864 2094 212 2096 212 2049 212 2049 212 2096 212 2046 212 2021 212 2097 212 2095 212 2022 212 2097 212 2021 212 2046 212 2073 212 2042 212 2096 1865 2073 1865 2046 1865 2073 212 2038 212 2042 212 2022 868 2072 868 2097 868 2093 1866 2095 1866 274 1866 274 1867 2095 1867 267 1867 2095 1868 2097 1868 267 1868 267 1869 2097 1869 271 1869 2089 1870 2086 1870 243 1870 2097 1871 2072 1871 271 1871 243 1870 2086 1870 827 1870 271 1872 2072 1872 279 1872 827 1873 2081 1873 522 1873 2072 1874 2077 1874 279 1874 279 1874 2077 1874 296 1874 2086 1873 2081 1873 827 1873 296 1875 2077 1875 317 1875 522 1876 2074 1876 511 1876 2077 1875 2084 1875 317 1875 2081 1877 2074 1877 522 1877 2084 1878 2087 1878 317 1878 317 1878 2087 1878 337 1878 511 1517 2073 1517 496 1517 2074 1879 2073 1879 511 1879 337 1880 2090 1880 358 1880 358 1881 2090 1881 384 1881 496 1882 2096 1882 482 1882 2087 1880 2090 1880 337 1880 2073 1883 2096 1883 496 1883 2090 1884 2092 1884 384 1884 384 1885 2089 1885 243 1885 482 1886 2094 1886 465 1886 2092 1885 2089 1885 384 1885 2096 1887 2094 1887 482 1887 465 1888 2091 1888 447 1888 2094 1889 2091 1889 465 1889 447 1890 2082 1890 425 1890 2091 1890 2082 1890 447 1890 425 1891 2083 1891 413 1891 2082 897 2083 897 425 897 413 1892 2079 1892 414 1892 2083 1893 2079 1893 413 1893 414 901 2075 901 434 901 2079 901 2075 901 414 901 2075 903 2076 903 434 903 434 1894 2076 1894 387 1894 2076 1895 2078 1895 387 1895 387 1896 2078 1896 352 1896 2078 1897 2080 1897 352 1897 352 1898 2080 1898 328 1898 2080 1899 2085 1899 328 1899 328 1899 2085 1899 312 1899 312 1900 2085 1900 287 1900 2085 1901 2088 1901 287 1901 2088 1902 2093 1902 287 1902 287 1902 2093 1902 274 1902 2098 1903 2099 1903 2100 1903 2101 1904 2099 1904 2098 1904 2100 1905 2102 1905 2103 1905 2099 1906 2102 1906 2100 1906 2104 1907 2105 1907 2106 1907 2106 1908 2105 1908 2107 1908 2103 1909 2108 1909 2109 1909 2102 1910 2108 1910 2103 1910 2107 1911 2110 1911 2111 1911 2105 1912 2110 1912 2107 1912 2109 1228 2112 1228 2113 1228 2108 1913 2112 1913 2109 1913 2111 1914 2114 1914 2115 1914 2110 1915 2114 1915 2111 1915 2113 1916 2116 1916 2117 1916 2112 1917 2116 1917 2113 1917 2115 1918 2118 1918 2119 1918 2114 1919 2118 1919 2115 1919 2117 1920 2120 1920 2121 1920 2116 1921 2120 1921 2117 1921 2121 1922 2122 1922 2106 1922 2119 1923 2123 1923 2124 1923 2120 1924 2122 1924 2121 1924 2118 1925 2123 1925 2119 1925 2122 1926 2104 1926 2106 1926 2124 1927 2125 1927 2126 1927 2123 1928 2125 1928 2124 1928 2126 1929 2127 1929 2128 1929 2125 1930 2127 1930 2126 1930 2128 1931 2129 1931 2130 1931 2127 1932 2129 1932 2128 1932 2130 1933 2131 1933 2132 1933 2129 1934 2131 1934 2130 1934 2132 1935 2133 1935 2134 1935 2131 1936 2133 1936 2132 1936 2133 1937 2135 1937 2134 1937 2134 1938 2135 1938 2136 1938 2135 1939 2137 1939 2136 1939 2136 1940 2137 1940 2138 1940 2137 1941 2139 1941 2138 1941 2138 1942 2139 1942 2140 1942 2139 1943 2141 1943 2140 1943 2140 1944 2141 1944 2142 1944 2141 1945 2143 1945 2142 1945 2142 1946 2143 1946 2144 1946 2144 1947 2145 1947 2146 1947 2143 1948 2145 1948 2144 1948 2146 1949 2147 1949 2148 1949 2145 1950 2147 1950 2146 1950 2148 1951 2149 1951 2150 1951 2147 1952 2149 1952 2148 1952 2150 1953 2101 1953 2098 1953 2149 1954 2101 1954 2150 1954 2111 1176 2151 1176 2152 1176 2115 212 2151 212 2111 212 2153 756 2154 756 2138 756 2155 1065 2103 1065 2156 1065 2156 1955 2103 1955 2157 1955 2115 1854 2158 1854 2151 1854 2119 212 2158 212 2115 212 2155 1772 2100 1772 2103 1772 2157 212 2109 212 2159 212 2103 212 2109 212 2157 212 2154 212 2160 212 2138 212 2136 212 2160 212 2134 212 2138 647 2160 647 2136 647 2161 212 2098 212 2155 212 2155 212 2098 212 2100 212 2119 1956 2162 1956 2158 1956 2124 212 2162 212 2119 212 2126 212 2162 212 2124 212 2109 413 2113 413 2159 413 2160 646 2163 646 2134 646 2164 651 2150 651 2161 651 2126 1957 2165 1957 2162 1957 2161 645 2150 645 2098 645 2134 535 2166 535 2132 535 2163 212 2166 212 2134 212 2159 1958 2117 1958 2167 1958 2128 212 2168 212 2126 212 2113 212 2117 212 2159 212 2126 212 2168 212 2165 212 2130 863 2169 863 2128 863 2170 1666 2148 1666 2164 1666 2132 410 2169 410 2130 410 2166 212 2169 212 2132 212 2164 1959 2148 1959 2150 1959 2128 212 2169 212 2168 212 2167 396 2121 396 2171 396 2117 212 2121 212 2167 212 2172 212 2146 212 2170 212 2170 1960 2146 1960 2148 1960 2171 212 2106 212 2173 212 2121 212 2106 212 2171 212 2174 1961 2144 1961 2172 1961 2172 652 2144 652 2146 652 2173 212 2107 212 2175 212 2106 863 2107 863 2173 863 2174 655 2176 655 2144 655 2144 212 2176 212 2142 212 2107 653 2111 653 2175 653 2111 212 2152 212 2175 212 2176 655 2153 655 2142 655 2142 656 2153 656 2140 656 2153 1962 2138 1962 2140 1962 545 1285 2164 1285 526 1285 526 680 2164 680 493 680 2164 680 2161 680 493 680 493 1963 2161 1963 470 1963 2161 1964 2155 1964 470 1964 470 1965 2155 1965 446 1965 2173 1966 2175 1966 242 1966 242 1966 2175 1966 226 1966 2155 1967 2156 1967 446 1967 446 1293 2156 1293 431 1293 226 1968 2152 1968 240 1968 2156 1291 2157 1291 431 1291 2175 1969 2152 1969 226 1969 431 1970 2157 1970 432 1970 240 1971 2151 1971 273 1971 2157 1972 2159 1972 432 1972 432 1973 2159 1973 320 1973 2152 1971 2151 1971 240 1971 320 1974 2167 1974 276 1974 273 1975 2158 1975 313 1975 2159 1976 2167 1976 320 1976 2151 1975 2158 1975 273 1975 2167 1974 2171 1974 276 1974 276 1977 2173 1977 242 1977 313 1978 2162 1978 350 1978 2171 1977 2173 1977 276 1977 2158 1978 2162 1978 313 1978 350 659 2165 659 373 659 2162 659 2165 659 350 659 373 660 2168 660 397 660 2165 1979 2168 1979 373 1979 397 663 2169 663 439 663 2168 662 2169 662 397 662 439 1980 2166 1980 486 1980 486 670 2166 670 512 670 2169 1981 2166 1981 439 1981 512 1982 2163 1982 538 1982 2166 670 2163 670 512 670 2163 671 2160 671 538 671 2160 675 2154 675 538 675 538 675 2154 675 556 675 556 1311 2154 1311 720 1311 2154 1983 2153 1983 720 1983 720 1984 2153 1984 611 1984 2153 661 2176 661 611 661 611 1985 2176 1985 604 1985 2176 1986 2174 1986 604 1986 604 1987 2174 1987 592 1987 2174 1987 2172 1987 592 1987 592 673 2172 673 545 673 2172 1988 2170 1988 545 1988 2170 676 2164 676 545 676 2177 329 2178 329 2179 329 2179 1642 2178 1642 2180 1642 2181 1654 2182 1654 2183 1654 2178 1643 2184 1643 2180 1643 2180 1989 2184 1989 2185 1989 2183 1655 2186 1655 2187 1655 2182 1654 2186 1654 2183 1654 2184 1990 2188 1990 2185 1990 2185 1991 2188 1991 2189 1991 2187 1657 2190 1657 2191 1657 2188 1992 2192 1992 2189 1992 2186 1656 2190 1656 2187 1656 2189 1647 2192 1647 2193 1647 2191 1993 2194 1993 2195 1993 2193 1650 2196 1650 2197 1650 2190 1658 2194 1658 2191 1658 2192 1649 2196 1649 2193 1649 2197 1652 2198 1652 2181 1652 2196 1651 2198 1651 2197 1651 2195 1994 2199 1994 2200 1994 2194 1995 2199 1995 2195 1995 2198 1996 2182 1996 2181 1996 2200 1662 2201 1662 2202 1662 2199 1997 2201 1997 2200 1997 2202 308 2203 308 2204 308 2201 1618 2203 1618 2202 1618 2204 1619 2205 1619 2206 1619 2203 308 2205 308 2204 308 2206 1998 2207 1998 2208 1998 2205 1622 2207 1622 2206 1622 2208 1999 2209 1999 2210 1999 2207 2000 2209 2000 2208 2000 2210 1628 2211 1628 2212 1628 2209 2001 2211 2001 2210 2001 2211 1633 2213 1633 2212 1633 2212 1632 2213 1632 2214 1632 2213 1636 2215 1636 2214 1636 2214 1634 2215 1634 2216 1634 2215 2002 2217 2002 2216 2002 2216 1620 2217 1620 2218 1620 2217 1620 2219 1620 2218 1620 2218 1623 2219 1623 2220 1623 2219 1627 2221 1627 2220 1627 2220 1626 2221 1626 2222 1626 2221 1631 2223 1631 2222 1631 2222 2003 2223 2003 2224 2003 2223 2004 2225 2004 2224 2004 2224 2005 2225 2005 2226 2005 2225 2006 2227 2006 2226 2006 2226 1639 2227 1639 2228 1639 2227 1641 2177 1641 2228 1641 2228 329 2177 329 2179 329 2229 2007 2230 2007 2208 2007 2208 212 2230 212 2206 212 2193 394 2231 394 2232 394 2197 212 2231 212 2193 212 2181 212 2231 212 2197 212 2230 756 2233 756 2206 756 2204 405 2233 405 2202 405 2206 212 2233 212 2204 212 2234 212 2224 212 2235 212 2235 2008 2224 2008 2236 2008 2222 212 2224 212 2234 212 2237 212 2220 212 2234 212 2234 1574 2220 1574 2222 1574 2224 212 2226 212 2236 212 2181 2009 2238 2009 2231 2009 2239 2010 2218 2010 2240 2010 2240 760 2218 760 2237 760 2237 212 2218 212 2220 212 2233 212 2241 212 2202 212 2183 212 2242 212 2181 212 2236 212 2228 212 2243 212 2181 2011 2242 2011 2238 2011 2226 212 2228 212 2236 212 2202 974 2244 974 2200 974 2241 212 2244 212 2202 212 2239 2012 2216 2012 2218 2012 2187 2013 2245 2013 2183 2013 2243 212 2179 212 2246 212 2183 212 2245 212 2242 212 2228 1378 2179 1378 2243 1378 2200 212 2247 212 2195 212 2244 212 2247 212 2200 212 2248 2014 2214 2014 2239 2014 2191 212 2249 212 2187 212 2195 212 2249 212 2191 212 2239 2015 2214 2015 2216 2015 2187 394 2249 394 2245 394 2247 212 2249 212 2195 212 2246 396 2180 396 2250 396 2179 212 2180 212 2246 212 2251 212 2212 212 2248 212 2248 212 2212 212 2214 212 2180 400 2252 400 2250 400 2180 212 2185 212 2252 212 2253 2016 2210 2016 2251 2016 2251 529 2210 529 2212 529 2185 212 2254 212 2252 212 2189 212 2254 212 2185 212 2210 212 2229 212 2208 212 2253 212 2229 212 2210 212 2189 212 2232 212 2254 212 2193 642 2232 642 2189 642 2235 2017 2236 2017 853 2017 853 2018 2236 2018 846 2018 2236 1694 2243 1694 846 1694 846 1694 2243 1694 838 1694 2238 2019 2242 2019 244 2019 2243 329 2246 329 838 329 244 2019 2242 2019 248 2019 838 329 2246 329 829 329 248 1709 2245 1709 294 1709 2246 1696 2250 1696 829 1696 829 1696 2250 1696 821 1696 2242 1708 2245 1708 248 1708 821 2020 2250 2020 809 2020 294 2021 2249 2021 264 2021 2250 2022 2252 2022 809 2022 2245 2023 2249 2023 294 2023 2252 2024 2254 2024 809 2024 809 2025 2254 2025 804 2025 264 2026 2247 2026 236 2026 2249 2027 2247 2027 264 2027 804 2028 2232 2028 818 2028 818 1703 2232 1703 824 1703 236 2029 2244 2029 232 2029 2254 2030 2232 2030 804 2030 2247 2031 2244 2031 236 2031 2232 1704 2231 1704 824 1704 824 2032 2238 2032 244 2032 232 1674 2241 1674 233 1674 2231 2033 2238 2033 824 2033 2244 1674 2241 1674 232 1674 233 308 2233 308 259 308 2241 308 2233 308 233 308 259 1677 2230 1677 290 1677 2233 1677 2230 1677 259 1677 290 2034 2229 2034 331 2034 2230 2035 2229 2035 290 2035 331 2036 2253 2036 361 2036 2229 2037 2253 2037 331 2037 361 2038 2251 2038 389 2038 2253 2039 2251 2039 361 2039 2251 1688 2248 1688 389 1688 389 1692 2248 1692 411 1692 2248 2040 2239 2040 411 2040 411 2041 2239 2041 517 2041 2239 2042 2240 2042 517 2042 517 2042 2240 2042 518 2042 2240 1678 2237 1678 518 1678 518 1676 2237 1676 862 1676 862 2043 2237 2043 860 2043 2237 2044 2234 2044 860 2044 2234 2045 2235 2045 860 2045 860 2046 2235 2046 853 2046 2255 2047 2256 2047 2257 2047 2258 2048 2259 2048 2260 2048 2256 2049 2259 2049 2258 2049 2260 2050 2261 2050 2262 2050 2259 2051 2261 2051 2260 2051 2263 2052 2264 2052 2265 2052 2265 2053 2264 2053 2266 2053 2262 2054 2267 2054 2268 2054 2261 2055 2267 2055 2262 2055 2266 2056 2269 2056 2270 2056 2264 2057 2269 2057 2266 2057 2268 2058 2271 2058 2272 2058 2267 2059 2271 2059 2268 2059 2270 2060 2273 2060 2274 2060 2269 2061 2273 2061 2270 2061 2272 2062 2275 2062 2276 2062 2274 2063 2277 2063 2278 2063 2271 2064 2275 2064 2272 2064 2273 2065 2277 2065 2274 2065 2276 2066 2279 2066 2280 2066 2275 2067 2279 2067 2276 2067 2278 2068 2281 2068 2282 2068 2279 2069 2263 2069 2280 2069 2277 2070 2281 2070 2278 2070 2280 2071 2263 2071 2265 2071 2282 2072 2283 2072 2284 2072 2281 2073 2283 2073 2282 2073 2284 2074 2285 2074 2286 2074 2283 2075 2285 2075 2284 2075 2286 2076 2287 2076 2288 2076 2285 2077 2287 2077 2286 2077 2288 2078 2289 2078 2290 2078 2287 2079 2289 2079 2288 2079 2290 2080 2291 2080 2292 2080 2289 2081 2291 2081 2290 2081 2291 2082 2293 2082 2292 2082 2292 2083 2293 2083 2294 2083 2293 2084 2295 2084 2294 2084 2294 2085 2295 2085 2296 2085 2295 2086 2297 2086 2296 2086 2296 2087 2297 2087 2298 2087 2297 2088 2299 2088 2298 2088 2298 2089 2299 2089 2300 2089 2299 2090 2301 2090 2300 2090 2300 2091 2301 2091 2302 2091 2301 2092 2303 2092 2302 2092 2302 2093 2303 2093 2304 2093 2304 2094 2305 2094 2306 2094 2303 2095 2305 2095 2304 2095 2305 2096 2255 2096 2306 2096 2306 2097 2255 2097 2257 2097 2257 2098 2256 2098 2258 2098 2284 651 2307 651 2308 651 2286 2099 2307 2099 2284 2099 2309 643 2310 643 2304 643 2311 514 2276 514 2312 514 2312 212 2276 212 2313 212 2286 400 2314 400 2307 400 2313 2100 2276 2100 2280 2100 2288 212 2314 212 2286 212 2315 212 2265 212 2316 212 2313 212 2265 212 2315 212 2280 212 2265 212 2313 212 2311 2101 2272 2101 2276 2101 2310 212 2317 212 2304 212 2265 212 2266 212 2316 212 2304 1478 2317 1478 2302 1478 2288 1062 2318 1062 2314 1062 2290 212 2318 212 2288 212 2319 212 2268 212 2311 212 2311 212 2268 212 2272 212 2316 2102 2270 2102 2320 2102 2302 653 2321 653 2300 653 2266 212 2270 212 2316 212 2317 212 2321 212 2302 212 2322 212 2262 212 2319 212 2290 868 2323 868 2318 868 2292 212 2323 212 2290 212 2319 2103 2262 2103 2268 2103 2300 530 2324 530 2298 530 2321 212 2324 212 2300 212 2320 1178 2274 1178 2325 1178 2292 212 2326 212 2323 212 2294 212 2326 212 2292 212 2270 212 2274 212 2320 212 2296 212 2327 212 2294 212 2274 212 2328 212 2325 212 2298 212 2327 212 2296 212 2329 212 2260 212 2322 212 2294 2104 2327 2104 2326 2104 2324 212 2327 212 2298 212 2322 399 2260 399 2262 399 2274 212 2278 212 2328 212 2330 2105 2258 2105 2329 2105 2329 408 2258 408 2260 408 2278 525 2282 525 2328 525 2328 868 2282 868 2331 868 2330 1772 2257 1772 2258 1772 2330 212 2332 212 2257 212 2282 412 2308 412 2331 412 2284 212 2308 212 2282 212 2332 1865 2309 1865 2257 1865 2257 636 2309 636 2306 636 2309 535 2304 535 2306 535 2309 2106 2332 2106 734 2106 734 2107 2332 2107 711 2107 2332 2108 2330 2108 711 2108 711 2109 2330 2109 712 2109 2315 2110 2316 2110 228 2110 2330 2111 2329 2111 712 2111 228 2110 2316 2110 606 2110 712 2112 2329 2112 730 2112 606 2113 2320 2113 596 2113 2329 2114 2322 2114 730 2114 730 2114 2322 2114 748 2114 2316 2113 2320 2113 606 2113 748 2115 2322 2115 762 2115 596 2116 2325 2116 587 2116 2322 2115 2319 2115 762 2115 2320 2117 2325 2117 596 2117 2319 2118 2311 2118 762 2118 762 2118 2311 2118 772 2118 587 911 2328 911 568 911 2325 2119 2328 2119 587 2119 772 2120 2312 2120 238 2120 238 2121 2312 2121 227 2121 568 2122 2331 2122 558 2122 2311 2120 2312 2120 772 2120 2328 2123 2331 2123 568 2123 2312 2124 2313 2124 227 2124 227 2125 2315 2125 228 2125 558 2126 2308 2126 562 2126 2313 2125 2315 2125 227 2125 2331 2127 2308 2127 558 2127 562 2128 2307 2128 579 2128 2308 2129 2307 2129 562 2129 579 2130 2314 2130 590 2130 2307 2130 2314 2130 579 2130 590 2131 2318 2131 599 2131 2314 1504 2318 1504 590 1504 599 2132 2323 2132 612 2132 2318 2133 2323 2133 599 2133 612 1508 2326 1508 620 1508 2323 1508 2326 1508 612 1508 2326 1510 2327 1510 620 1510 620 2134 2327 2134 627 2134 2327 2135 2324 2135 627 2135 627 2136 2324 2136 694 2136 2324 2137 2321 2137 694 2137 694 2138 2321 2138 695 2138 2321 2139 2317 2139 695 2139 695 2139 2317 2139 766 2139 766 2140 2317 2140 752 2140 2317 2141 2310 2141 752 2141 2310 2142 2309 2142 752 2142 752 2142 2309 2142 734 2142 2333 2143 2334 2143 2335 2143 2334 2144 2336 2144 2335 2144 2337 2145 2338 2145 2339 2145 2337 2146 2340 2146 2338 2146 2334 2147 2341 2147 2336 2147 2341 2144 2342 2144 2336 2144 2343 2148 2344 2148 2345 2148 2340 2144 2346 2144 2338 2144 2345 2149 2347 2149 2348 2149 2344 2144 2347 2144 2345 2144 2340 2150 2349 2150 2346 2150 2350 2151 2351 2151 2343 2151 2341 2152 2352 2152 2342 2152 2343 2144 2351 2144 2344 2144 2348 2153 2353 2153 2354 2153 2352 2144 2355 2144 2342 2144 2347 2144 2353 2144 2348 2144 2349 2154 2356 2154 2346 2154 2357 2155 2358 2155 2350 2155 2349 2156 2359 2156 2356 2156 2350 2144 2358 2144 2351 2144 2354 2144 2360 2144 2361 2144 2355 2144 2362 2144 2363 2144 2352 2144 2362 2144 2355 2144 2353 2157 2360 2157 2354 2157 2359 2158 2364 2158 2356 2158 2365 2144 2366 2144 2357 2144 2357 2159 2366 2159 2358 2159 2363 2160 2367 2160 2368 2160 2361 2161 2369 2161 2370 2161 2362 2162 2367 2162 2363 2162 2360 2144 2369 2144 2361 2144 2371 2144 2372 2144 2359 2144 2373 2144 2374 2144 2365 2144 2359 2144 2372 2144 2364 2144 2365 2163 2374 2163 2366 2163 2373 2144 2375 2144 2374 2144 2368 2144 2376 2144 2377 2144 2369 2164 2378 2164 2370 2164 2367 2165 2376 2165 2368 2165 2378 2144 2379 2144 2370 2144 2375 2166 2380 2166 2374 2166 2375 2144 2381 2144 2380 2144 2382 2167 2383 2167 2371 2167 2371 2168 2383 2168 2372 2168 2378 2144 2384 2144 2379 2144 2384 2144 2385 2144 2379 2144 2381 2169 2386 2169 2380 2169 2381 2170 2387 2170 2386 2170 2377 2144 2388 2144 2389 2144 2376 2144 2388 2144 2377 2144 2384 2144 2390 2144 2385 2144 2391 2171 2392 2171 2382 2171 2382 2172 2392 2172 2383 2172 2390 2144 2393 2144 2385 2144 2389 2173 2394 2173 2395 2173 2388 2144 2394 2144 2389 2144 2387 2144 2396 2144 2386 2144 2397 2174 2398 2174 2391 2174 2387 2175 2333 2175 2396 2175 2391 2144 2398 2144 2392 2144 2394 2176 2399 2176 2395 2176 2390 2177 2400 2177 2393 2177 2397 2178 2399 2178 2398 2178 2395 2179 2399 2179 2397 2179 2400 2144 2339 2144 2393 2144 2333 2144 2335 2144 2396 2144 2400 2180 2337 2180 2339 2180 2401 2181 1092 2181 1088 2181 948 2144 2402 2144 930 2144 944 2144 2402 2144 948 2144 940 2182 2402 2182 944 2182 936 2144 2402 2144 940 2144 932 2144 2402 2144 936 2144 927 2144 2402 2144 932 2144 2403 2183 2402 2183 927 2183 2404 2184 1585 2184 1583 2184 2145 2144 1831 2144 2147 2144 1326 2144 1320 2144 2405 2144 2147 2185 1831 2185 1829 2185 2405 2186 1330 2186 1326 2186 2405 2187 1318 2187 2406 2187 1320 2144 1318 2144 2405 2144 2405 2188 1332 2188 1330 2188 1318 2189 1315 2189 2406 2189 2407 2190 1336 2190 2405 2190 2405 2191 1336 2191 1332 2191 1315 2144 1314 2144 2406 2144 2407 2192 1340 2192 1336 2192 2407 2193 1344 2193 1340 2193 1757 2194 2408 2194 2409 2194 1799 2144 2408 2144 1749 2144 1755 2195 2408 2195 1757 2195 1753 2144 2408 2144 1755 2144 1751 2196 2408 2196 1753 2196 1749 2144 2408 2144 1751 2144 1314 2197 1365 2197 2406 2197 1794 2198 2408 2198 1799 2198 2407 2199 1322 2199 1344 2199 1365 2144 1363 2144 2406 2144 2407 2200 1323 2200 1322 2200 2143 2201 2410 2201 2145 2201 2141 2144 2410 2144 2143 2144 2139 2202 2410 2202 2141 2202 2137 2203 2410 2203 2139 2203 2407 2204 1328 2204 1323 2204 2145 2144 2410 2144 1831 2144 1831 2144 2410 2144 1833 2144 930 2144 2410 2144 2137 2144 2402 2144 2410 2144 930 2144 1794 2205 2411 2205 2408 2205 1793 2144 2411 2144 1794 2144 1811 2144 2411 2144 1793 2144 1107 2144 2412 2144 1109 2144 1807 2144 2411 2144 1811 2144 1801 2144 2411 2144 1807 2144 1797 2144 2411 2144 1801 2144 1791 2144 2411 2144 1797 2144 2410 2206 2413 2206 1833 2206 1791 2207 2413 2207 2411 2207 1789 2208 2413 2208 1791 2208 1109 2144 2412 2144 2414 2144 1786 2144 2413 2144 1789 2144 1554 2144 2415 2144 2416 2144 1785 2209 2413 2209 1786 2209 1835 2210 2413 2210 1785 2210 1833 2144 2413 2144 1835 2144 1551 2211 2415 2211 1554 2211 1553 2212 2415 2212 1551 2212 1601 2144 2415 2144 1553 2144 1599 2144 2415 2144 1601 2144 1597 2144 2415 2144 1599 2144 1595 2144 2415 2144 1597 2144 2404 2213 2417 2213 1585 2213 1589 2144 2417 2144 1591 2144 1587 2144 2417 2144 1589 2144 1585 2144 2417 2144 1587 2144 1236 2214 1235 2214 2418 2214 2406 2215 1983 2215 2419 2215 1985 2216 1983 2216 2406 2216 1102 2144 2283 2144 1105 2144 2419 2217 1405 2217 2420 2217 1409 2144 1405 2144 2419 2144 1105 2144 2281 2144 1107 2144 1107 2218 2281 2218 2412 2218 2283 2219 2281 2219 1105 2219 2406 2220 1987 2220 1985 2220 1102 2221 2285 2221 2283 2221 1363 2144 1987 2144 2406 2144 2281 2222 2277 2222 2412 2222 2419 2223 1413 2223 1409 2223 1098 2144 2287 2144 1102 2144 2418 2144 1239 2144 1236 2144 1102 2224 2287 2224 2285 2224 1235 2144 1286 2144 2418 2144 2277 2144 2273 2144 2412 2144 1405 2144 1401 2144 2420 2144 1094 2144 2289 2144 1098 2144 1983 2144 1981 2144 2419 2144 1098 2225 2289 2225 2287 2225 1363 2226 1989 2226 1987 2226 1361 2144 1989 2144 1363 2144 2273 2144 2269 2144 2412 2144 1086 2227 2421 2227 1090 2227 1104 2144 2421 2144 1086 2144 1100 2144 2421 2144 1104 2144 2419 2228 1415 2228 1413 2228 1096 2144 2421 2144 1100 2144 1092 2229 2421 2229 1096 2229 2401 2230 2421 2230 1092 2230 1090 2144 2291 2144 1094 2144 1094 2231 2291 2231 2289 2231 2269 2144 2264 2144 2412 2144 2421 2144 2293 2144 1090 2144 1090 2232 2293 2232 2291 2232 2418 2144 2422 2144 1239 2144 2264 2144 2263 2144 2412 2144 1239 2144 2422 2144 1241 2144 2421 2233 2295 2233 2293 2233 1286 2144 1284 2144 2418 2144 1401 2234 1396 2234 2420 2234 2421 2235 2297 2235 2295 2235 1981 2144 1979 2144 2419 2144 2279 2144 2423 2144 2263 2144 1359 2236 1991 2236 1361 2236 2275 2237 2423 2237 2279 2237 2271 2144 2423 2144 2275 2144 2263 2238 2423 2238 2412 2238 1361 2239 1991 2239 1989 2239 2419 2240 1399 2240 1415 2240 2422 2241 1247 2241 1241 2241 2271 2144 2267 2144 2423 2144 1284 2144 1282 2144 2418 2144 1396 2144 1394 2144 2420 2144 1979 2242 1977 2242 2419 2242 1595 2243 2424 2243 2415 2243 1593 2244 2424 2244 1595 2244 2422 2245 1251 2245 1247 2245 1359 2246 1941 2246 1991 2246 2301 2247 2425 2247 2303 2247 2299 2144 2425 2144 2301 2144 1357 2144 1941 2144 1359 2144 2297 2144 2425 2144 2299 2144 2421 2248 2425 2248 2297 2248 1977 2249 1403 2249 2419 2249 2419 2250 1403 2250 1399 2250 2255 2251 1039 2251 2256 2251 1593 2144 1645 2144 2424 2144 2418 2252 1280 2252 2407 2252 1591 2144 1645 2144 1593 2144 1282 2144 1280 2144 2418 2144 2417 2144 1645 2144 1591 2144 2417 2253 1649 2253 1645 2253 2426 2254 1649 2254 2417 2254 1039 2144 1037 2144 2256 2144 1394 2144 1444 2144 2420 2144 2256 2144 1037 2144 2259 2144 1977 2144 1975 2144 1403 2144 2422 2255 1255 2255 1251 2255 2255 2256 1041 2256 1039 2256 2305 2144 1041 2144 2255 2144 2426 2257 1653 2257 1649 2257 1357 2258 1942 2258 1941 2258 1645 2144 1641 2144 2424 2144 1355 2144 1942 2144 1357 2144 1037 2144 1035 2144 2259 2144 2259 2144 1035 2144 2261 2144 1975 2259 1407 2259 1403 2259 1280 2144 1278 2144 2407 2144 2407 2144 1278 2144 1328 2144 2305 2260 1043 2260 1041 2260 2303 2144 1043 2144 2305 2144 2425 2144 1043 2144 2303 2144 1641 2261 1636 2261 2424 2261 1328 2262 1278 2262 1334 2262 1444 2144 1442 2144 2420 2144 2426 2263 1655 2263 1653 2263 2422 2264 1259 2264 1255 2264 1035 2144 1033 2144 2261 2144 2261 2265 1033 2265 2267 2265 2267 2144 1033 2144 2423 2144 1975 2144 1973 2144 1407 2144 2425 2266 1045 2266 1043 2266 1636 2144 1635 2144 2424 2144 1355 2267 1945 2267 1942 2267 1353 2144 1945 2144 1355 2144 2426 2268 1657 2268 1655 2268 1973 2269 1411 2269 1407 2269 1033 2144 1031 2144 2423 2144 2423 2270 1031 2270 2427 2270 1278 2271 1276 2271 1334 2271 2425 2272 1047 2272 1045 2272 2422 2273 1263 2273 1259 2273 1635 2144 1651 2144 2424 2144 1973 2144 1971 2144 1411 2144 2426 2274 1659 2274 1657 2274 1031 2144 1029 2144 2427 2144 1353 2275 1950 2275 1945 2275 1351 2276 1950 2276 1353 2276 2425 2277 1049 2277 1047 2277 1971 2278 1416 2278 1411 2278 1651 2279 1647 2279 2424 2279 2426 2280 1661 2280 1659 2280 2428 2144 1661 2144 2426 2144 1029 2144 1027 2144 2427 2144 2425 2281 1051 2281 1049 2281 1971 2282 1969 2282 1416 2282 1969 2283 1418 2283 1416 2283 2425 2284 1001 2284 1051 2284 1442 2144 2429 2144 2420 2144 1440 2285 2429 2285 1442 2285 1438 2286 2429 2286 1440 2286 1438 2287 1436 2287 2429 2287 1969 2144 1967 2144 1418 2144 1647 2144 2430 2144 2424 2144 1643 2144 2430 2144 1647 2144 1639 2144 2430 2144 1643 2144 1633 2144 2430 2144 1639 2144 1967 2288 1420 2288 1418 2288 1436 2289 1434 2289 2429 2289 1633 2290 1630 2290 2430 2290 1967 2291 1964 2291 1420 2291 2431 2144 2432 2144 2427 2144 2422 2144 2433 2144 1263 2144 2428 2144 2188 2144 1661 2144 2192 2292 2188 2292 2428 2292 2427 2293 2434 2293 2431 2293 1263 2144 2433 2144 1243 2144 2428 2294 2196 2294 2192 2294 2432 2144 2435 2144 2427 2144 2427 2144 2435 2144 2436 2144 2427 2295 2437 2295 2434 2295 1027 2296 2437 2296 2427 2296 2188 2144 2184 2144 1661 2144 1661 2144 2184 2144 1663 2144 2435 2144 2438 2144 2436 2144 2428 2297 2198 2297 2196 2297 1630 2144 1632 2144 2430 2144 1027 2298 2439 2298 2437 2298 1025 2299 2439 2299 1027 2299 2184 2144 2178 2144 1663 2144 1663 2144 2178 2144 1665 2144 1347 2144 2440 2144 1349 2144 2438 2300 2441 2300 2436 2300 1345 2144 2440 2144 1347 2144 1342 2144 2440 2144 1345 2144 1338 2301 2440 2301 1342 2301 1351 2302 2442 2302 1950 2302 2440 2144 2442 2144 1349 2144 1349 2144 2442 2144 1351 2144 1966 2144 2442 2144 1948 2144 1962 2144 2442 2144 1966 2144 1958 2144 2442 2144 1962 2144 1023 2144 2443 2144 1025 2144 1954 2144 2442 2144 1958 2144 1950 2303 2442 2303 1954 2303 1025 2304 2443 2304 2439 2304 1243 2305 1899 2305 1244 2305 1244 2144 1896 2144 1249 2144 1899 2144 1896 2144 1244 2144 1243 2306 1901 2306 1899 2306 2433 2307 1901 2307 1243 2307 1249 2144 1894 2144 1253 2144 2444 2144 2182 2144 2428 2144 1896 2144 1894 2144 1249 2144 2428 2308 2182 2308 2198 2308 2433 2309 1903 2309 1901 2309 2441 2144 2445 2144 2436 2144 1253 2144 1893 2144 1257 2144 1894 2144 1893 2144 1253 2144 1274 2310 2446 2310 1276 2310 1272 2144 2446 2144 1274 2144 1270 2144 2446 2144 1272 2144 1276 2311 2446 2311 1334 2311 1338 2312 2446 2312 2440 2312 1334 2313 2446 2313 1338 2313 2433 2314 1905 2314 1903 2314 2178 2144 2177 2144 1665 2144 1257 2315 1891 2315 1261 2315 1893 2144 1891 2144 1257 2144 1665 2144 2177 2144 1667 2144 1964 2144 2447 2144 1420 2144 1023 2316 2448 2316 2443 2316 1018 2144 2448 2144 1023 2144 2442 2144 2447 2144 1948 2144 1420 2317 2447 2317 1422 2317 1960 2144 2447 2144 1964 2144 1956 2144 2447 2144 1960 2144 1952 2318 2447 2318 1956 2318 1016 2144 2449 2144 1020 2144 1948 2144 2447 2144 1952 2144 1012 2144 2449 2144 1016 2144 1008 2319 2449 2319 1012 2319 1002 2320 2449 2320 1008 2320 1001 2321 2449 2321 1002 2321 2425 2322 2449 2322 1001 2322 2433 2323 1907 2323 1905 2323 2445 2144 2450 2144 2436 2144 2444 2324 2186 2324 2182 2324 1261 2325 1889 2325 1264 2325 1891 2144 1889 2144 1261 2144 1018 2326 2451 2326 2448 2326 2433 2327 1909 2327 1907 2327 2450 2328 2452 2328 2436 2328 2177 2144 2227 2144 1667 2144 1667 2329 2227 2329 1669 2329 1014 2144 2453 2144 1018 2144 1018 2330 2453 2330 2451 2330 2444 2331 2190 2331 2186 2331 1268 2144 2454 2144 1270 2144 1266 2144 2454 2144 1268 2144 1889 2144 2454 2144 1264 2144 1264 2144 2454 2144 1266 2144 2452 2332 2455 2332 2436 2332 1270 2333 2454 2333 2446 2333 1887 2144 2454 2144 1889 2144 1010 2144 2456 2144 1014 2144 1882 2144 2454 2144 1887 2144 1014 2334 2456 2334 2453 2334 2227 2144 2225 2144 1669 2144 1669 2144 2225 2144 1671 2144 1882 2144 1878 2144 2454 2144 2447 2335 2457 2335 1422 2335 1428 2144 2457 2144 1430 2144 1426 2336 2457 2336 1428 2336 1424 2144 2457 2144 1426 2144 1422 2144 2457 2144 1424 2144 2444 2337 2194 2337 2190 2337 2225 2338 2223 2338 1671 2338 2433 2339 1203 2339 1909 2339 2458 2144 1203 2144 2433 2144 1205 2340 1203 2340 2458 2340 1671 2144 2223 2144 1673 2144 1495 2144 1493 2144 2459 2144 2459 2341 1477 2341 1495 2341 2458 2342 1207 2342 1205 2342 2429 2343 1478 2343 2459 2343 2460 2144 2461 2144 2455 2144 2459 2344 1478 2344 1477 2344 2455 2144 2461 2144 2436 2144 1909 2144 1201 2144 1911 2144 1203 2345 1201 2345 1909 2345 1493 2144 1489 2144 2459 2144 2444 2346 2199 2346 2194 2346 2458 2347 1157 2347 1207 2347 2429 2348 1483 2348 1478 2348 1489 2144 1485 2144 2459 2144 1913 2144 1199 2144 1866 2144 1911 2144 1199 2144 1913 2144 1201 2144 1199 2144 1911 2144 2458 2349 1158 2349 1157 2349 2429 2350 1487 2350 1483 2350 1434 2144 1487 2144 2429 2144 1485 2144 1481 2144 2459 2144 1866 2144 1197 2144 1864 2144 1199 2144 1197 2144 1866 2144 1679 2144 2462 2144 1632 2144 1677 2144 2462 2144 1679 2144 1675 2144 2462 2144 1677 2144 1673 2351 2462 2351 1675 2351 2221 2144 2462 2144 2223 2144 2219 2144 2462 2144 2221 2144 2217 2352 2462 2352 2219 2352 2458 2353 1161 2353 1158 2353 2223 2144 2462 2144 1673 2144 1632 2144 2462 2144 2430 2144 1434 2354 1491 2354 1487 2354 1432 2144 1491 2144 1434 2144 2463 2355 2464 2355 2465 2355 2466 2356 2464 2356 2463 2356 2456 2357 2464 2357 2466 2357 1864 2144 1195 2144 1867 2144 2449 2358 2464 2358 1020 2358 1006 2359 2464 2359 1010 2359 1197 2144 1195 2144 1864 2144 1022 2360 2464 2360 1006 2360 1020 2361 2464 2361 1022 2361 1010 2362 2464 2362 2456 2362 2458 2363 1166 2363 1161 2363 2467 2364 959 2364 2468 2364 1884 2365 2469 2365 1886 2365 1878 2366 2469 2366 2454 2366 1874 2367 2469 2367 1878 2367 1870 2144 2469 2144 1874 2144 1886 2144 2469 2144 1870 2144 2201 2368 1735 2368 2203 2368 1867 2144 1193 2144 1872 2144 1195 2369 1193 2369 1867 2369 1735 2144 1733 2144 2203 2144 2460 2370 956 2370 2461 2370 2468 2144 956 2144 2460 2144 959 2371 956 2371 2468 2371 2470 2144 2110 2144 2105 2144 1475 2144 2471 2144 1481 2144 2105 2144 2104 2144 2470 2144 1472 2144 2471 2144 1475 2144 1474 2144 2471 2144 1472 2144 2472 2144 961 2144 2467 2144 1481 2144 2471 2144 2459 2144 2467 2372 961 2372 959 2372 2444 2373 1737 2373 2199 2373 2201 2374 1737 2374 1735 2374 2199 2144 1737 2144 2201 2144 1193 2375 1191 2375 1872 2375 2473 2144 1737 2144 2444 2144 1496 2144 2474 2144 1498 2144 1491 2144 2474 2144 1496 2144 2457 2376 2474 2376 1430 2376 1733 2144 1729 2144 2203 2144 1432 2144 2474 2144 1491 2144 1430 2144 2474 2144 1432 2144 2203 2144 1729 2144 2205 2144 2470 2377 2114 2377 2110 2377 2474 2378 1500 2378 1498 2378 2461 2379 2114 2379 2470 2379 956 2144 954 2144 2461 2144 1474 2144 1522 2144 2471 2144 2104 2144 2122 2144 2470 2144 2475 2144 963 2144 2472 2144 2472 2380 963 2380 961 2380 2473 2381 1739 2381 1737 2381 2461 2144 2118 2144 2114 2144 1522 2144 1520 2144 2471 2144 2205 2144 1725 2144 2207 2144 1729 2144 1725 2144 2205 2144 954 2144 952 2144 2461 2144 2122 2144 2120 2144 2470 2144 2458 2382 2476 2382 1166 2382 1178 2144 2476 2144 1182 2144 1174 2144 2476 2144 1178 2144 1170 2383 2476 2383 1174 2383 1166 2144 2476 2144 1170 2144 2470 2384 2120 2384 2477 2384 2476 2385 1164 2385 1182 2385 2473 2386 1741 2386 1739 2386 2478 2144 965 2144 2475 2144 2465 2387 965 2387 2478 2387 2475 2388 965 2388 963 2388 2461 2389 2123 2389 2118 2389 2476 2390 1168 2390 1164 2390 2207 2144 1721 2144 2209 2144 1725 2144 1721 2144 2207 2144 2461 2391 951 2391 2123 2391 952 2392 951 2392 2461 2392 2120 2144 2116 2144 2477 2144 2465 2393 967 2393 965 2393 2464 2394 967 2394 2465 2394 951 2395 2125 2395 2123 2395 2473 2396 1743 2396 1741 2396 2209 2144 1716 2144 2211 2144 1721 2144 1716 2144 2209 2144 951 2144 949 2144 2125 2144 1880 2144 2479 2144 1884 2144 1876 2397 2479 2397 1880 2397 1872 2144 2479 2144 1876 2144 1191 2144 2479 2144 1872 2144 1189 2398 2479 2398 1191 2398 1187 2144 2479 2144 1189 2144 2116 2399 2112 2399 2477 2399 1185 2144 2479 2144 1187 2144 1884 2400 2479 2400 2469 2400 2474 2401 2480 2401 1500 2401 949 2144 2127 2144 2125 2144 1504 2144 2480 2144 1506 2144 1502 2144 2480 2144 1504 2144 1500 2144 2480 2144 1502 2144 2473 2402 1745 2402 1743 2402 1510 2403 2020 2403 1512 2403 2481 2144 1745 2144 2473 2144 1512 2404 2019 2404 1514 2404 2020 2144 2019 2144 1512 2144 1508 2405 2023 2405 1510 2405 949 2144 946 2144 2127 2144 1510 2406 2023 2406 2020 2406 1514 2144 2070 2144 1516 2144 2112 2407 2108 2407 2477 2407 2019 2144 2070 2144 1514 2144 946 2408 2129 2408 2127 2408 1506 2144 2025 2144 1508 2144 1508 2144 2025 2144 2023 2144 1516 2144 2068 2144 1518 2144 2481 2409 1747 2409 1745 2409 2070 2144 2068 2144 1516 2144 1520 2410 2482 2410 2471 2410 1518 2411 2482 2411 1520 2411 2480 2412 2031 2412 1506 2412 1506 2413 2031 2413 2025 2413 1715 2414 2483 2414 1716 2414 1731 2144 2483 2144 1715 2144 2215 2415 2483 2415 2217 2415 2213 2144 2483 2144 2215 2144 2211 2144 2483 2144 2213 2144 1518 2416 2066 2416 2482 2416 1716 2144 2483 2144 2211 2144 2217 2144 2483 2144 2462 2144 2068 2144 2066 2144 1518 2144 946 2417 942 2417 2129 2417 2480 2418 2035 2418 2031 2418 2066 2419 2064 2419 2482 2419 2480 2144 2039 2144 2035 2144 942 2420 2131 2420 2129 2420 2064 2421 2062 2421 2482 2421 2476 2422 2484 2422 1168 2422 1168 2144 2484 2144 1172 2144 1731 2423 1727 2423 2483 2423 942 2424 938 2424 2131 2424 1183 2425 2485 2425 1185 2425 1180 2426 2485 2426 1183 2426 1176 2144 2485 2144 1180 2144 1185 2427 2485 2427 2479 2427 2062 2144 2060 2144 2482 2144 938 2428 2133 2428 2131 2428 2060 2429 2058 2429 2482 2429 973 2430 2403 2430 926 2430 971 2144 2403 2144 973 2144 969 2431 2403 2431 971 2431 967 2432 2403 2432 969 2432 2464 2433 2403 2433 967 2433 1727 2144 1723 2144 2483 2144 938 2144 934 2144 2133 2144 2027 2144 2486 2144 2028 2144 2047 2144 2486 2144 2027 2144 2043 2144 2486 2144 2047 2144 2039 2434 2486 2434 2043 2434 2480 2435 2486 2435 2039 2435 2486 2436 2033 2436 2028 2436 934 2437 2135 2437 2133 2437 2403 2438 924 2438 926 2438 1723 2439 1719 2439 2483 2439 1817 2144 1815 2144 2477 2144 2108 2144 1819 2144 2477 2144 2477 2440 1819 2440 1817 2440 934 2144 930 2144 2135 2144 2056 2144 1557 2144 2058 2144 1815 2144 1813 2144 2477 2144 2477 2441 1813 2441 2481 2441 2056 2442 1562 2442 1557 2442 930 2443 2137 2443 2135 2443 2054 2144 1562 2144 2056 2144 2403 2444 927 2444 924 2444 2484 2144 1121 2144 1172 2144 1123 2445 1121 2445 2484 2445 2102 2144 1821 2144 2108 2144 2108 2446 1821 2446 1819 2446 2482 2447 1556 2447 2416 2447 1557 2144 1556 2144 2058 2144 2058 2144 1556 2144 2482 2144 2484 2448 1125 2448 1123 2448 2054 2449 1566 2449 1562 2449 2052 2144 1566 2144 2054 2144 1121 2144 1119 2144 1172 2144 1813 2144 1809 2144 2481 2144 1172 2144 1119 2144 1176 2144 1176 2450 1119 2450 2485 2450 1556 2451 1574 2451 2416 2451 2484 2452 1127 2452 1125 2452 2050 2453 1570 2453 2052 2453 2052 2144 1570 2144 1566 2144 1119 2454 1117 2454 2485 2454 2485 2144 1117 2144 2414 2144 1574 2455 1572 2455 2416 2455 2099 2144 1823 2144 2102 2144 2102 2456 1823 2456 1821 2456 2050 2457 1575 2457 1570 2457 2048 2144 1575 2144 2050 2144 2484 2458 1129 2458 1127 2458 1117 2144 1115 2144 2414 2144 1572 2144 1568 2144 2416 2144 2048 2459 1577 2459 1575 2459 2045 2144 1577 2144 2048 2144 1115 2144 1113 2144 2414 2144 1568 2144 1564 2144 2416 2144 1129 2144 2401 2144 1079 2144 2484 2460 2401 2460 1129 2460 2401 2461 1080 2461 1079 2461 2045 2462 1579 2462 1577 2462 1809 2144 1805 2144 2481 2144 2486 2463 2404 2463 2033 2463 2101 2144 1825 2144 2099 2144 2045 2144 2404 2144 1579 2144 2041 2464 2404 2464 2045 2464 2037 2465 2404 2465 2041 2465 2033 2144 2404 2144 2037 2144 2099 2466 1825 2466 1823 2466 2481 2144 1803 2144 1747 2144 1113 2144 1111 2144 2414 2144 1747 2467 1803 2467 1749 2467 1805 2144 1803 2144 2481 2144 1564 2144 1560 2144 2416 2144 2101 2468 1827 2468 1825 2468 2149 2144 1827 2144 2101 2144 2401 2469 1083 2469 1080 2469 2404 2470 1581 2470 1579 2470 1111 2144 1109 2144 2414 2144 1803 2144 1799 2144 1749 2144 1713 2144 2409 2144 1719 2144 1711 2144 2409 2144 1713 2144 1708 2471 2409 2471 1711 2471 1707 2144 2409 2144 1708 2144 1560 2144 1554 2144 2416 2144 1757 2144 2409 2144 1707 2144 1719 2472 2409 2472 2483 2472 2147 2144 1829 2144 2149 2144 2401 2473 1088 2473 1083 2473 2404 2474 1583 2474 1581 2474 2149 2475 1829 2475 1827 2475 2409 2476 2408 2476 2487 2476 2488 2477 2411 2477 2489 2477 2408 2477 2411 2477 2488 2477 2489 2478 2413 2478 2490 2478 2411 2478 2413 2478 2489 2478 2491 2479 2422 2479 2492 2479 2433 2479 2422 2479 2491 2479 2490 2480 2410 2480 2493 2480 2413 2480 2410 2480 2490 2480 2492 2481 2418 2481 2494 2481 2422 2482 2418 2482 2492 2482 2493 2483 2402 2483 2495 2483 2410 2483 2402 2483 2493 2483 2494 2484 2407 2484 2496 2484 2418 2485 2407 2485 2494 2485 2495 2486 2403 2486 2497 2486 2402 2487 2403 2487 2495 2487 2496 2488 2405 2488 2498 2488 2407 2489 2405 2489 2496 2489 2497 2490 2464 2490 2499 2490 2403 2491 2464 2491 2497 2491 2498 2492 2406 2492 2500 2492 2405 2492 2406 2492 2498 2492 2499 2493 2449 2493 2501 2493 2500 2494 2419 2494 2502 2494 2464 2495 2449 2495 2499 2495 2406 2496 2419 2496 2500 2496 2501 2497 2425 2497 2503 2497 2449 2498 2425 2498 2501 2498 2502 2499 2420 2499 2504 2499 2419 2500 2420 2500 2502 2500 2503 2501 2421 2501 2505 2501 2420 2502 2429 2502 2504 2502 2425 2503 2421 2503 2503 2503 2504 2504 2429 2504 2506 2504 2505 2505 2401 2505 2507 2505 2421 2505 2401 2505 2505 2505 2506 2506 2459 2506 2508 2506 2429 2507 2459 2507 2506 2507 2507 2508 2484 2508 2509 2508 2401 2509 2484 2509 2507 2509 2508 2510 2471 2510 2510 2510 2459 2511 2471 2511 2508 2511 2509 2512 2476 2512 2511 2512 2484 2513 2476 2513 2509 2513 2510 2514 2482 2514 2512 2514 2471 2514 2482 2514 2510 2514 2511 2515 2458 2515 2513 2515 2482 2516 2416 2516 2512 2516 2476 2517 2458 2517 2511 2517 2512 2516 2416 2516 2514 2516 2458 2518 2433 2518 2513 2518 2513 2519 2433 2519 2491 2519 2514 2520 2415 2520 2515 2520 2416 2521 2415 2521 2514 2521 2515 2522 2424 2522 2516 2522 2415 2522 2424 2522 2515 2522 2516 2523 2430 2523 2517 2523 2424 2524 2430 2524 2516 2524 2517 2525 2462 2525 2518 2525 2430 2526 2462 2526 2517 2526 2518 140 2483 140 2519 140 2462 140 2483 140 2518 140 2519 2527 2409 2527 2487 2527 2483 2528 2409 2528 2519 2528 2487 2529 2408 2529 2488 2529 2520 2144 2521 2144 2522 2144 2523 2144 2524 2144 2525 2144 2523 2144 2526 2144 2524 2144 2527 2144 2528 2144 2529 2144 2527 2144 2530 2144 2528 2144 2531 2530 2520 2530 2522 2530 2532 2531 2523 2531 2525 2531 2532 2144 2530 2144 2527 2144 2533 2532 2534 2532 2535 2532 2532 2144 2525 2144 2530 2144 2536 2144 2537 2144 2538 2144 2539 2144 2533 2144 2535 2144 2540 2533 2538 2533 2541 2533 2540 2144 2536 2144 2538 2144 2542 2144 2520 2144 2531 2144 2543 2144 2544 2144 2537 2144 2543 2144 2537 2144 2536 2144 2545 2534 2542 2534 2531 2534 2546 2535 2540 2535 2541 2535 2547 2536 2533 2536 2539 2536 2548 2537 2546 2537 2541 2537 2549 2144 2550 2144 2544 2144 2551 2538 2547 2538 2539 2538 2549 2144 2544 2144 2543 2144 2552 2539 2542 2539 2545 2539 2553 2540 2552 2540 2545 2540 2554 2144 2546 2144 2548 2144 2555 2541 2547 2541 2551 2541 2556 2144 2554 2144 2548 2144 2557 2144 2558 2144 2550 2144 2559 2144 2555 2144 2551 2144 2557 2144 2550 2144 2549 2144 2560 2144 2554 2144 2556 2144 2561 2542 2552 2542 2553 2542 2562 2144 2560 2144 2556 2144 2563 2543 2561 2543 2553 2543 2564 2144 2555 2144 2559 2144 2565 2544 2566 2544 2558 2544 2567 2144 2564 2144 2559 2144 2568 2545 2561 2545 2563 2545 2565 2144 2558 2144 2557 2144 2569 2144 2560 2144 2562 2144 2570 2546 2569 2546 2562 2546 2571 2547 2568 2547 2563 2547 2572 2144 2567 2144 2573 2144 2574 2144 2566 2144 2565 2144 2572 2144 2564 2144 2567 2144 2575 2548 2574 2548 2565 2548 2576 2549 2569 2549 2570 2549 2577 2144 2568 2144 2571 2144 2578 2550 2576 2550 2570 2550 2579 2144 2577 2144 2571 2144 2580 2144 2573 2144 2581 2144 2580 2551 2572 2551 2573 2551 2582 2144 2574 2144 2575 2144 2583 2552 2582 2552 2575 2552 2584 2553 2577 2553 2579 2553 2585 2144 2576 2144 2578 2144 2586 2144 2585 2144 2578 2144 2587 2554 2588 2554 2584 2554 2589 2555 2582 2555 2583 2555 2587 2556 2584 2556 2579 2556 2526 2144 2581 2144 2524 2144 2526 2557 2580 2557 2581 2557 2590 2558 2589 2558 2583 2558 2521 2144 2585 2144 2586 2144 2522 2559 2521 2559 2586 2559 2534 2144 2589 2144 2590 2144 2535 2144 2534 2144 2590 2144 2529 2560 2528 2560 2588 2560 2529 2144 2588 2144 2587 2144 2591 212 2592 212 2593 212 2594 2561 2595 2561 2596 2561 2597 212 2595 212 2598 212 2596 212 2595 212 2597 212 2592 212 2599 212 2593 212 2600 212 2601 212 2602 212 2601 2562 2603 2562 2602 2562 2604 212 2605 212 2606 212 2592 212 2607 212 2599 212 2606 212 2608 212 2609 212 2605 2563 2608 2563 2606 2563 2607 212 2610 212 2599 212 2611 2564 2612 2564 2604 2564 2604 212 2612 212 2605 212 2601 212 2613 212 2603 212 2608 2565 2614 2565 2609 2565 2613 212 2615 212 2603 212 2607 2566 2616 2566 2610 2566 2614 212 2617 212 2609 212 2618 212 2619 212 2611 212 2616 2567 2620 2567 2610 2567 2611 212 2619 212 2612 212 2613 2568 2621 2568 2615 2568 2614 212 2622 212 2617 212 2622 212 2623 212 2617 212 2624 2569 2625 2569 2618 2569 2621 212 2626 212 2615 212 2616 212 2627 212 2620 212 2618 212 2625 212 2619 212 2627 212 2628 212 2620 212 2622 2570 2629 2570 2623 2570 2621 212 2630 212 2626 212 2629 212 2631 212 2623 212 2630 212 2632 212 2626 212 2627 2571 2633 2571 2628 2571 2634 212 2635 212 2624 212 2624 2572 2635 2572 2625 2572 2629 2573 2636 2573 2631 2573 2633 2574 2637 2574 2628 2574 2636 212 2638 212 2631 212 2632 2575 2639 2575 2640 2575 2630 2576 2639 2576 2632 2576 2634 212 2641 212 2635 212 2633 212 2642 212 2637 212 2641 2577 2643 2577 2635 2577 2636 212 2644 212 2638 212 2642 2578 2645 2578 2637 2578 2640 212 2646 212 2647 212 2639 212 2646 212 2640 212 2644 212 2648 212 2638 212 2642 2579 2649 2579 2645 2579 2641 2580 2650 2580 2643 2580 2650 212 2651 212 2643 212 2652 212 2653 212 2649 212 2644 2581 2654 2581 2648 2581 2649 212 2653 212 2645 212 2647 2582 2655 2582 2656 2582 2654 212 2657 212 2648 212 2646 212 2655 212 2647 212 2650 212 2658 212 2651 212 2658 212 2659 212 2651 212 2654 2583 2591 2583 2657 2583 2591 2584 2593 2584 2657 2584 2660 2585 2661 2585 2652 2585 2658 2586 2600 2586 2659 2586 2652 2587 2661 2587 2653 2587 2600 212 2602 212 2659 212 2656 2588 2594 2588 2596 2588 2655 212 2594 212 2656 212 2660 212 2598 212 2661 212 2597 212 2598 212 2660 212 2662 2589 2663 2589 2664 2589 2664 2590 2663 2590 2665 2590 2665 2591 2666 2591 2667 2591 2663 2592 2666 2592 2665 2592 2668 2593 2669 2593 2670 2593 2670 2594 2669 2594 2671 2594 2667 2595 2672 2595 2673 2595 2666 2596 2672 2596 2667 2596 2671 2597 2674 2597 2675 2597 2669 2598 2674 2598 2671 2598 2673 2599 2676 2599 2677 2599 2672 2599 2676 2599 2673 2599 2675 2600 2678 2600 2679 2600 2674 2601 2678 2601 2675 2601 2677 2602 2680 2602 2681 2602 2676 2603 2680 2603 2677 2603 2679 2604 2682 2604 2683 2604 2678 2605 2682 2605 2679 2605 2681 2606 2684 2606 2685 2606 2680 2606 2684 2606 2681 2606 2683 2607 2686 2607 2687 2607 2682 2607 2686 2607 2683 2607 2685 2608 2688 2608 2689 2608 2686 2609 2690 2609 2687 2609 2684 2610 2688 2610 2685 2610 2687 2611 2690 2611 2691 2611 2689 2612 2692 2612 2693 2612 2688 2613 2692 2613 2689 2613 2690 2614 2694 2614 2691 2614 2691 2614 2694 2614 2695 2614 2693 2615 2696 2615 2697 2615 2692 2616 2696 2616 2693 2616 2694 2617 2698 2617 2695 2617 2695 2618 2698 2618 2699 2618 2697 2619 2700 2619 2701 2619 2696 2620 2700 2620 2697 2620 2698 2621 2702 2621 2699 2621 2699 2622 2702 2622 2703 2622 2701 2623 2704 2623 2705 2623 2700 2623 2704 2623 2701 2623 2702 2624 2706 2624 2703 2624 2703 2625 2706 2625 2707 2625 2705 2626 2708 2626 2709 2626 2706 2627 2710 2627 2707 2627 2704 2628 2708 2628 2705 2628 2707 2629 2710 2629 2711 2629 2708 2630 2712 2630 2709 2630 2709 2630 2712 2630 2713 2630 2710 2631 2714 2631 2711 2631 2711 2631 2714 2631 2715 2631 2712 2632 2716 2632 2713 2632 2713 2633 2716 2633 2717 2633 2714 2634 2718 2634 2715 2634 2715 2635 2718 2635 2719 2635 2716 2636 2720 2636 2717 2636 2717 2637 2720 2637 2721 2637 2718 2638 2722 2638 2719 2638 2719 2638 2722 2638 2723 2638 2720 2639 2724 2639 2721 2639 2721 2640 2724 2640 2725 2640 2722 2641 2726 2641 2723 2641 2723 2642 2726 2642 2727 2642 2724 2643 2668 2643 2725 2643 2725 2644 2668 2644 2670 2644 2726 2645 2728 2645 2727 2645 2727 2646 2728 2646 2729 2646 2728 2647 2730 2647 2729 2647 2729 2648 2730 2648 2731 2648 2730 2649 2732 2649 2731 2649 2731 2650 2732 2650 2733 2650 2732 2651 2662 2651 2733 2651 2733 2652 2662 2652 2664 2652 2734 2653 2735 2653 2736 2653 2737 2654 2738 2654 2739 2654 2739 2655 2738 2655 2740 2655 2741 2656 2738 2656 2742 2656 2740 2657 2738 2657 2741 2657 2742 2658 2738 2658 2734 2658 2735 2659 2743 2659 2736 2659 2744 2660 2745 2660 2746 2660 2746 2661 2745 2661 2737 2661 2737 2662 2745 2662 2738 2662 2738 2663 2745 2663 2734 2663 2734 2664 2745 2664 2735 2664 2743 2665 2747 2665 2736 2665 2748 2666 2749 2666 2750 2666 2750 2667 2749 2667 2744 2667 2744 2668 2749 2668 2745 2668 2745 2669 2749 2669 2735 2669 2735 2670 2749 2670 2743 2670 2747 2671 2751 2671 2736 2671 2752 2672 2753 2672 2754 2672 2754 2673 2753 2673 2748 2673 2749 2674 2753 2674 2743 2674 2743 2675 2753 2675 2747 2675 2748 2676 2753 2676 2749 2676 2751 2677 2755 2677 2736 2677 2756 2678 2757 2678 2758 2678 2758 2679 2757 2679 2752 2679 2752 2680 2757 2680 2753 2680 2747 2681 2757 2681 2751 2681 2753 2682 2757 2682 2747 2682 2755 2683 2759 2683 2736 2683 2760 2684 2761 2684 2762 2684 2762 2685 2761 2685 2756 2685 2756 2686 2761 2686 2757 2686 2751 2687 2761 2687 2755 2687 2757 2688 2761 2688 2751 2688 2759 2689 2763 2689 2736 2689 2761 2690 2764 2690 2755 2690 2755 2691 2764 2691 2759 2691 2765 2692 2764 2692 2766 2692 2766 2693 2764 2693 2760 2693 2760 2694 2764 2694 2761 2694 2763 2695 2767 2695 2736 2695 2768 2696 2769 2696 2770 2696 2764 2697 2769 2697 2759 2697 2770 2698 2769 2698 2765 2698 2759 2699 2769 2699 2763 2699 2771 2700 2742 2700 2736 2700 2765 2701 2769 2701 2764 2701 2772 2702 2773 2702 2774 2702 2774 2703 2773 2703 2775 2703 2767 2704 2776 2704 2736 2704 2775 2705 2773 2705 2777 2705 2777 2706 2773 2706 2736 2706 2736 2707 2773 2707 2771 2707 2778 2708 2779 2708 2780 2708 2780 2709 2779 2709 2768 2709 2763 2710 2779 2710 2767 2710 2769 2711 2779 2711 2763 2711 2768 2712 2779 2712 2769 2712 2777 2713 2781 2713 2782 2713 2782 2714 2781 2714 2783 2714 2783 2715 2781 2715 2778 2715 2767 2716 2781 2716 2776 2716 2776 2717 2781 2717 2736 2717 2779 2718 2781 2718 2767 2718 2742 2719 2734 2719 2736 2719 2736 2720 2781 2720 2777 2720 2778 2721 2781 2721 2779 2721 2740 2722 2741 2722 2784 2722 2784 2723 2741 2723 2772 2723 2771 2724 2741 2724 2742 2724 2773 2725 2741 2725 2771 2725 2772 2726 2741 2726 2773 2726 2744 2727 2746 2727 2478 2727 2478 2728 2746 2728 2465 2728 2746 2729 2737 2729 2465 2729 2465 2730 2737 2730 2463 2730 2777 2731 2782 2731 2439 2731 2439 2732 2782 2732 2437 2732 2737 308 2739 308 2463 308 2463 308 2739 308 2466 308 2437 2733 2783 2733 2434 2733 2739 2734 2740 2734 2466 2734 2782 2735 2783 2735 2437 2735 2466 2736 2740 2736 2456 2736 2434 2737 2778 2737 2431 2737 2740 2738 2784 2738 2456 2738 2456 2739 2784 2739 2453 2739 2783 2740 2778 2740 2434 2740 2431 2741 2780 2741 2432 2741 2784 2742 2772 2742 2453 2742 2453 2743 2772 2743 2451 2743 2778 2744 2780 2744 2431 2744 2432 2745 2768 2745 2435 2745 2451 2746 2774 2746 2448 2746 2780 2747 2768 2747 2432 2747 2772 2748 2774 2748 2451 2748 2448 2749 2775 2749 2443 2749 2435 2750 2770 2750 2438 2750 2774 2751 2775 2751 2448 2751 2443 2752 2777 2752 2439 2752 2768 2753 2770 2753 2435 2753 2775 2752 2777 2752 2443 2752 2438 329 2765 329 2441 329 2770 329 2765 329 2438 329 2441 2754 2766 2754 2445 2754 2765 2755 2766 2755 2441 2755 2445 2756 2760 2756 2450 2756 2766 2757 2760 2757 2445 2757 2450 2758 2762 2758 2452 2758 2760 2759 2762 2759 2450 2759 2452 2760 2756 2760 2455 2760 2762 2761 2756 2761 2452 2761 2756 2762 2758 2762 2455 2762 2455 2763 2758 2763 2460 2763 2758 2764 2752 2764 2460 2764 2460 2765 2752 2765 2468 2765 2752 2766 2754 2766 2468 2766 2468 2766 2754 2766 2467 2766 2754 2767 2748 2767 2467 2767 2467 2768 2748 2768 2472 2768 2748 2769 2750 2769 2472 2769 2472 2770 2750 2770 2475 2770 2750 2771 2744 2771 2475 2771 2475 2772 2744 2772 2478 2772 2785 2773 2786 2773 2787 2773 2788 2774 2786 2774 2785 2774 2787 2775 2786 2775 2789 2775 2790 2776 2786 2776 2788 2776 2791 2777 2792 2777 2793 2777 2794 2778 2786 2778 2790 2778 2793 2779 2792 2779 2795 2779 2789 2780 2786 2780 2796 2780 2796 2781 2786 2781 2794 2781 2797 2782 2792 2782 2798 2782 2795 2783 2792 2783 2797 2783 2798 2784 2792 2784 2799 2784 2800 2785 2801 2785 2802 2785 2802 2786 2801 2786 2791 2786 2791 2787 2801 2787 2792 2787 2792 2788 2801 2788 2799 2788 2799 2789 2801 2789 2803 2789 2804 2790 2805 2790 2806 2790 2806 2791 2805 2791 2800 2791 2800 2792 2805 2792 2801 2792 2801 2793 2805 2793 2803 2793 2803 2794 2805 2794 2788 2794 2807 2795 2808 2795 2809 2795 2809 2796 2808 2796 2804 2796 2805 2797 2808 2797 2788 2797 2788 2798 2808 2798 2790 2798 2804 2799 2808 2799 2805 2799 2810 2800 2811 2800 2812 2800 2812 2801 2811 2801 2807 2801 2807 2802 2811 2802 2808 2802 2790 2803 2811 2803 2794 2803 2808 2804 2811 2804 2790 2804 2813 2805 2814 2805 2815 2805 2815 2806 2814 2806 2810 2806 2810 2807 2814 2807 2811 2807 2794 2808 2814 2808 2796 2808 2811 2809 2814 2809 2794 2809 2814 2810 2816 2810 2796 2810 2796 2811 2816 2811 2817 2811 2818 2812 2816 2812 2819 2812 2819 2813 2816 2813 2813 2813 2813 2814 2816 2814 2814 2814 2820 2815 2821 2815 2822 2815 2816 2816 2821 2816 2817 2816 2822 2817 2821 2817 2818 2817 2817 2818 2821 2818 2823 2818 2824 2819 2798 2819 2787 2819 2818 2820 2821 2820 2816 2820 2825 2821 2826 2821 2827 2821 2827 2822 2826 2822 2828 2822 2829 2823 2830 2823 2787 2823 2828 2824 2826 2824 2831 2824 2831 2825 2826 2825 2787 2825 2787 2826 2826 2826 2824 2826 2832 2827 2833 2827 2834 2827 2834 2828 2833 2828 2820 2828 2823 2829 2833 2829 2829 2829 2821 2830 2833 2830 2823 2830 2820 2831 2833 2831 2821 2831 2831 2832 2835 2832 2836 2832 2836 2833 2835 2833 2837 2833 2837 2834 2835 2834 2832 2834 2829 2835 2835 2835 2830 2835 2830 2836 2835 2836 2787 2836 2833 2837 2835 2837 2829 2837 2787 2838 2835 2838 2831 2838 2832 2839 2835 2839 2833 2839 2798 2840 2838 2840 2787 2840 2795 2841 2797 2841 2839 2841 2839 2842 2797 2842 2825 2842 2799 2843 2838 2843 2798 2843 2824 2844 2797 2844 2798 2844 2826 2845 2797 2845 2824 2845 2825 2846 2797 2846 2826 2846 2799 2847 2785 2847 2838 2847 2838 2848 2785 2848 2787 2848 2788 2849 2785 2849 2803 2849 2803 2850 2785 2850 2799 2850 2817 2851 2789 2851 2796 2851 2829 2852 2789 2852 2823 2852 2787 2853 2789 2853 2829 2853 2823 2854 2789 2854 2817 2854 2800 2855 2802 2855 371 2855 371 2855 2802 2855 372 2855 2802 2856 2791 2856 372 2856 372 2856 2791 2856 390 2856 2831 2857 2836 2857 349 2857 349 2858 2836 2858 340 2858 2791 308 2793 308 390 308 390 308 2793 308 404 308 340 2859 2837 2859 341 2859 2793 2860 2795 2860 404 2860 2836 2861 2837 2861 340 2861 404 2860 2795 2860 405 2860 341 2862 2832 2862 322 2862 2795 2863 2839 2863 405 2863 405 2863 2839 2863 429 2863 2837 2862 2832 2862 341 2862 322 2864 2834 2864 302 2864 2839 2865 2825 2865 429 2865 429 2865 2825 2865 455 2865 2832 2866 2834 2866 322 2866 302 2867 2820 2867 286 2867 455 2868 2827 2868 355 2868 2834 2869 2820 2869 302 2869 2825 2870 2827 2870 455 2870 355 2871 2828 2871 356 2871 286 2872 2822 2872 251 2872 2827 2873 2828 2873 355 2873 356 2874 2831 2874 349 2874 2820 2875 2822 2875 286 2875 2828 2876 2831 2876 356 2876 251 329 2818 329 239 329 2822 329 2818 329 251 329 239 2877 2819 2877 230 2877 2818 2878 2819 2878 239 2878 230 2879 2813 2879 224 2879 2819 2880 2813 2880 230 2880 224 2881 2815 2881 225 2881 2813 2882 2815 2882 224 2882 225 2883 2810 2883 229 2883 2815 2883 2810 2883 225 2883 2810 2884 2812 2884 229 2884 229 2885 2812 2885 234 2885 2812 2886 2807 2886 234 2886 234 2887 2807 2887 241 2887 2807 2888 2809 2888 241 2888 241 2889 2809 2889 256 2889 2809 2890 2804 2890 256 2890 256 2891 2804 2891 265 2891 2804 2892 2806 2892 265 2892 265 2893 2806 2893 270 2893 2806 2894 2800 2894 270 2894 270 2894 2800 2894 371 2894 2840 2895 2841 2895 2842 2895 2843 2896 2841 2896 2840 2896 2842 2897 2841 2897 2844 2897 2845 2898 2841 2898 2843 2898 2846 2899 2847 2899 2848 2899 2849 2900 2841 2900 2845 2900 2848 2901 2847 2901 2850 2901 2844 2902 2841 2902 2851 2902 2851 2903 2841 2903 2849 2903 2852 2904 2847 2904 2853 2904 2850 2905 2847 2905 2852 2905 2853 2906 2847 2906 2854 2906 2855 2907 2856 2907 2857 2907 2857 2908 2856 2908 2846 2908 2846 2909 2856 2909 2847 2909 2847 2910 2856 2910 2854 2910 2854 2911 2856 2911 2858 2911 2859 2912 2860 2912 2861 2912 2861 2913 2860 2913 2855 2913 2855 2914 2860 2914 2856 2914 2856 2915 2860 2915 2858 2915 2858 2916 2860 2916 2843 2916 2862 2917 2863 2917 2864 2917 2864 2918 2863 2918 2859 2918 2860 2919 2863 2919 2843 2919 2843 2920 2863 2920 2845 2920 2859 2921 2863 2921 2860 2921 2865 2922 2866 2922 2867 2922 2867 2923 2866 2923 2862 2923 2862 2924 2866 2924 2863 2924 2845 2925 2866 2925 2849 2925 2863 2926 2866 2926 2845 2926 2868 2927 2869 2927 2870 2927 2870 2928 2869 2928 2865 2928 2865 2929 2869 2929 2866 2929 2849 2930 2869 2930 2851 2930 2866 2931 2869 2931 2849 2931 2869 2932 2871 2932 2851 2932 2851 2933 2871 2933 2872 2933 2873 2934 2871 2934 2874 2934 2874 2935 2871 2935 2868 2935 2868 2936 2871 2936 2869 2936 2875 2937 2876 2937 2877 2937 2871 2938 2876 2938 2872 2938 2877 2939 2876 2939 2873 2939 2872 2940 2876 2940 2878 2940 2879 2941 2853 2941 2842 2941 2873 2942 2876 2942 2871 2942 2880 2943 2881 2943 2882 2943 2882 2944 2881 2944 2883 2944 2884 2945 2885 2945 2842 2945 2883 2946 2881 2946 2886 2946 2886 2947 2881 2947 2842 2947 2842 2948 2881 2948 2879 2948 2887 2949 2888 2949 2889 2949 2889 2950 2888 2950 2875 2950 2878 2951 2888 2951 2884 2951 2876 2952 2888 2952 2878 2952 2875 2953 2888 2953 2876 2953 2886 2954 2890 2954 2891 2954 2891 2955 2890 2955 2892 2955 2892 2956 2890 2956 2887 2956 2884 2957 2890 2957 2885 2957 2885 2958 2890 2958 2842 2958 2888 2959 2890 2959 2884 2959 2842 2960 2890 2960 2886 2960 2887 2961 2890 2961 2888 2961 2853 2962 2893 2962 2842 2962 2850 2963 2852 2963 2894 2963 2894 2964 2852 2964 2880 2964 2854 2965 2893 2965 2853 2965 2879 2966 2852 2966 2853 2966 2881 2967 2852 2967 2879 2967 2880 2968 2852 2968 2881 2968 2854 2969 2840 2969 2893 2969 2893 2970 2840 2970 2842 2970 2843 2971 2840 2971 2858 2971 2858 2972 2840 2972 2854 2972 2872 2973 2844 2973 2851 2973 2884 2974 2844 2974 2878 2974 2842 2975 2844 2975 2884 2975 2878 2976 2844 2976 2872 2976 2855 2977 2857 2977 533 2977 533 2978 2857 2978 546 2978 2857 2979 2846 2979 546 2979 791 2980 2886 2980 774 2980 546 2979 2846 2979 564 2979 2846 2981 2848 2981 564 2981 774 2982 2891 2982 775 2982 564 2983 2848 2983 583 2983 2886 2984 2891 2984 774 2984 2848 2985 2850 2985 583 2985 2891 2982 2892 2982 775 2982 583 2986 2850 2986 597 2986 775 2987 2887 2987 776 2987 2850 2988 2894 2988 597 2988 597 2988 2894 2988 615 2988 2892 2989 2887 2989 775 2989 776 2990 2889 2990 788 2990 2894 2991 2880 2991 615 2991 615 2992 2880 2992 642 2992 2887 2993 2889 2993 776 2993 788 2994 2875 2994 799 2994 642 2995 2882 2995 664 2995 2889 2994 2875 2994 788 2994 2880 2996 2882 2996 642 2996 664 2997 2883 2997 803 2997 799 2998 2877 2998 624 2998 2882 2999 2883 2999 664 2999 803 3000 2886 3000 791 3000 2875 3001 2877 3001 799 3001 2883 3002 2886 3002 803 3002 624 3003 2873 3003 605 3003 2877 3004 2873 3004 624 3004 605 3005 2874 3005 586 3005 2873 3006 2874 3006 605 3006 586 3007 2868 3007 576 3007 2874 3008 2868 3008 586 3008 576 3009 2870 3009 554 3009 2868 3009 2870 3009 576 3009 554 3010 2865 3010 535 3010 2870 3011 2865 3011 554 3011 2865 3012 2867 3012 535 3012 535 3012 2867 3012 521 3012 2867 3013 2862 3013 521 3013 521 3014 2862 3014 505 3014 2862 3015 2864 3015 505 3015 505 3015 2864 3015 492 3015 2864 3016 2859 3016 492 3016 492 3016 2859 3016 500 3016 2859 3017 2861 3017 500 3017 500 3017 2861 3017 513 3017 2861 3018 2855 3018 513 3018 513 3019 2855 3019 533 3019 2895 3020 2896 3020 2897 3020 2898 3021 2896 3021 2895 3021 2897 3022 2896 3022 2899 3022 2900 3023 2896 3023 2898 3023 2901 3024 2902 3024 2903 3024 2904 3025 2896 3025 2900 3025 2903 3026 2902 3026 2905 3026 2899 3027 2896 3027 2906 3027 2906 3028 2896 3028 2904 3028 2907 3029 2902 3029 2908 3029 2905 3030 2902 3030 2907 3030 2908 3031 2902 3031 2909 3031 2910 3032 2911 3032 2912 3032 2912 3033 2911 3033 2901 3033 2901 3034 2911 3034 2902 3034 2902 3035 2911 3035 2909 3035 2909 3036 2911 3036 2913 3036 2914 3037 2915 3037 2916 3037 2916 3038 2915 3038 2910 3038 2910 3039 2915 3039 2911 3039 2911 3040 2915 3040 2913 3040 2913 3041 2915 3041 2898 3041 2917 3042 2918 3042 2919 3042 2919 3043 2918 3043 2914 3043 2915 3044 2918 3044 2898 3044 2898 3045 2918 3045 2900 3045 2914 3046 2918 3046 2915 3046 2920 3047 2921 3047 2922 3047 2922 3048 2921 3048 2917 3048 2917 3049 2921 3049 2918 3049 2900 3050 2921 3050 2904 3050 2918 3051 2921 3051 2900 3051 2923 3052 2924 3052 2925 3052 2925 3053 2924 3053 2920 3053 2920 3054 2924 3054 2921 3054 2904 3055 2924 3055 2906 3055 2921 3056 2924 3056 2904 3056 2924 3057 2926 3057 2906 3057 2906 3058 2926 3058 2927 3058 2928 3059 2926 3059 2929 3059 2929 3060 2926 3060 2923 3060 2923 3061 2926 3061 2924 3061 2930 3062 2931 3062 2932 3062 2926 3063 2931 3063 2927 3063 2932 3064 2931 3064 2928 3064 2927 3065 2931 3065 2933 3065 2934 3066 2908 3066 2897 3066 2928 3067 2931 3067 2926 3067 2935 3068 2936 3068 2937 3068 2937 3069 2936 3069 2938 3069 2939 3070 2940 3070 2897 3070 2938 3071 2936 3071 2941 3071 2941 3072 2936 3072 2897 3072 2897 3073 2936 3073 2934 3073 2942 3074 2943 3074 2944 3074 2944 3075 2943 3075 2930 3075 2933 3076 2943 3076 2939 3076 2931 3077 2943 3077 2933 3077 2930 3078 2943 3078 2931 3078 2941 3079 2945 3079 2946 3079 2946 3080 2945 3080 2947 3080 2947 3081 2945 3081 2942 3081 2939 3082 2945 3082 2940 3082 2940 3083 2945 3083 2897 3083 2943 3084 2945 3084 2939 3084 2897 3085 2945 3085 2941 3085 2942 3086 2945 3086 2943 3086 2908 3087 2948 3087 2897 3087 2905 3088 2907 3088 2949 3088 2949 3089 2907 3089 2935 3089 2909 3090 2948 3090 2908 3090 2934 3091 2907 3091 2908 3091 2936 3092 2907 3092 2934 3092 2935 3093 2907 3093 2936 3093 2909 3094 2895 3094 2948 3094 2948 3095 2895 3095 2897 3095 2898 3096 2895 3096 2913 3096 2913 3097 2895 3097 2909 3097 2927 3098 2899 3098 2906 3098 2939 3099 2899 3099 2933 3099 2897 3100 2899 3100 2939 3100 2933 3101 2899 3101 2927 3101 2910 3102 2912 3102 643 3102 643 3103 2912 3103 635 3103 2912 3104 2901 3104 635 3104 757 3105 2941 3105 768 3105 635 3104 2901 3104 639 3104 2901 3106 2903 3106 639 3106 768 3107 2946 3107 779 3107 639 3108 2903 3108 645 3108 2941 3109 2946 3109 768 3109 2903 3110 2905 3110 645 3110 2946 3111 2947 3111 779 3111 645 3112 2905 3112 653 3112 779 3113 2942 3113 780 3113 2905 3114 2949 3114 653 3114 653 3115 2949 3115 659 3115 2947 3116 2942 3116 779 3116 780 3117 2944 3117 793 3117 2949 3118 2935 3118 659 3118 659 3118 2935 3118 667 3118 2942 3117 2944 3117 780 3117 793 3119 2930 3119 801 3119 667 3120 2937 3120 674 3120 2944 3121 2930 3121 793 3121 2935 3122 2937 3122 667 3122 674 3123 2938 3123 756 3123 801 3124 2932 3124 812 3124 2937 3125 2938 3125 674 3125 756 3126 2941 3126 757 3126 2930 3127 2932 3127 801 3127 2938 3126 2941 3126 756 3126 812 3128 2928 3128 813 3128 2932 3129 2928 3129 812 3129 813 3130 2929 3130 816 3130 2928 3131 2929 3131 813 3131 816 3132 2923 3132 817 3132 2929 3133 2923 3133 816 3133 817 3134 2925 3134 686 3134 2923 3135 2925 3135 817 3135 686 3136 2920 3136 682 3136 2925 3137 2920 3137 686 3137 2920 3138 2922 3138 682 3138 682 3139 2922 3139 675 3139 2922 3140 2917 3140 675 3140 675 3140 2917 3140 671 3140 2917 3141 2919 3141 671 3141 671 3142 2919 3142 670 3142 2919 3143 2914 3143 670 3143 670 3144 2914 3144 656 3144 2914 3145 2916 3145 656 3145 656 3146 2916 3146 649 3146 2916 3147 2910 3147 649 3147 649 3148 2910 3148 643 3148 2950 3149 2951 3149 2952 3149 2953 3150 2951 3150 2950 3150 2952 3151 2951 3151 2954 3151 2955 3152 2951 3152 2953 3152 2956 3153 2957 3153 2958 3153 2959 3154 2951 3154 2955 3154 2958 3155 2957 3155 2960 3155 2954 3156 2951 3156 2961 3156 2961 3157 2951 3157 2959 3157 2962 3158 2957 3158 2963 3158 2960 3159 2957 3159 2962 3159 2963 3160 2957 3160 2964 3160 2965 3161 2966 3161 2967 3161 2967 3162 2966 3162 2956 3162 2956 3163 2966 3163 2957 3163 2957 3164 2966 3164 2964 3164 2964 3165 2966 3165 2968 3165 2969 3166 2970 3166 2971 3166 2971 3167 2970 3167 2965 3167 2965 3168 2970 3168 2966 3168 2966 3169 2970 3169 2968 3169 2968 3170 2970 3170 2953 3170 2972 3171 2973 3171 2974 3171 2974 3172 2973 3172 2969 3172 2970 3173 2973 3173 2953 3173 2953 3174 2973 3174 2955 3174 2969 3175 2973 3175 2970 3175 2975 3176 2976 3176 2977 3176 2977 3177 2976 3177 2972 3177 2972 3178 2976 3178 2973 3178 2955 3179 2976 3179 2959 3179 2973 3180 2976 3180 2955 3180 2978 3181 2979 3181 2980 3181 2980 3182 2979 3182 2975 3182 2975 3183 2979 3183 2976 3183 2959 3184 2979 3184 2961 3184 2976 3185 2979 3185 2959 3185 2979 3186 2981 3186 2961 3186 2961 3187 2981 3187 2982 3187 2983 3188 2981 3188 2984 3188 2984 3189 2981 3189 2978 3189 2978 3190 2981 3190 2979 3190 2985 3191 2986 3191 2987 3191 2981 3192 2986 3192 2982 3192 2987 3193 2986 3193 2983 3193 2982 3194 2986 3194 2988 3194 2989 3195 2963 3195 2952 3195 2983 3196 2986 3196 2981 3196 2990 3197 2991 3197 2992 3197 2992 3198 2991 3198 2993 3198 2994 3199 2995 3199 2952 3199 2993 3200 2991 3200 2996 3200 2996 3201 2991 3201 2952 3201 2952 3202 2991 3202 2989 3202 2997 3203 2998 3203 2999 3203 2999 3204 2998 3204 2985 3204 2988 3205 2998 3205 2994 3205 2986 3206 2998 3206 2988 3206 2985 3207 2998 3207 2986 3207 2996 3208 3000 3208 3001 3208 3001 3209 3000 3209 3002 3209 3002 3210 3000 3210 2997 3210 2994 3211 3000 3211 2995 3211 2995 3212 3000 3212 2952 3212 2998 3213 3000 3213 2994 3213 2952 3214 3000 3214 2996 3214 2997 3215 3000 3215 2998 3215 2963 3216 3003 3216 2952 3216 2960 3217 2962 3217 3004 3217 3004 3218 2962 3218 2990 3218 2964 3219 3003 3219 2963 3219 2989 3220 2962 3220 2963 3220 2991 3221 2962 3221 2989 3221 2990 3222 2962 3222 2991 3222 2964 3223 2950 3223 3003 3223 3003 3224 2950 3224 2952 3224 2953 3225 2950 3225 2968 3225 2968 3226 2950 3226 2964 3226 2982 3227 2954 3227 2961 3227 2994 3228 2954 3228 2988 3228 2952 3229 2954 3229 2994 3229 2988 3230 2954 3230 2982 3230 2965 3231 2967 3231 676 3231 676 3231 2967 3231 661 3231 2967 3232 2956 3232 661 3232 661 3232 2956 3232 650 3232 2996 3233 3001 3233 646 3233 646 3234 3001 3234 657 3234 2956 329 2958 329 650 329 650 329 2958 329 644 329 657 3235 3002 3235 672 3235 2958 3236 2960 3236 644 3236 3001 3237 3002 3237 657 3237 644 3236 2960 3236 630 3236 672 3238 2997 3238 677 3238 2960 3239 3004 3239 630 3239 630 3239 3004 3239 622 3239 3002 3238 2997 3238 672 3238 677 3240 2999 3240 683 3240 3004 3241 2990 3241 622 3241 622 3241 2990 3241 616 3241 2997 3242 2999 3242 677 3242 683 3243 2985 3243 690 3243 616 3244 2992 3244 625 3244 2999 3245 2985 3245 683 3245 2990 3246 2992 3246 616 3246 625 3247 2993 3247 640 3247 690 3248 2987 3248 696 3248 2992 3249 2993 3249 625 3249 640 3250 2996 3250 646 3250 2985 3251 2987 3251 690 3251 2993 3252 2996 3252 640 3252 696 308 2983 308 723 308 2987 308 2983 308 696 308 723 3253 2984 3253 724 3253 2983 3254 2984 3254 723 3254 724 3255 2978 3255 725 3255 2984 3256 2978 3256 724 3256 725 3257 2980 3257 726 3257 2978 3258 2980 3258 725 3258 726 3259 2975 3259 713 3259 2980 3259 2975 3259 726 3259 2975 3260 2977 3260 713 3260 713 3261 2977 3261 714 3261 2977 3262 2972 3262 714 3262 714 3263 2972 3263 715 3263 2972 3264 2974 3264 715 3264 715 3265 2974 3265 716 3265 2974 3266 2969 3266 716 3266 716 3267 2969 3267 717 3267 2969 3268 2971 3268 717 3268 717 3269 2971 3269 679 3269 2971 3270 2965 3270 679 3270 679 3270 2965 3270 676 3270 3005 3271 3006 3271 3007 3271 3008 3272 3006 3272 3005 3272 3007 3273 3006 3273 3009 3273 3010 3274 3006 3274 3008 3274 3011 3275 3012 3275 3013 3275 3014 3276 3006 3276 3010 3276 3013 3277 3012 3277 3015 3277 3009 3278 3006 3278 3016 3278 3016 3279 3006 3279 3014 3279 3017 3280 3012 3280 3018 3280 3015 3281 3012 3281 3017 3281 3018 3282 3012 3282 3019 3282 3020 3283 3021 3283 3022 3283 3022 3284 3021 3284 3011 3284 3011 3285 3021 3285 3012 3285 3012 3286 3021 3286 3019 3286 3019 3287 3021 3287 3023 3287 3024 3288 3025 3288 3026 3288 3026 3289 3025 3289 3020 3289 3020 3290 3025 3290 3021 3290 3021 3291 3025 3291 3023 3291 3023 3292 3025 3292 3008 3292 3027 3293 3028 3293 3029 3293 3029 3294 3028 3294 3024 3294 3025 3295 3028 3295 3008 3295 3008 3296 3028 3296 3010 3296 3024 3297 3028 3297 3025 3297 3030 3298 3031 3298 3032 3298 3032 3299 3031 3299 3027 3299 3027 3300 3031 3300 3028 3300 3010 3301 3031 3301 3014 3301 3028 3302 3031 3302 3010 3302 3033 3303 3034 3303 3035 3303 3035 3304 3034 3304 3030 3304 3030 3305 3034 3305 3031 3305 3014 3306 3034 3306 3016 3306 3031 3307 3034 3307 3014 3307 3034 3308 3036 3308 3016 3308 3016 3309 3036 3309 3037 3309 3038 3310 3036 3310 3039 3310 3039 3311 3036 3311 3033 3311 3033 3312 3036 3312 3034 3312 3040 3313 3041 3313 3042 3313 3036 3314 3041 3314 3037 3314 3042 3315 3041 3315 3038 3315 3037 3316 3041 3316 3043 3316 3044 3317 3018 3317 3007 3317 3038 3318 3041 3318 3036 3318 3045 3319 3046 3319 3047 3319 3047 3320 3046 3320 3048 3320 3049 3321 3050 3321 3007 3321 3048 3322 3046 3322 3051 3322 3051 3323 3046 3323 3007 3323 3007 3324 3046 3324 3044 3324 3052 3325 3053 3325 3054 3325 3054 3326 3053 3326 3040 3326 3043 3327 3053 3327 3049 3327 3041 3328 3053 3328 3043 3328 3040 3329 3053 3329 3041 3329 3051 3330 3055 3330 3056 3330 3056 3331 3055 3331 3057 3331 3057 3332 3055 3332 3052 3332 3049 3333 3055 3333 3050 3333 3050 3334 3055 3334 3007 3334 3053 3335 3055 3335 3049 3335 3007 3336 3055 3336 3051 3336 3052 3337 3055 3337 3053 3337 3018 3338 3058 3338 3007 3338 3015 3339 3017 3339 3059 3339 3059 3340 3017 3340 3045 3340 3019 3341 3058 3341 3018 3341 3044 3342 3017 3342 3018 3342 3046 3343 3017 3343 3044 3343 3045 3344 3017 3344 3046 3344 3019 3345 3005 3345 3058 3345 3058 3346 3005 3346 3007 3346 3008 3347 3005 3347 3023 3347 3023 3348 3005 3348 3019 3348 3037 3349 3009 3349 3016 3349 3049 3350 3009 3350 3043 3350 3007 3351 3009 3351 3049 3351 3043 3352 3009 3352 3037 3352 3020 3353 3022 3353 499 3353 499 2994 3022 2994 460 2994 3022 2998 3011 2998 460 2998 309 3015 3051 3015 297 3015 460 2998 3011 2998 408 2998 3011 3354 3013 3354 408 3354 297 3016 3056 3016 308 3016 408 3004 3013 3004 409 3004 3051 3355 3056 3355 297 3355 3013 3356 3015 3356 409 3356 3056 3016 3057 3016 308 3016 409 3005 3015 3005 383 3005 308 3357 3052 3357 315 3357 3015 3008 3059 3008 383 3008 383 3008 3059 3008 368 3008 3057 3358 3052 3358 308 3358 315 3359 3054 3359 334 3359 3059 3009 3045 3009 368 3009 368 3360 3045 3360 353 3360 3052 3018 3054 3018 315 3018 334 2978 3040 2978 351 2978 353 3010 3047 3010 336 3010 3054 2978 3040 2978 334 2978 3045 3361 3047 3361 353 3361 336 3012 3048 3012 323 3012 351 2979 3042 2979 365 2979 3047 3362 3048 3362 336 3362 323 3013 3051 3013 309 3013 3040 3363 3042 3363 351 3363 3048 3364 3051 3364 323 3364 365 3365 3038 3365 377 3365 3042 2983 3038 2983 365 2983 377 2986 3039 2986 569 2986 3038 3366 3039 3366 377 3366 569 3367 3033 3367 570 3367 3039 2988 3033 2988 569 2988 570 2991 3035 2991 571 2991 3033 2991 3035 2991 570 2991 571 2995 3030 2995 572 2995 3035 3368 3030 3368 571 3368 3030 2997 3032 2997 572 2997 572 2997 3032 2997 574 2997 3032 3000 3027 3000 574 3000 574 3369 3027 3369 687 3369 3027 2980 3029 2980 687 2980 687 2980 3029 2980 688 2980 3029 2982 3024 2982 688 2982 688 2982 3024 2982 689 2982 3024 3370 3026 3370 689 3370 689 3370 3026 3370 498 3370 3026 2993 3020 2993 498 2993 498 3371 3020 3371 499 3371 3060 3372 3061 3372 3062 3372 3063 3373 3061 3373 3060 3373 3062 3374 3061 3374 3064 3374 3065 3375 3061 3375 3063 3375 3066 3376 3067 3376 3068 3376 3069 3377 3061 3377 3065 3377 3068 3378 3067 3378 3070 3378 3064 3379 3061 3379 3071 3379 3071 3380 3061 3380 3069 3380 3072 3381 3067 3381 3073 3381 3070 3382 3067 3382 3072 3382 3073 3383 3067 3383 3074 3383 3075 3384 3076 3384 3077 3384 3077 3385 3076 3385 3066 3385 3066 3386 3076 3386 3067 3386 3067 3387 3076 3387 3074 3387 3074 3388 3076 3388 3078 3388 3079 3389 3080 3389 3081 3389 3081 3390 3080 3390 3075 3390 3075 3391 3080 3391 3076 3391 3076 3392 3080 3392 3078 3392 3078 3393 3080 3393 3063 3393 3082 3394 3083 3394 3084 3394 3084 3395 3083 3395 3079 3395 3080 3396 3083 3396 3063 3396 3063 3397 3083 3397 3065 3397 3079 3398 3083 3398 3080 3398 3085 3399 3086 3399 3087 3399 3087 3400 3086 3400 3082 3400 3082 3401 3086 3401 3083 3401 3065 3402 3086 3402 3069 3402 3083 3403 3086 3403 3065 3403 3088 3404 3089 3404 3090 3404 3090 3405 3089 3405 3085 3405 3085 3406 3089 3406 3086 3406 3069 3407 3089 3407 3071 3407 3086 3408 3089 3408 3069 3408 3089 3409 3091 3409 3071 3409 3071 3410 3091 3410 3092 3410 3093 3411 3091 3411 3094 3411 3094 3412 3091 3412 3088 3412 3088 3413 3091 3413 3089 3413 3095 3414 3096 3414 3097 3414 3091 3415 3096 3415 3092 3415 3097 3416 3096 3416 3093 3416 3092 3417 3096 3417 3098 3417 3099 3418 3073 3418 3062 3418 3093 3419 3096 3419 3091 3419 3100 3420 3101 3420 3102 3420 3102 3421 3101 3421 3103 3421 3104 3422 3105 3422 3062 3422 3103 3423 3101 3423 3106 3423 3106 3424 3101 3424 3062 3424 3062 3425 3101 3425 3099 3425 3107 3426 3108 3426 3109 3426 3109 3427 3108 3427 3095 3427 3098 3428 3108 3428 3104 3428 3096 3429 3108 3429 3098 3429 3095 3430 3108 3430 3096 3430 3106 3431 3110 3431 3111 3431 3111 3432 3110 3432 3112 3432 3112 3433 3110 3433 3107 3433 3104 3434 3110 3434 3105 3434 3105 3435 3110 3435 3062 3435 3108 3436 3110 3436 3104 3436 3062 3437 3110 3437 3106 3437 3107 3438 3110 3438 3108 3438 3073 3439 3113 3439 3062 3439 3070 3440 3072 3440 3114 3440 3114 3441 3072 3441 3100 3441 3074 3442 3113 3442 3073 3442 3099 3443 3072 3443 3073 3443 3101 3444 3072 3444 3099 3444 3100 3445 3072 3445 3101 3445 3074 3446 3060 3446 3113 3446 3113 3447 3060 3447 3062 3447 3063 3448 3060 3448 3078 3448 3078 3449 3060 3449 3074 3449 3092 3450 3064 3450 3071 3450 3104 3451 3064 3451 3098 3451 3062 3452 3064 3452 3104 3452 3098 3453 3064 3453 3092 3453 3075 3454 3077 3454 485 3454 485 3455 3077 3455 468 3455 3077 3456 3066 3456 468 3456 305 3457 3106 3457 292 3457 468 3456 3066 3456 451 3456 3066 3458 3068 3458 451 3458 292 3459 3111 3459 277 3459 451 3460 3068 3460 452 3460 3106 3461 3111 3461 292 3461 3068 3130 3070 3130 452 3130 3111 3462 3112 3462 277 3462 452 3131 3070 3131 428 3131 277 3463 3107 3463 260 3463 3070 3464 3114 3464 428 3464 428 3465 3114 3465 419 3465 3112 3466 3107 3466 277 3466 260 3467 3109 3467 252 3467 3114 3468 3100 3468 419 3468 419 3468 3100 3468 420 3468 3107 3467 3109 3467 260 3467 252 3469 3095 3469 245 3469 420 3470 3102 3470 332 3470 3109 3471 3095 3471 252 3471 3100 3472 3102 3472 420 3472 332 3473 3103 3473 321 3473 245 3474 3097 3474 249 3474 3102 3475 3103 3475 332 3475 321 3476 3106 3476 305 3476 3095 3477 3097 3477 245 3477 3103 3476 3106 3476 321 3476 249 3478 3093 3478 257 3478 3097 3479 3093 3479 249 3479 257 3110 3094 3110 263 3110 3093 3112 3094 3112 257 3112 263 3480 3088 3480 285 3480 3094 3481 3088 3481 263 3481 285 3482 3090 3482 304 3482 3088 3483 3090 3483 285 3483 304 3484 3085 3484 311 3484 3090 3485 3085 3485 304 3485 3085 3486 3087 3486 311 3486 311 3487 3087 3487 327 3487 3087 3488 3082 3488 327 3488 327 3488 3082 3488 344 3488 3082 3489 3084 3489 344 3489 344 3490 3084 3490 398 3490 3084 3491 3079 3491 398 3491 398 3492 3079 3492 399 3492 3079 3493 3081 3493 399 3493 399 3494 3081 3494 401 3494 3081 3495 3075 3495 401 3495 401 3496 3075 3496 485 3496 2516 3497 2337 3497 2515 3497 2340 3498 2337 3498 2516 3498 2515 3499 2400 3499 2514 3499 2337 3500 2400 3500 2515 3500 2491 3501 2380 3501 2513 3501 2374 3502 2380 3502 2491 3502 2514 3503 2390 3503 2512 3503 2400 3504 2390 3504 2514 3504 2513 3505 2386 3505 2511 3505 2512 3506 2384 3506 2510 3506 2380 3507 2386 3507 2513 3507 2390 3508 2384 3508 2512 3508 2511 3509 2396 3509 2509 3509 2510 3510 2378 3510 2508 3510 2384 3511 2378 3511 2510 3511 2386 3512 2396 3512 2511 3512 2508 3513 2369 3513 2506 3513 2509 3514 2335 3514 2507 3514 2378 3515 2369 3515 2508 3515 2396 3516 2335 3516 2509 3516 2506 3517 2360 3517 2504 3517 2369 3518 2360 3518 2506 3518 2507 3519 2336 3519 2505 3519 2335 3520 2336 3520 2507 3520 2504 3521 2353 3521 2502 3521 2360 3522 2353 3522 2504 3522 2505 3523 2342 3523 2503 3523 2336 3524 2342 3524 2505 3524 2502 3525 2347 3525 2500 3525 2353 3526 2347 3526 2502 3526 2503 3527 2355 3527 2501 3527 2342 3528 2355 3528 2503 3528 2500 3529 2344 3529 2498 3529 2347 3530 2344 3530 2500 3530 2355 3531 2363 3531 2501 3531 2501 3532 2363 3532 2499 3532 2498 3533 2351 3533 2496 3533 2344 3534 2351 3534 2498 3534 2363 3535 2368 3535 2499 3535 2499 3536 2368 3536 2497 3536 2496 3537 2358 3537 2494 3537 2351 3538 2358 3538 2496 3538 2368 3539 2377 3539 2497 3539 2494 3540 2366 3540 2492 3540 2497 3541 2377 3541 2495 3541 2358 3542 2366 3542 2494 3542 2377 3543 2389 3543 2495 3543 2366 3544 2374 3544 2492 3544 2492 3545 2374 3545 2491 3545 2495 3546 2389 3546 2493 3546 2389 3547 2395 3547 2493 3547 2493 3548 2395 3548 2490 3548 2395 3549 2489 3549 2490 3549 2395 3550 2397 3550 2489 3550 2489 3551 2391 3551 2488 3551 2397 3552 2391 3552 2489 3552 2391 3553 2487 3553 2488 3553 2391 3554 2382 3554 2487 3554 2487 3555 2371 3555 2519 3555 2382 3556 2371 3556 2487 3556 2519 3557 2359 3557 2518 3557 2371 3558 2359 3558 2519 3558 2518 3559 2349 3559 2517 3559 2359 3560 2349 3560 2518 3560 2517 3561 2340 3561 2516 3561 2349 3562 2340 3562 2517 3562 3115 3563 3116 3563 3117 3563 3115 3564 3118 3564 3116 3564 3119 2144 3120 2144 3121 2144 3121 2144 3120 2144 3122 2144 3122 2144 3120 2144 3123 2144 3123 2144 3120 2144 3115 2144 3118 2144 3124 2144 3125 2144 3115 3565 3126 3565 3118 3565 3118 3566 3126 3566 3124 3566 3127 2144 3128 2144 3129 2144 3115 3567 3130 3567 3126 3567 3130 2144 3131 2144 3132 2144 3133 3568 3134 3568 3135 3568 3135 2144 3134 2144 3128 2144 3129 2144 3134 2144 3120 2144 3128 2144 3134 2144 3129 2144 3115 3569 3136 3569 3130 3569 3130 2144 3136 2144 3131 2144 3137 2144 3138 2144 3134 2144 3136 2144 3139 2144 3140 2144 3120 3570 3139 3570 3115 3570 3134 3571 3139 3571 3120 3571 3115 3572 3139 3572 3136 3572 3138 2144 3139 2144 3134 2144 3138 2144 3141 2144 3139 2144 3138 3573 3137 3573 2470 3573 2470 3574 3137 3574 2461 3574 3137 3575 3134 3575 2461 3575 2461 3576 3134 3576 2436 3576 3134 3577 3133 3577 2436 3577 3119 3578 3121 3578 2469 3578 2469 3579 3121 3579 2454 3579 2436 3580 3133 3580 2427 3580 3133 3581 3135 3581 2427 3581 2454 3582 3122 3582 2446 3582 2427 3583 3135 3583 2423 3583 3121 3584 3122 3584 2454 3584 3135 3585 3128 3585 2423 3585 2446 3586 3123 3586 2440 3586 2423 3587 3128 3587 2412 3587 3122 3588 3123 3588 2446 3588 2412 3589 3127 3589 2414 3589 3128 3590 3127 3590 2412 3590 2440 3591 3115 3591 2442 3591 3123 3592 3115 3592 2440 3592 2414 3593 3129 3593 2485 3593 3127 3594 3129 3594 2414 3594 2442 3595 3117 3595 2447 3595 3115 3596 3117 3596 2442 3596 2485 3597 3120 3597 2479 3597 3129 3598 3120 3598 2485 3598 2447 3599 3116 3599 2457 3599 3117 3600 3116 3600 2447 3600 2479 3601 3119 3601 2469 3601 3120 3602 3119 3602 2479 3602 2457 3603 3118 3603 2474 3603 3116 3604 3118 3604 2457 3604 2474 3605 3125 3605 2480 3605 3118 3606 3125 3606 2474 3606 2480 3607 3124 3607 2486 3607 3125 3608 3124 3608 2480 3608 2486 3609 3126 3609 2404 3609 3124 3610 3126 3610 2486 3610 3126 3611 3130 3611 2404 3611 2404 3612 3130 3612 2417 3612 3130 3613 3132 3613 2417 3613 2417 3614 3132 3614 2426 3614 3132 3615 3131 3615 2426 3615 2426 3616 3131 3616 2428 3616 3131 140 3136 140 2428 140 2428 140 3136 140 2444 140 3136 3617 3140 3617 2444 3617 2444 3618 3140 3618 2473 3618 3140 3619 3139 3619 2473 3619 2473 3620 3139 3620 2481 3620 3139 3621 3141 3621 2481 3621 2481 3622 3141 3622 2477 3622 3141 3623 3138 3623 2477 3623 2477 3624 3138 3624 2470 3624 3142 3625 3143 3625 3144 3625 3145 3626 3143 3626 3142 3626 3146 3627 3147 3627 3145 3627 3145 3628 3147 3628 3143 3628 3148 3629 3149 3629 3146 3629 3146 3630 3149 3630 3147 3630 3150 3631 3151 3631 3148 3631 3148 3632 3151 3632 3149 3632 3152 3633 3153 3633 3150 3633 2610 3634 3153 3634 2599 3634 2599 3635 3153 3635 3152 3635 3150 3636 3153 3636 3151 3636 3144 3637 3154 3637 2726 3637 2726 3638 3154 3638 2728 3638 3143 3639 3155 3639 3144 3639 3144 3640 3155 3640 3154 3640 3147 3641 3156 3641 3143 3641 3143 3642 3156 3642 3155 3642 3149 3643 3157 3643 3147 3643 3147 3644 3157 3644 3156 3644 3151 3645 3158 3645 3149 3645 3149 3646 3158 3646 3157 3646 2610 3647 3159 3647 3153 3647 2620 3648 3159 3648 2610 3648 3151 3649 3159 3649 3158 3649 3153 3650 3159 3650 3151 3650 3154 3651 3160 3651 2728 3651 2728 3652 3160 3652 2730 3652 3155 3653 3161 3653 3154 3653 3154 3654 3161 3654 3160 3654 3155 3655 3162 3655 3161 3655 3156 3656 3162 3656 3155 3656 3156 3657 3163 3657 3162 3657 3157 3658 3163 3658 3156 3658 3158 3659 3164 3659 3157 3659 3157 3660 3164 3660 3163 3660 2628 3661 3165 3661 2620 3661 2620 3662 3165 3662 3159 3662 3158 3663 3165 3663 3164 3663 3159 3664 3165 3664 3158 3664 3160 3665 3166 3665 2730 3665 2730 3666 3166 3666 2732 3666 3161 3667 3167 3667 3160 3667 3160 3668 3167 3668 3166 3668 3161 3669 3168 3669 3167 3669 3162 3670 3168 3670 3161 3670 3163 3671 3169 3671 3162 3671 3162 3672 3169 3672 3168 3672 3164 3673 3170 3673 3163 3673 3163 3674 3170 3674 3169 3674 2637 3675 3171 3675 2628 3675 2628 3676 3171 3676 3165 3676 3165 3677 3171 3677 3164 3677 3164 3678 3171 3678 3170 3678 2732 3679 3172 3679 2662 3679 3166 3680 3172 3680 2732 3680 3167 3681 3173 3681 3166 3681 3166 3682 3173 3682 3172 3682 3167 3683 3174 3683 3173 3683 3168 3684 3174 3684 3167 3684 3168 3685 3175 3685 3174 3685 3169 3686 3175 3686 3168 3686 3169 3687 3176 3687 3175 3687 3170 3688 3176 3688 3169 3688 3170 3689 3177 3689 3176 3689 2645 3690 3177 3690 2637 3690 2637 3691 3177 3691 3171 3691 3171 3692 3177 3692 3170 3692 2662 3693 3178 3693 2663 3693 3172 3694 3178 3694 2662 3694 3172 3695 3179 3695 3178 3695 3173 3696 3179 3696 3172 3696 3174 3697 3180 3697 3173 3697 3173 3698 3180 3698 3179 3698 3174 3699 3181 3699 3180 3699 3175 3700 3181 3700 3174 3700 3175 3701 3182 3701 3181 3701 3176 3702 3182 3702 3175 3702 3177 3703 3183 3703 3176 3703 3176 3704 3183 3704 3182 3704 2653 3705 3183 3705 2645 3705 2645 3706 3183 3706 3177 3706 2663 3707 3184 3707 2666 3707 3178 3708 3184 3708 2663 3708 3179 3709 3185 3709 3178 3709 3178 3710 3185 3710 3184 3710 3180 3711 3186 3711 3179 3711 3179 3712 3186 3712 3185 3712 3181 3713 3187 3713 3180 3713 3180 3714 3187 3714 3186 3714 3182 3715 3188 3715 3181 3715 3181 3716 3188 3716 3187 3716 3183 3717 3189 3717 3182 3717 2661 3718 3189 3718 2653 3718 2653 3719 3189 3719 3183 3719 3182 3720 3189 3720 3188 3720 3184 3721 3190 3721 2666 3721 2666 3722 3190 3722 2672 3722 3184 3723 3191 3723 3190 3723 3185 3724 3191 3724 3184 3724 3186 3725 3192 3725 3185 3725 3185 3726 3192 3726 3191 3726 3187 3727 3193 3727 3186 3727 3186 3728 3193 3728 3192 3728 3187 3729 3194 3729 3193 3729 3188 3730 3194 3730 3187 3730 2598 3731 3195 3731 2661 3731 2661 3732 3195 3732 3189 3732 3189 3733 3195 3733 3188 3733 3188 3734 3195 3734 3194 3734 3191 3735 3196 3735 3190 3735 3190 3736 3196 3736 2672 3736 2672 3737 3196 3737 2676 3737 3191 3738 3197 3738 3196 3738 3192 3739 3197 3739 3191 3739 3192 3740 3198 3740 3197 3740 3193 3741 3199 3741 3192 3741 3192 3742 3199 3742 3198 3742 3194 3743 3200 3743 3193 3743 3193 3744 3200 3744 3199 3744 2595 3745 3201 3745 2598 3745 2598 3746 3201 3746 3195 3746 3195 3747 3201 3747 3194 3747 3194 3748 3201 3748 3200 3748 3196 3749 3202 3749 2676 3749 2676 3750 3202 3750 2680 3750 3197 3751 3203 3751 3196 3751 3196 3752 3203 3752 3202 3752 3197 3753 3204 3753 3203 3753 3198 3754 3204 3754 3197 3754 3199 3755 3205 3755 3198 3755 3198 3756 3205 3756 3204 3756 3206 3757 3207 3757 2668 3757 3208 3758 3207 3758 3206 3758 3200 3759 3209 3759 3199 3759 2668 3760 3207 3760 2669 3760 3199 3761 3209 3761 3205 3761 2594 3762 3210 3762 2595 3762 2595 3763 3210 3763 3201 3763 3201 3764 3210 3764 3200 3764 3208 3765 3211 3765 3207 3765 3200 3766 3210 3766 3209 3766 3212 3767 3211 3767 3208 3767 2680 3768 3213 3768 2684 3768 3202 3769 3213 3769 2680 3769 3212 3770 3214 3770 3211 3770 3202 3771 3215 3771 3213 3771 3216 3772 3217 3772 3212 3772 3203 3773 3215 3773 3202 3773 3212 3774 3217 3774 3214 3774 3216 3775 3218 3775 3217 3775 3203 3776 3219 3776 3215 3776 3220 3777 3218 3777 3216 3777 2624 3778 3221 3778 2634 3778 3204 3779 3219 3779 3203 3779 3220 3780 3221 3780 3218 3780 3222 3781 3221 3781 3220 3781 3204 3782 3223 3782 3219 3782 2634 3783 3221 3783 3222 3783 3205 3784 3223 3784 3204 3784 3207 3785 3224 3785 2669 3785 3205 3786 3225 3786 3223 3786 2669 3787 3224 3787 2674 3787 3211 3788 3224 3788 3207 3788 3209 3789 3225 3789 3205 3789 3209 3790 3226 3790 3225 3790 2655 3791 3226 3791 2594 3791 2594 3792 3226 3792 3210 3792 3211 3793 3227 3793 3224 3793 3214 3794 3227 3794 3211 3794 3210 3795 3226 3795 3209 3795 3213 3796 3228 3796 2684 3796 2684 3797 3228 3797 2688 3797 3214 3798 3229 3798 3227 3798 3217 3799 3230 3799 3214 3799 3214 3800 3230 3800 3229 3800 3217 3801 3231 3801 3230 3801 3218 3802 3231 3802 3217 3802 3215 3803 3232 3803 3213 3803 3213 3804 3232 3804 3228 3804 3219 3805 3233 3805 3215 3805 2618 3806 3234 3806 2624 3806 3215 3807 3233 3807 3232 3807 3218 3808 3234 3808 3231 3808 2624 3809 3234 3809 3221 3809 3221 3810 3234 3810 3218 3810 3223 3811 3235 3811 3219 3811 3219 3812 3235 3812 3233 3812 3224 3813 3236 3813 2674 3813 2674 3814 3236 3814 2678 3814 3225 3815 3237 3815 3223 3815 3223 3816 3237 3816 3235 3816 3227 3817 3238 3817 3224 3817 3226 3818 3239 3818 3225 3818 3225 3819 3239 3819 3237 3819 3224 3820 3238 3820 3236 3820 2646 3821 3239 3821 2655 3821 2655 3822 3239 3822 3226 3822 3228 3823 3240 3823 2688 3823 3229 3824 3241 3824 3227 3824 3227 3825 3241 3825 3238 3825 2688 3826 3240 3826 2692 3826 3230 3827 3242 3827 3229 3827 3229 3828 3242 3828 3241 3828 3230 3829 3243 3829 3242 3829 3231 3830 3243 3830 3230 3830 3228 3831 3244 3831 3240 3831 3232 3832 3244 3832 3228 3832 3233 3833 3245 3833 3232 3833 2611 3834 3246 3834 2618 3834 2618 3835 3246 3835 3234 3835 3234 3836 3246 3836 3231 3836 3231 3837 3246 3837 3243 3837 3232 3838 3245 3838 3244 3838 3233 3839 3247 3839 3245 3839 3238 3840 3248 3840 3236 3840 3235 3841 3247 3841 3233 3841 2678 3842 3248 3842 2682 3842 3236 3843 3248 3843 2678 3843 3235 3844 3249 3844 3247 3844 3237 3845 3249 3845 3235 3845 3238 3846 3250 3846 3248 3846 3239 3847 3251 3847 3237 3847 2639 3848 3251 3848 2646 3848 3241 3849 3250 3849 3238 3849 2646 3850 3251 3850 3239 3850 3237 3851 3251 3851 3249 3851 3241 3852 3252 3852 3250 3852 3240 3853 3253 3853 2692 3853 3241 3854 3254 3854 3252 3854 2692 3855 3253 3855 2696 3855 3242 3856 3254 3856 3241 3856 3244 3857 3255 3857 3240 3857 3243 3858 3256 3858 3242 3858 3240 3859 3255 3859 3253 3859 3242 3860 3256 3860 3254 3860 2604 3861 3257 3861 2611 3861 3243 3862 3257 3862 3256 3862 2611 3863 3257 3863 3246 3863 3245 3864 3258 3864 3244 3864 3246 3865 3257 3865 3243 3865 3248 3866 3259 3866 2682 3866 3244 3867 3258 3867 3255 3867 2682 3868 3259 3868 2686 3868 3247 3869 3260 3869 3245 3869 3245 3870 3260 3870 3258 3870 3249 3871 3261 3871 3247 3871 3250 3872 3262 3872 3248 3872 3247 3873 3261 3873 3260 3873 3248 3874 3262 3874 3259 3874 2630 3875 3263 3875 2639 3875 2639 3876 3263 3876 3251 3876 3252 3877 3264 3877 3250 3877 3249 3878 3263 3878 3261 3878 3251 3879 3263 3879 3249 3879 3250 3880 3264 3880 3262 3880 3253 3881 3265 3881 2696 3881 3252 3882 3266 3882 3264 3882 2696 3883 3265 3883 2700 3883 3254 3884 3266 3884 3252 3884 3253 3885 3267 3885 3265 3885 3256 3886 3268 3886 3254 3886 3255 3887 3267 3887 3253 3887 3254 3888 3268 3888 3266 3888 2606 3889 3269 3889 2604 3889 3257 3890 3269 3890 3256 3890 2604 3891 3269 3891 3257 3891 3256 3892 3269 3892 3268 3892 3258 3893 3270 3893 3255 3893 3255 3894 3270 3894 3267 3894 3260 3895 3271 3895 3258 3895 2686 3896 3272 3896 2690 3896 3258 3897 3271 3897 3270 3897 3259 3898 3272 3898 2686 3898 3261 3899 3273 3899 3260 3899 3260 3900 3273 3900 3271 3900 2621 3901 3274 3901 2630 3901 3259 3902 3275 3902 3272 3902 3262 3903 3275 3903 3259 3903 2630 3904 3274 3904 3263 3904 3263 3905 3274 3905 3261 3905 3264 3906 3276 3906 3262 3906 3261 3907 3274 3907 3273 3907 3262 3908 3276 3908 3275 3908 3265 3909 3277 3909 2700 3909 3264 3910 3278 3910 3276 3910 2700 3911 3277 3911 2704 3911 3266 3912 3278 3912 3264 3912 3267 3913 3279 3913 3265 3913 3265 3914 3279 3914 3277 3914 3266 3915 3280 3915 3278 3915 3268 3916 3280 3916 3266 3916 2609 3917 3281 3917 2606 3917 2606 3918 3281 3918 3269 3918 3269 3919 3281 3919 3268 3919 3270 3920 3282 3920 3267 3920 3268 3921 3281 3921 3280 3921 3267 3922 3282 3922 3279 3922 3272 3923 3283 3923 2690 3923 2690 3924 3283 3924 2694 3924 3270 3925 3284 3925 3282 3925 3271 3926 3284 3926 3270 3926 3272 3927 3285 3927 3283 3927 3273 3928 3286 3928 3271 3928 3271 3929 3286 3929 3284 3929 2613 3930 3287 3930 2621 3930 3275 3931 3285 3931 3272 3931 2621 3932 3287 3932 3274 3932 3274 3933 3287 3933 3273 3933 3273 3934 3287 3934 3286 3934 3276 3935 3288 3935 3275 3935 2704 3936 3289 3936 2708 3936 3275 3937 3288 3937 3285 3937 3277 3938 3289 3938 2704 3938 3276 3939 3290 3939 3288 3939 3278 3940 3290 3940 3276 3940 3277 3941 3291 3941 3289 3941 3280 3942 3292 3942 3278 3942 3279 3943 3291 3943 3277 3943 3278 3944 3292 3944 3290 3944 2617 3945 3293 3945 2609 3945 3279 3946 3294 3946 3291 3946 2609 3947 3293 3947 3281 3947 3281 3948 3293 3948 3280 3948 3280 3949 3293 3949 3292 3949 3282 3950 3294 3950 3279 3950 2694 3951 3295 3951 2698 3951 3284 3952 3296 3952 3282 3952 3283 3953 3295 3953 2694 3953 3282 3954 3296 3954 3294 3954 3285 3955 3297 3955 3283 3955 3284 3956 3298 3956 3296 3956 3286 3957 3298 3957 3284 3957 3287 3958 3299 3958 3286 3958 3286 3959 3299 3959 3298 3959 3283 3960 3297 3960 3295 3960 2601 3961 3299 3961 2613 3961 2613 3962 3299 3962 3287 3962 3285 3963 3300 3963 3297 3963 3289 3964 3301 3964 2708 3964 3288 3965 3300 3965 3285 3965 3290 3966 3302 3966 3288 3966 2708 3967 3301 3967 2712 3967 3288 3968 3302 3968 3300 3968 3289 3969 3303 3969 3301 3969 3292 3970 3304 3970 3290 3970 3291 3971 3303 3971 3289 3971 3290 3972 3304 3972 3302 3972 3294 3973 3305 3973 3291 3973 3292 3974 3306 3974 3304 3974 2623 3975 3306 3975 2617 3975 2617 3976 3306 3976 3293 3976 3291 3977 3305 3977 3303 3977 3293 3978 3306 3978 3292 3978 3296 3979 3307 3979 3294 3979 3295 3980 3308 3980 2698 3980 3294 3981 3307 3981 3305 3981 2698 3982 3308 3982 2702 3982 3296 3983 3309 3983 3307 3983 3295 3984 3310 3984 3308 3984 3298 3985 3309 3985 3296 3985 2601 3986 3311 3986 3299 3986 2600 3987 3311 3987 2601 3987 3297 3988 3310 3988 3295 3988 3298 3989 3311 3989 3309 3989 3299 3990 3311 3990 3298 3990 3301 3991 3312 3991 2712 3991 3297 3992 3313 3992 3310 3992 3300 3993 3313 3993 3297 3993 2712 3994 3312 3994 2716 3994 3302 3995 3314 3995 3300 3995 3303 3996 3315 3996 3301 3996 3300 3997 3314 3997 3313 3997 3304 3998 3316 3998 3302 3998 3301 3999 3315 3999 3312 3999 3302 4000 3316 4000 3314 4000 3306 4001 3317 4001 3304 4001 3305 4002 3318 4002 3303 4002 2623 4003 3317 4003 3306 4003 2631 4004 3317 4004 2623 4004 3304 4005 3317 4005 3316 4005 3303 4006 3318 4006 3315 4006 3308 4007 3319 4007 2702 4007 3307 4008 3320 4008 3305 4008 2702 4009 3319 4009 2706 4009 3305 4010 3320 4010 3318 4010 3307 4011 3321 4011 3320 4011 3309 4012 3321 4012 3307 4012 3310 4013 3322 4013 3308 4013 3308 4014 3322 4014 3319 4014 2600 4015 3323 4015 3311 4015 2658 4016 3323 4016 2600 4016 3309 4017 3323 4017 3321 4017 3313 4018 3324 4018 3310 4018 3311 4019 3323 4019 3309 4019 3310 4020 3324 4020 3322 4020 3312 4021 3325 4021 2716 4021 2716 4022 3325 4022 2720 4022 3313 4023 3326 4023 3324 4023 3315 4024 3327 4024 3312 4024 3314 4025 3326 4025 3313 4025 3316 4026 3328 4026 3314 4026 3312 4027 3327 4027 3325 4027 3314 4028 3328 4028 3326 4028 2638 4029 3329 4029 2631 4029 2631 4030 3329 4030 3317 4030 3317 4031 3329 4031 3316 4031 3318 4032 3330 4032 3315 4032 3316 4033 3329 4033 3328 4033 3315 4034 3330 4034 3327 4034 3319 4035 3331 4035 2706 4035 3320 4036 3332 4036 3318 4036 2706 4037 3331 4037 2710 4037 3318 4038 3332 4038 3330 4038 3321 4039 3333 4039 3320 4039 3322 4040 3334 4040 3319 4040 3319 4041 3334 4041 3331 4041 3320 4042 3333 4042 3332 4042 2650 4043 3335 4043 2658 4043 2658 4044 3335 4044 3323 4044 3323 4045 3335 4045 3321 4045 3321 4046 3335 4046 3333 4046 3324 4047 3336 4047 3322 4047 3322 4048 3336 4048 3334 4048 3325 4049 3337 4049 2720 4049 3324 4050 3338 4050 3336 4050 2720 4051 3337 4051 2724 4051 2724 4052 3337 4052 2668 4052 2668 4053 3337 4053 3206 4053 3326 4054 3338 4054 3324 4054 3328 4055 3339 4055 3326 4055 3327 4056 3340 4056 3325 4056 3325 4057 3340 4057 3337 4057 3326 4058 3339 4058 3338 4058 2648 4059 3341 4059 2638 4059 3337 4060 3340 4060 3206 4060 3328 4061 3341 4061 3339 4061 3206 4062 3340 4062 3208 4062 2638 4063 3341 4063 3329 4063 3329 4064 3341 4064 3328 4064 3327 4065 3342 4065 3340 4065 3331 4066 3343 4066 2710 4066 3330 4067 3342 4067 3327 4067 2710 4068 3343 4068 2714 4068 3340 4069 3342 4069 3208 4069 3208 4070 3342 4070 3212 4070 3331 4071 3344 4071 3343 4071 3330 4072 3345 4072 3342 4072 3334 4073 3344 4073 3331 4073 3332 4074 3345 4074 3330 4074 3342 4075 3345 4075 3212 4075 3212 4076 3345 4076 3216 4076 3336 4077 3346 4077 3334 4077 3333 4078 3347 4078 3332 4078 3332 4079 3347 4079 3345 4079 3216 4080 3347 4080 3220 4080 3334 4081 3346 4081 3344 4081 3345 4082 3347 4082 3216 4082 2641 4083 3348 4083 2650 4083 2634 4084 3348 4084 2641 4084 3338 4085 3349 4085 3336 4085 3333 4086 3348 4086 3347 4086 2650 4087 3348 4087 3335 4087 3335 4088 3348 4088 3333 4088 3336 4089 3349 4089 3346 4089 3220 4090 3348 4090 3222 4090 3222 4091 3348 4091 2634 4091 3347 4092 3348 4092 3220 4092 3339 4093 3350 4093 3338 4093 3338 4094 3350 4094 3349 4094 2657 4095 3351 4095 2648 4095 2648 4096 3351 4096 3341 4096 3341 4097 3351 4097 3339 4097 3339 4098 3351 4098 3350 4098 2714 4099 3352 4099 2718 4099 3343 4100 3352 4100 2714 4100 3344 4101 3353 4101 3343 4101 3343 4102 3353 4102 3352 4102 3344 4103 3354 4103 3353 4103 3346 4104 3354 4104 3344 4104 3349 4105 3355 4105 3346 4105 3346 4106 3355 4106 3354 4106 3350 4107 3356 4107 3349 4107 3349 4108 3356 4108 3355 4108 2593 4109 3357 4109 2657 4109 2657 4110 3357 4110 3351 4110 3351 4111 3357 4111 3350 4111 3350 4112 3357 4112 3356 4112 3352 4113 3142 4113 2718 4113 2718 4114 3142 4114 2722 4114 3352 4115 3145 4115 3142 4115 3353 4116 3145 4116 3352 4116 3353 4117 3146 4117 3145 4117 3354 4118 3146 4118 3353 4118 3354 4119 3148 4119 3146 4119 3355 4120 3148 4120 3354 4120 3355 4121 3150 4121 3148 4121 3356 4122 3150 4122 3355 4122 2599 4123 3152 4123 2593 4123 3356 4124 3152 4124 3150 4124 2593 4125 3152 4125 3357 4125 3357 4126 3152 4126 3356 4126 2722 4127 3144 4127 2726 4127 3142 4128 3144 4128 2722 4128 3358 4129 3359 4129 3360 4129 3361 4130 3359 4130 3358 4130 3362 4131 3363 4131 3361 4131 3361 4132 3363 4132 3359 4132 3364 4133 3365 4133 3362 4133 3362 4134 3365 4134 3363 4134 3366 4135 3367 4135 3364 4135 3364 4136 3367 4136 3365 4136 3366 4137 3368 4137 3367 4137 3369 4138 3368 4138 3366 4138 2727 4139 3368 4139 2723 4139 2723 4140 3368 4140 3369 4140 3360 4141 3370 4141 2545 4141 3371 4142 2558 4142 2566 4142 2545 4143 3370 4143 2553 4143 3359 4144 3372 4144 3360 4144 3360 4145 3372 4145 3370 4145 3363 4146 3373 4146 3359 4146 3359 4147 3373 4147 3372 4147 3365 4148 3374 4148 3363 4148 3363 4149 3374 4149 3373 4149 3367 4150 3375 4150 3365 4150 3365 4151 3375 4151 3374 4151 2729 4152 3376 4152 2727 4152 3368 4153 3376 4153 3367 4153 2727 4154 3376 4154 3368 4154 3367 4155 3376 4155 3375 4155 3370 4156 3377 4156 2553 4156 2553 4157 3377 4157 2563 4157 3372 4158 3378 4158 3370 4158 3370 4159 3378 4159 3377 4159 3372 4160 3379 4160 3378 4160 3373 4161 3379 4161 3372 4161 3373 4162 3380 4162 3379 4162 3374 4163 3380 4163 3373 4163 3375 4164 3381 4164 3374 4164 3374 4165 3381 4165 3380 4165 2731 4166 3382 4166 2729 4166 2729 4167 3382 4167 3376 4167 3376 4168 3382 4168 3375 4168 3375 4169 3382 4169 3381 4169 3377 4170 3383 4170 2563 4170 2563 4171 3383 4171 2571 4171 3378 4172 3384 4172 3377 4172 3377 4173 3384 4173 3383 4173 3378 4174 3385 4174 3384 4174 3379 4175 3385 4175 3378 4175 3380 4176 3386 4176 3379 4176 3379 4177 3386 4177 3385 4177 3381 4178 3387 4178 3380 4178 3380 4179 3387 4179 3386 4179 2733 4180 3388 4180 2731 4180 2731 4181 3388 4181 3382 4181 3382 4182 3388 4182 3381 4182 3381 4183 3388 4183 3387 4183 2571 4184 3389 4184 2579 4184 3383 4185 3389 4185 2571 4185 3384 4186 3390 4186 3383 4186 3383 4187 3390 4187 3389 4187 3384 4188 3391 4188 3390 4188 3385 4189 3391 4189 3384 4189 3385 4190 3392 4190 3391 4190 3386 4191 3392 4191 3385 4191 3386 4192 3393 4192 3392 4192 3387 4193 3393 4193 3386 4193 3387 4194 3394 4194 3393 4194 2664 4195 3394 4195 2733 4195 2733 4196 3394 4196 3388 4196 3388 4197 3394 4197 3387 4197 2579 4198 3395 4198 2587 4198 3389 4199 3395 4199 2579 4199 3389 4200 3396 4200 3395 4200 3390 4201 3396 4201 3389 4201 3391 4202 3397 4202 3390 4202 3390 4203 3397 4203 3396 4203 3391 4204 3398 4204 3397 4204 3392 4205 3398 4205 3391 4205 3392 4206 3399 4206 3398 4206 3393 4207 3399 4207 3392 4207 3394 4208 3400 4208 3393 4208 3393 4209 3400 4209 3399 4209 2665 4210 3400 4210 2664 4210 2664 4211 3400 4211 3394 4211 2587 4212 3401 4212 2529 4212 3395 4213 3401 4213 2587 4213 3396 4214 3402 4214 3395 4214 3395 4215 3402 4215 3401 4215 3397 4216 3403 4216 3396 4216 3396 4217 3403 4217 3402 4217 3398 4218 3404 4218 3397 4218 3397 4219 3404 4219 3403 4219 3399 4220 3405 4220 3398 4220 3398 4221 3405 4221 3404 4221 3400 4222 3406 4222 3399 4222 2667 4223 3406 4223 2665 4223 2665 4224 3406 4224 3400 4224 3399 4225 3406 4225 3405 4225 3401 4226 3407 4226 2529 4226 2529 4227 3407 4227 2527 4227 2527 4228 3407 4228 2532 4228 3401 4229 3408 4229 3407 4229 3402 4230 3408 4230 3401 4230 3403 4231 3409 4231 3402 4231 3402 4232 3409 4232 3408 4232 3404 4233 3410 4233 3403 4233 3403 4234 3410 4234 3409 4234 3404 4235 3411 4235 3410 4235 3405 4236 3411 4236 3404 4236 2673 4237 3412 4237 2667 4237 2667 4238 3412 4238 3406 4238 3406 4239 3412 4239 3405 4239 3405 4240 3412 4240 3411 4240 3407 4241 3413 4241 2532 4241 3408 4242 3414 4242 3407 4242 3407 4243 3414 4243 3413 4243 3408 4244 3415 4244 3414 4244 3409 4245 3415 4245 3408 4245 3410 4246 3415 4246 3409 4246 3411 4247 3416 4247 3410 4247 3410 4248 3416 4248 3415 4248 3411 4249 3417 4249 3416 4249 2677 4250 3418 4250 2673 4250 2673 4251 3418 4251 3412 4251 3412 4252 3418 4252 3411 4252 3411 4253 3418 4253 3417 4253 2532 4254 3419 4254 2523 4254 3413 4255 3419 4255 2532 4255 3413 4256 3420 4256 3419 4256 3414 4257 3420 4257 3413 4257 3415 4258 3421 4258 3414 4258 3414 4259 3421 4259 3420 4259 3415 4260 3422 4260 3421 4260 3416 4261 3422 4261 3415 4261 3417 4262 3423 4262 3416 4262 3416 4263 3423 4263 3422 4263 2681 4264 3424 4264 2677 4264 2558 4265 3425 4265 2550 4265 2677 4266 3424 4266 3418 4266 3371 4267 3425 4267 2558 4267 3418 4268 3424 4268 3417 4268 3417 4269 3424 4269 3423 4269 3371 4270 3426 4270 3425 4270 3427 4271 3426 4271 3371 4271 2523 4272 3428 4272 2526 4272 3419 4273 3428 4273 2523 4273 3429 4274 3430 4274 3427 4274 3419 4275 3431 4275 3428 4275 3432 4276 3430 4276 3429 4276 3420 4277 3431 4277 3419 4277 3427 4278 3430 4278 3426 4278 3433 4279 3434 4279 3432 4279 3432 4280 3434 4280 3430 4280 3433 4281 3435 4281 3434 4281 3421 4282 3436 4282 3420 4282 2671 4283 3437 4283 2670 4283 3420 4284 3436 4284 3431 4284 3433 4285 3437 4285 3435 4285 3421 4286 3438 4286 3436 4286 3439 4287 3437 4287 3433 4287 3422 4288 3438 4288 3421 4288 2670 4289 3437 4289 3439 4289 3422 4290 3440 4290 3438 4290 3425 4291 3441 4291 2550 4291 3423 4292 3440 4292 3422 4292 3423 4293 3442 4293 3440 4293 2685 4294 3442 4294 2681 4294 2681 4295 3442 4295 3424 4295 3424 4296 3442 4296 3423 4296 3425 4297 3443 4297 3441 4297 3426 4298 3443 4298 3425 4298 3430 4299 3444 4299 3426 4299 2526 4300 3445 4300 2580 4300 3434 4301 3444 4301 3430 4301 3428 4302 3445 4302 2526 4302 3426 4303 3444 4303 3443 4303 3428 4304 3446 4304 3445 4304 3435 4305 3447 4305 3434 4305 3434 4306 3447 4306 3444 4306 3431 4307 3446 4307 3428 4307 3435 4308 3448 4308 3447 4308 3431 4309 3449 4309 3446 4309 2675 4310 3450 4310 2671 4310 3436 4311 3449 4311 3431 4311 3435 4312 3450 4312 3448 4312 2671 4313 3450 4313 3437 4313 3436 4314 3451 4314 3449 4314 3437 4315 3450 4315 3435 4315 3438 4316 3451 4316 3436 4316 3441 4317 3452 4317 2550 4317 2550 4318 3452 4318 2544 4318 3440 4319 3453 4319 3438 4319 2544 4320 3452 4320 2537 4320 3438 4321 3453 4321 3451 4321 3442 4322 3454 4322 3440 4322 3440 4323 3454 4323 3453 4323 2689 4324 3454 4324 2685 4324 3441 4325 3455 4325 3452 4325 3443 4326 3455 4326 3441 4326 2685 4327 3454 4327 3442 4327 3445 4328 3456 4328 2580 4328 3444 4329 3457 4329 3443 4329 2580 4330 3456 4330 2572 4330 3443 4331 3457 4331 3455 4331 3447 4332 3458 4332 3444 4332 3446 4333 3459 4333 3445 4333 3444 4334 3458 4334 3457 4334 3448 4335 3460 4335 3447 4335 3445 4336 3459 4336 3456 4336 3447 4337 3460 4337 3458 4337 3449 4338 3461 4338 3446 4338 2679 4339 3462 4339 2675 4339 3448 4340 3462 4340 3460 4340 3446 4341 3461 4341 3459 4341 2675 4342 3462 4342 3450 4342 3451 4343 3463 4343 3449 4343 3450 4344 3462 4344 3448 4344 3449 4345 3463 4345 3461 4345 3452 4346 3464 4346 2537 4346 3453 4347 3465 4347 3451 4347 3451 4348 3465 4348 3463 4348 3454 4349 3466 4349 3453 4349 3452 4350 3467 4350 3464 4350 2693 4351 3466 4351 2689 4351 2689 4352 3466 4352 3454 4352 3455 4353 3467 4353 3452 4353 3453 4354 3466 4354 3465 4354 3457 4355 3468 4355 3455 4355 3455 4356 3468 4356 3467 4356 3456 4357 3469 4357 2572 4357 3458 4358 3468 4358 3457 4358 2572 4359 3469 4359 2564 4359 3459 4360 3470 4360 3456 4360 3460 4361 3471 4361 3458 4361 3458 4362 3471 4362 3468 4362 3456 4363 3470 4363 3469 4363 3460 4364 3472 4364 3471 4364 3459 4365 3473 4365 3470 4365 2683 4366 3474 4366 2679 4366 3462 4367 3474 4367 3460 4367 3460 4368 3474 4368 3472 4368 3461 4369 3473 4369 3459 4369 2679 4370 3474 4370 3462 4370 3464 4371 3475 4371 2537 4371 3463 4372 3476 4372 3461 4372 2537 4373 3475 4373 2538 4373 3461 4374 3476 4374 3473 4374 3465 4375 3477 4375 3463 4375 3463 4376 3477 4376 3476 4376 3467 4377 3478 4377 3464 4377 2697 4378 3479 4378 2693 4378 2693 4379 3479 4379 3466 4379 3464 4380 3478 4380 3475 4380 3465 4381 3479 4381 3477 4381 3466 4382 3479 4382 3465 4382 3468 4383 3480 4383 3467 4383 3467 4384 3480 4384 3478 4384 3469 4385 3481 4385 2564 4385 2564 4386 3481 4386 2555 4386 3468 4387 3482 4387 3480 4387 3470 4388 3483 4388 3469 4388 3471 4389 3482 4389 3468 4389 3472 4390 3484 4390 3471 4390 3469 4391 3483 4391 3481 4391 3471 4392 3484 4392 3482 4392 2687 4393 3485 4393 2683 4393 3473 4394 3486 4394 3470 4394 2683 4395 3485 4395 3474 4395 3474 4396 3485 4396 3472 4396 3472 4397 3485 4397 3484 4397 3470 4398 3486 4398 3483 4398 3473 4399 3487 4399 3486 4399 2538 4400 3488 4400 2541 4400 3476 4401 3487 4401 3473 4401 3475 4402 3488 4402 2538 4402 3477 4403 3489 4403 3476 4403 3478 4404 3490 4404 3475 4404 3475 4405 3490 4405 3488 4405 3476 4406 3489 4406 3487 4406 2701 4407 3491 4407 2697 4407 2697 4408 3491 4408 3479 4408 3479 4409 3491 4409 3477 4409 3477 4410 3491 4410 3489 4410 3481 4411 3492 4411 2555 4411 3478 4412 3493 4412 3490 4412 3480 4413 3493 4413 3478 4413 2555 4414 3492 4414 2547 4414 3482 4415 3494 4415 3480 4415 3480 4416 3494 4416 3493 4416 3481 4417 3495 4417 3492 4417 3483 4418 3495 4418 3481 4418 3482 4419 3496 4419 3494 4419 3484 4420 3496 4420 3482 4420 2691 4421 3497 4421 2687 4421 3486 4422 3498 4422 3483 4422 2687 4423 3497 4423 3485 4423 3484 4424 3497 4424 3496 4424 3485 4425 3497 4425 3484 4425 3483 4426 3498 4426 3495 4426 3486 4427 3499 4427 3498 4427 2541 4428 3500 4428 2548 4428 3487 4429 3499 4429 3486 4429 3488 4430 3500 4430 2541 4430 3489 4431 3501 4431 3487 4431 3490 4432 3502 4432 3488 4432 3487 4433 3501 4433 3499 4433 2705 4434 3503 4434 2701 4434 2701 4435 3503 4435 3491 4435 3488 4436 3502 4436 3500 4436 3491 4437 3503 4437 3489 4437 3490 4438 3504 4438 3502 4438 3489 4439 3503 4439 3501 4439 3493 4440 3504 4440 3490 4440 2547 4441 3505 4441 2533 4441 3492 4442 3505 4442 2547 4442 3494 4443 3506 4443 3493 4443 3492 4444 3507 4444 3505 4444 3493 4445 3506 4445 3504 4445 3495 4446 3507 4446 3492 4446 3496 4447 3508 4447 3494 4447 3494 4448 3508 4448 3506 4448 2691 4449 3509 4449 3497 4449 3495 4450 3510 4450 3507 4450 2695 4451 3509 4451 2691 4451 3497 4452 3509 4452 3496 4452 3498 4453 3510 4453 3495 4453 3496 4454 3509 4454 3508 4454 3500 4455 3511 4455 2548 4455 3498 4456 3512 4456 3510 4456 2548 4457 3511 4457 2556 4457 3499 4458 3512 4458 3498 4458 3499 4459 3513 4459 3512 4459 3500 4460 3514 4460 3511 4460 3501 4461 3513 4461 3499 4461 3503 4462 3515 4462 3501 4462 3502 4463 3514 4463 3500 4463 3501 4464 3515 4464 3513 4464 2709 4465 3515 4465 2705 4465 3504 4466 3516 4466 3502 4466 2705 4467 3515 4467 3503 4467 3502 4468 3516 4468 3514 4468 3505 4469 3517 4469 2533 4469 2533 4470 3517 4470 2534 4470 3504 4471 3518 4471 3516 4471 3506 4472 3518 4472 3504 4472 3506 4473 3519 4473 3518 4473 3505 4474 3520 4474 3517 4474 3508 4475 3519 4475 3506 4475 3507 4476 3520 4476 3505 4476 3507 4477 3521 4477 3520 4477 3508 4478 3522 4478 3519 4478 3510 4479 3521 4479 3507 4479 2699 4480 3522 4480 2695 4480 2695 4481 3522 4481 3509 4481 3509 4482 3522 4482 3508 4482 3510 4483 3523 4483 3521 4483 3512 4484 3523 4484 3510 4484 2556 4485 3524 4485 2562 4485 3511 4486 3524 4486 2556 4486 3512 4487 3525 4487 3523 4487 3511 4488 3526 4488 3524 4488 3513 4489 3525 4489 3512 4489 2709 4490 3527 4490 3515 4490 2713 4491 3527 4491 2709 4491 3514 4492 3526 4492 3511 4492 3516 4493 3528 4493 3514 4493 3513 4494 3527 4494 3525 4494 3515 4495 3527 4495 3513 4495 3517 4496 3529 4496 2534 4496 3514 4497 3528 4497 3526 4497 2534 4498 3529 4498 2589 4498 3518 4499 3530 4499 3516 4499 3516 4500 3530 4500 3528 4500 3517 4501 3531 4501 3529 4501 3519 4502 3532 4502 3518 4502 3520 4503 3531 4503 3517 4503 3518 4504 3532 4504 3530 4504 3522 4505 3533 4505 3519 4505 2703 4506 3533 4506 2699 4506 3519 4507 3533 4507 3532 4507 2699 4508 3533 4508 3522 4508 3520 4509 3534 4509 3531 4509 3521 4510 3534 4510 3520 4510 3524 4511 3535 4511 2562 4511 3523 4512 3536 4512 3521 4512 3521 4513 3536 4513 3534 4513 2562 4514 3535 4514 2570 4514 3525 4515 3537 4515 3523 4515 3523 4516 3537 4516 3536 4516 3526 4517 3538 4517 3524 4517 3524 4518 3538 4518 3535 4518 2713 4519 3539 4519 3527 4519 2717 4520 3539 4520 2713 4520 3527 4521 3539 4521 3525 4521 3528 4522 3540 4522 3526 4522 3525 4523 3539 4523 3537 4523 3529 4524 3541 4524 2589 4524 3526 4525 3540 4525 3538 4525 3530 4526 3542 4526 3528 4526 2589 4527 3541 4527 2582 4527 3531 4528 3543 4528 3529 4528 3528 4529 3542 4529 3540 4529 3532 4530 3544 4530 3530 4530 3529 4531 3543 4531 3541 4531 3530 4532 3544 4532 3542 4532 2703 4533 3545 4533 3533 4533 2707 4534 3545 4534 2703 4534 3531 4535 3546 4535 3543 4535 3532 4536 3545 4536 3544 4536 3533 4537 3545 4537 3532 4537 3534 4538 3546 4538 3531 4538 3535 4539 3547 4539 2570 4539 3536 4540 3548 4540 3534 4540 2570 4541 3547 4541 2578 4541 3534 4542 3548 4542 3546 4542 3537 4543 3549 4543 3536 4543 3535 4544 3550 4544 3547 4544 3536 4545 3549 4545 3548 4545 2721 4546 3551 4546 2717 4546 3537 4547 3551 4547 3549 4547 3538 4548 3550 4548 3535 4548 2717 4549 3551 4549 3539 4549 3540 4550 3552 4550 3538 4550 3539 4551 3551 4551 3537 4551 3541 4552 3553 4552 2582 4552 3538 4553 3552 4553 3550 4553 2582 4554 3553 4554 2574 4554 2574 4555 3553 4555 2566 4555 2566 4556 3553 4556 3371 4556 3542 4557 3554 4557 3540 4557 3540 4558 3554 4558 3552 4558 3541 4559 3555 4559 3553 4559 3544 4560 3556 4560 3542 4560 3543 4561 3555 4561 3541 4561 3542 4562 3556 4562 3554 4562 2711 4563 3557 4563 2707 4563 3553 4564 3555 4564 3371 4564 3371 4565 3555 4565 3427 4565 2707 4566 3557 4566 3545 4566 3545 4567 3557 4567 3544 4567 3544 4568 3557 4568 3556 4568 3546 4569 3558 4569 3543 4569 3547 4570 3559 4570 2578 4570 3543 4571 3558 4571 3555 4571 3555 4572 3558 4572 3427 4572 3427 4573 3558 4573 3429 4573 2578 4574 3559 4574 2586 4574 3548 4575 3560 4575 3546 4575 3550 4576 3561 4576 3547 4576 3546 4577 3560 4577 3558 4577 3547 4578 3561 4578 3559 4578 3558 4579 3560 4579 3429 4579 3429 4580 3560 4580 3432 4580 3548 4581 3562 4581 3560 4581 3552 4582 3563 4582 3550 4582 3549 4583 3562 4583 3548 4583 3550 4584 3563 4584 3561 4584 3432 4585 3562 4585 3433 4585 3560 4586 3562 4586 3432 4586 2725 4587 3564 4587 2721 4587 2670 4588 3564 4588 2725 4588 3552 4589 3565 4589 3563 4589 2721 4590 3564 4590 3551 4590 3551 4591 3564 4591 3549 4591 3433 4592 3564 4592 3439 4592 3554 4593 3565 4593 3552 4593 3439 4594 3564 4594 2670 4594 3549 4595 3564 4595 3562 4595 3562 4596 3564 4596 3433 4596 3556 4597 3566 4597 3554 4597 3554 4598 3566 4598 3565 4598 2715 4599 3567 4599 2711 4599 3556 4600 3567 4600 3566 4600 2711 4601 3567 4601 3557 4601 3557 4602 3567 4602 3556 4602 2586 4603 3568 4603 2522 4603 3559 4604 3568 4604 2586 4604 3561 4605 3569 4605 3559 4605 3559 4606 3569 4606 3568 4606 3563 4607 3570 4607 3561 4607 3561 4608 3570 4608 3569 4608 3563 4609 3571 4609 3570 4609 3565 4610 3571 4610 3563 4610 3566 4611 3572 4611 3565 4611 3565 4612 3572 4612 3571 4612 2719 4613 3573 4613 2715 4613 2715 4614 3573 4614 3567 4614 3567 4615 3573 4615 3566 4615 3566 4616 3573 4616 3572 4616 2522 4617 3358 4617 2531 4617 3568 4618 3358 4618 2522 4618 3568 4619 3361 4619 3358 4619 3569 4620 3361 4620 3568 4620 3569 4621 3362 4621 3361 4621 3570 4622 3362 4622 3569 4622 3570 4623 3364 4623 3362 4623 3571 4624 3364 4624 3570 4624 3571 4625 3366 4625 3364 4625 3572 4626 3366 4626 3571 4626 2723 4627 3369 4627 2719 4627 3572 4628 3369 4628 3366 4628 2719 4629 3369 4629 3573 4629 3573 4630 3369 4630 3572 4630 3358 4631 3360 4631 2531 4631 2531 4632 3360 4632 2545 4632 3574 4633 3575 4633 3576 4633 3577 4634 3575 4634 3574 4634 3578 4635 3575 4635 3577 4635 3579 4636 3580 4636 3575 4636 3579 4637 3575 4637 3578 4637 3581 4638 3580 4638 3579 4638 3581 4639 203 4639 3582 4639 3581 4640 3582 4640 3580 4640 3581 4641 199 4641 203 4641 3583 4642 3576 4642 2584 4642 3583 4643 3574 4643 3576 4643 3583 4644 3577 4644 3574 4644 3583 4645 3578 4645 3577 4645 3583 4646 2584 4646 2588 4646 3584 4647 3578 4647 3583 4647 3584 4648 3579 4648 3578 4648 3585 4649 3581 4649 3579 4649 3585 4650 199 4650 3581 4650 3585 4651 3579 4651 3584 4651 3586 4652 3583 4652 2588 4652 209 4653 211 4653 3587 4653 3588 4654 3583 4654 3586 4654 207 4655 209 4655 2557 4655 3589 4656 3583 4656 3588 4656 205 4657 207 4657 2549 4657 3590 4658 3583 4658 3589 4658 3591 4659 3584 4659 3583 4659 3591 4660 3583 4660 3590 4660 201 4661 205 4661 2543 4661 3592 4662 199 4662 3585 4662 3592 4663 3585 4663 3584 4663 3592 4664 196 4664 199 4664 197 4665 201 4665 2536 4665 3592 4666 3584 4666 3591 4666 3593 4667 3586 4667 2588 4667 3593 4668 2588 4668 2528 4668 3593 4669 3588 4669 3586 4669 3593 4670 3589 4670 3588 4670 3593 4671 3590 4671 3589 4671 193 4672 197 4672 2540 4672 3594 4673 3591 4673 3590 4673 3594 4674 3590 4674 3593 4674 3595 4675 3591 4675 3594 4675 189 4676 193 4676 2546 4676 3595 4677 3592 4677 3591 4677 3595 4678 196 4678 3592 4678 3596 4679 3593 4679 2528 4679 185 4680 189 4680 2554 4680 3597 4681 3593 4681 3596 4681 181 4682 185 4682 2560 4682 3598 4683 3593 4683 3597 4683 3599 4684 3593 4684 3598 4684 3599 4685 3594 4685 3593 4685 177 4686 181 4686 2569 4686 3600 4687 3595 4687 3594 4687 3600 4688 3594 4688 3599 4688 3601 4689 192 4689 196 4689 3601 4690 196 4690 3595 4690 3601 4691 3595 4691 3600 4691 3602 4692 2528 4692 2530 4692 3602 4693 3596 4693 2528 4693 3602 4694 3599 4694 3598 4694 3602 4695 3597 4695 3596 4695 3602 4696 3598 4696 3597 4696 3603 4697 3599 4697 3602 4697 3603 4698 3600 4698 3599 4698 3604 4699 192 4699 3601 4699 3604 4700 3601 4700 3600 4700 3604 4701 3600 4701 3603 4701 3605 4702 3602 4702 2530 4702 3606 4703 3602 4703 3605 4703 3607 4704 3602 4704 3606 4704 3608 4705 3602 4705 3607 4705 3609 4706 3602 4706 3608 4706 3609 4707 3603 4707 3602 4707 3610 4708 3603 4708 3609 4708 3610 4709 187 4709 192 4709 3610 4710 192 4710 3604 4710 3610 4711 3604 4711 3603 4711 3611 4712 3605 4712 2530 4712 3611 4713 3606 4713 3605 4713 3611 4714 3607 4714 3606 4714 3611 4715 3608 4715 3607 4715 3611 4716 2530 4716 2525 4716 3612 4717 3608 4717 3611 4717 3612 4718 3609 4718 3608 4718 3613 4719 3609 4719 3612 4719 3613 4720 3610 4720 3609 4720 3613 4721 187 4721 3610 4721 3614 4722 3611 4722 2525 4722 3615 4723 3611 4723 3614 4723 3616 4724 3611 4724 3615 4724 3617 4725 3611 4725 3616 4725 3618 4726 3612 4726 3611 4726 3618 4727 3611 4727 3617 4727 3619 4728 3613 4728 3612 4728 3619 4729 187 4729 3613 4729 3619 4730 3612 4730 3618 4730 3619 4731 183 4731 187 4731 3620 4732 3614 4732 2525 4732 3620 4733 3615 4733 3614 4733 3620 4734 3616 4734 3615 4734 3620 4735 3617 4735 3616 4735 3620 4736 2525 4736 2524 4736 3621 4737 3617 4737 3620 4737 3621 4738 3618 4738 3617 4738 3622 4739 3618 4739 3621 4739 3622 4740 3619 4740 3618 4740 3622 4741 183 4741 3619 4741 3623 4742 3620 4742 2524 4742 3624 4743 3620 4743 3623 4743 2567 4744 171 4744 2573 4744 3625 4745 3620 4745 3624 4745 3626 4746 3620 4746 3625 4746 2559 4747 167 4747 2567 4747 3627 4748 3621 4748 3620 4748 3627 4749 3622 4749 3621 4749 3627 4750 3620 4750 3626 4750 2551 4751 163 4751 2559 4751 3628 4752 183 4752 3622 4752 3628 4753 3622 4753 3627 4753 3628 4754 179 4754 183 4754 3629 4755 2524 4755 2581 4755 3629 4756 3624 4756 3623 4756 2539 4757 157 4757 2551 4757 3629 4758 3625 4758 3624 4758 3629 4759 3626 4759 3625 4759 3629 4760 3623 4760 2524 4760 3630 4761 3627 4761 3626 4761 2535 4762 155 4762 2539 4762 3630 4763 3628 4763 3627 4763 3630 4764 3626 4764 3629 4764 3631 4765 179 4765 3628 4765 3631 4766 3628 4766 3630 4766 3632 4767 3629 4767 2581 4767 2590 4768 151 4768 2535 4768 3633 4769 3629 4769 3632 4769 2583 4770 146 4770 2590 4770 2575 4771 145 4771 2583 4771 3634 4772 3629 4772 3633 4772 3635 4773 3629 4773 3634 4773 3636 4774 3630 4774 3629 4774 2565 4775 213 4775 2575 4775 3636 4776 3629 4776 3635 4776 3637 4777 213 4777 2565 4777 3638 4778 175 4778 179 4778 3638 4779 179 4779 3631 4779 3638 4780 3631 4780 3630 4780 3639 4781 213 4781 3637 4781 3638 4782 3630 4782 3636 4782 3640 4783 2581 4783 2573 4783 3641 4784 213 4784 3639 4784 3640 4785 3632 4785 2581 4785 3640 4786 3633 4786 3632 4786 3640 4787 3634 4787 3633 4787 3642 4788 213 4788 3641 4788 3640 4789 3635 4789 3634 4789 3643 4790 3635 4790 3640 4790 3644 4791 213 4791 3642 4791 3643 4792 3636 4792 3635 4792 3587 4793 213 4793 3644 4793 3645 4794 3636 4794 3643 4794 3645 4795 175 4795 3638 4795 211 4796 213 4796 3587 4796 3645 4797 3638 4797 3636 4797 3646 4798 3640 4798 2573 4798 3647 4799 3637 4799 2565 4799 3646 4800 2573 4800 171 4800 3647 4801 3639 4801 3637 4801 3647 4802 2565 4802 2557 4802 3648 4803 3646 4803 171 4803 3649 4804 3641 4804 3639 4804 3649 4805 3639 4805 3647 4805 3648 4806 3640 4806 3646 4806 3649 4807 3647 4807 2557 4807 3650 4808 3648 4808 171 4808 3650 4809 3640 4809 3648 4809 3651 4810 3642 4810 3641 4810 3651 4811 3649 4811 2557 4811 3651 4812 3641 4812 3649 4812 3652 4813 3650 4813 171 4813 3652 4814 3640 4814 3650 4814 3652 4815 3643 4815 3640 4815 3653 4816 3644 4816 3642 4816 3653 4817 3587 4817 3644 4817 3654 4818 3643 4818 3652 4818 3653 4819 3651 4819 2557 4819 3653 4820 3642 4820 3651 4820 3654 4821 3652 4821 171 4821 3655 4822 3653 4822 2557 4822 3655 4823 209 4823 3587 4823 3656 4824 3645 4824 3643 4824 3655 4825 2557 4825 209 4825 3656 4826 175 4826 3645 4826 3655 4827 3587 4827 3653 4827 3656 4828 3643 4828 3654 4828 3656 4829 3654 4829 171 4829 3656 4830 171 4830 175 4830 3657 4831 2557 4831 2549 4831 3658 4832 171 4832 2567 4832 3658 4833 2567 4833 167 4833 3659 4834 2557 4834 3657 4834 3660 4835 171 4835 3658 4835 3659 4836 3657 4836 2549 4836 3660 4837 3658 4837 167 4837 3661 4838 171 4838 3660 4838 3662 4839 2557 4839 3659 4839 3661 4840 3660 4840 167 4840 3662 4841 3659 4841 2549 4841 3663 4842 171 4842 3661 4842 3663 4843 3661 4843 167 4843 3664 4844 2557 4844 3662 4844 3664 4845 3662 4845 2549 4845 3665 4846 171 4846 3663 4846 3666 4847 207 4847 2557 4847 3665 4848 3663 4848 167 4848 3666 4849 2549 4849 207 4849 3666 4850 2557 4850 3664 4850 3667 4851 171 4851 3665 4851 3666 4852 3664 4852 2549 4852 3667 4853 3665 4853 167 4853 3667 4854 167 4854 171 4854 3668 4855 167 4855 2559 4855 3669 4856 2549 4856 2543 4856 3668 4857 2559 4857 163 4857 3670 4858 3669 4858 2543 4858 3671 4859 167 4859 3668 4859 3670 4860 2549 4860 3669 4860 3671 4861 3668 4861 163 4861 3672 4862 167 4862 3671 4862 3672 4863 3671 4863 163 4863 3673 4864 3670 4864 2543 4864 3673 4865 2549 4865 3670 4865 3674 4866 167 4866 3672 4866 3675 4867 2543 4867 205 4867 3674 4868 3672 4868 163 4868 3675 4869 205 4869 2549 4869 3675 4870 3673 4870 2543 4870 3676 4871 167 4871 3674 4871 3675 4872 2549 4872 3673 4872 3676 4873 3674 4873 163 4873 3677 4874 167 4874 3676 4874 3678 4875 2543 4875 2536 4875 3677 4876 3676 4876 163 4876 3677 4877 163 4877 167 4877 3679 4878 163 4878 2551 4878 3680 4879 2543 4879 3678 4879 3679 4880 2551 4880 157 4880 3680 4881 3678 4881 2536 4881 3681 4882 163 4882 3679 4882 3681 4883 3679 4883 157 4883 3682 4884 2543 4884 3680 4884 3682 4885 3680 4885 2536 4885 3683 4886 163 4886 3681 4886 3684 4887 201 4887 2543 4887 3683 4888 3681 4888 157 4888 3684 4889 3682 4889 2536 4889 3684 4890 2536 4890 201 4890 3685 4891 163 4891 3683 4891 3684 4892 2543 4892 3682 4892 3685 4893 3683 4893 157 4893 3686 4894 163 4894 3685 4894 3687 4895 2536 4895 2540 4895 3686 4896 3685 4896 157 4896 3688 4897 163 4897 3686 4897 3689 4898 2536 4898 3687 4898 3688 4899 3686 4899 157 4899 3689 4900 3687 4900 2540 4900 3688 4901 157 4901 163 4901 3690 4902 2536 4902 3689 4902 3691 4903 157 4903 2539 4903 3691 4904 2539 4904 155 4904 3690 4905 3689 4905 2540 4905 3692 4906 157 4906 3691 4906 3693 4907 197 4907 2536 4907 3693 4908 2540 4908 197 4908 3692 4909 3691 4909 155 4909 3693 4910 2536 4910 3690 4910 3693 4911 3690 4911 2540 4911 3694 4912 157 4912 3692 4912 3694 4913 3692 4913 155 4913 3695 4914 2540 4914 2546 4914 3696 4915 3694 4915 155 4915 3696 4916 157 4916 3694 4916 3697 4917 3695 4917 2546 4917 3698 4918 3696 4918 155 4918 3697 4919 2540 4919 3695 4919 3698 4920 157 4920 3696 4920 3699 4921 155 4921 157 4921 3699 4922 3698 4922 155 4922 3700 4923 3697 4923 2546 4923 3699 4924 157 4924 3698 4924 3700 4925 2540 4925 3697 4925 3701 4926 155 4926 2535 4926 3702 4927 193 4927 2540 4927 3701 4928 2535 4928 151 4928 3702 4929 2546 4929 193 4929 3702 4930 3700 4930 2546 4930 3702 4931 2540 4931 3700 4931 3703 4932 155 4932 3701 4932 3703 4933 3701 4933 151 4933 3704 4934 155 4934 3703 4934 3705 4935 2546 4935 2554 4935 3706 4936 2546 4936 3705 4936 3704 4937 3703 4937 151 4937 3707 4938 155 4938 3704 4938 3707 4939 3704 4939 151 4939 3706 4940 3705 4940 2554 4940 3708 4941 3706 4941 2554 4941 3709 4942 155 4942 3707 4942 3708 4943 189 4943 2546 4943 3709 4944 3707 4944 151 4944 3708 4945 2554 4945 189 4945 3708 4946 2546 4946 3706 4946 3710 4947 155 4947 3709 4947 3710 4948 3709 4948 151 4948 3710 4949 151 4949 155 4949 3711 4950 2554 4950 2560 4950 3712 4951 151 4951 2590 4951 3712 4952 2590 4952 146 4952 3713 4953 2554 4953 3711 4953 3714 4954 151 4954 3712 4954 3713 4955 3711 4955 2560 4955 3714 4956 3712 4956 146 4956 3715 4957 2554 4957 3713 4957 3715 4958 185 4958 2554 4958 3716 4959 151 4959 3714 4959 3715 4960 2560 4960 185 4960 3716 4961 3714 4961 146 4961 3715 4962 3713 4962 2560 4962 3717 4963 2560 4963 2569 4963 3718 4964 151 4964 3716 4964 3718 4965 3716 4965 146 4965 3719 4966 151 4966 3718 4966 3719 4967 3718 4967 146 4967 3720 4968 2560 4968 3717 4968 3720 4969 3717 4969 2569 4969 3721 4970 151 4970 3719 4970 3722 4971 181 4971 2560 4971 3721 4972 3719 4972 146 4972 3722 4973 2569 4973 181 4973 3721 4974 146 4974 151 4974 3722 4975 2560 4975 3720 4975 3723 4976 146 4976 2583 4976 3722 4977 3720 4977 2569 4977 3723 4978 2583 4978 145 4978 3724 4979 2569 4979 2576 4979 3725 4980 146 4980 3723 4980 3725 4981 3723 4981 145 4981 3726 4982 146 4982 3725 4982 3727 4983 2569 4983 3724 4983 3726 4984 3725 4984 145 4984 3728 4985 177 4985 2569 4985 3729 4986 146 4986 3726 4986 3729 4987 3726 4987 145 4987 3728 4988 2569 4988 3727 4988 3730 4989 146 4989 3729 4989 3730 4990 3729 4990 145 4990 3731 4991 3724 4991 2576 4991 3732 4992 146 4992 3730 4992 3732 4993 3730 4993 145 4993 3732 4994 145 4994 146 4994 3733 4995 145 4995 2575 4995 3733 4996 2575 4996 213 4996 3734 4997 145 4997 3733 4997 3734 4998 3733 4998 213 4998 3735 4999 3724 4999 3731 4999 3736 5000 145 5000 3734 5000 3736 5001 3734 5001 213 5001 3737 5002 145 5002 3736 5002 3737 5003 3736 5003 213 5003 3738 5004 3724 5004 3735 5004 3739 5005 145 5005 3737 5005 3739 5006 3737 5006 213 5006 3740 5007 145 5007 3739 5007 3740 5008 3739 5008 213 5008 3740 5009 213 5009 145 5009 3741 5010 3724 5010 3738 5010 3742 5011 3727 5011 3724 5011 3742 5012 3724 5012 3741 5012 3743 5013 173 5013 177 5013 3743 5014 177 5014 3728 5014 3743 5015 3728 5015 3727 5015 3743 5016 3727 5016 3742 5016 3744 5017 2576 5017 2585 5017 3744 5018 3731 5018 2576 5018 3744 5019 3735 5019 3731 5019 3744 5020 3738 5020 3735 5020 3744 5021 3741 5021 3738 5021 3745 5022 3742 5022 3741 5022 3745 5023 3741 5023 3744 5023 3746 5024 3742 5024 3745 5024 3746 5025 173 5025 3743 5025 3746 5026 3743 5026 3742 5026 3747 5027 3744 5027 2585 5027 3748 5028 3744 5028 3747 5028 3749 5029 3744 5029 3748 5029 3750 5030 3744 5030 3749 5030 3751 5031 3744 5031 3750 5031 3751 5032 3745 5032 3744 5032 3752 5033 173 5033 3746 5033 3752 5034 169 5034 173 5034 3752 5035 3745 5035 3751 5035 3752 5036 3746 5036 3745 5036 3753 5037 3747 5037 2585 5037 3753 5038 3748 5038 3747 5038 3753 5039 3749 5039 3748 5039 3753 5040 3750 5040 3749 5040 3753 5041 3751 5041 3750 5041 3753 5042 2585 5042 2521 5042 3754 5043 3752 5043 3751 5043 3754 5044 3751 5044 3753 5044 3755 5045 3752 5045 3754 5045 3755 5046 169 5046 3752 5046 3756 5047 3753 5047 2521 5047 3757 5048 3753 5048 3756 5048 3758 5049 3753 5049 3757 5049 3759 5050 3753 5050 3758 5050 3760 5051 3754 5051 3753 5051 3760 5052 3753 5052 3759 5052 3761 5053 165 5053 169 5053 3761 5054 3755 5054 3754 5054 3761 5055 169 5055 3755 5055 3761 5056 3754 5056 3760 5056 3762 5057 3756 5057 2521 5057 3762 5058 3757 5058 3756 5058 3762 5059 2521 5059 2520 5059 3762 5060 3758 5060 3757 5060 3762 5061 3759 5061 3758 5061 3763 5062 3760 5062 3759 5062 3763 5063 3761 5063 3760 5063 3763 5064 3759 5064 3762 5064 3764 5065 165 5065 3761 5065 3764 5066 3761 5066 3763 5066 3765 5067 3762 5067 2520 5067 3766 5068 3762 5068 3765 5068 3767 5069 3762 5069 3766 5069 3768 5070 3762 5070 3767 5070 3769 5071 3763 5071 3762 5071 3769 5072 3762 5072 3768 5072 3770 5073 161 5073 165 5073 3770 5074 165 5074 3764 5074 3770 5075 3764 5075 3763 5075 3770 5076 3763 5076 3769 5076 3771 5077 2520 5077 2542 5077 3771 5078 3765 5078 2520 5078 3771 5079 3766 5079 3765 5079 3771 5080 3767 5080 3766 5080 3771 5081 3768 5081 3767 5081 3772 5082 3769 5082 3768 5082 3772 5083 3768 5083 3771 5083 3773 5084 161 5084 3770 5084 3773 5085 3770 5085 3769 5085 3773 5086 3769 5086 3772 5086 3774 5087 3771 5087 2542 5087 3775 5088 3771 5088 3774 5088 3776 5089 3771 5089 3775 5089 3777 5090 3772 5090 3771 5090 3777 5091 3771 5091 3776 5091 3778 5092 3773 5092 3772 5092 3778 5093 3772 5093 3777 5093 3779 5094 159 5094 161 5094 3779 5095 161 5095 3773 5095 3779 5096 3773 5096 3778 5096 3780 5097 2542 5097 2552 5097 3780 5098 3774 5098 2542 5098 3780 5099 3775 5099 3774 5099 3780 5100 3776 5100 3775 5100 3780 5101 3777 5101 3776 5101 3781 5102 3778 5102 3777 5102 3781 5103 3777 5103 3780 5103 3782 5104 3779 5104 3778 5104 3782 5105 3778 5105 3781 5105 3782 5106 159 5106 3779 5106 3783 5107 3780 5107 2552 5107 3784 5108 3780 5108 3783 5108 3785 5109 3780 5109 3784 5109 3786 5110 3780 5110 3785 5110 3787 5111 3781 5111 3780 5111 3787 5112 3780 5112 3786 5112 3788 5113 3782 5113 3781 5113 3788 5114 159 5114 3782 5114 3788 5115 153 5115 159 5115 3788 5116 3781 5116 3787 5116 3789 5117 3785 5117 3784 5117 3789 5118 3783 5118 2552 5118 3789 5119 3784 5119 3783 5119 3789 5120 3786 5120 3785 5120 3789 5121 2552 5121 2561 5121 3790 5122 3786 5122 3789 5122 3790 5123 3787 5123 3786 5123 3791 5124 3787 5124 3790 5124 3791 5125 153 5125 3788 5125 3791 5126 3788 5126 3787 5126 3792 5127 3789 5127 2561 5127 3793 5128 3789 5128 3792 5128 3794 5129 3789 5129 3793 5129 3795 5130 3789 5130 3794 5130 3796 5131 3790 5131 3789 5131 3796 5132 3789 5132 3795 5132 3797 5133 150 5133 153 5133 3797 5134 3791 5134 3790 5134 3797 5135 3790 5135 3796 5135 3797 5136 153 5136 3791 5136 3798 5137 3792 5137 2561 5137 3798 5138 2561 5138 2568 5138 3798 5139 3793 5139 3792 5139 3798 5140 3794 5140 3793 5140 3798 5141 3795 5141 3794 5141 3799 5142 3796 5142 3795 5142 3799 5143 3795 5143 3798 5143 3800 5144 150 5144 3797 5144 3800 5145 3797 5145 3796 5145 3800 5146 3796 5146 3799 5146 3801 5147 3798 5147 2568 5147 3802 5148 3798 5148 3801 5148 3803 5149 3798 5149 3802 5149 3804 5150 3798 5150 3803 5150 3805 5151 3799 5151 3798 5151 3805 5152 3798 5152 3804 5152 3806 5153 148 5153 150 5153 3806 5154 150 5154 3800 5154 3806 5155 3800 5155 3799 5155 3806 5156 3799 5156 3805 5156 3807 5157 2568 5157 2577 5157 3807 5158 3801 5158 2568 5158 3807 5159 3802 5159 3801 5159 3807 5160 3803 5160 3802 5160 3807 5161 3804 5161 3803 5161 3808 5162 3805 5162 3804 5162 3808 5163 3804 5163 3807 5163 3809 5164 148 5164 3806 5164 3809 5165 3806 5165 3805 5165 3809 5166 3805 5166 3808 5166 3810 5167 3807 5167 2577 5167 3811 5168 3807 5168 3810 5168 3812 5169 3807 5169 3811 5169 3813 5170 3807 5170 3812 5170 3814 5171 3807 5171 3813 5171 3814 5172 3808 5172 3807 5172 3815 5173 3808 5173 3814 5173 3815 5174 203 5174 148 5174 3815 5175 3809 5175 3808 5175 3815 5176 148 5176 3809 5176 3575 5177 3812 5177 3811 5177 3575 5178 3813 5178 3812 5178 3575 5179 2577 5179 2584 5179 3575 5180 3810 5180 2577 5180 3575 5181 3811 5181 3810 5181 3580 5182 3814 5182 3813 5182 3580 5183 3813 5183 3575 5183 3582 5184 3815 5184 3814 5184 3582 5185 203 5185 3815 5185 3582 5186 3814 5186 3580 5186 3576 5187 3575 5187 2584 5187 3816 5188 3817 5188 3818 5188 3816 5189 3819 5189 3817 5189 3820 5190 3819 5190 3816 5190 3820 5191 3821 5191 3819 5191 3822 5192 3823 5192 3821 5192 3822 5193 3821 5193 3820 5193 3824 5194 3825 5194 3823 5194 3824 5195 3823 5195 3822 5195 3826 5196 3827 5196 3825 5196 3826 5197 2616 5197 2607 5197 3826 5198 3825 5198 3824 5198 3826 5199 2607 5199 3827 5199 134 5200 3828 5200 83 5200 3829 5201 3818 5201 78 5201 3829 5202 78 5202 75 5202 3830 5203 3816 5203 3818 5203 3830 5204 3818 5204 3829 5204 3831 5205 3820 5205 3816 5205 3831 5206 3816 5206 3830 5206 3832 5207 3820 5207 3831 5207 3832 5208 3822 5208 3820 5208 3833 5209 3824 5209 3822 5209 3833 5210 3822 5210 3832 5210 3834 5211 2616 5211 3826 5211 3834 5212 2627 5212 2616 5212 3834 5213 3824 5213 3833 5213 3834 5214 3826 5214 3824 5214 3835 5215 3829 5215 75 5215 3835 5216 75 5216 74 5216 3836 5217 3830 5217 3829 5217 3836 5218 3829 5218 3835 5218 3837 5219 3830 5219 3836 5219 3837 5220 3831 5220 3830 5220 3838 5221 3832 5221 3831 5221 3838 5222 3831 5222 3837 5222 3839 5223 3832 5223 3838 5223 3839 5224 3833 5224 3832 5224 3840 5225 2633 5225 2627 5225 3840 5226 2627 5226 3834 5226 3840 5227 3834 5227 3833 5227 3840 5228 3833 5228 3839 5228 3841 5229 3835 5229 74 5229 3841 5230 74 5230 142 5230 3842 5231 3836 5231 3835 5231 3842 5232 3835 5232 3841 5232 3843 5233 3837 5233 3836 5233 3843 5234 3836 5234 3842 5234 3844 5235 3838 5235 3837 5235 3844 5236 3837 5236 3843 5236 3845 5237 3839 5237 3838 5237 3845 5238 3838 5238 3844 5238 3846 5239 2642 5239 2633 5239 3846 5240 2633 5240 3840 5240 3846 5241 3840 5241 3839 5241 3846 5242 3839 5242 3845 5242 3847 5243 142 5243 140 5243 3847 5244 3841 5244 142 5244 3848 5245 3842 5245 3841 5245 3848 5246 3841 5246 3847 5246 3849 5247 3842 5247 3848 5247 3849 5248 3843 5248 3842 5248 3850 5249 3843 5249 3849 5249 3850 5250 3844 5250 3843 5250 3851 5251 3845 5251 3844 5251 3851 5252 3844 5252 3850 5252 3852 5253 2649 5253 2642 5253 3852 5254 2642 5254 3846 5254 3852 5255 3846 5255 3845 5255 3852 5256 3845 5256 3851 5256 3853 5257 140 5257 138 5257 3853 5258 3847 5258 140 5258 3854 5259 3847 5259 3853 5259 3854 5260 3848 5260 3847 5260 3855 5261 3849 5261 3848 5261 3855 5262 3848 5262 3854 5262 3856 5263 3849 5263 3855 5263 3856 5264 3850 5264 3849 5264 3857 5265 3850 5265 3856 5265 3857 5266 3851 5266 3850 5266 3858 5267 3852 5267 3851 5267 3858 5268 3851 5268 3857 5268 3858 5269 2652 5269 2649 5269 3858 5270 2649 5270 3852 5270 3859 5271 138 5271 136 5271 3859 5272 3853 5272 138 5272 3860 5273 3854 5273 3853 5273 3860 5274 3853 5274 3859 5274 3861 5275 3855 5275 3854 5275 3861 5276 3854 5276 3860 5276 3862 5277 3856 5277 3855 5277 3862 5278 3855 5278 3861 5278 3863 5279 3856 5279 3862 5279 3863 5280 3857 5280 3856 5280 3864 5281 2652 5281 3858 5281 3864 5282 2660 5282 2652 5282 3864 5283 3857 5283 3863 5283 3864 5284 3858 5284 3857 5284 3865 5285 3859 5285 136 5285 3865 5286 136 5286 132 5286 3866 5287 3859 5287 3865 5287 3866 5288 3860 5288 3859 5288 3867 5289 3861 5289 3860 5289 3867 5290 3860 5290 3866 5290 3868 5291 3862 5291 3861 5291 3868 5292 3861 5292 3867 5292 3869 5293 3863 5293 3862 5293 3869 5294 3862 5294 3868 5294 3870 5295 2660 5295 3864 5295 3870 5296 2597 5296 2660 5296 3870 5297 3863 5297 3869 5297 3870 5298 3864 5298 3863 5298 3871 5299 3865 5299 132 5299 3871 5300 132 5300 128 5300 3872 5301 3866 5301 3865 5301 3872 5302 3865 5302 3871 5302 3873 5303 3867 5303 3866 5303 3873 5304 3866 5304 3872 5304 3874 5305 3867 5305 3873 5305 3874 5306 3868 5306 3867 5306 3875 5307 3869 5307 3868 5307 3875 5308 3868 5308 3874 5308 3876 5309 2596 5309 2597 5309 3876 5310 2597 5310 3870 5310 3876 5311 3870 5311 3869 5311 3876 5312 3869 5312 3875 5312 3877 5313 3871 5313 128 5313 3877 5314 128 5314 124 5314 3878 5315 3872 5315 3871 5315 3878 5316 3871 5316 3877 5316 3879 5317 3873 5317 3872 5317 3879 5318 3872 5318 3878 5318 3880 5319 3874 5319 3873 5319 3881 5320 3828 5320 134 5320 3880 5321 3873 5321 3879 5321 3882 5322 3875 5322 3874 5322 3883 5323 3828 5323 3881 5323 3883 5324 3884 5324 3828 5324 3882 5325 3874 5325 3880 5325 3885 5326 2656 5326 2596 5326 3885 5327 3875 5327 3882 5327 3885 5328 2596 5328 3876 5328 3886 5329 3887 5329 3884 5329 3885 5330 3876 5330 3875 5330 3886 5331 3884 5331 3883 5331 3888 5332 124 5332 120 5332 3889 5333 3890 5333 3887 5333 3888 5334 3877 5334 124 5334 3889 5335 3887 5335 3886 5335 3891 5336 3877 5336 3888 5336 3892 5337 3890 5337 3889 5337 3891 5338 3878 5338 3877 5338 3892 5339 3893 5339 3890 5339 3894 5340 2625 5340 2635 5340 3894 5341 3895 5341 3893 5341 3894 5342 2635 5342 3895 5342 3894 5343 3893 5343 3892 5343 3896 5344 3879 5344 3878 5344 3896 5345 3878 5345 3891 5345 3897 5346 3881 5346 134 5346 3897 5347 134 5347 130 5347 3898 5348 3880 5348 3879 5348 3898 5349 3879 5349 3896 5349 3899 5350 3880 5350 3898 5350 3900 5351 3881 5351 3897 5351 3899 5352 3882 5352 3880 5352 3900 5353 3883 5353 3881 5353 3901 5354 3882 5354 3899 5354 3901 5355 2647 5355 2656 5355 3901 5356 2656 5356 3885 5356 3901 5357 3885 5357 3882 5357 3902 5358 3883 5358 3900 5358 3902 5359 3886 5359 3883 5359 3903 5360 3889 5360 3886 5360 3904 5361 120 5361 116 5361 3904 5362 3888 5362 120 5362 3903 5363 3886 5363 3902 5363 3905 5364 3888 5364 3904 5364 3906 5365 3889 5365 3903 5365 3906 5366 3892 5366 3889 5366 3907 5367 3894 5367 3892 5367 3907 5368 2619 5368 2625 5368 3905 5369 3891 5369 3888 5369 3907 5370 3892 5370 3906 5370 3907 5371 2625 5371 3894 5371 3908 5372 3891 5372 3905 5372 3908 5373 3896 5373 3891 5373 3909 5374 3897 5374 130 5374 3910 5375 3898 5375 3896 5375 3909 5376 130 5376 126 5376 3910 5377 3896 5377 3908 5377 3911 5378 3899 5378 3898 5378 3911 5379 3898 5379 3910 5379 3912 5380 3900 5380 3897 5380 3912 5381 3897 5381 3909 5381 3913 5382 3901 5382 3899 5382 3913 5383 3899 5383 3911 5383 3914 5384 3902 5384 3900 5384 3914 5385 3900 5385 3912 5385 3913 5386 2640 5386 2647 5386 3913 5387 2647 5387 3901 5387 3915 5388 3904 5388 116 5388 3916 5389 3902 5389 3914 5389 3916 5390 3903 5390 3902 5390 3915 5391 116 5391 112 5391 3917 5392 3905 5392 3904 5392 3918 5393 3906 5393 3903 5393 3918 5394 3903 5394 3916 5394 3919 5395 2619 5395 3907 5395 3917 5396 3904 5396 3915 5396 3919 5397 2612 5397 2619 5397 3920 5398 3905 5398 3917 5398 3919 5399 3906 5399 3918 5399 3920 5400 3908 5400 3905 5400 3919 5401 3907 5401 3906 5401 3921 5402 3910 5402 3908 5402 3922 5403 126 5403 122 5403 3921 5404 3908 5404 3920 5404 3922 5405 3909 5405 126 5405 3923 5406 3911 5406 3910 5406 3924 5407 3912 5407 3909 5407 3924 5408 3909 5408 3922 5408 3923 5409 3910 5409 3921 5409 3925 5410 3913 5410 3911 5410 3925 5411 2640 5411 3913 5411 3925 5412 2632 5412 2640 5412 3925 5413 3911 5413 3923 5413 3926 5414 3912 5414 3924 5414 3926 5415 3914 5415 3912 5415 3927 5416 3915 5416 112 5416 3928 5417 3916 5417 3914 5417 3928 5418 3914 5418 3926 5418 3927 5419 112 5419 108 5419 3929 5420 3916 5420 3928 5420 3929 5421 3918 5421 3916 5421 3930 5422 3917 5422 3915 5422 3931 5423 2605 5423 2612 5423 3930 5424 3915 5424 3927 5424 3931 5425 2612 5425 3919 5425 3931 5426 3919 5426 3918 5426 3932 5427 3920 5427 3917 5427 3931 5428 3918 5428 3929 5428 3932 5429 3917 5429 3930 5429 3933 5430 3922 5430 122 5430 3934 5431 3920 5431 3932 5431 3933 5432 122 5432 118 5432 3934 5433 3921 5433 3920 5433 3935 5434 3924 5434 3922 5434 3936 5435 3923 5435 3921 5435 3935 5436 3922 5436 3933 5436 3936 5437 3921 5437 3934 5437 3937 5438 2626 5438 2632 5438 3938 5439 3924 5439 3935 5439 3937 5440 2632 5440 3925 5440 3937 5441 3925 5441 3923 5441 3938 5442 3926 5442 3924 5442 3937 5443 3923 5443 3936 5443 3939 5444 3927 5444 108 5444 3940 5445 3926 5445 3938 5445 3939 5446 108 5446 104 5446 3940 5447 3928 5447 3926 5447 3941 5448 3927 5448 3939 5448 3942 5449 3929 5449 3928 5449 3942 5450 3928 5450 3940 5450 3941 5451 3930 5451 3927 5451 3943 5452 2608 5452 2605 5452 3943 5453 3931 5453 3929 5453 3943 5454 3929 5454 3942 5454 3943 5455 2605 5455 3931 5455 3944 5456 3932 5456 3930 5456 3944 5457 3930 5457 3941 5457 3945 5458 3933 5458 118 5458 3945 5459 118 5459 114 5459 3946 5460 3934 5460 3932 5460 3946 5461 3932 5461 3944 5461 3947 5462 3935 5462 3933 5462 3948 5463 3936 5463 3934 5463 3947 5464 3933 5464 3945 5464 3948 5465 3934 5465 3946 5465 3949 5466 2615 5466 2626 5466 3950 5467 3935 5467 3947 5467 3949 5468 2626 5468 3937 5468 3949 5469 3937 5469 3936 5469 3949 5470 3936 5470 3948 5470 3950 5471 3938 5471 3935 5471 3951 5472 3939 5472 104 5472 3952 5473 3938 5473 3950 5473 3951 5474 104 5474 100 5474 3952 5475 3940 5475 3938 5475 3953 5476 3939 5476 3951 5476 3953 5477 3941 5477 3939 5477 3954 5478 3940 5478 3952 5478 3954 5479 3942 5479 3940 5479 3955 5480 2614 5480 2608 5480 3955 5481 3943 5481 3942 5481 3955 5482 3942 5482 3954 5482 3955 5483 2608 5483 3943 5483 3956 5484 3944 5484 3941 5484 3956 5485 3941 5485 3953 5485 3957 5486 114 5486 110 5486 3957 5487 3945 5487 114 5487 3958 5488 3946 5488 3944 5488 3958 5489 3944 5489 3956 5489 3959 5490 3948 5490 3946 5490 3960 5491 3947 5491 3945 5491 3959 5492 3946 5492 3958 5492 3960 5493 3945 5493 3957 5493 3961 5494 2603 5494 2615 5494 3962 5495 3950 5495 3947 5495 3961 5496 3949 5496 3948 5496 3962 5497 3947 5497 3960 5497 3961 5498 2615 5498 3949 5498 3961 5499 3948 5499 3959 5499 3963 5500 100 5500 96 5500 3964 5501 3952 5501 3950 5501 3963 5502 3951 5502 100 5502 3964 5503 3950 5503 3962 5503 3965 5504 3951 5504 3963 5504 3966 5505 3952 5505 3964 5505 3966 5506 3954 5506 3952 5506 3965 5507 3953 5507 3951 5507 3967 5508 2622 5508 2614 5508 3967 5509 2614 5509 3955 5509 3968 5510 3953 5510 3965 5510 3967 5511 3955 5511 3954 5511 3967 5512 3954 5512 3966 5512 3968 5513 3956 5513 3953 5513 3969 5514 110 5514 106 5514 3970 5515 3956 5515 3968 5515 3969 5516 3957 5516 110 5516 3970 5517 3958 5517 3956 5517 3971 5518 3958 5518 3970 5518 3972 5519 3960 5519 3957 5519 3971 5520 3959 5520 3958 5520 3972 5521 3957 5521 3969 5521 3973 5522 3959 5522 3971 5522 3973 5523 2603 5523 3961 5523 3973 5524 2602 5524 2603 5524 3974 5525 3960 5525 3972 5525 3974 5526 3962 5526 3960 5526 3973 5527 3961 5527 3959 5527 3975 5528 3963 5528 96 5528 3976 5529 3964 5529 3962 5529 3975 5530 96 5530 92 5530 3976 5531 3962 5531 3974 5531 3977 5532 3965 5532 3963 5532 3978 5533 3964 5533 3976 5533 3978 5534 3966 5534 3964 5534 3979 5535 3966 5535 3978 5535 3977 5536 3963 5536 3975 5536 3979 5537 2629 5537 2622 5537 3980 5538 3968 5538 3965 5538 3979 5539 2622 5539 3967 5539 3979 5540 3967 5540 3966 5540 3980 5541 3965 5541 3977 5541 3981 5542 3969 5542 106 5542 3981 5543 106 5543 102 5543 3982 5544 3970 5544 3968 5544 3982 5545 3968 5545 3980 5545 3983 5546 3971 5546 3970 5546 3984 5547 3969 5547 3981 5547 3983 5548 3970 5548 3982 5548 3984 5549 3972 5549 3969 5549 3985 5550 3973 5550 3971 5550 3985 5551 2602 5551 3973 5551 3985 5552 3971 5552 3983 5552 3986 5553 3972 5553 3984 5553 3985 5554 2659 5554 2602 5554 3987 5555 3975 5555 92 5555 3986 5556 3974 5556 3972 5556 3988 5557 3976 5557 3974 5557 3988 5558 3974 5558 3986 5558 3987 5559 92 5559 88 5559 3989 5560 3978 5560 3976 5560 3990 5561 3977 5561 3975 5561 3990 5562 3975 5562 3987 5562 3989 5563 3976 5563 3988 5563 3991 5564 2629 5564 3979 5564 3991 5565 2636 5565 2629 5565 3991 5566 3978 5566 3989 5566 3991 5567 3979 5567 3978 5567 3992 5568 3981 5568 102 5568 3993 5569 3977 5569 3990 5569 3993 5570 3980 5570 3977 5570 3994 5571 3982 5571 3980 5571 3992 5572 102 5572 98 5572 3994 5573 3980 5573 3993 5573 3995 5574 3982 5574 3994 5574 3995 5575 3983 5575 3982 5575 3996 5576 3981 5576 3992 5576 3996 5577 3984 5577 3981 5577 3997 5578 3983 5578 3995 5578 3998 5579 3984 5579 3996 5579 3997 5580 3985 5580 3983 5580 3997 5581 2651 5581 2659 5581 3998 5582 3986 5582 3984 5582 3997 5583 2659 5583 3985 5583 3999 5584 3987 5584 88 5584 4000 5585 3988 5585 3986 5585 4000 5586 3986 5586 3998 5586 3999 5587 88 5587 84 5587 3999 5588 84 5588 83 5588 3999 5589 83 5589 3828 5589 4001 5590 3989 5590 3988 5590 4002 5591 3990 5591 3987 5591 4001 5592 3988 5592 4000 5592 4003 5593 2636 5593 3991 5593 4002 5594 3987 5594 3999 5594 4003 5595 2644 5595 2636 5595 4003 5596 3989 5596 4001 5596 4002 5597 3999 5597 3828 5597 4003 5598 3991 5598 3989 5598 4002 5599 3828 5599 3884 5599 4004 5600 3992 5600 98 5600 4005 5601 3993 5601 3990 5601 4005 5602 3990 5602 4002 5602 4004 5603 98 5603 94 5603 4005 5604 4002 5604 3884 5604 4005 5605 3884 5605 3887 5605 4006 5606 3996 5606 3992 5606 4006 5607 3992 5607 4004 5607 4007 5608 3994 5608 3993 5608 4007 5609 3993 5609 4005 5609 4007 5610 4005 5610 3887 5610 4007 5611 3887 5611 3890 5611 4008 5612 3995 5612 3994 5612 4009 5613 3998 5613 3996 5613 4008 5614 3994 5614 4007 5614 4009 5615 3996 5615 4006 5615 4008 5616 4007 5616 3890 5616 4008 5617 3890 5617 3893 5617 4010 5618 4000 5618 3998 5618 4011 5619 3995 5619 4008 5619 4011 5620 2643 5620 2651 5620 4010 5621 3998 5621 4009 5621 4011 5622 2635 5622 2643 5622 4011 5623 3997 5623 3995 5623 4011 5624 2651 5624 3997 5624 4011 5625 4008 5625 3893 5625 4012 5626 4001 5626 4000 5626 4011 5627 3893 5627 3895 5627 4011 5628 3895 5628 2635 5628 4012 5629 4000 5629 4010 5629 4013 5630 2654 5630 2644 5630 4013 5631 2644 5631 4003 5631 4013 5632 4003 5632 4001 5632 4013 5633 4001 5633 4012 5633 4014 5634 4004 5634 94 5634 4014 5635 94 5635 90 5635 4015 5636 4006 5636 4004 5636 4015 5637 4004 5637 4014 5637 4016 5638 4009 5638 4006 5638 4016 5639 4006 5639 4015 5639 4017 5640 4009 5640 4016 5640 4017 5641 4010 5641 4009 5641 4018 5642 4012 5642 4010 5642 4018 5643 4010 5643 4017 5643 4019 5644 2591 5644 2654 5644 4019 5645 4012 5645 4018 5645 4019 5646 2654 5646 4013 5646 4019 5647 4013 5647 4012 5647 4020 5648 90 5648 86 5648 4020 5649 4014 5649 90 5649 4021 5650 4015 5650 4014 5650 4021 5651 4014 5651 4020 5651 4022 5652 4016 5652 4015 5652 4022 5653 4015 5653 4021 5653 4023 5654 4016 5654 4022 5654 4023 5655 4017 5655 4016 5655 4024 5656 4018 5656 4017 5656 4024 5657 4017 5657 4023 5657 4025 5658 2592 5658 2591 5658 4025 5659 2591 5659 4019 5659 4025 5660 4019 5660 4018 5660 4025 5661 4018 5661 4024 5661 3817 5662 86 5662 80 5662 3817 5663 4020 5663 86 5663 3819 5664 4020 5664 3817 5664 3819 5665 4021 5665 4020 5665 3821 5666 4022 5666 4021 5666 3821 5667 4021 5667 3819 5667 3823 5668 4022 5668 3821 5668 3823 5669 4023 5669 4022 5669 3825 5670 4023 5670 3823 5670 3825 5671 4024 5671 4023 5671 3827 5672 4024 5672 3825 5672 3827 5673 2607 5673 2592 5673 3827 5674 2592 5674 4025 5674 3827 5675 4025 5675 4024 5675 3818 5676 3817 5676 80 5676 3818 5677 80 5677 78 5677 4026 5678 4027 5678 4028 5678 4029 5679 4027 5679 4026 5679 4029 5680 4030 5680 4027 5680 4031 5681 4030 5681 4029 5681 4031 5682 4032 5682 4030 5682 4033 5683 4032 5683 4031 5683 4033 5684 4034 5684 4032 5684 4035 5685 4034 5685 4033 5685 4035 5686 4036 5686 4034 5686 4037 5687 4036 5687 4035 5687 2338 5688 4036 5688 4037 5688 2346 5689 4036 5689 2338 5689 206 5690 4038 5690 208 5690 4028 5691 4038 5691 206 5691 4028 5692 4039 5692 4038 5692 4027 5693 4039 5693 4028 5693 4030 5694 4040 5694 4027 5694 4027 5695 4040 5695 4039 5695 4030 5696 4041 5696 4040 5696 4032 5697 4041 5697 4030 5697 4034 5698 4042 5698 4032 5698 4032 5699 4042 5699 4041 5699 2356 5700 4043 5700 2346 5700 4036 5701 4043 5701 4034 5701 2346 5702 4043 5702 4036 5702 4034 5703 4043 5703 4042 5703 4038 5704 4044 5704 208 5704 208 5705 4044 5705 210 5705 4039 5706 4045 5706 4038 5706 4038 5707 4045 5707 4044 5707 4040 5708 4046 5708 4039 5708 4039 5709 4046 5709 4045 5709 4041 5710 4047 5710 4040 5710 4040 5711 4047 5711 4046 5711 4042 5712 4048 5712 4041 5712 4041 5713 4048 5713 4047 5713 2364 5714 4049 5714 2356 5714 2356 5715 4049 5715 4043 5715 4043 5716 4049 5716 4042 5716 4042 5717 4049 5717 4048 5717 4044 5718 4050 5718 210 5718 210 5719 4050 5719 212 5719 4045 5720 4051 5720 4044 5720 4044 5721 4051 5721 4050 5721 4046 5722 4052 5722 4045 5722 4045 5723 4052 5723 4051 5723 4047 5724 4053 5724 4046 5724 4046 5725 4053 5725 4052 5725 4048 5726 4054 5726 4047 5726 4047 5727 4054 5727 4053 5727 2372 5728 4055 5728 2364 5728 2364 5729 4055 5729 4049 5729 4049 5730 4055 5730 4048 5730 4048 5731 4055 5731 4054 5731 212 5732 4056 5732 143 5732 4050 5733 4056 5733 212 5733 4051 5734 4057 5734 4050 5734 4050 5735 4057 5735 4056 5735 4051 5736 4058 5736 4057 5736 4052 5737 4058 5737 4051 5737 4053 5738 4059 5738 4052 5738 4052 5739 4059 5739 4058 5739 4053 5740 4060 5740 4059 5740 4054 5741 4060 5741 4053 5741 2383 5742 4061 5742 2372 5742 2372 5743 4061 5743 4055 5743 4055 5744 4061 5744 4054 5744 4054 5745 4061 5745 4060 5745 143 5746 4062 5746 144 5746 4056 5747 4062 5747 143 5747 4056 5748 4063 5748 4062 5748 4057 5749 4063 5749 4056 5749 4057 5750 4064 5750 4063 5750 4058 5751 4064 5751 4057 5751 4058 5752 4065 5752 4064 5752 4059 5753 4065 5753 4058 5753 4059 5754 4066 5754 4065 5754 4060 5755 4066 5755 4059 5755 4061 5756 4067 5756 4060 5756 4060 5757 4067 5757 4066 5757 2392 5758 4067 5758 2383 5758 2383 5759 4067 5759 4061 5759 144 5760 4068 5760 147 5760 4062 5761 4068 5761 144 5761 4062 5762 4069 5762 4068 5762 4063 5763 4069 5763 4062 5763 4063 5764 4070 5764 4069 5764 4064 5765 4070 5765 4063 5765 4064 5766 4071 5766 4070 5766 4065 5767 4071 5767 4064 5767 4065 5768 4072 5768 4071 5768 4066 5769 4072 5769 4065 5769 2392 5770 4073 5770 4067 5770 2398 5771 4073 5771 2392 5771 4067 5772 4073 5772 4066 5772 4066 5773 4073 5773 4072 5773 147 5774 4074 5774 154 5774 4068 5775 4074 5775 147 5775 4068 5776 4075 5776 4074 5776 4069 5777 4075 5777 4068 5777 4070 5778 4076 5778 4069 5778 4069 5779 4076 5779 4075 5779 4071 5780 4077 5780 4070 5780 4070 5781 4077 5781 4076 5781 4071 5782 4078 5782 4077 5782 4072 5783 4078 5783 4071 5783 2399 5784 4079 5784 2398 5784 4073 5785 4079 5785 4072 5785 2398 5786 4079 5786 4073 5786 4072 5787 4079 5787 4078 5787 4074 5788 4080 5788 154 5788 154 5789 4080 5789 156 5789 4075 5790 4081 5790 4074 5790 4074 5791 4081 5791 4080 5791 4076 5792 4082 5792 4075 5792 4075 5793 4082 5793 4081 5793 4077 5794 4083 5794 4076 5794 4076 5795 4083 5795 4082 5795 4078 5796 4084 5796 4077 5796 4077 5797 4084 5797 4083 5797 4078 5798 4085 5798 4084 5798 2394 5799 4085 5799 2399 5799 2399 5800 4085 5800 4079 5800 4079 5801 4085 5801 4078 5801 4081 5802 4086 5802 4080 5802 4080 5803 4086 5803 156 5803 156 5804 4086 5804 162 5804 4081 5805 4087 5805 4086 5805 4082 5806 4087 5806 4081 5806 4082 5807 4088 5807 4087 5807 4089 5808 4090 5808 149 5808 4083 5809 4091 5809 4082 5809 149 5810 4090 5810 152 5810 4082 5811 4091 5811 4088 5811 4084 5812 4092 5812 4083 5812 4089 5813 4093 5813 4090 5813 4083 5814 4092 5814 4091 5814 4094 5815 4093 5815 4089 5815 2388 5816 4095 5816 2394 5816 2394 5817 4095 5817 4085 5817 4085 5818 4095 5818 4084 5818 4084 5819 4095 5819 4092 5819 4096 5820 4097 5820 4094 5820 162 5821 4098 5821 166 5821 4094 5822 4097 5822 4093 5822 4086 5823 4098 5823 162 5823 4099 5824 4100 5824 4096 5824 4096 5825 4100 5825 4097 5825 4087 5826 4101 5826 4086 5826 4099 5827 4102 5827 4100 5827 4103 5828 4102 5828 4099 5828 4086 5829 4101 5829 4098 5829 2365 5830 4104 5830 2373 5830 4105 5831 4104 5831 4103 5831 4088 5832 4106 5832 4087 5832 2373 5833 4104 5833 4105 5833 4103 5834 4104 5834 4102 5834 4087 5835 4106 5835 4101 5835 4088 5836 4107 5836 4106 5836 4090 5837 4108 5837 152 5837 4091 5838 4107 5838 4088 5838 152 5839 4108 5839 158 5839 4091 5840 4109 5840 4107 5840 4092 5841 4109 5841 4091 5841 4092 5842 4110 5842 4109 5842 4090 5843 4111 5843 4108 5843 2376 5844 4110 5844 2388 5844 4093 5845 4111 5845 4090 5845 4097 5846 4112 5846 4093 5846 2388 5847 4110 5847 4095 5847 4095 5848 4110 5848 4092 5848 4098 5849 4113 5849 166 5849 4093 5850 4112 5850 4111 5850 166 5851 4113 5851 170 5851 4100 5852 4114 5852 4097 5852 4101 5853 4113 5853 4098 5853 4097 5854 4114 5854 4112 5854 4106 5855 4115 5855 4101 5855 4100 5856 4116 5856 4114 5856 4101 5857 4115 5857 4113 5857 4102 5858 4116 5858 4100 5858 2357 5859 4117 5859 2365 5859 4106 5860 4118 5860 4115 5860 4102 5861 4117 5861 4116 5861 4104 5862 4117 5862 4102 5862 2365 5863 4117 5863 4104 5863 4107 5864 4119 5864 4106 5864 4106 5865 4119 5865 4118 5865 4108 5866 4120 5866 158 5866 158 5867 4120 5867 160 5867 4107 5868 4121 5868 4119 5868 4108 5869 4122 5869 4120 5869 4109 5870 4121 5870 4107 5870 4110 5871 4123 5871 4109 5871 4109 5872 4123 5872 4121 5872 4111 5873 4122 5873 4108 5873 2367 5874 4123 5874 2376 5874 2376 5875 4123 5875 4110 5875 4112 5876 4124 5876 4111 5876 4113 5877 4125 5877 170 5877 4111 5878 4124 5878 4122 5878 170 5879 4125 5879 174 5879 4112 5880 4126 5880 4124 5880 4114 5881 4126 5881 4112 5881 4113 5882 4127 5882 4125 5882 4116 5883 4128 5883 4114 5883 4115 5884 4127 5884 4113 5884 4114 5885 4128 5885 4126 5885 2350 5886 4129 5886 2357 5886 4118 5887 4130 5887 4115 5887 4116 5888 4129 5888 4128 5888 2357 5889 4129 5889 4117 5889 4117 5890 4129 5890 4116 5890 4115 5891 4130 5891 4127 5891 4118 5892 4131 5892 4130 5892 4119 5893 4131 5893 4118 5893 160 5894 4132 5894 164 5894 4119 5895 4133 5895 4131 5895 4120 5896 4132 5896 160 5896 4121 5897 4133 5897 4119 5897 4120 5898 4134 5898 4132 5898 4122 5899 4134 5899 4120 5899 4123 5900 4135 5900 4121 5900 2367 5901 4135 5901 4123 5901 2362 5902 4135 5902 2367 5902 4121 5903 4135 5903 4133 5903 4125 5904 4136 5904 174 5904 4122 5905 4137 5905 4134 5905 4124 5906 4137 5906 4122 5906 174 5907 4136 5907 178 5907 4127 5908 4138 5908 4125 5908 4124 5909 4139 5909 4137 5909 4126 5910 4139 5910 4124 5910 4125 5911 4138 5911 4136 5911 4128 5912 4140 5912 4126 5912 4126 5913 4140 5913 4139 5913 2343 5914 4141 5914 2350 5914 4128 5915 4141 5915 4140 5915 4130 5916 4142 5916 4127 5916 2350 5917 4141 5917 4129 5917 4129 5918 4141 5918 4128 5918 4127 5919 4142 5919 4138 5919 4131 5920 4143 5920 4130 5920 4132 5921 4144 5921 164 5921 164 5922 4144 5922 168 5922 4130 5923 4143 5923 4142 5923 4131 5924 4145 5924 4143 5924 4133 5925 4145 5925 4131 5925 4134 5926 4146 5926 4132 5926 4132 5927 4146 5927 4144 5927 2352 5928 4147 5928 2362 5928 2362 5929 4147 5929 4135 5929 4135 5930 4147 5930 4133 5930 4133 5931 4147 5931 4145 5931 4138 5932 4148 5932 4136 5932 4137 5933 4149 5933 4134 5933 4136 5934 4148 5934 178 5934 4134 5935 4149 5935 4146 5935 178 5936 4148 5936 182 5936 4137 5937 4150 5937 4149 5937 4138 5938 4151 5938 4148 5938 4139 5939 4150 5939 4137 5939 4142 5940 4151 5940 4138 5940 4140 5941 4152 5941 4139 5941 4139 5942 4152 5942 4150 5942 2345 5943 4153 5943 2343 5943 4141 5944 4153 5944 4140 5944 4142 5945 4154 5945 4151 5945 4140 5946 4153 5946 4152 5946 2343 5947 4153 5947 4141 5947 4143 5948 4155 5948 4142 5948 4142 5949 4155 5949 4154 5949 168 5950 4156 5950 172 5950 4145 5951 4157 5951 4143 5951 4144 5952 4156 5952 168 5952 4143 5953 4157 5953 4155 5953 4144 5954 4158 5954 4156 5954 2341 5955 4159 5955 2352 5955 4146 5956 4158 5956 4144 5956 4145 5957 4159 5957 4157 5957 2352 5958 4159 5958 4147 5958 4147 5959 4159 5959 4145 5959 4148 5960 4160 5960 182 5960 4146 5961 4161 5961 4158 5961 4149 5962 4161 5962 4146 5962 182 5963 4160 5963 186 5963 4148 5964 4162 5964 4160 5964 4150 5965 4163 5965 4149 5965 4151 5966 4162 5966 4148 5966 4149 5967 4163 5967 4161 5967 4152 5968 4164 5968 4150 5968 4150 5969 4164 5969 4163 5969 2345 5970 4165 5970 4153 5970 4154 5971 4166 5971 4151 5971 2348 5972 4165 5972 2345 5972 4151 5973 4166 5973 4162 5973 4152 5974 4165 5974 4164 5974 4153 5975 4165 5975 4152 5975 4155 5976 4167 5976 4154 5976 172 5977 4168 5977 176 5977 4154 5978 4167 5978 4166 5978 4156 5979 4168 5979 172 5979 4157 5980 4169 5980 4155 5980 4155 5981 4169 5981 4167 5981 4156 5982 4170 5982 4168 5982 2334 5983 4171 5983 2341 5983 4158 5984 4170 5984 4156 5984 2341 5985 4171 5985 4159 5985 4159 5986 4171 5986 4157 5986 4157 5987 4171 5987 4169 5987 186 5988 4172 5988 190 5988 4161 5989 4173 5989 4158 5989 4160 5990 4172 5990 186 5990 4158 5991 4173 5991 4170 5991 4160 5992 4174 5992 4172 5992 4163 5993 4175 5993 4161 5993 4161 5994 4175 5994 4173 5994 4162 5995 4174 5995 4160 5995 4164 5996 4176 5996 4163 5996 4166 5997 4177 5997 4162 5997 4163 5998 4176 5998 4175 5998 4164 5999 4178 5999 4176 5999 4162 6000 4177 6000 4174 6000 2348 6001 4178 6001 4165 6001 2354 6002 4178 6002 2348 6002 4165 6003 4178 6003 4164 6003 4166 6004 4179 6004 4177 6004 176 6005 4180 6005 180 6005 4167 6006 4179 6006 4166 6006 4167 6007 4181 6007 4179 6007 4168 6008 4180 6008 176 6008 4169 6009 4181 6009 4167 6009 4169 6010 4182 6010 4181 6010 2333 6011 4182 6011 2334 6011 4170 6012 4183 6012 4168 6012 2334 6013 4182 6013 4171 6013 4171 6014 4182 6014 4169 6014 4168 6015 4183 6015 4180 6015 4172 6016 4184 6016 190 6016 4174 6017 4184 6017 4172 6017 4173 6018 4185 6018 4170 6018 4170 6019 4185 6019 4183 6019 190 6020 4184 6020 194 6020 4177 6021 4186 6021 4174 6021 4173 6022 4187 6022 4185 6022 4175 6023 4187 6023 4173 6023 4174 6024 4186 6024 4184 6024 4175 6025 4188 6025 4187 6025 4176 6026 4188 6026 4175 6026 4177 6027 4189 6027 4186 6027 4176 6028 4190 6028 4188 6028 2361 6029 4190 6029 2354 6029 4179 6030 4191 6030 4177 6030 4178 6031 4190 6031 4176 6031 4177 6032 4191 6032 4189 6032 2354 6033 4190 6033 4178 6033 4180 6034 4192 6034 180 6034 4181 6035 4193 6035 4179 6035 180 6036 4192 6036 184 6036 4179 6037 4193 6037 4191 6037 4182 6038 4194 6038 4181 6038 4181 6039 4194 6039 4193 6039 4180 6040 4195 6040 4192 6040 4183 6041 4195 6041 4180 6041 2387 6042 4194 6042 2333 6042 2333 6043 4194 6043 4182 6043 4184 6044 4196 6044 194 6044 194 6045 4196 6045 198 6045 4185 6046 4197 6046 4183 6046 4183 6047 4197 6047 4195 6047 4184 6048 4198 6048 4196 6048 4185 6049 4199 6049 4197 6049 4187 6050 4199 6050 4185 6050 4186 6051 4198 6051 4184 6051 4187 6052 4200 6052 4199 6052 4188 6053 4200 6053 4187 6053 4190 6054 4201 6054 4188 6054 4186 6055 4202 6055 4198 6055 2370 6056 4201 6056 2361 6056 4189 6057 4202 6057 4186 6057 4188 6058 4201 6058 4200 6058 4191 6059 4203 6059 4189 6059 2361 6060 4201 6060 4190 6060 4192 6061 4204 6061 184 6061 4189 6062 4203 6062 4202 6062 4193 6063 4205 6063 4191 6063 4191 6064 4205 6064 4203 6064 184 6065 4204 6065 188 6065 4194 6066 4206 6066 4193 6066 4192 6067 4207 6067 4204 6067 2387 6068 4206 6068 4194 6068 2381 6069 4206 6069 2387 6069 4193 6070 4206 6070 4205 6070 4198 6071 4208 6071 4196 6071 4195 6072 4207 6072 4192 6072 4196 6073 4208 6073 198 6073 4197 6074 4209 6074 4195 6074 198 6075 4208 6075 202 6075 4195 6076 4209 6076 4207 6076 202 6077 4208 6077 149 6077 149 6078 4208 6078 4089 6078 4198 6079 4210 6079 4208 6079 4202 6080 4210 6080 4198 6080 4197 6081 4211 6081 4209 6081 4199 6082 4211 6082 4197 6082 4208 6083 4210 6083 4089 6083 4089 6084 4210 6084 4094 6084 4200 6085 4212 6085 4199 6085 4199 6086 4212 6086 4211 6086 4202 6087 4213 6087 4210 6087 2370 6088 4214 6088 4201 6088 2379 6089 4214 6089 2370 6089 4210 6090 4213 6090 4094 6090 4201 6091 4214 6091 4200 6091 4094 6092 4213 6092 4096 6092 4200 6093 4214 6093 4212 6093 4203 6094 4215 6094 4202 6094 4204 6095 4216 6095 188 6095 4202 6096 4215 6096 4213 6096 4213 6097 4215 6097 4096 6097 188 6098 4216 6098 191 6098 4096 6099 4215 6099 4099 6099 4203 6100 4217 6100 4215 6100 4205 6101 4217 6101 4203 6101 4204 6102 4218 6102 4216 6102 4207 6103 4218 6103 4204 6103 4215 6104 4217 6104 4099 6104 4099 6105 4217 6105 4103 6105 2375 6106 4219 6106 2381 6106 2373 6107 4219 6107 2375 6107 2381 6108 4219 6108 4206 6108 4209 6109 4220 6109 4207 6109 4206 6110 4219 6110 4205 6110 4205 6111 4219 6111 4217 6111 4207 6112 4220 6112 4218 6112 4217 6113 4219 6113 4103 6113 4103 6114 4219 6114 4105 6114 4105 6115 4219 6115 2373 6115 4209 6116 4221 6116 4220 6116 4211 6117 4221 6117 4209 6117 4212 6118 4222 6118 4211 6118 4211 6119 4222 6119 4221 6119 4212 6120 4223 6120 4222 6120 2385 6121 4223 6121 2379 6121 2379 6122 4223 6122 4214 6122 4214 6123 4223 6123 4212 6123 4216 6124 4224 6124 191 6124 191 6125 4224 6125 195 6125 4218 6126 4225 6126 4216 6126 4216 6127 4225 6127 4224 6127 4218 6128 4226 6128 4225 6128 4220 6129 4226 6129 4218 6129 4221 6130 4227 6130 4220 6130 4220 6131 4227 6131 4226 6131 4222 6132 4228 6132 4221 6132 4221 6133 4228 6133 4227 6133 2393 6134 4229 6134 2385 6134 2385 6135 4229 6135 4223 6135 4223 6136 4229 6136 4222 6136 4222 6137 4229 6137 4228 6137 195 6138 4230 6138 200 6138 4224 6139 4230 6139 195 6139 4225 6140 4231 6140 4224 6140 4224 6141 4231 6141 4230 6141 4226 6142 4232 6142 4225 6142 4225 6143 4232 6143 4231 6143 4226 6144 4233 6144 4232 6144 4227 6145 4233 6145 4226 6145 4228 6146 4234 6146 4227 6146 4227 6147 4234 6147 4233 6147 2339 6148 4235 6148 2393 6148 2393 6149 4235 6149 4229 6149 4229 6150 4235 6150 4228 6150 4228 6151 4235 6151 4234 6151 4230 6152 4026 6152 200 6152 200 6153 4026 6153 204 6153 4230 6154 4029 6154 4026 6154 4231 6155 4029 6155 4230 6155 4231 6156 4031 6156 4029 6156 4232 6157 4031 6157 4231 6157 4232 6158 4033 6158 4031 6158 4233 6159 4033 6159 4232 6159 4233 6160 4035 6160 4033 6160 4234 6161 4035 6161 4233 6161 4234 6162 4037 6162 4035 6162 2338 6163 4037 6163 2339 6163 2339 6164 4037 6164 4235 6164 4235 6165 4037 6165 4234 6165 204 6166 4028 6166 206 6166 4026 6167 4028 6167 204 6167 4236 212 4237 212 4238 212 4239 212 4240 212 4241 212 4242 6168 4236 6168 4243 6168 4242 6169 4243 6169 4244 6169 4245 212 4246 212 4239 212 4245 6170 4241 6170 4237 6170 4245 6171 4237 6171 4236 6171 4245 212 4239 212 4241 212 4247 212 4242 212 4248 212 4249 6172 4247 6172 4250 6172 4249 212 4250 212 4251 212 4252 212 4253 212 4254 212 4252 6173 4254 6173 4255 6173 4252 6174 4255 6174 4256 6174 4257 6175 4258 6175 4259 6175 4257 6176 4259 6176 4252 6176 4257 6177 4256 6177 4245 6177 4257 6178 4249 6178 4260 6178 4257 6179 4260 6179 4261 6179 4257 6180 4261 6180 4262 6180 4257 6181 4236 6181 4242 6181 4257 6182 4242 6182 4247 6182 4257 212 4245 212 4236 212 4257 212 4247 212 4249 212 4257 6183 4252 6183 4256 6183 4263 212 4264 212 4258 212 4263 212 4258 212 4257 212 4265 6184 4257 6184 4266 6184 4267 212 4263 212 4257 212 4268 6185 4257 6185 4265 6185 4269 212 4267 212 4257 212 4269 6186 4257 6186 4268 6186 4270 212 4269 212 4268 212 137 6187 4245 6187 4256 6187 137 6188 139 6188 4245 6188 135 6189 4256 6189 4255 6189 135 6190 137 6190 4256 6190 133 6191 82 6191 4257 6191 133 6192 4257 6192 4262 6192 131 6193 4255 6193 4254 6193 131 6194 135 6194 4255 6194 129 6195 4262 6195 4261 6195 129 6196 133 6196 4262 6196 127 6197 4254 6197 4253 6197 127 6198 131 6198 4254 6198 4252 6199 127 6199 4253 6199 125 6200 4261 6200 4260 6200 125 6201 129 6201 4261 6201 123 6202 127 6202 4252 6202 121 6203 4260 6203 4249 6203 119 6204 4252 6204 4259 6204 121 6205 125 6205 4260 6205 119 6206 123 6206 4252 6206 117 6207 4249 6207 4251 6207 115 6208 4259 6208 4258 6208 115 6209 119 6209 4259 6209 117 6210 121 6210 4249 6210 111 6211 4258 6211 4264 6211 113 6212 4251 6212 4250 6212 111 6213 115 6213 4258 6213 113 6214 117 6214 4251 6214 107 6215 4264 6215 4263 6215 109 6216 113 6216 4250 6216 107 6217 111 6217 4264 6217 109 6218 4250 6218 4247 6218 103 6219 4263 6219 4267 6219 103 6220 107 6220 4263 6220 105 6221 109 6221 4247 6221 105 6222 4247 6222 4248 6222 99 6223 4267 6223 4269 6223 99 6224 103 6224 4267 6224 101 6225 105 6225 4248 6225 101 6226 4248 6226 4242 6226 95 6227 4269 6227 4270 6227 95 6228 99 6228 4269 6228 97 6229 101 6229 4242 6229 97 6230 4242 6230 4244 6230 91 6231 95 6231 4270 6231 91 6232 4270 6232 4268 6232 93 6233 97 6233 4244 6233 93 6234 4244 6234 4243 6234 87 6235 91 6235 4268 6235 87 6236 4268 6236 4265 6236 89 6237 93 6237 4243 6237 89 6238 4243 6238 4236 6238 81 6239 87 6239 4265 6239 81 6240 4265 6240 4266 6240 85 6241 89 6241 4236 6241 82 6242 81 6242 4266 6242 85 6243 4236 6243 4238 6243 82 6244 4266 6244 4257 6244 79 6245 85 6245 4238 6245 79 6246 4238 6246 4237 6246 77 6247 79 6247 4237 6247 77 6248 4237 6248 4241 6248 73 6249 77 6249 4241 6249 73 6250 4241 6250 4240 6250 76 6251 73 6251 4240 6251 76 6252 4240 6252 4239 6252 141 6253 76 6253 4239 6253 141 6254 4239 6254 4246 6254 139 6255 141 6255 4246 6255 139 6256 4246 6256 4245 6256 51 2144 47 2144 55 2144 72 6257 70 6257 65 6257 45 6258 53 6258 50 6258 3 2144 2 2144 72 2144 41 6259 61 6259 57 6259 41 6260 57 6260 53 6260 41 6261 53 6261 45 6261 5 2144 3 2144 72 2144 7 2144 5 2144 72 2144 33 6262 65 6262 61 6262 33 6263 41 6263 37 6263 33 6264 72 6264 65 6264 33 6265 61 6265 41 6265 33 2144 7 2144 72 2144 29 6266 7 6266 33 6266 19 6267 17 6267 13 6267 23 2144 13 2144 7 2144 23 2144 7 2144 29 2144 23 6268 19 6268 13 6268 11 6269 29 6269 25 6269 11 2144 25 2144 21 2144 11 2144 21 2144 15 2144 35 6270 31 6270 27 6270 63 6271 10 6271 67 6271 63 6272 11 6272 10 6272 63 6273 23 6273 29 6273 63 2144 29 2144 11 2144 43 6274 39 6274 35 6274 47 6275 35 6275 27 6275 47 6276 43 6276 35 6276 55 6277 23 6277 63 6277 55 6278 63 6278 59 6278 55 6279 47 6279 27 6279 55 6280 27 6280 23 6280</p>
        </triangles>
      </mesh>
    </geometry>
  </library_geometries>
  <library_visual_scenes>
    <visual_scene id="Scene" name="Scene">
      <node id="node0" name="node0" type="NODE">
        <matrix sid="transform">1 0 0 0 0 1 0 0 0 0 1 0 0 0 0 1</matrix>
        <instance_geometry url="#Mesh-mesh" name="node0">
          <bind_material>
            <technique_common>
              <instance_material symbol="Mesh-material" target="#Mesh-material"/>
            </technique_common>
          </bind_material>
        </instance_geometry>
      </node>
    </visual_scene>
  </library_visual_scenes>
  <scene>
    <instance_visual_scene url="#Scene"/>
  </scene>
</COLLADA>