<?xml version="1.0" encoding="utf-8"?>
<COLLADA xmlns="http://www.collada.org/2005/11/COLLADASchema" version="1.4.1" xmlns:xsi="http://www.w3.org/2001/XMLSchema-instance">
  <asset>
    <contributor>
      <author>Blender User</author>
      <authoring_tool>Blender 2.82.7</authoring_tool>
    </contributor>
    <created>2023-09-20T14:53:49</created>
    <modified>2023-09-20T14:53:49</modified>
    <unit name="meter" meter="1"/>
    <up_axis>Z_UP</up_axis>
  </asset>
  <library_cameras>
    <camera id="Camera-camera" name="Camera.001">
      <optics>
        <technique_common>
          <perspective>
            <xfov sid="xfov">49.13434</xfov>
            <aspect_ratio>1.777778</aspect_ratio>
            <znear sid="znear">0.1</znear>
            <zfar sid="zfar">100</zfar>
          </perspective>
        </technique_common>
      </optics>
      <extra>
        <technique profile="blender">
          <shiftx sid="shiftx" type="float">0</shiftx>
          <shifty sid="shifty" type="float">0</shifty>
          <dof_distance sid="dof_distance" type="float">10</dof_distance>
        </technique>
      </extra>
    </camera>
  </library_cameras>
  <library_lights>
    <light id="Lamp-light" name="Lamp">
      <technique_common>
        <point>
          <color sid="color">1 1 1</color>
          <constant_attenuation>1</constant_attenuation>
          <linear_attenuation>0</linear_attenuation>
          <quadratic_attenuation>0.00111109</quadratic_attenuation>
        </point>
      </technique_common>
      <extra>
        <technique profile="blender">
          <type sid="type" type="int">0</type>
          <flag sid="flag" type="int">0</flag>
          <mode sid="mode" type="int">8192</mode>
          <gamma sid="blender_gamma" type="float">1</gamma>
          <red sid="red" type="float">1</red>
          <green sid="green" type="float">1</green>
          <blue sid="blue" type="float">1</blue>
          <shadow_r sid="blender_shadow_r" type="float">0</shadow_r>
          <shadow_g sid="blender_shadow_g" type="float">0</shadow_g>
          <shadow_b sid="blender_shadow_b" type="float">0</shadow_b>
          <energy sid="blender_energy" type="float">1</energy>
          <dist sid="blender_dist" type="float">29.99998</dist>
          <spotsize sid="spotsize" type="float">75</spotsize>
          <spotblend sid="spotblend" type="float">0.15</spotblend>
          <att1 sid="att1" type="float">0</att1>
          <att2 sid="att2" type="float">1</att2>
          <falloff_type sid="falloff_type" type="int">2</falloff_type>
          <clipsta sid="clipsta" type="float">1.000799</clipsta>
          <clipend sid="clipend" type="float">30.002</clipend>
          <bias sid="bias" type="float">1</bias>
          <soft sid="soft" type="float">3</soft>
          <bufsize sid="bufsize" type="int">2880</bufsize>
          <samp sid="samp" type="int">3</samp>
          <buffers sid="buffers" type="int">1</buffers>
          <area_shape sid="area_shape" type="int">1</area_shape>
          <area_size sid="area_size" type="float">0.1</area_size>
          <area_sizey sid="area_sizey" type="float">0.1</area_sizey>
          <area_sizez sid="area_sizez" type="float">1</area_sizez>
        </technique>
      </extra>
    </light>
  </library_lights>
  <library_effects>
    <effect id="link_01_part_000_mtl_001_001-effect">
      <profile_COMMON>
        <technique sid="common">
          <lambert>
            <emission>
              <color sid="emission">0 0 0 1</color>
            </emission>
            <diffuse>
              <color sid="diffuse">0.8 0.4 0.2 1</color>
            </diffuse>
            <index_of_refraction>
              <float sid="ior">1</float>
            </index_of_refraction>
          </lambert>
        </technique>
      </profile_COMMON>
    </effect>
  </library_effects>
  <library_images/>
  <library_materials>
    <material id="link_01_part_000_mtl_001_001-material" name="link_01_part_000_mtl_001.001">
      <instance_effect url="#link_01_part_000_mtl_001_001-effect"/>
    </material>
  </library_materials>
  <library_geometries>
    <geometry id="Link_5-mesh" name="Link 5">
      <mesh>
        <source id="Link_5-mesh-positions">
          <float_array id="Link_5-mesh-positions-array" count="4083">0.04329997 0.03009998 -0.01290559 0.04329997 0.0286411 -0.01588237 0.04329997 0.03009998 -0.02588415 0.04329997 0.02688872 -0.01869654 0.04329997 0.02486085 -0.02131903 0.04329997 0.02257823 -0.02372312 0.04329997 0.02006429 -0.02588415 0 0.02633649 0.03963327 0 0.03399997 0.03937768 -6.48081e-4 0.02719593 0.03960394 -0.004488706 0.03399997 0.03912103 -0.003882408 0.02719593 0.03941845 -0.007090747 0.02719593 0.03896939 -0.007106602 0.02038842 0.03905653 -0.01027458 0.02038842 0.03834521 -0.01023644 0.01528167 0.03820288 -0.0133242 0.01528167 0.03723847 -0.01319658 0.01018208 0.03688192 -0.0161665 0.01018208 0.03568017 -0.01591086 0.005098462 0.03511595 -0.01872736 0.005098462 0.03369832 -0.0183171 3.96418e-5 0.03296005 -0.02094936 3.96418e-5 0.03135287 -0.02037376 -0.004987657 0.03049135 -0.0227974 -0.004987657 0.02872443 -0.02206277 -0.009980857 0.02779889 -0.02426069 -0.009980857 0.02590286 -0.02248764 -0.0198872 0.0240097 -0.02437448 -0.0198872 0.02209174 -0.02166956 -0.02653396 0.02232909 -0.0243504 -0.02653396 0.01937043 -0.02609837 -0.0198872 0.02002596 -0.02764761 -0.0198872 0.01782619 -0.02815616 -0.009980857 0.02160489 -0.02982753 -0.009980857 0.01923167 -0.02909368 -0.004987657 0.02232432 -0.03082072 -0.004987657 0.01987206 -0.02991563 3.96418e-5 0.02295506 -0.03169149 3.96418e-5 0.02043354 -0.0305857 0.005098462 0.0234692 -0.03240132 0.005098462 0.02089118 -0.03107708 0.01018208 0.02384626 -0.03292185 0.01018208 0.02122688 -0.03137755 0.01528167 0.02407681 -0.03324019 0.01528167 0.02143204 -0.03149449 0.02038842 0.02416646 -0.03336405 0.02038842 0.02151191 -0.03142416 0.02719593 0.02411258 -0.03328955 0.02719593 0.02146387 -0.03118336 0.03399997 0.02404594 -0.03372114 0.03399997 0.02033448 -0.008918941 0.03399997 0.03835439 -0.01025164 0.02719593 0.0382595 -0.01337385 0.02038842 0.03737723 -0.01632279 0.01528167 0.03602504 -0.01902824 0.01018208 0.03423964 -0.02141857 0.005098462 0.03205513 -0.02344149 3.96418e-5 0.029536 -0.02506852 -0.004987657 0.02676534 -0.02629637 -0.009980857 0.02383363 -0.01323288 0.03399997 0.03708767 -0.01334393 0.02719593 0.03729379 -0.01638358 0.02038842 0.03615939 -0.01921218 0.01528167 0.03457069 -0.02176266 0.01018208 0.03257012 -0.02396655 0.005098462 0.03019762 -0.0257768 3.96418e-5 0.02752161 -0.02717196 -0.004987657 0.0246272 -0.01634705 0.02719593 0.03607857 -0.01737433 0.03399997 0.03533756 -0.01924073 0.02719593 0.03462207 -0.02128922 0.03399997 0.03312659 -0.02200573 0.02719593 0.03293383 -0.0249266 0.03399997 0.03048396 -0.02462351 0.02719593 0.0310254 -0.0270766 0.02719593 0.02890932 -0.02713721 0.02038842 0.02897405 -0.02941423 0.02038842 0.02665948 -0.02930504 0.01528167 0.02656042 -0.02823907 0.03399997 0.02744376 -0.02934855 0.02719593 0.02659988 -0.03493225 0.02719593 0.01867163 -0.03581929 0.03399997 0.01635801 -0.03634124 0.02719593 0.01575446 -0.03745049 0.03399997 0.0121684 -0.03750717 0.02719593 0.0127319 -0.03842222 0.02719593 0.009624242 -0.03850823 0.02038842 0.009645819 -0.0391677 0.02038842 0.006466507 -0.03902226 0.01528167 0.006442546 -0.03941822 0.01528167 0.003232121 -0.0390408 0.01018208 0.003201127 -0.03917181 0.01018208 0 -0.03855246 0.005098462 0 -0.03844797 0.005098462 -0.002836108 -0.0376057 3.96418e-5 -0.002774 -0.03729969 3.96418e-5 -0.005532979 -0.03627485 -0.004987657 -0.005380868 -0.03578072 -0.004987657 -0.008034825 -0.03462773 -0.009980857 -0.007775902 -0.03396183 -0.009980857 -0.0103023 -0.03147977 -0.0198872 -0.00954926 -0.03069198 -0.0198872 -0.01183927 -0.02917265 -0.02653396 -0.01082205 -0.02973783 -0.0198872 -0.01406502 -0.02754676 -0.02653396 -0.01446843 -0.02862262 -0.0198872 -0.01621448 -0.02546733 -0.02653396 -0.01787662 -0.02735221 -0.0198872 -0.01827621 -0.02593362 -0.0198872 -0.02023887 -0.02950888 -0.009980857 -0.01971721 -0.02797842 -0.009980857 -0.02183461 -0.03049147 -0.004987657 -0.02037382 -0.02891004 -0.004987657 -0.02256166 -0.03135293 3.96418e-5 -0.02094936 -0.02972686 3.96418e-5 -0.02319908 -0.03205519 0.005098462 -0.02141869 -0.0303927 0.005098462 -0.02371871 -0.03257018 0.01018208 -0.02176272 -0.03088092 0.01018208 -0.02409982 -0.03288507 0.01528167 -0.02197313 -0.03117954 0.01528167 -0.02433276 -0.03300762 0.02038842 -0.02205502 -0.03129571 0.02038842 -0.02442348 -0.03293389 0.02719593 -0.02200579 -0.0312258 0.02719593 -0.02436888 -0.03250527 0.03399997 -0.02222657 -0.02975976 0.03399997 -0.02578699 -0.03859347 0.03399997 0.00782001 -0.0390802 0.02719593 0.006452083 -0.03956514 0.02038842 0.003244161 -0.03955054 0.01528167 0 -0.03906565 0.01018208 -0.002881646 -0.03813517 0.005098462 -0.005656838 -0.03679162 3.96418e-5 -0.008261919 -0.03509265 -0.004987657 -0.01064527 -0.03311192 -0.009980857 -0.01277267 -0.03923332 0.03399997 0.003369688 -0.03947675 0.02719593 0.003236889 -0.03969794 0.02038842 0 -0.03944337 0.01528167 -0.002909541 -0.03874784 0.01018208 -0.005747795 -0.03761571 0.005098462 -0.008446931 -0.03608417 3.96418e-5 -0.01094603 -0.03421449 -0.004987657 -0.01319801 -0.03208261 -0.009980857 -0.01517403 -0.03960925 0.02719593 0 -0.03936171 0.03399997 -0.001124501 -0.03950196 0.02719593 -0.002913832 -0.03897696 0.03399997 -0.005604028 -0.03918057 0.02719593 -0.005811929 -0.03864681 0.02719593 -0.008678436 -0.03873336 0.02038842 -0.008697867 -0.03798854 0.02038842 -0.01152372 -0.03784751 0.01528167 -0.01148092 -0.03690034 0.01528167 -0.01423406 -0.036547 0.01018208 -0.0140978 -0.03541088 0.01018208 -0.01674818 -0.03485101 0.005098462 -0.0164833 -0.033544 0.005098462 -0.01900243 -0.03280907 3.96418e-5 -0.01858615 -0.03808408 0.03399997 -0.0100106 -0.03790372 0.02719593 -0.01149797 -0.03703784 0.02038842 -0.01428711 -0.03575325 0.01528167 -0.01691007 -0.03408288 0.01018208 -0.01930773 -0.03669476 0.03399997 -0.01428663 -0.03695517 0.02719593 -0.01425516 -0.03588646 0.02038842 -0.01697313 -0.03441238 0.01528167 -0.01949441 -0.03580635 0.02719593 -0.01693522 -0.03482699 0.03399997 -0.01837635 -0.03446352 0.02719593 -0.01952338 -0.02934855 0.02719593 -0.0266 -0.02662628 0.03399997 -0.02901124 -0.02731221 0.02719593 -0.02868688 -0.02512782 0.02719593 -0.03061842 -0.02518409 0.02038842 -0.03068697 -0.02285838 0.02038842 -0.03245639 -0.0227735 0.01528167 -0.03233599 -0.02033305 0.01528167 -0.03392362 -0.02013832 0.01018208 -0.03359878 -0.01761209 0.01018208 -0.03498923 -0.01733362 0.005098462 -0.03443598 -0.0147534 0.005098462 -0.03561782 -0.01443016 3.96418e-5 -0.0348376 -0.01182824 3.96418e-5 -0.03580474 -0.01150327 -0.004987657 -0.03482091 -0.008910536 -0.004987657 -0.03557276 -0.008623361 -0.009980857 -0.03442645 -0.006063103 -0.009980857 -0.03496837 -0.005622386 -0.0198872 -0.03241229 -0.003224372 -0.0198872 -0.03273785 -0.005826234 -0.02653396 -0.0305649 -0.001864433 -0.02653396 -0.03105938 -8.07345e-4 -0.0198872 -0.03288638 0.002128005 -0.02653396 -0.03104245 0.001614153 -0.0198872 -0.0328567 0.00402683 -0.0198872 -0.03264892 0.001741409 -0.009980857 -0.03544735 0.004344344 -0.009980857 -0.03522312 0.001799404 -0.004987657 -0.03662765 0.004489004 -0.004987657 -0.03639602 0.001850247 3.96418e-5 -0.0376625 0.004615843 3.96418e-5 -0.03742432 0.001891672 0.005098462 -0.03850603 0.004719257 0.005098462 -0.0382626 0.00192207 0.01018208 -0.0391246 0.004795014 0.01018208 -0.03887724 0.001940667 0.01528167 -0.03950297 0.004841387 0.01528167 -0.03925311 0.001947879 0.02038842 -0.03965008 0.004859447 0.02038842 -0.03939938 0.001943528 0.02719593 -0.03956162 0.004848599 0.02719593 -0.0393114 0.002248048 0.03399997 -0.03931355 0.006714761 0.03399997 -0.03880107 -0.02314567 0.03399997 -0.03185737 -0.02280735 0.02719593 -0.03238391 -0.0204088 0.02038842 -0.0340501 -0.01778239 0.01528167 -0.03532755 -0.01499038 0.01018208 -0.03619003 -0.01209318 0.005098462 -0.03660666 -0.009162247 3.96418e-5 -0.03657782 -0.006263613 -0.004987657 -0.03613293 -0.003478646 -0.009980857 -0.0353192 -0.02036321 0.02719593 -0.03397405 -0.01936334 0.03399997 -0.03428804 -0.01780879 0.02719593 -0.03538 -0.01532858 0.03399997 -0.03627181 -0.01515781 0.02719593 -0.03659427 -0.0124247 0.02719593 -0.03761017 -0.01245254 0.02038842 -0.03769433 -0.009645819 0.02038842 -0.03850829 -0.009609997 0.01528167 -0.03836524 -0.00674957 0.01528167 -0.03897035 -0.006686329 0.01018208 -0.03859698 -0.003839492 0.01018208 -0.03898322 -0.003778815 0.005098462 -0.03836679 -9.46105e-4 0.005098462 -0.03854084 -9.25422e-4 3.96418e-5 -0.03769648 -0.01109403 0.03399997 -0.03778278 -0.009624242 0.02719593 -0.03842222 -0.006773233 0.02038842 -0.0391159 -0.003876626 0.01528167 -0.03936016 -9.61304e-4 0.01018208 -0.03916001 -0.006714761 0.03399997 -0.03880107 -0.006756186 0.02719593 -0.03902888 -0.00389105 0.02038842 -0.03950679 -9.70602e-4 0.01528167 -0.03953862 -0.003882408 0.02719593 -0.03941857 -0.002248048 0.03399997 -0.03931355 -9.72033e-4 0.02719593 -0.03959739 0.00772953 0.02719593 -0.0388478 0.01109397 0.03399997 -0.03778278 0.01056426 0.02719593 -0.03817451 0.01334393 0.02719593 -0.03729391 0.01337379 0.02038842 -0.03737735 0.01608723 0.02038842 -0.03629231 0.01602751 0.01528167 -0.03615748 0.01864397 0.01528167 -0.03488051 0.01846545 0.01018208 -0.03454649 0.02095681 0.01018208 -0.03309452 0.02062547 0.005098462 -0.03257119 0.02296566 0.005098462 -0.03096568 0.02246254 3.96418e-5 -0.03028726 0.02462971 3.96418e-5 -0.02855277 0.02395296 -0.004987657 -0.02776825 0.02561962 -0.003023207 -0.02683019 0.02523064 -0.005709648 -0.02639043 0.01532858 0.03399997 -0.03627181 0.01605129 0.02719593 -0.03621125 0.01871347 0.02038842 -0.03501045 0.02115941 0.01528167 -0.03341448 0.02333462 0.01018208 -0.03146314 0.02518141 0.005098462 -0.02919232 0.02622461 -3.29916e-4 -0.02699804 0.01867169 0.02719593 -0.03493225 0.01936334 0.03399997 -0.03428804 0.02119088 0.02719593 -0.03346407 0.02314567 0.03399997 -0.03185737 0.02359521 0.02719593 -0.03181445 0.02587169 0.02719593 -0.02999258 0.02592957 0.02038842 -0.03005969 0.02807068 0.02038842 -0.02807068 0.02796643 0.01528167 -0.02796649 0.03015834 0.01528167 -0.02558755 0.02986955 0.01018208 -0.02534246 0.03100365 0.01372331 -0.02441072 0.02999997 0.009855031 -0.02513718 0.02662628 0.03399997 -0.02901124 0.02800798 0.02719593 -0.02800798 0.03027075 0.02038842 -0.0256828 0.03209334 0.01746559 -0.0232675 0.02975976 0.03399997 -0.02578699 0.03020316 0.02719593 -0.02562546 0.03226828 0.02038842 -0.02312314 0.03323721 0.02104216 -0.02171444 0.03219622 0.02719593 -0.02307152 0.03397399 0.02719593 -0.02036333 0.03250527 0.03399997 -0.02222657 0.03440415 0.03009998 -0.01943469 0.03482699 0.03399997 -0.01837635 0.03551626 0.03009998 -0.01731908 0.0366947 0.03399997 -0.01428663 0.03649842 0.03009998 -0.01514005 0.03734701 0.03009998 -0.01290559 0.03808408 0.03399997 -0.0100106 0.03789025 0.0308029 -0.01112401 0.03836017 0.03140562 -0.009286999 0.038751 0.03190326 -0.007398843 0.03897696 0.03399997 -0.005604028 0.03905606 0.03228962 -0.005471825 0.03927123 0.03256106 -0.00351262 0.03936171 0.03399997 -0.001124501 0.03939276 0.03271406 -0.001533627 0.03941893 0.03274691 4.50611e-4 0.03923332 0.03399997 0.003369688 0.03934925 0.03265929 0.002435564 0.0391848 0.03245228 0.004406094 0.03859347 0.03399997 0.00782001 0.03892904 0.03212916 0.006346702 0.03858548 0.03169292 0.008253455 0.03815823 0.03114718 0.01012003 0.03745049 0.03399997 0.0121684 0.03765487 0.03049904 0.01193189 0.03708171 0.0297541 0.01368403 0.03581929 0.03399997 0.01635801 0.03574997 0.02799403 0.01699686 0.03372108 0.03399997 0.02033448 0.03430259 0.02719593 0.01980459 0.0325694 0.02719593 0.02254164 0.03350245 0.02182924 0.02130436 0.0326423 0.02038842 0.02259206 0.03275436 0.01956999 0.02241277 0.03202211 0.01723295 0.02335202 0.03068691 0.02038842 0.02518403 0.03057295 0.01528167 0.02509057 0.02842026 0.01528167 0.02750504 0.03063642 0.01236528 0.02471601 0.02814811 0.01018208 0.0272417 0.02999997 0.009855031 0.02513718 0.02892661 0.007429361 0.02595758 0.02770304 0.005098462 0.026811 0.02791637 0.004912734 0.02654922 0.02700334 0.002321422 0.02689993 0.02541941 0.005098462 0.02898526 0.02486252 3.96418e-5 0.02835023 0.02246254 3.96418e-5 0.03028714 0.02184534 -0.004987657 0.02945494 0.01936519 -0.004987657 0.03114163 0.01874113 -0.009980857 0.03013813 0.01621556 -0.009980857 0.03156888 0.01503044 -0.0198872 0.0292617 0.01258885 -0.0198872 0.03039216 0.01469314 -0.02653396 0.02742755 0.01121848 -0.02653396 0.02902245 0.01006305 -0.0198872 0.03131926 0.007574439 -0.02653396 0.03017926 0.007467806 -0.0198872 0.03203737 0.004826903 -0.0198872 0.0325402 0.008053243 -0.009980857 0.03456425 0.005207479 -0.009980857 0.03510582 0.008319616 -0.004987657 0.03571557 0.005380868 -0.004987657 0.03627479 0.008552849 3.96418e-5 0.03672504 0.00553286 3.96418e-5 0.03729963 0.00874257 0.005098462 0.03754806 0.005656838 0.005098462 0.03813517 0.008881092 0.01018208 0.03815174 0.005747675 0.01018208 0.03874778 0.008965075 0.01528167 0.03852105 0.005803287 0.01528167 0.03912246 0.008996546 0.02038842 0.03866505 0.005824863 0.02038842 0.03926825 0.008973896 0.02719593 0.03857922 0.00581187 0.02719593 0.03918051 0.008918941 0.03399997 0.03835439 0.004488706 0.03399997 0.03912103 0.03118336 0.03399997 0.02404594 0.03061836 0.02719593 0.02512776 0.02852618 0.02038842 0.02760756 0.02607744 0.01528167 0.02973556 0.02582776 0.01018208 0.02945089 0.02333462 0.01018208 0.03146302 0.02296566 0.005098462 0.03096556 0.02035832 0.005098462 0.0327388 0.0199123 3.96418e-5 0.03202152 0.01722884 3.96418e-5 0.03354167 0.01675546 -0.004987657 0.03262007 0.01403367 -0.004987657 0.03388023 0.01358145 -0.009980857 0.03278851 0.0108565 -0.009980857 0.03378868 0.02823907 0.03399997 0.02744376 0.02846246 0.02719593 0.02754592 0.02617466 0.02038842 0.02984642 0.02356022 0.01528167 0.03176724 0.02068537 0.01018208 0.03326475 0.01761478 0.005098462 0.03429293 0.01443016 3.96418e-5 0.03483748 0.01121801 -0.004987657 0.03491377 0.02611619 0.02719593 0.02977979 0.0249266 0.03399997 0.03048396 0.02359521 0.02719593 0.03181445 0.02128922 0.03399997 0.03312659 0.0209164 0.02719593 0.03363621 0.01809763 0.02719593 0.03523302 0.01813811 0.02038842 0.03531193 0.01519173 0.02038842 0.03667604 0.01513534 0.01528167 0.03653991 0.01209861 0.01528167 0.03765451 0.01198279 0.01018208 0.03729391 0.01737427 0.03399997 0.03533756 0.01515781 0.02719593 0.03659415 0.01214373 0.02038842 0.03779482 0.01323288 0.03399997 0.03708767 0.01211661 0.02719593 0.03771042 0.002590596 0.02719593 0.03952443 0.002596378 0.02038842 0.03961288 0 0.01866865 0.03967225 0.002586722 0.01528167 0.03946578 0 0.01483547 0.03952693 0 0.01100665 0.03924942 0.002561926 0.01018208 0.03908789 0 0.007185995 0.03883564 0.002521455 0.005098462 0.03846991 0 0.003377377 0.03828942 0.002466201 3.96418e-5 0.0376271 0 -0.004190623 0.03684747 0.002398431 -0.004987657 0.03659319 0.002321183 -0.009980857 0.03541398 0 -0.01168334 0.03506112 0.002151489 -0.0198872 0.03282582 0 -0.02653396 0.03111517 0.003816008 -0.02653396 0.03088033 0.01737147 -0.0198872 0.0279355 0.01794594 -0.02653396 0.02541851 0.01959627 -0.0198872 0.0264225 0.02092784 -0.02653396 0.02302563 0.02169001 -0.0198872 0.0247327 0.0236386 -0.0198872 0.02287745 0.0251609 -0.0109018 0.02470111 0.02546888 -0.01335459 0.02346622 0.02595651 -0.0156421 0.02200758 0.02542912 -0.0198872 0.02086913 0.02657562 -0.01775312 0.0203427 0.02704954 -0.0198872 0.01872122 0.02727729 -0.01967763 0.01848769 0.02590346 -0.02653396 0.01723849 0.02801352 -0.02140647 0.01645493 0.02782207 -0.02653396 0.01393151 0.02873891 -0.02292847 0.01425766 0.0294122 -0.02423143 0.0119096 0.02932065 -0.02653396 0.01041424 0.02999997 -0.02530193 0.009423971 0.03037655 -0.02653396 0.006739735 0.02359378 -0.02653396 0.02028524 0.02340018 -0.009980857 0.02668273 0.02507752 -0.008336782 0.02568185 0.02523076 -0.005709111 0.02639055 0.02417933 -0.004987657 0.0275712 0.02561962 -0.003023326 0.02683019 0.02622461 -3.29866e-4 0.02699804 0.0313133 0.01482802 0.02412033 0.03425776 0.02399682 0.02002954 0.03501027 0.02605706 0.01859247 0.03440415 0.02440613 -0.01976263 0.02892661 0.007429301 -0.0259577 0.02769863 0.01018208 -0.02769863 0.0258333 0.01528167 -0.02994799 0.02364802 0.02038842 -0.03188574 0.02791631 0.004912614 -0.02654933 0.02726072 0.005098462 -0.02726078 0.02558594 0.01018208 -0.02966129 0.02700328 0.002321243 -0.02690005 0.02318114 -0.009980857 -0.02687346 0.02507752 -0.008337199 -0.02568173 0.02509522 -0.009980857 -0.02509534 0.02516084 -0.01090115 -0.02470159 0.02148693 -0.0198872 -0.02490937 0.0211414 -0.009980857 -0.02850592 0.01959627 -0.0198872 -0.0264225 0.01898705 -0.009980857 -0.02998387 0.0175994 -0.0198872 -0.02779257 0.01672989 -0.009980857 -0.03129947 0.01550716 -0.0198872 -0.02901196 0.014382 -0.009980857 -0.03244543 0.01333093 -0.0198872 -0.03007411 0.01195621 -0.009980857 -0.03341543 0.01108241 -0.0198872 -0.03097331 0.009465634 -0.009980857 -0.03420448 0.008773863 -0.0198872 -0.03170466 0.006431996 -0.0198872 -0.03226137 0.006085455 -0.02653396 -0.03051435 0.02326112 -0.0198872 -0.02326118 0.02546882 -0.01335436 -0.02346634 0.0250886 -0.0198872 -0.0212773 0.02595657 -0.01564216 -0.02200758 0.02657568 -0.0177533 -0.02034258 0.02673959 -0.0198872 -0.01916134 0.02727735 -0.01967769 -0.01848757 0.02561813 -0.02653396 -0.0176599 0.02801352 -0.02140653 -0.01645493 0.02766859 -0.02653396 -0.01423406 0.02873897 -0.02292847 -0.01425778 0.0294122 -0.02423143 -0.01190972 0.02926343 -0.02653396 -0.01057398 0.02999997 -0.02530193 -0.009423971 0.03037655 -0.02653396 -0.006739735 0.02314591 -0.02653396 -0.02079486 0.02029263 -0.02653396 -0.02358746 0.01710522 -0.02653396 -0.02599179 0.01363623 -0.02653396 -0.02796804 0.00994265 -0.02653396 -0.02948403 -0.007993161 -0.0198872 -0.03191041 -0.009692072 -0.02653396 -0.02956736 -0.01031893 -0.0198872 -0.03123593 -0.01258885 -0.0198872 -0.03039216 -0.01358145 -0.009980857 -0.03278851 -0.01595669 -0.009980857 -0.03170061 -0.01648801 -0.004987657 -0.03275609 -0.01885306 -0.004987657 -0.03145444 -0.01938569 3.96418e-5 -0.03234314 -0.02171248 3.96418e-5 -0.03082942 -0.02219879 0.005098462 -0.03151988 -0.02445739 0.005098462 -0.02980148 -0.0248503 0.01018208 -0.03028023 -0.02701056 0.01018208 -0.02837014 -0.02727168 0.01528167 -0.02864444 -0.02930504 0.01528167 -0.02656054 -0.02941423 0.02038842 -0.02665948 -0.01339834 -0.02653396 -0.02808284 -0.01479053 -0.0198872 -0.02938377 -0.01824551 -0.009980857 -0.0304408 -0.02111589 -0.004987657 -0.02998232 -0.0239216 3.96418e-5 -0.02914857 -0.02658349 0.005098462 -0.02792155 -0.02902436 0.01018208 -0.02630627 -0.01691204 -0.0198872 -0.02821612 -0.01688402 -0.02653396 -0.02613604 -0.01894193 -0.0198872 -0.02689552 -0.02009171 -0.02653396 -0.02375888 -0.02086913 -0.0198872 -0.02542912 -0.02268332 -0.0198872 -0.02382504 -0.02447181 -0.009980857 -0.02570354 -0.02629637 -0.009980857 -0.02383375 -0.02717196 -0.004987657 -0.02462732 -0.02296859 -0.02653396 -0.02099061 -0.02437448 -0.0198872 -0.02209186 -0.03031826 -0.02653396 -0.006997346 -0.03209692 -0.0198872 -0.007207632 -0.03510588 -0.009980857 -0.005207538 -0.03657239 -0.004987657 -0.002697825 -0.03770786 3.96418e-5 0 -0.03842347 0.005098462 0.003150463 -0.0386486 0.01018208 0.006380915 -0.03836524 0.01528167 0.009609937 -0.03759115 0.02038842 0.0127604 -0.0325402 -0.0198872 -0.004826903 -0.03096467 -0.02653396 -0.003057599 -0.03280711 -0.0198872 -0.002420067 -0.03289622 -0.0198872 0 -0.03549003 -0.009980857 0 -0.03537136 -0.009980857 0.002900242 -0.03654909 -0.004987657 0.002996802 -0.03618192 -0.004987657 0.005973577 -0.0372042 3.96418e-5 0.006142377 -0.03657776 3.96418e-5 0.009162187 -0.03739708 0.005098462 0.009367465 -0.03650647 0.005098462 0.01239228 -0.03709298 0.01018208 0.01259136 -0.03593993 0.01018208 0.01558053 -0.03628736 0.01528167 0.01573109 -0.03488045 0.01528167 0.01864397 -0.03501045 0.02038842 0.01871347 -0.03110128 -0.02653396 9.32574e-4 -0.03278619 -0.0198872 0.002688288 -0.035016 -0.009980857 0.005781173 -0.03557276 -0.004987657 0.008910417 -0.03570669 3.96418e-5 0.01212072 -0.03537166 0.005098462 0.01533412 -0.03454643 0.01018208 0.01846539 -0.03072583 -0.02653396 0.004907369 -0.03245687 -0.0198872 0.005358576 -0.03442645 -0.009980857 0.008623361 -0.0347256 -0.004987657 0.01178765 -0.03459674 3.96418e-5 0.01499819 -0.03400021 0.005098462 0.01817345 -0.03191041 -0.0198872 0.007993102 -0.02984446 -0.02653396 0.00880146 -0.03115046 -0.0198872 0.0105741 -0.02847176 -0.02653396 0.01255047 -0.03018212 -0.0198872 0.01308441 -0.0290119 -0.0198872 0.0155071 -0.03129941 -0.009980857 0.01672983 -0.02663034 -0.02653396 0.01609301 -0.02045029 -0.0198872 0.0257672 -0.01863193 -0.02653396 0.02491998 -0.01827615 -0.0198872 0.02735221 -0.01528757 -0.02653396 0.02710068 -0.01597976 -0.0198872 0.02875423 -0.0135765 -0.0198872 0.02996397 -0.014647 -0.009980857 0.03232657 -0.01195621 -0.009980857 0.03341543 -0.01235431 -0.004987657 0.03452801 -0.009491324 -0.004987657 0.0354222 -0.009759485 3.96418e-5 0.03642296 -0.006750345 3.96418e-5 0.03709864 -0.006901562 0.005098462 0.03792965 -0.003778815 0.005098462 0.03836679 -0.003839492 0.01018208 0.0389831 -6.40929e-4 0.01018208 0.03916656 -6.47128e-4 0.01528167 0.03954517 -0.01169151 -0.02653396 0.02883517 -0.01108241 -0.0198872 0.03097319 -0.009185492 -0.009980857 0.03428065 -0.006564855 -0.004987657 0.03607928 -0.003696024 3.96418e-5 0.03752624 -6.30796e-4 0.005098462 0.03854727 -0.007902979 -0.02653396 0.03009486 -0.008514165 -0.0198872 0.03177523 -0.006353318 -0.009980857 0.03491663 -0.003594458 -0.004987657 0.03649508 -6.16968e-4 3.96418e-5 0.03770279 -0.005888998 -0.0198872 0.03236484 -0.003984272 -0.02653396 0.03085911 -0.003224372 -0.0198872 0.03273785 -5.3823e-4 -0.0198872 0.03289175 -5.80668e-4 -0.009980857 0.03548526 -6.0004e-4 -0.004987657 0.03666675 -6.49512e-4 0.02038842 0.03969252 -0.003876626 0.01528167 0.03936004 -0.00389105 0.02038842 0.03950667 -0.007080197 0.01528167 0.03891158 -0.03959035 0.02038842 -0.002920389 -0.03912246 0.01528167 -0.005803346 -0.03821998 0.01018208 -0.008582592 -0.03689241 0.005098462 -0.01119124 -0.03518116 3.96418e-5 -0.0135709 -0.03315085 -0.004987657 -0.01567924 -0.03087943 -0.009980857 -0.017493 -0.03667175 -0.004987657 0 -0.03758174 3.96418e-5 0.00308144 -0.03539389 -0.009980857 -0.002610802 -0.003478646 -0.009980857 0.03531908 -0.007012426 0.01018208 0.03853893 -0.01013839 0.01018208 0.03783702 -0.009978115 0.005098462 0.03723871 -0.01270341 3.96418e-5 0.0355035 -0.01513469 -0.004987657 0.03340291 -0.01723974 -0.009980857 0.03102147 -0.01298791 0.005098462 0.03629875 -0.01556229 3.96418e-5 0.03434669 -0.0178138 -0.004987657 0.03205442 -0.01971721 -0.009980857 0.02950882 -0.01928377 0.02038842 0.03469955 -0.02197307 0.01528167 0.03288507 -0.02435153 0.01018208 0.03068268 -0.02635413 0.005098462 0.02813804 -0.02793967 3.96418e-5 0.02532303 -0.02205497 0.02038842 0.03300762 -0.02467864 0.02038842 0.03109478 -0.02458703 0.01528167 0.03097939 -0.02677756 0.01018208 0.02859008 -0.02856546 0.005098462 0.02589023 -0.02703642 0.01528167 0.02886641 -0.02902436 0.01018208 0.02630615 -0.03642261 0.02038842 0.01578974 -0.03745156 0.01528167 0.01271307 -0.03799784 0.01018208 0.009517908 -0.03803753 0.005098462 0.006279945 -0.03325533 3.96418e-5 0.01777529 -0.03234159 -0.004987657 0.01728689 -0.0336461 -0.004987657 0.01458609 -0.03256189 -0.009980857 0.01411604 -0.03360658 -0.009980857 0.01140785 -0.03926825 0.02038842 -0.005824923 -0.03858953 0.01528167 -0.008665561 -0.03748506 0.01018208 -0.01137101 -0.03596913 0.005098462 -0.01387488 -0.03408747 3.96418e-5 -0.01612222 -0.03190761 -0.004987657 -0.01807546 -0.03454065 0.02038842 -0.01956713 -0.02856546 0.005098462 -0.02589023 -0.02793967 3.96418e-5 -0.02532303 -0.02737331 0.02038842 -0.02875113 -0.02509057 0.01528167 -0.03057301 -0.02255547 0.01018208 -0.03202629 -0.01981991 0.005098462 -0.03306758 -0.01695388 3.96418e-5 -0.03368163 -0.01403367 -0.004987657 -0.03388035 -0.01113259 -0.009980857 -0.03369879 -0.02600109 3.96418e-5 -0.02730989 -0.02528667 -0.004987657 -0.02655947 -0.02326428 -0.004987657 -0.02834773 -0.02251464 -0.009980857 -0.02743422 -0.02043545 -0.009980857 -0.02901613 -0.01784861 0.02038842 -0.03545916 -0.01513534 0.01528167 -0.03653991 -0.01228749 0.01018208 -0.03719472 -0.009367465 0.005098462 -0.03739714 -0.006439208 3.96418e-5 -0.03715407 -0.003594458 -0.004987657 -0.0364952 -8.70943e-4 -0.009980857 -0.03547942 -0.01519173 0.02038842 -0.03667616 -0.01240628 0.01528167 -0.03755438 -0.009517967 0.01018208 -0.03799796 -0.006582021 0.005098462 -0.03798651 -0.003696024 3.96418e-5 -0.03752636 -8.99971e-4 -0.004987657 -0.03666079 -9.74238e-4 0.02038842 -0.03968596 0.007748961 0.02038842 -0.03893435 0.007721781 0.01528167 -0.03878951 0.007649421 0.01018208 -0.03841769 0.007530093 0.005098462 -0.03780996 0.007366657 3.96418e-5 -0.03698134 0.007165729 -0.004987657 -0.03596484 0.006936252 -0.009980857 -0.03480565 0.01058793 0.02038842 -0.03825998 0.01054865 0.01528167 -0.03811788 0.01044762 0.01018208 -0.03775286 0.01028239 0.005098462 -0.03715598 0.01005715 3.96418e-5 -0.0363419 0.009780824 -0.004987657 -0.0353434 0.01332414 0.01528167 -0.03723859 0.01319658 0.01018208 -0.03688204 0.01587402 0.01018208 -0.0358113 0.01298791 0.005098462 -0.03629887 0.01562303 0.005098462 -0.03524506 0.01817351 0.005098462 -0.03400027 0.01270335 3.96418e-5 -0.03550362 0.01528078 3.96418e-5 -0.03447294 0.01777535 3.96418e-5 -0.03325533 0.0201736 3.96418e-5 -0.0318576 0.01235431 -0.004987657 -0.03452813 0.01486092 -0.004987657 -0.0335257 0.01728695 -0.004987657 -0.03234159 0.01961928 -0.004987657 -0.03098225 0.02184534 -0.004987657 -0.02945506 0.02123826 0.02038842 -0.03353893 0.02356022 0.01528167 -0.03176736 0.02364802 0.02038842 0.03188562 0.02088534 0.01528167 0.03358638 0.01789772 0.01018208 0.03484392 0.0147534 0.005098462 0.03561782 0.01153492 3.96418e-5 0.03590023 0.0211414 -0.009980857 0.0285058 0.02096319 0.02038842 0.03371155 0.01807081 0.01528167 0.0351808 0.01499038 0.01018208 0.03619003 0.01179331 0.005098462 0.0367043 0.03574997 -0.03171914 0.008152008 0.03574997 -0.03047472 0.01199388 0.02999997 -0.02383732 0.01267981 0.03574997 -0.02876687 0.01565337 0.02999997 -0.02195596 0.01571404 0.03574997 -0.02662163 0.01907479 0.03574997 -0.02407163 0.02220618 0.02999997 -0.02654641 0.004928231 0.03574997 -0.03248131 0.004186153 0.02999997 -0.02694946 0.001650929 0.03574997 -0.03274959 1.5676e-4 0.02999997 -0.02694946 -0.001651048 0.03574997 -0.03251993 -0.003875136 0.02999997 -0.02654641 -0.00492835 0.03574997 -0.03179574 -0.007848024 0.03574997 -0.03058815 -0.01170158 0.02999997 -0.02383732 -0.01267993 0.03574997 -0.0289154 -0.01537728 0.03574997 -0.02680301 -0.01881909 0.02999997 -0.02195596 -0.01571416 0.03574997 -0.02428311 -0.0219748 0.02999997 -0.01969075 -0.01847362 0.03574997 -0.02139395 -0.02479636 0.02999997 -0.01708126 -0.02091014 0.03574997 -0.01817947 -0.02724099 0.02999997 -0.01417309 -0.02298092 0.03574997 -0.01468861 -0.02927124 0.02999997 -0.01101714 -0.02465009 0.03574997 -0.0109744 -0.0308566 0.02999997 -0.007668554 -0.02588808 0.03574997 -0.00709331 -0.03197264 0.02999997 -0.004185855 -0.02667355 0.03574997 -0.003104329 -0.03260254 0.02999997 -6.30031e-4 -0.02699267 0.03574997 9.31763e-4 -0.03273677 0.02999997 0.00293684 -0.02683985 0.03574997 0.004953742 -0.03237318 0.02999997 0.006452322 -0.02621769 0.03574997 0.008900344 -0.03151738 0.03574997 0.0127117 -0.03018236 0.03574997 0.01632976 -0.0283885 0.03574997 0.01969951 -0.02616286 0.03539174 0.01967316 -0.02573311 0.03509771 0.01976549 -0.02529013 0.03467088 0.02023833 -0.02436089 0.03446459 0.02088689 -0.02353155 0.03440415 0.02164852 -0.02275002 0.03440415 0.02261042 -0.02179419 0.03440415 0.02353024 -0.02079784 0.02999997 -0.01969075 0.0184735 0.03574997 -0.02115559 0.02499997 0.02999997 -0.01708126 0.02091002 0.03574997 -0.01791787 0.02741372 0.02999997 -0.01417309 0.02298092 0.03574997 -0.01440769 0.02941048 0.02999997 -0.01101714 0.02464997 0.03574997 -0.01067847 0.03096008 0.02999997 -0.007668554 0.02588808 0.03574997 -0.006786882 0.03203904 0.02999997 -0.004185855 0.02667355 0.03574997 -0.00279206 0.03263068 0.02999997 -6.30031e-4 0.02699255 0.03574997 0.001245081 0.03272628 0.02999997 0.00293684 0.02683973 0.03574997 0.005263447 0.03232419 0.02999997 0.006452322 0.02621769 0.03574997 0.009201705 0.03143072 0.03574997 0.01300007 0.03005921 0.03574997 0.01660078 0.02823066 0.03574997 0.01994907 0.02597296 0.03574997 0.02299404 0.02332031 0.03574997 0.02568936 0.02031302 -0.001448988 -0.02657085 0.02896368 0.002382814 -0.02657085 0.02890193 0.006173014 -0.02657085 0.02833533 0.009855389 -0.02657085 0.02727401 0.01336568 -0.02657085 0.02573633 0.01664251 -0.02657085 0.02374923 0.01962876 -0.02657085 0.02134728 0.02227222 -0.02657085 0.01857268 0.02452677 -0.02657085 0.01547372 0.02635294 -0.02657085 0.01210451 0.02771896 -0.02657085 0.008523941 0.02860093 -0.02657085 0.004794478 0.02906721 -0.02656269 0.004839539 -0.00525546 -0.02657085 0.02851974 -0.008970201 -0.02657085 0.02757775 -0.01252824 -0.02657085 0.02615416 -0.01586753 -0.02657085 0.02427387 -0.01892971 -0.02657085 0.02196955 -0.02166134 -0.02657085 0.01928174 -0.02401471 -0.02657085 0.01625716 -0.02594864 -0.02657085 0.01294863 -0.02742946 -0.02657085 0.009413957 -0.02843129 -0.02657085 0.005714893 -0.02893662 -0.02657085 0.00191605 -0.02893662 -0.02657085 -0.00191617 -0.02843129 -0.02657085 -0.005715012 -0.02742946 -0.02657085 -0.009414076 -0.02594864 -0.02657085 -0.01294863 -0.02401471 -0.02657085 -0.01625716 -0.02166134 -0.02657085 -0.01928186 -0.01892971 -0.02657085 -0.02196967 -0.01586753 -0.02657085 -0.02427387 -0.01252824 -0.02657085 -0.02615427 -0.008970201 -0.02657085 -0.02757787 -0.00525546 -0.02657085 -0.02851986 -0.001448988 -0.02657085 -0.0289638 0.002382814 -0.02657085 -0.02890193 0.006173014 -0.02657085 -0.02833545 0.009855389 -0.02657085 -0.02727401 0.01336568 -0.02657085 -0.02573633 0.01664251 -0.02657085 -0.02374923 0.01962876 -0.02657085 -0.0213474 0.02227222 -0.02657085 -0.0185728 0.02452677 -0.02657085 -0.01547384 0.02635294 -0.02657085 -0.01210463 0.02771896 -0.02657085 -0.00852406 0.02860093 -0.02657085 -0.004794597 0.02953356 -0.02655452 -0.004884123 0.02906721 -0.02656269 -0.004839658 0.02953356 -0.02655452 0.004884123 0.02889984 -0.02689242 -0.002401828 0.02899998 -0.02699995 0 0.02889984 -0.02689242 0.002401709 0 0.03399997 0.02899992 0.003785252 0.03399997 0.02875185 0.007505774 0.03399997 0.02801179 0.01109778 0.03399997 0.0267924 0.01450002 0.03399997 0.02511465 0.01765406 0.03399997 0.02300715 0.02050608 0.03399997 0.02050602 0.02300727 0.03399997 0.01765406 0.02511471 0.03399997 0.0144999 0.02679252 0.03399997 0.01109778 0.02801185 0.03399997 0.007505655 0.0287519 0.03399997 0.003785252 0.02899998 0.03399997 0 0.0287519 0.03399997 -0.003785252 0.02801185 0.03399997 -0.007505774 0.02679252 0.03399997 -0.0110979 0.02511471 0.03399997 -0.01450002 0.02300727 0.03399997 -0.01765418 0.02050608 0.03399997 -0.02050614 0.01765406 0.03399997 -0.02300727 0.01450002 0.03399997 -0.02511477 0.01109778 0.03399997 -0.02679252 0.007505774 0.03399997 -0.02801191 0.003785252 0.03399997 -0.02875196 0 0.03399997 -0.02900004 -0.003785252 0.03399997 -0.02875196 -0.007505774 0.03399997 -0.02801191 -0.01109784 0.03399997 -0.02679252 -0.01450002 0.03399997 -0.02511477 -0.01765406 0.03399997 -0.02300727 -0.02050608 0.03399997 -0.02050614 -0.02300727 0.03399997 -0.01765418 -0.02511471 0.03399997 -0.01450002 -0.02679252 0.03399997 -0.0110979 -0.02801185 0.03399997 -0.007505774 -0.0287519 0.03399997 -0.003785252 -0.02899998 0.03399997 0 -0.0287519 0.03399997 0.003785252 -0.02801185 0.03399997 0.007505655 -0.02679252 0.03399997 0.01109778 -0.02511471 0.03399997 0.0144999 -0.02300727 0.03399997 0.01765406 -0.02050608 0.03399997 0.02050602 -0.01765406 0.03399997 0.02300715 -0.01450002 0.03399997 0.02511465 -0.01109784 0.03399997 0.0267924 -0.007505774 0.03399997 0.02801179 -0.003785252 0.03399997 0.02875185 0.04329997 0.0326873 0.002025365 0.07649999 0.03269439 0.001906871 0.03970843 0.0327019 0.001774191 0.04329997 0.0326389 0.002694845 0.04329997 0.03257679 0.003363251 0.04329997 0.03250104 0.004030227 0.03970843 0.0325312 0.003779053 0.07649999 0.03219968 0.005978226 0.03970843 0.03260177 0.003111958 0.03970843 0.03265869 0.002443671 0.07649999 0.03111129 -0.01022982 0.07649999 0.02958881 -0.01403796 0.07649999 0.03214591 -0.00626111 0.07649999 0.03267639 -0.002194285 0.07649999 0.03119999 0.009955883 0.07649999 0.02971106 0.01377725 0.07649999 0.02775609 0.01738274 0.07649999 0.02536588 0.02071547 0.07649999 0.02257788 0.02372336 0.07649999 0.01943576 0.0263592 0.07649999 0.01598888 0.02858173 0.07649999 0.01229125 0.03035593 0.07649999 0.008400797 0.03165411 0.07649999 0.004378676 0.03245592 0.07649999 2.87868e-4 0.03274869 0.07636213 1.5e-4 0.03274965 0.07632094 9.18937e-5 0.03274977 0.07630127 2.34268e-5 0.03274989 0.07630544 -4.76804e-5 0.03274989 0.07633292 -1.13476e-4 0.03274977 0.07636213 -1.5e-4 0.03274965 0.07649999 -2.87868e-4 0.03274869 0.07649999 -0.004378676 0.03245592 0.07649999 -0.008400797 0.03165411 0.07649999 -0.01229125 0.03035593 0.07649999 -0.01598888 0.02858173 0.07649999 -0.01943576 0.0263592 0.07649999 -0.02257788 0.02372336 0.07649999 -0.02536588 0.02071547 0.07649999 -0.02775609 0.01738274 0.07649999 -0.02971106 0.01377725 0.07649999 -0.03119999 0.009955883 0.07649999 -0.03219968 0.005978226 0.07649999 -0.03269439 0.001906871 0.07649999 -0.03267639 -0.002194285 0.07649999 -0.03214591 -0.00626111 0.07649999 -0.03111129 -0.01022982 0.07649999 -0.02958881 -0.01403796 0.07649999 -0.02760225 -0.01762604 0.07649999 -0.02518284 -0.02093768 0.07649999 -0.02236849 -0.02392101 0.07649999 -0.01920336 -0.02652919 0.07649999 -0.01573705 -0.02872121 0.07649999 -0.01202392 -0.03046298 0.07649999 -0.008122265 -0.03172683 0.07649999 -0.004093229 -0.03249323 0.07649999 0 -0.03275001 0.07649999 0.004093229 -0.03249323 0.07649999 0.008122265 -0.03172683 0.07649999 0.01202392 -0.03046298 0.07649999 0.01573705 -0.02872121 0.03965175 0.01740235 -0.02774393 0.0390352 0.01741433 -0.02773642 0.03843724 0.01754218 -0.0276556 0.03734689 0.01807993 -0.02730703 0.03644722 0.01884937 -0.02678155 0.07649999 0.01920336 -0.02652919 0.04082775 0.01771849 -0.02754306 0.0418474 0.01837098 -0.02711176 0.04265928 0.01918095 -0.02654528 0.07649999 0.02236849 -0.02392101 0.07649999 0.02518284 -0.02093768 0.07649999 0.02760225 -0.01762604 0.03440415 0.03009998 -0.02275002 0.04216647 0.03009998 -0.02691769 0.04077297 0.03009998 -0.02755904 0.03925061 0.03009998 -0.02774763 0.03774273 0.03009998 -0.02746593 0.03639119 0.03009998 -0.02674031 0.03532326 0.03009998 -0.02563905 0.03463947 0.03009998 -0.02426588 -0.003785252 -0.03949999 0.02875185 -0.003785252 -0.03949999 -0.02875196 0 -0.03949999 0.02899992 0 -0.03949999 -0.02900004 0.003785252 -0.03949999 0.02875185 0.003785252 -0.03949999 -0.02875196 0.007505774 -0.03949999 0.02801179 0.007505774 -0.03949999 -0.02801191 0.01109778 -0.03949999 0.0267924 0.01109778 -0.03949999 -0.02679252 0.01450002 -0.03949999 0.02511465 0.01450002 -0.03949999 -0.02511477 0.01765406 -0.03949999 0.02300715 0.01765406 -0.03949999 -0.02300727 0.02050608 -0.03949999 0.02050602 0.02050608 -0.03949999 -0.02050614 0.02300727 -0.03949999 0.01765406 0.02300727 -0.03949999 -0.01765418 0.02511471 -0.03949999 0.0144999 0.02511471 -0.03949999 -0.01450002 0.02679252 -0.03949999 0.01109778 0.02679252 -0.03949999 -0.0110979 0.02801185 -0.03949999 0.007505655 0.02801185 -0.03949999 -0.007505774 0.0287519 -0.03949999 0.003785252 0.0287519 -0.03949999 -0.003785252 0.02899998 -0.03949999 0 -0.007505774 -0.03949999 -0.02801191 -0.007505774 -0.03949999 0.02801179 -0.01109784 -0.03949999 -0.02679252 -0.01109784 -0.03949999 0.0267924 -0.01450002 -0.03949999 -0.02511477 -0.01450002 -0.03949999 0.02511465 -0.01765406 -0.03949999 -0.02300727 -0.01765406 -0.03949999 0.02300715 -0.02050608 -0.03949999 -0.02050614 -0.02050608 -0.03949999 0.02050602 -0.02300727 -0.03949999 -0.01765418 -0.02300727 -0.03949999 0.01765406 -0.02511471 -0.03949999 -0.01450002 -0.02511471 -0.03949999 0.0144999 -0.02679252 -0.03949999 -0.0110979 -0.02679252 -0.03949999 0.01109778 -0.02801185 -0.03949999 -0.007505774 -0.02801185 -0.03949999 0.007505655 -0.0287519 -0.03949999 -0.003785252 -0.0287519 -0.03949999 0.003785252 -0.02899998 -0.03949999 0 -0.003785252 0.03899997 -0.02875196 -0.003785252 0.03899997 0.02875185 0 0.03899997 -0.02900004 0 0.03899997 0.02899992 0.003785252 0.03899997 -0.02875196 0.003785252 0.03899997 0.02875185 0.007505774 0.03899997 -0.02801191 0.007505774 0.03899997 0.02801179 0.01109778 0.03899997 -0.02679252 0.01109778 0.03899997 0.0267924 0.01450002 0.03899997 -0.02511477 0.01450002 0.03899997 0.02511465 0.01765406 0.03899997 -0.02300727 0.01765406 0.03899997 0.02300715 0.02050608 0.03899997 -0.02050614 0.02050608 0.03899997 0.02050602 0.02300727 0.03899997 -0.01765418 0.02300727 0.03899997 0.01765406 0.02511471 0.03899997 -0.01450002 0.02511471 0.03899997 0.0144999 0.02679252 0.03899997 -0.0110979 0.02679252 0.03899997 0.01109778 0.02801185 0.03899997 -0.007505774 0.02801185 0.03899997 0.007505655 0.0287519 0.03899997 -0.003785252 0.0287519 0.03899997 0.003785252 0.02899998 0.03899997 0 -0.007505774 0.03899997 0.02801179 -0.007505774 0.03899997 -0.02801191 -0.01109784 0.03899997 0.0267924 -0.01109784 0.03899997 -0.02679252 -0.01450002 0.03899997 0.02511465 -0.01450002 0.03899997 -0.02511477 -0.01765406 0.03899997 0.02300715 -0.01765406 0.03899997 -0.02300727 -0.02050608 0.03899997 0.02050602 -0.02050608 0.03899997 -0.02050614 -0.02300727 0.03899997 0.01765406 -0.02300727 0.03899997 -0.01765418 -0.02511471 0.03899997 0.0144999 -0.02511471 0.03899997 -0.01450002 -0.02679252 0.03899997 0.01109778 -0.02679252 0.03899997 -0.0110979 -0.02801185 0.03899997 0.007505655 -0.02801185 0.03899997 -0.007505774 -0.0287519 0.03899997 0.003785252 -0.0287519 0.03899997 -0.003785252 -0.02899998 0.03899997 0 0.04329997 0.03099995 0.002025365 0.04329997 0.03099995 0.004030227 0.03970843 0.03099995 0.001774191 0.03970843 0.03099995 0.003779053 0.07649999 -2.87868e-4 0.02999997 0.07649999 -0.002485275 0.02999997 0.07649999 -0.005212485 0.02453279 0.07649999 -0.005212485 0.023 0.07649999 -0.009509444 0.01759457 0.07649999 -0.006577849 0.01888728 0.07649999 -0.01219695 0.0158503 0.07649999 -0.01457148 0.01369929 0.07649999 -0.01657205 0.01119661 0.07649999 -0.01814734 0.008406758 0.07649999 -0.01925688 0.005401015 0.07649999 -0.01987224 0.002256751 0.07649999 -0.01997762 -9.45449e-4 0.07649999 -0.01957029 -0.004123449 0.07649999 -0.01866072 -0.007195591 0.07649999 -0.01727229 -0.01008307 0.07649999 -0.01544058 -0.01271176 0.07649999 -0.01321262 -0.01501417 0.07649999 -0.01064556 -0.01693141 0.07649999 -0.007805347 -0.01841402 0.07649999 -0.004764795 -0.0194242 0.07649999 -0.001601934 -0.01993572 0.07649999 0.001601934 -0.01993572 0.07649999 0.004764795 -0.0194242 0.07649999 0.007805347 -0.01841402 0.07649999 0.01064556 -0.01693141 0.07649999 0.01321262 -0.01501417 0.07649999 0.01544058 -0.01271176 0.07649999 0.01727229 -0.01008307 0.07649999 0.01866072 -0.007195591 0.07649999 0.01957029 -0.004123449 0.07649999 0.01997762 -9.45449e-4 0.07649999 0.01987224 0.002256751 0.07649999 0.01925688 0.005401015 0.07649999 0.01814734 0.008406758 0.07649999 0.01801043 0.01793146 0.07649999 0.01738697 0.0165311 0.07649999 0.01657205 0.01119661 0.07649999 0.01457148 0.01369929 0.07649999 0.01598662 0.01715457 0.07649999 0.01219695 0.0158503 0.07649999 0.01350086 0.01831448 0.07649999 0.01248699 0.01856267 0.07649999 0.0172137 0.02322149 0.07649999 0.01620906 0.0210247 0.07649999 0.0160802 0.02199888 0.07649999 0.01561456 0.02280604 0.07649999 0.01578974 0.02367615 0.07649999 0.01487416 0.02333557 0.07649999 0.01586169 0.02407932 0.07649999 0.01580643 0.0244081 0.07649999 0.01731193 0.02411389 0.07649999 0.01712083 0.0248847 0.07649999 0.01665794 0.02550923 0.07649999 0.01594835 0.02596461 0.07649999 0.01535832 0.02616071 0.07649999 0.01477432 0.02622115 0.07649999 0.01419609 0.02614605 0.07649999 0.01362347 0.02593553 0.07649999 0.01306998 0.02556705 0.07649999 0.01254707 0.02501666 0.07649999 0.007793188 0.02439558 0.07649999 0.01205444 0.02428436 0.07649999 0.01159185 0.0233699 0.07649999 0.007793188 0.023 0.07649999 0.0112307 0.022439 0.07649999 0.01101994 0.02160608 0.07649999 0.01095938 0.02087104 0.07649999 0.005713939 0.02089834 0.07649999 0.006577849 0.01888728 0.07649999 0.004279255 0.02089834 0.07649999 0.003477454 0.01969528 0.07649999 0.002199947 0.023 0.07649999 2.87868e-4 0.01999783 0.07649999 2.87868e-4 0.02469491 0.07649999 0.002199947 0.02439558 0.07649999 0.002485275 0.02999997 0.07649999 0.004279255 0.02649116 0.07649999 0.005713939 0.02649116 0.07649999 2.87868e-4 0.02999997 0.07649999 0.01104891 0.02023339 0.07649999 0.009509444 0.01759457 0.07649999 0.01157426 0.01922714 0.07649999 0.01198196 0.01885211 0.07649999 -0.003477454 0.01969528 0.07649999 -0.002199947 0.023 0.07649999 -2.87868e-4 0.01999783 0.07649999 -2.87868e-4 0.02469491 0.07649999 -0.002199947 0.02453279 0.07649999 0.005713939 0.02439558 0.07649999 0.005713939 0.023 0.07649999 0.004279255 0.023 0.07649999 0.004279255 0.02439558 0.07649999 0.01661008 0.01855492 0.07649999 0.01532393 0.0190587 0.07649999 0.01447933 0.01848876 0.07649999 0.01593905 0.01999628 0.07649999 0.01563197 0.02466523 0.07649999 0.01535147 0.02485036 0.07649999 0.01489788 0.02493298 0.07649999 0.01442444 0.02478587 0.07649999 0.01389944 0.02428197 0.07649999 0.01409178 0.02349913 0.07649999 0.01329821 0.02329802 0.07636213 1.5e-4 0.02999997 0.07636213 1.5e-4 0.02436208 0.07636213 1.5e-4 0.01999938 0.07632839 -1.06066e-4 0.02999997 0.07630723 -5.49038e-5 0.03137493 0.07636213 -1.5e-4 0.02999997 0.07630723 -5.49038e-5 0.02999997 0.07630002 0 0.02999997 0.07630723 5.49038e-5 0.03137493 0.07630723 5.49038e-5 0.02999997 0.07632839 1.06066e-4 0.02999997 0.07630002 0 0.02399992 0.07630723 5.49038e-5 0.02218079 0.07632094 9.1894e-5 0.01999974 0.07630723 -5.49038e-5 0.02218079 0.07636213 -1.5e-4 0.02436208 0.07636213 -1.5e-4 0.01999938 0.07633292 -1.13473e-4 0.01999962 0.07630544 -4.76789e-5 0.01999986 0.07630127 2.3427e-5 0.01999998 0.07630002 0.002485275 0.02999997 0.07630002 -0.002485275 0.02999997 0.07639998 -0.002199947 0.023 0.07639998 -0.005212485 0.023 0.07639998 -0.002199947 0.02453279 0.07639998 -0.005212485 0.02453279 0.07649999 0.01252084 0.02038455 0.07649999 0.01248568 0.02093958 0.07639998 0.01252084 0.02038455 0.07639998 0.01248568 0.02093958 0.07649999 0.01267623 0.0215789 0.07639998 0.01267623 0.0215789 0.07649999 0.01298791 0.02209091 0.07639998 0.01298791 0.02209091 0.07649999 0.01337099 0.02238965 0.07639998 0.01337099 0.02238965 0.07649999 0.01385754 0.01970875 0.07649999 0.01346427 0.01961171 0.07639998 0.01385754 0.01970875 0.07639998 0.01346427 0.01961171 0.07649999 0.01307392 0.01969468 0.07639998 0.01307392 0.01969468 0.07649999 0.01273375 0.01995706 0.07639998 0.01273375 0.01995706 0.07649999 0.01474601 0.02175951 0.07649999 0.0147649 0.02124035 0.07639998 0.01474601 0.02175951 0.07639998 0.0147649 0.02124035 0.07649999 0.01456004 0.02059221 0.07639998 0.01456004 0.02059221 0.07649999 0.01422995 0.02002429 0.07639998 0.01422995 0.02002429 0.07639998 0.0172137 0.02322149 0.07639998 0.01731193 0.02411389 0.07639998 0.01712083 0.0248847 0.07639998 0.01578974 0.02367615 0.07639998 0.01580643 0.0244081 0.07639998 0.01586169 0.02407932 0.07639998 0.01329821 0.02329802 0.07639998 0.01389944 0.02428197 0.07639998 0.01442444 0.02478587 0.07639998 0.01489788 0.02493298 0.07639998 0.01535147 0.02485036 0.07639998 0.01563197 0.02466523 0.07639998 0.01447933 0.01848876 0.07639998 0.01532393 0.0190587 0.07639998 0.01593905 0.01999628 0.07639998 0.01620906 0.0210247 0.07639998 0.0160802 0.02199888 0.07639998 0.01561456 0.02280604 0.07639998 0.01487416 0.02333557 0.07639998 0.01409178 0.02349913 0.07639998 0.01104891 0.02023339 0.07639998 0.01157426 0.01922714 0.07639998 0.01198196 0.01885211 0.07639998 0.01248699 0.01856267 0.07639998 0.01350086 0.01831448 0.07639998 0.01665794 0.02550923 0.07639998 0.01594835 0.02596461 0.07639998 0.01535832 0.02616071 0.07639998 0.01477432 0.02622115 0.07639998 0.01419609 0.02614605 0.07639998 0.01362347 0.02593553 0.07639998 0.01306998 0.02556705 0.07639998 0.01254707 0.02501666 0.07639998 0.01205444 0.02428436 0.07639998 0.01159185 0.0233699 0.07639998 0.0112307 0.022439 0.07639998 0.01101994 0.02160608 0.07639998 0.01095938 0.02087104 0.07649999 0.01378786 0.02248823 0.07639998 0.01378786 0.02248823 0.07649999 0.01419597 0.02240097 0.07639998 0.01419597 0.02240097 0.07649999 0.01454216 0.02214765 0.07639998 0.01454216 0.02214765 0.07639998 0.007793188 0.02439558 0.07639998 0.007793188 0.023 0.07639998 0.005713939 0.02439558 0.07639998 0.005713939 0.02649116 0.07639998 0.004279255 0.02649116 0.07639998 0.004279255 0.02439558 0.07639998 0.002199947 0.02439558 0.07639998 0.002199947 0.023 0.07639998 0.004279255 0.023 0.07639998 0.004279255 0.02089834 0.07639998 0.005713939 0.02089834 0.07639998 0.005713939 0.023 0.07639998 0.01598662 0.01715457 0.07639998 0.01738697 0.0165311 0.07639998 0.01661008 0.01855492 0.07639998 0.01801043 0.01793146 0.0665 -0.00999999 0.01732051 0.0665 0.004158198 -0.01956295 0.0665 -0.007167339 0.01867151 0.0665 0.007167339 -0.01867163 0.0665 -0.004158198 0.01956295 0.0665 0.00999999 -0.01732051 0.0665 -0.001046717 0.01997256 0.0665 0.01258635 -0.01554298 0.0665 0.002090513 0.01989042 0.0665 0.01486289 -0.01338267 0.0665 0.005176365 0.01931846 0.0665 0.0167734 -0.01089286 0.0665 0.008134722 0.01827085 0.0665 0.0182709 -0.008134722 0.0665 0.01089274 0.01677334 0.0665 0.01931852 -0.005176424 0.0665 0.01338261 0.01486289 0.0665 0.01989042 -0.002090573 0.0665 0.01554286 0.01258635 0.0665 0.01997256 0.001046657 0.0665 0.01732051 0.00999999 0.0665 0.0195629 0.004158139 0.0665 0.01867157 0.007167339 0.0665 0.001046717 -0.01997268 0.0665 -0.01258635 0.01554286 0.0665 -0.002090513 -0.01989042 0.0665 -0.01486289 0.01338255 0.0665 -0.005176365 -0.01931858 0.0665 -0.0167734 0.01089274 0.0665 -0.008134722 -0.01827096 0.0665 -0.0182709 0.008134722 0.0665 -0.01089274 -0.01677346 0.0665 -0.01931852 0.005176305 0.0665 -0.01338261 -0.01486289 0.0665 -0.01989042 0.002090573 0.0665 -0.01554286 -0.01258647 0.0665 -0.01997256 -0.001046776 0.0665 -0.01732051 -0.00999999 0.0665 -0.0195629 -0.004158258 0.0665 -0.01867157 -0.007167458</float_array>
          <technique_common>
            <accessor source="#Link_5-mesh-positions-array" count="1361" stride="3">
              <param name="X" type="float"/>
              <param name="Y" type="float"/>
              <param name="Z" type="float"/>
            </accessor>
          </technique_common>
        </source>
        <source id="Link_5-mesh-normals">
          <float_array id="Link_5-mesh-normals-array" count="7020">1 0 0 1 -2.01809e-6 0 1 6.32775e-7 0 1 -6.32262e-7 0 -0.00101906 0.0333324 0.9994439 -0.05704206 0.03860795 0.997625 -0.05721282 0.03851097 0.997619 -0.1385498 0.03092467 0.9898726 -0.1386041 0.01299893 0.9902626 -0.2190613 0.01299893 0.9756246 -0.218989 -0.02881962 0.9753016 -0.2980042 -0.02881973 0.9541295 -0.2973099 -0.07399576 0.9519094 -0.3740682 -0.07399642 0.9244444 -0.3723469 -0.1208541 0.9201914 -0.4462981 -0.1208543 0.8866861 -0.4434661 -0.1645415 0.8810584 -0.5140109 -0.1645415 0.8418545 -0.5104046 -0.2016936 0.8359467 -0.5769958 -0.2016932 0.7914516 -0.5732928 -0.2301098 0.7863745 -0.6356615 -0.2301107 0.7368742 -0.6319223 -0.2530958 0.7325414 -0.6896559 -0.2530948 0.6784673 -0.6890708 -0.2562127 0.6778913 -0.7140417 -0.2674782 0.6469929 -0.7421462 -0.2562501 0.6193183 -0.788963 -0.2622828 0.5556485 -0.7909679 -0.2530902 0.5570594 -0.7909725 -0.2530885 0.5570537 -0.795647 -0.2301262 0.5603461 -0.7956452 -0.2301288 0.5603478 -0.8007887 -0.2016821 0.56397 -0.8007816 -0.2016894 0.5639771 -0.8064397 -0.1645419 0.5679622 -0.8064464 -0.1645369 0.5679543 -0.8115977 -0.1208438 0.5715822 -0.8115952 -0.1208463 0.5715852 -0.8153455 -0.07400006 0.5742263 -0.8153458 -0.07400071 0.5742256 -0.8172476 -0.02881866 0.5755657 -0.8172439 -0.02882295 0.575571 -0.8175138 0.01300352 0.5757623 -0.8175224 0.01301068 0.5757498 -0.8171029 0.03455412 0.5754554 -0.824773 0.04129213 0.5639543 -0.1703531 0.04320824 0.9844354 -0.2190335 0.02930039 0.9752773 -0.2191069 0.01302218 0.975614 -0.2980988 0.01302194 0.9544463 -0.2979987 -0.02882283 0.954131 -0.3749614 -0.02882283 0.9265923 -0.3740887 -0.07398158 0.9244374 -0.4483909 -0.073982 0.8907707 -0.4463284 -0.1208344 0.8866736 -0.5172969 -0.1208353 0.8472324 -0.5140134 -0.1645398 0.8418533 -0.5810781 -0.1645399 0.7970412 -0.5770003 -0.2016902 0.7914491 -0.6397513 -0.2016895 0.7416467 -0.635644 -0.2301207 0.7368862 -0.6937316 -0.2301208 0.6824815 -0.6896532 -0.2530961 0.6784696 -0.7427836 -0.2530961 0.6198508 -0.2814915 0.0417661 0.9586544 -0.2979297 0.03376126 0.9539907 -0.2980741 0.01300984 0.9544542 -0.3750597 0.01301056 0.9269095 -0.374935 -0.02884089 0.9266024 -0.4494135 -0.02883988 0.8928582 -0.4483672 -0.07399791 0.8907812 -0.5196785 -0.07399755 0.8511514 -0.5172878 -0.1208415 0.8472371 -0.5847769 -0.1208409 0.802143 -0.5810627 -0.1645497 0.7970506 -0.6442595 -0.1645493 0.7468958 -0.6397382 -0.2016991 0.7416554 -0.6982151 -0.2016979 0.686887 -0.6937349 -0.2301195 0.6824786 -0.747191 -0.23012 0.6234985 -0.7427995 -0.2530899 0.6198341 -0.3748863 0.0341826 0.9264404 -0.38892 0.04151087 0.920336 -0.4494019 0.02938526 0.8928463 -0.4912952 0.04328781 0.8699169 -0.5208715 0.03068286 0.8530834 -0.5873284 0.03894686 0.8084111 -0.5886704 0.03803431 0.8074779 -0.6528618 0.03114503 0.7568367 -0.6531243 0.01301491 0.7571389 -0.7128055 0.01301479 0.701241 -0.7125695 -0.02883464 0.7010088 -0.7674695 -0.02883368 0.6404368 -0.7656843 -0.07400077 0.6389456 -0.6755509 0.04312461 0.7360512 -0.712564 0.0292499 0.7009971 -0.7128093 0.01301759 0.7012372 -0.7677404 0.01301771 0.6406289 -0.767487 -0.02881753 0.6404165 -0.7550773 0.04197424 0.6542909 -0.7673574 0.0334292 0.6403477 -0.7677223 0.01300257 0.6406508 -0.8615311 0.02948129 0.506848 -0.8836039 0.04333913 0.4662251 -0.9000481 0.03048294 0.4347233 -0.9311425 0.03927183 0.3625349 -0.9323349 0.03755223 0.359641 -0.9588073 0.03136831 0.2823202 -0.9591981 0.01301413 0.2824352 -0.9790749 0.01301419 0.2030836 -0.978751 -0.02882504 0.2030165 -0.9920676 -0.02882927 0.1223554 -0.9897595 -0.07399213 0.1220707 -0.9964248 -0.07399135 0.04078018 -0.991842 -0.1208382 0.04059255 -0.9919969 -0.1208577 -0.03654676 -0.9856984 -0.1645601 -0.03631478 -0.9803553 -0.1645604 -0.1087353 -0.973475 -0.2017139 -0.1079723 -0.9628974 -0.2017152 -0.1792754 -0.9567136 -0.2301541 -0.1781242 -0.9410155 -0.2301535 -0.2480305 -0.9354823 -0.2531306 -0.2465724 -0.9148134 -0.2531312 -0.314708 -0.9138482 -0.2570003 -0.3143761 -0.8872455 -0.2610161 -0.3803502 -0.8803222 -0.2663699 -0.3925302 -0.8580989 -0.255847 -0.4452065 -0.8231006 -0.2651528 -0.5021947 -0.8213046 -0.2633293 -0.5060797 -0.783411 -0.2562003 -0.566241 -0.7840656 -0.2531318 -0.5667147 -0.78406 -0.2531287 -0.5667238 -0.7886945 -0.2301678 -0.5700736 -0.7886888 -0.2301621 -0.5700837 -0.793789 -0.2017086 -0.5737706 -0.7938002 -0.2017203 -0.5737511 -0.7994094 -0.1645781 -0.5778051 -0.7994009 -0.1645699 -0.5778194 -0.8045108 -0.1208534 -0.5815125 -0.8045159 -0.1208582 -0.5815047 -0.8082343 -0.07401037 -0.5841916 -0.8082359 -0.07401275 -0.584189 -0.8101221 -0.02883106 -0.585552 -0.8101222 -0.02883106 -0.5855517 -0.8103899 0.01301366 -0.5857465 -0.8103796 0.01302057 -0.5857607 -0.8100324 0.03202879 -0.5855098 -0.791158 0.0433135 -0.6100761 -0.966252 0.04302936 0.2539798 -0.9787407 0.02919977 0.2030124 -0.9790753 0.01301443 0.2030817 -0.9923954 0.01301378 0.1224019 -0.9920668 -0.02882981 0.1223614 -0.9987477 -0.02883213 0.04088848 -0.9964236 -0.07400137 0.04079324 -0.9965814 -0.07401168 -0.03671264 -0.9919967 -0.1208596 -0.03654384 -0.9866216 -0.1208592 -0.1094115 -0.9803558 -0.1645701 -0.1087167 -0.9697026 -0.1645691 -0.1805378 -0.9628977 -0.2017181 -0.1792709 -0.947095 -0.2017193 -0.2496407 -0.9410144 -0.2301504 -0.2480378 -0.9202184 -0.2301499 -0.3165903 -0.9148077 -0.2531263 -0.3147286 -0.8891747 -0.2531254 -0.3811772 -0.9889416 0.04215854 0.1421875 -0.991936 0.03309994 0.1223416 -0.9923957 0.01301783 0.1223983 -0.9990786 0.01301598 0.04089707 -0.998748 -0.02882689 0.04088354 -0.9989069 -0.02883279 -0.03679341 -0.9965814 -0.07401543 -0.03670769 -0.9911822 -0.07401561 -0.1099069 -0.9866222 -0.1208645 -0.1094012 -0.9758994 -0.1208664 -0.1816912 -0.9697028 -0.1645684 -0.1805374 -0.9537927 -0.1645691 -0.2513894 -0.9470974 -0.2017279 -0.2496247 -0.9261727 -0.2017269 -0.3186071 -0.9202246 -0.2301651 -0.3165609 -0.8944457 -0.2301653 -0.3833939 -0.8891878 -0.2531346 -0.3811406 -0.8587327 -0.253135 -0.4455346 -0.9985536 0.03492724 0.04087549 -0.9987496 0.04105079 0.0285319 -0.9988653 0.0302602 -0.03677856 -0.9954102 0.04300171 -0.08549606 -0.9933629 0.03309243 -0.1101602 -0.9824999 0.03499138 -0.1829469 -0.9830186 0.01302021 -0.1830435 -0.9668937 0.01301902 -0.2548471 -0.9665738 -0.02882671 -0.2547628 -0.9452106 -0.02882695 -0.3251863 -0.9430106 -0.07400679 -0.324429 -0.9165936 -0.07400619 -0.3929114 -0.9123765 -0.1208606 -0.3911037 -0.8811331 -0.1208617 -0.457162 -0.8755372 -0.1645734 -0.4542581 -0.8397504 -0.1645739 -0.5174311 -0.8338597 -0.2017086 -0.5138013 -0.9792125 0.04213827 -0.1984121 -0.966544 0.0300638 -0.2547332 -0.9668992 0.01301068 -0.2548269 -0.9455246 0.01301026 -0.3252905 -0.9452117 -0.02882891 -0.3251826 -0.9187344 -0.02882903 -0.3938224 -0.9165958 -0.07400983 -0.3929054 -0.8852037 -0.07400923 -0.4592789 -0.8811316 -0.1208582 -0.4571657 -0.8451219 -0.1208587 -0.5207322 -0.8397536 -0.1645771 -0.5174248 -0.9502081 0.04230046 -0.3087318 -0.9450379 0.034666 -0.3251183 -0.9455261 0.01300919 -0.3252865 -0.9190388 0.01300936 -0.3939525 -0.9187346 -0.02883011 -0.393822 -0.8872677 -0.02883118 -0.4603529 -0.8852028 -0.07400727 -0.4592812 -0.8490234 -0.07400715 -0.5231466 -0.8451176 -0.1208552 -0.5207403 -0.9186068 0.03333652 -0.3937642 -0.9087893 0.04290193 -0.415044 -0.8872336 0.03020709 -0.4603306 -0.8556241 0.04127252 -0.5159497 -0.8507831 0.03658407 -0.5242422 -0.7648199 0.03066998 -0.6435139 -0.7165586 0.03990364 -0.6963846 -0.7151818 0.03882974 -0.6978591 -0.6621002 0.03105181 -0.7487717 -0.6623639 0.01301687 -0.7490692 -0.6054402 0.01301711 -0.7957844 -0.605239 -0.02881562 -0.7955222 -0.5450841 -0.02881413 -0.8378861 -0.5438141 -0.07401496 -0.8359354 -0.4808728 -0.07401442 -0.8736609 -0.4786597 -0.1208633 -0.8696419 -0.4133794 -0.1208635 -0.9025018 -0.4107546 -0.1645551 -0.8967733 -0.3436653 -0.164554 -0.9245627 -0.3412511 -0.2017229 -0.9180716 -0.2727845 -0.2017235 -0.9406893 -0.2710322 -0.2301611 -0.9346483 -0.2015224 -0.2301601 -0.9520584 -0.2003359 -0.2531238 -0.946464 -0.1301465 -0.2531417 -0.9586351 -0.129836 -0.2618225 -0.9563428 -0.11939 -0.2659811 -0.9565564 -0.05929625 -0.2557956 -0.9649108 0.004087567 -0.2656432 -0.9640628 0.01182746 -0.26245 -0.9648731 0.08293336 -0.2564403 -0.9629955 0.08301031 -0.2531309 -0.9638641 0.08303278 -0.2531251 -0.9638637 0.08352321 -0.2301558 -0.969563 0.08349615 -0.2301694 -0.9695621 0.08403682 -0.2017214 -0.9758312 0.08404189 -0.2017192 -0.9758311 0.08463412 -0.1645564 -0.9827301 0.08460223 -0.1645739 -0.9827299 0.08514243 -0.1208525 -0.9890124 0.08515411 -0.1208471 -0.9890121 0.0855478 -0.07403171 -0.9935798 0.08558464 -0.07401007 -0.9935783 0.08578389 -0.02880889 -0.9958972 0.08575111 -0.02882832 -0.9958995 0.08578002 0.01299923 -0.9962293 0.08580738 0.01301133 -0.9962269 0.08576965 0.03246754 -0.9957859 0.1138789 0.04321235 -0.9925544 -0.6324215 0.04340761 -0.7734073 -0.605203 0.03146523 -0.7954491 -0.6054527 0.01301044 -0.7957749 -0.5452999 0.0130105 -0.8381402 -0.5451196 -0.02883857 -0.8378621 -0.481999 -0.02883917 -0.875697 -0.480876 -0.07401782 -0.8736588 -0.4152763 -0.07401776 -0.9066791 -0.4133667 -0.1208553 -0.9025087 -0.3458689 -0.1208557 -0.9304669 -0.3436713 -0.164559 -0.9245595 -0.2747064 -0.1645586 -0.947342 -0.2727784 -0.2017193 -0.940692 -0.2027863 -0.2017194 -0.9582208 -0.2014846 -0.2301416 -0.9520708 -0.1309012 -0.2301614 -0.9643085 -0.1301341 -0.2531381 -0.9586377 -0.0593397 -0.2531375 -0.9656088 -0.5449467 0.03772491 -0.8376216 -0.540183 0.04059004 -0.8405682 -0.4819646 0.03041529 -0.8756626 -0.4408112 0.04317206 -0.8965611 -0.4162152 0.03261852 -0.908681 -0.3481919 0.03565603 -0.936745 -0.3483833 0.01301187 -0.9372619 -0.2785046 0.01301151 -0.9603468 -0.2784132 -0.02884554 -0.9600282 -0.2068784 -0.02884548 -0.9779414 -0.2063961 -0.07399231 -0.9756669 -0.1340723 -0.07401323 -0.9882038 -0.1334555 -0.1208695 -0.9836566 -0.06087636 -0.1208693 -0.9908 -0.06048828 -0.1645697 -0.984509 0.01207137 -0.1645705 -0.9862915 0.01198619 -0.2017211 -0.9793696 -0.3357727 0.04179459 -0.9410154 -0.278373 0.03008693 -0.9600017 -0.2784754 0.01302462 -0.9603551 -0.2069221 0.01302427 -0.9782707 -0.2068537 -0.02883237 -0.9779469 -0.1343982 -0.0288546 -0.9905073 -0.1340845 -0.07401984 -0.9882016 -0.0611397 -0.07401937 -0.9953809 -0.0608586 -0.1208594 -0.9908024 0.0121771 -0.1208593 -0.992595 0.01209914 -0.1645566 -0.9862934 -0.2262768 0.04257458 -0.9731323 -0.2068246 0.03399693 -0.9777872 -0.206925 0.01302361 -0.9782701 -0.1343822 0.01300275 -0.9908444 -0.134335 -0.02881973 -0.9905168 -0.06126809 -0.02881968 -0.9977052 -0.06112498 -0.07401144 -0.9953824 0.01224499 -0.07401126 -0.9971823 0.01218754 -0.1208524 -0.9925957 -0.1342952 0.03397625 -0.9903588 -0.1138815 0.04267579 -0.9925774 -0.06129664 0.03012311 -0.9976651 0 0.04167973 -0.9991311 0.01225614 0.03588509 -0.9992808 0.1588044 0.03046202 -0.98684 0.2262997 0.04043483 -0.9732182 0.2309201 0.03799569 -0.9722306 0.3018584 0.03135639 -0.9528371 0.3019812 0.01300919 -0.9532251 0.3712617 0.0130093 -0.9284372 0.3711392 -0.02884459 -0.9281293 0.4384187 -0.02884417 -0.8983079 0.4374001 -0.07401365 -0.896216 0.5021477 -0.07401353 -0.8616089 0.4998374 -0.1208679 -0.8576443 0.5615729 -0.1208679 -0.8185518 0.5580072 -0.1645718 -0.8133536 0.6163425 -0.1645714 -0.7700898 0.6120181 -0.2017166 -0.7646858 0.6501647 -0.2018286 -0.7324966 0.6580409 -0.2134831 -0.7220854 0.335747 0.0434162 -0.9409512 0.3711268 0.03115987 -0.9280593 0.3712748 0.01301568 -0.9284318 0.4385973 0.0130158 -0.8985895 0.4384539 -0.02882343 -0.8982914 0.5033275 -0.02882391 -0.8636148 0.5021566 -0.07400834 -0.861604 0.5641855 -0.07400822 -0.8223245 0.5615896 -0.120857 -0.8185418 0.6202793 -0.120857 -0.7750144 0.6163397 -0.1645743 -0.7700914 0.6686898 -0.1645945 -0.7250949 0.6614213 -0.1937271 -0.7245631 0.4383049 0.03856325 -0.8979988 0.4408679 0.04008191 -0.8966766 0.5032902 0.03060239 -0.8635755 0.5401217 0.0432924 -0.8404728 0.5654539 0.03216099 -0.8241528 0.6244263 0.03633439 -0.7802382 0.6247872 0.01300853 -0.7806867 0.680545 0.01300853 -0.7325909 0.6803197 -0.02882957 -0.7323483 0.7351204 -0.02882552 -0.6773235 0.7334092 -0.07400947 -0.6757467 0.7608984 -0.07406997 -0.6446297 0.7754142 -0.08364844 -0.6258882 0.6324751 0.04141217 -0.773473 0.6803063 0.03017032 -0.7323067 0.6805592 0.0130161 -0.7325775 0.7353754 0.01301395 -0.677535 0.7351319 -0.0288155 -0.6773114 0.7808181 -0.02882844 -0.624093 0.7855963 -0.04013597 -0.6174364 0.7164725 0.04282301 -0.6962999 0.7350561 0.03182327 -0.6772591 0.7353663 0.01300853 -0.677545 0.7882872 0.01300823 -0.61517 0.7882422 -0.01679563 -0.615136 0.8284459 -0.02194446 -0.5596393 0.8210166 0.01301896 -0.5707558 0.8358014 0.02039343 -0.548653 0.8355948 0.03016352 -0.5485174 0.8517908 0.04084169 -0.5222879 0.8553977 0.04723453 -0.5158135 0.8847489 0.03028535 -0.4650828 0.9085795 0.04809194 -0.4149343 0.9107877 0.04399597 -0.4105246 0.9344151 0.03062736 -0.3548669 0.9498856 0.0495845 -0.3086404 0.9496251 0.05015879 -0.3093482 0.9658457 0.03103268 -0.257253 0.9759036 0.0442599 -0.2136663 0.9780588 0.06423699 -0.1981788 0.986118 0.03302478 -0.162729 0.9927688 0.03708541 -0.1141703 0.9932075 0.07913076 -0.08530718 0.9969071 0.04465126 -0.06467443 0.9995012 0.0284807 -0.01365172 0.9962857 0.08126896 0.02846151 0.997487 0.06000983 0.03766423 0.9959589 0.02628469 0.08587837 0.9877835 0.0641393 0.142021 0.9877817 0.06600737 0.1411751 0.9824034 0.03119546 0.1841481 0.9713351 0.04064303 0.2342146 0.9655582 0.05730974 0.2537971 0.9593434 0.03710526 0.2797922 0.9456353 0.03335142 0.3235145 0.9307636 0.04851865 0.3623879 0.9216927 0.03049695 0.3867202 0.8837426 0.03940051 0.4663116 0.8835886 0.03917533 0.4666225 0.8444643 0.03052717 0.5347413 0.8446241 0.02353966 0.5348422 0.8246863 0.01301938 0.5654405 0.8347784 -0.006312549 0.5505499 0.8094604 -0.01774042 0.5869064 0.7982535 -0.0118578 0.602205 0.7835052 -0.02884483 0.6207154 0.7461017 -0.0288248 0.6652077 0.7446302 -0.06905621 0.6638955 0.7416439 -0.07400721 0.6666989 0.7425901 -0.07664877 0.6653457 0.7389494 -0.1017203 0.6660382 0.7124834 -0.120938 0.6911885 0.7215704 -0.1297779 0.6800692 0.7083938 -0.1564477 0.6882604 0.6818668 -0.1488683 0.7161676 0.6674569 -0.1646363 0.7262205 0.6194763 -0.1645457 0.7675766 0.6151298 -0.2016897 0.762192 0.5507963 -0.2016896 0.8099043 0.5472614 -0.2301231 0.8047039 0.4796768 -0.2301231 0.8467313 0.4768587 -0.2530911 0.8417545 0.4064742 -0.2530913 0.8779086 0.4054505 -0.2622225 0.8756993 0.4024064 -0.263625 0.8766818 0.3331155 -0.2557007 0.9075524 0.2916088 -0.2667318 0.918596 0.2577762 -0.2562934 0.9315929 0.1804982 -0.2621213 0.9480047 0.1809468 -0.2531095 0.9503651 0.1808661 -0.2530866 0.9503867 0.1819316 -0.2301393 0.9560005 0.1819177 -0.2301298 0.9560054 0.1830917 -0.2016966 0.9621829 0.1830684 -0.2016819 0.9621904 0.1843607 -0.1645581 0.9689849 0.1843637 -0.1645597 0.9689841 0.1855418 -0.1208571 0.9751758 0.1855015 -0.1208323 0.9751866 0.1863594 -0.0740177 0.9796895 0.1863482 -0.0740115 0.9796922 0.1867838 -0.02884185 0.9819777 0.1867564 -0.02882391 0.9819834 0.1868161 0.01300668 0.9823088 0.1867974 0.01301687 0.9823123 0.1867038 0.03395104 0.9818295 0.1703637 0.04173725 0.984497 0.7878222 0.03674471 -0.6148059 0.7912724 0.03983199 -0.6101651 0.8247073 0.04332858 0.5638977 0.7979549 0.02945554 0.6019971 0.7982337 0.01301479 0.6022074 0.7463539 0.01301467 0.665422 0.7461065 -0.02882897 0.6652023 0.6892503 -0.02882909 0.7239496 0.687646 -0.0739867 0.7222666 0.6263215 -0.07398623 0.7760461 0.6234404 -0.1208387 0.7724766 0.5582423 -0.1208382 0.8208312 0.5546964 -0.164551 0.8156195 0.4861782 -0.1645513 0.858227 0.4827687 -0.2016848 0.8522075 0.4115108 -0.2016849 0.8888095 0.4088692 -0.2301138 0.8831046 0.3353174 -0.2301134 0.91357 0.3333456 -0.253092 0.9081988 0.2580026 -0.2530915 0.9324052 0.7550977 0.04133188 0.6543083 0.7459799 0.03447872 0.6650754 0.7463603 0.01301002 0.6654151 0.689488 0.01300942 0.7241804 0.6892589 -0.02883756 0.7239411 0.6278038 -0.0288378 0.7778373 0.6263427 -0.07400387 0.7760273 0.5608189 -0.07400429 0.8246247 0.5582402 -0.1208375 0.8208326 0.4892708 -0.1208373 0.8637202 0.4861653 -0.1645411 0.8582363 0.4144294 -0.1645406 0.8950837 0.4115202 -0.2016924 0.8888033 0.337507 -0.2016927 0.9194614 0.3353403 -0.2301273 0.9135581 0.2594941 -0.2301267 0.9379258 0.2579701 -0.2530829 0.9324166 0.6891569 0.0334956 0.7238376 0.6755845 0.04193651 0.736089 0.6277863 0.0292589 0.7778357 0.5872268 0.04314708 0.8082718 0.5620729 0.03110593 0.8265026 0.4925398 0.0381332 0.869454 0.492856 0.01301592 0.8700136 0.4201002 0.01301634 0.9073845 0.4199612 -0.02881819 0.9070845 0.3444216 -0.02881836 0.9383727 0.3436205 -0.07400435 0.9361882 0.2658283 -0.07400465 0.9611757 0.264608 -0.1208242 0.9567571 0.4913776 0.03887104 0.8700789 0.4199529 0.03070956 0.9070262 0.4201143 0.01300907 0.907378 0.3445449 0.01300919 0.9386798 0.3444302 -0.02882522 0.9383694 0.2664211 -0.02882444 0.9634256 0.2658019 -0.07398575 0.9611845 0.3888939 0.04327166 0.9202659 0.3444228 0.02937793 0.9383549 0.3445441 0.01301026 0.93868 0.2664855 0.0130102 0.9637511 0.2663996 -0.02880948 0.963432 0.2814955 0.04156064 0.9586621 0.2663004 0.03398126 0.963291 0.2664331 0.01303774 0.9637652 0.1061171 0.0293256 0.9939211 0.05703127 0.04322683 0.9974362 0.03091454 0.03331649 0.9989667 0.03766191 0.01301503 0.9992058 0.01949441 0.005082666 0.9997971 0.04194498 -0.02884787 0.9987034 0.03014451 -0.03786551 0.9988281 0.03602653 -0.07224541 0.9967361 0.03900092 -0.07403236 0.9964929 0.02801555 -0.1076283 0.9937964 0.04374545 -0.1209025 0.9917001 0.02603656 -0.1419159 0.9895363 0.04183465 -0.1646373 0.9854667 0.01050728 -0.1871532 0.9822746 0.03671127 -0.2017801 0.9787427 0.02665287 -0.2301518 0.9727897 0.1033076 -0.2301266 0.9676617 0.1033132 -0.2301289 0.9676607 0.02222037 -0.2318559 0.9724963 0.03877156 -0.2532089 0.9666344 0.1027055 -0.253087 0.9619765 0.1026989 -0.2530857 0.9619774 0.02490156 -0.2567189 0.9661653 0.05919915 -0.2667362 0.9619498 0.1026289 -0.2556709 0.9613012 0.1768793 -0.2637038 0.9482479 0.476446 -0.256258 0.8410297 0.5064448 -0.2667372 0.8199787 0.543646 -0.2557317 0.7994062 0.6037425 -0.2635467 0.7523551 0.6060462 -0.262351 0.7509194 0.6665285 -0.2562254 0.7000631 0.6667363 -0.2550867 0.700281 0.6901511 -0.2544235 0.677466 0.7175031 -0.2592955 0.6464945 0.7203998 -0.261741 0.6422739 0.7540698 -0.2558992 0.604892 0.7686771 -0.269912 0.5798994 0.7948257 -0.2452478 0.5550726 0.7973345 -0.2590819 0.5451005 0.8174239 -0.2576578 0.5151998 0.833091 -0.2689743 0.4833346 0.8501394 -0.2577216 0.4591761 0.8804624 -0.2597738 0.3966152 0.8833034 -0.2795377 0.3763428 0.9144017 -0.2454286 0.321923 0.9185384 -0.2943097 0.2639492 0.6908041 -0.2667506 0.6720371 0.7215939 -0.2557658 0.6433399 0.7687436 -0.2634643 0.5827691 0.7703197 -0.2624606 0.5811386 0.6617779 -0.2531531 0.7056654 0.6640455 -0.2480965 0.705331 0.6559621 -0.2319732 0.7182633 0.6525834 -0.2302793 0.721877 0.6611607 -0.2134611 0.7192364 0.6515282 -0.2018585 0.7312757 0.6640896 -0.1941527 0.7220039 0.6705943 -0.1702476 0.7220244 0.7789384 -0.0631752 0.6239102 0.786576 -0.03487473 0.6165079 0.8397282 0.0263707 0.5423662 0.8722894 0.02212673 0.4884892 0.882 0.04925632 0.4686681 0.8703002 0.02832114 -0.4917066 0.8460337 0.01571023 -0.532898 0.7494493 -0.110844 -0.652717 0.731742 -0.09997117 -0.6742101 0.7334093 -0.07400918 -0.6757466 0.6787195 -0.07402133 -0.7306578 0.6803038 -0.02884274 -0.7323625 0.6246037 -0.0288437 -0.7804091 0.6248108 0.01302188 -0.7806676 0.5656985 0.01302254 -0.8245093 0.709962 -0.1219501 -0.6936009 0.714051 -0.1209034 -0.689575 0.6756269 -0.1208407 -0.7272729 0.6756067 -0.1208549 -0.7272893 0.6202812 -0.1208558 -0.7750132 0.7059415 -0.1551986 -0.6910572 0.630764 -0.1571708 -0.759891 0.6714755 -0.1631497 -0.7228435 0.6504359 -0.2302504 -0.7238217 0.6538645 -0.2323214 -0.7200612 0.6596537 -0.2462275 -0.7100909 0.7430061 -0.2177828 -0.6328607 0.6579114 -0.2560845 -0.7082185 0.6591717 -0.2531268 -0.7081099 0.6045001 -0.2531359 -0.7553158 0.6044936 -0.2531378 -0.7553203 0.547282 -0.2531375 -0.7977492 0.5473256 -0.2531257 -0.7977231 0.4871598 -0.2531259 -0.8358245 0.4871395 -0.2531321 -0.8358345 0.4243378 -0.2531319 -0.8694032 0.4243324 -0.253134 -0.8694052 0.3591955 -0.2531338 -0.8982772 0.3592237 -0.2531272 -0.8982678 0.2921805 -0.2531275 -0.9222565 0.2921715 -0.25313 -0.9222586 0.2237424 -0.253132 -0.9412033 0.2234055 -0.2586566 -0.9397802 0.1536646 -0.2586702 -0.9536651 0.1274605 -0.2672656 -0.955156 0.658498 -0.2528347 -0.7088406 0.69011 -0.254491 -0.6774826 0.7101071 -0.2605158 -0.654125 0.7191857 -0.2580301 -0.6451297 0.7517778 -0.2581016 -0.6068062 0.7592123 -0.2696028 -0.5923775 0.7933503 -0.2470504 -0.5563824 0.7926051 -0.2584757 -0.5522386 0.8159328 -0.2598059 -0.5164829 0.8262351 -0.2697783 -0.4945253 0.8512567 -0.2557356 -0.4582156 0.878673 -0.26348 -0.3981359 0.8802428 -0.2793872 -0.3835563 0.9142203 -0.2459103 -0.3220706 0.916273 -0.2994767 -0.2660029 0.7607689 -0.2624464 -0.5935931 0.7572185 -0.2646599 -0.5971393 0.7111142 -0.2553877 -0.6550525 0.6740307 -0.2672217 -0.6886765 0.6574115 -0.2588669 -0.7076709 0.6036153 -0.2584586 -0.75422 0.580288 -0.2673282 -0.7692863 0.5468103 -0.2565761 -0.7969739 0.4859438 -0.2620242 -0.8337878 0.4771845 -0.2658717 -0.83762 0.4240237 -0.2558013 -0.8687748 0.3660446 -0.2657725 -0.8918387 0.3583229 -0.2622075 -0.8960202 0.2919033 -0.2565072 -0.9214102 0.2486786 -0.267302 -0.9309719 -0.2001639 -0.2566645 -0.9455463 -0.2407596 -0.2673665 -0.9330326 -0.2690779 -0.258297 -0.9278361 -0.3365312 -0.2590137 -0.9053501 -0.3370745 -0.2531313 -0.9068106 -0.4028567 -0.2531312 -0.879563 -0.4052397 -0.2301464 -0.8847674 -0.4692217 -0.2301471 -0.8525628 -0.4722524 -0.2017197 -0.8580716 -0.5341101 -0.2017194 -0.8209968 -0.5378859 -0.1645545 -0.8268014 -0.5972461 -0.1645554 -0.784996 -0.6010615 -0.1208547 -0.7900123 -0.6575434 -0.1208548 -0.7436605 -0.6605811 -0.0740109 -0.7470977 -0.7137711 -0.07401055 -0.6964577 -0.7154361 -0.02882313 -0.6980835 -0.7648415 -0.02882313 -0.6435734 -0.7650952 0.01302063 -0.6437857 -0.3583075 -0.2671654 -0.8945604 -0.402502 -0.2563091 -0.8788048 -0.4028507 -0.2531303 -0.8795661 -0.4664933 -0.2531302 -0.8475313 -0.4692516 -0.2301661 -0.8525412 -0.5306798 -0.2301658 -0.8157223 -0.5341103 -0.2017196 -0.8209967 -0.5930736 -0.2017192 -0.7794699 -0.5972648 -0.1645689 -0.784979 -0.6533749 -0.1645684 -0.7389306 -0.6575506 -0.1208605 -0.7436532 -0.7104884 -0.1208603 -0.6932525 -0.7137718 -0.07401192 -0.6964567 -0.7630698 -0.07401269 -0.6420643 -0.7648503 -0.02883183 -0.6435626 -0.465222 -0.2628802 -0.8452589 -0.4701292 -0.265404 -0.8417478 -0.5271829 -0.2558132 -0.8103318 -0.5739234 -0.2661836 -0.7744407 -0.584481 -0.2613894 -0.7681521 -0.6401774 -0.2568158 -0.7240294 -0.6408228 -0.2531268 -0.7247571 -0.6924027 -0.2531276 -0.6756516 -0.6964985 -0.2301538 -0.6796463 -0.7446305 -0.2301542 -0.6265418 -0.7494432 -0.2017194 -0.6305904 -0.6681238 -0.2674167 -0.6943334 -0.6914886 -0.2580513 -0.6747244 -0.6924199 -0.2531335 -0.6756317 -0.7402623 -0.2531332 -0.6228446 -0.7446399 -0.2301623 -0.6265275 -0.7389928 -0.2593312 -0.6218015 -0.7516137 -0.2670741 -0.6031154 -0.923054 -0.2674525 -0.2764788 -0.934293 -0.2578058 -0.2462374 -0.9354864 -0.2531356 -0.2465513 -0.9510895 -0.2531358 -0.1770631 -0.9567145 -0.2301615 -0.17811 -0.9672228 -0.2301623 -0.1072638 -0.9734749 -0.2017227 -0.1079572 -0.9787791 -0.2017232 -0.03604698 -0.9856976 -0.1645674 -0.03630173 -0.9855446 -0.1645417 0.04034954 -0.9918401 -0.1208484 0.04060727 -0.9852052 -0.1208493 0.1215162 -0.9897583 -0.07399785 0.1220778 -0.9764717 -0.07399636 0.2025526 -0.978749 -0.02883219 0.2030249 -0.9588814 -0.02883291 0.2823389 -0.9591988 0.01301556 0.2824326 -0.9329138 0.01301473 0.3598645 -0.9493867 -0.2596479 -0.1767709 -0.9509931 -0.2669562 -0.1560339 -0.9607613 -0.2560978 -0.106545 -0.9639267 -0.2637908 -0.03549253 -0.9667761 -0.253134 -0.03559762 -0.9666322 -0.2530964 0.0395528 -0.9723498 -0.2301148 0.03978675 -0.9658442 -0.2301154 0.1191301 -0.9720821 -0.2016941 0.1198995 -0.9590308 -0.2016941 0.1989462 -0.9658064 -0.1645517 0.2003518 -0.9462065 -0.1645522 0.2785965 -0.9522529 -0.1208436 0.2803767 -0.9261553 -0.1208443 0.3572578 -0.9304356 -0.07398635 0.3589088 -0.8980001 -0.07398599 0.4337303 -0.9000939 -0.02882969 0.4347412 -0.8615409 -0.02882999 0.5068689 -0.8618264 0.0130105 0.5070364 -0.9637172 -0.2648785 -0.03299534 -0.9660451 -0.2553303 0.03953963 -0.966631 -0.2530995 0.03956359 -0.9601634 -0.2530991 0.1184363 -0.9658427 -0.2301184 0.1191368 -0.952881 -0.2301168 0.1976466 -0.9590383 -0.2016804 0.1989237 -0.939574 -0.201681 0.2766326 -0.9462105 -0.1645457 0.2785866 -0.9202738 -0.1645461 0.354994 -0.9261534 -0.1208464 0.357262 -0.893854 -0.1208475 0.4317647 -0.8979842 -0.07400739 0.4337594 -0.8595405 -0.07400697 0.5056808 -0.8615462 -0.02882307 0.5068603 -0.9593885 -0.2671359 0.09062159 -0.9589417 -0.2577692 0.1182626 -0.9601679 -0.2530928 0.1184133 -0.9472773 -0.2530944 0.196492 -0.9528784 -0.2301212 0.1976537 -0.933538 -0.2301197 0.2748669 -0.9395697 -0.2016874 0.2766427 -0.9138203 -0.2016881 0.3524975 -0.9202769 -0.164542 0.3549879 -0.8881871 -0.1645433 0.4290097 -0.8938623 -0.1208365 0.431751 -0.8555938 -0.1208367 0.5033467 -0.8595461 -0.07400202 0.505672 -0.9455946 -0.2595795 0.196136 -0.9401035 -0.2663275 0.2127795 -0.9275462 -0.2550864 0.2731102 -0.9051423 -0.2662346 0.3314164 -0.9009665 -0.2597565 0.3475427 -0.8700584 -0.2576448 0.4202589 -0.8711405 -0.2530943 0.420782 -0.8338416 -0.253094 0.4905625 -0.8387705 -0.2301282 0.4934624 -0.8550312 -0.2671839 0.4444485 -0.8333366 -0.2553732 0.4902394 -0.8338541 -0.2530887 0.4905442 -0.7916139 -0.2647499 0.5506857 -0.630313 -0.2623277 0.7306776 -0.6257921 -0.2647182 0.7336952 -0.5695617 -0.2553984 0.7812625 -0.5263372 -0.2672033 0.8071998 -0.5035043 -0.2575995 0.8246975 -0.4341846 -0.2597967 0.8625483 -0.4349833 -0.2530968 0.8641363 -0.3628978 -0.2530968 0.8967983 -0.3650453 -0.230111 0.9021037 -0.2901241 -0.2301111 0.9289118 -0.2919971 -0.2016837 0.9349125 -0.2145851 -0.2016835 0.9556553 -0.2160994 -0.1645526 0.9624051 -0.1367446 -0.1645524 0.9768436 -0.1376183 -0.1208271 0.983088 -0.05684459 -0.1208276 0.9910447 -0.05710762 -0.0739873 0.9956228 -0.0335834 -0.07403784 0.9966899 -0.02173876 -0.07227522 0.9971479 -0.4187608 -0.2662029 0.8682024 -0.3626927 -0.255077 0.8963202 -0.362887 -0.2530999 0.8968018 -0.2883722 -0.2530997 0.923462 -0.2900778 -0.2301379 0.9289195 -0.2131941 -0.2301381 0.9495182 -0.214575 -0.2016897 0.9556563 -0.135798 -0.2016894 0.9699898 -0.1367574 -0.1645444 0.9768432 -0.05645877 -0.1645444 0.9847525 -0.05681824 -0.1208434 0.9910442 -0.05316889 -0.1208605 0.9912447 0.01000767 -0.1076652 0.9941369 -0.3041183 -0.266339 0.9146451 -0.2878807 -0.2595205 0.9218319 -0.2883876 -0.2530956 0.9234583 -0.2119668 -0.2530954 0.9439347 -0.2132197 -0.230125 0.9495156 -0.1349098 -0.2301251 0.9637644 -0.1357802 -0.2016994 0.9699903 -0.05606883 -0.2016993 0.9778414 -0.056463 -0.1645407 0.984753 -0.04634499 -0.1645994 0.9852711 0.01730114 -0.1419427 0.9897237 -0.2117318 -0.2577981 0.9427141 -0.1844637 -0.2671285 0.9458412 -0.1340372 -0.2553238 0.9575196 -0.06184464 -0.2649241 0.9622841 -0.05520093 -0.2619961 0.963489 0.0188024 -0.2567532 0.9662942 -0.0363723 -0.253246 0.966718 0.03055554 -0.2318049 0.9722824 0.01269149 -0.2301958 0.9730616 -0.02676302 -0.2018563 0.9790495 -0.0560562 -0.2017058 0.9778408 0.07828521 -0.1865892 0.9793141 0.002051711 -0.03788268 0.9992801 -0.04518806 -0.02883219 0.9985624 -0.05720686 -0.02882003 0.9979463 -0.05721545 -0.0288152 0.997946 -0.138579 -0.02881491 0.9899322 -0.1385786 -0.02881646 0.9899321 -0.2189916 -0.02881699 0.9753011 0.04461842 0.005078613 0.9989913 -0.02797055 0.01301062 0.9995241 -0.05723589 0.01300048 0.9982761 -0.05725002 0.01300871 0.9982751 -0.1386246 0.01300817 0.9902596 -0.9990786 0.01301616 0.04089695 -0.9992374 0.01301896 -0.03681159 -0.9989068 -0.02882957 -0.03679949 -0.9934941 -0.02882856 -0.1101745 -0.9911814 -0.07400923 -0.109918 -0.9804056 -0.0740087 -0.1825582 -0.9758963 -0.1208509 -0.1817185 -0.9598908 -0.1208497 -0.2529925 -0.9537935 -0.1645709 -0.2513853 -0.9327147 -0.1645709 -0.3208734 -0.9261692 -0.2017198 -0.3186218 -0.900216 -0.2017192 -0.3859025 -0.8944364 -0.2301494 -0.3834251 -0.8638096 -0.2301489 -0.4481791 -0.8587287 -0.2531329 -0.4455433 -0.8236252 -0.2531328 -0.5075089 -0.9786298 -0.2016913 0.04005527 -0.9786297 -0.2016916 0.04005765 -0.9720829 -0.2016924 0.1198967 -0.9723474 -0.2301232 0.03980052 -0.9724944 -0.230157 -0.03581178 -0.9667761 -0.2531335 -0.03560113 -0.9615371 -0.2531329 -0.1066312 -0.9724946 -0.2301551 -0.03581702 -0.9787793 -0.2017219 -0.03604841 -0.05707436 -0.07400763 0.9956231 -0.0553373 -0.2531014 0.9658558 -0.05571389 -0.2301081 0.9715691 -0.0556972 -0.2301165 0.971568 -0.1349254 -0.2301161 0.9637643 -0.1382572 -0.07400774 0.9876275 -0.1382563 -0.07400727 0.9876276 -0.2184838 -0.07400679 0.9730303 -0.2184833 -0.07400745 0.9730304 -0.2972934 -0.07400792 0.9519136 -0.1376214 -0.1208256 0.9830878 -0.2175177 -0.1208256 0.968549 -0.2161377 -0.1645303 0.9624003 -0.2940594 -0.1645306 0.9415194 -0.2919971 -0.201685 0.9349123 -0.3673999 -0.2016859 0.9079319 -0.3650426 -0.2301132 0.9021041 -0.437552 -0.230113 0.8692505 -0.4349803 -0.2530978 0.8641376 -0.5041232 -0.2530979 0.8257126 -0.2174794 -0.1208498 0.9685547 -0.1341328 -0.2530856 0.9581003 -0.1341195 -0.2530891 0.9581012 -0.05538517 -0.2530888 0.9658564 -0.2120041 -0.253085 0.9439291 -0.2959172 -0.1208491 0.9475381 -0.2959251 -0.1208448 0.9475362 -0.3723608 -0.120845 0.9201869 -0.2940398 -0.1645429 0.9415234 -0.36998 -0.1645421 0.9143526 -0.3673833 -0.2016957 0.9079364 -0.4403577 -0.2016953 0.8748738 -0.43753 -0.2301266 0.869258 -0.5071217 -0.2301272 0.8305836 -0.5041436 -0.2530918 0.825702 -0.5699186 -0.2530932 0.7817524 -0.3699982 -0.1645316 0.9143472 -0.4495584 0.01300805 0.8931562 -0.4495754 0.01301711 0.8931477 -0.375073 0.01301789 0.9269039 -0.4494268 -0.02883064 0.8928518 -0.5208756 -0.02883034 0.8531456 -0.5196636 -0.07400828 0.8511596 -0.5875005 -0.07400798 0.8058325 -0.5847993 -0.120824 0.8021293 -0.6483948 -0.1208237 0.7516555 -0.6442767 -0.1645371 0.7468836 -0.7031557 -0.1645361 0.6917369 -0.6982207 -0.201694 0.6868823 -0.7520087 -0.2016947 0.6275367 -0.7471811 -0.2301265 0.623508 -0.5210539 0.01300776 0.8534246 -0.5210732 0.0130189 0.8534128 -0.589068 0.01301836 0.8079786 -0.589047 0.01300543 0.8079941 -0.6531094 0.01300621 0.7571518 -0.4434804 -0.1645323 0.8810529 -0.4403678 -0.201688 0.8748704 -0.510414 -0.2016884 0.8359422 -0.5071378 -0.2301173 0.8305765 -0.5732804 -0.2301182 0.7863811 -0.5699093 -0.2530956 0.7817584 -0.6319217 -0.2530959 0.7325419 -0.5208802 -0.02882623 0.853143 -0.5888599 -0.02882689 0.807721 -0.5874878 -0.07401657 0.805841 -0.6513631 -0.07401704 0.7551475 -0.6483669 -0.1208444 0.7516762 -0.707643 -0.1208455 0.6961593 -0.7031517 -0.1645389 0.6917403 -0.7573353 -0.1645402 0.6319571 -0.7520225 -0.2016828 0.627524 -0.5888742 -0.02881586 0.807711 -0.6529235 -0.02881568 0.7568756 -0.6528934 -0.02884107 0.7569007 -0.7125634 -0.02884083 0.7010148 -0.6514046 -0.07398253 0.755115 -0.7109243 -0.07398325 0.6993663 -0.7076544 -0.1208361 0.6961494 -0.7621712 -0.1208361 0.6359983 -0.7573314 -0.1645418 0.6319614 -0.7109054 -0.07400023 0.6993836 -0.7621611 -0.1208433 0.636009 -0.7656821 -0.07400184 0.6389481 -0.8618329 0.01301664 0.5070254 -0.9003909 0.01301592 0.4348874 -0.900093 -0.02883017 0.4347429 -0.9326031 -0.02883076 0.3597502 -0.9304335 -0.07399022 0.3589137 -0.95666 -0.0739904 0.2816509 -0.9522609 -0.1208297 0.2803559 -0.9719822 -0.1208294 0.2016206 -0.9658101 -0.1645441 0.2003403 -0.9789516 -0.1645442 0.1207438 -0.8555862 -0.1208443 0.5033577 -0.8501629 -0.1645359 0.5001509 -0.8501546 -0.1645457 0.5001621 -0.8881849 -0.1645452 0.4290135 -0.8441951 -0.2016893 0.496645 -0.8441979 -0.2016851 0.4966419 -0.88196 -0.2016855 0.4259923 -0.8819531 -0.2016928 0.4260035 -0.9138162 -0.2016931 0.3525053 -0.8387753 -0.2301226 0.4934567 -0.8762956 -0.2301233 0.4232603 -0.8711454 -0.253092 0.4207733 -0.9026163 -0.2530917 0.3481786 -0.8762977 -0.2301205 0.4232576 -0.9003902 0.0130155 0.4348887 -0.9329137 0.01301515 0.359865 -0.9326049 -0.02882635 0.359746 -0.9588838 -0.02882748 0.2823312 -0.9566519 -0.07400542 0.2816742 -0.9764682 -0.07400608 0.2025666 -0.971978 -0.1208402 0.201635 -0.9852086 -0.1208386 0.1214998 -0.978955 -0.1645351 0.1207286 -0.9855462 -0.1645348 0.04033839 -0.9079504 -0.230121 0.3502433 -0.9079507 -0.2301208 0.3502426 -0.9335368 -0.2301218 0.2748694 -0.92805 -0.2530921 0.2732539 -0.9280483 -0.253094 0.273258 -0.9026136 -0.2530933 0.3481846 -0.9472792 -0.2530922 0.1964853 -0.9992383 0.01301026 -0.03679233 -0.9938231 0.01301109 -0.1102117 -0.993494 -0.02882933 -0.1101753 -0.9826956 -0.02882802 -0.1829712 -0.9804075 -0.07401669 -0.1825452 -0.9643257 -0.07401633 -0.2541606 -0.9598909 -0.1208509 -0.2529915 -0.9386721 -0.1208503 -0.3229396 -0.9327108 -0.164563 -0.3208888 -0.90658 -0.1645629 -0.388628 -0.9002165 -0.2017213 -0.3859001 -0.8693944 -0.2017208 -0.4510677 -0.8638122 -0.2301531 -0.4481719 -0.8284946 -0.2301534 -0.5105157 -0.8236227 -0.2531317 -0.5075137 -0.9615365 -0.2531288 -0.1066461 -0.9672228 -0.2301559 -0.1072767 -0.9938231 0.01300978 -0.1102113 -0.9830228 0.01300972 -0.1830217 -0.9826973 -0.0288341 -0.1829609 -0.9665768 -0.02883386 -0.2547512 -0.9643263 -0.07401788 -0.254158 -0.9430157 -0.07401758 -0.3244115 -0.9386776 -0.1208621 -0.3229191 -0.9123779 -0.1208625 -0.3910996 -0.906584 -0.1645694 -0.3886161 -0.8755338 -0.1645696 -0.4542659 -0.8693903 -0.2017142 -0.4510786 -0.8338644 -0.2017152 -0.513791 -0.8285067 -0.230167 -0.51049 -0.9510865 -0.2531294 -0.1770873 -0.9190399 0.01300907 -0.3939501 -0.8875704 0.01300889 -0.4604883 -0.8872765 -0.02884149 -0.4603355 -0.8510061 -0.02884292 -0.5243633 -0.8490254 -0.07400983 -0.5231429 -0.8875635 0.01301574 -0.4605018 -0.8512776 0.0130164 -0.5245543 -0.8509962 -0.02883094 -0.52438 -0.8512812 0.01301366 -0.5245483 -0.7630676 -0.07401132 -0.6420671 -0.7595559 -0.1208693 -0.6391131 -0.7595466 -0.1208596 -0.6391261 -0.7547239 -0.1645646 -0.6350674 -0.7547275 -0.1645697 -0.6350617 -0.7494324 -0.2017103 -0.6306061 -0.7402507 -0.2531285 -0.6228603 -0.765115 0.01300793 -0.6437622 -0.7156719 0.01300758 -0.6983155 -0.7154348 -0.02882212 -0.6980848 -0.6621294 -0.02882152 -0.7488352 -0.6605885 -0.07401561 -0.7470907 -0.6038581 -0.07401525 -0.793648 -0.6010793 -0.1208679 -0.7899967 -0.541343 -0.1208672 -0.8320691 -0.5379045 -0.164568 -0.8267866 -0.475617 -0.1645681 -0.8641214 -0.4722784 -0.2017347 -0.8580538 -0.4078954 -0.2017351 -0.890463 -0.4052771 -0.2301682 -0.8847448 -0.3390692 -0.2301689 -0.9121701 -0.337077 -0.2531319 -0.9068094 -0.2694563 -0.253132 -0.9291489 -0.710501 -0.1208708 -0.6932378 -0.7059904 -0.1645641 -0.6888369 -0.7059906 -0.1645654 -0.6888364 -0.7010347 -0.2017233 -0.6840016 -0.7010201 -0.2017092 -0.6840207 -0.696514 -0.230167 -0.679626 -0.6623682 0.01301467 -0.7490654 -0.6621503 -0.02883672 -0.748816 -0.6038602 -0.07401686 -0.7936463 -0.6052692 -0.02883684 -0.7954984 -0.6533684 -0.1645635 -0.7389374 -0.6487956 -0.2017235 -0.7337384 -0.6487834 -0.2017146 -0.7337516 -0.5930646 -0.2017135 -0.7794781 -0.6446442 -0.2301678 -0.7290108 -0.64463 -0.2301558 -0.7290271 -0.5892459 -0.2301566 -0.7744788 -0.5892544 -0.2301623 -0.7744706 -0.5306746 -0.2301626 -0.8157266 -0.5858116 -0.2531388 -0.7698997 -0.6408545 -0.253138 -0.7247253 -0.5857822 -0.253129 -0.7699254 -0.7156605 0.01301413 -0.6983271 -0.5413184 -0.1208515 -0.8320873 -0.5438199 -0.07401847 -0.8359313 -0.5275677 -0.2531291 -0.8109243 -0.5275548 -0.2531256 -0.8109337 -0.4821476 0.01300555 -0.8759936 -0.4821258 0.01301622 -0.8760054 -0.5452888 0.0130164 -0.8381473 -0.4819667 -0.02881801 -0.8757156 -0.4162355 -0.0288183 -0.9088001 -0.4152666 -0.07401108 -0.9066841 -0.3474645 -0.07401043 -0.9347679 -0.3458657 -0.1208541 -0.9304683 -0.2764887 -0.1208536 -0.9533879 -0.2747328 -0.1645741 -0.9473317 -0.2042144 -0.164574 -0.9649933 -0.2027816 -0.2017167 -0.9582224 -0.1317294 -0.2017371 -0.970541 -0.1308838 -0.2301516 -0.9643131 -0.05967897 -0.2301512 -0.9713233 -0.05932629 -0.2531344 -0.9656104 0.01185858 -0.2531349 -0.9673583 -0.416413 0.01300573 -0.9090827 -0.4164033 0.01301109 -0.909087 -0.3483824 0.01301109 -0.9372622 -0.478641 -0.1208509 -0.8696539 -0.4756009 -0.1645575 -0.8641323 -0.4107608 -0.1645569 -0.8967702 -0.4078766 -0.2017232 -0.8904743 -0.3412501 -0.2017235 -0.918072 -0.3390603 -0.2301637 -0.9121748 -0.2710369 -0.230164 -0.9346462 -0.2694465 -0.2531284 -0.9291526 -0.2003557 -0.2531288 -0.9464585 -0.4664792 -0.2531248 -0.8475405 -0.416275 -0.02884405 -0.9087812 -0.3482888 -0.02884477 -0.9369434 -0.3474776 -0.07401943 -0.9347623 -0.2777822 -0.07401967 -0.9577882 -0.2765044 -0.1208629 -0.9533822 -0.205488 -0.1208624 -0.9711678 -0.2041833 -0.1645568 -0.9650027 -0.1326489 -0.1645779 -0.977404 -0.1317162 -0.2017308 -0.9705439 -0.06007504 -0.2017301 -0.9775971 -0.05968976 -0.230157 -0.9713212 0.0119456 -0.2301568 -0.9730803 0.01187342 -0.253131 -0.9673592 -0.3482686 -0.02883189 -0.9369513 -0.2783874 -0.02883154 -0.9600362 -0.2777413 -0.07399505 -0.9578019 -0.2064 -0.07399427 -0.9756659 -0.2054505 -0.1208404 -0.9711785 -0.1334418 -0.1208615 -0.9836594 -0.1325946 -0.1645485 -0.9774163 -0.06044834 -0.1645471 -0.9845153 -0.06002455 -0.201703 -0.9776058 0.0120247 -0.2017023 -0.9793732 0.01194715 -0.230156 -0.9730805 -0.1343628 0.01301032 -0.9908469 -0.06130462 0.01301074 -0.9980344 -0.06128704 -0.02882999 -0.9977037 0.0122388 -0.02882975 -0.9995095 0.0122078 -0.07403147 -0.9971812 -0.06132 0.01300519 -0.9980335 0.01227891 0.01300483 -0.99984 0.01227325 -0.02880913 -0.9995096 0.01226258 0.01299917 -0.9998403 0.1588649 0.01301127 -0.9872146 0.1588804 0.01300412 -0.9872123 0.1588284 -0.02882856 -0.9868853 0.1588408 -0.02883577 -0.986883 0.1584705 -0.07401013 -0.984586 0.1585142 -0.0740351 -0.9845771 0.157786 -0.120846 -0.980051 0.1578193 -0.1208653 -0.9800432 0.156818 -0.1645735 -0.9738191 0.1568201 -0.1645753 -0.9738185 0.1557192 -0.2017184 -0.9669857 0.1557651 -0.2017425 -0.9669733 0.1547644 -0.2301679 -0.9607657 0.1547501 -0.2301592 -0.9607701 0.1538382 -0.2531235 -0.9551243 0.1538989 -0.2531382 -0.9551106 0.2310655 0.0130276 -0.972851 0.2310889 0.01301789 -0.9728456 0.2310119 -0.02881264 -0.9725243 0.2310567 -0.02883785 -0.9725129 0.2305182 -0.0740121 -0.9702492 0.2305231 -0.07401537 -0.9702479 0.2294631 -0.1208426 -0.9657866 0.2294812 -0.1208533 -0.965781 0.2280242 -0.1645549 -0.9596493 0.2280734 -0.1645815 -0.959633 0.2264721 -0.201723 -0.9528999 0.2264437 -0.2017082 -0.9529098 0.2249894 -0.2301423 -0.9467917 0.2250264 -0.230161 -0.9467784 0.2237049 -0.2531225 -0.9412148 0.3020031 0.01301801 -0.9532181 0.3018853 -0.02883708 -0.9529081 0.3019023 -0.02882754 -0.9529029 0.3711642 -0.02882754 -0.9281197 0.3011644 -0.0740152 -0.9506955 0.301182 -0.07400405 -0.9506908 0.3703019 -0.07400345 -0.9259591 0.370302 -0.07400304 -0.9259589 0.4374161 -0.07400381 -0.896209 0.2997965 -0.1208533 -0.9463174 0.2997774 -0.1208637 -0.9463222 0.3685963 -0.120864 -0.9216988 0.3685978 -0.1208631 -0.9216983 0.4353927 -0.1208634 -0.8920904 0.4354028 -0.1208559 -0.8920865 0.4998588 -0.1208556 -0.8576335 0.2978766 -0.1645801 -0.9403101 0.2978903 -0.1645718 -0.9403071 0.3662399 -0.1645717 -0.9158518 0.366257 -0.1645622 -0.9158468 0.4326584 -0.164562 -0.886412 0.4326256 -0.1645807 -0.8864244 0.4966675 -0.1645805 -0.8521941 0.496684 -0.1645717 -0.8521862 0.558007 -0.164572 -0.8133538 0.2957969 -0.2017071 -0.9337122 0.2957867 -0.2017123 -0.9337143 0.3636911 -0.2017124 -0.9094179 0.363668 -0.2017238 -0.9094246 0.4296091 -0.2017239 -0.8801953 0.4296228 -0.2017162 -0.8801903 0.4931931 -0.2017167 -0.8462099 0.4931836 -0.2017216 -0.8462141 0.5540876 -0.2017226 -0.8076478 0.5540919 -0.20172 -0.8076455 0.6120113 -0.2017206 -0.7646902 0.2939089 -0.2301594 -0.9277092 0.2938961 -0.2301666 -0.9277114 0.3613206 -0.2301663 -0.9035878 0.3613533 -0.2301486 -0.9035793 0.4268497 -0.2301493 -0.8745461 0.4268525 -0.2301478 -0.874545 0.4900423 -0.2301484 -0.8407677 0.4900256 -0.2301575 -0.8407749 0.5505204 -0.2301573 -0.8024681 0.5505304 -0.2301514 -0.8024629 0.6080768 -0.2301519 -0.7597848 0.6080828 -0.2301477 -0.7597811 0.5034832 0.01300507 -0.8639073 0.5035032 0.01301443 -0.8638954 0.4385949 0.01301425 -0.8985907 0.5033366 -0.0288192 -0.8636097 0.5654904 -0.02881962 -0.8242512 0.5641733 -0.07401603 -0.8223323 0.6231469 -0.07401573 -0.7785947 0.5654767 -0.0288285 -0.8242604 0.5656644 0.01300495 -0.8245331 0.6231715 -0.07399857 -0.7785767 0.6246252 -0.02882832 -0.7803925 0.678749 -0.07399892 -0.7306326 0.7882877 0.01300835 -0.6151694 0.7982417 0.01300877 0.6021968 0.6894859 0.01301115 0.7241823 0.6279938 0.01301074 0.7781097 0.6277861 -0.02882391 0.7778521 0.5621219 -0.02882403 0.826552 0.5608138 -0.07399988 0.8246285 0.4915429 -0.07400041 0.8677036 0.489282 -0.1208454 0.8637126 0.4170905 -0.1208466 0.900795 0.4144429 -0.1645498 0.8950757 0.3398894 -0.1645499 0.9259582 0.3375064 -0.2016924 0.9194617 0.2611432 -0.2016922 0.9439939 0.2594681 -0.2301104 0.9379369 0.6876557 -0.07399481 0.7222565 0.684497 -0.1208379 0.7189313 0.6844934 -0.1208338 0.7189353 0.6234344 -0.1208333 0.7724822 0.6194751 -0.1645464 0.7675775 0.6151447 -0.2017024 0.7621766 0.6111983 -0.2301168 0.7572866 0.6112045 -0.2301216 0.7572802 0.607612 -0.2530909 0.7528298 0.6075987 -0.2530861 0.7528422 0.6280019 0.01300626 0.7781032 0.5623139 0.01300603 0.8268218 0.5621284 -0.02882808 0.8265475 0.4926957 -0.02882796 0.8697242 0.4915488 -0.07400536 0.8676999 0.4190034 -0.07400488 0.9049639 0.4170768 -0.1208362 0.9008028 0.3420392 -0.1208367 0.9318839 0.3398686 -0.1645355 0.9259684 0.2629474 -0.164534 0.9506773 0.2611021 -0.2016669 0.9440107 0.5508005 -0.2016915 0.8099009 0.5546919 -0.1645466 0.8156233 0.5440366 -0.253091 0.7999808 0.5440344 -0.2530907 0.7999823 0.5472518 -0.2301169 0.8047123 0.5622965 0.01301562 0.8268333 0.4928559 0.01301592 0.8700136 0.4926924 -0.02882534 0.8697261 0.4199727 -0.02882611 0.9070789 0.4189955 -0.07399922 0.904968 0.3436104 -0.07399874 0.9361923 0.3420324 -0.1208309 0.9318873 0.2646144 -0.1208296 0.9567548 0.2629358 -0.1645271 0.9506818 0.4796798 -0.2301237 0.8467293 0.4827778 -0.2016925 0.8522006 0.4768585 -0.2530906 0.8417549 0.4088851 -0.2301245 0.8830944 0.3333503 -0.2530936 0.9081968 0.4064828 -0.2530935 0.8779041 0.1061519 0.01300901 0.9942649 0.1061362 0.01301699 0.9942664 0.1061015 -0.02883189 0.9939373 0.106088 -0.02882432 0.9939389 0.1058415 -0.07399672 0.991626 0.1058648 -0.07401037 0.9916225 0.1053776 -0.1208296 0.9870643 0.1053816 -0.120832 0.9870635 0.1039764 -0.2016811 0.9739167 0.1047126 -0.1645457 0.9807956 0.1047312 -0.1645583 0.9807915 0.1039977 -0.2016936 0.9739118 -0.7069153 -0.6751801 0.2107192 -0.7048199 -0.6748646 0.2186018 -0.70844 -0.6436489 0.2895324 -0.7055357 -0.642184 0.2996985 -0.7075068 -0.6006209 0.3724094 -0.7063791 -0.5997017 0.3760141 -0.7064888 -0.5487797 0.4468943 -0.7067121 -0.6910548 0.1516621 -0.7032778 -0.6981396 0.1341698 -0.7101594 -0.6987762 0.08593922 -0.7032684 -0.7093541 0.04722869 -0.7101699 -0.7040303 0 -0.70326 -0.709782 -0.04043453 -0.7101789 -0.6987566 -0.08593791 -0.7032533 -0.6994157 -0.1274861 -0.7073459 -0.6903759 -0.151799 -0.7057492 -0.6762019 -0.2113511 -0.7055902 -0.6761945 -0.2119046 -0.7074312 -0.6445749 -0.2899385 -0.7064443 -0.6442004 -0.2931594 -0.7064225 -0.6032376 -0.370232 -0.7074523 -0.6006668 -0.3724387 -0.7055693 -0.5537528 -0.4421876 -0.7083963 -0.5455434 -0.4478361 -0.7048489 -0.4956198 -0.507493 -0.7091748 -0.4811595 -0.515322 -0.7042582 -0.4297583 -0.5650914 -0.7098008 -0.4085794 -0.5737994 -0.7038097 -0.3571444 -0.6140845 -0.7102537 -0.329115 -0.6222726 -0.7034818 -0.2790052 -0.6536586 -0.710561 -0.2439963 -0.6599764 -0.7033026 -0.1964609 -0.6832047 -0.7107018 -0.1547757 -0.6862562 -0.7032466 -0.1108929 -0.7022443 -0.7106817 -0.0628851 -0.7006976 -0.7033269 -0.02362763 -0.7104738 -0.710506 0.03012204 -0.7030462 -0.7035417 0.06398278 -0.7077679 -0.7101701 0.1226878 -0.6932576 -0.7038941 0.1505262 -0.6941722 -0.7096778 0.2132266 -0.6714848 -0.7043785 0.2346571 -0.6699157 -0.7091583 0.3035122 -0.6363764 -0.7052562 0.3149223 -0.6351674 -0.7077999 0.3866982 -0.5911716 -0.7061844 0.3902074 -0.5907976 -0.7071319 0.4274706 -0.5632348 -0.7073538 0.4319561 -0.5595218 -0.7085878 0.4417191 -0.5502614 -0.7142833 0.4539511 -0.5326611 -0.7182953 0.4573786 -0.5242679 -0.7089098 0.4769308 -0.5195998 -0.7055934 0.499464 -0.5026664 -0.7187681 0.5108511 -0.4715969 -0.7460266 0.5083595 -0.4301337 -0.7073798 -0.5463311 0.4484822 -0.7056269 -0.4902043 0.5116547 -0.7083331 -0.4817371 0.5159395 -0.7048962 -0.4239506 0.5686717 -0.7091291 -0.4089878 0.5743388 -0.7042996 -0.3510107 0.6170524 -0.7097575 -0.3293313 0.6227241 -0.7038328 -0.2725811 0.655987 -0.7102258 -0.2441341 0.6602863 -0.7035015 -0.18988 0.6848586 -0.7105414 -0.1548124 0.686414 -0.703305 -0.1041471 0.703218 -0.7106921 -0.06286126 0.7006891 -0.7032461 -0.01683115 0.7107473 -0.710691 0.03011506 0.7028595 -0.7033178 0.07077997 0.7073432 -0.7105216 0.122604 0.6929122 -0.7035206 0.1572349 0.6930627 -0.7102003 0.2130669 0.670983 -0.7038621 0.2412424 0.6681169 -0.7087501 0.2877637 0.6441005 -0.7027782 0.32212 0.6343039 -0.7084251 0.3438051 0.6163863 -0.7040916 0.3969988 0.5887673 -0.7034525 0.3959007 0.5902689 -0.7087413 0.4427846 0.5492064 -0.6996489 0.4693207 0.5387297 -0.7096207 0.4854962 0.5106191 -0.7024517 0.5264596 0.4789593 -0.6967843 0.5341418 0.4787319 -0.7129439 0.5572865 0.4256089 -0.6767575 0.6045417 0.4201532 -0.001152575 -0.9998385 0.01793527 2.73538e-4 -0.999856 0.01697391 0.001099288 -0.99984 0.0178619 0.002516806 -0.9998551 0.016837 0.003270685 -0.999841 0.01753425 0.004733324 -0.999854 0.01642107 0.005372762 -0.9998424 0.01692426 0.00689429 -0.9998524 0.01573979 0.007365465 -0.9998441 0.01604658 0.008968055 -0.9998505 0.01479053 0.009214699 -0.9998463 0.01491934 0.01091009 -0.9998481 0.01359617 0.01090335 -0.9998487 0.01355797 0.0125913 -0.9998458 0.01224732 0.01250034 -0.999851 0.01190948 0.01409089 -0.9998437 0.0106799 0.01387506 -0.9998528 0.0100947 0.01537787 -0.9998421 0.008921861 0.01501011 -0.9998543 0.00813502 0.01642471 -0.9998407 0.006999373 0.01589244 -0.9998554 0.006063282 0.01721084 -0.9998397 0.004945576 0.01651239 -0.9998561 0.003905832 0.01717483 -0.9998472 0.003296375 -0.001964926 -0.9998561 0.01684838 -0.003442287 -0.9998384 0.01764953 -0.004167079 -0.9998564 0.01643222 -0.005676627 -0.9998382 0.01707202 -0.006295323 -0.9998565 0.01573282 -0.007818162 -0.9998381 0.01620918 -0.008313834 -0.9998565 0.01476407 -0.009830176 -0.9998381 0.01507693 -0.01018929 -0.9998565 0.01354104 -0.01167696 -0.9998381 0.01369017 -0.01188826 -0.9998564 0.0120815 -0.01332956 -0.9998382 0.01207995 -0.01338469 -0.9998562 0.01041328 -0.01475763 -0.9998384 0.01026582 -0.01465106 -0.9998561 0.008563876 -0.01593816 -0.9998387 0.008285403 -0.01566678 -0.9998558 0.006563186 -0.01685065 -0.9998391 0.006169259 -0.01641356 -0.9998555 0.004445552 -0.01748079 -0.9998394 0.003956973 -0.01687878 -0.9998551 0.002245843 -0.01781833 -0.9998399 0.001682877 -0.0170539 -0.9998546 0 -0.01785832 -0.9998404 -6.11328e-4 -0.01693481 -0.9998541 -0.002252459 -0.01760089 -0.999841 -0.002887666 -0.01652264 -0.9998536 -0.004475116 -0.01705163 -0.9998416 -0.005107581 -0.01582282 -0.9998529 -0.006628751 -0.01622092 -0.9998423 -0.007232367 -0.01484656 -0.9998521 -0.008678615 -0.01512497 -0.9998431 -0.009227335 -0.01360875 -0.9998514 -0.01058828 -0.01378273 -0.9998439 -0.01105988 -0.01212799 -0.9998505 -0.01232618 -0.01221805 -0.9998447 -0.01269692 -0.01042878 -0.9998496 -0.01386046 -0.01045984 -0.9998458 -0.0141133 -0.008538603 -0.9998487 -0.01516222 -0.00853908 -0.9998467 -0.01528906 -0.006493449 -0.9998475 -0.01621246 -0.006482958 -0.9998478 -0.01620215 -0.00437808 -0.9998466 -0.01696598 -0.004274904 -0.9998489 -0.01685762 -0.002177178 -0.9998455 -0.01744377 -0.00200802 -0.9998497 -0.01721864 7.47601e-5 -0.9998447 -0.01762956 2.78985e-4 -0.9998507 -0.01728063 0.002338528 -0.9998438 -0.01752287 0.002547442 -0.9998516 -0.01704525 0.004574656 -0.999843 -0.01712512 0.004760682 -0.9998524 -0.01651513 0.00674647 -0.9998422 -0.01643657 0.006880581 -0.999853 -0.01570808 0.008814632 -0.9998415 -0.01547342 0.00887227 -0.9998536 -0.01463103 0.01074469 -0.9998409 -0.01424396 0.01070338 -0.9998542 -0.01330906 0.01250261 -0.9998403 -0.01277536 0.01234346 -0.9998547 -0.01175999 0.01405769 -0.9998399 -0.01108485 0.01376557 -0.9998552 -0.01001507 0.01538276 -0.9998393 -0.009206235 0.01494669 -0.9998555 -0.008101522 0.01645416 -0.999839 -0.007169783 0.01586729 -0.9998558 -0.006053686 0.01725351 -0.9998387 -0.005008459 0.01651257 -0.9998561 -0.003906309 0.01717472 -0.9998471 -0.00329864 -0.0173906 0.9998232 -0.007157564 -0.01700121 0.9998346 0.00647664 0.01717191 -0.9998472 0.003304421 0.01717722 -0.9998471 0.003300189 0.04448062 0.3023524 0.9521579 -0.02016377 0.2364677 0.9714301 0.02792221 0.1741649 0.9843206 -0.008228302 0.1369605 0.9905424 0.01127803 0.04280406 0.9990199 0.004293143 0.03571975 0.9993526 -0.003435134 -0.06142586 0.9981058 0.01190239 -0.08934712 0.9959295 -0.007303297 -0.1605099 0.9870073 0.01238375 -0.2199937 0.9754227 -0.005139708 -0.2601174 0.9655633 0.007783353 -0.3467838 0.9379128 0.001363337 -0.3570968 0.9340664 -0.001279473 -0.4498149 0.893121 0.01023024 -0.4674792 0.8839449 -0.007082045 -0.5387155 0.842458 0.01464879 -0.5799973 0.8144867 -0.00810641 -0.6206897 0.7840145 0.0128082 -0.6824088 0.7308586 4.03657e-4 -0.693912 0.7200598 -3.00516e-4 -0.7618033 0.6478083 0.02283054 -0.7727262 0.6343288 -0.01718676 -0.8245747 0.565492 0.04677468 -0.8489571 0.5263878 -0.03617405 -0.8781931 0.4769365 0.07368093 -0.9095013 0.4091194 0.004416048 -0.9910085 -0.1337266 0.004583477 -0.9910088 -0.1337181 0.0346499 -0.9914131 -0.1260941 0.00578624 -0.9925054 -0.1220638 -0.02188193 -0.9987999 -0.04381906 0.05046242 -0.998726 0 -0.02188044 -0.9987998 0.04382133 0.03182715 -0.9920192 0.1220034 0.004549264 -0.9910053 0.133746 0.01741081 -0.999834 -0.005386292 0.01690173 -0.9998245 0.008087515 0 1 0 0 1 0 0 1 -5.52245e-7 0 1 -3.67445e-7 0 1 -7.3535e-7 0 1 6.27041e-7 0 1 -3.125e-7 0 1 1.47578e-6 0 1 -9.39539e-7 0 1 9.41417e-7 0 1 -7.05951e-7 0 1 -4.3101e-7 0 1 1.47358e-6 0 1 -5.085e-7 0 1 5.46237e-7 0 1 -1.47518e-6 0 1 9.3979e-7 0 1 -3.13658e-7 0 1 -3.13819e-7 0 1 -3.13392e-7 0 1 -6.25435e-7 0 1 3.68659e-7 0 1 3.67501e-7 0 1 1.83751e-7 0 1 0 0 1 2.92331e-7 0 1 -7.34953e-7 0 1 6.2652e-7 0 1 -7.81533e-7 0 1 1.47358e-6 0 1 -3.13181e-7 0 1 3.12498e-7 0 1 -7.35349e-7 0 1 6.27554e-7 0 1 -7.34899e-7 0 1 -7.36327e-7 -6.78259e-6 0.9983105 0.05810558 8.0449e-5 0.9994225 0.03398269 -0.03982394 0.9982954 0.04266595 4.32498e-5 0.9973996 0.07207036 5.30752e-4 0.9957127 0.09249842 0.001432716 0.9936085 0.1128733 -3.79307e-4 0.9922112 0.1245676 8.83351e-4 0.9904103 0.1381552 0.001932799 0.9926966 0.1206222 -0.02388894 0.9941654 0.1051879 -0.03241455 0.9942827 0.1017412 -2.50947e-4 0.9963939 0.08484876 2.13136e-4 0.9979247 0.06439149 0 0.9302115 -0.3670242 0.001001 0.9312453 -0.3643915 0.001634955 0.9285378 -0.3712344 -3.71361e-4 0.9501908 -0.3116689 0.001156687 0.9669204 -0.255076 0.001383483 0.9676585 -0.2522602 -3.78643e-4 0.9804978 -0.1965301 9.07964e-4 0.9905265 -0.1373191 0.001508712 0.9915987 -0.1293438 -3.5934e-4 0.9970261 -0.07706528 7.20921e-4 0.9998628 -0.01655346 -2.4108e-4 0.9864261 0.1642059 3.58247e-4 0.974799 0.2230848 0.001664161 0.9698379 0.2437456 -1.21851e-4 0.95982 0.2806163 1.44001e-4 0.9415608 0.3368431 0.001654446 0.9317652 0.3630576 8.01867e-5 0.9202688 0.3912869 -1.44503e-4 0.8831272 0.4691336 6.19566e-4 0.8790917 0.4766525 -6.09304e-4 0.8211592 0.570699 6.94237e-4 0.8126139 0.5828021 -6.80754e-4 0.7446761 0.6674258 7.65942e-4 0.7334039 0.6797928 -7.49778e-4 0.6568631 0.7540096 8.33695e-4 0.642688 0.7661275 -8.1663e-4 0.5590664 0.8291226 8.96692e-4 0.5419086 0.8404369 -8.82409e-4 0.4527911 0.8916163 9.60373e-4 0.432596 0.9015874 -9.4086e-4 0.3396157 0.9405639 0.001020789 0.3165318 0.9485813 -9.97991e-4 0.2212464 0.9752175 0.001074492 0.1954996 0.9807033 -0.001054525 0.09956771 0.9950304 0.001128494 0.07138681 0.9974481 -3.78333e-4 0.007295668 0.9999734 -5.08271e-4 0.002413213 0.999997 -5.27422e-4 0.001891911 0.9999982 -5.8139e-4 -3.42041e-5 0.9999999 -6.49425e-4 -0.002082526 0.9999976 -7.06124e-4 -0.003828942 0.9999925 -8.41044e-4 -0.007758915 0.9999696 -0.001440644 -0.02367424 0.9997188 0.001498401 -0.07138675 0.9974477 -0.001461505 -0.1465035 0.9892091 0.001520752 -0.1954994 0.9807026 -0.00147897 -0.2671756 0.9636468 0.00153625 -0.3165315 0.9485808 -0.00149548 -0.3837196 0.9234486 0.001550257 -0.4325956 0.9015868 -0.001508176 -0.4944486 0.8692056 0.001562893 -0.5419073 0.8404369 -0.001516819 -0.5976938 0.801723 0.00156933 -0.6426876 0.7661269 -0.001525044 -0.6918082 0.7220798 0.001574099 -0.7334025 0.6797929 -0.001528561 -0.7754136 0.6314519 0.001576602 -0.8126137 0.5828006 -0.001529216 -0.8472343 0.5312173 0.001576602 -0.8790908 0.4766519 -0.00152558 -0.9061757 0.4228985 0.001572787 -0.9317649 0.3630588 -0.001521289 -0.9513348 0.3081555 0.001565635 -0.9698385 0.2437435 -0.001512944 -0.9820286 0.1887264 0.0015558 -0.9926972 0.1206223 -0.001501739 -0.9977899 0.06643164 0.001543045 -0.9999892 -0.004392623 -0.001487612 -0.9983803 -0.0568754 0.001527547 -0.9915984 -0.1293454 -0.001470208 -0.9837897 -0.17932 0.001508772 -0.9676585 -0.2522596 -0.001450657 -0.9542406 -0.2990368 0.001486778 -0.9285383 -0.3712337 -0.001426815 -0.9101836 -0.4142028 0.001462936 -0.8748635 -0.4843675 -0.001401007 -0.8522821 -0.5230807 0.001434743 -0.8074623 -0.5899175 -0.001371979 -0.781428 -0.6239939 0.001404047 -0.7274076 -0.6862042 -0.001340866 -0.6986878 -0.7154256 0.001369416 -0.6359375 -0.7717394 -0.00130558 -0.6053397 -0.7959662 0.001334488 -0.5344767 -0.8451822 -0.001266717 -0.5027444 -0.8644343 0.001293718 -0.4246836 -0.905341 -0.001226603 -0.3925703 -0.9197212 0.001252591 -0.3081626 -0.9513329 -0.001180946 -0.2763586 -0.9610539 0.001207351 -0.186867 -0.9823846 -0.001135349 -0.1559789 -0.9877597 0.001157939 -0.06260877 -0.9980375 -0.001084446 -0.03323847 -0.9994469 0.001107573 0.06260877 -0.9980375 -0.001032769 0.09003311 -0.9959383 0.001052141 0.1868671 -0.9823848 -9.76588e-4 0.2119174 -0.9772872 9.94527e-4 0.3081628 -0.9513331 -9.19641e-4 0.3305842 -0.9437761 9.33302e-4 0.4246837 -0.9053413 -8.53861e-4 0.4442083 -0.8959232 4.69287e-4 0.513828 -0.8578931 -4.04853e-4 0.5161573 -0.8564937 -0.003424406 0.5228458 -0.8524205 -0.008724689 0.5313848 -0.8470856 -0.0262351 0.5426877 -0.8395248 -0.06828981 0.5498349 -0.8324771 0.001739442 0.5344759 -0.845182 0.001978456 0.5310429 -0.8473427 8.11087e-4 0.5505313 -0.8348142 1.11861e-5 0.5731077 -0.8194801 -1.51094e-5 0.5992185 -0.8005855 0.001497507 0.635937 -0.7717395 -4.01011e-4 0.6518717 -0.7583293 4.78093e-4 0.7251929 -0.6885457 8.27859e-4 0.727407 -0.6862058 -6.45354e-4 0.7910799 -0.6117125 0.001667737 0.8074624 -0.5899168 -0.001199781 0.8488779 -0.5285878 0.001935601 0.8748624 -0.4843678 -0.001184046 0.8979579 -0.4400797 0.001588344 0.9999891 -0.004395484 -1 0 0 -1 -6.68106e-7 0 -1 8.72278e-7 0 0.7181255 0 -0.6959137 0.6737645 0.005207121 -0.7389278 0.5735962 -0.002049684 -0.8191357 0.4180822 0.00365746 -0.9084019 0.3892778 5.3386e-4 -0.9211204 0.1685059 -5.26285e-4 -0.9857006 0.1229403 0.003594994 -0.9924076 -0.01219874 -6.76222e-4 -0.9999254 -0.1336508 0.001394152 -0.9910276 -0.1836359 0.00469011 -0.9829832 -0.305631 -0.002522706 -0.9521467 -0.4730235 0.003929734 -0.8810411 -0.5039282 6.56905e-4 -0.8637453 -0.6640986 -5.66175e-4 -0.7476448 -0.7178717 0.005607783 -0.6961529 -0.7681546 7.29894e-4 -0.640264 -0.8332186 -4.84576e-4 -0.5529436 -0.8951472 0.004486262 -0.4457481 -0.9085015 0.001132249 -0.4178804 -0.9705698 -7.71693e-4 -0.240819 -0.9970231 0 -0.07710373 -0.9881432 0.006529748 -0.1533967 0 1 3.78795e-7 0 1 -1.45176e-6 0 1 7.38214e-7 0 1 -4.95871e-7 0 1 0 0 1 4.43412e-7 0 1 -2.5498e-6 0 -1 0 0.9923171 0.001930236 -0.123706 0.9807786 -0.003776967 -0.1950873 0.9731503 0.003920555 -0.2301375 0.9469257 -0.003863871 -0.3214294 0.9343072 0.004011452 -0.3564463 0.8968582 -0.003947019 -0.4423009 0.8791561 0.004087746 -0.4765167 0.8314751 -0.004033327 -0.5555474 0.8086356 0.004173517 -0.5882951 0.7518225 -0.00410515 -0.6593528 0.7240017 0.004245698 -0.6897852 0.6593364 -0.004179775 -0.7518365 0.6267278 0.004316806 -0.7792264 0.5555722 -0.004247605 -0.8314575 0.5185158 0.00438565 -0.8550569 0.4422751 -0.00431323 -0.8968691 0.4012364 0.004445135 -0.9159638 0.3214522 -0.004374206 -0.9469157 0.2769696 0.004506051 -0.9608681 0.195086 -0.004432618 -0.9807762 0.1478171 0.004562318 -0.9890042 0.06539559 -0.004480481 -0.9978494 0.01614463 0.00461179 -0.9998591 -0.06539678 -0.004532098 -0.9978491 -0.1158399 0.004658162 -0.993257 -0.195087 -0.004577219 -0.9807752 -0.2457988 0.004699826 -0.9693096 -0.3214471 -0.004620194 -0.9469164 -0.3714722 0.004734814 -0.928432 -0.4422806 -0.004657268 -0.8968647 -0.4906633 0.004773855 -0.8713362 -0.5555719 -0.004685223 -0.8314553 -0.601254 0.004802405 -0.7990437 -0.6593342 -0.004716813 -0.7518352 -0.7013596 0.004826605 -0.7127913 -0.7518206 -0.004742443 -0.6593508 -0.7892382 0.004853665 -0.6140682 -0.8314725 -0.004760801 -0.5555457 -0.8633194 0.004867851 -0.5046345 -0.8968547 -0.004774868 -0.4422995 -0.9223151 0.004887461 -0.3864079 -0.946922 -0.004787147 -0.3214281 -0.9652146 0.004894375 -0.2614135 -0.9807744 -0.004796981 -0.1950865 -0.9912565 0.004900157 -0.1318585 -0.9978479 -0.004802107 -0.06539607 -0.9999881 0.004900574 0 -0.9978479 -0.004801213 0.06539607 -0.9912564 0.004901349 0.1318585 -0.9807732 -0.004796266 0.1950925 -0.9652146 0.004894375 0.2614135 -0.946922 -0.004787147 0.3214281 -0.9223198 0.004885613 0.3863967 -0.8968547 -0.004778981 0.4422995 -0.8633194 0.004863142 0.5046345 -0.8314724 -0.004765868 0.5555456 -0.7892264 0.004850387 0.6140832 -0.7518206 -0.004742443 0.6593508 -0.7013596 0.004826605 0.7127913 -0.6593342 -0.004716813 0.7518352 -0.6012742 0.004799246 0.7990283 -0.555571 -0.004692912 0.8314558 -0.4906401 0.004769206 0.8713493 -0.4422806 -0.004657268 0.8968647 -0.3714722 0.004734814 0.928432 -0.3214471 -0.004620194 0.9469164 -0.2457988 0.004699826 0.9693096 -0.195087 -0.004577219 0.9807752 -0.1158399 0.004658162 0.993257 -0.06539678 -0.004532098 0.9978491 0.01611292 0.004608333 0.9998596 0.06539678 -0.00448966 0.9978492 0.147847 0.004556536 0.9889998 0.195086 -0.004432618 0.9807762 0.2769403 0.004502892 0.9608766 0.3214522 -0.004382908 0.9469157 0.4012373 0.004436731 0.9159634 0.4422751 -0.004321515 0.8968691 0.5185149 0.004377841 0.8550574 0.5555721 -0.004255294 0.8314574 0.6267471 0.004311978 0.7792108 0.6593364 -0.004179775 0.7518365 0.7240017 0.004245698 0.6897852 0.7518225 -0.00410515 0.6593528 0.8086356 0.004173457 0.5882951 0.8314751 -0.004033327 0.5555474 0.8791561 0.004087865 0.4765167 0.896858 -0.003947079 0.4423011 0.9343073 0.004011452 0.356446 0.9469257 -0.003863871 0.3214295 0.9731503 0.003920674 0.2301375 0.9807775 -0.003775894 0.1950933 0.9923171 0.001931667 0.1237059 0.9978492 -0.004532396 0.06539613 0.999132 0 0.04165732 0.9991321 0 -0.04165524 0.9978492 -0.004532992 -0.06539613 0.04457437 0.3023512 -0.9521539 -0.02010035 0.2364378 -0.9714387 0.02794271 0.1741974 -0.9843143 -0.008233666 0.1369603 -0.9905424 0.01127505 0.04280406 -0.9990199 0.004258692 0.03568637 -0.9993541 -0.003464818 -0.06142354 -0.9981058 0.01189023 -0.0893802 -0.9959267 -0.007309019 -0.1605112 -0.987007 0.01238429 -0.2199936 -0.9754228 -0.005140841 -0.2601324 -0.9655594 0.007784247 -0.3467546 -0.9379236 0.001384913 -0.3570322 -0.934091 -0.00127536 -0.4498561 -0.8931002 0.01022362 -0.467505 -0.8839313 -0.007081866 -0.5386977 -0.8424693 0.01464676 -0.5799746 -0.8145029 -0.008124768 -0.6207009 -0.7840054 0.01279354 -0.6824082 -0.7308593 3.63914e-4 -0.6939375 -0.7200351 -3.32139e-4 -0.761802 -0.64781 0.02280312 -0.7727257 -0.6343305 -0.01720237 -0.8245653 -0.5655052 0.04678541 -0.8489567 -0.5263876 -0.03616273 -0.8781924 -0.4769387 0.07371896 -0.9095041 -0.409106 0.06539702 0 0.9978594 0.06539696 0 0.9978594 -0.06539702 0 0.9978594 -0.06539696 0 0.9978594 -0.1950873 0 0.9807859 0.1950873 0 0.9807859 0.1950888 0 0.9807857 0.3214557 0 0.9469246 0.3214552 0 0.9469249 0.4422791 0 0.8968775 0.4422794 0 0.8968774 0.5555772 0 0.8314651 0.555577 0 0.8314651 0.6593422 0 0.751843 0.6593413 0 0.7518438 0.7518287 0 0.6593585 0.8314818 0 0.5555521 0.831482 0 0.5555517 0.8968651 0 0.4423043 0.8968648 0 0.4423049 0.9469329 0 0.3214315 0.9469327 0 0.3214318 0.9807845 0 0.1950945 0.9807845 0 0.1950948 0.9978594 0 0.06539672 0.9978594 0 0.0653969 0.9978594 0 -0.06539672 0.9978594 0 -0.0653969 0.9807857 0 -0.1950886 0.9807857 0 -0.1950887 0.9469329 0 -0.3214315 0.9469327 0 -0.3214319 0.8968652 0 -0.4423041 0.8968648 0 -0.4423049 0.831482 0 -0.5555517 0.8314818 0 -0.5555521 0.7518287 0 -0.6593585 0.6593418 0 -0.7518435 0.6593418 0 -0.7518435 0.5555772 0 -0.8314651 0.555577 0 -0.8314651 0.4422804 0 -0.8968769 0.4422782 0 -0.896878 0.3214557 0 -0.9469246 0.3214552 0 -0.9469249 0.1950888 0 -0.9807857 0.1950873 0 -0.9807859 0.06539702 0 -0.9978594 0.06539696 0 -0.9978594 -0.06539702 0 -0.9978594 -0.06539696 0 -0.9978594 -0.1950873 0 -0.9807859 -0.1950888 0 -0.9807857 -0.321451 0 -0.9469262 -0.3214505 0 -0.9469265 -0.4422852 0 -0.8968745 -0.4422861 0 -0.8968741 -0.5555778 0 -0.8314647 -0.5555765 0 -0.8314656 -0.6593422 0 -0.751843 -0.6593413 0 -0.7518438 -0.7518287 0 -0.6593585 -0.8314818 0 -0.5555521 -0.831482 0 -0.5555517 -0.8968651 0 -0.4423043 -0.8968648 0 -0.4423047 -0.9469328 0 -0.3214316 -0.9469327 0 -0.3214318 -0.9807857 0 -0.1950885 -0.9807857 0 -0.1950888 -0.9978594 0 -0.06539672 -0.9978594 0 -0.0653969 -0.9978594 0 0.06539672 -0.9978594 0 0.0653969 -0.9807845 0 0.1950946 -0.9807845 0 0.1950947 -0.9469329 0 0.3214315 -0.9469327 0 0.3214318 -0.8968651 0 0.4423043 -0.8968648 0 0.4423049 -0.831482 0 0.5555517 -0.8314818 0 0.5555521 -0.7518287 0 0.6593585 -0.6593418 0 0.7518435 -0.6593418 0 0.7518435 -0.5555778 0 0.8314647 -0.5555765 0 0.8314656 -0.4422864 0 0.8968739 -0.4422849 0 0.8968747 -0.321451 0 0.9469262 -0.3214505 0 0.9469265 -0.1950888 0 0.9807857 -0.06976455 0 0.9975635 -0.06976449 0 0.9975635 0.06976455 0 -0.9975636 0.06976443 0 -0.9975635 1 -6.86334e-7 0 1 1.27689e-6 0 1 -1.82791e-6 0 1 -1.41394e-6 0 1 -5.56771e-7 0 1 -1.11722e-6 0 1 2.83772e-6 0 1 -5.5937e-7 0 1 -1.11527e-6 0 1 -1.11872e-6 0 1 7.09682e-7 0 1 -1.11832e-6 0 1 1.42071e-6 0 1 1.11585e-6 0 1 -1.11477e-6 0 1 -1.11784e-6 0 1 -5.59392e-7 0 1 1.11751e-6 0 1 -2.84655e-6 0 1 1.11415e-6 0 1 -1.67453e-6 0 1 -1.18841e-6 0 1 1.18841e-6 0 1 1.67453e-6 0 1 -1.11415e-6 0 1 2.84655e-6 0 1 -1.11751e-6 0 1 5.59392e-7 0 1 1.11784e-6 0 1 1.11477e-6 0 1 -1.11585e-6 0 1 1.11832e-6 0 1 -1.41936e-6 0 1 -3.56094e-7 0 1 -1.77366e-7 0 1 1.11872e-6 0 1 -5.31728e-7 0 1 -3.55342e-7 0 1 1.11527e-6 0 1 -2.33443e-7 0 1 2.28956e-6 0 1 3.81546e-6 0 1 -1.29366e-6 0 1 -1.90526e-6 0 1 6.44586e-6 0 1 5.05687e-7 0 1 4.90232e-6 0 1 -5.51782e-6 0 1 4.93635e-6 0 1 -2.1113e-5 0 1 1.98915e-5 0 1 7.67879e-7 0 1 6.83719e-6 0 1 -3.19696e-6 0 1 2.00443e-5 0 1 2.07018e-5 0 1 1.14572e-6 0 1 2.13837e-6 0 1 -4.88095e-6 0 1 -2.76511e-6 0 1 6.34885e-7 0 1 6.86334e-7 0 1 1.49619e-6 0 1 3.78343e-6 0 1 -3.58269e-7 0 1 -3.10312e-6 0 1 -1.37593e-5 0 1 3.66375e-6 0 1 -3.47991e-6 0 1 -4.54741e-6 0 1 3.54396e-6 0 1 -1.12678e-5 0 1 7.36403e-6 0 0.7071213 -0.7070924 0 0.7071068 -0.7071068 0 0.7071163 -0.7070974 0 0.707117 -0.7070966 0 0.7930603 0.6090535 -0.01045542 0.8856037 0.4644305 0.003237664 0.7809922 0.6245409 0 0.924107 0.3821341 0 0.9914689 0.1303439 0 0.9999862 0 -0.005245268 0.9914689 -0.1303439 0 0.924107 -0.3821341 0 0.7930787 -0.6091192 0 0.8872031 -0.4613658 -0.003513693 0.8158481 -0.5782186 0.007423162 0.9611275 -0.2760969 -0.002154767 0.9999907 0 0.004334926 0.9982845 0.05854177 9.9054e-4 0.9227555 0.3853851 -8.24472e-4 0.9300866 -0.3672658 -0.007396519 0.8874508 -0.4608972 -0.002239167 0.8158422 -0.5782746 0 0.9999921 0 0.003964543 0.9300906 0.3672558 -0.007396578 0.8660821 0.4999018 0 0.7810752 0.6243911 -0.007571697 0.9227277 0.3854525 5.20069e-4 0.9982798 0.05862587 -6.24432e-4 0.9999963 0 -0.002733111 0.9610853 -0.2762486 0.00135827 0.7071068 0.7071068 0 0.7071213 0.7070924 0 0.707117 0.7070966 0 0.7071163 0.7070974 0 0 -0.9238757 0.3826927 3.36963e-5 -0.9238845 0.3826717 -1.44311e-4 -0.9238786 0.3826859 -4.80344e-5 0 -1 0 0 -1 1.67367e-5 0 -1 5.26786e-5 0 -1 0 0.9238757 0.3826927 4.05405e-5 0.9238858 0.3826687 -1.40927e-4 0.9238799 0.3826827 0 0 1 0 -0.9979986 -0.06323736 0 -0.9979984 -0.06324154 0 -0.9583358 0.2856441 0 -0.9583447 0.2856143 0 -0.8541682 0.5199968 0 -0.8542011 0.5199429 0 -0.6149406 0.7885735 0 0.2395592 -0.9708818 0 -0.2079073 -0.9781486 0 -0.2079084 -0.9781484 0 -0.6106933 -0.7918672 0 -0.6107464 -0.7918263 0 -0.8951363 -0.4457927 0 -0.8951079 -0.4458497 0 0.9993377 0.03639256 0 0.9993374 0.03639769 0 0.9535182 -0.3013358 0 0.9535279 -0.301305 0 0.8645131 -0.5026104 0 0.8645411 -0.5025622 0 0.6464918 -0.7629209 0 -0.9939954 0.1094221 0 -0.9939951 0.1094246 0 -0.9706215 -0.2406114 0 -0.9706169 -0.2406302 0 0.3041748 0.9526162 0 0.3041753 0.9526161 0 0.9861641 0.1657721 0 0.9861653 0.1657655 0 0.9844445 -0.1756961 0 -0.8532988 0.5214223 0 -0.8533323 0.5213676 0 -0.6924757 0.7214413 0 -0.2967113 0.9549673 0 -0.2966805 0.9549769 0 0.1792039 0.983812 0 0.1792057 0.9838117 0 0.5508199 0.8346242 0 0.5508576 0.8345993 0 0.8274661 0.5615158 0 0.827503 0.5614613 0 -0.559338 0.8289397 0 -0.559387 0.8289066 0 -0.8361121 0.5485587 0 -0.836114 0.5485559 0 -0.9672259 0.2539178 0 -0.9672176 0.2539494 0 -0.9913649 -0.1311323 0 -0.9913678 -0.1311108 0 -0.866226 -0.4996525 0 -0.8662239 -0.4996562 0 -0.5817286 -0.8133831 0 -0.5817297 -0.8133822 0 -0.2046182 -0.9788419 0 0.2456648 -0.9693549 0 0.8864462 0.4628316 0 0.8864471 0.4628301 0 0.6769959 0.7359868 0 0.6770294 0.735956 0 0.4972203 0.8676244 0 0.4972187 0.8676254 0 0.2377662 0.9713225 0 0.2377981 0.9713147 0 -0.1753636 0.9845038 0 -0.1753459 0.984507 0 -0.8033716 -0.5954781 0 -0.8033688 -0.5954819 0 -0.540056 -0.8416292 0 -0.5401147 -0.8415915 0 -0.3154028 -0.948958 0 -0.3153765 -0.9489666 0 -0.1029516 -0.9946864 0 -0.1029359 -0.994688 0 0.1288111 -0.9916692 0 0.1288101 -0.9916694 0 0.345075 -0.9385752 0 0.5541794 -0.8323973 0 0.5541431 -0.8324215 0 0.7249642 -0.6887866 0 0.7249657 -0.6887851 0 0.8297193 -0.5581811 0 0.8297168 -0.5581846 0 0.8923277 -0.4513882 0 0.8923268 -0.4513899 0 0.9322945 -0.3617004 0 0.9322952 -0.3616983 0 0.9694464 -0.2453038 0 0.9694349 -0.245349 0 0.9966251 -0.08208841 0 0.9966247 -0.08209341 0 0.9902885 0.139028 0 0.990288 0.1390315 0 -0.2301371 0.9731583 0 -0.2301158 0.9731633 0 0.2091164 0.9778907 0 0.2091176 0.9778906 0 0.5905436 0.8070057 0 0.5904884 0.8070461 0 0.8853476 0.4649299 0 0.8853498 0.4649258 1 5.5314e-6 0 1 -4.68656e-6 0 1 -6.47063e-6 0 1 6.8248e-6 0 1 -1.64402e-5 0 1 2.44627e-5 0 1 -1.58743e-5 0 1 9.64862e-6 0 1 -7.81137e-6 0 1 -8.00953e-6 0 1 9.13115e-6 0 1 1.44337e-5 0 1 6.83784e-6 0 1 -6.50959e-6 0 1 2.21211e-6 0 1 9.32497e-6 0 1 -1.11754e-5 0 1 4.90566e-6 0 1 -2.83272e-5 0 1 5.25428e-6 0 1 -3.71155e-6 0 1 1.22451e-5 0 1 6.47971e-6 0 1 1.4727e-5 0 1 -3.77112e-5 0 1 4.24653e-6 0 1 5.14671e-5 0 1 -1.04031e-5 0 1 -1.47365e-6 0 1 5.62819e-6 0 1 2.66104e-5 0 1 -4.39667e-5 0 0 0.4067603 0.9135349 0 0.4067202 0.9135528 0 0.9135494 -0.4067282 0 0.9135498 -0.4067269 0 -0.4067593 -0.9135355 0 -0.4067212 -0.9135523 0 -0.9135498 0.4067269 0 -0.9135494 0.4067282 1 2.90696e-7 0 1 -3.53182e-7 0 1 3.8624e-6 0 1 -3.13373e-6 0 1 2.81637e-7 0 1 4.88272e-6 0 1 -3.36097e-6 0 1 2.15586e-6 0 1 -2.42934e-6 0 1 -1.9547e-6 0 1 -1.96053e-6 0 1 6.34862e-6 0 1 1.8888e-5 0 1 -6.26737e-7 0 1 -2.81638e-7 0 1 -4.88266e-6 0 1 3.36097e-6 0 1 8.62357e-7 0 1 -4.03875e-6 0 1 3.03661e-6 0 1 9.77378e-7 0 1 3.92091e-6 0 1 -1.28557e-5 0 1 6.34855e-6 0 0.003944158 0.2840436 -0.9588033 -0.004041314 0.4034704 -0.9149838 0.003619611 0.4304818 -0.9025921 -0.003716766 0.5444086 -0.838812 0.003279209 0.5664162 -0.8241128 -0.0033589 0.6713623 -0.7411218 0.002917349 0.6883522 -0.7253708 -0.00298357 0.7811061 -0.6243914 0.002524971 0.7933475 -0.6087639 -0.002591729 0.8707737 -0.4916773 0.002121627 0.8788131 -0.4771615 -0.00217092 0.9381205 -0.3463025 0.001692712 0.9426431 -0.3337984 -0.001730799 0.9813804 -0.1920666 0.001241445 0.9832533 -0.1822403 -0.001269817 0.9994583 -0.03288871 7.70215e-4 0.9996571 -0.02617597 -7.87109e-4 0.9918862 0.127127 2.76764e-4 0.9914448 0.1305269 -2.81084e-4 0.9588588 0.2838836 -2.39493e-4 0.9588217 0.2840089 2.33643e-4 0.9025787 0.4305251 -7.41344e-4 0.901224 0.4333529 7.35496e-4 0.8241338 0.5663948 -0.001230359 0.8204562 0.5717081 0.001204073 0.7253634 0.6883651 -0.001693904 0.7186282 0.6953925 0.001655042 0.6087709 0.7933444 -0.002135276 0.5983915 0.8012011 0.002087235 0.47716 0.878814 -0.002560019 0.4627459 0.8864874 0.002489924 0.3338066 0.9426383 -0.00295329 0.3152882 0.9489915 0.002885699 0.1822116 0.9832552 -0.00332868 0.1596551 0.9871673 0.003247559 0.02620911 0.9996512 -0.003695666 0 0.9999932 0.003584861 -0.1305514 0.9914351 -0.004013597 -0.1596547 0.9871649 0.003922641 -0.2840087 0.9588137 -0.004331469 -0.3152869 0.9489866 0.004215717 -0.430512 0.9025751 -0.004617929 -0.4627426 0.8864808 0.004499971 -0.5663881 0.8241264 -0.004894375 -0.5983853 0.8011936 0.004749119 -0.6883478 0.7253652 -0.005137562 -0.7186193 0.6953848 0.004990875 -0.7933403 0.6087581 -0.005362093 -0.8204458 0.5716993 0.00520724 -0.8788119 0.47714 -0.005561709 -0.9012104 0.4333464 0.005400955 -0.9426262 0.3338066 -0.005747199 -0.9588431 0.2838787 0.005570411 -0.9832401 0.1822298 -0.005907952 -0.9918691 0.1271257 0.005719602 -0.999641 0.02617657 -0.00604701 -0.9994408 -0.03288906 0.005848169 -0.9914278 -0.1305256 -0.006163597 -0.9813637 -0.1920606 0.005954027 -0.9588044 -0.2840046 -0.006260395 -0.9381042 -0.3462964 0.006039023 -0.9025695 -0.4305019 -0.00633645 -0.8707588 -0.4916698 0.006097912 -0.8241067 -0.5664018 -0.006386399 -0.7810935 -0.6243814 0.006144106 -0.7253686 -0.6883333 -0.006418883 -0.6713518 -0.7411111 0.006162703 -0.6087368 -0.7933485 -0.006423175 -0.5444018 -0.8388001 0.006164193 -0.4771518 -0.8787993 -0.00641185 -0.4034655 -0.9149725 0.006138265 -0.3338014 -0.9426234 -0.006379842 -0.2521843 -0.9676582 0.006088733 -0.1822458 -0.9832342 -0.006330311 -0.09442949 -0.9955115 0.00738281 -0.01861935 -0.9997994 -0.004362821 0.2521868 -0.9676688 0.004234254 0.1305138 -0.9914374 -0.004649877 0.09443038 -0.9955207 0.001554787 0.0127958 -0.9999169 0.001986324 0.008111417 -0.9999652 0.002314984 0.004590749 -0.9999868 0.002598524 0.001828968 -0.999995 0.003279626 -0.00442487 -0.9999849 0.005800485 -0.02617084 -0.9996407 0.008634686 -0.01227515 -0.9998875</float_array>
          <technique_common>
            <accessor source="#Link_5-mesh-normals-array" count="2340" stride="3">
              <param name="X" type="float"/>
              <param name="Y" type="float"/>
              <param name="Z" type="float"/>
            </accessor>
          </technique_common>
        </source>
        <vertices id="Link_5-mesh-vertices">
          <input semantic="POSITION" source="#Link_5-mesh-positions"/>
        </vertices>
        <triangles material="link_01_part_000_mtl_001_001-material" count="2718">
          <input semantic="VERTEX" source="#Link_5-mesh-vertices" offset="0"/>
          <input semantic="NORMAL" source="#Link_5-mesh-normals" offset="1"/>
          <p>0 0 1 0 2 0 2 1 1 1 3 1 2 2 3 2 4 2 4 3 5 3 2 3 2 0 5 0 6 0 7 4 8 4 9 4 9 5 8 5 10 5 9 6 10 6 11 6 11 7 10 7 12 7 11 8 12 8 13 8 13 9 12 9 14 9 13 10 14 10 15 10 15 11 14 11 16 11 15 12 16 12 17 12 17 13 16 13 18 13 17 14 18 14 19 14 19 15 18 15 20 15 19 16 20 16 21 16 21 17 20 17 22 17 21 18 22 18 23 18 23 19 22 19 24 19 23 20 24 20 25 20 25 21 24 21 26 21 25 22 26 22 27 22 27 23 26 23 28 23 27 24 28 24 29 24 29 25 28 25 30 25 30 26 28 26 31 26 30 27 31 27 32 27 32 28 31 28 33 28 32 29 33 29 34 29 34 30 33 30 35 30 34 31 35 31 36 31 36 32 35 32 37 32 36 33 37 33 38 33 38 34 37 34 39 34 38 35 39 35 40 35 40 36 39 36 41 36 40 37 41 37 42 37 42 38 41 38 43 38 42 39 43 39 44 39 44 40 43 40 45 40 44 41 45 41 46 41 46 42 45 42 47 42 46 43 47 43 48 43 48 44 47 44 49 44 48 45 49 45 50 45 10 46 51 46 12 46 12 47 51 47 52 47 12 48 52 48 14 48 14 49 52 49 53 49 14 50 53 50 16 50 16 51 53 51 54 51 16 52 54 52 18 52 18 53 54 53 55 53 18 54 55 54 20 54 20 55 55 55 56 55 20 56 56 56 22 56 22 57 56 57 57 57 22 58 57 58 24 58 24 59 57 59 58 59 24 60 58 60 26 60 26 61 58 61 59 61 26 62 59 62 28 62 28 63 59 63 31 63 51 64 60 64 52 64 52 65 60 65 61 65 52 66 61 66 53 66 53 67 61 67 62 67 53 68 62 68 54 68 54 69 62 69 63 69 54 70 63 70 55 70 55 71 63 71 64 71 55 72 64 72 56 72 56 73 64 73 65 73 56 74 65 74 57 74 57 75 65 75 66 75 57 76 66 76 58 76 58 77 66 77 67 77 58 78 67 78 59 78 59 79 67 79 33 79 59 80 33 80 31 80 61 81 60 81 68 81 68 82 60 82 69 82 68 83 69 83 70 83 70 84 69 84 71 84 70 85 71 85 72 85 72 86 71 86 73 86 72 87 73 87 74 87 74 88 73 88 75 88 74 89 75 89 76 89 76 90 75 90 77 90 76 91 77 91 78 91 78 92 77 92 43 92 78 93 43 93 41 93 73 94 79 94 75 94 75 95 79 95 80 95 75 96 80 96 77 96 77 97 80 97 45 97 77 98 45 98 43 98 79 99 49 99 80 99 80 100 49 100 47 100 80 101 47 101 45 101 48 102 50 102 81 102 81 103 50 103 82 103 81 104 82 104 83 104 83 105 82 105 84 105 83 106 84 106 85 106 85 107 84 107 86 107 85 108 86 108 87 108 87 109 86 109 88 109 87 110 88 110 89 110 89 111 88 111 90 111 89 112 90 112 91 112 91 113 90 113 92 113 91 114 92 114 93 114 93 115 92 115 94 115 93 116 94 116 95 116 95 117 94 117 96 117 95 118 96 118 97 118 97 119 96 119 98 119 97 120 98 120 99 120 99 121 98 121 100 121 99 122 100 122 101 122 101 123 100 123 102 123 101 124 102 124 103 124 103 125 102 125 104 125 103 126 104 126 105 126 105 127 104 127 106 127 105 128 106 128 107 128 107 129 106 129 108 129 107 130 108 130 109 130 109 131 108 131 110 131 109 132 110 132 111 132 111 133 110 133 112 133 111 134 112 134 113 134 113 135 112 135 114 135 113 136 114 136 115 136 115 137 114 137 116 137 115 138 116 138 117 138 117 139 116 139 118 139 117 140 118 140 119 140 119 141 118 141 120 141 119 142 120 142 121 142 121 143 120 143 122 143 121 144 122 144 123 144 123 145 122 145 124 145 123 146 124 146 125 146 125 147 124 147 126 147 125 148 126 148 127 148 84 149 128 149 86 149 86 150 128 150 129 150 86 151 129 151 88 151 88 152 129 152 130 152 88 153 130 153 90 153 90 154 130 154 131 154 90 155 131 155 92 155 92 156 131 156 132 156 92 157 132 157 94 157 94 158 132 158 133 158 94 159 133 159 96 159 96 160 133 160 134 160 96 161 134 161 98 161 98 162 134 162 135 162 98 163 135 163 100 163 100 164 135 164 136 164 100 165 136 165 102 165 102 166 136 166 104 166 128 167 137 167 129 167 129 168 137 168 138 168 129 169 138 169 130 169 130 170 138 170 139 170 130 171 139 171 131 171 131 172 139 172 140 172 131 173 140 173 132 173 132 174 140 174 141 174 132 175 141 175 133 175 133 176 141 176 142 176 133 177 142 177 134 177 134 178 142 178 143 178 134 179 143 179 135 179 135 180 143 180 144 180 135 181 144 181 136 181 136 182 144 182 145 182 136 183 145 183 104 183 104 184 145 184 106 184 138 185 137 185 146 185 146 186 137 186 147 186 146 187 147 187 148 187 148 188 147 188 149 188 148 189 149 189 150 189 150 190 149 190 151 190 150 191 151 191 152 191 152 192 151 192 153 192 152 193 153 193 154 193 154 194 153 194 155 194 154 195 155 195 156 195 156 196 155 196 157 196 156 197 157 197 158 197 158 198 157 198 159 198 158 199 159 199 160 199 160 200 159 200 114 200 160 201 114 201 112 201 149 202 161 202 151 202 151 203 161 203 162 203 151 204 162 204 153 204 153 205 162 205 163 205 153 206 163 206 155 206 155 207 163 207 164 207 155 208 164 208 157 208 157 209 164 209 165 209 157 210 165 210 159 210 159 211 165 211 116 211 159 212 116 212 114 212 161 213 166 213 162 213 162 214 166 214 167 214 162 215 167 215 163 215 163 216 167 216 168 216 163 217 168 217 164 217 164 218 168 218 169 218 164 219 169 219 165 219 165 220 169 220 118 220 165 221 118 221 116 221 167 222 166 222 170 222 170 223 166 223 171 223 170 224 171 224 172 224 172 225 171 225 126 225 172 226 126 226 124 226 125 227 127 227 173 227 173 228 127 228 174 228 173 229 174 229 175 229 175 230 174 230 176 230 175 231 176 231 177 231 177 232 176 232 178 232 177 233 178 233 179 233 179 234 178 234 180 234 179 235 180 235 181 235 181 236 180 236 182 236 181 237 182 237 183 237 183 238 182 238 184 238 183 239 184 239 185 239 185 240 184 240 186 240 185 241 186 241 187 241 187 242 186 242 188 242 187 243 188 243 189 243 189 244 188 244 190 244 189 245 190 245 191 245 191 246 190 246 192 246 191 247 192 247 193 247 193 248 192 248 194 248 194 249 192 249 195 249 194 250 195 250 196 250 196 251 195 251 197 251 196 252 197 252 198 252 198 253 197 253 199 253 198 254 199 254 200 254 200 255 199 255 201 255 200 256 201 256 202 256 202 257 201 257 203 257 202 258 203 258 204 258 204 259 203 259 205 259 204 260 205 260 206 260 206 261 205 261 207 261 206 262 207 262 208 262 208 263 207 263 209 263 208 264 209 264 210 264 210 265 209 265 211 265 210 266 211 266 212 266 212 267 211 267 213 267 212 268 213 268 214 268 214 269 213 269 215 269 214 270 215 270 216 270 174 271 217 271 176 271 176 272 217 272 218 272 176 273 218 273 178 273 178 274 218 274 219 274 178 275 219 275 180 275 180 276 219 276 220 276 180 277 220 277 182 277 182 278 220 278 221 278 182 279 221 279 184 279 184 280 221 280 222 280 184 281 222 281 186 281 186 282 222 282 223 282 186 283 223 283 188 283 188 284 223 284 224 284 188 285 224 285 190 285 190 286 224 286 225 286 190 287 225 287 192 287 192 288 225 288 195 288 218 289 217 289 226 289 226 290 217 290 227 290 226 291 227 291 228 291 228 292 227 292 229 292 228 293 229 293 230 293 230 294 229 294 231 294 230 295 231 295 232 295 232 296 231 296 233 296 232 297 233 297 234 297 234 298 233 298 235 298 234 299 235 299 236 299 236 300 235 300 237 300 236 301 237 301 238 301 238 302 237 302 239 302 238 303 239 303 240 303 240 304 239 304 203 304 240 305 203 305 201 305 229 306 241 306 231 306 231 307 241 307 242 307 231 308 242 308 233 308 233 309 242 309 243 309 233 310 243 310 235 310 235 311 243 311 244 311 235 312 244 312 237 312 237 313 244 313 245 313 237 314 245 314 239 314 239 315 245 315 205 315 239 316 205 316 203 316 241 317 246 317 242 317 242 318 246 318 247 318 242 319 247 319 243 319 243 320 247 320 248 320 243 321 248 321 244 321 244 322 248 322 249 322 244 323 249 323 245 323 245 324 249 324 207 324 245 325 207 325 205 325 247 326 246 326 250 326 250 327 246 327 251 327 250 328 251 328 252 328 252 329 251 329 215 329 252 330 215 330 213 330 214 331 216 331 253 331 253 332 216 332 254 332 253 333 254 333 255 333 255 334 254 334 256 334 255 335 256 335 257 335 257 336 256 336 258 336 257 337 258 337 259 337 259 338 258 338 260 338 259 339 260 339 261 339 261 340 260 340 262 340 261 341 262 341 263 341 263 342 262 342 264 342 263 343 264 343 265 343 265 344 264 344 266 344 265 345 266 345 267 345 267 346 266 346 268 346 267 347 268 347 269 347 254 348 270 348 256 348 256 349 270 349 271 349 256 350 271 350 258 350 258 351 271 351 272 351 258 352 272 352 260 352 260 353 272 353 273 353 260 354 273 354 262 354 262 355 273 355 274 355 262 356 274 356 264 356 264 357 274 357 275 357 264 358 275 358 266 358 266 359 275 359 276 359 266 360 276 360 268 360 271 361 270 361 277 361 277 362 270 362 278 362 277 363 278 363 279 363 279 364 278 364 280 364 279 365 280 365 281 365 281 366 280 366 282 366 281 367 282 367 283 367 283 368 282 368 284 368 283 369 284 369 285 369 285 370 284 370 286 370 285 371 286 371 287 371 287 372 286 372 288 372 287 373 288 373 289 373 280 374 290 374 282 374 282 375 290 375 291 375 282 376 291 376 284 376 284 377 291 377 292 377 284 378 292 378 286 378 286 379 292 379 293 379 286 380 293 380 288 380 290 381 294 381 291 381 291 382 294 382 295 382 291 383 295 383 292 383 292 384 295 384 296 384 292 385 296 385 293 385 293 386 296 386 297 386 297 387 296 387 298 387 297 388 298 388 299 388 299 389 298 389 300 389 299 390 300 390 301 390 301 391 300 391 302 391 301 392 302 392 303 392 303 393 302 393 304 393 303 394 304 394 305 394 305 395 304 395 306 395 306 396 304 396 307 396 306 397 307 397 308 397 308 398 307 398 309 398 309 399 307 399 310 399 310 400 307 400 311 400 310 401 311 401 312 401 312 402 311 402 313 402 313 403 311 403 314 403 313 404 314 404 315 404 315 405 314 405 316 405 316 406 314 406 317 406 316 407 317 407 318 407 318 408 317 408 319 408 319 409 317 409 320 409 319 410 320 410 321 410 321 411 320 411 322 411 322 412 320 412 323 412 323 413 320 413 324 413 323 414 324 414 325 414 325 415 324 415 326 415 326 416 324 416 327 416 326 417 327 417 328 417 328 418 327 418 329 418 328 419 329 419 330 419 330 420 329 420 331 420 330 421 331 421 332 421 332 422 331 422 333 422 332 423 333 423 334 423 334 424 333 424 335 424 335 425 333 425 336 425 335 426 336 426 337 426 337 427 336 427 338 427 337 428 338 428 339 428 339 429 338 429 340 429 339 430 340 430 341 430 341 431 340 431 342 431 342 432 340 432 343 432 342 433 343 433 344 433 344 434 343 434 345 434 345 435 343 435 346 435 345 436 346 436 347 436 347 437 346 437 348 437 347 438 348 438 349 438 349 439 348 439 350 439 349 440 350 440 351 440 351 441 350 441 352 441 351 442 352 442 353 442 353 443 352 443 354 443 353 444 354 444 355 444 355 445 354 445 356 445 356 446 354 446 357 446 356 447 357 447 358 447 358 448 357 448 359 448 358 449 359 449 360 449 360 450 359 450 361 450 360 451 361 451 362 451 362 452 361 452 363 452 362 453 363 453 364 453 364 454 363 454 365 454 364 455 365 455 366 455 366 456 365 456 367 456 366 457 367 457 368 457 368 458 367 458 369 458 368 459 369 459 370 459 370 460 369 460 371 460 370 461 371 461 372 461 372 462 371 462 373 462 372 463 373 463 374 463 374 464 373 464 375 464 374 465 375 465 376 465 376 466 375 466 377 466 376 467 377 467 378 467 295 468 294 468 298 468 298 469 294 469 300 469 329 470 379 470 331 470 331 471 379 471 380 471 331 472 380 472 336 472 336 473 380 473 381 473 336 474 381 474 338 474 338 475 381 475 382 475 338 476 382 476 383 476 383 477 382 477 384 477 383 478 384 478 385 478 385 479 384 479 386 479 385 480 386 480 387 480 387 481 386 481 388 481 387 482 388 482 389 482 389 483 388 483 390 483 389 484 390 484 391 484 391 485 390 485 392 485 391 486 392 486 357 486 357 487 392 487 359 487 379 488 393 488 380 488 380 489 393 489 394 489 380 490 394 490 381 490 381 491 394 491 395 491 381 492 395 492 382 492 382 493 395 493 396 493 382 494 396 494 384 494 384 495 396 495 397 495 384 496 397 496 386 496 386 497 397 497 398 497 386 498 398 498 388 498 388 499 398 499 399 499 388 500 399 500 390 500 390 501 399 501 400 501 390 502 400 502 392 502 392 503 400 503 361 503 392 504 361 504 359 504 394 505 393 505 401 505 401 506 393 506 402 506 401 507 402 507 403 507 403 508 402 508 404 508 403 509 404 509 405 509 405 510 404 510 406 510 405 511 406 511 407 511 407 512 406 512 408 512 407 513 408 513 409 513 409 514 408 514 410 514 409 515 410 515 411 515 411 516 410 516 369 516 411 517 369 517 367 517 404 518 412 518 406 518 406 519 412 519 413 519 406 520 413 520 408 520 408 521 413 521 414 521 408 522 414 522 410 522 410 523 414 523 371 523 410 524 371 524 369 524 412 525 415 525 413 525 413 526 415 526 416 526 413 527 416 527 414 527 414 528 416 528 373 528 414 529 373 529 371 529 415 530 377 530 416 530 416 531 377 531 375 531 416 532 375 532 373 532 376 533 378 533 417 533 417 534 378 534 8 534 417 535 8 535 7 535 417 536 7 536 418 536 418 537 7 537 419 537 418 538 419 538 420 538 420 539 419 539 421 539 420 540 421 540 422 540 420 541 422 541 423 541 423 542 422 542 424 542 423 543 424 543 425 543 425 544 424 544 426 544 425 545 426 545 427 545 427 546 426 546 428 546 427 547 428 547 429 547 429 548 428 548 430 548 429 549 430 549 364 549 364 550 430 550 362 550 428 551 431 551 430 551 430 552 431 552 432 552 430 553 432 553 362 553 362 554 432 554 360 554 431 555 433 555 432 555 432 556 433 556 434 556 432 557 434 557 360 557 360 558 434 558 358 558 353 559 355 559 435 559 435 560 355 560 436 560 435 561 436 561 437 561 437 562 436 562 438 562 437 563 438 563 439 563 439 564 438 564 440 564 439 565 440 565 441 565 441 566 440 566 442 566 442 567 440 567 443 567 443 568 440 568 444 568 443 569 444 569 445 569 445 570 444 570 446 570 445 571 446 571 447 571 447 572 446 572 448 572 447 573 448 573 449 573 449 574 448 574 450 574 449 575 450 575 451 575 451 576 450 576 452 576 452 577 450 577 453 577 452 578 453 578 454 578 454 579 453 579 455 579 438 580 456 580 440 580 440 581 456 581 444 581 456 582 448 582 444 582 444 583 448 583 446 583 439 584 441 584 457 584 457 585 441 585 458 585 457 586 458 586 459 586 457 587 459 587 460 587 460 588 459 588 461 588 460 589 461 589 347 589 347 590 461 590 462 590 347 591 462 591 345 591 339 592 463 592 337 592 337 593 463 593 335 593 332 594 464 594 330 594 330 595 464 595 465 595 330 596 465 596 328 596 301 597 466 597 299 597 299 598 466 598 297 598 289 599 467 599 287 599 287 600 467 600 468 600 287 601 468 601 285 601 285 602 468 602 469 602 285 603 469 603 283 603 283 604 469 604 470 604 283 605 470 605 281 605 281 606 470 606 279 606 467 607 471 607 468 607 468 608 471 608 472 608 468 609 472 609 473 609 473 610 472 610 275 610 473 611 275 611 274 611 471 612 474 612 472 612 472 613 474 613 276 613 472 614 276 614 275 614 267 615 269 615 475 615 475 616 269 616 476 616 475 617 476 617 477 617 477 618 476 618 478 618 477 619 478 619 475 619 475 620 478 620 479 620 475 621 479 621 480 621 480 622 479 622 481 622 480 623 481 623 482 623 482 624 481 624 483 624 482 625 483 625 484 625 484 626 483 626 485 626 484 627 485 627 486 627 486 628 485 628 487 628 486 629 487 629 488 629 488 630 487 630 489 630 488 631 489 631 490 631 490 632 489 632 491 632 490 633 491 633 492 633 492 634 491 634 493 634 492 635 493 635 198 635 198 636 493 636 196 636 479 637 478 637 494 637 494 638 478 638 495 638 494 639 495 639 496 639 496 640 495 640 497 640 496 641 497 641 498 641 496 642 498 642 499 642 499 643 498 643 500 643 499 644 500 644 501 644 501 645 500 645 502 645 501 646 502 646 503 646 503 647 502 647 504 647 503 648 504 648 505 648 503 649 505 649 506 649 506 650 505 650 507 650 506 651 507 651 508 651 499 652 501 652 496 652 496 653 501 653 509 653 496 654 509 654 494 654 494 655 509 655 510 655 494 656 510 656 479 656 479 657 510 657 481 657 510 658 511 658 481 658 481 659 511 659 483 659 483 660 511 660 485 660 485 661 511 661 512 661 485 662 512 662 487 662 487 663 512 663 513 663 487 664 513 664 489 664 489 665 513 665 491 665 513 666 493 666 491 666 191 667 193 667 514 667 514 668 193 668 515 668 514 669 515 669 516 669 516 670 515 670 517 670 516 671 517 671 518 671 518 672 517 672 519 672 518 673 519 673 520 673 520 674 519 674 521 674 520 675 521 675 522 675 522 676 521 676 523 676 522 677 523 677 524 677 524 678 523 678 525 678 524 679 525 679 526 679 526 680 525 680 527 680 526 681 527 681 528 681 528 682 527 682 529 682 528 683 529 683 530 683 530 684 529 684 123 684 530 685 123 685 125 685 515 686 531 686 517 686 517 687 531 687 532 687 517 688 532 688 519 688 519 689 532 689 533 689 519 690 533 690 521 690 521 691 533 691 534 691 521 692 534 692 523 692 523 693 534 693 535 693 523 694 535 694 525 694 525 695 535 695 536 695 525 696 536 696 527 696 527 697 536 697 537 697 527 698 537 698 529 698 529 699 537 699 121 699 529 700 121 700 123 700 532 701 531 701 538 701 538 702 531 702 539 702 538 703 539 703 540 703 540 704 539 704 541 704 540 705 541 705 542 705 542 706 541 706 543 706 542 707 543 707 544 707 544 708 543 708 545 708 544 709 545 709 546 709 546 710 545 710 113 710 546 711 113 711 115 711 541 712 547 712 543 712 543 713 547 713 548 713 543 714 548 714 545 714 545 715 548 715 111 715 545 716 111 716 113 716 548 717 547 717 109 717 109 718 547 718 107 718 103 719 549 719 101 719 101 720 549 720 550 720 101 721 550 721 99 721 99 722 550 722 551 722 99 723 551 723 97 723 97 724 551 724 552 724 97 725 552 725 95 725 95 726 552 726 553 726 95 727 553 727 93 727 93 728 553 728 554 728 93 729 554 729 91 729 91 730 554 730 555 730 91 731 555 731 89 731 89 732 555 732 556 732 89 733 556 733 87 733 87 734 556 734 557 734 87 735 557 735 85 735 85 736 557 736 83 736 550 737 549 737 558 737 558 738 549 738 559 738 558 739 559 739 560 739 560 740 559 740 561 740 560 741 561 741 562 741 562 742 561 742 563 742 562 743 563 743 564 743 564 744 563 744 565 744 564 745 565 745 566 745 566 746 565 746 567 746 566 747 567 747 568 747 568 748 567 748 569 748 568 749 569 749 570 749 570 750 569 750 571 750 570 751 571 751 572 751 572 752 571 752 573 752 572 753 573 753 574 753 574 754 573 754 46 754 574 755 46 755 48 755 559 756 575 756 561 756 561 757 575 757 576 757 561 758 576 758 563 758 563 759 576 759 577 759 563 760 577 760 565 760 565 761 577 761 578 761 565 762 578 762 567 762 567 763 578 763 579 763 567 764 579 764 569 764 569 765 579 765 580 765 569 766 580 766 571 766 571 767 580 767 581 767 571 768 581 768 573 768 573 769 581 769 44 769 573 770 44 770 46 770 575 771 582 771 576 771 576 772 582 772 583 772 576 773 583 773 577 773 577 774 583 774 584 774 577 775 584 775 578 775 578 776 584 776 585 776 578 777 585 777 579 777 579 778 585 778 586 778 579 779 586 779 580 779 580 780 586 780 587 780 580 781 587 781 581 781 581 782 587 782 42 782 581 783 42 783 44 783 583 784 582 784 588 784 588 785 582 785 589 785 588 786 589 786 590 786 590 787 589 787 591 787 590 788 591 788 592 788 592 789 591 789 593 789 592 790 593 790 594 790 594 791 593 791 34 791 594 792 34 792 36 792 591 793 595 793 593 793 593 794 595 794 32 794 593 795 32 795 34 795 595 796 30 796 32 796 27 797 29 797 596 797 596 798 29 798 597 798 596 799 597 799 598 799 598 800 597 800 599 800 598 801 599 801 600 801 600 802 599 802 601 802 600 803 601 803 602 803 602 804 601 804 603 804 602 805 603 805 604 805 604 806 603 806 605 806 604 807 605 807 606 807 606 808 605 808 607 808 606 809 607 809 608 809 608 810 607 810 609 810 608 811 609 811 610 811 610 812 609 812 611 812 610 813 611 813 612 813 612 814 611 814 422 814 612 815 422 815 421 815 599 816 613 816 601 816 601 817 613 817 614 817 601 818 614 818 603 818 603 819 614 819 615 819 603 820 615 820 605 820 605 821 615 821 616 821 605 822 616 822 607 822 607 823 616 823 617 823 607 824 617 824 609 824 609 825 617 825 618 825 609 826 618 826 611 826 611 827 618 827 424 827 611 828 424 828 422 828 613 829 619 829 614 829 614 830 619 830 620 830 614 831 620 831 615 831 615 832 620 832 621 832 615 833 621 833 616 833 616 834 621 834 622 834 616 835 622 835 617 835 617 836 622 836 623 836 617 837 623 837 618 837 618 838 623 838 426 838 618 839 426 839 424 839 620 840 619 840 624 840 624 841 619 841 625 841 624 842 625 842 626 842 626 843 625 843 433 843 626 844 433 844 627 844 627 845 433 845 431 845 627 846 431 846 628 846 628 847 431 847 428 847 628 848 428 848 629 848 629 849 428 849 623 849 629 850 623 850 622 850 428 851 426 851 623 851 421 852 419 852 612 852 612 853 419 853 630 853 612 854 630 854 631 854 631 855 630 855 632 855 631 856 632 856 633 856 633 857 632 857 13 857 633 858 13 858 15 858 419 859 7 859 630 859 630 860 7 860 9 860 630 861 9 861 632 861 632 862 9 862 11 862 632 863 11 863 13 863 138 864 146 864 139 864 139 865 146 865 634 865 139 866 634 866 140 866 140 867 634 867 635 867 140 868 635 868 141 868 141 869 635 869 636 869 141 870 636 870 142 870 142 871 636 871 637 871 142 872 637 872 143 872 143 873 637 873 638 873 143 874 638 874 144 874 144 875 638 875 639 875 144 876 639 876 145 876 145 877 639 877 640 877 145 878 640 878 106 878 106 879 640 879 108 879 553 880 641 880 642 880 642 881 641 881 564 881 642 882 564 882 566 882 564 883 641 883 562 883 562 884 641 884 643 884 562 885 643 885 560 885 560 886 643 886 558 886 643 887 641 887 552 887 552 888 641 888 553 888 610 889 612 889 631 889 626 890 627 890 628 890 628 891 629 891 644 891 644 892 629 892 622 892 644 893 622 893 621 893 610 894 631 894 645 894 645 895 631 895 633 895 645 896 633 896 646 896 646 897 633 897 15 897 646 898 15 898 17 898 610 899 645 899 608 899 608 900 645 900 647 900 608 901 647 901 606 901 606 902 647 902 648 902 606 903 648 903 604 903 604 904 648 904 649 904 604 905 649 905 602 905 602 906 649 906 650 906 602 907 650 907 600 907 600 908 650 908 598 908 647 909 645 909 646 909 621 910 624 910 644 910 644 911 624 911 626 911 644 912 626 912 628 912 624 913 621 913 620 913 647 914 646 914 651 914 651 915 646 915 17 915 651 916 17 916 19 916 647 917 651 917 648 917 648 918 651 918 652 918 648 919 652 919 649 919 649 920 652 920 653 920 649 921 653 921 650 921 650 922 653 922 654 922 650 923 654 923 598 923 598 924 654 924 596 924 652 925 651 925 19 925 70 926 655 926 68 926 68 927 655 927 62 927 68 928 62 928 61 928 62 929 655 929 63 929 63 930 655 930 656 930 63 931 656 931 64 931 64 932 656 932 657 932 64 933 657 933 65 933 65 934 657 934 658 934 65 935 658 935 66 935 66 936 658 936 659 936 66 937 659 937 67 937 67 938 659 938 35 938 67 939 35 939 33 939 655 940 70 940 660 940 660 941 70 941 72 941 660 942 72 942 661 942 661 943 72 943 74 943 661 944 74 944 76 944 652 945 19 945 21 945 652 946 21 946 653 946 653 947 21 947 23 947 653 948 23 948 654 948 654 949 23 949 25 949 654 950 25 950 596 950 596 951 25 951 27 951 655 952 660 952 656 952 656 953 660 953 662 953 656 954 662 954 657 954 657 955 662 955 663 955 657 956 663 956 658 956 658 957 663 957 664 957 658 958 664 958 659 958 659 959 664 959 37 959 659 960 37 960 35 960 662 961 660 961 661 961 662 962 661 962 665 962 665 963 661 963 76 963 665 964 76 964 78 964 662 965 665 965 663 965 663 966 665 966 666 966 663 967 666 967 664 967 664 968 666 968 39 968 664 969 39 969 37 969 666 970 665 970 78 970 39 971 666 971 41 971 41 972 666 972 78 972 48 973 81 973 574 973 574 974 81 974 667 974 574 975 667 975 572 975 572 976 667 976 668 976 572 977 668 977 570 977 570 978 668 978 669 978 570 979 669 979 568 979 568 980 669 980 670 980 568 981 670 981 566 981 566 982 670 982 642 982 40 983 42 983 587 983 38 984 40 984 671 984 671 985 40 985 587 985 671 986 587 986 586 986 36 987 38 987 672 987 672 988 38 988 671 988 672 989 671 989 673 989 673 990 671 990 586 990 673 991 586 991 585 991 36 992 672 992 594 992 594 993 672 993 674 993 594 994 674 994 592 994 592 995 674 995 590 995 674 996 672 996 673 996 81 997 83 997 667 997 667 998 83 998 557 998 667 999 557 999 668 999 668 1000 557 1000 556 1000 668 1001 556 1001 669 1001 669 1002 556 1002 555 1002 669 1003 555 1003 670 1003 670 1004 555 1004 554 1004 670 1005 554 1005 642 1005 642 1006 554 1006 553 1006 674 1007 673 1007 675 1007 675 1008 673 1008 585 1008 675 1009 585 1009 584 1009 584 1010 588 1010 675 1010 675 1011 588 1011 590 1011 675 1012 590 1012 674 1012 584 1013 583 1013 588 1013 146 1014 148 1014 634 1014 634 1015 148 1015 676 1015 634 1016 676 1016 635 1016 635 1017 676 1017 677 1017 635 1018 677 1018 636 1018 636 1019 677 1019 678 1019 636 1020 678 1020 637 1020 637 1021 678 1021 679 1021 637 1022 679 1022 638 1022 638 1023 679 1023 680 1023 638 1024 680 1024 639 1024 639 1025 680 1025 681 1025 639 1026 681 1026 640 1026 640 1027 681 1027 110 1027 640 1028 110 1028 108 1028 558 1029 643 1029 551 1029 551 1030 643 1030 552 1030 148 1031 150 1031 676 1031 676 1032 150 1032 152 1032 676 1033 152 1033 677 1033 677 1034 152 1034 154 1034 677 1035 154 1035 678 1035 678 1036 154 1036 156 1036 678 1037 156 1037 679 1037 679 1038 156 1038 158 1038 679 1039 158 1039 680 1039 680 1040 158 1040 160 1040 680 1041 160 1041 681 1041 681 1042 160 1042 112 1042 681 1043 112 1043 110 1043 550 1044 558 1044 551 1044 167 1045 170 1045 168 1045 168 1046 170 1046 682 1046 168 1047 682 1047 169 1047 169 1048 682 1048 120 1048 169 1049 120 1049 118 1049 170 1050 172 1050 682 1050 682 1051 172 1051 122 1051 682 1052 122 1052 120 1052 124 1053 122 1053 172 1053 121 1054 537 1054 119 1054 119 1055 537 1055 683 1055 119 1056 683 1056 117 1056 117 1057 683 1057 684 1057 117 1058 684 1058 115 1058 115 1059 684 1059 546 1059 548 1060 109 1060 111 1060 125 1061 173 1061 530 1061 530 1062 173 1062 685 1062 530 1063 685 1063 528 1063 528 1064 685 1064 686 1064 528 1065 686 1065 526 1065 526 1066 686 1066 687 1066 526 1067 687 1067 524 1067 524 1068 687 1068 688 1068 524 1069 688 1069 522 1069 522 1070 688 1070 689 1070 522 1071 689 1071 520 1071 520 1072 689 1072 690 1072 520 1073 690 1073 518 1073 518 1074 690 1074 691 1074 518 1075 691 1075 516 1075 516 1076 691 1076 514 1076 537 1077 536 1077 683 1077 683 1078 536 1078 692 1078 683 1079 692 1079 684 1079 684 1080 692 1080 693 1080 684 1081 693 1081 546 1081 546 1082 693 1082 544 1082 175 1083 177 1083 685 1083 685 1084 177 1084 686 1084 687 1085 686 1085 179 1085 179 1086 686 1086 177 1086 692 1087 536 1087 535 1087 693 1088 692 1088 694 1088 694 1089 692 1089 535 1089 694 1090 535 1090 534 1090 544 1091 693 1091 695 1091 695 1092 693 1092 694 1092 695 1093 694 1093 696 1093 696 1094 694 1094 534 1094 696 1095 534 1095 533 1095 540 1096 542 1096 695 1096 695 1097 542 1097 544 1097 540 1098 695 1098 696 1098 173 1099 175 1099 685 1099 688 1100 687 1100 181 1100 181 1101 687 1101 179 1101 538 1102 540 1102 696 1102 538 1103 696 1103 533 1103 228 1104 697 1104 226 1104 226 1105 697 1105 219 1105 226 1106 219 1106 218 1106 219 1107 697 1107 220 1107 220 1108 697 1108 698 1108 220 1109 698 1109 221 1109 221 1110 698 1110 699 1110 221 1111 699 1111 222 1111 222 1112 699 1112 700 1112 222 1113 700 1113 223 1113 223 1114 700 1114 701 1114 223 1115 701 1115 224 1115 224 1116 701 1116 702 1116 224 1117 702 1117 225 1117 225 1118 702 1118 703 1118 225 1119 703 1119 195 1119 195 1120 703 1120 197 1120 697 1121 228 1121 704 1121 704 1122 228 1122 230 1122 704 1123 230 1123 232 1123 688 1124 181 1124 183 1124 688 1125 183 1125 689 1125 689 1126 183 1126 185 1126 689 1127 185 1127 690 1127 690 1128 185 1128 187 1128 690 1129 187 1129 691 1129 691 1130 187 1130 189 1130 691 1131 189 1131 514 1131 514 1132 189 1132 191 1132 538 1133 533 1133 532 1133 697 1134 704 1134 698 1134 698 1135 704 1135 705 1135 698 1136 705 1136 699 1136 699 1137 705 1137 706 1137 699 1138 706 1138 700 1138 700 1139 706 1139 707 1139 700 1140 707 1140 701 1140 701 1141 707 1141 708 1141 701 1142 708 1142 702 1142 702 1143 708 1143 709 1143 702 1144 709 1144 703 1144 703 1145 709 1145 199 1145 703 1146 199 1146 197 1146 705 1147 704 1147 232 1147 705 1148 232 1148 234 1148 705 1149 234 1149 706 1149 706 1150 234 1150 236 1150 706 1151 236 1151 707 1151 707 1152 236 1152 238 1152 707 1153 238 1153 708 1153 708 1154 238 1154 240 1154 708 1155 240 1155 709 1155 709 1156 240 1156 201 1156 709 1157 201 1157 199 1157 247 1158 250 1158 248 1158 248 1159 250 1159 710 1159 248 1160 710 1160 249 1160 249 1161 710 1161 209 1161 249 1162 209 1162 207 1162 250 1163 252 1163 710 1163 710 1164 252 1164 211 1164 710 1165 211 1165 209 1165 213 1166 211 1166 252 1166 214 1167 253 1167 212 1167 212 1168 253 1168 711 1168 212 1169 711 1169 210 1169 210 1170 711 1170 712 1170 210 1171 712 1171 208 1171 208 1172 712 1172 713 1172 208 1173 713 1173 206 1173 206 1174 713 1174 714 1174 206 1175 714 1175 204 1175 204 1176 714 1176 715 1176 204 1177 715 1177 202 1177 202 1178 715 1178 716 1178 202 1179 716 1179 200 1179 200 1180 716 1180 717 1180 200 1181 717 1181 198 1181 198 1182 717 1182 492 1182 253 1183 255 1183 711 1183 711 1184 255 1184 718 1184 711 1185 718 1185 712 1185 712 1186 718 1186 719 1186 712 1187 719 1187 713 1187 713 1188 719 1188 720 1188 713 1189 720 1189 714 1189 714 1190 720 1190 721 1190 714 1191 721 1191 715 1191 715 1192 721 1192 722 1192 715 1193 722 1193 716 1193 716 1194 722 1194 723 1194 716 1195 723 1195 717 1195 717 1196 723 1196 490 1196 717 1197 490 1197 492 1197 718 1198 255 1198 257 1198 719 1199 718 1199 724 1199 724 1200 718 1200 257 1200 724 1201 257 1201 259 1201 720 1202 719 1202 725 1202 725 1203 719 1203 724 1203 725 1204 724 1204 726 1204 726 1205 724 1205 259 1205 726 1206 259 1206 261 1206 721 1207 720 1207 727 1207 727 1208 720 1208 725 1208 727 1209 725 1209 728 1209 728 1210 725 1210 726 1210 728 1211 726 1211 729 1211 729 1212 726 1212 261 1212 729 1213 261 1213 263 1213 722 1214 721 1214 730 1214 730 1215 721 1215 727 1215 730 1216 727 1216 731 1216 731 1217 727 1217 728 1217 731 1218 728 1218 732 1218 732 1219 728 1219 729 1219 732 1220 729 1220 733 1220 733 1221 729 1221 263 1221 733 1222 263 1222 265 1222 723 1223 722 1223 734 1223 734 1224 722 1224 730 1224 734 1225 730 1225 735 1225 735 1226 730 1226 731 1226 735 1227 731 1227 736 1227 736 1228 731 1228 732 1228 736 1229 732 1229 737 1229 737 1230 732 1230 733 1230 737 1231 733 1231 738 1231 738 1232 733 1232 265 1232 738 1233 265 1233 267 1233 490 1234 723 1234 488 1234 488 1235 723 1235 734 1235 488 1236 734 1236 486 1236 486 1237 734 1237 735 1237 486 1238 735 1238 484 1238 484 1239 735 1239 736 1239 484 1240 736 1240 482 1240 482 1241 736 1241 737 1241 482 1242 737 1242 480 1242 480 1243 737 1243 738 1243 480 1244 738 1244 475 1244 475 1245 738 1245 267 1245 279 1246 739 1246 277 1246 277 1247 739 1247 272 1247 277 1248 272 1248 271 1248 272 1249 739 1249 273 1249 273 1250 739 1250 740 1250 273 1251 740 1251 274 1251 274 1252 740 1252 473 1252 740 1253 739 1253 470 1253 470 1254 739 1254 279 1254 473 1255 740 1255 469 1255 469 1256 740 1256 470 1256 473 1257 469 1257 468 1257 298 1258 296 1258 295 1258 336 1259 333 1259 331 1259 394 1260 401 1260 395 1260 395 1261 401 1261 741 1261 395 1262 741 1262 396 1262 396 1263 741 1263 742 1263 396 1264 742 1264 397 1264 397 1265 742 1265 743 1265 397 1266 743 1266 398 1266 398 1267 743 1267 744 1267 398 1268 744 1268 399 1268 399 1269 744 1269 745 1269 399 1270 745 1270 400 1270 400 1271 745 1271 363 1271 400 1272 363 1272 361 1272 340 1273 338 1273 383 1273 343 1274 340 1274 346 1274 346 1275 340 1275 383 1275 346 1276 383 1276 385 1276 348 1277 346 1277 385 1277 347 1278 349 1278 460 1278 460 1279 349 1279 746 1279 460 1280 746 1280 457 1280 457 1281 746 1281 437 1281 457 1282 437 1282 439 1282 401 1283 403 1283 741 1283 741 1284 403 1284 747 1284 741 1285 747 1285 742 1285 742 1286 747 1286 748 1286 742 1287 748 1287 743 1287 743 1288 748 1288 749 1288 743 1289 749 1289 744 1289 744 1290 749 1290 750 1290 744 1291 750 1291 745 1291 745 1292 750 1292 365 1292 745 1293 365 1293 363 1293 350 1294 348 1294 387 1294 387 1295 348 1295 385 1295 435 1296 437 1296 746 1296 435 1297 746 1297 351 1297 351 1298 746 1298 349 1298 403 1299 405 1299 747 1299 747 1300 405 1300 407 1300 747 1301 407 1301 748 1301 748 1302 407 1302 409 1302 748 1303 409 1303 749 1303 749 1304 409 1304 411 1304 749 1305 411 1305 750 1305 750 1306 411 1306 367 1306 750 1307 367 1307 365 1307 352 1308 350 1308 389 1308 389 1309 350 1309 387 1309 353 1310 435 1310 351 1310 352 1311 389 1311 391 1311 357 1312 354 1312 391 1312 391 1313 354 1313 352 1313 417 1314 418 1314 376 1314 376 1315 418 1315 374 1315 418 1316 420 1316 374 1316 374 1317 420 1317 372 1317 420 1318 423 1318 372 1318 372 1319 423 1319 370 1319 423 1320 425 1320 370 1320 370 1321 425 1321 368 1321 429 1322 364 1322 366 1322 425 1323 427 1323 368 1323 368 1324 427 1324 366 1324 427 1325 429 1325 366 1325 455 1326 751 1326 454 1326 454 1327 751 1327 752 1327 454 1328 752 1328 753 1328 753 1329 752 1329 754 1329 753 1330 754 1330 755 1330 755 1331 754 1331 756 1331 755 1332 756 1332 757 1332 455 1333 758 1333 751 1333 751 1334 758 1334 759 1334 759 1335 758 1335 760 1335 759 1336 760 1336 761 1336 761 1337 760 1337 762 1337 761 1338 762 1338 763 1338 763 1339 762 1339 764 1339 763 1340 764 1340 765 1340 765 1341 764 1341 508 1341 765 1342 508 1342 507 1342 765 1343 507 1343 766 1343 766 1344 507 1344 767 1344 766 1345 767 1345 768 1345 768 1346 767 1346 769 1346 769 1347 767 1347 770 1347 769 1348 770 1348 771 1348 771 1349 770 1349 772 1349 771 1350 772 1350 773 1350 773 1351 772 1351 774 1351 773 1352 774 1352 775 1352 775 1353 774 1353 776 1353 775 1354 776 1354 777 1354 777 1355 776 1355 778 1355 777 1356 778 1356 779 1356 779 1357 778 1357 780 1357 779 1358 780 1358 781 1358 781 1359 780 1359 782 1359 781 1360 782 1360 783 1360 783 1361 782 1361 784 1361 783 1362 784 1362 785 1362 785 1363 784 1363 786 1363 785 1364 786 1364 787 1364 787 1365 786 1365 788 1365 787 1366 788 1366 789 1366 789 1367 788 1367 289 1367 789 1368 289 1368 790 1368 790 1369 289 1369 288 1369 790 1370 288 1370 791 1370 791 1371 288 1371 293 1371 791 1372 293 1372 792 1372 792 1373 293 1373 793 1373 793 1374 293 1374 794 1374 794 1375 293 1375 795 1375 795 1376 293 1376 796 1376 796 1377 293 1377 297 1377 796 1378 297 1378 797 1378 797 1379 297 1379 798 1379 798 1380 297 1380 799 1380 799 1381 297 1381 466 1381 755 1382 757 1382 800 1382 800 1383 757 1383 801 1383 800 1384 801 1384 802 1384 802 1385 801 1385 803 1385 802 1386 803 1386 804 1386 804 1387 803 1387 805 1387 804 1388 805 1388 806 1388 806 1389 805 1389 807 1389 806 1390 807 1390 808 1390 808 1391 807 1391 809 1391 808 1392 809 1392 810 1392 810 1393 809 1393 811 1393 810 1394 811 1394 812 1394 812 1395 811 1395 813 1395 812 1396 813 1396 814 1396 814 1397 813 1397 815 1397 814 1398 815 1398 816 1398 816 1399 815 1399 817 1399 816 1400 817 1400 341 1400 341 1401 817 1401 818 1401 341 1402 818 1402 339 1402 339 1403 818 1403 819 1403 339 1404 819 1404 463 1404 463 1405 819 1405 820 1405 463 1406 820 1406 335 1406 335 1407 820 1407 334 1407 334 1408 820 1408 821 1408 334 1409 821 1409 332 1409 332 1410 821 1410 464 1410 464 1411 821 1411 822 1411 464 1412 822 1412 465 1412 465 1413 822 1413 328 1413 625 1414 823 1414 433 1414 433 1415 823 1415 824 1415 433 1416 824 1416 434 1416 434 1417 824 1417 825 1417 434 1418 825 1418 358 1418 358 1419 825 1419 826 1419 358 1420 826 1420 356 1420 356 1421 826 1421 827 1421 356 1422 827 1422 355 1422 355 1423 827 1423 828 1423 355 1424 828 1424 436 1424 436 1425 828 1425 438 1425 438 1426 828 1426 829 1426 438 1427 829 1427 456 1427 456 1428 829 1428 830 1428 456 1429 830 1429 448 1429 448 1430 830 1430 831 1430 448 1431 831 1431 450 1431 450 1432 831 1432 832 1432 450 1433 832 1433 453 1433 453 1434 832 1434 833 1434 453 1435 833 1435 455 1435 455 1436 833 1436 834 1436 455 1437 834 1437 835 1437 823 1438 625 1438 836 1438 836 1439 625 1439 619 1439 836 1440 619 1440 837 1440 837 1441 619 1441 613 1441 837 1442 613 1442 838 1442 838 1443 613 1443 599 1443 838 1444 599 1444 839 1444 839 1445 599 1445 597 1445 839 1446 597 1446 840 1446 840 1447 597 1447 29 1447 840 1448 29 1448 841 1448 841 1449 29 1449 30 1449 841 1450 30 1450 842 1450 842 1451 30 1451 595 1451 842 1452 595 1452 843 1452 843 1453 595 1453 591 1453 843 1454 591 1454 844 1454 844 1455 591 1455 589 1455 844 1456 589 1456 845 1456 845 1457 589 1457 582 1457 845 1458 582 1458 846 1458 846 1459 582 1459 575 1459 846 1460 575 1460 847 1460 847 1461 575 1461 559 1461 847 1462 559 1462 848 1462 848 1463 559 1463 549 1463 848 1464 549 1464 849 1464 849 1465 549 1465 103 1465 849 1466 103 1466 850 1466 850 1467 103 1467 105 1467 850 1468 105 1468 851 1468 851 1469 105 1469 107 1469 851 1470 107 1470 852 1470 852 1471 107 1471 547 1471 852 1472 547 1472 853 1472 853 1473 547 1473 541 1473 853 1474 541 1474 854 1474 854 1475 541 1475 539 1475 854 1476 539 1476 855 1476 855 1477 539 1477 531 1477 855 1478 531 1478 515 1478 855 1479 515 1479 856 1479 856 1480 515 1480 193 1480 856 1481 193 1481 857 1481 857 1482 193 1482 194 1482 857 1483 194 1483 858 1483 858 1484 194 1484 196 1484 858 1485 196 1485 859 1485 859 1486 196 1486 493 1486 859 1487 493 1487 860 1487 860 1488 493 1488 513 1488 860 1489 513 1489 861 1489 861 1490 513 1490 512 1490 861 1491 512 1491 862 1491 862 1492 512 1492 511 1492 862 1493 511 1493 863 1493 863 1494 511 1494 510 1494 863 1495 510 1495 864 1495 864 1496 510 1496 509 1496 864 1497 509 1497 865 1497 865 1498 509 1498 501 1498 865 1499 501 1499 866 1499 866 1500 501 1500 503 1500 866 1501 503 1501 867 1501 867 1502 503 1502 506 1502 867 1503 506 1503 868 1503 868 1504 506 1504 508 1504 868 1505 508 1505 869 1505 869 1506 508 1506 764 1506 869 1507 764 1507 870 1507 870 1508 871 1508 869 1508 835 1509 872 1509 455 1509 455 1510 872 1510 758 1510 341 1511 342 1511 816 1511 816 1512 342 1512 344 1512 816 1513 344 1513 814 1513 814 1514 344 1514 345 1514 814 1515 345 1515 812 1515 812 1516 345 1516 462 1516 812 1517 462 1517 461 1517 812 1518 461 1518 810 1518 810 1519 461 1519 459 1519 810 1520 459 1520 808 1520 808 1521 459 1521 458 1521 808 1522 458 1522 806 1522 806 1523 458 1523 441 1523 806 1524 441 1524 442 1524 806 1525 442 1525 804 1525 804 1526 442 1526 443 1526 804 1527 443 1527 802 1527 802 1528 443 1528 445 1528 802 1529 445 1529 800 1529 800 1530 445 1530 447 1530 800 1531 447 1531 449 1531 800 1532 449 1532 755 1532 755 1533 449 1533 451 1533 755 1534 451 1534 753 1534 753 1535 451 1535 452 1535 753 1536 452 1536 454 1536 869 1537 871 1537 873 1537 873 1538 871 1538 870 1538 873 1539 870 1539 762 1539 762 1540 870 1540 764 1540 873 1541 762 1541 874 1541 874 1542 762 1542 760 1542 874 1543 760 1543 875 1543 875 1544 760 1544 758 1544 875 1545 758 1545 834 1545 834 1546 758 1546 872 1546 834 1547 872 1547 835 1547 10 1548 8 1548 876 1548 876 1548 8 1548 378 1548 876 1549 378 1549 877 1549 877 1548 378 1548 377 1548 877 1550 377 1550 878 1550 878 1548 377 1548 415 1548 878 1548 415 1548 879 1548 879 1548 415 1548 412 1548 879 1551 412 1551 880 1551 880 1548 412 1548 404 1548 880 1552 404 1552 881 1552 881 1553 404 1553 402 1553 881 1548 402 1548 882 1548 882 1548 402 1548 393 1548 882 1548 393 1548 883 1548 883 1548 393 1548 379 1548 883 1554 379 1554 329 1554 883 1555 329 1555 884 1555 884 1556 329 1556 327 1556 884 1548 327 1548 885 1548 885 1548 327 1548 324 1548 885 1548 324 1548 886 1548 886 1557 324 1557 320 1557 886 1548 320 1548 887 1548 887 1558 320 1558 317 1558 887 1548 317 1548 888 1548 888 1559 317 1559 314 1559 888 1560 314 1560 889 1560 889 1561 314 1561 311 1561 889 1548 311 1548 890 1548 890 1562 311 1562 307 1562 890 1548 307 1548 304 1548 890 1563 304 1563 891 1563 891 1564 304 1564 302 1564 891 1548 302 1548 892 1548 892 1565 302 1565 300 1565 892 1548 300 1548 893 1548 893 1566 300 1566 294 1566 893 1548 294 1548 894 1548 894 1548 294 1548 290 1548 894 1548 290 1548 895 1548 895 1567 290 1567 280 1567 895 1548 280 1548 896 1548 896 1548 280 1548 278 1548 896 1548 278 1548 897 1548 897 1548 278 1548 270 1548 897 1568 270 1568 254 1568 897 1569 254 1569 898 1569 898 1548 254 1548 216 1548 898 1548 216 1548 899 1548 899 1548 216 1548 215 1548 899 1570 215 1570 900 1570 900 1548 215 1548 251 1548 900 1571 251 1571 901 1571 901 1548 251 1548 246 1548 901 1572 246 1572 902 1572 902 1548 246 1548 241 1548 902 1573 241 1573 903 1573 903 1548 241 1548 229 1548 903 1548 229 1548 227 1548 903 1548 227 1548 904 1548 904 1548 227 1548 217 1548 904 1548 217 1548 905 1548 905 1567 217 1567 174 1567 905 1548 174 1548 906 1548 906 1548 174 1548 127 1548 906 1574 127 1574 907 1574 907 1566 127 1566 126 1566 907 1548 126 1548 908 1548 908 1565 126 1565 171 1565 908 1548 171 1548 909 1548 909 1575 171 1575 166 1575 909 1548 166 1548 910 1548 910 1576 166 1576 161 1576 910 1562 161 1562 149 1562 910 1548 149 1548 911 1548 911 1561 149 1561 147 1561 911 1577 147 1577 912 1577 912 1559 147 1559 137 1559 912 1548 137 1548 913 1548 913 1558 137 1558 128 1558 913 1548 128 1548 914 1548 914 1557 128 1557 84 1557 914 1548 84 1548 915 1548 915 1548 84 1548 82 1548 915 1548 82 1548 916 1548 916 1578 82 1578 50 1578 916 1548 50 1548 917 1548 917 1579 50 1579 49 1579 917 1548 49 1548 79 1548 917 1548 79 1548 918 1548 918 1548 79 1548 73 1548 918 1548 73 1548 919 1548 919 1553 73 1553 71 1553 919 1580 71 1580 920 1580 920 1581 71 1581 69 1581 920 1582 69 1582 921 1582 921 1548 69 1548 60 1548 921 1548 60 1548 922 1548 922 1548 60 1548 51 1548 922 1583 51 1583 923 1583 923 1548 51 1548 10 1548 923 1548 10 1548 876 1548 924 1584 925 1584 926 1584 926 1585 925 1585 316 1585 926 1586 316 1586 318 1586 924 1587 927 1587 925 1587 925 1588 927 1588 928 1588 925 1589 928 1589 929 1589 930 1590 319 1590 929 1590 929 1591 319 1591 931 1591 929 1592 931 1592 925 1592 930 1593 932 1593 319 1593 319 1594 932 1594 318 1594 318 1595 932 1595 933 1595 318 1596 933 1596 926 1596 306 1597 308 1597 0 1597 0 1598 308 1598 934 1598 0 1599 934 1599 935 1599 308 1600 309 1600 934 1600 934 1601 309 1601 310 1601 934 1602 310 1602 936 1602 936 1603 310 1603 312 1603 936 1604 312 1604 313 1604 936 1605 313 1605 937 1605 937 1606 313 1606 315 1606 937 1607 315 1607 316 1607 319 1608 321 1608 931 1608 931 1609 321 1609 322 1609 931 1610 322 1610 938 1610 938 1611 322 1611 323 1611 938 1612 323 1612 325 1612 938 1613 325 1613 939 1613 939 1614 325 1614 326 1614 939 1615 326 1615 328 1615 939 1616 328 1616 940 1616 940 1617 328 1617 822 1617 940 1618 822 1618 941 1618 941 1619 822 1619 821 1619 941 1620 821 1620 942 1620 942 1621 821 1621 820 1621 942 1622 820 1622 943 1622 943 1623 820 1623 819 1623 943 1624 819 1624 944 1624 944 1625 819 1625 818 1625 944 1626 818 1626 945 1626 945 1627 818 1627 817 1627 945 1628 817 1628 946 1628 946 1629 817 1629 815 1629 946 1630 815 1630 947 1630 947 1631 815 1631 813 1631 947 1632 813 1632 948 1632 948 1633 813 1633 949 1633 949 1634 813 1634 950 1634 950 1635 813 1635 951 1635 951 1636 813 1636 952 1636 952 1637 813 1637 953 1637 953 1638 813 1638 954 1638 954 1639 813 1639 955 1639 955 1640 813 1640 811 1640 955 1641 811 1641 956 1641 956 1642 811 1642 809 1642 956 1643 809 1643 957 1643 957 1644 809 1644 807 1644 957 1645 807 1645 958 1645 958 1646 807 1646 805 1646 958 1647 805 1647 959 1647 959 1648 805 1648 803 1648 959 1649 803 1649 960 1649 960 1650 803 1650 801 1650 960 1651 801 1651 961 1651 961 1652 801 1652 757 1652 961 1653 757 1653 962 1653 962 1654 757 1654 756 1654 962 1655 756 1655 963 1655 963 1656 756 1656 754 1656 963 1657 754 1657 964 1657 964 1658 754 1658 752 1658 964 1659 752 1659 965 1659 965 1660 752 1660 751 1660 965 1661 751 1661 966 1661 966 1662 751 1662 759 1662 966 1663 759 1663 967 1663 967 1664 759 1664 761 1664 967 1665 761 1665 968 1665 968 1666 761 1666 763 1666 968 1667 763 1667 969 1667 969 1668 763 1668 765 1668 969 1669 765 1669 970 1669 970 1670 765 1670 766 1670 970 1671 766 1671 971 1671 971 1672 766 1672 768 1672 971 1673 768 1673 972 1673 972 1674 768 1674 769 1674 972 1675 769 1675 973 1675 973 1676 769 1676 771 1676 973 1677 771 1677 974 1677 974 1678 771 1678 773 1678 974 1679 773 1679 975 1679 975 1680 773 1680 775 1680 975 1681 775 1681 976 1681 976 1682 775 1682 777 1682 976 1683 777 1683 977 1683 977 1684 777 1684 779 1684 977 1685 779 1685 978 1685 978 1686 779 1686 781 1686 978 1687 781 1687 979 1687 979 1688 781 1688 783 1688 979 1689 783 1689 980 1689 980 1690 783 1690 785 1690 980 1691 785 1691 981 1691 981 1692 785 1692 787 1692 981 1693 787 1693 982 1693 982 1694 787 1694 789 1694 982 1695 789 1695 983 1695 983 1696 789 1696 790 1696 983 1697 790 1697 984 1697 984 1698 790 1698 791 1698 984 1699 791 1699 985 1699 985 1700 791 1700 986 1700 986 1701 791 1701 987 1701 987 1702 791 1702 988 1702 988 1703 791 1703 989 1703 989 1704 791 1704 792 1704 984 1705 985 1705 990 1705 990 1706 985 1706 991 1706 990 1707 991 1707 992 1707 992 1708 993 1708 990 1708 990 1709 993 1709 6 1709 990 1710 6 1710 994 1710 994 1711 6 1711 5 1711 994 1712 5 1712 4 1712 994 1713 4 1713 995 1713 995 1714 4 1714 3 1714 995 1715 3 1715 996 1715 996 1716 3 1716 1 1716 996 1717 1 1717 935 1717 935 1718 1 1718 0 1718 925 1719 937 1719 316 1719 466 1720 301 1720 799 1720 799 1721 301 1721 997 1721 799 1722 997 1722 798 1722 798 1720 997 1720 797 1720 6 1723 993 1723 2 1723 2 1724 993 1724 998 1724 998 1725 993 1725 992 1725 998 1726 992 1726 999 1726 999 1727 992 1727 991 1727 999 1728 991 1728 985 1728 999 1729 985 1729 1000 1729 1000 1730 985 1730 986 1730 1000 1731 986 1731 987 1731 1000 1732 987 1732 1001 1732 1001 1733 987 1733 988 1733 1001 1734 988 1734 1002 1734 1002 1735 988 1735 989 1735 1002 1736 989 1736 792 1736 1002 1737 792 1737 1003 1737 1003 1738 792 1738 793 1738 1003 1739 793 1739 794 1739 1003 1740 794 1740 1004 1740 1004 1741 794 1741 795 1741 1004 1742 795 1742 796 1742 797 1743 997 1743 796 1743 796 1744 997 1744 1004 1744 306 1548 0 1548 305 1548 305 1548 0 1548 2 1548 305 1745 2 1745 998 1745 998 1746 999 1746 305 1746 305 1747 999 1747 1000 1747 305 1548 1000 1548 303 1548 303 1748 1000 1748 1001 1748 303 1548 1001 1548 1002 1548 1002 1749 1003 1749 303 1749 303 1750 1003 1750 997 1750 303 1548 997 1548 301 1548 1003 1751 1004 1751 997 1751 1005 1752 1006 1752 1007 1752 1007 1752 1006 1752 1008 1752 1007 1752 1008 1752 1009 1752 1009 1752 1008 1752 1010 1752 1009 1752 1010 1752 1011 1752 1011 1752 1010 1752 1012 1752 1011 1752 1012 1752 1013 1752 1013 1752 1012 1752 1014 1752 1013 1752 1014 1752 1015 1752 1015 1752 1014 1752 1016 1752 1015 1752 1016 1752 1017 1752 1017 1752 1016 1752 1018 1752 1017 1752 1018 1752 1019 1752 1019 1752 1018 1752 1020 1752 1019 1752 1020 1752 1021 1752 1021 1752 1020 1752 1022 1752 1021 1752 1022 1752 1023 1752 1023 1752 1022 1752 1024 1752 1023 1752 1024 1752 1025 1752 1025 1752 1024 1752 1026 1752 1025 1752 1026 1752 1027 1752 1027 1752 1026 1752 1028 1752 1027 1752 1028 1752 1029 1752 1029 1752 1028 1752 1030 1752 1029 1752 1030 1752 1031 1752 1006 1752 1005 1752 1032 1752 1032 1752 1005 1752 1033 1752 1032 1752 1033 1752 1034 1752 1034 1752 1033 1752 1035 1752 1034 1752 1035 1752 1036 1752 1036 1752 1035 1752 1037 1752 1036 1752 1037 1752 1038 1752 1038 1752 1037 1752 1039 1752 1038 1752 1039 1752 1040 1752 1040 1752 1039 1752 1041 1752 1040 1752 1041 1752 1042 1752 1042 1752 1041 1752 1043 1752 1042 1752 1043 1752 1044 1752 1044 1752 1043 1752 1045 1752 1044 1752 1045 1752 1046 1752 1046 1752 1045 1752 1047 1752 1046 1752 1047 1752 1048 1752 1048 1752 1047 1752 1049 1752 1048 1752 1049 1752 1050 1752 1050 1752 1049 1752 1051 1752 1050 1752 1051 1752 1052 1752 873 1753 1030 1753 869 1753 869 1754 1030 1754 1028 1754 869 1755 1028 1755 868 1755 868 1756 1028 1756 1026 1756 868 1757 1026 1757 867 1757 867 1758 1026 1758 1024 1758 867 1759 1024 1759 866 1759 866 1760 1024 1760 1022 1760 866 1761 1022 1761 865 1761 865 1762 1022 1762 1020 1762 865 1763 1020 1763 864 1763 864 1764 1020 1764 1018 1764 864 1765 1018 1765 863 1765 863 1766 1018 1766 1016 1766 863 1767 1016 1767 862 1767 862 1768 1016 1768 1014 1768 862 1769 1014 1769 861 1769 861 1770 1014 1770 1012 1770 861 1771 1012 1771 860 1771 860 1772 1012 1772 1010 1772 860 1773 1010 1773 859 1773 859 1774 1010 1774 1008 1774 859 1775 1008 1775 858 1775 858 1776 1008 1776 1006 1776 858 1777 1006 1777 857 1777 857 1778 1006 1778 1032 1778 857 1779 1032 1779 856 1779 856 1780 1032 1780 1034 1780 856 1781 1034 1781 855 1781 855 1782 1034 1782 1036 1782 855 1783 1036 1783 854 1783 854 1784 1036 1784 1038 1784 854 1785 1038 1785 853 1785 853 1786 1038 1786 1040 1786 853 1787 1040 1787 852 1787 852 1788 1040 1788 1042 1788 852 1789 1042 1789 851 1789 851 1790 1042 1790 1044 1790 851 1791 1044 1791 850 1791 850 1792 1044 1792 1046 1792 850 1793 1046 1793 849 1793 849 1794 1046 1794 1048 1794 849 1795 1048 1795 848 1795 848 1796 1048 1796 1050 1796 848 1797 1050 1797 847 1797 847 1798 1050 1798 1052 1798 847 1799 1052 1799 846 1799 846 1800 1052 1800 1051 1800 846 1801 1051 1801 845 1801 845 1802 1051 1802 1049 1802 845 1803 1049 1803 844 1803 844 1804 1049 1804 1047 1804 844 1805 1047 1805 843 1805 843 1806 1047 1806 1045 1806 843 1807 1045 1807 842 1807 842 1808 1045 1808 1043 1808 842 1809 1043 1809 841 1809 841 1810 1043 1810 1041 1810 841 1811 1041 1811 840 1811 840 1812 1041 1812 1039 1812 840 1813 1039 1813 839 1813 839 1814 1039 1814 1037 1814 839 1815 1037 1815 838 1815 838 1816 1037 1816 1035 1816 838 1817 1035 1817 837 1817 837 1818 1035 1818 1033 1818 837 1819 1033 1819 836 1819 836 1820 1033 1820 1005 1820 836 1821 1005 1821 823 1821 823 1822 1005 1822 1007 1822 823 1823 1007 1823 824 1823 824 1824 1007 1824 1009 1824 824 1825 1009 1825 825 1825 825 1826 1009 1826 1011 1826 825 1827 1011 1827 826 1827 826 1828 1011 1828 1013 1828 826 1829 1013 1829 827 1829 827 1830 1013 1830 1015 1830 827 1831 1015 1831 828 1831 828 1832 1015 1832 1017 1832 828 1833 1017 1833 829 1833 829 1834 1017 1834 1019 1834 829 1835 1019 1835 830 1835 830 1836 1019 1836 1021 1836 830 1837 1021 1837 831 1837 831 1838 1021 1838 1023 1838 831 1839 1023 1839 832 1839 832 1840 1023 1840 1025 1840 832 1841 1025 1841 833 1841 833 1842 1025 1842 1027 1842 833 1843 1027 1843 834 1843 834 1844 1027 1844 1029 1844 834 1845 1029 1845 875 1845 875 1846 1029 1846 1031 1846 875 1847 1031 1847 874 1847 874 1848 1031 1848 873 1848 873 1849 1031 1849 1030 1849 289 1850 788 1850 467 1850 467 1851 788 1851 471 1851 471 1852 788 1852 786 1852 471 1853 786 1853 474 1853 474 1854 786 1854 784 1854 474 1855 784 1855 276 1855 276 1856 784 1856 268 1856 268 1857 784 1857 782 1857 268 1858 782 1858 269 1858 269 1859 782 1859 780 1859 269 1860 780 1860 476 1860 476 1861 780 1861 778 1861 476 1862 778 1862 478 1862 478 1863 778 1863 495 1863 495 1864 778 1864 776 1864 495 1865 776 1865 497 1865 497 1866 776 1866 774 1866 497 1867 774 1867 498 1867 498 1868 774 1868 772 1868 498 1869 772 1869 500 1869 500 1870 772 1870 502 1870 502 1871 772 1871 770 1871 502 1872 770 1872 504 1872 504 1873 770 1873 767 1873 504 1874 767 1874 505 1874 505 1875 767 1875 507 1875 1053 1548 1054 1548 1055 1548 1055 1548 1054 1548 1056 1548 1055 1548 1056 1548 1057 1548 1057 1548 1056 1548 1058 1548 1057 1548 1058 1548 1059 1548 1059 1548 1058 1548 1060 1548 1059 1548 1060 1548 1061 1548 1061 1548 1060 1548 1062 1548 1061 1548 1062 1548 1063 1548 1063 1548 1062 1548 1064 1548 1063 1548 1064 1548 1065 1548 1065 1548 1064 1548 1066 1548 1065 1548 1066 1548 1067 1548 1067 1548 1066 1548 1068 1548 1067 1548 1068 1548 1069 1548 1069 1548 1068 1548 1070 1548 1069 1548 1070 1548 1071 1548 1071 1548 1070 1548 1072 1548 1071 1548 1072 1548 1073 1548 1073 1548 1072 1548 1074 1548 1073 1548 1074 1548 1075 1548 1075 1548 1074 1548 1076 1548 1075 1548 1076 1548 1077 1548 1077 1548 1076 1548 1078 1548 1077 1548 1078 1548 1079 1548 1054 1548 1053 1548 1080 1548 1080 1548 1053 1548 1081 1548 1080 1548 1081 1548 1082 1548 1082 1548 1081 1548 1083 1548 1082 1548 1083 1548 1084 1548 1084 1548 1083 1548 1085 1548 1084 1548 1085 1548 1086 1548 1086 1548 1085 1548 1087 1548 1086 1548 1087 1548 1088 1548 1088 1548 1087 1548 1089 1548 1088 1548 1089 1548 1090 1548 1090 1548 1089 1548 1091 1548 1090 1548 1091 1548 1092 1548 1092 1548 1091 1548 1093 1548 1092 1548 1093 1548 1094 1548 1094 1548 1093 1548 1095 1548 1094 1548 1095 1548 1096 1548 1096 1548 1095 1548 1097 1548 1096 1548 1097 1548 1098 1548 1098 1548 1097 1548 1099 1548 1098 1548 1099 1548 1100 1548 877 1876 1058 1876 876 1876 876 1877 1058 1877 1056 1877 876 1878 1056 1878 923 1878 923 1879 1056 1879 1054 1879 923 1880 1054 1880 1080 1880 877 1881 878 1881 1058 1881 1058 1882 878 1882 1060 1882 1060 1883 878 1883 879 1883 1060 1884 879 1884 1062 1884 1062 1885 879 1885 880 1885 1062 1886 880 1886 1064 1886 1064 1887 880 1887 881 1887 1064 1888 881 1888 1066 1888 1066 1889 881 1889 882 1889 1066 1890 882 1890 1068 1890 1068 1891 882 1891 883 1891 1068 1891 883 1891 1070 1891 1070 1892 883 1892 884 1892 1070 1893 884 1893 1072 1893 1072 1894 884 1894 885 1894 1072 1895 885 1895 1074 1895 1074 1896 885 1896 886 1896 1074 1897 886 1897 1076 1897 1076 1898 886 1898 887 1898 1076 1899 887 1899 1078 1899 1078 1900 887 1900 888 1900 1078 1901 888 1901 1079 1901 1079 1902 888 1902 889 1902 1079 1903 889 1903 1077 1903 1077 1904 889 1904 890 1904 1077 1905 890 1905 1075 1905 1075 1906 890 1906 891 1906 1075 1907 891 1907 1073 1907 1073 1908 891 1908 892 1908 1073 1909 892 1909 1071 1909 1071 1910 892 1910 893 1910 1071 1911 893 1911 1069 1911 1069 1912 893 1912 894 1912 1069 1912 894 1912 1067 1912 1067 1913 894 1913 895 1913 1067 1914 895 1914 1065 1914 1065 1915 895 1915 896 1915 1065 1916 896 1916 1063 1916 1063 1917 896 1917 897 1917 1063 1918 897 1918 1061 1918 1061 1919 897 1919 898 1919 1061 1920 898 1920 1059 1920 1059 1921 898 1921 899 1921 1059 1922 899 1922 1057 1922 1057 1923 899 1923 900 1923 1057 1924 900 1924 1055 1924 1055 1925 900 1925 901 1925 1055 1926 901 1926 1053 1926 1053 1927 901 1927 902 1927 1053 1928 902 1928 1081 1928 1081 1929 902 1929 903 1929 1081 1930 903 1930 1083 1930 1083 1931 903 1931 904 1931 1083 1932 904 1932 1085 1932 1085 1933 904 1933 905 1933 1085 1934 905 1934 1087 1934 1087 1935 905 1935 906 1935 1087 1936 906 1936 1089 1936 1089 1937 906 1937 907 1937 1089 1937 907 1937 1091 1937 1091 1938 907 1938 908 1938 1091 1939 908 1939 1093 1939 1093 1940 908 1940 909 1940 1093 1941 909 1941 1095 1941 1095 1942 909 1942 910 1942 1095 1943 910 1943 1097 1943 1097 1944 910 1944 911 1944 1097 1945 911 1945 1099 1945 1099 1946 911 1946 912 1946 1099 1947 912 1947 1100 1947 1100 1948 912 1948 913 1948 1100 1949 913 1949 1098 1949 1098 1950 913 1950 914 1950 1098 1951 914 1951 1096 1951 1096 1952 914 1952 915 1952 1096 1953 915 1953 1094 1953 1094 1954 915 1954 916 1954 1094 1955 916 1955 1092 1955 1092 1956 916 1956 917 1956 1092 1957 917 1957 1090 1957 1090 1958 917 1958 918 1958 1090 1958 918 1958 1088 1958 1088 1959 918 1959 919 1959 1088 1960 919 1960 1086 1960 1086 1961 919 1961 920 1961 1086 1962 920 1962 1084 1962 1084 1963 920 1963 921 1963 1084 1964 921 1964 1082 1964 1082 1965 921 1965 922 1965 1082 1966 922 1966 1080 1966 1080 1967 922 1967 923 1967 924 1720 1101 1720 927 1720 927 1720 1101 1720 928 1720 928 1720 1101 1720 1102 1720 928 1720 1102 1720 929 1720 926 1968 1103 1968 924 1968 924 1969 1103 1969 1101 1969 930 1970 929 1970 1104 1970 1104 1971 929 1971 1102 1971 930 0 1104 0 932 0 932 0 1104 0 1103 0 932 0 1103 0 933 0 933 0 1103 0 926 0 1103 1548 1104 1548 1101 1548 1101 1548 1104 1548 1102 1548 1105 0 955 0 1106 0 1106 1972 955 1972 956 1972 1106 1973 956 1973 957 1973 1106 0 957 0 1107 0 1107 1974 957 1974 958 1974 1107 0 958 0 1108 0 1108 0 958 0 1109 0 1108 1975 1109 1975 1110 1975 958 0 959 0 1109 0 1109 1976 959 1976 960 1976 1109 0 960 0 1111 0 1111 1977 960 1977 961 1977 1111 1978 961 1978 1112 1978 1112 1979 961 1979 962 1979 1112 0 962 0 1113 0 1113 0 962 0 963 0 1113 0 963 0 1114 0 1114 1980 963 1980 964 1980 1114 0 964 0 965 0 1114 0 965 0 1115 0 1115 0 965 0 966 0 1115 0 966 0 1116 0 1116 1981 966 1981 967 1981 1116 0 967 0 1117 0 1117 0 967 0 968 0 1117 0 968 0 1118 0 1118 0 968 0 969 0 1118 0 969 0 970 0 1118 1982 970 1982 1119 1982 1119 0 970 0 971 0 1119 0 971 0 1120 0 1120 1983 971 1983 972 1983 1120 1984 972 1984 1121 1984 1121 1985 972 1985 973 1985 1121 1986 973 1986 974 1986 1121 0 974 0 1122 0 1122 1987 974 1987 975 1987 1122 0 975 0 1123 0 1123 1988 975 1988 976 1988 1123 0 976 0 1124 0 1124 1989 976 1989 977 1989 1124 1990 977 1990 1125 1990 1125 1991 977 1991 978 1991 1125 1992 978 1992 979 1992 1125 0 979 0 1126 0 1126 1993 979 1993 980 1993 1126 0 980 0 1127 0 1127 1994 980 1994 981 1994 1127 0 981 0 1128 0 1128 1995 981 1995 982 1995 1128 1996 982 1996 983 1996 1128 1997 983 1997 1129 1997 1129 1998 983 1998 984 1998 1129 0 984 0 1130 0 1130 1999 984 1999 990 1999 1130 0 990 0 1131 0 1131 2000 990 2000 994 2000 1131 0 994 0 1132 0 1132 2001 994 2001 995 2001 1132 2002 995 2002 996 2002 1132 0 996 0 1133 0 1133 2003 996 2003 935 2003 1133 0 935 0 1134 0 1134 0 935 0 934 0 1134 2004 934 2004 1135 2004 1135 0 934 0 936 0 1135 0 936 0 937 0 1135 2005 937 2005 1136 2005 1136 0 937 0 925 0 1136 2006 925 2006 1137 2006 1137 2007 925 2007 931 2007 1137 2008 931 2008 1138 2008 1138 0 931 0 938 0 1138 2009 938 2009 1139 2009 1139 0 938 0 939 0 1139 2010 939 2010 940 2010 941 2011 1140 2011 940 2011 940 0 1140 0 1141 0 940 0 1141 0 1142 0 1142 2012 1141 2012 1143 2012 1143 2013 1141 2013 1144 2013 1143 2014 1144 2014 1145 2014 1145 2015 1144 2015 1146 2015 1145 2016 1146 2016 1147 2016 941 0 942 0 1140 0 1140 2017 942 2017 1148 2017 1140 0 1148 0 1149 0 1149 0 1148 0 1150 0 1150 2018 1148 2018 1151 2018 1151 2019 1148 2019 1152 2019 1151 2020 1152 2020 1153 2020 1153 2021 1152 2021 1154 2021 1153 2022 1154 2022 1155 2022 1148 2023 942 2023 1156 2023 1156 0 942 0 943 0 1156 0 943 0 1157 0 1157 2024 943 2024 1158 2024 1158 2025 943 2025 944 2025 1158 0 944 0 1159 0 1159 0 944 0 1160 0 1160 2026 944 2026 1161 2026 1161 0 944 0 1162 0 1162 0 944 0 945 0 1162 2027 945 2027 1163 2027 1163 0 945 0 1164 0 1164 0 945 0 1165 0 1165 0 945 0 1166 0 1165 2028 1166 2028 1167 2028 1167 0 1166 0 1168 0 1168 0 1166 0 1169 0 1168 2029 1169 2029 1170 2029 1170 2030 1169 2030 1171 2030 1171 0 1169 0 1172 0 1172 0 1169 0 1173 0 1172 2031 1173 2031 1174 2031 1174 0 1173 0 1175 0 1174 0 1175 0 1176 0 1176 0 1175 0 1177 0 1176 0 1177 0 1178 0 1178 0 1177 0 1179 0 1179 0 1177 0 1180 0 1179 0 1180 0 1181 0 1181 0 1180 0 1182 0 1181 0 1182 0 1183 0 1166 0 945 0 1183 0 1183 0 945 0 946 0 1183 2032 946 2032 947 2032 1183 0 947 0 1181 0 1181 2033 947 2033 948 2033 1181 0 948 0 1184 0 1172 0 1174 0 1185 0 1185 2034 1174 2034 1186 2034 1185 0 1186 0 1187 0 1187 0 1186 0 1188 0 1188 2035 1186 2035 1145 2035 1188 0 1145 0 1147 0 1142 0 1139 0 940 0 1110 0 1189 0 1108 0 1108 0 1189 0 1190 0 1190 2036 1189 2036 1191 2036 1190 0 1191 0 1192 0 1190 2037 1192 2037 1193 2037 1193 0 1192 0 1106 0 1193 0 1106 0 1107 0 1194 0 1166 0 1183 0 1169 0 1195 0 1173 0 1175 0 1196 0 1177 0 1180 0 1197 0 1182 0 1198 2038 1199 2038 1144 2038 1144 2039 1199 2039 1200 2039 1144 2040 1200 2040 1146 2040 1199 0 1198 0 1201 0 1201 2041 1198 2041 1140 2041 1201 0 1140 0 1149 0 1155 0 1202 0 1153 0 1153 2042 1202 2042 1203 2042 1153 2043 1203 2043 1204 2043 1204 0 1205 0 1153 0 1153 2044 1205 2044 1206 2044 1153 0 1206 0 1207 0 1207 0 1206 0 1208 0 1209 2045 1184 2045 949 2045 949 2046 1184 2046 948 2046 1179 2047 1210 2047 1178 2047 1178 2048 1210 2048 1211 2048 1212 2049 1213 2049 1214 2049 1214 2050 1213 2050 953 2050 1214 2051 953 2051 954 2051 1212 2052 1215 2052 1213 2052 1213 2053 1215 2053 1216 2053 1213 2054 1216 2054 1217 2054 1217 2055 1216 2055 1218 2055 1217 2056 1218 2056 1219 2056 1209 2057 949 2057 1219 2057 1219 2058 949 2058 1217 2058 949 2059 950 2059 1217 2059 1217 2060 950 2060 951 2060 1217 2061 951 2061 1213 2061 1213 2062 951 2062 952 2062 1213 2063 952 2063 953 2063 1220 2064 1221 2064 1210 2064 1210 2065 1221 2065 1222 2065 1210 2066 1222 2066 1211 2066 1221 2067 1220 2067 1223 2067 1223 2068 1220 2068 1224 2068 1223 2069 1224 2069 1225 2069 1225 2070 1226 2070 1223 2070 1223 2071 1226 2071 1227 2071 1223 2072 1227 2072 1228 2072 1223 2073 1228 2073 1221 2073 1221 2074 1228 2074 1222 2074 1105 2075 1214 2075 955 2075 955 2076 1214 2076 954 2076 1224 2077 1192 2077 1225 2077 1225 2078 1192 2078 1191 2078 1229 0 1216 0 1220 0 1220 0 1216 0 1230 0 1181 2079 1229 2079 1179 2079 1179 2080 1229 2080 1210 2080 1210 2081 1229 2081 1220 2081 1184 2082 1209 2082 1181 2082 1181 2083 1209 2083 1229 2083 1229 2084 1209 2084 1219 2084 1229 2085 1219 2085 1218 2085 1218 2083 1216 2083 1229 2083 1105 2082 1106 2082 1214 2082 1214 2083 1106 2083 1230 2083 1214 2083 1230 2083 1212 2083 1212 2083 1230 2083 1215 2083 1215 2083 1230 2083 1216 2083 1106 2086 1192 2086 1230 2086 1230 2087 1192 2087 1224 2087 1230 2088 1224 2088 1220 2088 1231 2089 1232 2089 1190 2089 1190 2089 1232 2089 1108 2089 1233 1752 1231 1752 1193 1752 1193 1752 1231 1752 1190 1752 1234 2083 1233 2083 1107 2083 1107 2083 1233 2083 1193 2083 1232 1548 1234 1548 1108 1548 1108 1548 1234 1548 1107 1548 1231 0 1233 0 1232 0 1232 0 1233 0 1234 0 1235 2090 1236 2090 1237 2090 1237 2091 1236 2091 1238 2091 1238 2092 1236 2092 1239 2092 1238 2093 1239 2093 1240 2093 1240 2094 1239 2094 1241 2094 1240 2095 1241 2095 1242 2095 1242 2096 1241 2096 1243 2096 1242 2096 1243 2096 1244 2096 1245 2097 1246 2097 1247 2097 1247 2097 1246 2097 1248 2097 1248 2098 1246 2098 1249 2098 1248 2099 1249 2099 1250 2099 1250 2100 1249 2100 1251 2100 1250 2101 1251 2101 1252 2101 1252 2102 1251 2102 1235 2102 1252 2103 1235 2103 1237 2103 1253 2104 1254 2104 1255 2104 1255 2105 1254 2105 1256 2105 1256 2106 1254 2106 1257 2106 1256 2107 1257 2107 1258 2107 1258 2108 1257 2108 1259 2108 1258 2109 1259 2109 1260 2109 1260 2110 1259 2110 1245 2110 1260 2110 1245 2110 1247 2110 1148 2111 1156 2111 1261 2111 1261 2112 1156 2112 1262 2112 1262 2113 1156 2113 1157 2113 1262 2114 1157 2114 1263 2114 1152 2115 1148 2115 1264 2115 1264 2116 1148 2116 1261 2116 1155 2117 1154 2117 1265 2117 1265 2118 1154 2118 1266 2118 1266 2119 1154 2119 1152 2119 1266 2119 1152 2119 1264 2119 1208 2120 1206 2120 1267 2120 1267 2121 1206 2121 1268 2121 1268 2122 1206 2122 1205 2122 1268 2122 1205 2122 1269 2122 1269 2123 1205 2123 1204 2123 1269 2124 1204 2124 1270 2124 1270 2125 1204 2125 1203 2125 1270 2126 1203 2126 1271 2126 1271 2127 1203 2127 1202 2127 1271 2128 1202 2128 1272 2128 1272 2129 1202 2129 1155 2129 1272 2130 1155 2130 1265 2130 1200 2131 1199 2131 1273 2131 1273 2132 1199 2132 1274 2132 1274 2133 1199 2133 1201 2133 1274 2134 1201 2134 1275 2134 1275 2135 1201 2135 1149 2135 1275 2136 1149 2136 1276 2136 1276 2137 1149 2137 1150 2137 1276 2138 1150 2138 1277 2138 1277 2139 1150 2139 1151 2139 1277 2140 1151 2140 1278 2140 1278 2141 1151 2141 1153 2141 1278 2142 1153 2142 1279 2142 1279 2143 1153 2143 1207 2143 1279 2143 1207 2143 1280 2143 1280 2144 1207 2144 1208 2144 1280 2144 1208 2144 1267 2144 1185 2145 1187 2145 1281 2145 1281 2146 1187 2146 1282 2146 1282 2147 1187 2147 1188 2147 1282 2148 1188 2148 1283 2148 1283 2149 1188 2149 1147 2149 1283 2150 1147 2150 1284 2150 1284 2151 1147 2151 1146 2151 1284 2152 1146 2152 1285 2152 1285 2153 1146 2153 1200 2153 1285 2154 1200 2154 1273 2154 1157 2155 1158 2155 1263 2155 1263 2156 1158 2156 1286 2156 1286 2157 1158 2157 1159 2157 1286 2158 1159 2158 1287 2158 1287 2159 1159 2159 1160 2159 1287 2160 1160 2160 1288 2160 1288 2161 1160 2161 1161 2161 1288 2162 1161 2162 1289 2162 1289 2163 1161 2163 1162 2163 1289 2164 1162 2164 1290 2164 1290 2165 1162 2165 1163 2165 1290 2165 1163 2165 1291 2165 1291 2166 1163 2166 1164 2166 1291 2167 1164 2167 1292 2167 1292 2168 1164 2168 1165 2168 1292 2169 1165 2169 1293 2169 1293 2170 1165 2170 1167 2170 1293 2171 1167 2171 1294 2171 1294 2172 1167 2172 1168 2172 1294 2173 1168 2173 1295 2173 1295 2174 1168 2174 1170 2174 1295 2175 1170 2175 1296 2175 1296 2176 1170 2176 1171 2176 1296 2177 1171 2177 1297 2177 1297 2178 1171 2178 1172 2178 1297 2179 1172 2179 1298 2179 1298 2180 1172 2180 1185 2180 1298 2181 1185 2181 1281 2181 1243 2182 1299 2182 1244 2182 1244 2183 1299 2183 1300 2183 1300 2184 1299 2184 1301 2184 1300 2185 1301 2185 1302 2185 1302 2186 1301 2186 1303 2186 1302 2187 1303 2187 1304 2187 1304 2188 1303 2188 1253 2188 1304 2189 1253 2189 1255 2189 1261 2190 1262 2190 1264 2190 1264 2191 1262 2191 1266 2191 1266 2192 1262 2192 1263 2192 1266 0 1263 0 1265 0 1265 0 1263 0 1286 0 1265 0 1286 0 1272 0 1272 2193 1286 2193 1287 2193 1272 0 1287 0 1271 0 1271 2194 1287 2194 1288 2194 1271 2195 1288 2195 1270 2195 1270 2196 1288 2196 1289 2196 1270 2197 1289 2197 1290 2197 1270 0 1290 0 1269 0 1269 0 1290 0 1291 0 1269 2198 1291 2198 1292 2198 1269 0 1292 0 1268 0 1268 0 1292 0 1293 0 1268 0 1293 0 1294 0 1268 2199 1294 2199 1267 2199 1267 2200 1294 2200 1295 2200 1267 0 1295 0 1242 0 1242 0 1295 0 1296 0 1242 2201 1296 2201 1240 2201 1240 0 1296 0 1297 0 1240 2202 1297 2202 1238 2202 1238 2203 1297 2203 1298 2203 1238 0 1298 0 1281 0 1238 2204 1281 2204 1237 2204 1237 2205 1281 2205 1282 2205 1237 2206 1282 2206 1252 2206 1252 0 1282 0 1283 0 1252 0 1283 0 1250 0 1250 2207 1283 2207 1284 2207 1250 0 1284 0 1248 0 1248 0 1284 0 1285 0 1248 2208 1285 2208 1247 2208 1247 0 1285 0 1273 0 1247 2209 1273 2209 1274 2209 1247 0 1274 0 1260 0 1260 0 1274 0 1275 0 1260 0 1275 0 1258 0 1258 0 1275 0 1276 0 1258 2210 1276 2210 1256 2210 1256 0 1276 0 1277 0 1256 0 1277 0 1255 0 1255 2211 1277 2211 1278 2211 1255 0 1278 0 1304 0 1304 0 1278 0 1279 0 1304 0 1279 0 1302 0 1302 2212 1279 2212 1280 2212 1302 0 1280 0 1300 0 1300 2213 1280 2213 1267 2213 1300 2214 1267 2214 1244 2214 1244 0 1267 0 1242 0 1299 0 1243 0 1254 0 1254 2215 1243 2215 1241 2215 1254 0 1241 0 1257 0 1257 0 1241 0 1239 0 1257 0 1239 0 1236 0 1235 2216 1249 2216 1236 2216 1236 2217 1249 2217 1246 2217 1236 2218 1246 2218 1245 2218 1235 0 1251 0 1249 0 1245 0 1259 0 1236 0 1236 2219 1259 2219 1257 2219 1299 0 1254 0 1301 0 1301 2220 1254 2220 1253 2220 1301 2221 1253 2221 1303 2221 1305 1752 1306 1752 1166 1752 1166 1752 1306 1752 1169 1752 1307 2083 1305 2083 1194 2083 1194 2083 1305 2083 1166 2083 1308 1752 1307 1752 1183 1752 1183 1752 1307 1752 1194 1752 1309 2083 1308 2083 1182 2083 1182 2083 1308 2083 1183 2083 1310 1548 1309 1548 1197 1548 1197 1548 1309 1548 1182 1548 1311 2083 1310 2083 1180 2083 1180 2083 1310 2083 1197 2083 1312 1548 1311 1548 1177 1548 1177 1548 1311 1548 1180 1548 1313 2089 1312 2089 1196 2089 1196 2089 1312 2089 1177 2089 1314 1548 1313 1548 1175 1548 1175 1548 1313 1548 1196 1548 1315 2089 1314 2089 1173 2089 1173 2089 1314 2089 1175 2089 1316 1752 1315 1752 1195 1752 1195 1752 1315 1752 1173 1752 1306 2089 1316 2089 1169 2089 1169 2089 1316 2089 1195 2089 1305 0 1307 0 1306 0 1306 0 1307 0 1316 0 1316 0 1307 0 1310 0 1316 0 1310 0 1313 0 1313 0 1310 0 1311 0 1313 0 1311 0 1312 0 1308 0 1309 0 1307 0 1307 0 1309 0 1310 0 1314 0 1315 0 1313 0 1313 0 1315 0 1316 0 1144 2222 1141 2222 1317 2222 1317 2223 1141 2223 1318 2223 1198 2224 1144 2224 1319 2224 1319 2225 1144 2225 1317 2225 1140 2226 1198 2226 1320 2226 1320 2227 1198 2227 1319 2227 1141 2228 1140 2228 1318 2228 1318 2229 1140 2229 1320 2229 1317 0 1318 0 1319 0 1319 0 1318 0 1320 0 1321 0 1322 0 1323 0 1323 2230 1322 2230 1324 2230 1323 0 1324 0 1325 0 1325 2231 1324 2231 1326 2231 1325 2232 1326 2232 1327 2232 1327 2233 1326 2233 1328 2233 1327 0 1328 0 1329 0 1329 2234 1328 2234 1330 2234 1329 2235 1330 2235 1331 2235 1331 2236 1330 2236 1332 2236 1331 0 1332 0 1333 0 1333 2237 1332 2237 1334 2237 1333 0 1334 0 1335 0 1335 2238 1334 2238 1336 2238 1335 0 1336 0 1337 0 1337 2239 1336 2239 1338 2239 1337 0 1338 0 1339 0 1339 2240 1338 2240 1340 2240 1339 0 1340 0 1341 0 1341 2241 1340 2241 1342 2241 1341 2242 1342 2242 1343 2242 1322 0 1321 0 1344 0 1344 2243 1321 2243 1345 2243 1344 0 1345 0 1346 0 1346 2244 1345 2244 1347 2244 1346 2245 1347 2245 1348 2245 1348 2246 1347 2246 1349 2246 1348 0 1349 0 1350 0 1350 2247 1349 2247 1351 2247 1350 2248 1351 2248 1352 2248 1352 2249 1351 2249 1353 2249 1352 0 1353 0 1354 0 1354 2250 1353 2250 1355 2250 1354 0 1355 0 1356 0 1356 2251 1355 2251 1357 2251 1356 2252 1357 2252 1358 2252 1358 2253 1357 2253 1359 2253 1358 0 1359 0 1360 0 1325 2254 1110 2254 1323 2254 1323 2255 1110 2255 1109 2255 1323 2256 1109 2256 1321 2256 1321 2257 1109 2257 1111 2257 1321 2258 1111 2258 1345 2258 1345 2259 1111 2259 1112 2259 1345 2260 1112 2260 1347 2260 1347 2261 1112 2261 1113 2261 1347 2262 1113 2262 1349 2262 1349 2263 1113 2263 1114 2263 1349 2264 1114 2264 1351 2264 1351 2265 1114 2265 1115 2265 1351 2266 1115 2266 1353 2266 1353 2267 1115 2267 1116 2267 1353 2268 1116 2268 1355 2268 1355 2269 1116 2269 1117 2269 1355 2270 1117 2270 1357 2270 1357 2271 1117 2271 1118 2271 1357 2272 1118 2272 1359 2272 1359 2273 1118 2273 1119 2273 1359 2274 1119 2274 1360 2274 1360 2275 1119 2275 1358 2275 1358 2276 1119 2276 1120 2276 1358 2277 1120 2277 1356 2277 1356 2278 1120 2278 1121 2278 1356 2279 1121 2279 1354 2279 1354 2280 1121 2280 1122 2280 1354 2281 1122 2281 1352 2281 1352 2282 1122 2282 1123 2282 1352 2283 1123 2283 1350 2283 1350 2284 1123 2284 1124 2284 1350 2285 1124 2285 1348 2285 1348 2286 1124 2286 1125 2286 1348 2287 1125 2287 1346 2287 1346 2288 1125 2288 1126 2288 1346 2289 1126 2289 1344 2289 1344 2290 1126 2290 1127 2290 1344 2291 1127 2291 1322 2291 1322 2292 1127 2292 1128 2292 1322 2293 1128 2293 1324 2293 1324 2294 1128 2294 1129 2294 1324 2295 1129 2295 1326 2295 1326 2296 1129 2296 1130 2296 1326 2297 1130 2297 1328 2297 1328 2298 1130 2298 1131 2298 1328 2299 1131 2299 1330 2299 1330 2300 1131 2300 1132 2300 1330 2301 1132 2301 1332 2301 1332 2302 1132 2302 1133 2302 1332 2303 1133 2303 1334 2303 1334 2304 1133 2304 1134 2304 1334 2305 1134 2305 1336 2305 1336 2306 1134 2306 1135 2306 1336 2307 1135 2307 1338 2307 1338 2308 1135 2308 1136 2308 1338 2309 1136 2309 1340 2309 1340 2310 1136 2310 1137 2310 1340 2311 1137 2311 1342 2311 1342 2312 1137 2312 1138 2312 1342 2313 1138 2313 1343 2313 1343 2314 1138 2314 1139 2314 1343 2315 1139 2315 1341 2315 1341 2316 1139 2316 1142 2316 1341 2317 1142 2317 1339 2317 1339 2318 1142 2318 1143 2318 1339 2319 1143 2319 1337 2319 1337 2320 1143 2320 1145 2320 1337 2321 1145 2321 1335 2321 1335 2322 1145 2322 1186 2322 1335 2323 1186 2323 1333 2323 1333 2324 1186 2324 1174 2324 1333 2325 1174 2325 1331 2325 1331 2326 1174 2326 1176 2326 1331 2327 1176 2327 1329 2327 1329 2328 1176 2328 1178 2328 1329 2329 1178 2329 1211 2329 1110 2330 1325 2330 1189 2330 1189 2331 1325 2331 1327 2331 1189 2332 1327 2332 1191 2332 1191 2333 1327 2333 1225 2333 1225 2334 1327 2334 1226 2334 1226 2335 1327 2335 1227 2335 1227 2336 1327 2336 1228 2336 1228 2337 1327 2337 1222 2337 1222 2338 1327 2338 1329 2338 1222 2339 1329 2339 1211 2339</p>
        </triangles>
      </mesh>
    </geometry>
  </library_geometries>
  <library_visual_scenes>
    <visual_scene id="Scene" name="Scene">
      <node id="Link_5" name="Link 5" type="NODE">
        <matrix sid="transform">1 0 0 0 0 1 0 0 0 0 1 0 0 0 0 1</matrix>
        <instance_geometry url="#Link_5-mesh" name="Link 5">
          <bind_material>
            <technique_common>
              <instance_material symbol="link_01_part_000_mtl_001_001-material" target="#link_01_part_000_mtl_001_001-material"/>
            </technique_common>
          </bind_material>
        </instance_geometry>
      </node>
      <node id="Camera" name="Camera" type="NODE">
        <matrix sid="transform">0.6859207 -0.3240135 0.6515582 7.481132 0.7276763 0.3054209 -0.6141704 -6.50764 -4.01133e-9 0.8953956 0.4452714 5.343665 0 0 0 1</matrix>
        <instance_camera url="#Camera-camera"/>
      </node>
      <node id="Lamp" name="Lamp" type="NODE">
        <matrix sid="transform">-0.2908646 -0.7711008 0.5663933 4.076245 0.9551712 -0.1998833 0.2183912 1.005454 -0.05518904 0.6045247 0.7946723 5.903862 0 0 0 1</matrix>
        <instance_light url="#Lamp-light"/>
      </node>
    </visual_scene>
  </library_visual_scenes>
  <scene>
    <instance_visual_scene url="#Scene"/>
  </scene>
</COLLADA>