<?xml version="1.0" encoding="utf-8"?>
<COLLADA xmlns="http://www.collada.org/2005/11/COLLADASchema" version="1.4.1" xmlns:xsi="http://www.w3.org/2001/XMLSchema-instance">
  <asset>
    <contributor>
      <author>Blender User</author>
      <authoring_tool>Blender 2.82.7</authoring_tool>
    </contributor>
    <created>2024-02-04T15:16:42</created>
    <modified>2024-02-04T15:16:42</modified>
    <unit name="meter" meter="1"/>
    <up_axis>Z_UP</up_axis>
  </asset>
  <library_effects>
    <effect id="Blue-effect">
      <profile_COMMON>
        <technique sid="common">
          <lambert>
            <emission>
              <color sid="emission">0 0 0 1</color>
            </emission>
            <diffuse>
              <color sid="diffuse">0.02249585 0.03062268 0.8000001 1</color>
            </diffuse>
            <reflectivity>
              <float sid="specular">0.5</float>
            </reflectivity>
            <index_of_refraction>
              <float sid="ior">1.45</float>
            </index_of_refraction>
          </lambert>
        </technique>
      </profile_COMMON>
    </effect>
  </library_effects>
  <library_images/>
  <library_materials>
    <material id="Blue-material" name="Blue">
      <instance_effect url="#Blue-effect"/>
    </material>
  </library_materials>
  <library_geometries>
    <geometry id="Link5_001-mesh" name="Link5.001">
      <mesh>
        <source id="Link5_001-mesh-positions">
          <float_array id="Link5_001-mesh-positions-array" count="4389">0.07564002 0.01177638 -0.03065448 0.07564002 0.01322197 -0.02945655 0.07564002 0.01286751 -0.03223896 0.07564002 0.01442331 -0.030945 0.06999999 0.01348918 -0.03204685 0.06999999 0.01218813 -0.03181767 0.06999999 0.01186859 -0.03028911 0.06999999 0.01324403 -0.02952635 0.06999999 0.0144726 -0.03093981 0.06999999 -0.01754772 0.02959227 0.06999999 -0.0207476 0.02980041 0.06999999 -0.02247291 0.0300818 0.06999999 -0.02073287 0.02773523 0.06999999 -0.02032083 0.0272485 0.06999999 -0.02378404 0.0238673 0.06999999 -0.02279227 0.02687054 0.06999999 -0.02488672 0.02183216 0.06999856 -0.01525813 0.02785569 0.06999951 -0.02270913 0.02218359 0.06999999 -0.01903253 0.02676683 0.06999999 -0.01424729 0.03163218 0.06999999 -0.02674275 0.01933449 0.06999689 -0.02731233 0.01621937 0.06999999 -0.02578115 0.02059924 0.07000005 -0.02807921 0.01735067 0.06999999 -0.02961713 0.01457095 0.06999999 -0.03088098 0.0116555 0.06999027 -0.03124403 0.005805611 0.06999999 -0.03198796 0.008217394 0.07000088 -0.03283131 0.003534317 0.06999766 -0.03158164 -0.003135681 0.06999999 -0.03299754 -8.02696e-4 0.07000011 -0.02710062 -0.01884871 0.06999999 -0.02943152 -0.01497238 0.06999933 -0.024576 -0.02038913 0.06999999 -0.03175663 -0.009070396 0.06999999 -0.03273159 -0.004404425 0.07000136 -0.03058093 -0.01240158 0.06999665 -0.02961254 -0.0110498 0.06999999 -0.0174269 -0.02887827 0.06999999 -0.0189464 -0.02679842 0.06999933 -0.0167253 -0.02697443 0.06999999 -0.02077978 -0.02769005 0.06999999 -0.02379655 -0.02383041 0.06999999 -0.02498209 -0.02168387 0.06999999 -0.01698976 -0.03299075 0.06999993 -0.02246659 -0.0300545 0.06999999 -0.02028375 -0.0303753 0.06999999 -0.02280896 -0.02683609 0.06999999 0.01596587 -0.03299993 0.06999999 0.01811021 -0.03294938 0.06999999 0.0199216 -0.03037911 0.06999999 0.01737904 -0.02875709 0.06999856 0.02014541 -0.02460277 0.07000017 0.02248132 -0.03001141 0.06999999 0.02106249 -0.02842444 0.06999993 0.02279239 -0.02687048 0.06999999 0.02378386 -0.02386778 0.07000052 0.01962339 -0.02679175 0.06999999 0.03292196 -0.002373874 0.07000076 0.03254115 -0.005528569 0.06999659 0.03174287 0.001344144 0.0700007 0.03299772 8.02875e-4 0.06999999 0.02488672 -0.02183228 0.06999999 0.02757996 -0.01816463 0.06999999 0.02961724 -0.01457089 0.0699982 0.02898263 -0.01340913 0.06999999 0.03185892 -0.008631527 0.06999999 0.03086239 -0.01165682 0.06999999 0.01798677 0.02719378 0.06999999 0.02020066 0.02715569 0.06999784 0.02319157 0.02188336 0.06999999 0.01800912 0.0299378 0.06999933 0.01425921 0.02834093 0.06999999 0.01790893 0.03299546 0.06999999 0.02246189 0.03004121 0.06999999 0.02021402 0.03012257 0.06999993 0.02437049 0.02269488 0.06999999 0.02547925 0.02100455 0.06999999 0.02674293 0.01933449 0.06999999 0.02764254 0.0180248 0.06999999 0.02847814 0.01667338 0.06999999 0.02280896 0.02683681 0.06999999 0.02352726 0.02453058 0.06999999 0.02106386 0.02818149 0.07000118 0.03097182 0.01141536 0.06998467 0.02967238 0.01139682 0.06999999 0.02961015 0.01458537 0.06999999 0.03280043 0.003700673 0.07000029 0.0321564 0.007531881 0.06999993 -0.01782441 0.03300011 0.06999999 -0.01403373 0.02993047 0.06999999 -0.01229584 0.02970653 0.06999999 -0.01216048 0.03187006 0.06997013 -0.005216896 0.03134828 0.07000023 -2.43379e-5 0.03299999 0.06999725 0.009819805 -0.0302537 0.06999999 0 -0.03299993 0.06999957 -0.002627253 -0.0317108 0.06999999 0.01599156 0.03300005 0.06999963 0.005491793 0.03132057 0.06999856 -0.01180559 -0.02939945 0.07199996 -0.01804059 -0.03298038 0.07199996 -0.02259939 -0.02806669 0.07199996 0.01811105 -0.03296273 0.07599997 0.02526706 0.0212807 0.07599997 0.02719277 0.01867961 0.07599997 0.02874571 0.01622486 0.07599997 0.03059935 0.01241081 0.07599997 0.03184026 0.008635401 0.07599997 0.032494 0.005805134 0.07599997 0.0329023 0.002646625 0.07599997 0.03300428 -5.29528e-4 0.07599997 0.03280043 -0.003700613 0.07599997 0.03229403 -0.006830394 0.07599997 0.03148764 -0.009903788 0.07599997 0.03038692 -0.0128917 0.07599997 0.02886289 -0.01597821 0.07599997 0.02735656 -0.01847106 0.07600003 0.02481657 -0.0218926 0.07599997 -0.02526676 -0.02128082 0.07599997 -0.02705603 -0.01890832 0.07599997 -0.02926385 -0.01529598 0.07599997 -0.03086227 -0.01165682 0.07599997 -0.03178721 -0.008895337 0.07599997 -0.03267693 -0.004785537 0.07599997 -0.0329914 -0.001059532 0.07599997 -0.03294044 0.002117276 0.07599997 -0.03258424 0.005274534 0.07599997 -0.03192609 0.008383274 0.07599997 -0.03097182 0.01141506 0.07599997 -0.02973073 0.01434016 0.07599997 -0.02821415 0.0171324 0.07599997 -0.02674275 0.01933449 0.07599997 -0.0253027 0.02123129 0.07199996 -0.02328687 -0.02510178 0.07599997 -0.02460718 -0.02229571 0.07599997 -0.0238257 -0.02376955 0.07599997 -0.02330929 -0.02510172 0.07199996 0.02264535 -0.02761942 0.07199996 0.0233094 -0.02510172 0.07599997 0.02327239 -0.02510148 0.07199996 -0.01842933 -0.0251078 0.07599997 -0.01864355 -0.02510428 0.07199996 -0.01580435 -0.02734458 0.07199996 -0.01579207 -0.03299993 0.07599997 -0.01579207 -0.03299993 0.07599997 -0.01579207 -0.02860176 0.07599997 -0.01597619 -0.02736157 0.07599997 -0.0170688 -0.02586656 0.07199996 0.01579219 -0.03299993 0.07599997 0.01579219 -0.03299993 0.07199996 0.01579284 -0.02830356 0.07199984 0.01849102 -0.02510416 0.07199996 0.01629406 -0.02667951 0.07600003 0.01913684 -0.02510166 0.07599997 0.01724129 -0.02569162 0.07599997 0.01609075 -0.02714133 0.07599997 0.01582783 -0.02810364 0.07599997 0.01579219 -0.02860176 0.07199996 0.01783645 0.03299874 0.07199996 0.02247506 0.03007507 0.07199996 0.02268344 0.02735292 0.07199996 0.0233094 0.02510184 0.07599997 0.02460736 0.02229583 0.07599997 0.02382463 0.0237776 0.07599997 0.02330559 0.02510184 0.07199996 0.01820278 0.02510994 0.07599997 0.0188651 0.02510237 0.07199996 0.01579916 0.02754527 0.07199996 0.01579219 0.03300005 0.07599997 0.01579219 0.03300005 0.07599997 0.01579219 0.02860188 0.07599997 0.01586037 0.02788019 0.07599997 0.01645976 0.02648437 0.07599997 0.01761043 0.02552461 0.07199996 -0.02236026 0.03008383 0.07199996 -0.01796329 0.03298807 0.07199996 -0.01579207 0.03300005 0.07599997 -0.01579207 0.03300005 0.07199996 -0.02327477 0.02510201 0.07599997 -0.02326887 0.02510106 0.07599997 -0.02411049 0.02320063 0.07599997 -0.02460718 0.02229583 0.0719999 -0.01887077 0.02510231 0.07199996 -0.01665717 0.02608895 0.07199996 -0.01579236 0.02835649 0.07599997 -0.01929205 0.02510184 0.07599997 -0.01579207 0.02860188 0.07599997 -0.01879394 0.02513748 0.07599997 -0.01807206 0.0253309 0.07599997 -0.01630848 0.0265699 0.07599997 -0.01582765 0.02810376 0.07599997 0.01408839 -0.02066284 0.07599997 0.012093 -0.02188056 0.07599997 0.01042872 -0.02273052 0.07599997 0.008257031 -0.02359706 0.07599997 0.02402299 -0.006920814 0.07599997 0.02359712 -0.008256912 0.07599997 0.02309703 -0.009567022 0.07599997 0.02252429 -0.01084703 0.07599997 0.02188062 -0.01209288 0.07599997 0.02116817 -0.01330071 0.07599997 0.02038908 -0.01446676 0.07599997 0.01954585 -0.01558715 0.07599997 0.01815938 -0.01716816 0.07599997 0.01631331 -0.01895552 0.07599997 -0.02402281 0.006920933 0.07599997 -0.023597 0.008257031 0.07599997 -0.01042807 0.02273088 0.07599997 -0.007588267 0.02382862 0.07599997 0.02437323 -0.005562961 0.07599997 -0.02309691 0.009567141 0.07599997 -0.02252411 0.01084715 0.07599997 -0.0218805 0.012093 0.07599997 -0.01290661 0.02142095 0.07599997 -0.0158481 0.01936286 0.07599997 0.006920933 -0.02402287 0.07599997 0.004872858 -0.02452826 0.07599997 0.002799153 -0.02484279 0.07599997 -0.02116799 0.01330083 0.07599997 -0.0203889 0.01446688 0.07599997 -0.01954567 0.01558727 0.07599997 -0.01833283 0.01701015 0.07599997 0.01148372 0.02221512 0.07600003 0.01369988 0.0209226 0.07599997 0.01595604 0.0192573 0.07599997 -0.02464669 0.004187762 0.07599997 -0.02437311 0.00556308 0.07599997 0.01767772 0.01767772 0.07599997 0.01895707 0.0163117 0.07599997 0.02077859 0.01388382 0.07599997 0.02220243 0.01147007 0.07599997 -0.02499991 0 0.07599997 -0.02496057 0.001401782 0.07599997 -0.02484273 0.002799212 0.07599997 -0.01148331 -0.02221512 0.07600003 -0.01369982 -0.02092242 0.07599997 -0.01595598 -0.01925712 0.07599997 0.02476066 -0.003506243 0.07599997 0.02499753 -7.11858e-4 0.07599997 0.02486252 0.002811849 0.07599997 -0.004872739 0.02452838 0.07599997 -0.002799034 0.02484291 0.07599997 0.006920933 0.02402299 0.07599997 0.008257031 0.02359718 0.07599997 0.009567141 0.02309703 0.07599997 0.001401782 -0.02496063 0.07599997 0 -0.02499991 0.07599997 -0.001401662 -0.02496063 0.07599997 -0.006920814 -0.02402287 0.07599997 -0.008256852 -0.02359706 0.07599997 -0.009566962 -0.02309691 0.07599997 0.02421766 0.006236076 0.07599997 0.0232799 0.009137034 0.07599997 -0.001401662 0.02496075 0.07599997 0 0.02500003 0.07599997 0.001401782 0.02496075 0.07599997 0.002799153 0.02484291 0.07599997 0.004187703 0.02464687 0.07599997 0.00556308 0.02437323 0.07599997 -0.0176776 -0.0176776 0.07599997 -0.01954591 -0.01562917 0.07599997 -0.02142226 -0.01290416 0.07599997 -0.02489936 -0.002335131 0.07599997 -0.02448219 -0.005104541 0.07599997 -0.002799034 -0.02484279 0.07599997 -0.004187583 -0.02464675 0.07599997 -0.005562901 -0.02437311 0.07599997 -0.02375555 -0.007817089 0.07599997 -0.02281051 -0.01020705 0.07564002 -0.01371359 0.03199344 0.07564002 -0.01440161 0.03076452 0.07564002 -0.01329755 0.02945554 0.07564002 -0.01188492 0.03035193 0.07564002 -0.01215451 0.03178769 0.07164001 0.01940369 -0.03037738 0.07164001 0.02109551 -0.02894759 0.07164001 0.0193569 -0.02657085 0.07164001 0.01754915 -0.02923154 0.07164001 -0.01905566 -0.0305947 0.07164001 -0.01762729 -0.02778714 0.07164001 -0.02065539 -0.02704358 0.07164001 0.0203849 0.02712714 0.07164001 0.02074283 0.02975535 0.07164001 0.01871877 0.03028512 0.07164001 0.01751184 0.02767604 0.07164001 -0.0199337 0.02693343 0.07164001 -0.01795029 0.02737087 0.07164001 -0.01811367 0.03011786 0.07164001 -0.02105545 0.02935999 0.06749999 0.02496069 0.001401782 0.06749999 0.0249986 -6.74963e-4 0.06749999 0.02479487 0.003264188 0.06749999 0.02427351 0.006019771 0.06749999 0.02344685 0.008699715 0.06749999 0.02252429 0.01084715 0.06749999 0.02152436 0.01269698 0.06749999 0.02038908 0.01446688 0.06749999 0.01954585 0.01558727 0.06749999 0.01833313 0.01700997 0.06749999 0.01631319 0.0189557 0.06749999 0.01446682 0.02038908 0.06749999 0.01290678 0.02142089 0.06749999 0.01042813 0.02273088 0.06749999 0.00781691 0.02375572 0.06749999 0.005108058 0.02448159 0.06749999 0.002799153 0.02484291 0.06749999 0.001401782 0.02496075 0.06749999 -4.67427e-4 0.02500438 0.06749999 -0.002799034 0.02484291 0.06749999 -0.004648566 0.0245729 0.06749999 -0.00737071 0.02389794 0.06749999 -0.010001 0.02292197 0.06749999 -0.01250368 0.02165865 0.06749999 -0.0144667 0.02038908 0.06749999 -0.01595544 0.01925772 0.06749999 -0.01819044 0.01716071 0.06749999 -0.01954567 0.01558727 0.06749999 -0.0203889 0.01446688 0.06749999 -0.02152425 0.01269698 0.06749999 -0.02252411 0.01084715 0.06749999 -0.02327978 0.009137034 0.06749999 -0.02402281 0.006920933 0.06749999 -0.02448135 0.005108416 0.06749999 -0.02484273 0.002799212 0.06749999 -0.02499115 9.35316e-4 0.06749999 -0.0249387 -0.001868665 0.06749999 -0.02457267 -0.004649162 0.06749999 -0.02389764 -0.007371127 0.06749999 -0.02309691 -0.009567022 0.06749999 -0.02252411 -0.01084703 0.06749999 -0.02165824 -0.01250404 0.06749999 -0.0203889 -0.01446676 0.06749999 -0.01909333 -0.01612287 0.06749999 -0.01735007 -0.01801121 0.06749999 -0.01501619 -0.01999723 0.06749999 -0.0126968 -0.02152431 0.06749999 -0.01042807 -0.02273076 0.06749999 -0.007588863 -0.02381002 0.06749999 -0.005107641 -0.02448153 0.06749999 -0.002799034 -0.02484279 0.06749999 -9.34913e-4 -0.02499121 0.06749999 0.001868188 -0.02493882 0.06749999 0.004648745 -0.02457278 0.06749999 0.006920933 -0.02402287 0.06749999 0.008257031 -0.02359706 0.06749999 0.01000088 -0.02292191 0.06749999 0.012093 -0.02188056 0.06749999 0.01369953 -0.02092266 0.06749999 0.01595562 -0.01925754 0.06749999 0.01815938 -0.01716816 0.06749999 0.01954585 -0.01558715 0.06749999 0.02038908 -0.01446676 0.06749999 0.02142047 -0.01290726 0.06749999 0.02252429 -0.01084703 0.06749999 0.02309703 -0.009567022 0.06749999 0.02375566 -0.007817089 0.06749999 0.02448153 -0.005108177 0.06749999 0.02484285 -0.002799093 0.06749999 0 0 0.06949996 -0.01049649 -0.02984797 0.06949996 0.01984566 0.02457267 0.06949996 0.01149463 -0.02960246 0.06950199 0.03121232 -0.004044771 0.06950008 0.02184975 -0.02301305 0.06950038 -0.02355825 -0.02099913 0.06950008 0.01240855 0.02908486 0.06949996 -0.01449877 0.02844166 0.06950002 -0.02632969 0.01780933 0.06950044 -0.03056234 0.007691562 0.06950002 -0.02982538 -0.01054871 0.06949996 -5.22853e-4 -0.03162556 0.06950002 -0.01764875 -0.02612149 0.06950008 -0.03148317 -0.001603484 0.06950002 0.001912951 0.03156292 0.06949996 0.02767652 0.01568168 0.06949996 0.03144931 0.003008067 0.06950032 0.02903205 -0.01203328 0.06949996 0.01953083 0.0273475 0.06949996 0.01838552 0.02765786 0.06949996 0.02504813 0.02160209 0.06949996 0.02423918 0.02293002 0.06949996 0.02002692 0.02759057 0.06949996 0.02033615 0.02789372 0.06949996 0.02344894 0.02473443 0.06949996 0.02991586 0.01393455 0.06949996 0.02564477 0.02077746 0.06949996 0.02757972 0.0181204 0.06949996 0.02674293 0.01933443 0.06949996 0.03055316 0.01247447 0.06950014 0.03135436 0.01031965 0.06950002 0.03251105 0.005697786 0.06949996 0.03203678 0.0079149 0.06949996 0.01804494 0.02895534 0.06949996 0.02920323 0.01536762 0.06949996 0.02842485 0.01676374 0.06950014 0.03291249 0.002506852 0.0694999 0.0224502 0.0300334 0.06949996 0.02079105 0.031201 0.06949996 0.02053833 0.02908992 0.06949996 0 0.03300005 0.06949996 0.01786386 0.03300005 0.06949996 0.01904624 0.02991735 0.06949996 0.02288067 0.0265612 0.06949996 0.01952821 -0.0298857 0.06949996 0.01828312 -0.02941811 0.06949996 0.01781153 -0.03299993 0.06949996 0.01961809 -0.03195142 0.06949961 0.02194678 -0.03039944 0.06949996 0.02036589 -0.02927947 0.06949996 0 -0.03299993 0.0694983 0.02257966 -0.02812361 0.06949996 0.02054148 -0.02821117 0.06949996 0.01804774 -0.02836352 0.06949996 0.01848858 -0.0276013 0.06949996 0.01955312 -0.02734529 0.06949996 0.02337908 -0.02483952 0.06949996 0.02991318 -0.01393538 0.0694999 0.03093343 -0.01152503 0.06949996 0.02459102 -0.02229213 0.06950038 0.02842885 -0.01676094 0.06950008 0.02920413 -0.0153703 0.06949996 0.02564322 -0.02077734 0.0694999 0.03181016 -0.008814632 0.06949996 0.03238356 -0.00635302 0.06949996 0.02674299 -0.01933431 0.06949996 0.02757978 -0.01812022 0.06950002 0.03300034 -6.09517e-4 0.0694999 0.0327934 -0.003772795 0.06949996 -0.02035713 -0.03150838 0.06949996 -0.01781141 -0.03299993 0.06949996 -0.01914238 -0.02990204 0.06949996 -0.0182529 -0.02928042 0.06949996 -0.02040493 -0.02929073 0.06949967 -0.02250277 -0.02999782 0.06950008 -0.02258646 -0.02803254 0.06949996 -0.01802849 -0.02836787 0.06949996 -0.01901131 -0.02727282 0.06949996 -0.02049684 -0.02820938 0.06949996 -0.02343219 -0.02468824 0.06949996 -0.02014487 -0.02767908 0.06949996 -0.02452522 -0.02241623 0.06949996 -0.02991682 -0.01393187 0.06949996 -0.03055274 -0.01247066 0.06949985 -0.02672463 -0.01935935 0.0695002 -0.02921044 -0.01535797 0.06949996 -0.02535992 -0.02115017 0.06949996 -0.02842473 -0.01676362 0.06949996 -0.0275796 -0.01812028 0.06950008 -0.03221428 -0.007200121 0.06950014 -0.03135359 -0.01032137 0.06949996 -0.03265249 -0.004779458 0.06949979 -0.03299826 -8.35657e-4 0.06949996 -0.03284579 -0.003189682 0.06949996 -0.01818788 0.02788913 0.06949996 -0.01930791 0.02730727 0.06949996 -0.02920311 0.01536762 0.06949996 -0.02991539 0.01393473 0.06949996 -0.02564311 0.02077746 0.06949996 -0.01817435 0.02930331 0.06949996 -0.02023667 0.02775037 0.06949996 -0.02383023 0.02380001 0.06949996 -0.02452337 0.02243363 0.06949996 -0.03296142 0.001598298 0.06949996 -0.02305227 0.02587264 0.06950002 -0.02256017 0.02845925 0.06949996 -0.02055907 0.02851909 0.06949996 -0.02504801 0.02160209 0.06949985 -0.03188574 0.008537292 0.06949996 -0.03238236 0.006354331 0.0694999 -0.03278404 0.003839194 0.06949996 -0.03093278 0.01152604 0.06949996 -0.01913261 0.02985882 0.06949996 -0.01781141 0.03300005 0.06949996 -0.02674281 0.01933443 0.06949996 -0.0275796 0.01812034 0.06950002 -0.02249431 0.03002303 0.06949996 -0.02023631 0.02950847 0.06949996 -0.01961797 0.03195154 0.06950485 -0.02842402 0.01676923 0.05891633 -0.02265238 -0.02759027 0.05744922 -0.02331548 -0.02503693 0.05483853 -0.02436923 -0.02267265 0.05534815 -0.02539086 -0.02111047 0.05554884 -0.02519285 0.0213654 0.05550229 -0.0267142 0.01938623 0.05442482 -0.02688527 -0.01914221 0.05548983 -0.02926754 -0.01523786 0.05545872 -0.0282247 -0.01710146 0.05555558 -0.03061145 -0.0123409 0.05453085 -0.02992397 -0.01391738 0.05518639 -0.03214836 -0.007513165 0.05445671 -0.03146088 -0.009967505 0.05551904 -0.03266763 -0.004709541 0.05448967 -0.03281974 -0.003564119 0.05444699 -0.03298908 -0.001057982 0.05515629 -0.03295403 0.001875281 0.0545091 -0.03262579 0.005034208 0.05546355 -0.03131973 0.01040452 0.05450654 -0.03202915 0.007979989 0.05450713 -0.03055822 0.01247942 0.05448263 -0.02826684 0.01704806 0.05537527 -0.02969956 0.01439249 0.05760729 -0.02315199 0.02552837 0.0563423 -0.02412092 0.02320963 0.05920416 -0.0226776 0.02758795 0.06198406 -0.02248662 0.03000915 0.05476182 -0.02368807 0.02328026 0.06049984 -0.02117139 0.03095531 0.05729258 -0.02173042 0.02760094 0.05110388 -0.02830868 -0.01126915 0.05036771 -0.02177077 0.02081418 0.06049853 -0.01898938 0.03234982 0.06153768 -0.02226966 -0.03016483 0.06049817 -0.02091139 -0.0311402 0.05667048 -0.02240294 -0.02644813 0.06049811 -0.01853585 -0.03259944 0.06199586 -0.01781123 -0.03299993 0.06130951 0.01781624 -0.03299993 0.05849486 -0.01148188 -0.03299999 0.05735212 0.01209855 -0.03299957 0.05561733 0.007557928 -0.03299963 0.05456376 0.002243757 -0.03299921 0.05517715 -0.005850017 -0.03299945 0.05705583 -0.01187831 -0.03282719 0.05129414 -0.00565344 -0.03014916 0.05152362 4.91923e-4 -0.03081196 0.05111229 -0.01103132 -0.02842605 0.05821979 -0.01527982 -0.03239923 0.05743461 0.01559072 -0.03158098 0.06049317 0.01941579 -0.03208714 0.06184244 -0.01765567 0.03300005 0.06201285 0.01781153 0.03300005 0.05878227 0.01494365 0.03299903 0.05863046 -0.01266384 0.03300005 0.05628269 -0.009543001 0.03299939 0.05593353 0.008729517 0.0329979 0.05478692 -0.002298057 0.03285294 0.05474591 0.003513514 0.03299927 0.05874079 -0.01552164 0.03271371 0.06049984 0.018579 0.03258109 0.06049793 0.02179586 -0.03052425 0.05823129 0.02289468 -0.0264157 0.05585491 0.0234313 -0.02471369 0.05520641 0.02526706 -0.02127283 0.05609482 0.02430367 -0.02280962 0.05178219 0.0183866 -0.0249046 0.05397373 0.02687686 -0.01858842 0.05518215 0.02691757 0.01908355 0.05449229 0.0249778 0.02166533 0.05449521 0.02849608 0.01665401 0.05549454 0.02972376 0.0143302 0.05526179 0.0307374 0.01199674 0.05446052 0.03144562 0.01000511 0.0544725 0.0321024 0.007689237 0.05448722 0.03292757 0.002184629 0.05511331 0.03267896 0.004621028 0.05549997 0.03240054 0.006260097 0.0551753 0.03300786 2.23517e-5 0.05445641 0.03293484 -0.002148568 0.05520009 0.03262358 -0.00505042 0.05450487 0.03202944 -0.007979691 0.0544731 0.03141945 -0.01008933 0.05554771 0.03035473 -0.01298296 0.05446839 0.02918368 -0.01542264 0.05526483 0.02791148 -0.01759105 0.05506223 0.02679359 -0.01927238 0.05832529 0.02280908 0.02678525 0.06153178 0.02247822 0.03001648 0.05630379 0.02374148 0.02394187 0.05074077 0.02417963 0.01818734 0.05053418 0.02718144 0.01295971 0.05127686 0.03062921 7.64072e-4 0.05057668 0.01458716 -0.02634608 0.05150848 0.02079629 -0.02268558 0.05051952 0.02351182 -0.01884377 0.05123096 0.02797293 -0.01245129 0.05061012 0.02963876 -0.005638062 0.0508995 0.02943497 0.007594466 0.05118232 0.0218423 0.02142757 0.05684804 0.02172827 0.0271548 0.05164998 0.01639801 0.02615118 0.06050217 0.02090311 0.03114062 0.05145263 0.01388972 0.02742475 0.05081397 0.009032487 0.02891796 0.0508328 0.003730237 0.03007429 0.05119049 -0.001226007 0.03055769 0.05059474 -0.007511615 0.02918064 0.05105364 -0.01134747 0.02823805 0.05167865 -0.01423221 0.0274282 0.05146175 -0.01719641 0.02548015 0.05151665 -0.02063596 0.02286976 0.05123889 -0.02674967 0.01493597 0.05046379 -0.02891111 0.008330881 0.05058485 -0.02994036 0.003598034 0.05097585 -0.03037792 -0.001246273 0.05057525 -0.02943617 -0.006509304 0.05056089 -0.02619439 -0.0148946 0.05175924 -0.02291482 -0.02089899 0.05138713 -0.01709276 -0.02548825 0.05063855 0.003719866 -0.02995407 0.05111849 0.0100407 -0.02881246 0.06049752 -0.01954323 0.02987575 0.06049937 -0.02042543 0.02920365 0.06049883 -0.02050054 0.02821242 0.06049752 -0.01983779 0.02742367 0.06001639 -0.01869928 0.02746814 0.06049823 -0.01802849 0.02836781 0.06049746 -0.0183463 0.02949851 0.06049203 0.01853984 0.02974212 0.06049805 0.01802653 0.0283578 0.06049853 0.0186063 0.02752089 0.06049823 0.01961845 0.02735888 0.06049841 0.02052748 0.02812761 0.05986118 0.02019548 0.02952414 0.0604977 -0.01978445 -0.02737635 0.06049805 -0.02057868 -0.02852338 0.06049913 -0.02016675 -0.02955633 0.06001639 -0.01899963 -0.0298472 0.06049805 -0.01812469 -0.02914828 0.0604946 -0.01828461 -0.02772837 0.06049585 0.01935261 -0.02728259 0.06049752 0.01815062 -0.02798306 0.06049418 0.01827687 -0.0294733 0.06049662 0.0197854 -0.02981984 0.06049245 0.02062845 -0.02839952 0.05974888 0.01929217 -0.02860176 0.04981315 0.01586079 0.02547234 0.04944407 0.01010221 -0.02831333 0.04967361 -0.003295779 -0.02989459 0.04977065 0.01875782 -0.02355676 0.0498166 0.02638876 -0.01443809 0.04956573 -0.02670311 0.01395535 0.04977101 -0.02239 -0.02008193 0.04958158 -0.0129137 -0.02713239 0.0493614 -0.01665222 0.02502596 0.04750037 -0.02815312 -0.01042997 0.04935073 -0.01794952 -0.0240972 0.04750013 0.0280807 -0.01063263 0.04750013 0.02993708 -0.003298938 0.0475012 0.02955257 0.00538367 0.04750108 0.01977044 0.02255856 0.04750066 0.00946778 0.02846795 0.04750007 -0.002310574 0.02993965 0.04750019 -0.007385671 -0.02915894 0.04750007 0.006325483 -0.02935576 0.04750001 0.01534008 0.02590751 0.04750001 -0.007613599 0.02903336 0.04750007 -0.01226013 0.02740716 0.04750019 -0.02987736 -0.003263771 0.04749995 0.004273414 0.02974545 0.04749995 0.0275762 0.01194953 0.04749995 0.01408195 -0.02663725 0.04749995 0.02078747 -0.02172756 0.04749995 0.02394241 0.0181573 0.04749995 0.02544903 -0.0159679 0.04749995 5.37707e-4 -0.03003728 0.04749995 -0.01502943 -0.02604508 0.04749995 -0.01959538 -0.02275347 0.04749995 -0.02449887 -0.01750057 0.04749995 -0.02989095 0.003058791 0.04749995 -0.02805233 0.01096034 0.04749995 -0.02419418 0.01785534 0.04749995 -0.01876544 0.02350276 0.04749995 -0.02096843 -0.01378881 0.04749995 -0.02435058 -0.006073772 0.04749995 -0.02506017 9.19819e-4 0.04749995 -0.01039278 -0.02284342 0.04749995 -0.01630461 -0.01900893 0.04749995 -0.01598644 0.01930969 0.04749995 -0.01984703 0.01524412 0.04749995 -0.01112288 0.02241367 0.04749995 -0.006138086 0.02427959 0.04749995 0.008511483 0.02365285 0.04749995 0.01521414 0.01989263 0.04749995 0.01973009 0.0154758 0.04749995 -4.6364e-4 0.02507412 0.04749995 -0.02314108 0.00982064 0.04749995 0.003262937 -0.02485525 0.04749995 0.009347796 -0.02325791 0.04749995 -0.003096699 -0.02485293 0.04749995 0.01951152 -0.01566302 0.04749995 0.01599609 -0.0193144 0.04749995 0.0231412 -0.00982052 0.04749995 0.02506029 -9.197e-4 0.04749995 0.02293866 0.01004987 0.04749995 0.02459937 0.004696726 0.04699999 -0.002995252 0.02495968 0.04699999 -0.01039779 0.02278274 0.04699999 -0.0151965 0.01990574 0.04699999 -0.01935195 0.01593637 0.04699999 -0.02288013 0.01018404 0.04699999 -0.0247848 0.004003703 0.04699999 -0.02485424 -0.003085613 0.04699999 -0.02354359 -0.008541107 0.04699999 -0.02074545 -0.01402795 0.04699999 -0.01607269 -0.01928532 0.04699999 -0.008174538 -0.02378779 0.04699999 1.90001e-4 -0.02509689 0.04699999 0.00775963 -0.02381116 0.04699999 0.01283746 -0.02150291 0.04699999 0.01690804 -0.01847648 0.04699999 0.02206754 -0.01207202 0.04699999 0.0248931 -0.003241837 0.04699999 0.02485436 0.003085732 0.04699999 0.02354377 0.008541226 0.04699999 0.02038466 0.01465487 0.04699999 0.01493167 0.02010542 0.04699999 0.01074331 0.02259695 0.04699999 0.006004631 0.02434945 0.04699999 -0.005599379 -0.029513 0.04699999 9.10737e-5 -0.03004527 0.04699999 0.01767277 -0.02437818 0.04699999 0.02266466 -0.01969951 0.04700005 -0.01235759 0.02745783 0.04699999 0.02582931 -0.01535141 0.04699999 0.02868318 -0.009024679 0.04699999 0.01156049 -0.02770978 0.04699999 0.006150901 -0.02941298 0.04699999 -0.01775711 -0.02423763 0.04699999 -0.01224976 -0.02746284 0.04699999 -0.02006989 0.0224635 0.04699999 0.01874393 0.02352702 0.04699999 0.01282477 0.02716308 0.04699999 -0.005433022 0.02952939 0.04699999 0.006799578 0.02929461 0.04699999 -9.09293e-5 0.03004539 0.04699999 0.02375847 0.01843094 0.04699999 0.02693349 0.01326352 0.04699999 0.02984696 0.003215968 0.04699999 0.02995342 -0.002478897 0.04699999 -0.02631127 -0.01457631 0.04699999 -0.02228683 -0.02015095 0.04699999 0.02888876 0.008255124 0.04699999 -0.02786457 0.01124066 0.04699999 -0.02500581 0.01665961 0.04699999 -0.02949863 0.005714774 0.04699999 -0.02888864 -0.008255004 0.04699999 -0.03003185 -0.001512646 0.04499995 -0.002228677 0.03092902 0.04499995 -0.005354285 0.03054338 0.04499995 -0.01028811 0.02928841 0.04499995 -0.01565504 0.02681171 0.04499995 -0.02070319 0.02303135 0.04500001 -0.02469927 0.01877099 0.04499995 -0.02786129 0.01377516 0.04499995 -0.02980196 0.008564531 0.04499995 -0.03050386 0.005467355 0.04500001 -0.03090131 0.002529263 0.04499995 -0.03099989 0 0.04499995 -0.03096014 -0.001570045 0.04500001 -0.03066527 -0.004721105 0.04499995 -0.02959901 -0.009303331 0.04499995 -0.02718639 -0.01503992 0.04500001 -0.02333086 -0.020446 0.04499995 -0.02038651 -0.02332353 0.04499995 -0.01575213 -0.02675342 0.04499995 -0.01157927 -0.02876502 0.04499995 -0.008603215 -0.02979087 0.04499995 -0.005467176 -0.03050392 0.04500001 -0.002429187 -0.03091305 0.04499995 0 -0.03099995 0.04499995 0.001570165 -0.03096014 0.04499995 0.00486654 -0.03064453 0.04499995 0.01026803 -0.02930027 0.04499995 0.01565557 -0.02681136 0.04500001 0.02013534 -0.02360004 0.04500013 0.02479839 -0.01872074 0.04499995 0.02774757 -0.01388281 0.04499995 0.02958977 -0.009317278 0.04499995 0.03051781 -0.005492806 0.04500001 0.03090143 -0.002528905 0.04499995 0.03100001 0 0.04499995 0.03096026 0.001570165 0.04500001 0.03076189 0.003897547 0.04499995 0.03009229 0.007372021 0.04499995 0.02850842 0.01224488 0.04499995 0.02618753 0.01663196 0.04500007 0.02279657 0.02107632 0.04499995 0.01941561 0.02417844 0.04499995 0.01475626 0.02735453 0.04499995 0.009359717 0.02957612 0.04499995 0.005542993 0.03050899 0.04500001 0.0024302 0.03091317 0.04499995 0 0.03100007 0.04500001 0.02150124 -0.02530175 0.04499995 0.02233248 -0.02335625 0.04499995 0.02425587 -0.02177959 0.04499995 0.02600002 -0.02149993 0.04499995 0.03100001 -0.02149993 0.04499995 0.02150005 -0.03099995 0.0399999 0.02570044 -0.02150034 0.03999996 0.02412885 -0.02185827 0.03999996 0.02262401 -0.02303922 0.03999996 0.02151131 -0.02491986 0.03999996 0.02150005 -0.03099995 0.03999996 0.03100001 -0.02149993 0.03999996 0.02443033 -0.03094452 0.03999996 0.0276345 -0.02957677 0.03999996 0.02990186 -0.02713465 0.03999996 0.03094291 -0.02430975 0.03649997 0.03040343 -0.02618247 0.03647589 0.03099989 -0.02339828 0.03649997 0.02870202 -0.02864944 0.03650003 0.02645814 -0.03026336 0.03649997 0.0241748 -0.03090339 0.03649997 0.02300006 -0.03099995 0.03999996 -0.02149993 -0.03099995 0.03999996 -0.02423012 -0.03094655 0.03649997 -0.02299988 -0.03099995 0.04499995 -0.02149993 -0.03099995 0.0399999 -0.02150028 -0.02570021 0.04499995 -0.02150064 -0.02565115 0.04000008 -0.02191883 -0.02400213 0.04499995 -0.02199399 -0.02385354 0.03999996 -0.02368193 -0.02199971 0.04499632 -0.02356421 -0.02216583 0.04499995 -0.02546054 -0.02150088 0.03999996 -0.02564519 -0.0215007 0.03999996 -0.03099989 -0.02149993 0.03999996 -0.03089344 -0.02471917 0.03999996 -0.02945154 -0.02780425 0.03999996 -0.02695989 -0.03000271 0.04499995 -0.03099989 -0.02149993 0.03649997 -0.0255683 -0.03064554 0.03649997 -0.02855116 -0.02882272 0.03649997 -0.03035676 -0.02625524 0.03650003 -0.0309205 -0.02417594 0.03649997 -0.03099989 -0.02299994 0.03649997 -0.03099989 -0.02788573 0.03649997 -0.02739453 -0.03069043 0.03650003 -0.0303688 -0.02866905 0.03650081 0.02479392 -0.03121668 0.03650015 -0.02597999 -0.03109461 0.03650021 -0.02478504 -0.03121697 0.03649997 -0.02902132 -0.02985364 0.03649997 0 -0.03208243 0.03648501 0.02632069 -0.03103506 0.03649449 0.0281009 -0.03037983 0.03649997 0.03100001 -0.02788573 0.03650039 0.02989298 -0.02919453 0.02926939 0.03100007 -0.02789831 0.02593225 0.02976304 -0.02928125 0.0203849 0.02507692 -0.03121232 0.02090716 0.02477931 -0.03121972 0.02111309 1.24168e-7 -0.03207993 0.02140033 0.02873367 -0.0303632 0.01864743 0.02476942 -0.03147661 0.01772141 0.02476382 -0.03173077 0.01788926 0.02836817 -0.03140681 0.01680302 0.02490258 -0.03209191 0.01945245 0.0247296 -0.03131812 0.02073478 0.03100001 -0.02980715 0.01703745 -6.80884e-6 -0.03294831 0.01797175 0 -0.03258723 0.01880854 0 -0.0323491 0.01966285 0 -0.03218472 0.02052825 0 -0.03209513 0.02090328 -0.02525961 -0.03120297 0.02099221 -0.01525574 -0.03155088 0.02105689 -0.007158398 -0.03183031 0.01979941 -0.02648502 -0.03098177 0.0219773 -0.02801954 -0.03042876 0.02673888 -0.02991068 -0.02914333 0.02411013 -0.02880507 -0.02997148 0.03084748 -0.03099989 -0.02790117 0.01930505 -0.02477025 -0.03134763 0.01989984 -0.02477246 -0.03126829 0.01833492 -0.03099989 -0.03098785 0.01750254 -0.02647888 -0.03168779 0.02056366 -0.03099989 -0.02994459 0.02281278 -0.03099989 -0.02918082 0.0304107 -0.03099989 -0.02790373 0.02041512 -0.02476996 -0.03122794 0.02456134 -0.03099989 -0.02872812 0.0260846 -0.03099989 -0.02840059 0.028261 -0.03099989 -0.02805835 0.01750791 -0.02477324 -0.03181213 0.01826298 -0.0247696 -0.03157746 0.01573139 0.03100001 -0.03238087 0.01526027 -8.88208e-6 -0.0337972 0.01429837 0.03100001 -0.03303861 0.01409393 0 -0.03429973 0.01283794 0.03100001 -0.03363305 0.013224 0 -0.03464442 0.01213914 -8.98308e-6 -0.03504151 0.01135289 0.03100001 -0.03416293 0.01087373 0 -0.03545236 0.009846091 0.03100001 -0.03462731 0.007108747 0.03100007 -0.03529942 0.008320391 0.03100001 -0.03502523 0.008299112 0 -0.03614181 0.009227156 0 -0.03591614 0.01014214 0 -0.03566855 0.00763148 0 -0.03653287 0.006650209 0.03100001 -0.03556144 0.006305158 0.03100001 -0.03587555 0.007164895 0 -0.03718245 0.005990386 0.03100001 -0.03636234 0.006892621 0 -0.03794276 0.005729973 0.03100001 -0.03700488 0.006585001 0 -0.03840363 0.005502462 0.03100001 -0.03732103 0.006316721 0 -0.03865718 0.005234181 0.03100001 -0.03757458 0.0060063 0 -0.03885698 0.00492376 0.03100001 -0.0377745 0.005616903 0 -0.03901261 0.004581868 0.03100001 -0.03791379 0.004220128 0.03100001 -0.03798794 0.00508368 0 -0.03908246 0.00400114 0.03100001 -0.03799992 -0.006044387 0 -0.03658652 -0.007725238 0 -0.03626888 -0.007816314 -2.05741e-7 -0.03640753 -0.007531523 -2.38216e-7 -0.03664714 -0.004350721 0 -0.03682637 0.007561028 0 -0.03630346 -0.00833112 6.30207e-6 -0.03613567 -0.002647757 0 -0.03698784 -0.00729072 -1.65011e-7 -0.03695416 -9.3919e-4 0 -0.03707063 -0.007072091 0 -0.0374124 7.71403e-4 0 -0.03707444 0.005878746 0 -0.03661352 0.004184007 0 -0.03684568 0.002480328 0 -0.03699946 -0.00508368 0 -0.03908246 -0.006853938 -1.12757e-6 -0.03803104 -0.005383968 0 -0.03905981 -0.005684196 0 -0.03899013 -0.006306231 0 -0.03866511 -0.006007134 0 -0.03885656 -0.006566941 0 -0.03842389 -0.004001021 0.03100001 -0.03799992 -0.004220068 0.03100001 -0.03798794 -0.004581928 0.03100001 -0.03791379 -0.00492388 0.03100001 -0.03777444 -0.005234301 0.03100001 -0.03757447 -0.005502641 0.03100001 -0.03732085 -0.005719721 0.03100001 -0.03702217 -0.005901038 0.03100055 -0.03662055 -0.006132304 0.03100007 -0.03611075 -0.006572663 0.03099966 -0.03561776 -0.007208943 0.03100001 -0.03527557 -0.001938581 0.02175068 -0.03832292 -4.8691e-4 0.02102631 -0.03834825 8.33213e-4 0.02107298 -0.03834664 0.002323329 0.0221489 -0.03830903 -0.002999246 0.02339464 -0.03826552 0.002999722 0.02363789 -0.038257 -0.00300002 0.03100001 -0.03799992 0.002999961 0.03100001 -0.03799992 0.002999663 0.02339679 -0.03549993 0.002999961 0.03100001 -0.03549993 -0.002999961 0.02365165 -0.03549993 -0.00300002 0.03100001 -0.03549993 0.001692056 0.02143198 -0.03549993 -0.002073049 0.02172762 -0.03549993 -1.77711e-4 0.02097159 -0.03549933 0.04499995 -0.03099989 0.02150005 0.04499995 -0.02149993 0.03100007 0.04499995 -0.02207171 0.02375251 0.04499995 -0.02371966 0.02204358 0.04499995 -0.02565109 0.02150076 0.04500001 -0.02150082 0.02546066 0.03999966 -0.0250588 0.02150237 0.03999996 -0.02259403 0.02299231 0.03999996 -0.02150672 0.02517032 0.03999996 -0.02149993 0.03100007 0.03999996 -0.03099989 0.02150005 0.03999996 -0.02499365 0.03085106 0.03999996 -0.02808511 0.0292105 0.03999996 -0.03094279 0.02430987 0.03999996 -0.02990174 0.02713477 0.03649997 -0.03024971 0.02658116 0.03649932 -0.03099989 0.0230025 0.03649997 -0.02781265 0.02944654 0.03649997 -0.02582722 0.03049349 0.03649997 -0.02417463 0.03090351 0.03649997 -0.02299988 0.03100007 -0.01383298 -0.03099989 0.03323632 -0.01535105 -0.03099989 0.03256297 -0.0168364 -0.03099989 0.03182041 -0.01828598 -0.03099989 0.03101015 0.03649997 -0.03099989 0.02788585 0.02923363 -0.03099972 0.02794057 -0.02106535 -0.03099989 0.0291934 -0.02238923 -0.03099989 0.02819085 0.01669222 -0.03099989 -0.03189611 -0.03484731 -0.03099989 0.009036719 -0.035227 -0.03099989 0.007420122 -0.007499694 -0.03099989 -0.03521007 0.02185386 -0.03099989 0.02941912 0.01528012 -0.03099989 0.03259742 -0.02366548 -0.03099989 0.02712833 -0.02489137 -0.03099989 0.02600812 -0.02606427 -0.03099989 0.02483254 -0.0325976 -0.03099989 0.01527738 -0.03326743 -0.03099989 0.01375788 -0.03185838 -0.03099989 0.01676446 -0.004223704 -0.03099989 -0.03575128 -0.00257045 -0.03099989 -0.0359081 -0.03439348 -0.03099989 0.01063424 -9.11742e-4 -0.03099989 -0.03598839 0.004061877 -0.03099989 -0.03577005 0.005707144 -0.03099989 -0.03554469 0.007340252 -0.03099989 -0.03524363 0.008957803 -0.03099989 -0.0348677 -0.01969659 -0.03099989 0.03013384 -0.02718174 -0.03099989 0.02360415 -0.02824139 -0.03099989 0.02232545 -0.0292409 -0.03099989 0.02099925 -0.005867958 -0.03099989 -0.03551846 7.48903e-4 -0.03099989 -0.03599214 0.002407908 -0.03099989 -0.0359193 0.01055628 -0.03099989 -0.03441745 0.01213228 -0.03099989 -0.033894 0.01368248 -0.03099989 -0.03329843 -0.03386652 -0.03099989 0.01220905 0.01520353 -0.03099989 -0.03263199 -0.03017824 -0.03099989 0.0196284 -0.03105133 -0.03099989 0.01821583 -0.0292409 -0.03099989 -0.02099913 -0.02824139 -0.03099989 -0.02232533 -0.01535105 -0.03099989 -0.03256285 -0.01383298 -0.03099989 -0.0332362 -0.01228553 -0.03099989 -0.03383874 -0.03386652 -0.03099989 -0.01220893 -0.009115517 -0.03099989 0.03482693 -0.0107119 -0.03099989 0.03436946 -0.01228553 -0.03099989 0.03383886 -0.03553175 -0.03099989 0.00578767 -0.03576081 -0.03099989 0.00414288 -0.03591382 -0.03099989 0.002489268 -0.0325976 -0.03099989 -0.01527726 -0.03185838 -0.03099989 -0.01676434 -0.03599041 -0.03099989 8.30412e-4 -0.03599041 -0.03099989 -8.30233e-4 -0.03591382 -0.03099989 -0.002489149 -0.035227 -0.03099989 -0.007420003 -0.03484731 -0.03099989 -0.0090366 -0.03439348 -0.03099989 -0.01063412 -0.0107119 -0.03099989 -0.03436934 -0.009115517 -0.03099989 -0.03482675 0.01368248 -0.03099989 0.03329855 0.01213228 -0.03099989 0.03389412 0.01055628 -0.03099989 0.03441756 0.008957803 -0.03099989 0.03486782 0.007340312 -0.03099989 0.03524374 0.005707144 -0.03099989 0.03554481 0.004061877 -0.03099989 0.03577017 0.002407908 -0.03099989 0.03591942 7.48903e-4 -0.03099989 0.03599226 -9.11742e-4 -0.03099989 0.0359885 -0.00257045 -0.03099989 0.03590822 -0.004223704 -0.03099989 0.0357514 -0.005867958 -0.03099989 0.03551864 -0.007499694 -0.03099989 0.03521019 -0.03576081 -0.03099989 -0.004142761 -0.03553175 -0.03099989 -0.005787551 -0.03326743 -0.03099989 -0.01375776 -0.03105133 -0.03099989 -0.01821571 -0.03017824 -0.03099989 -0.01962828 -0.02718174 -0.03099989 -0.02360403 -0.02606427 -0.03099989 -0.02483242 -0.02489137 -0.03099989 -0.026008 -0.02366548 -0.03099989 -0.02712821 -0.02238923 -0.03099989 -0.02819073 -0.02106535 -0.03099989 -0.02919328 -0.01969659 -0.03099989 -0.03013372 -0.01828598 -0.03099989 -0.03101003 -0.0168364 -0.03099989 -0.03182029 0.0364989 -0.02886754 0.02993047 0.03649729 -0.02792596 0.03045892 0.02305448 -0.02961963 0.0296899 0.02649438 -0.02966117 0.02932327 0.01790565 -0.02747541 0.03146493 0.02100402 -0.02620434 0.03104203 0.03649532 -0.02656018 0.03096807 0.01999849 -0.0221911 0.0313825 0.02120053 -0.02463734 0.03122258 0.03650003 -0.03001791 0.0290001 0.03649991 -0.02506148 0.03119796 0.03649914 -0.02259761 0.03129458 0.03649997 -0.02160942 0.03157824 0.02091163 -0.02134704 0.03170716 0.03649997 -0.02080696 0.03213751 0.01937723 -0.02055299 0.03244644 0.03649997 -0.02016019 0.0330953 0.02078872 -0.02013254 0.03316271 0.03649997 -0.01990598 0.03398382 0.02061581 -0.019912 0.03396046 0.01498496 -0.02142727 0.03309649 0.01403522 -0.01956802 0.03436803 0.03649884 -0.0194084 0.03443729 0.01155543 -0.01919054 0.03452843 0.03649997 -0.0190348 0.03453373 0.01198601 -0.01469469 0.03468471 0.01101601 -0.01389265 0.03490716 0.0169214 -0.01451802 0.03469145 0.01214361 2.0554e-7 0.03519809 0.01185667 -0.003192186 0.03507488 0.01664119 -0.003431797 0.03507858 0.03649997 0 0.0351985 0.01985794 -0.01114219 0.03480941 0.0198304 -0.006034195 0.03498774 0.02047795 -0.008486449 0.03490209 0.00972104 -0.005197525 0.03450006 0.01588416 -0.002726972 0.03450006 0.02045083 -0.007438361 0.03450006 0.01974803 -0.01232528 0.03450006 0.01151937 -0.01474589 0.03450012 0.009278535 -0.01216238 0.03546929 0.008344829 -0.009353101 0.03450006 0.008524656 -0.009654879 0.03574329 0.009144067 -0.006555855 0.03569614 0.0115084 -9.00401e-6 0.03525578 0.01204073 0.01903498 0.03453409 0.03649997 0.01903492 0.03453373 0.01139533 0.01964211 0.03456395 0.01230365 0.01926714 0.03450375 0.0180763 0.01984101 0.03414326 0.01441216 0.02096939 0.03338861 0.01949006 0.02126276 0.03177171 0.03649455 0.01928663 0.03449791 0.03650116 0.01971483 0.03424966 0.03649997 0.01993966 0.03384906 0.03649997 0.0223785 0.03133469 0.03649997 0.02282452 0.03128558 0.02066624 0.02246618 0.03129988 0.03649997 0.02011024 0.03324991 0.01950854 0.02012425 0.03322094 0.03649997 0.02173578 0.03151416 0.03649997 0.02095222 0.03203409 0.02094107 0.02046835 0.03254437 0.03649997 0.02046447 0.03258842 0.01854872 0.02205896 0.03159648 0.02079349 0.02569806 0.03118079 0.01793968 0.02755433 0.03143602 0.02918612 0.03099995 0.02793061 0.02284586 0.02944254 0.02980953 0.03649854 0.0300464 0.02901929 0.03649842 0.02871042 0.03003346 0.03649449 0.02761018 0.03060811 0.02131026 0.03100001 0.02965015 0.01551699 0.03100001 0.03248643 0.03649955 0.02551299 0.03118789 0.03649997 0.03100001 0.02788585 0.03649997 0.03070318 0.02529406 0.03649985 0.03100001 0.02300035 0.03649997 0.0243659 0.03085553 0.03649997 0.02300006 0.03100007 0.03649997 0.02943438 0.02773803 0.03649997 0.02748841 0.02970457 0.03999996 0.03086245 0.02496409 0.03999996 0.02418106 0.03096151 0.03999996 0.02715373 0.0298894 0.03999996 0.02922838 0.02806353 0.03999996 0.03100001 0.02150005 0.04499995 0.03100001 0.02150005 -0.03589677 0.03100001 -0.002724111 -0.008676767 0.03100001 -0.03493863 -0.0102865 0.03100001 -0.03449904 -0.03111737 0.03100001 0.0181027 -0.03024506 0.03100001 0.01952528 -0.02930778 0.03100001 0.02090591 -0.02830749 0.03100001 0.02224159 -0.02724641 0.03100001 0.02352941 -0.0261268 0.03100001 0.0247668 -0.02495104 0.03100001 0.02595084 0.007424771 0.03100001 0.03522604 0.009049117 0.03100001 0.03484416 -0.002532541 0.03100001 0.0359109 -0.03598445 0.03100001 -0.001057744 -0.03599482 0.03100001 6.10948e-4 -0.03592783 0.03100001 0.002278327 -0.03578364 0.03100001 0.00394082 -0.02372169 0.03100001 0.02707922 -0.02244132 0.03100001 0.02814942 -0.02111279 0.03100001 0.02915912 -0.01973885 0.03100001 0.03010612 -0.01832252 0.03100001 0.03098851 -0.01686686 0.03100001 0.03180432 -0.01384991 0.03100001 0.03322923 0.01223617 0.03100001 0.03385674 0.01379197 0.03100001 0.03325337 -0.03556263 0.03100001 0.005594789 -0.03526514 0.03100001 0.007236778 -0.0348919 0.03100001 0.008863151 -0.03444373 0.03100001 0.0104705 -0.03392148 0.03100001 0.01205539 -0.03332638 0.03100001 0.01361435 -0.0326597 0.03100001 0.0151441 -0.03192281 0.03100001 0.01664131 -0.03517258 0.03100001 -0.007673919 -0.03549039 0.03100001 -0.006035745 -0.01936352 0.03100001 -0.03034883 -0.01647061 0.03100001 -0.03201115 -0.01793634 0.03100001 -0.03121352 -0.03573197 0.03100001 -0.004384636 -0.01229518 0.03100001 0.03383541 0.01065415 0.03100001 0.0343874 -0.01071405 0.03100001 0.03436875 -0.009109914 0.03100001 0.03482836 -0.007486164 0.03100001 0.03521305 -0.005846321 0.03100001 0.03552216 -0.004193961 0.03100001 0.03575491 -8.65728e-4 0.03100001 0.03598964 8.02964e-4 0.03100001 0.03599107 0.002469897 0.03100001 0.03591519 0.004131615 0.03100001 0.03576219 0.005784392 0.03100001 0.03553229 -0.01187413 0.03100001 -0.03398531 -0.01343625 0.03100001 -0.03339856 -0.01496952 0.03100001 -0.03273999 -0.01537489 0.03100001 0.03255176 -0.02462691 0.03100001 -0.02625852 -0.02581727 0.03100001 -0.02508908 -0.0269522 0.03100001 -0.02386575 -0.0280292 0.03100001 -0.02259117 -0.02904593 0.03100001 -0.02126806 -0.03000032 0.03100001 -0.01989918 -0.03089022 0.03100001 -0.01848763 -0.03171378 0.03100001 -0.01703625 -0.02074909 0.03100001 -0.02941888 -0.02209007 0.03100001 -0.02842581 -0.02338361 0.03100001 -0.02737158 -0.03246915 0.03100001 -0.01554834 -0.03315478 0.03100001 -0.01402705 -0.03376919 0.03100001 -0.01247555 -0.03431105 0.03100001 -0.01089727 -0.03477919 0.03100001 -0.009295582 0.03999996 0.02489191 0.02150964 0.04499995 0.02577251 0.02150017 0.04499995 0.0244652 0.02178364 0.04499995 0.02237588 0.02320474 0.04499995 0.02150005 0.03100007 0.04499995 0.02150273 0.02540951 0.03999996 0.02279937 0.02280795 0.03999996 0.02150005 0.03100007 0.0399999 0.02150017 0.02575874 0.0400002 0.02182126 0.02427619 0.03734707 -0.01618182 0.03100007 0.03830444 -0.01449751 0.03100007 0.03744333 -0.01814806 0.03100007 0.04219746 -0.01374953 0.03100007 0.04365503 -0.01487976 0.03100007 0.04429793 -0.01657664 0.03100007 0.04404014 -0.01840859 0.03100007 0.03927141 -0.01382476 0.03100007 0.04065859 -0.01345884 0.03100007 0.04245638 -0.02015411 0.03100007 0.03929495 -0.02031195 0.03100007 0.01045185 -0.009016156 0.03450691 0.01247251 -0.005486369 0.0345304 0.01652866 -0.00550419 0.03450769 0.01854503 -0.009006857 0.03453993 0.01409697 -0.01282185 0.03450298 0.04436415 -0.01698452 0.03494364 0.04365527 -0.01907646 0.03495645 0.04160726 -0.02046442 0.03488874 0.03875863 -0.01993864 0.03493523 0.03730171 -0.01766633 0.03495281 0.03766345 -0.015329 0.0347014 0.03893548 -0.01398772 0.03469949 0.04064631 -0.01344561 0.03497004 0.04312187 -0.01422697 0.03493803 0.03929996 -0.01784777 0.03500008 0.04079997 -0.01524966 0.03500008 0.04229998 -0.01611572 0.03500008 0.04079997 -0.01871377 0.03500008 0.04229998 -0.01784777 0.03500008 0.03929996 -0.01611572 0.03500008 0.03929996 -0.01784777 0.03164905 0.03929996 -0.01611572 0.03164905 0.04079997 -0.01871377 0.03164905 0.04229998 -0.01784777 0.03164905 0.04079997 -0.01524966 0.03164905 0.04229998 -0.01611572 0.03164905 -0.004286587 -2.25392e-4 0.03682857 -0.005649983 0.001682877 0.03659355 -0.006044387 0 0.03658664 -0.03633511 -0.01595294 0.003750622 -0.03647589 -0.01658403 7.09057e-4 -0.03314697 -0.01272428 -0.01560837 -0.03321599 8.18777e-7 -0.01649576 -0.0327419 0 -0.01740849 0.009274184 0 0.0359041 0.01087373 0 0.03545254 0.007604539 0 0.03629451 -0.03371614 -0.01513111 -0.01412338 -0.03442037 -0.01688259 -0.01214349 -0.03495997 -0.01643896 -0.0105412 -0.03562223 -0.01715755 -0.007933795 -0.03640115 -0.01648265 -0.002900302 -0.03606122 -0.01628577 -0.005743503 -0.03603106 -0.01593434 0.006030976 -0.03568714 -0.01688283 0.007645249 -0.03453606 -0.01707726 0.01183307 -0.03529173 -0.01742154 0.009224176 -0.03331053 -0.01246708 0.01529783 -0.0328496 0 0.01720511 -0.03336751 4.39521e-5 0.01624661 -0.002641558 -0.001394152 0.03693956 -0.001841902 -0.001718759 0.036978 0.001368999 -0.001833915 0.03699254 -7.10279e-4 -0.001979529 0.03701221 0.003125607 -0.00117129 0.03691416 0.004186868 -2.97562e-4 0.03683495 0.005916893 2.99199e-6 0.03660845 0.005392074 0.001172542 0.03665721 -0.007718265 0 0.03627043 -0.009386718 0 0.03587496 -0.01103407 0 0.03540295 -0.01266002 1.92358e-7 0.03485471 -0.01425755 -2.98554e-7 0.03423243 -0.01582437 -6.1737e-7 0.03353697 -0.01735746 -6.69707e-7 0.03276991 -0.01885467 0 0.03193145 -0.02031064 0 0.0310257 -0.02172291 5.40771e-7 0.03005468 -0.02308946 0 0.0290181 -0.02440607 0 0.02791887 -0.02567017 -3.30022e-7 0.02676248 -0.0268802 -2.12134e-7 0.02554708 -0.0280323 -1.86103e-7 0.02427738 -0.02912473 -3.99291e-7 0.02295547 -0.03015464 0 0.02158266 -0.0311203 -6.07746e-7 0.02016788 -0.03201907 0 0.01870536 -0.03190207 0 -0.01890349 -0.03099405 0 -0.02035808 -0.03002804 -3.64099e-6 -0.02176356 -0.02898132 0 -0.02313363 -0.0278809 0 -0.02444863 -0.02673137 -3.2575e-6 -0.02570569 -0.02550363 0 -0.02691912 -0.02423191 0 -0.02806931 -0.02290844 0 -0.02915948 -0.02153593 0 -0.0301873 -0.02013188 -4.15094e-6 -0.03114593 -0.01867169 -4.26528e-6 -0.03204268 -0.01715433 0 -0.03287541 -0.01563155 -4.74163e-6 -0.03363066 -0.01406168 -4.56974e-6 -0.03431671 -0.01245987 -5.10631e-6 -0.03493028 -0.01080137 5.08916e-6 -0.03547823 -0.009389638 0 -0.035874 -0.03344827 -0.01237732 -0.0151422 -0.03408694 -0.01237756 -0.01448965 -0.03501331 -0.01228076 -0.01403987 -0.03563958 -0.01338988 -0.01382982 -0.03438615 -0.01234471 0.01429116 -0.03633564 -0.01429539 0.01289653 -0.03533393 -0.01228159 0.01397806 -0.03387421 -0.0123319 0.01467317 -0.03749823 -0.01436752 0.0110225 -0.03750205 -0.01425904 0.001680314 -0.03674513 -0.01523572 -0.003937244 -0.03757137 -0.0122714 0.01301622 -0.03728473 -0.01312422 0.01359868 -0.03749775 -0.01433217 -0.01163285 -0.03750985 -0.01403492 -0.001877248 -0.03739517 -0.01358592 -0.01334148 -0.03757363 -0.01220911 -0.01293116 -0.03799998 0 0.01399928 -0.03799998 0 -0.01409518 -0.002283096 0.009750247 0.03550004 0.003541946 0.00924158 0.03550004 5.55575e-4 0.009997785 0.03673446 0.002426624 0.009562909 0.03667426 0.004938364 0.007483422 0.03648281 0.006014466 0.004562139 0.03642839 0.006083309 0.004401326 0.03550004 0.005080819 6.2554e-4 0.03550004 0.00247848 -0.001516461 0.03550004 -0.001156032 -0.001999139 0.03550004 -0.00505954 4.8577e-4 0.0355001 -0.005798399 0.005221366 0.03644216 -0.005910813 0.005932092 0.03550004 -0.003611505 0.008879661 0.03659343 -0.001476645 0.009798943 0.03670847 -0.03685915 -0.01220864 -0.0139206 -0.03757154 -7.2691e-6 -0.0148676 -0.03695225 9.58309e-6 -0.01499974 -0.03369075 -2.97457e-5 -0.01587104 -0.03435963 1.92869e-5 -0.01536548 -0.03539168 3.63066e-6 -0.01500833 -0.03757643 0.01212275 -0.0130372 -0.0373094 0.0134918 -0.01353389 -0.03337681 0.01098471 -0.01529711 -0.03534096 0.01235932 -0.01397246 -0.03444874 0.01232421 -0.01428323 -0.03437554 0.01584988 -0.01239073 -0.03372079 0.01480442 -0.01415055 -0.03749972 0.0143252 -0.01090079 -0.03595644 0.01581305 -0.008799612 -0.03507614 0.01712822 -0.01011359 -0.03573673 0.01725214 -0.00730586 -0.03615927 0.01688003 -0.004899859 -0.03730648 0.01461887 -5.57482e-4 -0.03652167 0.01618438 1.45435e-4 -0.03640067 0.01668119 -0.00277239 -0.03750705 0.014117 -0.001804888 -0.03643417 0.01639086 0.002478063 -0.03587138 0.01570916 0.01015454 -0.03743726 0.01444083 0.01309454 -0.03497195 0.01708632 0.01041746 -0.03570836 0.01703763 0.007525563 -0.03606909 0.01702034 0.005463898 -0.03750926 0.01405239 0.00187999 -0.03757363 0.01220923 0.01293116 -0.03793919 0 0.01432734 -0.03757345 -2.26749e-5 0.01483839 -0.03711605 2.09155e-6 0.0149995 -0.03643977 -0.01236981 0.0139175 -0.03688287 0.01277643 0.01387268 -0.03563123 -2.52191e-7 0.0150007 -0.03392648 0.0145567 0.01368069 -0.03442716 0.01680105 0.01212173 -0.03533893 0.01235103 0.01392894 -0.03331542 0.0116012 0.01535594 -0.03410297 0.01237404 0.01446866 -0.0340386 8.2615e-6 0.01557111 -0.03480911 -1.36998e-5 0.01516336 -0.0040434 0.003994464 0.03554213 0.002890884 0.006393849 0.0355001 0.003642857 0.002355396 0.03550529 -0.002014517 0.00751388 0.03554135 0.002001583 4.72226e-4 0.03553301 -0.002025067 5.02716e-4 0.03552848 0.01247918 -0.01249843 0.03500014 0.01654291 -0.01248764 0.03499805 0.01852291 -0.008969783 0.03742879 0.01652538 -0.01248627 0.03748524 0.0150094 -0.005462229 0.03749841 0.01048159 -0.009033679 0.03746443 0.01247167 -0.005514204 0.03731048 0.01247906 -0.01249974 0.03705018 0.01500016 -0.01236021 0.03742754 0.01499998 -0.005499899 0.03600007 0.01499998 -0.01249992 0.03600007 0.01399999 -0.005539894 0.03749978 0.01399999 -0.005499899 0.03600007 0.01399999 -0.01249992 0.03600007 0.01399964 -0.01250028 0.0375005 0.004040956 0.003999829 0.03600007 0.002025723 0.007498145 0.03599971 0.004003107 0.004062533 0.03848212 0.002033948 5.23466e-4 0.03831678 0.002020478 0.007500112 0.03804963 -0.004009187 0.003944814 0.03825205 -0.00203979 0.00746572 0.038495 -0.002020716 5.00101e-4 0.03806281 5.00083e-4 0.007425248 0.03850018 4.99994e-4 0.007502138 0.03700047 4.99994e-4 7.88758e-4 0.03850007 5.00053e-4 4.98826e-4 0.03700047 -5.00023e-4 0.007501304 0.03700047 -4.99994e-4 5.00066e-4 0.03700006 -5.00172e-4 7.08009e-4 0.03850466</float_array>
          <technique_common>
            <accessor source="#Link5_001-mesh-positions-array" count="1463" stride="3">
              <param name="X" type="float"/>
              <param name="Y" type="float"/>
              <param name="Z" type="float"/>
            </accessor>
          </technique_common>
        </source>
        <source id="Link5_001-mesh-normals">
          <float_array id="Link5_001-mesh-normals-array" count="7938">-1 0 0 0.05259388 0.1732373 0.9834748 -0.05675148 0.8222681 0.5662636 0.02925103 0.9784215 0.2045382 -0.0394169 0.6375612 -0.7693907 0.01271396 0.4849466 -0.8744513 0.005174458 -0.7547244 -0.6560218 -0.007377564 -0.7781462 -0.62804 -0.004880785 -0.6394355 0.7688293 -0.05967962 -0.7462894 0.6629409 -1 -6.72061e-6 0 -1 -1.89056e-5 -3.98849e-6 -1 1.09265e-5 -1.15208e-5 -1 -1.75347e-5 9.89986e-6 -0.9999998 -5.29731e-4 5.30939e-4 -1 3.03343e-5 8.0035e-5 -1 -2.76993e-4 4.53885e-4 -0.9999989 -9.30894e-4 0.00115633 -0.9999999 -4.47129e-4 2.34766e-4 -1 -2.81952e-4 2.24743e-4 -1 -5.6865e-5 0 -1 -2.2249e-4 2.07336e-4 -0.999997 -0.002072453 0.001363635 -0.9999967 -0.002236366 0.001248896 -0.9999978 -0.001955389 8.44911e-4 -0.999993 -0.003249645 0.001862525 -0.9999777 -0.006357848 0.002055287 -0.999962 -0.0086236 0.001355707 -0.9999993 -0.001225829 2.53097e-4 -0.9999999 -4.88545e-4 -3.28883e-4 -0.9999986 -0.001619935 -3.38857e-4 -0.9999936 -0.003454923 -0.001010179 -0.999999 -0.001137375 -9.0339e-4 -0.9999983 -0.001851797 -1.28625e-4 -0.9999982 -0.001865863 -3.31746e-4 -0.9999949 -0.002876937 -0.001425325 -1 -3.13465e-4 -2.28911e-4 -0.9999999 -3.25485e-4 -3.83631e-4 -1 3.47091e-5 -6.84202e-5 -1 -3.31575e-4 -2.56073e-4 -0.9999998 -5.50256e-4 -3.08307e-4 -0.9999999 -4.97002e-4 -3.28048e-4 -1 1.56387e-5 2.11001e-5 -1 1.27594e-5 2.59245e-6 -1 4.66533e-6 9.69387e-6 -0.9999998 -7.35864e-4 -7.70994e-5 -1 6.47742e-6 0 -1 1.41777e-6 0 -0.9999997 5.20738e-4 -6.88808e-4 -1 8.85944e-5 -6.39051e-5 -1 8.57133e-5 -5.19227e-5 -1 5.58547e-5 -8.14471e-5 -1 -3.18625e-5 2.2198e-5 -1 -2.3546e-4 1.40079e-4 -0.9999988 0.0015527 -4.22996e-4 -0.9999946 0.003309726 1.36817e-4 -0.9999985 0.001332819 -0.001228988 -0.9999994 6.07546e-4 -0.001056849 -0.9999999 4.40164e-4 -2.39191e-4 -0.9999998 5.1889e-4 -3.73849e-4 -0.9999988 0.001415252 -7.96902e-4 -1 3.64735e-4 1.59331e-4 -0.9999997 7.07568e-4 -5.91228e-4 -0.9999985 0.001589417 -6.92525e-4 -0.9999991 0.001366257 -4.37943e-4 -1 1.00719e-5 4.0529e-4 -1 1.66038e-4 -1.36456e-6 -0.9999996 4.12637e-4 8.06183e-4 -1 1.16036e-6 0 -1 -8.30612e-5 -7.48283e-5 -1 6.25988e-5 0 -1 2.24266e-5 2.54651e-5 -0.9999974 0.001799702 0.001425087 -1 -2.83917e-6 0 -1 -1.69435e-6 0 -0.9999074 0.01263171 0.00505948 -0.9999449 0.00924164 0.004993438 -0.9999839 0.004197716 0.003853023 -0.9999948 0.003242611 -2.60981e-5 -0.9999976 0.00217384 4.51657e-4 -1 3.46518e-6 -1.45936e-5 -0.9999999 8.90747e-5 6.40752e-4 -0.9999908 -0.004275381 2.67492e-4 -0.9999997 9.44516e-4 1.2091e-4 -0.9999042 -0.006986856 0.01195472 -0.9996684 -0.002367019 0.02564388 -1 1.43836e-5 4.91542e-5 -1 3.92708e-6 -1.67835e-5 -0.9999964 0.001298904 -0.002340137 -0.9999997 4.90043e-4 -6.65413e-4 0.9999997 -6.76372e-4 -5.87516e-4 -0.9999999 -1.24473e-4 -5.53892e-4 -0.9999989 1.48436e-4 -0.001528561 -0.9999991 0.001343011 2.8077e-4 -1 2.16408e-5 0 -1 -1.48458e-5 2.88269e-4 -1 1.01208e-5 1.30479e-4 -1 1.28648e-4 8.58669e-5 -1 1.66285e-7 -3.00868e-4 -1 9.71326e-6 -4.02922e-4 -1 -2.0115e-4 -1.00152e-4 0.5314078 -0.6210091 -0.576154 -0.2367673 -0.4590617 -0.8562731 -0.005760729 0.5578318 -0.8299341 0.001039385 0.8037077 0.5950235 0.006074488 0.797425 0.6033876 2.6712e-6 0.82427 0.5661969 0.005007088 0.8450719 0.5346294 0.0013749 0.8505544 0.5258853 -0.003581523 0.8791054 0.4766142 0.01013714 0.8993613 0.4370886 -0.008443892 0.9187895 0.3946576 0.007168769 0.9499753 0.3122429 -0.003262877 0.9564844 0.2917651 0.009948432 0.9742987 0.2250406 -0.007777452 0.9861342 0.1657674 0.005687654 0.9917334 0.1281895 -0.005002021 0.9976788 0.06791239 0.006032824 0.9994664 0.03210222 -0.006388187 0.9996958 -0.02382582 0.00603199 0.9979223 -0.06414836 -0.006388306 0.9927718 -0.1198477 0.006003916 0.987144 -0.1597212 -0.006367385 0.9766507 -0.2147394 0.00603348 0.9672435 -0.2537788 -0.007571578 0.9497749 -0.3128423 0.003214001 0.9383464 -0.3456819 -0.007996916 0.919541 -0.3929127 0.008885502 0.8966134 -0.4427253 -0.006298243 0.8699203 -0.4931523 0.0054605 0.8558636 -0.5171729 -5.39276e-4 0.8029419 -0.5960572 -4.89715e-5 -0.7984029 -0.6021237 0.001159787 -0.85325 -0.5215008 -0.003848254 -0.8569887 -0.515321 0.003892481 -0.9155695 -0.4021411 0.00786215 -0.9128757 -0.4081619 -0.002905368 -0.9429888 -0.3328117 0.004430472 -0.9482151 -0.3175985 0.001188993 -0.9773572 -0.2115927 -0.004081904 -0.9788517 -0.2045303 0.003728568 -0.9964514 -0.0840879 -0.002124965 -0.9972815 -0.07365584 0.001717031 -0.99987 0.01603794 -0.009127616 -0.9992242 0.03831022 0.008402645 -0.9936617 0.1120976 -0.01088058 -0.9841119 0.1772163 0.004361212 -0.978307 0.2071148 0.001534461 -0.9538615 0.3002429 -0.002126634 -0.9518738 0.3064827 0.001717567 -0.9205672 0.3905807 -0.002070665 -0.9174986 0.3977337 0.001722872 -0.8787468 0.4772853 -0.002065896 -0.8750047 0.4841101 0.001512348 -0.8314729 0.5555632 0 -0.8293614 0.5587126 0 -0.7964633 0.604687 -2.81257e-4 -0.7960352 0.6052504 0.04361557 -0.9491255 -0.3118628 -0.03689521 -0.9734902 -0.2257336 0.03907871 -0.9936314 -0.105687 0.002200722 -0.8010607 -0.5985791 -0.003179669 -0.8384825 -0.5449193 0.005391716 -0.8753532 -0.4834541 4.59775e-4 -0.8834815 -0.4684658 -7.22981e-4 -0.9278039 -0.3730677 -0.005212724 -0.9323816 -0.3614381 0.03624439 0.9944773 -0.09849452 0.03180342 0.9490916 -0.313391 -0.02439725 0.9666402 -0.2549737 0.008706808 0.9379896 -0.3465541 -0.01234149 0.9010228 -0.4335963 0.00548762 0.8792313 -0.4763635 0.003470301 0.8060161 -0.5918835 8.13012e-4 -0.001239299 -0.999999 1.144e-5 -5.49325e-4 -1 1 -1.58687e-6 0 1 4.57745e-6 0 1 0 0 0 -0.9999977 -0.002168476 0.003065884 -0.9999954 0 -0.04308694 -0.9882375 -0.1467325 -0.0371719 -0.8068032 -0.5896499 0.07599705 -0.6466999 -0.7589492 -0.02253609 -0.4355966 -0.8998599 6.18019e-4 -0.008694231 -0.9999621 -0.004265308 -5.40266e-4 -0.9999908 0 0 -1 -0.006684601 0.02356392 -0.9997 0.00139296 0.01603764 -0.9998704 0 0 -1 -6.14309e-7 0 -1 1 2.46373e-6 0 1 -2.30777e-5 6.5267e-6 1 8.43908e-6 6.2726e-5 1 6.74584e-7 0 0.5796704 0.6212984 -0.5272291 6.4129e-5 5.07175e-4 -0.9999999 6.18614e-4 4.32437e-5 -0.9999998 -0.0473293 0.2968493 -0.9537508 0.0625813 0.5815913 -0.8110705 -0.03194576 0.7828862 -0.6213443 0.01451641 0.9554287 -0.2948649 0.004735171 0.9646298 -0.2635659 -0.00515902 0.9974398 -0.07132518 1.49114e-4 1 -1.36336e-4 -4.65661e-7 1 0 0.01793253 0.5331282 0.8458445 -0.01777058 0.5442275 0.8387495 0.02840691 0.963055 0.2678024 -0.01681679 0.9546272 0.2973284 0.03458607 0.9935911 0.1076135 -0.007837712 0.9970513 0.07633715 0.004328906 0.8361539 0.5484781 0.003137409 0.838492 0.5449048 -0.003844201 0.8842117 0.4670707 0.007348001 0.9086961 0.4173935 -3.47434e-4 0.931046 0.3649019 8.89826e-4 0.935397 0.3535982 0.001629412 0.001587331 0.9999974 4.39239e-7 1.20807e-4 1 1 1.86249e-6 0 0 0.9999992 0.001281142 0.001746654 0.9999986 0 -0.0230953 0.9953036 0.09400725 -0.04704082 0.917842 0.3941486 0.06860744 0.7100496 0.7008014 0.01524823 0.64046 0.7678402 -0.05095201 0.3185334 0.9465413 0.03018039 -0.550885 0.8340354 -0.03179347 -0.5314325 0.8465038 0 -3.76849e-6 1 -0.001613974 6.41461e-4 0.9999985 2.37177e-4 0.002393722 0.9999971 0 -3.72158e-6 1 0.005639612 -0.005517721 0.9999689 2.28905e-5 6.69676e-6 1 0 3.78016e-6 1 -1.04437e-5 0 1 0.05585598 -0.993538 0.09880518 -0.07739734 -0.9806155 0.1800085 0.04814559 -0.9484628 0.3132099 0.001445353 -0.9252755 0.379293 -0.004759132 -0.9143482 0.404901 0.005095601 -0.8792188 0.4763909 0.003649652 -0.8765836 0.481236 -0.003265261 -0.8371592 0.5469498 0.002688527 -0.8094353 0.587203 1 -2.81581e-5 -3.52379e-5 1 -1.99587e-6 0 1 2.04832e-5 -3.7267e-6 2.38937e-4 -6.76665e-5 1 9.84517e-5 -1.94842e-4 1 7.32393e-5 -1 6.65928e-5 4.65661e-7 -1 0 -0.007397115 -0.07137465 0.9974222 -0.003520429 -0.2587966 0.9659255 0.02908301 -0.4069292 0.9129966 -0.04821723 -0.5741915 0.8173 0.0385738 -0.9336613 0.356074 0.01047194 -0.9541707 0.2990796 -0.004299223 -0.9974429 0.07133996 1 3.11362e-7 0 1 2.20665e-6 0 1 3.70216e-7 0 1 4.0184e-6 0 1 -1.07886e-4 1.04546e-5 1 -3.32301e-7 1.93268e-6 1 0 5.77561e-6 1 0 4.45845e-6 1 -1.46854e-5 3.87157e-6 1 -1.27149e-6 0 1 -7.3316e-6 3.56599e-6 1 0 3.40181e-6 1 -1.92365e-6 3.32204e-6 1 -2.32004e-6 3.29377e-6 1 -1.4911e-5 1.75227e-6 1 1.75624e-6 0 1 6.57952e-6 -1.27556e-5 1 -4.99645e-7 0 1 9.87546e-6 0 1 -1.32085e-4 0 1 9.2104e-6 0 1 -2.30547e-6 0 1 5.71461e-6 2.4384e-6 1 3.39618e-6 0 1 -1.13743e-6 0 1 -2.60303e-6 0 1 1.66277e-6 0 1 -2.30364e-7 0 1 4.12497e-7 0 1 3.35734e-5 0 1 1.92708e-5 0 1 2.62825e-6 0 1 -4.3829e-6 0 1 -6.29614e-6 0 1 2.26326e-6 0 1 -2.34494e-6 0 1 -1.50585e-5 0 1 2.21656e-6 0 1 4.49084e-6 0 1 -1.45075e-6 0 1 0 2.28168e-5 1 4.10639e-6 -1.21261e-5 1 -5.21564e-5 0 1 -2.59165e-6 0 1 2.74979e-5 0 1 2.57968e-6 0 1 -9.64418e-6 0 1 3.12059e-4 0 1 4.34003e-6 0 1 2.10691e-5 0 1 0 -2.2814e-5 1 -2.73758e-6 1.21259e-5 1 5.73684e-7 0 1 -3.46849e-6 0 1 7.92081e-7 0 1 4.03999e-7 0 1 -5.73974e-7 0 1 -5.1533e-7 0 1 4.98966e-7 0 1 -1.39291e-6 0 1 4.65272e-7 0 1 4.5727e-7 0 1 1.39293e-6 0 1 -1.2409e-6 0 1 1.14916e-6 0 1 1.03712e-6 0 1 -1.72365e-6 0 1 -1.98072e-6 0 1 -1.19438e-6 0 1 -4.5727e-7 0 1 3.08089e-6 0 1 -4.56727e-5 0 1 -7.70103e-7 0 1 5.77531e-6 0 1 -2.45758e-6 0 1 2.18678e-6 0 1 1.732e-6 0 1 7.75351e-7 0 1 -9.78287e-7 0 1 -3.08089e-6 0 1 4.56727e-5 0 1 4.67172e-6 0 1 -9.01439e-7 0 1 -5.74416e-7 0 -0.05121344 0.8714177 -0.4878613 0.04625129 0.991155 0.1243891 -0.04543924 0.7636172 0.6440684 0.06668663 0.1275113 0.9895927 -0.05749142 -0.5349081 0.842952 0.06542503 -0.9959109 0.06229805 -0.001659452 -0.982821 -0.1845541 -0.01434075 -0.1308273 -0.9913015 0.05284994 0.1131011 -0.9921769 -0.2004928 -0.6323791 0.7482642 0.175419 -0.850257 0.4962772 -0.1695954 -0.7954168 -0.5818501 -0.03281843 -0.7497816 -0.660871 0.2040532 0.644913 -0.7365118 -0.241042 0.802756 -0.5454187 0.184871 0.5285609 0.8285205 0.1628892 0.5186045 0.8393548 -1 4.1543e-6 0 0.4224358 -0.4207047 0.8028423 -0.3798197 -0.8244931 0.4194617 0.2818952 -0.7747181 -0.5659921 -0.3663058 -0.2219001 -0.9036484 0.3059057 0.4163871 -0.8561797 -0.1446663 0.973018 0.1797433 -0.531695 0.7722016 0.3478578 0.01547026 0.01719921 0.9997324 0.09671771 -0.7615526 0.6408458 -0.3077436 -0.9427656 0.1284019 0.2013837 -0.8972803 -0.3928518 -0.1337529 -0.2509315 -0.9587199 0.1722808 0.08226031 -0.9816072 -0.2907131 0.8683935 -0.4017198 0.2802577 0.959893 -0.007821738 -0.2283012 0.182701 0.9562944 -1 -5.28272e-6 0 -0.2125674 -0.2104468 0.9542156 0.381592 -0.8182253 0.4299942 -0.3094665 -0.9492327 -0.05646109 0.2850638 -0.06221497 -0.9564874 -0.2085364 0.243993 -0.9470903 0.1862944 0.9824691 0.007007122 -0.2307775 0.8832014 0.4082857 -0.05594891 0.7620377 0.645111 0.09682112 0.3485568 0.9322736 -1 -1.31812e-6 0 -2.00507e-4 -0.9998338 -0.01823014 -0.005191862 -0.9992532 -0.03829216 0.003208696 -0.9960526 -0.08870744 -0.002070903 -0.9825658 -0.1859036 -0.001742005 -0.9827257 -0.18506 0.001227617 -0.955572 -0.2947552 -0.002859771 -0.9515156 -0.3075877 0.002265989 -0.9187959 -0.3947265 -0.00364536 -0.9078525 -0.4192738 0.001540899 -0.8797112 -0.475506 -0.004628241 -0.8613032 -0.5080702 0.001538217 -0.8417103 -0.5399273 -0.004632234 -0.7989834 -0.6013353 -0.004259288 -0.7998905 -0.6001311 0.002572298 -0.7610335 -0.6487075 -0.002578079 -0.7298833 -0.6835669 0.003086209 -0.6937525 -0.7202068 -0.002260982 -0.6760414 -0.7368602 0.002260625 -0.6132228 -0.7899069 -0.003083169 -0.5938592 -0.8045632 0.002576768 -0.5516538 -0.8340692 -0.003632068 -0.5037976 -0.8638142 0.004381358 -0.4672595 -0.8841094 -0.003209888 -0.418016 -0.9084341 0.003091454 -0.3653437 -0.9308676 0.001040697 -0.3566513 -0.934237 -0.002049744 -0.3036543 -0.9527801 0.003088891 -0.2588271 -0.9659188 0.001025319 -0.2497577 -0.9683079 -0.002057075 -0.195136 -0.9807741 0.002470493 -0.1546097 -0.9879726 -1.40493e-7 -0.1397973 -0.9901801 1.40493e-7 -0.08403146 -0.9964632 -1.26683e-7 -0.08403164 -0.9964631 0 -0.02333474 -0.9997277 0.001028835 -0.02801048 -0.9996071 -0.002051889 0.02801042 -0.9996055 0.002472519 0.06908637 -0.9976077 4.69923e-7 0.08403164 -0.9964631 -3.5255e-7 0.1444536 -0.9895116 -0.0012241 0.1499598 -0.9886913 0.001262485 0.2406678 -0.9706068 -0.001509904 0.2495355 -0.9683645 0.00125873 0.3478729 -0.9375409 -0.002854466 0.3605568 -0.9327329 0.002570807 0.4506303 -0.8927071 -0.002573847 0.4672614 -0.8841155 0.002261519 0.5430638 -0.8396884 -0.005752921 0.5732747 -0.819343 0.002208113 0.6050555 -0.7961804 3.80428e-4 0.684234 -0.7292625 -0.00134474 0.6875541 -0.7261319 0.001132011 0.7576831 -0.6526217 0 0.7610316 -0.6487149 0 0.7989931 -0.6013402 0 0.7989924 -0.6013412 0 0.8417111 -0.5399283 0.004618823 0.8314759 -0.5555417 -3.7388e-6 0.8613134 -0.5080743 0.003081679 0.8797087 -0.475503 0 0.8884425 -0.458988 0 0.9146833 -0.4041716 0.001028597 0.912783 -0.4084437 -0.002055466 0.934247 -0.3566209 0.002470314 0.9481188 -0.3179069 0 0.9527756 -0.3036752 0 0.9694596 -0.2452511 0.001027524 0.968303 -0.2497766 -0.002056181 0.9807812 -0.1950999 0.002470135 0.9879741 -0.1546003 0 0.9901813 -0.1397896 0 0.9968444 -0.07938063 0.00102961 0.9964618 -0.08404225 -0.002054691 0.9996045 -0.02804809 0.003088057 0.9998205 0.01869064 -0.002264082 0.999072 0.04301214 0.002573251 0.9914432 0.1305142 -0.002548813 0.9888395 0.1489637 0.002560675 0.9705941 0.2407084 -0.002573549 0.9659374 0.2587633 0.002266645 0.9394842 0.3425849 -0.003644049 0.9299356 0.3677045 1.37344e-6 0.9127846 0.4084414 -0.005009114 0.8862754 0.4631316 -0.003138422 0.8891312 0.4576417 0.002254009 0.839701 0.5430445 -0.004127919 0.8236207 0.567126 0.006148815 0.7876029 0.6161525 -2.7458e-4 0.7347732 0.6783129 0.00201708 0.7388365 0.6738817 -0.002873778 0.6760452 0.7368546 0.005338609 0.6480604 0.7615703 -0.004398047 0.5938531 0.8045616 0.005746185 0.5498943 0.8352145 -0.001718163 0.5037996 0.8638189 0.004728496 0.4695118 0.8829135 -0.003213167 0.4180132 0.9084353 0.004270553 0.3553171 0.9347361 0.004623174 0.3566474 0.9342277 -7.01984e-6 0.303655 0.9527821 0.00363928 0.2612401 0.965267 0.001026093 0.2497574 0.968308 -0.002058267 0.1951358 0.9807741 0.002469301 0.1546012 0.9879739 1.40507e-7 0.1397973 0.9901801 0 0.07936543 0.9968457 0.001030325 0.08403158 0.9964626 -0.002057373 0.02801042 0.9996056 0.003078937 -0.01868724 0.9998207 0.001028358 -0.02801048 0.9996071 -0.002053737 -0.08403146 0.996461 0.003094375 -0.1305129 0.9914418 -0.001225471 -0.1499638 0.9886907 0.001109719 -0.2352296 0.9719392 0 -0.2395736 0.9708783 0 -0.3036547 0.9527822 0 -0.3036547 0.9527822 0 -0.3610355 0.9325521 -0.002260506 -0.3705984 0.9287905 0.002270102 -0.4456022 0.8952282 -2.75483e-7 -0.4548227 0.8905822 2.75243e-7 -0.5121366 0.858904 -0.002259135 -0.5209277 0.8535978 0.002573549 -0.5938236 0.8045912 -0.002572059 -0.6087776 0.7933368 0.003165662 -0.6880185 0.7256863 0 -0.6955849 0.7184439 0 -0.7518597 0.6593231 0 -0.7518609 0.6593218 0 -0.7989909 0.6013433 0 -0.7989924 0.6013412 0 -0.8340761 0.5516496 0.001029908 -0.8314844 0.5555474 -0.002053201 -0.8613093 0.5080768 0.002470791 -0.8814654 0.4722422 0 -0.8884425 0.458988 0 -0.9127829 0.4084452 0 -0.9127836 0.4084437 0 -0.9359083 0.3522439 0.001029491 -0.9342474 0.356624 -0.002055704 -0.9527744 0.3036724 0.003086447 -0.9659184 0.2588284 0.001027822 -0.9683029 0.2497768 -0.00261569 -0.9827143 0.1851105 0.003307878 -0.9879726 0.1545934 -0.003560841 -0.9973169 0.07311922 2.45687e-4 -0.9964261 0.08446979 1 -3.11471e-7 0 1 9.9705e-7 0 1 -3.32212e-6 0 1 -3.32484e-6 0 1 -3.32415e-6 0 1 2.80438e-7 0 1 6.22949e-7 0 1 4.98562e-7 0 1 1.36753e-7 0 1 -8.31227e-7 0 1 3.32212e-6 0 1 -6.64399e-6 0 1 -3.98925e-6 0 1 3.62817e-6 0 1 -3.62886e-6 0 1 -1.66249e-6 0 1 1.99412e-6 0 1 8.31226e-7 0 -0.3338057 -0.4168106 -0.8454837 0.4024525 0.5363802 0.7418411 0.4238459 0.4347765 -0.7945591 -0.9999117 0.01265472 0.004080116 -0.9999787 0.006548047 1.59634e-4 -0.9175518 0.3950237 0.04533183 -0.9644705 0.2408981 -0.1084664 -0.999983 -0.005814015 -6.07028e-4 0.5775982 0.6407215 -0.5058226 -0.9999514 0.002779364 0.009466648 -0.3505141 -0.6018866 -0.7175461 0.2129934 0.3144042 0.9250859 0.01258522 -0.6056657 0.7956197 0.362582 -0.7378486 0.56931 -0.5833598 -0.7597393 0.2872066 0.1980199 -0.9042537 0.3783032 0.1697957 -0.9563161 -0.2379686 0.3052664 0.110775 -0.945802 -0.6718483 -0.1299649 -0.7291976 0.2251572 -0.2379522 -0.944819 -0.5510522 -0.3855779 -0.7400481 -0.0791527 -0.6529365 -0.7532655 -0.7460925 -0.5710198 -0.3424652 -0.1011881 -0.8756392 -0.4722467 -0.6029193 -0.7844462 -0.1453705 -0.08156919 -0.9959607 0.03753662 -0.7089521 -0.7018188 0.06955152 -0.8577428 -0.3436236 0.3823615 0.5224259 -0.2788047 0.8058158 -0.9222123 -0.07224339 0.3798756 0.4297264 0.001152992 0.9029585 -0.7612401 0.1490135 0.6311168 -0.5442733 0.4351398 0.7172309 -0.8273495 0.4215021 0.3712532 0.7497307 0.5633379 0.3472094 -0.8184256 0.5507283 0.163945 0.09688043 0.9748114 0.2008908 -0.5756138 0.8172551 -0.02762043 -0.5339515 0.8157077 -0.2225238 -0.8194268 0.4796841 -0.3137564 -0.64986 0.4080516 -0.6412301 -0.5908493 0.1339336 -0.7955873 1 -1.18108e-6 0 1 1.95725e-5 7.98095e-6 1 -2.67682e-6 0 1 -2.62522e-5 -2.21531e-5 1 -2.00282e-5 0 1 4.61148e-6 -2.14026e-7 1 4.36581e-5 0 1 -1.34979e-5 -8.80877e-6 1 1.04255e-4 1.11537e-4 1 -9.62178e-5 9.64721e-6 1 -4.48476e-6 6.74491e-7 1 -2.35737e-4 -1.29225e-4 1 1.55148e-5 4.18909e-6 1 -7.97512e-5 0 1 1.17528e-4 0 1 -9.11992e-5 1.58924e-5 1 3.83175e-5 -3.96646e-6 1 4.79851e-6 2.95556e-5 1 1.84669e-5 1.01073e-4 1 6.88998e-6 0 1 7.47966e-6 0 1 4.39217e-6 0 1 2.06567e-5 1.98188e-5 1 7.60674e-6 0 1 1.45522e-4 6.49405e-6 1 1.22765e-4 -1.1995e-4 0.9999999 5.13598e-4 4.33182e-4 0.9999998 8.2115e-4 -1.63631e-4 1 9.1797e-6 -3.28716e-5 1 1.26577e-5 -3.15375e-5 0.9999994 8.48031e-4 -7.05819e-4 1 2.21977e-4 -6.93672e-5 1 5.02701e-6 5.0878e-6 1 8.67532e-6 -5.38296e-6 0.9999961 -0.002374172 0.001517891 1 2.16367e-4 -6.01155e-5 1 1.07454e-4 -8.76886e-5 1 1.34693e-4 -1.08773e-4 1 6.91689e-5 -7.84289e-5 0.9999997 -6.3873e-4 3.98969e-4 0.9999998 5.75342e-4 -3.65472e-4 0.9999994 0.001127719 -2.97054e-4 0.9999999 5.79779e-4 2.63739e-4 1 -1.19231e-4 -3.1869e-5 0.9999992 0.00134772 -1.34955e-4 0.9999991 0.001350462 -1.7986e-4 0.9999934 0.002940416 -0.002148211 1 -1.47956e-5 -6.72168e-6 1 2.03076e-6 0 1 0 -1.35805e-5 1 -1.49059e-4 -1.6687e-5 1 -8.00331e-5 -2.30808e-4 1 2.01957e-6 0 1 -1.57399e-6 0 1 -1.10929e-5 -1.11642e-5 1 -3.32961e-6 -1.28403e-5 1 5.75701e-5 4.88368e-6 1 6.19747e-5 5.11673e-5 1 1.386e-5 2.33278e-5 1 2.59893e-5 -5.2792e-5 1 -3.17176e-4 -2.22167e-4 1 1.68922e-5 -5.10776e-5 1 -8.40599e-5 -1.53819e-5 1 -3.82108e-5 -1.65875e-5 0.9999977 0.001883685 0.00107342 0.9999998 -6.19936e-4 -4.01775e-4 1 -1.38876e-4 -1.34842e-4 0.9999995 -8.31039e-4 -6.78402e-4 0.999998 0.001677215 0.001116454 1 6.36258e-5 3.67364e-5 1 7.35965e-6 -5.87834e-6 1 -1.30959e-4 1.23878e-5 1 -1.77175e-4 7.71401e-5 1 -8.23814e-5 -9.31826e-6 1 5.62852e-5 -5.03206e-5 1 4.66434e-5 0 1 -1.92939e-6 3.80054e-6 1 1.3399e-5 0 1 -1.32539e-4 -2.51007e-5 1 -2.56494e-4 -8.18047e-5 1 -6.65255e-6 0 1 1.83079e-5 -2.63923e-5 1 2.91956e-5 1.23364e-5 1 -3.75449e-5 0 1 9.42779e-5 0 1 6.0973e-7 2.31965e-6 1 -3.86849e-5 2.39629e-5 1 -3.60617e-4 1.37129e-4 1 -3.65893e-4 6.96276e-5 1 -2.66519e-4 7.13297e-6 1 1.23983e-5 -1.63034e-5 1 -1.71903e-4 1.15628e-4 1 -3.58389e-5 0 1 8.7557e-5 0 1 2.96826e-5 -1.2556e-6 1 2.42523e-5 -8.01495e-6 1 2.24464e-5 -6.31693e-6 1 -3.89675e-4 9.4449e-5 0.9930407 0.1014456 -0.05982601 1 -4.92343e-6 1.46195e-5 0.004447877 -0.9990847 -0.04254418 -0.004203557 -0.9694727 -0.2451637 -0.002064108 -0.9676042 -0.2524637 0.002847671 -0.9145469 -0.4044702 -0.002003908 -0.9011393 -0.4335252 2.78202e-4 -0.8348682 -0.55045 6.7309e-4 -0.8368247 -0.5474705 3.58509e-5 -0.7953808 -0.6061102 9.49646e-5 -0.7928362 0.6094348 6.15972e-4 -0.7953603 0.6061367 -2.23947e-4 -0.7963916 -0.6047813 5.91044e-4 -0.8230708 -0.5679385 -6.23217e-4 -0.8728874 -0.4879213 -6.81326e-4 -0.8726597 -0.4883285 6.30893e-4 -0.8487892 -0.5287311 -0.001355946 -0.836328 -0.5482278 6.95442e-4 -0.9370651 -0.3491541 1.46509e-4 -0.9169344 -0.3990381 5.13509e-5 -0.916629 -0.399739 -1.24076e-6 -0.8960919 -0.4438686 -1.65486e-4 -0.8954113 -0.44524 0.001374483 -0.9640178 -0.2658343 5.21831e-4 -0.9628987 -0.2698625 -0.00122255 -0.9413323 -0.3374789 -5.46686e-4 -0.9832896 -0.1820477 1.71532e-4 -0.9840044 -0.1781448 0.001527965 -0.9914706 -0.1303213 4.68151e-4 -0.9926885 -0.1207033 -5.18587e-5 -0.9977251 -0.06741464 3.44777e-4 -0.9979094 -0.06462872 -7.90252e-4 -0.9999261 0.01213908 -2.21152e-4 -0.9998853 0.01514774 0.002147793 -0.9874831 0.1577107 -0.002298176 -0.9946904 0.1028868 0.00101155 -0.9968816 0.07890641 0.001992762 -0.9527386 0.3037852 -0.00127685 -0.9596202 0.2812959 0.001081883 -0.9750885 0.2218134 -0.001564145 -0.9800999 0.1984992 0.001728832 -0.9211968 0.3890934 -0.001590311 -0.9390066 0.3438954 9.61435e-4 -0.8480039 0.5299891 -1.30624e-4 -0.8740456 0.4858441 -0.001807987 -0.8803318 0.4743549 7.42427e-4 -0.8954722 0.4451171 -6.6011e-4 -0.9122052 0.4097332 4.15859e-4 -0.823371 0.5675033 -0.001422107 -0.8327743 0.5536108 0.003162324 -0.9232866 0.3840991 -0.001509785 -0.8108933 0.5851922 -2.72511e-4 -0.8457393 0.5335963 0.003115415 -0.8651459 0.5015106 -5.97152e-4 -0.89182 0.4523901 -0.002324819 -0.9362175 0.3514134 -0.004613041 -0.9823682 0.1868993 0.001710236 -0.9747734 0.2231902 -0.001101016 -0.9991145 0.04206061 0.005225419 -0.9973434 0.07265615 -0.2129257 -0.8547561 0.473344 -0.1966476 -0.8085676 0.5545704 -0.3828206 -0.7794212 0.4959346 -0.3776081 -0.7823894 0.4952564 -0.3667161 -0.7477111 0.553577 0.01623064 -0.9770351 0.2124596 -0.5877178 -0.750211 -0.3029379 -0.03125715 -0.7920893 0.6096045 -0.1434572 -0.7944703 0.5901162 -0.08237278 -0.9472639 0.3096867 -0.05062448 -0.9830758 -0.1760659 -0.06526833 -0.9295365 -0.3629078 -0.09745252 -0.8611766 -0.4988768 -0.1700325 -0.861154 -0.4790645 0.1079854 -0.8155301 -0.5685507 -0.1021097 -0.8894189 0.4455421 -0.2012817 -0.9776723 0.06035304 -0.2217167 -0.9541013 -0.2013269 -0.567106 -0.6514351 0.5040071 0.003213047 -0.5019688 0.8648799 -0.002097249 -0.5855274 0.8106499 0.004178345 -0.5568782 0.8305836 -3.23392e-4 -0.5385116 0.8426181 -0.02521812 -0.9847628 -0.1720648 -0.4298435 -0.720095 -0.5446998 -0.104399 -0.8604231 -0.4987716 -0.3570104 -0.7659129 -0.534716 -0.2982196 -0.868114 -0.396791 -1.04803e-5 -0.483718 -0.8752239 0.002296149 -0.505523 -0.8628102 -0.002623736 -0.5234119 -0.8520758 0.001999735 -0.5756664 -0.8176823 -3.68936e-5 -0.5832954 -0.8122603 7.59334e-7 0 -1 9.5375e-6 -4.07156e-6 -1 -5.45683e-5 -2.49637e-5 -1 -1.14662e-5 1.76564e-5 -1 -5.83949e-5 -6.70237e-5 -1 -5.84561e-5 6.09693e-5 -1 -4.35895e-5 2.61251e-5 -1 -0.194954 -0.1340392 -0.9716103 -0.1034671 -0.05724048 -0.9929844 -0.556315 -0.06854164 -0.8281399 -0.6003172 -0.225547 -0.7672991 -0.5858883 -0.204992 -0.7840365 -0.4479532 -0.2608673 -0.8551527 -0.1025981 -0.06034624 -0.9928907 -0.5926131 -0.04488748 -0.8042356 -0.488749 0.3382281 -0.8041929 -0.457475 0.2529936 -0.8524735 -0.008766531 -0.4310696 0.9022761 0 0 1 0 0 1 -2.26897e-4 -9.6016e-5 1 -1.22627e-6 0 1 -1.30765e-4 1.11959e-4 1 -2.1327e-4 -8.47391e-5 1 -0.01274162 0.01757842 0.9997643 9.68575e-6 2.60653e-4 1 -0.006056249 -0.02521294 0.9996638 -0.1625332 -0.1045795 0.9811454 -0.2389069 -0.220342 0.9457129 -0.1385549 -0.1040281 0.984876 -0.1704311 0.1916438 0.9665536 0.002239584 0.5545828 -0.8321256 2.66136e-4 0.548897 -0.8358901 2.85584e-4 0.5019717 -0.8648841 0.001932322 0.496367 -0.8681107 8.87572e-4 0.9540764 -0.2995624 -0.001839458 0.8212912 -0.5705063 0.0022946 0.8478847 -0.5301758 -3.62641e-4 0.9091368 -0.4164974 -0.00276947 0.9030145 -0.4296014 -0.008684992 0.9715907 -0.2365086 0.210464 0.8784462 -0.4289959 -0.598385 0.5065828 -0.6207329 0.05503726 0.9717447 -0.2295286 -0.01323646 0.9641146 -0.2651566 -0.01243799 0.9633649 -0.2679054 0.2145993 0.8779546 -0.427952 7.79981e-5 0.7953608 -0.6061364 7.43644e-6 0.7994876 0.6006826 -9.06054e-4 0.795765 0.6056049 9.77072e-5 0.8233566 0.5675245 -0.002091407 0.8382769 0.5452407 1.63798e-4 0.8487903 0.5287297 5.86092e-4 0.8734139 0.4869783 -0.001687765 0.8844965 0.4665438 2.94836e-4 0.8954057 0.4452513 -0.001322686 0.9171449 0.3985518 -0.001562714 0.916497 0.4000385 4.3556e-4 0.937305 0.34851 -0.001303315 0.9420429 0.3354903 1.28176e-4 0.9620591 0.2728413 9.94741e-5 0.9620166 0.2729911 -0.001185059 0.9948019 0.1018227 0.00119239 0.9787454 0.2050759 6.83748e-4 0.977876 0.2091844 -0.001045823 0.9858393 0.1676901 0.002236902 0.9921776 0.1248149 2.07216e-4 0.9993095 0.03715664 0.001765489 0.9996012 0.02818417 -9.4609e-4 0.9994456 -0.03328353 0.002334594 0.9978638 -0.06528782 -0.002227187 0.994233 -0.1072197 0.002288162 0.9876145 -0.156884 -0.001620292 0.9801188 -0.1984054 0.001610994 0.9739297 -0.2268449 -0.001416981 0.9606552 -0.2777404 0.001370012 0.9514564 -0.3077807 -0.002732574 0.9381511 -0.3462154 0.002536475 0.9208996 -0.3897919 -9.78896e-4 0.9016886 -0.4323849 3.21709e-4 0.8965225 -0.4429981 5.06115e-4 0.8734402 -0.4869314 -0.001801669 0.862222 -0.5065276 6.76095e-5 0.8481227 -0.5297999 -0.001172423 0.8328105 -0.5535571 4.54482e-4 0.8233698 -0.5675051 1.86954e-4 0.7949738 -0.6066437 0.003290951 0.9951185 0.09863227 -0.003890514 0.9923943 0.1230382 -1.61493e-4 0.9548692 0.2970269 0.002457618 0.9507308 0.3100084 -0.003787577 0.9159948 0.4011722 0.003254115 0.8798557 0.4752299 -0.001809775 0.8540205 0.5202363 -0.00132668 0.810186 0.5861715 -0.5371285 0.7370265 0.4102258 -0.5645217 0.7534148 0.337167 -0.5837206 0.8119359 0.00551474 -0.3139697 0.7437195 -0.5901731 -0.1259766 0.9149319 -0.3834443 -0.03996717 0.9834933 0.1764759 -0.1593987 0.8995588 0.4066769 -0.2181996 0.8046328 -0.5522274 -0.1878272 0.9703341 -0.1522254 -0.1082916 0.9941162 0.002441704 -0.1793639 0.9729816 0.1453809 -0.1985349 0.8955142 0.3982942 -0.2596371 0.818319 -0.5127794 -0.5125843 0.646548 0.5650072 -0.6017651 0.443053 -0.6645169 -0.5971098 0.5056301 -0.6227344 -0.5720054 0.6272746 -0.528523 -0.6048558 0.5685572 -0.5575771 -0.618342 0.6780093 -0.3974376 -0.5731038 0.7559406 -0.3163955 -0.6390187 0.7414379 -0.2047561 -0.6086535 0.7561591 -0.2403425 -0.5743842 0.808156 -0.1302568 -0.6195663 0.7829011 -0.05659878 -0.6089439 0.7863856 0.1038517 -0.5960828 0.7942822 0.1174781 -0.5875483 0.7792807 0.2179648 -0.6062994 0.7470848 0.2725167 -0.6095718 0.6768135 0.4127297 -0.607813 0.6024095 0.5173647 -0.5796408 0.5675608 0.5847148 -0.6023675 0.4653085 0.6485688 -0.5986046 0.4224336 0.6806045 -0.5964074 0.364025 0.7153909 -0.6013197 0.3988452 0.6923418 -0.6038225 0.3057073 0.7361668 -0.5901746 0.2704142 0.7606379 -0.6084111 0.1670372 0.7758445 -0.5885156 0.1342076 0.7972688 -0.5430896 -0.02496433 0.8393037 -0.5970973 0.03507345 0.8014017 -0.5601478 -0.1262746 0.818712 -0.5795932 -0.1033246 0.8083291 -0.6003429 -0.2578504 0.7570347 -0.5919223 -0.2794875 0.7559859 -0.6031143 -0.33402 0.7243506 -0.6025883 -0.4070338 0.6864481 -0.5980736 -0.3773579 0.7070424 -0.5986166 -0.4316169 0.6748075 -0.599276 -0.4663072 0.6507118 -0.6069293 -0.4865928 0.6283823 -0.5899346 -0.5474074 0.5935675 -0.578909 -0.5324588 0.6175372 -0.604165 -0.6499743 0.4609969 -0.5782241 -0.7305305 0.3632934 -0.6136265 -0.7263315 0.3096852 -0.5768008 -0.7764239 0.2539031 -0.596505 -0.7867378 0.1588259 -0.5774034 -0.8146407 0.05446267 -0.6017994 -0.7983008 0.02352815 -0.5976863 -0.7991581 -0.06416869 -0.6093843 -0.7872266 -0.09447222 -0.6114979 -0.7520161 -0.2460534 -0.5693475 -0.8047792 -0.1678518 -0.6004717 -0.7266343 -0.333821 -0.5716251 -0.7142681 -0.4038143 -0.590019 -0.6232224 -0.5132947 -0.6248635 -0.6259574 -0.466608 -0.596189 -0.5562065 -0.5789588 -0.5988618 -0.4799478 -0.6411044 -0.6056469 -0.3808352 -0.6986818 -0.5989519 -0.419147 -0.6823287 -0.595164 -0.2975679 -0.7464807 -0.6011406 0.04718887 -0.7977489 -0.5814703 0.1152151 -0.8053681 -0.6127665 0.1852753 -0.7682384 -0.5935407 0.2267802 -0.7721918 -0.5986249 0.3135712 -0.7371034 -0.5953299 0.3825268 -0.7065803 -0.6006715 0.4396819 -0.6677377 -0.003313362 0.4741001 0.8804647 8.05805e-4 0.5236126 0.8519563 0.002294242 0.5268086 0.8499809 0.001761913 0.5801538 0.8145051 2.8715e-4 0.5755029 0.8177998 -0.4085237 0.7407208 0.5333301 -0.4104176 0.7421353 0.5298987 -0.4732639 0.6953519 0.5408392 -0.1111608 0.8335577 0.5411331 -0.01559013 0.3025161 -0.9530168 0.01420599 0.6059715 -0.7953595 -0.009468972 0.9506545 -0.3101072 0.00905776 0.9970982 -0.07558631 -0.007180035 0.9221674 0.3867246 0.01057809 0.7655844 0.6432487 -0.01367366 0.4305393 0.9024684 0.01485043 -0.03275376 0.9993531 -0.01453125 -0.4609632 0.8873003 0.01719635 -0.8059777 0.5916962 -0.01719063 -0.9998065 0.009565949 0.01252079 -0.9626305 -0.2705289 -0.009179174 -0.501509 -0.8651038 0.01191633 -0.3005757 -0.9536836 0.9808052 0.1194593 -0.1541132 0.8823386 0.3610485 0.3018652 0.8790058 -0.4591898 -0.1284283 0.9733725 -0.06886219 -0.2186412 0.9677566 0.2511292 -0.01953077 -0.02491343 0.692619 -0.7208733 0.02114802 0.9374423 -0.3474979 -0.01882934 0.9670602 0.2538509 0.01149237 0.8219744 0.5694087 -0.01114928 0.1580307 0.9873713 0.003767848 0.2615582 0.9651804 -0.003148138 -0.4399759 0.898004 0.009647428 -0.6456982 0.7635318 0.003675937 -0.7000424 0.714092 -0.01662462 -0.9858829 0.1666092 0.02474886 -0.9750671 -0.2205256 -0.02214109 -0.4848509 -0.8743166 0.02609008 -0.1207073 -0.9923453 0.9677517 0.2067994 0.1438424 0.9615168 0.04369419 0.2712498 0.8952757 -0.2877836 0.3400912 0.9327403 0.3393626 -0.1217733 -0.01814424 0.3373354 -0.9412097 0.01476019 0.8330788 -0.5529574 0.01238542 0.8220886 -0.569225 -0.0120067 0.9963365 0.08467227 0.01365137 0.9287781 0.3703849 -0.01502394 0.4357325 0.8999509 0.009299814 0.2454335 0.9693689 -0.004845559 -0.6225002 0.7826047 0.003873527 -0.5728276 0.8196669 -0.01032501 -0.9710168 0.2387884 0.02031248 -0.9935182 -0.1118445 -0.0262587 -0.7439536 -0.6677152 0.03079992 -0.2283326 -0.9730959 0.8961602 0.4118466 0.1651647 0.8909112 -0.4515604 -0.04868865 0.9776565 -0.04611217 -0.2050894 0.9735271 0.1880719 -0.1298998 -0.01197671 0.2338055 -0.9722096 0.01773321 0.5034481 -0.8638436 -0.01126337 0.865582 -0.5006407 0.0149542 0.9963225 0.08436834 -0.002011716 0.9759815 0.217844 -0.005981445 0.3515687 0.9361429 0.01352387 0.2238457 0.9745309 -0.0108214 -0.586255 0.8100543 0.02479511 -0.8596423 0.5102944 -0.01291579 -0.9866791 0.1621649 0.009374499 -0.6586584 -0.7523837 0.009434342 -0.6589287 -0.7521463 0.8218019 0.1263035 0.555598 0.8107861 -0.384342 -0.4414828 0.8142234 -0.498186 0.2980788 0.8237255 0.5651174 0.04602861 0.8291971 0.2822995 -0.4824305 -0.6114049 -0.3674105 -0.7008521 -0.620458 -0.509562 -0.5961364 -0.5946807 -0.788623 0.1562964 -0.393289 0.2152252 0.8938691 -0.593066 0.5397537 0.5974434 -0.6245359 0.6713703 -0.3990199 -0.603601 0.3234022 -0.7287502 -0.2739658 0.1910389 -0.9425746 -0.5530408 0.06902736 -0.8302897 -0.3607197 0.6092933 -0.7061467 -0.1357526 0.8194877 -0.5567865 -0.4214444 0.4367023 0.7947804 -0.7495208 -0.3243919 0.5770515 -0.2169811 -0.9199548 0.3265002 -0.4070282 -0.765012 -0.4990839 -0.2068727 -0.4342918 -0.8766952 -0.2842149 -0.09231126 -0.9543063 -0.4434373 0.4374926 -0.7822811 -0.4756375 0.6559505 -0.5860871 -0.5498442 0.3106554 0.7753481 -0.2950583 -0.424264 0.8561196 -0.312699 -0.5773931 0.7542126 -0.5035832 -0.605825 0.6159385 -0.2416055 0.4403082 -0.8647286 -0.3561851 -0.738389 0.5726376 -0.09750217 -0.9659526 -0.2396432 -0.4319167 -0.6270625 -0.6482597 -0.2570038 -0.6083375 -0.750916 -0.3539233 -0.4708426 -0.8081125 -0.4944918 -0.2500005 -0.8324528 -0.2225841 0.8333176 -0.506002 -0.09122127 0.9653878 -0.2443462 -0.01872557 0.9883621 -0.1509631 -0.2248083 0.9734476 0.04314118 -0.07510513 0.9829703 0.167716 -0.06896603 0.5696139 0.8190138 -0.06343144 0.4421707 0.8946852 -0.1879807 0.08189344 0.9787527 0.01366704 -0.1840394 -0.9828239 0.02608937 0.2534728 -0.9669907 -0.251626 0.7683318 0.5885156 0.08220303 0.3983314 0.9135507 -0.1032427 -0.2035124 0.9736137 -0.1346124 -0.3273279 0.9352732 -0.07362985 -0.4992604 0.8633179 -0.1839293 -0.9801737 0.07368582 -0.1493718 -0.8637192 -0.4813287 -0.2371509 -0.4118444 -0.8798543 -0.04133641 -0.9840655 -0.1729348 -0.03813451 -0.2427612 0.9693363 -0.1000104 0.2376391 0.9661914 -0.1525588 0.9463616 0.2848258 -0.008767664 0.9221498 0.3867339 -0.0122528 0.5542507 -0.8322597 -0.1210147 0.5864183 -0.8009177 -0.0615983 0.2124612 0.9752261 0.01433467 0.6029516 0.7976491 -0.05939626 0.7244691 0.6867435 -0.06769818 0.8610332 0.5040227 -0.05352103 0.8650406 0.4988391 -0.09118354 0.9653859 -0.2443683 -0.07147514 0.8945391 -0.4412383 0.01941251 0.8385496 -0.5444794 -0.09998041 0.7734168 -0.6259636 0.05037951 0.6991294 -0.7132182 0.02164137 0.397004 -0.9175618 -0.1352705 0.3277135 -0.9350433 -0.09185218 0.1164504 -0.9889402 0.04076075 -0.01407724 -0.9990698 -0.1280108 -0.1092753 -0.9857344 -0.09978419 -0.3753854 -0.921482 0.08066546 -0.5172356 -0.8520331 -0.06873857 -0.5834015 -0.80927 0.05354148 -0.6669483 -0.7431779 -0.09635937 -0.7276018 -0.6791985 0.06476616 -0.7999546 -0.5965551 -0.1006945 -0.8838549 -0.4567945 -0.1067972 -0.9666925 -0.232594 -0.01564353 -0.9998754 -0.002146005 -0.05250847 -0.9760901 0.210929 -0.08088117 -0.9707884 0.2258943 0.06310629 -0.9255187 0.3734071 -0.1367039 -0.8644784 0.4837244 0.09535658 -0.8134241 0.5738019 -0.1052118 -0.7169297 0.6891607 0.0736193 -0.6249975 0.7771477 -0.116592 -0.5111003 0.8515767 -0.04132843 -0.1683131 0.9848669 -0.09340929 0.02935111 0.9951951 -1 -3.70163e-5 3.5503e-5 -1 -6.8021e-5 -2.97332e-5 -1 -6.02826e-5 -3.55182e-5 -1 -4.52539e-5 -4.61507e-6 -1 1.86992e-5 -2.84104e-5 -1 7.92869e-7 0 -1 -1.04205e-6 0 -1 -8.40128e-7 0 -1 7.92042e-7 0 -1 3.15279e-6 2.46737e-5 -1 -7.54164e-6 2.19976e-5 -1 -4.07319e-5 1.5049e-4 -1 6.06488e-6 9.79444e-6 -1 2.45133e-4 4.76176e-6 -1 1.55637e-4 1.59009e-4 -1 -1.01822e-4 1.60475e-4 -1 -1.60446e-5 7.71842e-6 -1 8.77062e-6 1.52197e-5 -1 -2.00186e-6 2.32643e-5 -1 -1.8376e-5 1.78275e-5 -1 5.98124e-7 0 -1 1.5754e-4 1.10738e-4 -1 -1.71683e-5 -3.7745e-5 -1 3.55776e-7 0 -1 1.52137e-6 0 -1 5.41019e-6 -1.68551e-5 -1 1.65509e-5 -8.66029e-6 -1 -3.30327e-5 -2.28721e-5 -1 -1.09042e-5 -4.34491e-5 -1 -8.93628e-6 -1.08303e-5 -1 2.73e-5 -5.96097e-6 -1 2.98888e-5 -7.3312e-6 -1 3.26886e-5 1.20703e-5 -1 -4.0771e-7 0 -1 5.20079e-7 0 -1 2.68664e-4 -1.09981e-4 -1 2.4955e-4 2.05063e-5 -1 9.48391e-5 1.31187e-4 0.4293757 -0.1252322 0.8944011 -0.42425 -0.2554865 0.868757 0.1799164 -0.3448475 0.9212548 -0.1119259 -0.5109732 0.8522788 0.1531164 -0.5316405 0.8330149 -0.2234421 -0.6732636 0.7048333 0.229135 -0.7058588 0.670269 -0.1264697 -0.8478392 0.5149507 -0.0646848 -0.8506486 0.5217404 -0.2737649 -0.9191392 0.2832597 0.6058871 -0.77768 0.1676744 -0.440263 -0.897826 0.008790373 0.3704529 -0.9241068 -0.09376251 -0.3845803 -0.897555 -0.2156226 0.4494367 -0.8181492 -0.3586624 -0.1771672 -0.8767511 -0.4471234 -0.01560562 -0.7473489 -0.6642485 0.02232986 -0.7455318 -0.6660959 0.2067566 -0.5324093 -0.8208484 -0.4861267 -0.4327934 -0.7591909 0.5407977 -0.2233563 -0.8109562 -0.4712992 -0.1363738 -0.8713663 0.4367697 -3.2903e-4 -0.8995733 -0.4837481 0.1465582 -0.8628491 0.2550346 0.2455108 -0.9352443 -0.293577 0.3955843 -0.8702447 0.4763677 0.4485595 -0.7562196 -0.2485599 0.5779297 -0.7773128 0.149904 0.7122497 -0.6857327 -0.4646779 0.6895495 -0.5555143 0.4834701 0.7435529 -0.461937 -0.5582402 0.7902098 -0.2528564 0.5461002 0.8189021 -0.1765612 -0.3411327 0.9399976 0.005751967 0.23769 0.9680863 0.07945185 -0.2487173 0.9417808 0.2262489 0.2532256 0.9239659 0.2866426 -0.2961581 0.8485495 0.4384682 0.2795188 0.8264544 0.4887152 -0.2294729 0.6880809 0.6883945 -0.09038084 0.6963506 0.7119882 0.07671689 0.5097472 0.856897 0.3237536 0.4629177 0.8251611 -0.3968784 0.3183814 0.8608838 0.5093484 0.1345956 0.8499696 -0.4957864 0.0587489 0.8664551 1 -1.28955e-7 0 1 1.76181e-6 5.19275e-6 1 2.99468e-6 -1.13502e-5 1 -7.02177e-6 2.56503e-6 1 -6.91228e-6 1.12983e-6 1 -3.60772e-7 0 1 0 8.5547e-6 1 6.22038e-6 -1.01887e-5 1 1.98141e-6 -8.51194e-6 1 -9.79764e-6 -6.65596e-7 1 6.74039e-7 0 1 -3.3151e-6 4.60603e-6 1 4.88092e-6 2.34016e-6 1 3.88402e-6 -4.13182e-6 1 1.21575e-7 0 1 7.13849e-6 3.95993e-6 1 -5.45617e-6 -5.2395e-6 1 3.06078e-7 0 1 -5.7551e-7 0 1 2.77267e-6 -6.45463e-6 1 -7.2501e-6 -1.35344e-6 1 -1.47597e-6 0 1 -1.97831e-6 -6.63325e-6 1 2.01416e-6 0 1 -9.05116e-7 4.69013e-6 1 -4.67469e-6 1.69068e-6 1 5.2543e-6 -1.38222e-6 1 1.41723e-7 0 1 8.16566e-7 0 1 -1.11038e-6 0 1 -2.02216e-6 0 1 -1.58538e-6 0 1 4.43415e-7 0 1 -1.93826e-6 -4.94647e-6 1 6.63817e-6 -2.99785e-6 1 5.59933e-6 -4.04305e-6 1 5.44451e-6 2.60004e-6 1 1.00901e-6 0 1 0 4.81977e-6 1 2.02217e-6 0 1 6.32431e-6 0 1 5.27381e-6 -3.63125e-6 1 0 4.01595e-6 0.4768753 -0.0845068 0.8748993 0.4460391 -0.1095979 0.8882778 0.4339348 -0.2220932 0.873141 0.5019204 -0.2478891 0.8286296 0.3693788 -0.389374 0.8437697 0.5300046 -0.4609371 0.7117811 0.3849369 -0.5532286 0.7387569 0.3912978 -0.6712083 0.6295756 0.4933472 -0.6626108 0.5635208 0.3989574 -0.7748168 0.4903998 0.5080467 -0.7618212 0.4018919 0.4033206 -0.8575147 0.3193759 0.4815777 -0.8404287 0.2485209 0.4200481 -0.885056 0.2005879 0.4338418 -0.8928573 0.1207782 0.5031752 -0.8618416 0.06359201 0.4565154 -0.8890405 0.03465348 0.4214177 -0.9065756 -0.02297556 0.4214762 -0.9028962 -0.08447736 0.5019989 -0.8526974 -0.1445834 0.4214394 -0.8832567 -0.2055398 0.4423245 -0.8267183 -0.3476866 0.4660665 -0.819269 -0.3340365 0.4547869 -0.7250894 -0.5171211 0.4403373 -0.7279586 -0.5255279 0.4256259 -0.632476 -0.6471605 0.4760462 -0.5890899 -0.6529572 0.3830936 -0.5495083 -0.7424823 0.5009804 -0.4373561 -0.7468188 0.4034399 -0.3973357 -0.8242334 0.4986168 -0.2553609 -0.8283551 0.4516976 -0.2907437 -0.8434675 0.424229 -0.2007741 -0.8830173 0.4814977 -0.08162295 -0.8726384 0.4343441 -0.1202242 -0.8926878 0.4317507 -0.03224098 -0.9014166 0.4298198 0.022888 -0.9026246 0.465416 0.0843566 -0.881063 0.4790887 0.09109181 -0.8730272 0.4046223 0.2208502 -0.8874155 0.4915552 0.2615264 -0.8306489 0.4110466 0.3823171 -0.8275714 0.5052622 0.4130067 -0.7577174 0.3723099 0.5407274 -0.7543205 0.487369 0.5971339 -0.6371048 0.3975057 0.6633709 -0.6339782 0.4982445 0.7010192 -0.51022 0.4002569 0.7824832 -0.4769849 0.4967517 0.7911297 -0.3568634 0.4291299 0.8376263 -0.3379787 0.4290586 0.8778019 -0.2130085 0.491318 0.8550298 -0.1659237 0.4278081 0.8963906 -0.1160356 0.4287869 0.9027203 -0.03518486 0.4849621 0.8742546 0.0221526 0.4759458 0.8793209 0.01644057 0.4362171 0.8965922 0.07640093 0.452419 0.8756895 0.1687753 0.45651 0.874058 0.1661968 0.480786 0.8167979 0.3188828 0.3994962 0.8718363 0.2833805 0.4163229 0.8036829 0.4251692 0.4911938 0.7421551 0.4559984 0.3872016 0.7330077 0.5592627 0.5048866 0.6152663 0.6054229 0.4231629 0.6125487 0.6676206 0.416618 0.5120366 0.7511644 0.5062545 0.4513874 0.7348169 0.4150102 0.3463461 0.8413151 0.4883468 0.2910426 0.8226857 0.4032371 0.2172691 0.8889287 0.4938124 0.09418654 0.8644526 0.4622095 0.1141865 0.8793883 0.4295367 -0.02877306 0.902591 0.4317517 0.03222984 0.9014165 1 1.29552e-5 9.9971e-6 1 1.87906e-5 -4.18306e-5 1 4.63054e-5 -5.70019e-5 1 7.89413e-5 -1.85873e-5 1 1.12297e-5 -5.01408e-5 1 2.95207e-4 0 1 -6.15103e-5 -1.89841e-6 1 -1.0077e-6 0 1 0 0 1 -4.84677e-6 -3.38948e-6 1 -2.62133e-6 -5.22933e-6 1 1.49836e-7 0 1 -3.92101e-7 0 -0.009403169 0.158316 -0.9873437 0.009700119 0.2220486 -0.9749875 -0.003306806 0.6173545 -0.7866781 -0.01207172 0.6338989 -0.7733218 0.01789391 0.8605106 -0.5091183 -0.02814131 0.9192197 -0.3927384 0.001876115 0.9999966 -0.001857221 0 1 -2.10431e-4 0 7.87295e-5 -1 8.34537e-5 0 -1 1 -2.80772e-7 0 1 -1.60616e-5 9.18406e-5 1 4.4185e-5 -3.2533e-5 1 1.07556e-6 0 1 -1.83205e-6 0 1 -5.8623e-7 0 1 1.19345e-6 0 -0.03842568 0.9770243 -0.2096353 0.04036432 0.9375441 -0.3455171 -0.03645622 0.8226575 -0.5673673 0.0432105 0.7321584 -0.6797624 -0.0369724 0.5835072 -0.8112659 0.04841065 0.3921347 -0.9186332 -0.03100758 0.2697691 -0.9624257 -0.01769047 0.08190733 -0.9964829 0.008382022 -0.01955634 -0.9997736 0.008105635 0.01891285 -0.9997883 0 -1 -7.68818e-5 -5.90471e-5 -1 -1.32763e-4 0.002289414 -0.9709385 -0.2393185 -0.006622731 -0.9643189 -0.2646608 0.008362889 -0.7505104 -0.6608059 -0.005401194 -0.7321043 -0.6811713 -0.02357184 -0.330851 -0.9433886 0.009063363 -0.2463325 -0.969143 1 8.14085e-7 0 1 7.25178e-7 0 1 6.79728e-5 1.68754e-5 1 -2.4301e-4 -1.63602e-4 1 1.11213e-6 0 1 -1.12078e-5 -3.30122e-6 1 2.39728e-5 -2.14938e-6 0.9999967 0.001124441 -0.002301514 0.9999966 -0.001844525 -0.001898288 0.9999985 -5.5003e-4 0.001662075 1 -9.69897e-5 1.97573e-7 1 0 -3.42928e-4 1 -1.80405e-6 5.9236e-5 1 7.43223e-7 0 1 -9.46569e-7 0 1 9.93902e-7 0 -3.00294e-5 -1.44706e-4 -1 0 -1.72163e-4 -1 -0.03291559 -0.1366206 -0.9900765 0.04361355 -0.3264647 -0.9442028 -0.0505461 -0.520775 -0.8521964 0.04794138 -0.6608573 -0.7489788 -0.04298883 -0.8172168 -0.574725 0.04686737 -0.9049373 -0.4229563 -0.03313148 -0.9646269 -0.2615292 -0.002735376 -0.9977262 -0.06734359 1 2.57964e-5 -8.49421e-6 1 -4.50271e-4 0 1 3.31531e-5 2.45195e-5 0.9999974 -1.84955e-4 0.002291381 1 -1.70437e-5 3.45157e-4 1 2.991e-5 -1.43999e-5 1 -6.64572e-5 2.5009e-5 1 7.02805e-6 0 0.9999962 -1.2973e-4 0.002770841 0.9999998 3.25767e-5 6.92997e-4 1 6.11396e-5 4.50235e-4 1 -9.07674e-6 3.3948e-4 0.9996806 0.01292657 -0.02172183 0.9999985 -4.90901e-4 0.001697421 0.9998027 0.001955032 -0.01976954 0.9999864 0.003055155 -0.004230737 0.9998684 0.01531672 0.005365848 1 2.45588e-4 8.66845e-5 1 -2.4752e-4 1.7053e-4 0.9999954 -0.001530706 -0.00263673 0.001125276 0.7634993 -0.6458078 -0.003791332 0.7498629 -0.6615825 6.1204e-5 0.5516518 -0.8340745 0.001806437 0.1181418 -0.9929951 1.71334e-4 0.02512633 -0.9996843 1.62297e-4 0.03469556 -0.999398 -1.62573e-4 0.03489685 -0.999391 -0.006893396 0.2280023 -0.9736363 0.02706336 0.6651637 -0.746207 0.263527 0.07417422 -0.9617961 0.3737421 0.06575345 -0.9251992 0.01344263 0.3453193 -0.938389 0.2677618 0.1467679 -0.952241 0.1050311 0.02088809 -0.9942496 0.1623398 0.2798278 -0.9462253 0.19505 0.4487806 -0.8720961 0.1956781 0.0602113 -0.978818 0.24335 0.2979302 -0.9230484 0.3703454 0.03539812 -0.9282195 0.3600276 0.0358811 -0.9322514 0.273522 0.03600782 -0.9611916 0.1947538 0.03600543 -0.9801912 0.1888316 0.03579598 -0.9813569 0.2643038 0.03566753 -0.9637798 0.1029072 0.03570944 -0.9940498 0.09957432 0.03557562 -0.994394 0.005924165 0.03521513 -0.9993622 0.02596378 0.03489804 -0.9990537 1.6036e-4 -0.03475809 -0.9993958 7.44623e-5 -0.0348972 -0.999391 -3.31757e-4 -0.03448516 -0.9994052 -1.62573e-4 -0.03484833 -0.9993926 -0.001312315 -0.17649 -0.9843016 0.002206623 -0.1018705 -0.9947953 0.001812517 -0.2747394 -0.9615171 -0.002219974 -0.3418208 -0.9397627 0.003664791 -0.4574057 -0.8892506 -0.002961575 -0.6040208 -0.7969631 -5.88226e-4 -0.5042933 -0.8635323 -0.003911495 -0.7582469 -0.6519558 0.0055027 -0.6602386 -0.7510359 0.001712143 -0.7787103 -0.6273813 0.129638 -0.1710118 -0.9767031 0.4231255 -0.06204742 -0.9039442 0.1407129 -0.3485708 -0.9266598 0.003922939 -0.7453964 -0.6666099 -0.06761157 -0.1179262 -0.9907181 0.07776802 -0.1689475 -0.9825523 0.06219613 -0.3706007 -0.9267076 0.2244512 -0.4449858 -0.8669542 0.1872189 -0.4547675 -0.8707099 0.0185166 -0.5708459 -0.8208484 0.1232659 -0.6085579 -0.7838767 0.05350095 -0.6661893 -0.7438611 0.2929177 -0.07042992 -0.9535402 0.2130225 -0.144744 -0.9662663 0.3181195 -0.1458021 -0.9367721 0.293221 0.07261878 -0.9532828 0.2964404 -0.06535893 -0.9528123 0.01612359 -0.0348953 -0.9992609 0.02596265 -0.03509455 -0.9990468 0.02335631 -0.03502339 -0.9991136 0.0107389 -0.03457152 -0.9993446 0.07819867 -0.03523761 -0.9963149 0.1029012 -0.03578859 -0.9940477 0.1319953 -0.03538322 -0.9906187 0.1888341 -0.03589159 -0.9813529 0.2735217 -0.03596812 -0.9611931 0.2152232 -0.03514319 -0.9759324 -0.7727071 -0.04373025 -0.6332547 0.360487 -0.03591144 -0.9320728 0.2967562 -0.03541362 -0.9542965 0.4476235 0.03632712 -0.8934839 0.4408982 0.0349844 -0.896875 0.4569417 0.04588103 -0.8883126 0.4307282 0.03464627 -0.9018164 0.4168887 0.03515154 -0.9082776 0.3956759 0.03472495 -0.9177336 0.3767699 0.03517121 -0.9256389 0.3681558 0.03489685 -0.929109 0.3432473 0.03489625 -0.9385967 0.3358502 0.03518378 -0.9412581 0.3088517 0.03476023 -0.9504749 0.2943295 0.03517532 -0.9550564 0.2205857 0.03495728 -0.974741 0.2361256 0.03481543 -0.9710987 0.2522101 0.03516924 -0.9670332 0.2610538 0.03489559 -0.9646934 0.2832278 0.03489661 -0.9584177 0.5049632 0.04281592 -0.8620783 0.4956492 0.0428732 -0.867464 0.6725469 0.0444383 -0.7387191 0.8112739 0.04706662 -0.5827689 0.8388373 0.04613065 -0.5424242 0.9405338 0.04454213 -0.3367676 0.9257792 0.04607462 -0.3752467 0.8307807 0.04793602 -0.5545321 0.8107416 0.04868489 -0.5833765 0.6860111 0.04930663 -0.7259185 0.6860113 0.04930669 -0.7259184 0.5406149 0.04820996 -0.8398877 0.5408594 0.04820895 -0.8397305 0.3707081 0.04533767 -0.9276422 0.3769336 0.04537606 -0.9251282 0.2006057 0.04139184 -0.9787973 0.1297956 0.0385977 -0.9907892 0.05458551 0.03675115 -0.9978325 3.24963e-4 -0.9999985 0.001719236 1.87506e-4 -1 3.58412e-4 1.56958e-4 -0.9999994 0.001107752 -3.01449e-4 -0.9999999 3.97887e-4 -0.008627295 -0.999934 0.007599949 2.32889e-4 -0.999997 0.002455174 4.7569e-5 -1 -2.01122e-4 5.76481e-5 -0.9999993 0.00118786 2.84958e-5 -1 -4.01748e-4 3.18921e-7 -1 1.03873e-4 -8.54695e-5 -0.9999999 4.6424e-4 -6.44039e-5 -1 6.37381e-6 -3.4861e-5 -1 -5.23155e-5 -1.58236e-5 -1 1.16194e-4 7.59532e-6 -1 2.994e-6 0 -1 0 0 -1 0 0 -1 0 5.4769e-6 -1 -1.58356e-5 0.002250611 -0.999994 0.002657294 -9.64626e-5 -0.9999992 -0.001294374 -4.01415e-4 -0.9999985 -0.001730084 -8.14176e-6 -1 -7.41231e-6 0 -1 0 0 -1 0 -3.64795e-5 -1 -5.63113e-5 -0.002686202 -0.9999877 -0.004196763 -0.001035511 -0.9999964 -0.002503514 -0.008645892 -0.9999191 -0.009344518 -0.07514649 0.03742218 -0.9964701 -0.05457848 0.03655111 -0.9978403 -0.225871 0.042131 -0.9732457 -0.2005605 0.04111701 -0.9788182 -0.3769684 0.04552477 -0.9251067 -0.381857 0.0455656 -0.9230975 -0.5384783 0.04818218 -0.8412607 -0.5409366 0.04824537 -0.8396785 -0.6783131 0.04924696 -0.7331209 -0.6860436 0.04938167 -0.7258827 -0.8065973 0.04865229 -0.5890958 -0.8079986 0.04866963 -0.5871708 -0.9103769 0.04668706 -0.4111378 -0.9421246 0.04407811 -0.3323532 -0.7860211 0.04614323 -0.6164752 -0.9016386 0.04539316 -0.4301016 -0.9097728 0.04490792 -0.4126703 -0.6431011 0.04527467 -0.7644417 -0.7450515 0.04514211 -0.6654776 -0.4661481 0.04140257 -0.8837375 -0.4732419 0.04140341 -0.879959 -2.40568e-5 0.03490251 -0.9993908 0 0.03489738 -0.9993909 -1.66104e-5 0.03489345 -0.9993911 2.48617e-5 0.03490138 -0.9993908 4.11977e-6 0.03489816 -0.999391 4.45642e-5 0.03490394 -0.9993907 -1.1845e-5 0.03489971 -0.9993909 0 0.03490108 -0.9993909 -1.19286e-5 0.03489887 -0.9993909 0 0.03489726 -0.999391 -1 3.91871e-5 0 -1 3.663e-5 -7.59969e-6 -9.61106e-7 0 -1 8.77253e-7 0 -1 -7.63781e-5 -9.81586e-4 -0.9999995 0.9001864 0.4336568 -0.0400781 0.8401634 0.5405102 0.04443216 0.4467071 0.8942238 0.02857822 0.3704215 0.9285945 -0.0223658 -0.03534114 0.9991101 0.02302765 -0.2388097 0.969765 -0.05025798 -0.5849914 0.807598 0.07463628 -0.8316141 0.5534753 -0.04564207 -0.9103548 0.4122559 0.03604781 1 8.14501e-6 2.47096e-4 1 9.79166e-5 0 1 -3.15768e-4 0 1 -2.45145e-6 1.00963e-5 1 6.69123e-5 1.88816e-6 1 -2.27547e-6 0 1 0 9.94316e-6 1 -1.7393e-5 4.92057e-6 1 4.04459e-6 5.37942e-6 1 7.61943e-6 -9.84677e-6 1 -5.29291e-6 -1.48344e-5 1 -3.93777e-7 0 1 1.61576e-7 0 -0.03172236 -0.2704312 0.9622166 0.04586762 -0.5167781 0.8548898 -0.03033065 -0.7194968 0.6938332 0.02554506 -0.8944166 0.4465047 -0.01728338 -0.9482886 0.3169388 0.001113414 -0.9999988 0.001168131 0 -1 1.63923e-4 0 -3.91271e-4 1 3.06182e-4 -1.33722e-4 1 1 -1.33969e-7 0 1 -1.03088e-6 0 1 5.59301e-5 -3.1151e-4 1 1.28245e-6 0 -0.06054759 -0.9769283 0.2048049 0.03856635 -0.9376121 0.3455378 -0.02673321 -0.7614709 0.6476477 -0.01417303 -0.7524429 0.658505 0.02307021 -0.4686286 0.883094 0.02071392 -0.4663386 0.8843638 -0.04176747 -0.240602 0.9697248 -0.004234552 -0.08191949 0.99663 0 -1 0 0.008722484 -0.9997555 0.02032232 0 -1 0 -1.86265e-7 -1 0 0.01416218 -0.9993536 -0.03304517 0 -1 0 0 -1 -3.65808e-7 0 -1 0 0 -1 1.92368e-6 0 -1 0 -2.23014e-5 -1 0 0 -1 -5.77509e-7 0 -1 0 1.71818e-5 -1 -1.36866e-5 -1.31811e-6 -1 0 0 -1 1.96103e-6 0 -1 -6.58977e-7 0 -1 -1.16946e-6 0 -1 0 0 -1 8.09818e-7 0 -1 0 0 -1 -3.36323e-7 0 -1 2.31077e-6 0 -1 0 0 -1 -1.45683e-6 0 -1 0 9.69898e-7 -1 -1.95449e-6 0 -1 -2.00865e-6 0 -1 1.89955e-7 0 -1 0 0 -1 1.22656e-6 0 -1 -2.18782e-7 0 -1 -1.6812e-6 0 -1 -2.82386e-7 1.08677e-6 -1 2.9135e-6 0 -1 -2.02871e-6 0 -1 0 0 -1 -6.15763e-7 0 -1 0 0 -1 -4.86323e-7 0 -1 0 0 -1 0 0 -1 -6.62364e-7 0 -1 -1.7452e-7 0 -1 -1.08455e-6 0 -1 7.43455e-7 0 -1 -2.09393e-6 0 -1 1.16032e-6 3.59969e-7 -1 0 0 -1 0 0 -1 -5.43741e-6 0 -1 0 0 -1 0 0 -1 -1.7486e-6 1.37596e-6 -1 2.09761e-6 0 -1 6.89611e-7 2.15236e-7 -1 0 0 -1 -2.09095e-7 0 -1 0 0 -1 2.34346e-7 0 -1 3.02524e-6 0 -1 -2.40167e-6 0 -1 0 0 -1 -1.6107e-6 0 -1 0 0 -1 0 0 -1 8.5963e-6 0 -1 -1.94744e-6 0 -1 0 0 -1 2.66098e-6 0 -1 0 0 -1 2.58243e-6 0 -1 1.28731e-5 0 -1 0 8.18532e-7 -1 0 0 -1 5.73774e-6 0 -1 1.9074e-5 0 -1 -8.66608e-7 0 -1 0 0 -1 0 0 -1 2.76343e-6 1.75012e-7 -1 -3.75183e-6 1.93496e-7 -1 0 9.05222e-7 -1 0 2.41199e-7 -1 -5.84251e-6 2.72613e-7 -1 0 3.11311e-7 -1 0 4.22677e-7 -1 -2.58244e-6 5.06028e-7 -1 1.28732e-5 6.2079e-7 -1 -8.2511e-6 7.86876e-7 -1 0 1.04268e-6 -1 3.83332e-6 1.47273e-6 -1 0 -5.93839e-6 -1 -4.77473e-5 0 -1 5.72115e-5 0 -1 0 4.0819e-5 -1 9.05988e-5 0 -1 6.72592e-7 0 -1 1.6114e-6 0.01177251 -0.4893634 0.8720005 0.04047906 -0.876845 0.4790661 0.1785253 -0.3366707 0.924544 0.1846512 -0.3414182 0.9215951 -0.004068434 -0.3702111 0.9289388 -0.009590089 -0.3493032 0.9369608 0.1533273 -0.04532742 0.9871354 -0.08010351 -0.1041702 0.9913285 0.07385176 -0.6394075 0.765313 0.2265245 -0.2379275 0.9444984 0.004961967 -0.7502185 0.6611714 -0.003382563 -0.7218111 0.6920819 0.002692341 -0.6288428 0.7775279 -0.002613246 -0.1516182 0.9884357 0.002108216 -0.1147202 0.9933957 5.2152e-4 -0.03918367 0.9992319 0.003755569 -0.06339627 0.9979814 -0.001675665 -0.2759042 0.9611837 0.001645863 -0.3605619 0.9327339 -0.002838075 -0.5717779 0.8204036 0.003202617 -0.6780648 0.7349952 -0.002196967 -0.8287464 0.5596201 6.46353e-4 -0.8629539 0.5052825 -5.15131e-4 -0.9614247 0.2750678 -2.80091e-5 -0.9638584 0.2664151 0.1548478 -0.4961392 0.8543232 0.3070257 -0.1068457 0.9456846 0.220198 -0.4712079 0.8540936 0.1345022 -0.947227 0.2909818 -6.49265e-4 -0.7693325 0.6388483 0.002506971 -0.6735532 0.7391345 -5.60183e-5 -0.3914177 0.9202131 0.001354813 -0.24996 0.9682552 0.02234345 -0.5565702 0.8305001 0.2217223 -0.949802 0.2207161 -0.03489577 -0.5762536 0.8165257 0.1824853 -0.0516076 0.9818533 -1.21013e-4 -0.03472888 0.9993969 -0.002690374 -0.03832161 0.9992619 -1.73978e-5 -0.03482252 0.9993936 5.02702e-6 -0.03487324 0.9993917 -4.39822e-6 -0.0349164 0.9993903 -5.80557e-6 -0.03489077 0.9993912 9.74183e-7 -0.03490656 0.9993907 -1.71668e-6 -0.03490245 0.9993908 1.185e-5 -0.03488171 0.9993915 0.1765129 -0.4403328 0.8803126 -0.03219366 -0.6545352 -0.7553458 -0.6301879 -0.7683919 -0.1115224 -0.4853115 -0.4704045 0.737016 -0.850175 -0.2075995 -0.4838441 -0.8365539 0.1772211 0.5184308 -0.9719114 0.1397703 -0.1893482 -0.2697233 0.2669555 -0.9251942 -0.04091334 0.1391043 0.9894323 -0.03490984 0.9822624 -0.1842337 0.2589998 0.536085 -0.8034502 0.288959 0.5457104 -0.7865767 0.7257785 0.4272479 0.5391705 0.9535011 0.2939454 -0.06657296 0.9628189 -0.1952834 -0.1866655 0.9445055 -0.3127857 0.1003726 0.6860023 -0.6227303 -0.3763082 0.09103703 -0.04657107 0.994758 -1.69534e-5 0.03486198 0.9993922 1.48622e-5 0.03490245 0.9993908 0.07918769 0.03518003 0.9962388 0.0898931 0.03555792 0.9953165 0.06306391 -0.007465124 0.9979816 0.03070187 0.6226378 0.7819076 0.1335582 0.8128646 0.5669333 0.08158761 0.03774315 0.9959512 1.46092e-5 0.1295459 0.9915735 1.25651e-4 0.140896 0.9900245 -0.001561105 0.5015934 0.8651022 -2.26012e-4 0.5335725 0.8457543 0.003144741 0.872044 0.4894174 -0.001579344 0.1094532 0.9939907 -7.78809e-4 0.9617789 0.2738263 2.87458e-4 0.9558001 0.2940173 -6.28387e-4 0.2689542 0.9631528 0.004061222 0.3615759 0.9323339 -0.002759873 0.5528967 0.8332453 0.001724362 0.6988475 0.7152687 -0.001683413 0.7507528 0.6605811 -0.001116931 0.8815569 0.4720766 -3.72418e-5 0.8913847 0.4532477 0.23407 0.7659746 0.5987439 0.2423897 0.4730136 0.8470569 0.10181 0.7829173 0.6137388 0.07575017 0.2989298 0.9512639 0.1098439 0.03228121 0.9934245 0.1303935 0.04337185 0.9905132 0.3811911 0.06916236 0.9219056 0.003560483 0.7639665 0.6452462 0.01935762 0.6045358 0.7963429 0.01028519 0.4628878 0.8863572 -0.008160471 0.3478012 0.9375328 0.2289364 0.2216355 0.9478744 0.2037265 0.2963531 0.9330972 0.4394368 0.0353496 0.8975778 0.1981996 0.291191 0.9359085 0.002704203 0.2664672 0.9638403 0.003930509 0.7651723 0.6438136 6.94365e-5 0.03682088 0.9993219 -2.35268e-5 0.03631341 0.9993405 1 0 0 1 2.0067e-4 -2.44009e-5 0.9999949 -2.63562e-4 0.003191828 1 -2.92584e-7 0 1 -2.30386e-4 -1.34262e-4 0.9999748 -0.002734839 0.006558358 0.9999998 1.80887e-4 6.39528e-4 1 -3.13322e-5 0 0.9999995 2.75819e-4 0.00102818 1 -2.99519e-5 1.15852e-4 0.9999846 -0.003713428 0.004121959 1 -1.42435e-7 0 1 5.85294e-7 0 0.999979 -0.003917038 -0.005172669 0.995843 0.03361737 0.08465635 0.9999514 -0.005261898 0.008339285 1 -1.71838e-5 -1.05604e-5 1 1.66915e-5 -1.38848e-5 0.9999988 -3.12201e-4 0.001601338 0.9999812 -0.002864122 0.005433678 0.9999964 4.52103e-4 0.002700328 0.9999965 1.83129e-4 0.002669453 0.9999994 -1.13948e-4 0.001169204 0.9999998 2.03646e-4 5.52491e-4 0.9999995 7.63646e-4 7.52994e-4 0.9999988 9.11269e-4 0.001320004 0.9999811 -3.829e-4 0.006154179 0.9999766 0.003968358 0.005567014 -0.03300952 0.9911876 0.1282873 -0.0245459 0.1052064 0.9941474 -0.01014614 0.345836 0.9382401 -0.01723647 0.339212 0.9405521 0.02352005 0.6604782 0.7504767 -0.02358412 0.7106207 0.70318 0.008676886 0.8845618 0.4663425 0.003053665 0.8875153 0.4607684 0 1 0 0.01701033 0.9990674 0.03968495 1.86265e-7 1 -1.35367e-7 -5.50736e-7 1 0 -3.1044e-7 1 0 2.26286e-6 1 3.22905e-5 0 1 0 0 1 4.83509e-7 0 1 0 -1.70514e-4 0.9999996 9.04203e-4 -1.22196e-4 0.9999999 6.57097e-4 -1.29907e-5 1 0 0 1 0 0 1 -3.81148e-7 0 1 0 -6.2159e-5 0.9999994 -0.001171946 0 1 1.33739e-6 -2.6442e-7 1 0 0 1 0 0 1 -2.97977e-7 0 1 0 0 1 -1.10557e-6 0 1 1.78561e-6 0 1 0 -7.67897e-7 1 -5.70775e-7 0 1 0 0 1 0 0 1 -6.09374e-6 0 1 5.48065e-6 -4.32393e-7 1 0 0 1 1.19767e-6 0 1 -1.175e-6 0 1 0 0 1 -1.40462e-6 0 1 3.44401e-6 0 1 -1.18063e-6 0 1 0 0 1 -1.33919e-6 0 1 1.62544e-6 -1.63252e-7 1 0 0 1 -1.10535e-6 0 1 1.32617e-6 0 1 0 -1.35057e-7 1 0 -1.48187e-7 1 -1.7091e-6 0 1 -2.55966e-6 0 1 5.01747e-6 0 1 0 0 1 0 0 1 -1.74887e-6 0 1 0 0 1 -8.91016e-6 0 1 0 0 1 0 0 1 -5.6403e-5 -7.37055e-7 1 0 -1.89826e-7 1 1.88349e-5 -3.3291e-7 1 -5.65662e-6 -2.96175e-7 1 -3.77776e-6 0 1 2.08956e-5 0 1 -2.0163e-5 0 1 -1.95509e-7 0 1 0 0 1 0 0 1 1.19248e-7 0 1 0 0 1 0 0 1 -1.29751e-6 0 1 3.67185e-6 0 1 -5.21725e-6 0 1 -3.3352e-6 0 1 3.23853e-6 5.73988e-4 0.9999994 -0.001031517 -1.69343e-6 1 -5.65649e-6 -1.18323e-6 1 0 -8.82508e-7 1 0 -6.88807e-7 1 4.06718e-6 -5.55799e-7 1 0 -4.60001e-7 1 0 -3.88356e-7 1 -8.36183e-6 2.35893e-5 1 5.32107e-5 -1.43449e-5 1 -5.64254e-5 -5.07488e-6 1 0 -2.68191e-6 1 0 -3.33115e-7 1 0 -2.89447e-7 1 5.57414e-6 -2.54178e-7 1 -6.39947e-7 -2.25258e-7 1 -3.06634e-6 -2.01092e-7 1 0 -1.8069e-7 1 -1.19693e-6 -6.52682e-6 1 -7.26678e-5 -1.88653e-5 1 6.3757e-5 -1.50097e-5 1 1.64687e-4 9.09696e-7 1 -1.86583e-4 3.89951e-6 1 2.3364e-5 0 1 -6.95841e-6 2.62999e-5 1 4.57698e-5 1.40701e-5 1 2.11262e-5 0 1 -1.29563e-5 0 1 6.6715e-6 0.01090627 0.999734 -0.02032202 9.58949e-5 1 -2.45062e-4 0 1 -1.27919e-7 0 1 0 -2.50735e-5 1 8.71317e-5 -3.04682e-6 1 6.78362e-6 0 1 -3.72718e-6 0 1 1.86463e-5 0 1 -2.98122e-6 0 1 2.0895e-5 0.00161904 0.001571059 0.9999975 0 2.2804e-5 1 1 2.77873e-5 2.53065e-6 1 1.56169e-5 8.36227e-5 1 1.08595e-6 0 1 -3.23001e-5 2.14461e-6 1 1.40288e-4 -2.93156e-7 1 3.4025e-5 4.85305e-5 1 1.23508e-5 4.49271e-5 1 0 3.42942e-4 1 1.82397e-6 -5.96073e-5 1 -4.19907e-7 0 1 5.88432e-7 0 1 -7.71749e-7 0 1 -6.12195e-7 0 1 -6.62506e-5 -1.13736e-5 0.9999998 7.13802e-4 3.36547e-4 1 4.85703e-7 0 0 1 2.16558e-5 -4.84393e-4 0.9999998 4.83621e-4 0.01427745 0.9772362 0.2116737 -0.02422052 0.929475 0.3680891 0.02648079 0.8319597 0.5542039 -0.02277636 0.5270692 0.8495172 0.002683937 0.562402 0.8268597 -0.03544807 0.2117892 0.9766724 2.24237e-6 0 1 -2.24067e-6 0 1 0.01825946 -0.04260528 0.9989252 -6.2702e-7 0 1 -6.21331e-6 0 1 6.14513e-6 0 1 0.006163656 0.01438248 0.9998776 -1.91839e-6 0 1 1.10722e-6 0 1 -1.88164e-6 0 1 -0.003433585 0.001137554 0.9999935 -0.01106035 -3.21722e-4 0.9999388 -0.008735954 0.02179205 0.9997244 0.005616426 0.004050374 0.9999761 0.003726005 0.003611743 0.9999865 0.009053289 0.01441735 0.9998551 0.02372616 -0.003411889 0.9997128 -1.95494e-4 -0.00122267 0.9999992 -0.002975344 -0.001740097 0.9999942 7.34202e-4 -0.002470135 0.9999968 0.001523673 -0.01146298 0.9999332 0.9897675 -0.1392776 -0.03101795 0.946492 -0.3204857 0.03797286 0.7399541 -0.6713851 -0.04135346 0.5588673 -0.8273634 0.05600994 0.04974943 -0.9963999 -0.06864655 -0.1800042 -0.9812734 0.0685656 -0.7591427 -0.6495784 -0.04183578 -0.8411652 -0.5396039 0.0356214 -0.9983598 -0.04887807 -0.02981323 -0.9863058 0.1578038 0.0479471 -0.8686995 0.4937607 -0.03951597 -0.7252667 0.6878603 0.02892291 -0.5710391 0.8207728 -0.01570349 -0.3040902 0.9525355 0.01433789 -0.2550784 0.9669121 -0.004010021 0.1856349 0.9826151 -0.002702057 0.3012152 0.9525051 0.04476195 0.6120676 0.7893484 -0.0479834 0.9103172 0.4102077 0.05524748 0.9349254 0.3542258 0.02094364 -0.2163398 0.2065243 0.9542248 -0.1709631 0.1314897 0.976464 -0.02584618 -0.02430486 0.9993705 0.01868212 0.01823657 0.9996592 0.03477275 0.01769512 0.9992386 0.007637858 -0.05996286 0.9981714 0.01514858 0.02624303 0.9995409 0.02733522 0 0.9996264 -0.009162724 0.01586848 0.9998321 0.01252073 -0.02168738 0.9996865 -0.01557344 -0.02696937 0.999515 -0.0236476 0 0.9997205 -0.05308723 0.03799468 0.9978669 0.02886629 -0.003656864 0.9995767 0.004998087 -0.061176 0.9981145 -2.80055e-6 0 1 1.40025e-6 0 1 -1.40027e-6 0 1 2.8005e-6 0 1 0.5000066 0.8660216 0 0.5000044 0.866023 0 -0.4999979 0.8660266 0 -0.4999979 -0.8660266 0 0.5000044 -0.866023 0 0.5000066 -0.8660216 0 -0.1328822 0.0270766 0.9907619 -0.998074 -0.03237801 0.05291634 -0.8868193 -0.03693312 -0.460638 0.2651053 -0.03582632 0.9635537 0.2957422 -0.02191686 0.9550164 0.271568 -0.0301786 0.961946 0.2342578 -0.03573447 0.9715176 0.2275372 -0.03538435 0.9731264 0.2262343 -0.03493344 0.9734463 0.3158249 -0.03562152 0.9481487 0.270958 -0.03481149 0.9619616 0.2755829 -0.03536427 0.9606267 0.3672614 -0.03199082 0.9295675 0.3150116 -0.03555572 0.9484217 0.3584791 -0.02908152 0.9330847 0.4016017 -0.03532743 0.9151328 0.4335135 -0.03358149 0.9005212 0.4350129 -0.03494793 0.8997457 0.4833562 -0.04635328 -0.8741958 0.4379222 -0.03508108 -0.8983281 0.4428024 -0.03808915 -0.8958098 -0.9130518 -0.03481018 -0.4063553 -0.8949182 -0.03496277 -0.4448584 -0.9315227 -0.03467863 -0.3620262 -0.9144642 -0.03514385 -0.4031381 -0.9477354 -0.03484493 -0.317149 -0.9500576 -0.03583705 -0.3100101 -0.9320993 -0.0348984 -0.3605179 -0.9664059 -0.03380233 -0.2547886 -0.9613256 -0.03565508 -0.2730968 -0.9728702 -0.03625899 -0.2284928 -0.9824224 -0.0348581 -0.1833882 -0.9921005 -0.03340929 -0.1209155 -0.9898251 -0.03520661 -0.1378653 -0.9824854 -0.03480732 -0.1830599 -0.9951008 -0.0360099 -0.09207445 -0.9992756 -0.03134906 -0.02157437 -0.9983312 -0.03481554 -0.04607492 -0.9994335 -0.03365755 0 -0.9983848 -0.03323435 0.04607903 -0.9951162 -0.03557789 0.092076 -0.9906063 -0.03435528 0.1323596 -0.9824194 -0.03494626 0.1833875 -0.9814888 -0.03556799 0.1881876 -0.9898312 -0.03503179 0.1378663 -0.9614018 -0.03336256 0.2731183 -0.9586676 -0.03527432 0.2823332 -0.972914 -0.03499758 0.2285031 -0.972214 -0.03537952 0.2314049 -0.9476615 -0.0370109 0.3171243 -0.9320929 -0.03509032 0.3605155 -0.9144488 -0.03562211 0.4031308 -0.9275947 -0.03307592 0.3721212 -0.8950111 -0.03493881 0.4446735 -0.8798362 -0.0399248 0.4735974 -0.8949195 -0.03491687 0.4448596 -0.1400758 -0.0349217 0.9895249 -0.0920186 -0.03502005 0.9951413 -0.06212419 -0.03489637 0.9974583 -0.09437769 -0.03488564 0.9949251 0.011873 -0.03452581 0.9993333 -0.002259612 -0.03523784 0.9993765 -0.04832077 -0.03487741 0.9982228 -0.0383737 -0.03552985 0.9986317 0.05759173 -0.0346589 0.9977385 0.04383349 -0.03517407 0.9984195 0.08981943 -0.03488487 0.995347 0.1356258 -0.034891 0.9901456 0.1035354 -0.03563928 0.993987 0.1271141 0.01569825 0.991764 0.1356893 -0.03488749 0.990137 0.181183 -0.03494453 0.9828284 0.1827145 -0.03486162 0.9825478 0.217907 -0.03491735 0.9753448 0.2378001 -0.03276038 0.9707615 -0.1406531 -0.03488844 0.9894441 -0.1855136 -0.03488808 0.9820222 -0.1856247 -0.03489452 0.982001 -0.2305034 -0.03488409 0.972446 -0.2306488 -0.03489243 0.9724112 -0.2752737 -0.03488802 0.9607328 -0.2753031 -0.03488957 0.9607242 -0.3193132 -0.03488957 0.9470068 -0.3193132 -0.03488987 0.9470068 -0.3626227 -0.03489774 0.9312825 -0.3627322 -0.03489112 0.93124 -0.4052221 -0.03490459 0.9135518 -0.4054435 -0.03489136 0.913454 -0.4468782 -0.03491002 0.8939135 -0.4471774 -0.0348919 0.8937644 -0.4876268 -0.0349161 0.8723537 -0.4883267 -0.03487265 0.8719639 -0.5273717 -0.03490394 0.8489175 -0.5278972 -0.03487092 0.8485922 -0.565947 -0.03490859 0.8237023 -0.5662239 -0.03489047 0.8235127 -0.6033405 -0.03493332 0.7967184 -0.6039692 -0.03489136 0.7962436 -0.6394268 -0.03494006 0.7680578 -0.6405097 -0.03486514 0.7671583 -0.6741519 -0.03491932 0.7377669 -0.6745486 -0.03489083 0.7374055 -0.7074809 -0.03495067 0.7058678 -0.708248 -0.03489321 0.7051009 -0.7392636 -0.03495824 0.6725082 -0.7401202 -0.03489112 0.6715689 -0.7695125 -0.0349614 0.637674 -0.7703697 -0.03489071 0.6366423 -0.798097 -0.03496682 0.6015136 -0.7994279 -0.03485053 0.5997504 -0.8249823 -0.03493249 0.564078 -0.8254439 -0.03488963 0.563405 -0.8501106 -0.03497856 0.5254413 -0.8514608 -0.03484427 0.5232594 -0.8734374 -0.0349369 0.4856817 -0.874361 -0.03483796 0.4840241 -0.8939115 -0.03476285 -0.4468935 -0.8734359 -0.03498548 -0.4856808 -0.8713325 -0.03477209 -0.4894595 -0.8501102 -0.03498822 -0.5254413 -0.8477741 -0.03477001 -0.5292165 -0.8249806 -0.03499078 -0.5640768 -0.8236519 -0.03487557 -0.5660224 -0.7980931 -0.03510159 -0.6015109 -0.7940991 -0.03477573 -0.6067926 -0.7695119 -0.03499406 -0.637673 -0.7664484 -0.03476011 -0.6413648 -0.7392627 -0.03499549 -0.6725072 -0.7375615 -0.03487259 -0.6743789 -0.7074774 -0.0351122 -0.7058632 -0.7024784 -0.03476679 -0.7108554 -0.674159 -0.03499799 -0.7377567 -0.6703744 -0.03475046 -0.7412089 -0.639416 -0.03500014 -0.768064 -0.6354051 -0.03474861 -0.7713968 -0.6033391 -0.0350027 -0.7967162 -0.5990543 -0.03474438 -0.7999544 -0.5659518 -0.03500324 -0.823695 -0.5635935 -0.03486609 -0.8253162 -0.527359 -0.03512793 -0.8489161 -0.5230159 -0.03488087 -0.8516089 -0.4876214 -0.03513139 -0.8723482 -0.4807413 -0.03475147 -0.8761737 -0.4468761 -0.03500795 -0.8939107 -0.4441382 -0.03486263 -0.8952798 -0.4052182 -0.03513967 -0.9135444 -0.4002064 -0.03487676 -0.9157612 -0.3626169 -0.03514027 -0.9312756 -0.357493 -0.03487706 -0.9332644 -0.3193106 -0.03514605 -0.9469982 -0.2698915 -0.03489387 -0.9622583 -0.2752636 -0.03515404 -0.9607259 -0.3133249 -0.03484469 -0.9490065 -0.2396424 -0.03489583 -0.970234 -0.2306836 -0.03521358 -0.9723915 0.226231 -0.03520172 -0.9734374 0.2137941 -0.03489863 -0.9762552 0.1811813 -0.03489124 -0.9828306 0.1811551 -0.03488934 -0.9828355 0.1356255 -0.0348894 -0.9901458 0.1356333 -0.03488999 -0.9901446 0.08982032 -0.03488999 -0.9953467 0.08984392 -0.0348913 -0.9953446 0.04383248 -0.0348913 -0.9984295 0.04381066 -0.03488993 -0.9984305 -0.002259969 -0.03488993 -0.9993886 -0.002228856 -0.0348916 -0.9993886 -0.04831761 -0.03489172 -0.9982224 -0.04836851 -0.03488886 -0.9982201 -0.09437727 -0.0348888 -0.994925 -0.0943343 -0.03489094 -0.9949291 -0.1401097 -0.03489094 -0.9895212 -0.1401306 -0.03488987 -0.9895182 -0.1855942 -0.03488987 -0.9820069 -0.1855722 -0.03489112 -0.9820111 -0.2149507 -0.03489959 -0.9760012 0.2361412 -0.03489482 -0.971092 0.2610468 -0.034895 -0.9646952 0.2709557 -0.03520262 -0.9619479 0.2832278 -0.03489613 -0.9584177 0.3083999 -0.03489357 -0.9506166 0.3150164 -0.03518748 -0.9484338 0.3437619 -0.03482282 -0.9384109 0.3584084 -0.03520524 -0.9329009 0.3681558 -0.03489655 -0.929109 0.3952273 -0.0348944 -0.9179205 0.4010629 -0.03515088 -0.9153758 0.4307901 -0.03469431 -0.9017851 -0.867121 -0.09645724 -0.4886689 -0.7021884 -0.1859756 -0.6872733 -0.2092074 -0.06662732 -0.9755989 -0.4447681 -0.1766874 -0.878045 -0.6673167 0.1445764 0.7306066 -0.3162524 -0.3219372 0.8923795 -0.4185212 0.7329625 0.5362891 -0.3220147 -0.5125962 0.7959597 -0.2819331 -0.9359629 0.2109202 -0.8178086 -0.5669031 0.09904474 -0.5798594 -0.8103818 0.08393168 -0.8198629 -0.5725253 -0.006313383 -0.9571455 0.1093668 0.268163 -0.9602302 0.07958203 0.2676278 -0.8176517 -0.5756247 -0.01009494 -0.9984213 -0.02339035 0.05106717 -0.9574272 -0.2873234 -0.02790105 -0.7377647 -0.4785792 0.4760936 -0.8210884 -0.4833456 -0.3036299 -0.9438967 -0.2561096 -0.2084875 -0.9204905 -0.3665494 -0.1354206 -0.9711987 0.07725089 -0.2254008 -0.7814841 -0.6239172 0.003175318 -0.9993252 -0.03673255 -1.2034e-4 -0.6309807 -0.7752447 -0.02931249 -0.1023277 -0.7399135 -0.6648738 -0.5614914 -0.5104523 -0.6512802 -0.8949435 -0.4039165 -0.1895463 -0.9899399 -0.0978592 -0.1021892 -0.4923828 -0.7863913 -0.3730254 -0.9993906 -0.03490877 2.68562e-5 -0.9993592 -0.03579437 -1.49068e-4 -0.9993909 -0.03490173 -1.5396e-6 -0.9993909 -0.03490012 0 -0.999391 -0.03489708 -4.30783e-6 -0.9993908 -0.03490376 5.79786e-6 -0.08077472 -0.925025 0.3712201 -0.224426 -0.9730436 0.05309784 -0.6058179 -0.6963042 -0.3848965 -0.9383745 -0.3454833 -0.009731948 -0.8144383 -0.4276109 0.3922237 -0.9795731 0.1729416 -0.102605 -0.9573544 0.2541818 0.1373469 -0.6322091 0.7680718 0.1018703 -0.6264336 0.7711318 0.1137399 -0.7755471 0.6252683 -0.08698463 -0.3547397 0.9326832 -0.06528347 -0.1308285 0.9850246 0.1122959 -0.06977128 0.997534 0.007610976 0.226143 0.9708628 -0.07927733 0.526628 0.8272444 0.1957798 0.3761354 0.9265639 -0.001268446 0.5714586 0.8141018 0.103312 0.8113359 0.5583412 -0.173174 0.9952086 0.03789395 -0.09013301 0.9282822 0.1450957 0.3424025 0.7817412 -0.4494431 -0.4322983 0.6879559 -0.6536359 0.3153996 0.3954117 -0.8897502 -0.2280223 0.09764325 -0.9949058 -0.02506625 -0.2239531 -0.3024201 -0.9264919 -0.2055947 -0.08765441 -0.9747039 -0.6052815 -0.09666341 -0.7901207 -0.8728469 -0.06568372 -0.4835535 -0.9706909 -0.05617862 -0.233673 -0.852756 -0.04093724 -0.5207029 -0.7939206 -0.05135154 -0.605849 -0.7135869 -0.05523622 -0.6983858 -0.6047727 -0.06935358 -0.7933727 -0.4417542 -0.0728898 -0.8941701 -0.3247268 -0.08426886 -0.9420464 -0.1818999 -0.08284753 -0.9798209 -0.01114815 -0.08805829 -0.996053 -0.005811333 -0.08754342 -0.9961438 -0.9403457 0.06204813 -0.3345147 -0.8723706 0.06481015 -0.48453 -0.2102354 0.1001659 -0.972506 -0.7962912 0.0540899 -0.6024903 -0.3250413 0.08052009 -0.9422657 -0.598604 0.0658797 -0.7983316 -0.6467598 0.0580601 -0.7604808 -0.3270618 0.08028304 -0.9415866 -0.005163431 0.08356356 -0.9964891 0.02987259 0.4056948 -0.9135203 -0.1597673 0.1025154 -0.9818173 -0.3204357 0.1441298 -0.9362412 -0.5300383 0.1996484 -0.824136 -0.7236294 0.4407958 -0.5310928 -0.5094245 0.8330386 -0.2157161 -0.8960487 0.2077981 -0.3923223 -0.5280431 0.7979099 -0.2907065 -0.8989921 0.3739238 -0.2280222 -0.9532696 0.2751154 -0.1248545 -0.6885668 0.7251319 -0.007723748 -0.7217758 -0.6767331 -0.1451616 -0.9967306 0.04801911 -0.06497919 -0.877511 0.4736377 -0.0751121 -0.9347729 0.3551693 0.00737977 -0.8927848 0.4504383 -0.006385445 -0.6246432 0.7808992 0.004201829 -0.8369548 0.5075904 0.2045939 -0.9466058 0.3075469 0.09670913 -0.9538608 -0.2481943 0.1689649 -0.9484698 0.3018664 0.09634214 -0.9480272 0.3181514 -0.0049299 -0.9334177 0.358746 0.005720853 -0.9993899 0.03492844 -1.23525e-4 -0.9993908 0.03490191 2.33119e-6 -0.9993909 0.03489959 0 -0.999391 0.03489482 5.30947e-6 -0.9993909 0.03490096 -3.31996e-6 -0.9981479 0.06068164 0.004309415 -0.981818 0.148676 -0.1180217 -0.9820827 -0.04888325 0.1820001 -0.9303521 -0.06641346 0.3606029 -0.8125639 -0.07262831 0.5783295 -0.326068 -0.09617257 0.9404417 -0.2730309 -0.09861439 0.9569376 0.04162067 -0.4887153 0.87145 -0.02148157 -0.3686761 0.9293097 -0.3352032 0.08885574 0.9379464 -0.7086996 0.09102612 0.6996136 -0.8090748 0.0778532 0.5825263 -0.985325 0.04822778 0.163734 -0.9820179 0.05021709 0.1819867 -9.35985e-4 -0.08717477 0.9961926 -0.8373162 0.173376 0.5185003 -0.08979636 0.9309952 0.3538147 -0.8159447 0.468172 0.3391894 -0.004587888 0.1147456 0.9933844 -0.1647865 0.3721521 0.9134266 -0.9988051 0.03331291 -0.03575694 -0.8782652 0.04067862 0.4764408 -0.1851283 0.03470546 0.9821015 0.1444137 0.03477507 0.9889062 0.103935 0.03402477 0.994002 0.1376845 0.03505551 0.9898556 0.09163421 0.03505307 0.9951757 -0.01613545 0.03434604 0.9992797 -8.59795e-4 0.03538352 0.9993734 0.04544067 0.03480231 0.9983607 0.04032969 0.03527659 0.9985635 -0.06841379 0.03410202 0.997074 -0.04715442 0.03520554 0.9982671 -0.09341877 0.03525787 0.9950025 -0.1393981 0.03505861 0.9896157 -0.1259065 0.03426784 0.9914502 -0.917179 0.03533464 0.3969059 -0.8966633 0.03512644 0.4413175 -0.9354705 0.03555846 0.3516113 -0.916163 0.03504633 0.3992708 -0.9501973 0.03528505 0.3096451 -0.9491923 0.03484237 0.312762 -0.933678 0.03491532 0.3564076 -0.9626501 0.03552216 0.2684084 -0.9740467 0.03554534 0.2235387 -0.9686741 0.03306788 0.2461241 -0.9845151 0.03405714 0.1719597 -0.9833816 0.03490364 0.1781639 -0.9905924 0.03464788 0.1323869 -0.9956271 0.03568989 0.08633029 -0.9928827 0.03274643 0.1145061 -0.9985759 0.03516018 0.04012292 -0.998814 0.03443866 0.03441798 -0.9993423 0.03573322 -0.00619322 -0.9979964 0.03529566 -0.05251103 -0.988852 0.03520232 -0.1446812 -0.9852484 0.03316468 -0.1678865 -0.9945457 0.03369688 -0.09870851 -0.9933686 0.03532481 -0.1094129 -0.9725311 0.03374457 -0.2303144 -0.9810859 0.03516572 -0.1903522 -0.9591884 0.03706407 -0.2803283 -0.9712297 0.03468471 -0.2356054 -0.9492624 0.03624534 -0.3123893 -0.9452632 0.0337975 -0.3245541 -0.9296174 0.03528565 -0.366833 -0.9291844 0.03513091 -0.3679433 -0.9170588 0.03660303 -0.3970686 -0.9111278 0.03497356 -0.4106374 -0.891129 0.03473234 -0.4524189 -0.8921584 0.03499615 -0.4503651 -0.8867825 0.03729039 -0.4606803 -0.223596 0.03512626 -0.9740488 0.4364702 0.03279328 0.8991209 0.4059676 0.0374121 0.9131214 0.3613684 0.03490608 0.9317696 0.313538 0.0352115 0.9489226 0.317813 0.03546816 0.9474898 0.3504469 0.03233808 0.9360241 0.1828355 0.03489327 0.9825241 0.17004 0.03525674 0.9848062 -0.2400346 0.03479212 -0.9701407 -0.263269 0.03514367 -0.9640822 -0.2696579 0.03488081 -0.9623243 -0.3076764 0.03514963 -0.9508417 -0.3137101 0.03484624 -0.9488792 -0.3514012 0.03515255 -0.9355648 -0.3574684 0.03484827 -0.9332749 -0.3944126 0.03514891 -0.9182611 -0.4002085 0.03485202 -0.9157612 -0.4365102 0.03514599 -0.8990126 -0.4439681 0.03475403 -0.8953683 -0.4776961 0.03500896 -0.8778274 -0.4808907 0.0348351 -0.8760883 -0.5178729 0.03514099 -0.8547356 -0.5230108 0.0348559 -0.8516131 -0.5569325 0.0351361 -0.8298143 -0.5634557 0.03476119 -0.8254147 -0.5947658 0.03500384 -0.8031367 -0.5990542 0.03474622 -0.7999542 -0.6313693 0.03500157 -0.7746921 -0.6354051 0.03474956 -0.7713968 -0.6665984 0.03499984 -0.7445949 -0.6703743 0.03475403 -0.7412088 -0.7003802 0.03499972 -0.7129114 -0.7025714 0.03485047 -0.7107595 -0.732653 0.03511941 -0.6796957 -0.7374721 0.03477573 -0.6744817 -0.7633614 0.03499752 -0.645023 -0.7664483 0.03476339 -0.6413647 -0.7924292 0.03499448 -0.6089593 -0.7941878 0.03485316 -0.6066722 -0.8198023 0.03510355 -0.5715698 -0.8235705 0.0347808 -0.5661466 -0.8454152 0.03498989 -0.5329625 -0.847774 0.03477174 -0.5292165 -0.869204 0.03498822 -0.4932143 -0.8713319 0.03477507 -0.4894604 -0.8952913 0.03484243 0.4441168 -0.8752571 0.0349397 0.4823942 -0.8743603 0.03484231 0.4840248 -0.851972 0.03493756 0.5224205 -0.8514454 0.03488469 0.5232818 -0.8268491 0.0349791 0.5613352 -0.8254597 0.03484916 0.5633844 -0.799936 0.0349307 0.599068 -0.7994154 0.03488504 0.5997651 -0.7713031 0.03496694 0.6355068 -0.7703756 0.03488981 0.6366352 -0.7410528 0.03496456 0.6705358 -0.7401191 0.03489071 0.6715701 -0.7091612 0.03495907 0.7041791 -0.7082443 0.03489005 0.7051048 -0.675782 0.03495317 0.7362724 -0.6745618 0.03486478 0.7373946 -0.6409435 0.0349189 0.7667934 -0.6405104 0.03488886 0.7671566 -0.604713 0.03493958 0.7956767 -0.6039836 0.03489047 0.7962328 -0.5671721 0.03493523 0.8228582 -0.5662087 0.03487247 0.823524 -0.5284622 0.03490942 0.8482388 -0.5278972 0.03487354 0.8485921 -0.4885881 0.03490519 0.8718161 -0.4883013 0.03488761 0.8719775 -0.4476484 0.03491538 0.8935279 -0.4471791 0.03488707 0.8937639 -0.4057365 0.03490793 0.9133234 -0.4054597 0.03489124 0.9134469 -0.3630381 0.03490543 0.9311203 -0.3627589 0.03488874 0.9312297 -0.3194225 0.03489637 0.9469697 -0.3193072 0.03488963 0.9470089 -0.275274 0.03489291 0.9607325 -0.2752636 0.03489345 0.9607353 -0.1672084 0.03514158 0.9852951 -0.1855013 0.03591233 0.9819877 -0.1827503 0.03488194 0.9825404 -0.2303921 0.03489518 0.9724721 -0.2305037 0.0348891 0.9724458 0.1828337 0.03489315 0.9825245 0.1834102 0.03492438 0.9824159 0.2275451 0.03486067 0.9731433 0.2287187 0.03492468 0.9728659 0.2963681 0.03489291 0.9544362 0.2735458 0.03496444 0.9612233 0.2715273 0.03485709 0.9617994 -0.5508216 0.3224592 0.7698153 -0.3815398 0.3410232 0.8591452 -0.01203149 0.08808052 0.9960407 -6.63989e-4 0.08646327 0.9962549 -0.709782 0.05730807 0.7020865 -0.7210944 0.05779701 0.6904219 -0.4680675 0.07605338 0.880414 -0.4002581 0.07403826 0.9134067 -0.1919139 0.08934754 0.9773363 -0.1947301 -0.0860728 0.977073 -0.04780256 -0.08403432 0.9953157 -0.3173979 -0.07773566 0.945101 -0.4645482 -0.0783261 0.8820771 -0.5956653 -0.06618404 0.8005015 -0.7065192 -0.06071758 0.7050845 -0.7470913 -0.05365043 0.6625529 -0.02687329 -0.004189312 0.9996302 9.28478e-4 0.001456797 0.9999985 -0.01395672 0.008265256 0.9998685 0.001629769 0.01866233 0.9998245 2.52142e-5 1.45812e-5 1 0.002762615 -7.34021e-4 0.999996 -0.01725155 0.0163924 0.9997168 0.007995128 -0.001806974 0.9999665 0.02814757 -0.009818077 0.9995556 0.001481652 -0.001800298 0.9999974 0.00213474 -0.0160607 0.9998688 -0.00926733 -0.01458102 0.9998508 -0.009297192 -0.009282588 0.9999138 -0.001214981 -0.01178479 0.9999299 -0.3362801 -0.3211711 -0.8853049 0.2250436 -0.2532727 -0.9408551 0.002501547 -0.8344851 0.551025 0.86953 -0.4937092 0.01299774 0.8671811 -0.4979521 0.006373763 0.669954 0.6645292 0.3310026 0.8666549 0.4989081 2.25876e-4 -0.8701962 0.4925674 0.01166212 -0.8678623 0.4967826 0.004714608 -0.8645474 -0.502519 0.005706429 -0.8664361 -0.4992879 -3.66836e-4 0.02286452 0.003059804 0.999734 -0.03864258 -0.01021403 0.9992009 -0.9999797 0.001275181 0.006253063 -1 0 1.25266e-4 0.01349216 0.9995542 0.02663409 -7.62479e-4 0.9999496 0.01001381 0.004430115 0.9999796 0.004616916 0 0.9999959 -0.002889871 -0.02158051 0.9994547 -0.02499318 -0.08563822 -0.9915891 0.09704202 -8.14832e-4 -0.9999997 -2.37234e-4 0 -0.999999 -0.001477122 0.002654612 -0.9999631 -0.008169412 0.008342444 -0.999965 5.88442e-4 -1.63136e-4 -0.9999999 -6.33533e-4 -0.2736501 -0.2681033 0.923708 1 -4.70266e-5 2.18476e-4 -0.01014786 1.03232e-4 0.9999486 -0.1203222 0.1111919 0.9864882 0.5732634 0.1056935 -0.8125257 0.1010383 0.4747328 -0.8743112 0.4193305 -0.3531486 0.8363302 0.805289 0.4639374 0.3691502 0.873045 -0.486967 0.02560657 0.8657898 -0.5004072 -8.46015e-4 0.8661494 0.4997822 0.001736998 0.8665089 0.4991613 5.90859e-4 -0.873167 0.4870128 0.01995337 -0.8663467 0.4994428 7.17072e-4 -0.865773 -0.5004339 0.00175476 -0.866039 -0.4999756 9.81306e-4 -0.03398573 0.9981113 0.05117505 0.2616294 0.2675703 0.9273383 -0.1455547 -0.9713629 0.1877982 0.1005762 -0.1021975 0.9896667 0.005138814 -1.80315e-5 0.9999868 -1 1.34672e-5 6.03065e-5 -1 -8.50854e-6 -3.81016e-5 0.001986622 0.9999976 -9.53657e-4 -8.32096e-4 0.9999858 -0.005254507 0.003304779 0.9999811 0.005190312 -0.007332742 0.9998415 0.01623004 2.70923e-4 -0.9998307 0.01840013 -0.007582962 -0.9999176 0.01036542 -0.001240074 -0.9999991 -5.15644e-4 -7.4341e-4 -0.9999993 -0.001030445 0.0952236 -0.9860817 0.1362923 7.62647e-6 0 1 -4.24393e-4 -5.95959e-5 1 -0.2488648 -0.195769 0.9485467 0.6859364 0.1572955 0.7104572 1 4.25303e-6 1.18257e-4 -0.08910202 -0.01887738 0.9958437</float_array>
          <technique_common>
            <accessor source="#Link5_001-mesh-normals-array" count="2646" stride="3">
              <param name="X" type="float"/>
              <param name="Y" type="float"/>
              <param name="Z" type="float"/>
            </accessor>
          </technique_common>
        </source>
        <vertices id="Link5_001-mesh-vertices">
          <input semantic="POSITION" source="#Link5_001-mesh-positions"/>
        </vertices>
        <triangles material="Blue-material" count="2922">
          <input semantic="VERTEX" source="#Link5_001-mesh-vertices" offset="0"/>
          <input semantic="NORMAL" source="#Link5_001-mesh-normals" offset="1"/>
          <p>0 0 1 0 2 0 1 0 3 0 2 0 4 1 5 1 2 1 0 2 2 2 5 2 5 3 6 3 0 3 1 4 0 4 6 4 6 5 7 5 1 5 7 6 8 6 1 6 3 7 1 7 8 7 2 8 3 8 8 8 8 9 4 9 2 9 9 10 10 10 11 10 12 11 13 11 14 11 12 12 14 12 15 12 16 13 14 13 13 13 17 14 18 14 19 14 13 15 19 15 18 15 20 16 17 16 9 16 15 0 11 0 10 0 15 0 10 0 12 0 21 17 18 17 22 17 19 18 9 18 17 18 18 19 21 19 13 19 13 20 21 20 23 20 23 21 16 21 13 21 24 22 21 22 22 22 25 23 24 23 22 23 26 24 25 24 22 24 22 25 27 25 26 25 28 26 26 26 27 26 28 27 27 27 29 27 29 28 30 28 31 28 32 29 33 29 34 29 35 30 36 30 30 30 37 31 38 31 33 31 38 32 34 32 33 32 36 33 31 33 30 33 30 34 38 34 35 34 37 35 35 35 38 35 39 36 40 36 41 36 34 37 41 37 40 37 34 38 40 38 42 38 42 39 43 39 34 39 43 40 44 40 34 40 44 41 32 41 34 41 45 42 46 42 47 42 47 0 39 0 45 0 42 43 47 43 46 43 46 44 48 44 42 44 48 0 43 0 42 0 41 45 45 45 39 45 49 46 8 46 50 46 51 0 50 0 8 0 8 47 52 47 51 47 8 48 53 48 52 48 54 49 50 49 51 49 51 50 55 50 54 50 56 51 54 51 55 51 57 52 56 52 55 52 55 53 58 53 57 53 59 54 60 54 61 54 62 55 59 55 61 55 58 56 52 56 53 56 58 57 53 57 57 57 63 58 57 58 53 58 64 59 63 59 53 59 65 60 64 60 66 60 66 61 60 61 67 61 53 62 66 62 64 62 68 63 65 63 66 63 67 64 68 64 66 64 69 65 70 65 71 65 72 66 69 66 73 66 71 67 73 67 69 67 74 68 75 68 76 68 70 69 77 69 78 69 79 0 80 0 81 0 81 70 78 70 79 70 82 0 83 0 84 0 70 0 84 0 83 0 70 71 83 71 77 71 78 0 81 0 70 0 70 72 81 72 71 72 75 73 82 73 84 73 84 74 76 74 75 74 85 75 86 75 87 75 81 76 87 76 86 76 86 77 71 77 81 77 88 78 62 78 61 78 89 79 88 79 61 79 20 80 11 80 90 80 11 0 20 0 9 0 17 81 91 81 92 81 92 82 93 82 94 82 17 83 20 83 91 83 94 84 17 84 92 84 93 85 95 85 94 85 93 86 90 86 95 86 93 87 20 87 90 87 7 88 6 88 96 88 96 89 53 89 8 89 8 90 7 90 96 90 4 0 8 0 49 0 97 91 98 91 96 91 96 92 5 92 97 92 96 93 6 93 5 93 5 0 49 0 97 0 5 94 4 94 49 94 76 0 72 0 74 0 99 0 74 0 72 0 100 95 95 95 99 95 99 96 73 96 100 96 73 97 99 97 72 97 98 98 97 98 45 98 45 99 101 99 98 99 45 100 41 100 101 100 102 101 103 101 46 101 46 102 45 102 102 102 104 103 50 103 54 103 78 104 105 104 106 104 106 105 79 105 78 105 106 106 80 106 79 106 80 107 106 107 107 107 107 108 81 108 80 108 107 109 87 109 81 109 87 110 107 110 108 110 108 111 85 111 87 111 85 112 108 112 109 112 109 113 89 113 85 113 89 114 109 114 110 114 110 115 88 115 89 115 88 116 110 116 111 116 111 117 62 117 88 117 62 118 111 118 112 118 112 119 59 119 62 119 59 120 112 120 113 120 113 121 60 121 59 121 60 122 113 122 114 122 114 123 67 123 60 123 67 124 114 124 115 124 115 125 68 125 67 125 68 126 115 126 116 126 116 127 65 127 68 127 65 128 116 128 117 128 117 129 64 129 65 129 64 130 117 130 118 130 64 131 118 131 119 131 32 132 120 132 121 132 32 133 121 133 122 133 122 134 33 134 32 134 33 135 122 135 123 135 123 136 37 136 33 136 123 137 35 137 37 137 35 138 123 138 124 138 35 139 124 139 125 139 125 140 36 140 35 140 36 141 125 141 126 141 126 142 31 142 36 142 31 143 126 143 127 143 127 144 29 144 31 144 29 145 127 145 128 145 128 146 28 146 29 146 28 147 128 147 129 147 28 148 129 148 130 148 130 149 26 149 28 149 26 150 130 150 131 150 131 151 25 151 26 151 25 152 131 152 132 152 132 153 24 153 25 153 24 154 132 154 133 154 133 155 21 155 24 155 21 156 133 156 134 156 134 157 23 157 21 157 43 158 48 158 135 158 48 159 103 159 135 159 103 160 48 160 46 160 120 161 32 161 44 161 44 162 136 162 120 162 136 163 44 163 43 163 43 164 137 164 136 164 137 165 43 165 135 165 135 166 138 166 137 166 139 167 54 167 56 167 56 168 57 168 140 168 140 169 139 169 56 169 140 170 57 170 141 170 57 171 119 171 141 171 119 172 57 172 63 172 119 173 63 173 64 173 135 174 142 174 143 174 143 175 138 175 135 175 144 176 103 176 102 176 145 177 144 177 102 177 103 178 144 178 142 178 135 178 103 178 142 178 144 179 145 179 146 179 146 180 147 180 144 180 147 181 148 181 144 181 148 182 149 182 144 182 142 183 144 183 149 183 149 184 143 184 142 184 45 185 145 185 102 185 45 186 97 186 145 186 146 187 145 187 97 187 49 188 50 188 104 188 104 189 150 189 49 189 150 187 97 187 49 187 97 190 150 190 151 190 151 191 146 191 97 191 152 192 150 192 104 192 139 193 140 193 153 193 153 194 154 194 139 194 154 195 152 195 139 195 139 178 152 178 104 178 104 196 54 196 139 196 153 197 140 197 141 197 141 198 155 198 153 198 155 199 156 199 153 199 154 200 153 200 156 200 156 201 157 201 154 201 152 202 154 202 157 202 157 203 158 203 152 203 158 204 159 204 152 204 150 205 152 205 159 205 159 206 151 206 150 206 74 207 160 207 161 207 161 208 75 208 74 208 162 209 163 209 83 209 83 210 82 210 162 210 162 211 82 211 75 211 75 212 161 212 162 212 105 213 78 213 77 213 77 214 164 214 105 214 77 215 165 215 164 215 165 216 77 216 83 216 83 217 166 217 165 217 166 218 83 218 163 218 163 219 167 219 168 219 168 220 166 220 163 220 167 178 163 178 162 178 169 178 162 178 161 178 169 178 167 178 162 178 170 178 169 178 160 178 161 221 160 221 169 221 169 222 170 222 171 222 171 223 172 223 169 223 172 224 173 224 169 224 173 225 174 225 169 225 167 226 169 226 174 226 174 227 175 227 167 227 175 228 168 228 167 228 11 229 176 229 177 229 177 230 90 230 11 230 171 231 170 231 95 231 170 232 160 232 74 232 74 233 99 233 170 233 99 234 95 234 170 234 177 235 178 235 90 235 178 236 95 236 90 236 95 237 178 237 179 237 179 238 171 238 95 238 176 239 11 239 15 239 180 240 176 240 15 240 15 241 14 241 180 241 180 242 14 242 181 242 14 243 182 243 181 243 182 244 14 244 16 244 16 245 183 245 182 245 16 246 134 246 183 246 134 247 16 247 23 247 184 248 185 248 176 248 186 178 177 178 176 178 186 249 178 249 177 249 185 178 186 178 176 178 176 250 180 250 184 250 184 251 180 251 181 251 181 252 187 252 184 252 178 253 186 253 188 253 188 254 179 254 178 254 187 255 189 255 184 255 189 256 190 256 184 256 185 257 184 257 190 257 190 258 191 258 185 258 186 259 185 259 191 259 191 260 192 260 186 260 192 261 188 261 186 261 143 178 149 178 158 178 143 178 158 178 136 178 158 262 149 262 148 262 147 178 146 178 151 178 143 263 136 263 137 263 158 264 148 264 147 264 159 178 158 178 147 178 151 178 159 178 147 178 193 178 194 178 156 178 157 178 156 178 194 178 194 178 195 178 157 178 195 265 196 265 157 265 155 266 197 266 198 266 197 267 155 267 119 267 198 268 199 268 155 268 199 269 200 269 155 269 155 270 200 270 201 270 137 271 138 271 143 271 168 178 192 178 164 178 155 272 201 272 202 272 202 273 203 273 155 273 155 274 203 274 204 274 155 275 204 275 205 275 156 276 155 276 205 276 205 178 206 178 156 178 156 277 206 277 193 277 141 278 119 278 155 278 192 178 168 178 175 178 192 279 175 279 174 279 207 280 189 280 187 280 189 281 207 281 208 281 208 282 190 282 189 282 168 283 164 283 165 283 197 284 119 284 118 284 197 285 118 285 117 285 197 178 117 178 116 178 209 178 210 178 191 178 197 286 116 286 115 286 211 287 197 287 115 287 165 288 166 288 168 288 172 178 171 178 179 178 179 178 188 178 172 178 188 178 173 178 172 178 188 289 192 289 173 289 174 290 173 290 192 290 190 291 208 291 212 291 212 178 213 178 190 178 190 292 213 292 214 292 215 178 209 178 191 178 216 293 215 293 191 293 191 294 190 294 216 294 196 295 217 295 158 295 158 178 157 178 196 178 158 296 217 296 218 296 158 297 218 297 219 297 190 298 214 298 220 298 220 178 221 178 190 178 190 299 221 299 222 299 190 300 222 300 223 300 190 301 223 301 216 301 224 302 225 302 164 302 225 303 226 303 164 303 227 304 228 304 182 304 181 178 182 178 187 178 207 305 187 305 182 305 182 306 228 306 207 306 226 178 229 178 164 178 105 178 164 178 229 178 229 178 230 178 105 178 106 178 105 178 230 178 230 178 231 178 106 178 107 178 106 178 231 178 231 307 232 307 107 307 233 308 183 308 134 308 183 309 233 309 234 309 234 310 182 310 183 310 182 311 234 311 235 311 235 178 227 178 182 178 136 312 236 312 237 312 237 313 238 313 136 313 115 314 114 314 211 314 114 315 239 315 211 315 114 316 113 316 239 316 240 317 239 317 113 317 113 318 112 318 240 318 241 319 240 319 112 319 112 320 111 320 241 320 242 178 243 178 192 178 164 321 244 321 245 321 245 178 246 178 164 178 246 322 224 322 164 322 219 178 247 178 158 178 158 323 247 323 248 323 248 178 249 178 158 178 136 324 250 324 251 324 251 178 252 178 136 178 136 325 252 325 236 325 111 326 110 326 241 326 253 327 241 327 110 327 110 178 109 178 253 178 254 178 253 178 109 178 109 178 108 178 254 178 232 178 254 178 108 178 108 328 107 328 232 328 192 329 191 329 210 329 210 178 242 178 192 178 192 330 243 330 255 330 192 331 255 331 256 331 256 178 257 178 192 178 192 332 257 332 258 332 192 333 258 333 259 333 259 178 164 178 192 178 164 178 259 178 260 178 260 178 244 178 164 178 136 334 238 334 261 334 120 335 136 335 261 335 261 178 262 178 120 178 121 336 120 336 262 336 262 337 263 337 121 337 122 338 121 338 263 338 264 339 233 339 126 339 126 340 125 340 264 340 265 178 264 178 125 178 158 341 249 341 266 341 158 342 266 342 267 342 267 178 136 178 158 178 136 178 267 178 268 178 268 178 250 178 136 178 125 178 124 178 265 178 269 178 265 178 124 178 124 178 123 178 269 178 270 178 269 178 123 178 123 178 122 178 270 178 263 178 270 178 122 178 233 343 134 343 133 343 233 344 133 344 132 344 132 178 131 178 233 178 131 178 130 178 233 178 233 178 130 178 129 178 129 178 128 178 233 178 233 178 128 178 127 178 127 345 126 345 233 345 271 346 272 346 20 346 91 347 20 347 272 347 272 348 273 348 91 348 92 349 91 349 273 349 273 350 274 350 92 350 93 351 92 351 274 351 274 352 275 352 93 352 275 353 271 353 93 353 20 354 93 354 271 354 275 0 274 0 273 0 271 0 275 0 273 0 272 0 271 0 273 0 276 355 277 355 51 355 55 356 51 356 277 356 277 357 278 357 55 357 58 358 55 358 278 358 52 359 58 359 278 359 278 360 279 360 52 360 51 361 52 361 279 361 279 362 276 362 51 362 277 0 276 0 278 0 276 363 279 363 278 363 39 364 47 364 280 364 280 365 281 365 39 365 40 366 39 366 281 366 281 367 282 367 40 367 42 368 40 368 282 368 47 369 42 369 282 369 282 370 280 370 47 370 282 0 281 0 280 0 70 371 69 371 283 371 84 372 70 372 283 372 283 373 284 373 84 373 76 374 84 374 284 374 284 375 285 375 76 375 72 376 76 376 285 376 285 377 286 377 72 377 69 378 72 378 286 378 286 379 283 379 69 379 285 380 284 380 283 380 286 0 285 0 283 0 287 381 288 381 19 381 9 382 19 382 288 382 288 383 289 383 9 383 10 384 9 384 289 384 289 385 290 385 10 385 12 386 10 386 290 386 290 387 287 387 12 387 13 388 12 388 287 388 19 389 13 389 287 389 289 390 288 390 287 390 290 0 289 0 287 0 291 391 292 391 240 391 240 392 241 392 291 392 293 393 291 393 241 393 294 394 293 394 241 394 241 395 253 395 294 395 295 396 294 396 253 396 253 397 254 397 295 397 296 398 295 398 254 398 254 399 232 399 296 399 297 400 296 400 232 400 232 401 231 401 297 401 298 402 297 402 231 402 299 403 298 403 231 403 231 404 230 404 299 404 300 405 299 405 230 405 230 406 229 406 300 406 301 407 300 407 229 407 229 408 226 408 301 408 302 409 301 409 226 409 226 410 225 410 302 410 303 411 302 411 225 411 225 412 224 412 303 412 304 413 303 413 224 413 224 414 246 414 304 414 305 415 304 415 246 415 246 416 245 416 305 416 245 417 244 417 305 417 306 418 305 418 244 418 244 419 260 419 306 419 260 420 259 420 306 420 307 421 306 421 259 421 259 422 258 422 307 422 308 423 307 423 258 423 258 424 257 424 308 424 309 425 308 425 257 425 257 426 256 426 309 426 256 427 255 427 309 427 310 428 309 428 255 428 255 429 243 429 310 429 311 430 310 430 243 430 243 431 242 431 311 431 312 432 311 432 242 432 242 433 210 433 312 433 313 434 312 434 210 434 210 435 209 435 313 435 314 436 313 436 209 436 209 437 215 437 314 437 315 438 314 438 215 438 215 439 216 439 315 439 316 440 315 440 216 440 317 441 316 441 216 441 216 442 223 442 317 442 318 443 317 443 223 443 223 444 222 444 318 444 319 445 318 445 222 445 222 446 221 446 319 446 320 447 319 447 221 447 221 448 220 448 320 448 220 449 214 449 320 449 321 450 320 450 214 450 214 451 213 451 321 451 322 452 321 452 213 452 213 453 212 453 322 453 212 454 208 454 322 454 323 455 322 455 208 455 208 456 207 456 323 456 324 457 323 457 207 457 207 458 228 458 324 458 228 459 227 459 324 459 325 460 324 460 227 460 227 461 235 461 325 461 326 462 325 462 235 462 235 463 234 463 326 463 234 464 233 464 326 464 327 465 326 465 233 465 233 466 264 466 327 466 328 467 327 467 264 467 264 468 265 468 328 468 329 469 328 469 265 469 265 470 269 470 329 470 330 471 329 471 269 471 269 472 270 472 330 472 331 473 330 473 270 473 332 474 331 474 270 474 270 475 263 475 332 475 333 476 332 476 263 476 263 477 262 477 333 477 334 478 333 478 262 478 335 479 334 479 262 479 262 480 261 480 335 480 261 481 238 481 335 481 336 482 335 482 238 482 238 483 237 483 336 483 337 484 336 484 237 484 237 485 236 485 337 485 338 486 337 486 236 486 236 487 252 487 338 487 339 488 338 488 252 488 252 489 251 489 339 489 251 490 250 490 339 490 340 491 339 491 250 491 250 492 268 492 340 492 268 493 267 493 340 493 341 494 340 494 267 494 267 495 266 495 341 495 342 496 341 496 266 496 266 497 249 497 342 497 249 498 248 498 342 498 343 499 342 499 248 499 248 500 247 500 343 500 247 501 219 501 343 501 344 502 343 502 219 502 219 503 218 503 344 503 345 504 344 504 218 504 218 505 217 505 345 505 346 506 345 506 217 506 217 507 196 507 346 507 347 508 346 508 196 508 196 509 195 509 347 509 348 510 347 510 195 510 195 511 194 511 348 511 349 512 348 512 194 512 194 513 193 513 349 513 350 514 349 514 193 514 193 515 206 515 350 515 351 516 350 516 206 516 206 517 205 517 351 517 352 518 351 518 205 518 205 519 204 519 352 519 353 520 352 520 204 520 204 521 203 521 353 521 354 522 353 522 203 522 203 523 202 523 354 523 202 524 201 524 354 524 355 525 354 525 201 525 201 526 200 526 355 526 356 527 355 527 200 527 200 528 199 528 356 528 357 529 356 529 199 529 199 530 198 530 357 530 198 531 197 531 357 531 358 532 357 532 197 532 197 533 211 533 358 533 211 534 239 534 358 534 359 535 358 535 239 535 292 536 359 536 239 536 239 537 240 537 292 537 326 178 327 178 360 178 324 178 325 178 360 178 325 538 326 538 360 538 322 539 323 539 360 539 323 178 324 178 360 178 320 178 321 178 360 178 321 178 322 178 360 178 318 540 319 540 360 540 319 178 320 178 360 178 316 178 317 178 360 178 317 178 318 178 360 178 314 178 315 178 360 178 315 178 316 178 360 178 313 178 314 178 360 178 311 541 312 541 360 541 312 178 313 178 360 178 309 178 310 178 360 178 310 178 311 178 360 178 307 178 308 178 360 178 308 178 309 178 360 178 305 178 306 178 360 178 306 178 307 178 360 178 304 542 305 542 360 542 302 178 303 178 360 178 303 178 304 178 360 178 300 178 301 178 360 178 301 178 302 178 360 178 298 178 299 178 360 178 299 178 300 178 360 178 296 178 297 178 360 178 297 178 298 178 360 178 294 178 295 178 360 178 295 178 296 178 360 178 293 178 294 178 360 178 292 543 291 543 360 543 291 544 293 544 360 544 358 545 359 545 360 545 359 546 292 546 360 546 356 178 357 178 360 178 357 547 358 547 360 547 354 178 355 178 360 178 355 178 356 178 360 178 351 178 352 178 360 178 352 548 353 548 360 548 353 178 354 178 360 178 350 178 351 178 360 178 348 178 349 178 360 178 349 178 350 178 360 178 346 178 347 178 360 178 347 178 348 178 360 178 344 178 345 178 360 178 345 549 346 549 360 549 342 178 343 178 360 178 343 178 344 178 360 178 340 550 341 550 360 550 341 178 342 178 360 178 339 551 340 551 360 551 337 178 338 178 360 178 338 178 339 178 360 178 336 178 337 178 360 178 334 552 335 552 360 552 335 178 336 178 360 178 332 178 333 178 360 178 333 178 334 178 360 178 330 178 331 178 360 178 331 178 332 178 360 178 328 553 329 553 360 553 329 554 330 554 360 554 327 555 328 555 360 555 361 556 101 556 41 556 73 557 71 557 362 557 96 558 363 558 53 558 85 559 89 559 86 559 61 560 86 560 89 560 61 561 60 561 364 561 66 562 364 562 60 562 27 563 30 563 29 563 66 564 53 564 365 564 94 565 95 565 100 565 366 566 41 566 34 566 73 567 367 567 100 567 18 568 17 568 368 568 22 569 18 569 369 569 22 570 369 570 27 570 370 571 27 571 369 571 30 572 371 572 38 572 96 573 98 573 372 573 98 574 361 574 372 574 361 575 98 575 101 575 41 576 373 576 361 576 366 577 373 577 41 577 371 578 366 578 34 578 371 579 34 579 38 579 374 580 371 580 30 580 374 581 30 581 27 581 370 582 374 582 27 582 369 583 18 583 368 583 368 584 17 584 94 584 94 585 375 585 368 585 94 586 100 586 375 586 375 587 100 587 367 587 73 588 362 588 367 588 362 589 71 589 376 589 376 590 71 590 86 590 86 591 377 591 376 591 377 592 86 592 61 592 377 593 61 593 364 593 364 594 66 594 378 594 66 595 365 595 378 595 53 596 363 596 365 596 363 597 96 597 372 597 362 598 379 598 380 598 381 178 382 178 383 178 367 599 362 599 380 599 382 600 384 600 383 600 384 178 382 178 385 178 376 601 386 601 383 601 383 178 386 178 387 178 387 178 381 178 383 178 383 602 379 602 362 602 362 603 376 603 383 603 386 604 388 604 389 604 389 178 387 178 386 178 376 605 390 605 386 605 376 606 391 606 390 606 392 607 393 607 377 607 376 608 377 608 393 608 393 609 391 609 376 609 380 610 394 610 367 610 388 611 386 611 395 611 395 612 396 612 388 612 397 613 392 613 377 613 398 614 399 614 400 614 394 615 401 615 375 615 394 616 375 616 367 616 402 178 401 178 394 178 394 617 403 617 402 617 403 178 400 178 399 178 384 618 385 618 404 618 400 619 384 619 404 619 404 620 398 620 400 620 399 178 402 178 403 178 405 178 406 178 407 178 407 621 408 621 405 621 408 622 409 622 405 622 409 623 410 623 405 623 411 178 407 178 406 178 409 624 412 624 410 624 413 625 410 625 412 625 363 178 372 178 411 178 406 178 414 178 363 178 363 178 411 178 406 178 365 626 363 626 415 626 414 178 415 178 363 178 365 627 415 627 416 627 412 628 417 628 413 628 378 629 418 629 419 629 416 630 413 630 417 630 417 631 420 631 416 631 421 632 422 632 423 632 419 633 424 633 378 633 416 634 418 634 365 634 418 635 378 635 365 635 416 636 420 636 423 636 423 178 418 178 416 178 422 637 418 637 423 637 364 638 378 638 424 638 424 639 425 639 364 639 423 178 426 178 427 178 377 640 364 640 428 640 428 641 397 641 377 641 429 642 428 642 364 642 425 643 429 643 364 643 427 644 421 644 423 644 430 645 431 645 432 645 431 646 433 646 432 646 431 178 411 178 433 178 432 647 434 647 430 647 435 648 430 648 434 648 436 649 435 649 434 649 411 178 372 178 361 178 361 650 437 650 433 650 433 651 411 651 361 651 438 652 437 652 373 652 361 653 373 653 437 653 434 654 439 654 436 654 440 655 436 655 439 655 439 178 441 178 440 178 441 656 442 656 440 656 441 657 438 657 366 657 443 658 441 658 366 658 373 659 366 659 438 659 443 660 366 660 371 660 444 661 443 661 371 661 445 662 443 662 446 662 445 663 447 663 443 663 441 178 443 178 447 178 441 664 447 664 442 664 445 665 446 665 448 665 445 666 448 666 449 666 371 667 450 667 451 667 450 668 371 668 374 668 374 669 452 669 450 669 374 670 453 670 454 670 374 671 454 671 452 671 451 672 444 672 371 672 368 178 455 178 456 178 457 673 458 673 459 673 369 674 368 674 456 674 460 178 455 178 368 178 461 675 462 675 463 675 464 676 374 676 370 676 464 677 453 677 374 677 461 678 465 678 462 678 466 679 465 679 461 679 461 680 467 680 466 680 461 681 463 681 468 681 461 682 468 682 459 682 369 683 456 683 461 683 461 684 458 684 369 684 459 178 458 178 461 178 370 685 469 685 470 685 370 686 471 686 464 686 370 687 470 687 471 687 458 688 472 688 369 688 370 689 369 689 472 689 473 178 460 178 474 178 457 690 459 690 475 690 475 691 476 691 457 691 477 692 466 692 467 692 467 693 478 693 477 693 479 694 477 694 478 694 401 178 474 178 460 178 472 695 469 695 370 695 476 696 480 696 457 696 479 178 478 178 473 178 474 178 479 178 473 178 368 697 375 697 401 697 368 178 401 178 460 178 436 698 481 698 435 698 436 699 440 699 481 699 440 700 482 700 481 700 483 701 482 701 440 701 440 702 442 702 483 702 442 703 447 703 484 703 484 704 483 704 442 704 447 705 445 705 484 705 459 706 485 706 486 706 486 707 475 707 459 707 445 708 487 708 484 708 445 709 449 709 487 709 448 710 446 710 488 710 488 711 489 711 448 711 449 712 448 712 489 712 449 713 489 713 487 713 444 714 451 714 490 714 443 715 444 715 490 715 490 716 491 716 443 716 446 717 443 717 491 717 491 718 488 718 446 718 451 719 450 719 492 719 492 720 493 720 451 720 451 721 493 721 490 721 494 722 492 722 450 722 450 723 452 723 494 723 454 724 495 724 494 724 452 725 454 725 494 725 496 726 495 726 454 726 454 727 453 727 496 727 497 728 496 728 453 728 497 729 453 729 464 729 498 730 471 730 470 730 498 731 497 731 471 731 464 732 471 732 497 732 499 733 469 733 472 733 469 734 499 734 500 734 470 735 469 735 500 735 500 736 498 736 470 736 501 737 472 737 458 737 501 738 499 738 472 738 502 739 480 739 476 739 502 740 457 740 480 740 502 741 503 741 457 741 458 742 457 742 503 742 458 743 503 743 501 743 476 744 475 744 486 744 486 745 502 745 476 745 504 746 505 746 462 746 485 747 459 747 468 747 485 748 468 748 463 748 463 749 505 749 485 749 505 750 463 750 462 750 462 751 465 751 504 751 465 752 466 752 506 752 506 753 504 753 465 753 466 754 477 754 507 754 466 755 507 755 506 755 504 756 508 756 505 756 508 757 485 757 505 757 506 758 509 758 510 758 509 759 506 759 507 759 510 760 508 760 506 760 506 761 508 761 504 761 493 762 511 762 491 762 486 763 485 763 508 763 508 764 502 764 486 764 499 765 501 765 500 765 495 766 492 766 494 766 493 767 491 767 490 767 488 768 491 768 487 768 487 769 489 769 488 769 483 770 484 770 487 770 503 771 502 771 501 771 496 772 497 772 498 772 493 773 492 773 495 773 508 774 512 774 502 774 479 775 474 775 513 775 477 776 509 776 507 776 477 777 479 777 509 777 479 778 513 778 509 778 435 779 481 779 514 779 514 780 481 780 515 780 482 781 483 781 516 781 515 782 481 782 516 782 481 783 482 783 516 783 517 784 518 784 431 784 431 785 430 785 517 785 430 786 515 786 517 786 515 787 430 787 435 787 514 788 515 788 435 788 407 187 411 187 519 187 411 789 431 789 518 789 518 790 520 790 411 790 411 791 521 791 519 791 522 792 521 792 411 792 523 793 522 793 411 793 520 794 524 794 411 794 524 795 523 795 411 795 517 796 525 796 518 796 520 797 518 797 525 797 523 798 526 798 527 798 526 799 525 799 528 799 526 800 524 800 525 800 525 801 517 801 529 801 520 802 525 802 524 802 526 803 523 803 524 803 519 804 521 804 530 804 530 805 531 805 519 805 532 806 513 806 474 806 474 807 401 807 532 807 401 808 402 808 533 808 533 809 534 809 401 809 535 810 532 810 401 810 536 811 535 811 401 811 401 812 534 812 537 812 538 813 536 813 401 813 537 814 539 814 401 814 401 815 539 815 538 815 540 816 532 816 535 816 532 817 540 817 513 817 540 818 535 818 536 818 534 819 533 819 541 819 409 820 408 820 542 820 408 821 531 821 542 821 408 822 407 822 519 822 519 823 531 823 408 823 543 824 544 824 417 824 545 825 423 825 420 825 546 826 545 826 420 826 544 827 546 827 417 827 420 828 417 828 546 828 417 829 412 829 543 829 544 830 545 830 546 830 547 831 544 831 542 831 542 832 544 832 543 832 543 833 412 833 542 833 412 834 409 834 542 834 545 835 544 835 548 835 426 836 423 836 545 836 549 837 550 837 387 837 387 838 389 838 549 838 389 839 388 839 549 839 551 840 549 840 388 840 388 841 396 841 551 841 396 842 395 842 551 842 552 843 551 843 395 843 395 844 386 844 552 844 553 845 552 845 386 845 386 846 390 846 553 846 390 847 391 847 553 847 554 848 553 848 391 848 555 849 554 849 391 849 391 850 393 850 555 850 397 851 556 851 557 851 558 852 555 852 393 852 393 853 392 853 558 853 557 854 558 854 392 854 392 855 397 855 557 855 559 856 556 856 397 856 397 857 428 857 559 857 428 858 560 858 559 858 560 859 428 859 429 859 561 860 560 860 429 860 561 861 429 861 425 861 562 862 561 862 425 862 425 863 424 863 562 863 424 864 563 864 562 864 563 865 424 865 419 865 564 866 563 866 419 866 564 867 419 867 418 867 565 868 564 868 418 868 418 869 422 869 565 869 565 870 422 870 421 870 421 871 566 871 565 871 566 872 421 872 427 872 567 873 566 873 427 873 427 874 426 874 567 874 545 875 567 875 426 875 568 876 569 876 398 876 398 877 404 877 568 877 404 878 385 878 568 878 570 879 568 879 385 879 385 880 382 880 570 880 382 881 550 881 570 881 382 882 381 882 550 882 381 883 387 883 550 883 550 884 549 884 571 884 554 885 572 885 551 885 573 886 556 886 560 886 567 887 545 887 548 887 564 888 565 888 563 888 555 889 558 889 557 889 553 890 551 890 552 890 548 891 565 891 566 891 560 892 561 892 562 892 556 893 559 893 560 893 557 894 556 894 555 894 553 895 554 895 551 895 548 896 566 896 567 896 571 897 549 897 551 897 574 898 547 898 542 898 544 899 547 899 575 899 548 900 544 900 576 900 575 901 576 901 544 901 565 902 548 902 577 902 563 903 565 903 577 903 577 904 562 904 563 904 577 905 578 905 562 905 578 906 560 906 562 906 578 907 573 907 560 907 556 908 573 908 579 908 579 909 555 909 556 909 554 910 555 910 579 910 579 911 572 911 554 911 551 912 572 912 571 912 571 913 580 913 550 913 581 914 550 914 580 914 581 915 582 915 583 915 541 916 583 916 582 916 584 917 534 917 541 917 582 918 584 918 541 918 584 919 585 919 534 919 537 920 534 920 585 920 585 921 586 921 537 921 539 922 537 922 586 922 538 923 539 923 587 923 586 924 587 924 539 924 587 925 588 925 538 925 588 926 536 926 538 926 588 927 589 927 536 927 589 928 540 928 536 928 589 929 590 929 540 929 590 930 591 930 513 930 513 931 540 931 590 931 509 932 513 932 591 932 510 933 509 933 591 933 592 934 510 934 591 934 508 935 510 935 592 935 592 936 512 936 508 936 593 937 502 937 512 937 501 938 502 938 593 938 593 939 594 939 501 939 500 940 501 940 594 940 498 941 500 941 595 941 496 942 498 942 595 942 595 943 596 943 496 943 495 944 496 944 596 944 596 945 597 945 495 945 493 946 597 946 511 946 493 947 495 947 597 947 491 948 511 948 598 948 598 949 487 949 491 949 483 950 487 950 599 950 598 951 599 951 487 951 516 952 483 952 599 952 600 953 515 953 516 953 600 954 529 954 517 954 517 955 515 955 600 955 525 956 529 956 528 956 527 957 601 957 523 957 601 958 522 958 523 958 601 959 602 959 522 959 602 960 521 960 522 960 602 961 530 961 521 961 530 962 574 962 531 962 531 963 574 963 542 963 541 964 533 964 402 964 402 965 399 965 583 965 583 966 541 966 402 966 399 967 569 967 583 967 569 968 399 968 398 968 570 969 581 969 568 969 583 970 568 970 581 970 568 971 583 971 569 971 570 972 550 972 581 972 473 973 478 973 603 973 604 974 603 974 478 974 478 975 467 975 604 975 605 976 604 976 467 976 467 977 461 977 605 977 606 978 605 978 461 978 461 979 456 979 606 979 607 980 606 980 456 980 456 981 455 981 607 981 608 982 607 982 455 982 455 983 460 983 608 983 609 984 608 984 460 984 460 985 473 985 609 985 603 986 609 986 473 986 603 987 604 987 607 987 605 988 606 988 607 988 608 989 609 989 607 989 609 990 603 990 607 990 607 991 604 991 605 991 403 992 394 992 610 992 611 993 610 993 394 993 394 994 380 994 611 994 612 995 611 995 380 995 613 996 612 996 380 996 380 997 379 997 613 997 379 998 383 998 613 998 614 999 613 999 383 999 383 1000 384 1000 614 1000 384 1001 400 1001 614 1001 615 1002 614 1002 400 1002 400 1003 403 1003 615 1003 610 1004 615 1004 403 1004 611 1005 612 1005 615 1005 612 1006 613 1006 615 1006 615 1007 613 1007 614 1007 615 1008 610 1008 611 1008 438 1009 441 1009 616 1009 441 1010 439 1010 616 1010 617 1011 616 1011 439 1011 439 1012 434 1012 617 1012 618 1013 617 1013 434 1013 434 1014 432 1014 618 1014 619 1015 618 1015 432 1015 620 1016 619 1016 432 1016 432 1017 433 1017 620 1017 433 1018 437 1018 620 1018 621 1019 620 1019 437 1019 437 1020 438 1020 621 1020 616 1021 621 1021 438 1021 617 1022 618 1022 619 1022 620 1023 621 1023 619 1023 619 1024 621 1024 616 1024 619 1025 616 1025 617 1025 416 1026 415 1026 622 1026 623 1027 622 1027 415 1027 415 1028 414 1028 623 1028 624 1029 623 1029 414 1029 414 1030 406 1030 624 1030 406 1031 405 1031 624 1031 625 1032 624 1032 405 1032 405 1033 410 1033 625 1033 626 1034 625 1034 410 1034 410 1035 413 1035 626 1035 622 1036 626 1036 413 1036 413 1037 416 1037 622 1037 624 1038 625 1038 627 1038 627 1039 626 1039 622 1039 627 1040 625 1040 626 1040 627 1041 623 1041 624 1041 627 1042 622 1042 623 1042 600 1043 528 1043 529 1043 600 1044 516 1044 599 1044 595 1045 500 1045 594 1045 628 1046 582 1046 581 1046 580 1047 628 1047 581 1047 576 1048 577 1048 548 1048 602 1049 574 1049 530 1049 602 1050 601 1050 629 1050 630 1051 601 1051 527 1051 575 1052 547 1052 631 1052 576 1053 632 1053 577 1053 584 1054 582 1054 628 1054 591 1055 590 1055 589 1055 594 1056 593 1056 633 1056 598 1057 634 1057 599 1057 528 1058 600 1058 635 1058 527 1059 526 1059 630 1059 574 1060 631 1060 547 1060 576 1061 575 1061 631 1061 628 1062 585 1062 584 1062 589 1063 636 1063 591 1063 592 1064 591 1064 636 1064 512 1065 592 1065 636 1065 574 1066 602 1066 629 1066 593 1067 512 1067 633 1067 511 1068 597 1068 637 1068 634 1069 638 1069 599 1069 599 1070 638 1070 600 1070 638 1071 635 1071 600 1071 528 1072 630 1072 526 1072 632 1073 639 1073 577 1073 578 1074 577 1074 639 1074 578 1075 640 1075 573 1075 640 1076 641 1076 573 1076 579 1077 573 1077 641 1077 628 1078 580 1078 642 1078 628 1079 643 1079 585 1079 586 1080 644 1080 587 1080 630 1081 528 1081 645 1081 629 1082 601 1082 646 1082 642 1083 580 1083 571 1083 643 1084 628 1084 647 1084 644 1085 588 1085 587 1085 648 1086 649 1086 589 1086 636 1087 589 1087 649 1087 595 1088 650 1088 596 1088 637 1089 598 1089 511 1089 635 1090 645 1090 528 1090 597 1091 596 1091 650 1091 588 1092 648 1092 589 1092 643 1093 651 1093 585 1093 641 1094 652 1094 579 1094 572 1095 579 1095 652 1095 574 1096 653 1096 631 1096 653 1097 654 1097 631 1097 651 1098 586 1098 585 1098 647 1099 628 1099 642 1099 571 1100 655 1100 642 1100 571 1101 652 1101 655 1101 571 1102 572 1102 652 1102 578 1103 639 1103 640 1103 656 1104 639 1104 632 1104 656 1105 632 1105 576 1105 576 1106 654 1106 656 1106 654 1107 576 1107 631 1107 653 1108 574 1108 629 1108 629 1109 646 1109 653 1109 601 1110 657 1110 646 1110 657 1111 601 1111 630 1111 645 1112 657 1112 630 1112 635 1113 658 1113 645 1113 635 1114 638 1114 658 1114 659 1115 658 1115 638 1115 659 1116 638 1116 634 1116 660 1117 659 1117 634 1117 660 1118 634 1118 598 1118 598 1119 637 1119 660 1119 597 1120 650 1120 637 1120 595 1121 661 1121 650 1121 661 1122 595 1122 594 1122 594 1123 662 1123 661 1123 662 1124 594 1124 633 1124 633 1125 663 1125 662 1125 663 1126 633 1126 512 1126 664 1127 663 1127 512 1127 512 1128 636 1128 664 1128 636 1129 649 1129 664 1129 588 1130 644 1130 648 1130 651 1131 644 1131 586 1131 660 1132 637 1132 665 1132 666 1133 665 1133 637 1133 637 1134 650 1134 666 1134 667 1135 666 1135 650 1135 645 1136 658 1136 668 1136 669 1137 668 1137 658 1137 658 1138 659 1138 669 1138 665 1139 669 1139 659 1139 659 1140 660 1140 665 1140 670 0 671 0 663 0 663 0 664 0 670 0 672 0 670 0 664 0 664 1141 649 1141 672 1141 673 1142 672 1142 649 1142 643 1143 647 1143 674 1143 675 1144 674 1144 647 1144 647 1145 642 1145 675 1145 676 1146 675 1146 642 1146 642 1147 655 1147 676 1147 673 1148 649 1148 648 1148 648 1149 644 1149 673 1149 677 1150 673 1150 644 1150 644 1151 651 1151 677 1151 674 1152 677 1152 651 1152 651 1153 643 1153 674 1153 667 1154 650 1154 661 1154 678 0 667 0 661 0 661 1155 662 1155 678 1155 662 1156 663 1156 678 1156 671 0 678 0 663 0 679 1157 680 1157 646 1157 646 1158 657 1158 679 1158 681 0 679 0 657 0 657 1159 645 1159 681 1159 668 1160 681 1160 645 1160 656 0 654 0 682 0 683 0 682 0 654 0 654 0 653 0 683 0 680 0 683 0 653 0 680 1161 653 1161 646 1161 684 1162 685 1162 640 1162 640 1163 639 1163 684 1163 639 1164 656 1164 684 1164 682 0 684 0 656 0 686 0 676 0 655 0 655 1165 652 1165 686 1165 687 1166 686 1166 652 1166 652 1167 641 1167 687 1167 685 1168 687 1168 641 1168 641 1169 640 1169 685 1169 688 1170 673 1170 677 1170 673 1171 688 1171 689 1171 689 1172 672 1172 673 1172 672 1173 689 1173 690 1173 690 1174 670 1174 672 1174 670 1175 690 1175 691 1175 691 1176 671 1176 670 1176 691 1177 678 1177 671 1177 678 1178 691 1178 692 1178 678 1179 692 1179 693 1179 693 1180 667 1180 678 1180 667 1181 693 1181 694 1181 694 1182 666 1182 667 1182 666 1183 694 1183 695 1183 695 1184 665 1184 666 1184 665 1185 695 1185 696 1185 665 1186 696 1186 697 1186 697 1187 669 1187 665 1187 697 1188 668 1188 669 1188 668 1189 697 1189 698 1189 698 1190 681 1190 668 1190 681 1191 698 1191 699 1191 699 1192 679 1192 681 1192 679 1193 699 1193 700 1193 700 1194 680 1194 679 1194 680 1195 700 1195 701 1195 701 1196 683 1196 680 1196 683 1197 701 1197 702 1197 702 1198 682 1198 683 1198 682 1199 702 1199 703 1199 703 1200 684 1200 682 1200 684 1201 703 1201 704 1201 704 1202 685 1202 684 1202 685 1203 704 1203 705 1203 705 1204 687 1204 685 1204 687 1205 705 1205 706 1205 706 1206 686 1206 687 1206 686 1207 706 1207 707 1207 707 1208 676 1208 686 1208 676 1209 707 1209 708 1209 708 1210 675 1210 676 1210 675 1211 708 1211 709 1211 709 1212 674 1212 675 1212 674 1213 709 1213 710 1213 710 1214 677 1214 674 1214 677 1215 710 1215 688 1215 699 1216 711 1216 712 1216 713 1217 714 1217 702 1217 699 178 698 178 711 178 689 1218 688 1218 715 1218 703 1219 716 1219 717 1219 701 1220 718 1220 713 1220 719 1221 700 1221 699 1221 698 178 697 178 720 178 720 1222 721 1222 698 1222 715 1223 690 1223 689 1223 690 1224 715 1224 722 1224 709 178 708 178 723 178 723 178 724 178 709 178 714 1225 716 1225 703 1225 703 1226 702 1226 714 1226 702 1227 701 1227 713 1227 698 1228 721 1228 711 1228 722 1229 691 1229 690 1229 719 178 718 178 700 178 699 1230 712 1230 719 1230 725 1231 715 1231 688 1231 710 1232 726 1232 727 1232 727 1233 688 1233 710 1233 724 1234 710 1234 709 1234 724 1235 726 1235 710 1235 707 1236 728 1236 723 1236 708 1237 707 1237 723 1237 729 1238 728 1238 707 1238 730 178 705 178 704 178 704 1239 731 1239 730 1239 717 1240 731 1240 704 1240 704 1241 703 1241 717 1241 701 178 700 178 718 178 696 1242 732 1242 733 1242 688 1243 727 1243 725 1243 707 1244 706 1244 729 1244 734 1245 729 1245 706 1245 734 1246 706 1246 705 1246 733 1247 697 1247 696 1247 693 1248 692 1248 735 1248 692 1249 736 1249 735 1249 736 1250 692 1250 691 1250 722 1251 736 1251 691 1251 705 178 730 178 734 178 696 1252 695 1252 732 1252 735 1253 737 1253 693 1253 697 178 733 178 720 178 738 1254 732 1254 695 1254 738 1255 695 1255 694 1255 739 1256 694 1256 693 1256 694 1257 739 1257 738 1257 737 1258 739 1258 693 1258 725 1259 727 1259 740 1259 740 1260 741 1260 725 1260 741 1261 742 1261 725 1261 715 1262 725 1262 742 1262 742 1263 743 1263 715 1263 722 1264 715 1264 743 1264 743 1265 744 1265 722 1265 744 1266 745 1266 722 1266 736 1267 722 1267 745 1267 745 1268 746 1268 736 1268 735 1269 736 1269 746 1269 746 1270 747 1270 735 1270 737 1271 735 1271 747 1271 747 1272 748 1272 737 1272 748 1273 749 1273 737 1273 739 1274 737 1274 749 1274 739 1275 749 1275 750 1275 739 1276 750 1276 751 1276 751 1277 752 1277 739 1277 738 1278 739 1278 752 1278 752 1279 753 1279 738 1279 753 1280 754 1280 732 1280 732 1281 738 1281 753 1281 754 1282 755 1282 733 1282 733 1283 732 1283 754 1283 755 1284 756 1284 733 1284 720 1285 733 1285 756 1285 756 1286 757 1286 720 1286 721 1287 720 1287 757 1287 757 1288 758 1288 721 1288 711 1289 721 1289 759 1289 758 1290 759 1290 721 1290 759 1291 760 1291 711 1291 712 1292 711 1292 761 1292 760 1293 761 1293 711 1293 761 1294 762 1294 712 1294 762 1295 763 1295 712 1295 763 1296 764 1296 712 1296 719 1297 712 1297 764 1297 764 1298 765 1298 719 1298 718 1299 719 1299 765 1299 765 1300 766 1300 718 1300 713 1301 718 1301 766 1301 766 1302 767 1302 713 1302 714 1303 713 1303 767 1303 767 1304 768 1304 714 1304 716 1305 714 1305 768 1305 768 1306 769 1306 716 1306 717 1307 716 1307 769 1307 769 1308 770 1308 717 1308 770 1309 771 1309 717 1309 731 1310 717 1310 771 1310 771 1311 772 1311 731 1311 731 1312 772 1312 773 1312 731 1313 773 1313 774 1313 774 1314 730 1314 731 1314 774 1315 775 1315 730 1315 775 1316 776 1316 734 1316 734 1317 730 1317 775 1317 729 1318 734 1318 777 1318 776 1319 777 1319 734 1319 777 1320 778 1320 729 1320 728 1321 729 1321 778 1321 778 1322 779 1322 728 1322 723 1323 728 1323 779 1323 779 1324 780 1324 723 1324 780 1325 781 1325 723 1325 724 1326 723 1326 781 1326 781 1327 782 1327 724 1327 726 1328 724 1328 782 1328 782 1329 783 1329 726 1329 727 1330 726 1330 784 1330 783 1331 784 1331 726 1331 785 1332 740 1332 727 1332 784 1333 785 1333 727 1333 786 1334 787 1334 767 1334 768 1335 767 1335 787 1335 787 1336 788 1336 768 1336 789 178 790 178 769 178 769 1337 768 1337 789 1337 788 1338 789 1338 768 1338 790 1339 773 1339 772 1339 772 1340 771 1340 790 1340 771 178 770 178 790 178 790 1341 770 1341 769 1341 764 1342 763 1342 791 1342 763 178 762 178 791 178 767 1343 766 1343 786 1343 791 1344 786 1344 766 1344 765 1345 764 1345 791 1345 791 1346 766 1346 765 1346 789 1347 788 1347 792 1347 793 1348 792 1348 788 1348 794 1349 793 1349 788 1349 788 1350 787 1350 794 1350 795 1351 794 1351 787 1351 787 1352 786 1352 795 1352 796 1353 795 1353 786 1353 786 1354 791 1354 796 1354 792 1355 797 1355 790 1355 790 1356 789 1356 792 1356 795 1357 796 1357 798 1357 797 1358 792 1358 794 1358 794 1359 792 1359 793 1359 794 1360 799 1360 800 1360 794 178 801 178 797 178 794 1361 798 1361 799 1361 794 1362 800 1362 801 1362 798 1363 794 1363 795 1363 801 1364 802 1364 803 1364 801 1365 800 1365 802 1365 804 1366 802 1366 800 1366 800 1367 799 1367 804 1367 805 1368 804 1368 799 1368 799 1369 798 1369 805 1369 806 1370 805 1370 798 1370 798 1371 807 1371 806 1371 808 1372 809 1372 810 1372 810 187 807 187 808 187 807 1373 798 1373 796 1373 796 187 791 187 762 187 796 187 808 187 807 187 808 187 796 187 762 187 762 187 811 187 808 187 812 1374 808 1374 811 1374 811 1375 813 1375 812 1375 814 1376 812 1376 813 1376 813 1377 815 1377 814 1377 816 1378 814 1378 815 1378 815 1379 817 1379 816 1379 817 1380 818 1380 816 1380 819 1381 816 1381 818 1381 819 178 820 178 821 178 821 1382 816 1382 819 1382 816 1383 809 1383 808 1383 808 1384 812 1384 816 1384 814 1385 816 1385 812 1385 822 178 823 178 816 178 823 178 809 178 816 178 821 1386 822 1386 816 1386 751 178 750 178 824 178 824 178 818 178 754 178 755 1387 754 1387 818 1387 824 178 754 178 753 178 753 1388 752 1388 824 1388 818 1389 817 1389 755 1389 756 1390 755 1390 817 1390 756 1391 817 1391 815 1391 752 1392 751 1392 824 1392 811 1393 762 1393 761 1393 811 1394 761 1394 760 1394 811 178 760 178 759 178 759 178 758 178 811 178 757 178 756 178 815 178 815 1395 813 1395 757 1395 813 1396 811 1396 757 1396 758 1397 757 1397 811 1397 820 1398 819 1398 818 1398 818 1399 824 1399 820 1399 809 1400 825 1400 810 1400 825 1401 809 1401 823 1401 823 1402 826 1402 825 1402 826 1403 823 1403 822 1403 822 1404 827 1404 826 1404 827 1405 822 1405 821 1405 821 1406 828 1406 827 1406 821 1407 829 1407 828 1407 830 1408 827 1408 828 1408 828 1409 829 1409 830 1409 825 178 826 178 831 178 832 1410 826 1410 827 1410 833 1411 806 1411 807 1411 825 1412 834 1412 835 1412 826 1413 832 1413 836 1413 830 1414 832 1414 827 1414 836 1415 831 1415 826 1415 837 1416 833 1416 807 1416 807 178 810 178 837 178 810 1417 835 1417 837 1417 810 1418 825 1418 835 1418 831 1419 834 1419 825 1419 833 1420 838 1420 805 1420 833 1421 805 1421 806 1421 805 1422 838 1422 839 1422 839 1423 804 1423 805 1423 840 1424 803 1424 802 1424 841 1425 840 1425 802 1425 802 1426 804 1426 841 1426 839 1427 841 1427 804 1427 840 1428 841 1428 842 1428 843 1429 842 1429 841 1429 841 1430 839 1430 843 1430 838 1431 833 1431 844 1431 833 1432 845 1432 844 1432 846 1433 845 1433 833 1433 833 1434 837 1434 846 1434 844 1435 847 1435 838 1435 847 1436 843 1436 839 1436 848 1437 849 1437 850 1437 851 1438 850 1438 849 1438 847 1439 839 1439 838 1439 847 1440 844 1440 850 1440 850 1441 844 1441 852 1441 853 1442 843 1442 847 1442 842 1443 843 1443 853 1443 850 1444 852 1444 848 1444 850 1445 853 1445 847 1445 854 1446 851 1446 849 1446 855 1447 854 1447 849 1447 856 1448 855 1448 849 1448 848 1449 852 1449 857 1449 857 1450 856 1450 848 1450 849 1451 848 1451 856 1451 858 1452 857 1452 852 1452 852 1453 844 1453 858 1453 858 1454 844 1454 845 1454 845 1455 846 1455 858 1455 835 1456 859 1456 860 1456 837 1457 835 1457 860 1457 860 1458 861 1458 837 1458 861 1459 846 1459 837 1459 862 1460 859 1460 834 1460 859 1461 835 1461 834 1461 834 1462 831 1462 862 1462 863 1463 862 1463 831 1463 831 1464 836 1464 863 1464 864 1465 865 1465 836 1465 865 1466 863 1466 836 1466 832 1467 866 1467 864 1467 836 1468 832 1468 864 1468 866 1469 832 1469 830 1469 867 1470 868 1470 862 1470 869 1471 870 1471 871 1471 870 1472 863 1472 872 1472 864 1473 866 1473 873 1473 859 1474 862 1474 874 1474 862 1475 868 1475 874 1475 872 1476 863 1476 865 1476 865 1477 875 1477 872 1477 875 1478 865 1478 876 1478 876 1479 865 1479 864 1479 877 1480 876 1480 864 1480 873 1481 877 1481 864 1481 878 1482 862 1482 870 1482 862 1483 879 1483 867 1483 871 1484 870 1484 872 1484 870 1485 862 1485 863 1485 878 1486 879 1486 862 1486 860 1487 859 1487 874 1487 858 1488 846 1488 874 1488 874 1489 846 1489 861 1489 874 1490 861 1490 860 1490 858 1491 874 1491 868 1491 857 1492 858 1492 868 1492 868 1493 867 1493 857 1493 856 1494 857 1494 867 1494 855 1495 856 1495 879 1495 867 1496 879 1496 856 1496 878 1497 870 1497 854 1497 854 1498 855 1498 878 1498 879 1499 878 1499 855 1499 880 1500 850 1500 851 1500 880 1501 851 1501 854 1501 880 1502 853 1502 850 1502 880 1503 854 1503 881 1503 882 1504 880 1504 881 1504 882 1505 881 1505 883 1505 884 1506 882 1506 883 1506 883 1507 885 1507 884 1507 884 1508 885 1508 886 1508 887 1509 884 1509 886 1509 887 1510 886 1510 888 1510 888 1511 889 1511 887 1511 890 1512 891 1512 892 1512 893 1513 892 1513 891 1513 893 1514 891 1514 889 1514 889 1515 894 1515 893 1515 888 1516 894 1516 889 1516 890 1517 892 1517 895 1517 896 1518 890 1518 895 1518 895 1519 897 1519 896 1519 897 1520 895 1520 898 1520 898 1521 899 1521 897 1521 898 1522 900 1522 899 1522 900 1523 901 1523 899 1523 901 1524 900 1524 902 1524 902 1525 903 1525 901 1525 903 1526 902 1526 904 1526 904 1527 905 1527 903 1527 905 1528 904 1528 906 1528 906 1529 907 1529 905 1529 907 1530 906 1530 908 1530 908 1531 909 1531 907 1531 908 1532 910 1532 909 1532 910 1533 908 1533 911 1533 911 1534 912 1534 910 1534 913 1535 914 1535 915 1535 915 1536 916 1536 913 1536 917 1537 913 1537 916 1537 895 1538 892 1538 918 1538 919 1539 915 1539 914 1539 916 1540 920 1540 917 1540 916 1541 921 1541 920 1541 921 1542 922 1542 920 1542 922 1543 921 1543 923 1543 923 1544 924 1544 922 1544 918 1545 925 1545 895 1545 925 1546 898 1546 895 1546 900 1547 898 1547 926 1547 925 1548 926 1548 898 1548 911 1549 908 1549 926 1549 926 1550 927 1550 911 1550 911 1551 927 1551 924 1551 928 1552 911 1552 924 1552 924 1553 923 1553 928 1553 928 1554 923 1554 929 1554 930 1555 928 1555 929 1555 929 1556 931 1556 930 1556 926 1557 908 1557 906 1557 926 1558 906 1558 904 1558 926 1559 904 1559 902 1559 902 1560 900 1560 926 1560 929 1561 932 1561 933 1561 933 1562 931 1562 929 1562 929 1563 934 1563 932 1563 935 1564 928 1564 930 1564 930 1565 936 1565 935 1565 936 1566 930 1566 931 1566 931 1567 937 1567 936 1567 931 1568 938 1568 937 1568 931 1569 933 1569 938 1569 938 1570 933 1570 932 1570 932 1571 939 1571 938 1571 939 1572 932 1572 934 1572 934 1573 940 1573 939 1573 940 1574 934 1574 929 1574 941 1575 940 1575 929 1575 929 1576 942 1576 941 1576 942 1577 929 1577 923 1577 921 1578 916 1578 943 1578 923 1579 921 1579 943 1579 943 1580 942 1580 923 1580 944 1581 916 1581 915 1581 916 1582 944 1582 943 1582 915 1583 919 1583 945 1583 915 1584 945 1584 944 1584 946 1585 947 1585 928 1585 911 1586 928 1586 947 1586 947 1587 948 1587 911 1587 911 1588 948 1588 949 1588 950 1589 946 1589 928 1589 911 1590 949 1590 951 1590 950 1591 928 1591 935 1591 935 1592 952 1592 950 1592 951 1593 912 1593 911 1593 951 1594 953 1594 912 1594 954 1595 955 1595 953 1595 953 1596 951 1596 954 1596 956 1597 957 1597 955 1597 955 1598 954 1598 956 1598 954 187 958 187 956 187 958 187 959 187 956 187 960 1599 959 1599 958 1599 956 1600 959 1600 950 1600 946 1601 950 1601 959 1601 947 1602 946 1602 959 1602 959 1603 960 1603 947 1603 960 1604 948 1604 947 1604 948 1605 960 1605 958 1605 958 1606 949 1606 948 1606 949 1607 958 1607 954 1607 954 1608 951 1608 949 1608 957 1609 956 1609 950 1609 950 1610 952 1610 957 1610 961 1611 750 1611 749 1611 740 178 785 178 962 178 744 178 963 178 964 178 745 1612 744 1612 964 1612 961 1613 749 1613 748 1613 961 1614 748 1614 747 1614 961 178 747 178 746 178 964 1615 965 1615 745 1615 746 1616 745 1616 965 1616 965 178 961 178 746 178 962 1617 966 1617 743 1617 744 1618 743 1618 966 1618 966 1619 963 1619 744 1619 743 1620 742 1620 962 1620 742 1621 741 1621 962 1621 741 178 740 178 962 178 965 1622 964 1622 967 1622 968 1623 967 1623 964 1623 964 1624 963 1624 968 1624 969 1625 968 1625 963 1625 963 1626 966 1626 969 1626 970 1627 969 1627 966 1627 966 1628 962 1628 970 1628 967 1629 971 1629 961 1629 961 1630 965 1630 967 1630 969 1631 970 1631 972 1631 968 1632 972 1632 973 1632 968 178 974 178 971 178 971 1633 967 1633 968 1633 972 178 968 178 969 178 968 1634 973 1634 975 1634 968 178 975 178 974 178 974 1635 976 1635 977 1635 974 1636 975 1636 976 1636 978 1637 976 1637 975 1637 975 1638 973 1638 978 1638 973 1639 972 1639 978 1639 979 1640 978 1640 972 1640 980 1641 979 1641 972 1641 972 1642 981 1642 980 1642 750 1643 961 1643 971 1643 971 1644 974 1644 977 1644 977 1645 820 1645 971 1645 750 1646 971 1646 820 1646 820 1643 824 1643 750 1643 829 1647 821 1647 820 1647 982 1648 820 1648 977 1648 820 1649 982 1649 983 1649 983 1650 829 1650 820 1650 983 1651 984 1651 829 1651 984 1652 985 1652 829 1652 977 1653 986 1653 987 1653 985 1654 869 1654 871 1654 829 1655 985 1655 873 1655 873 1656 866 1656 829 1656 866 1657 830 1657 829 1657 988 1658 989 1658 990 1658 991 1643 992 1643 993 1643 982 1659 994 1659 995 1659 990 1660 989 1660 996 1660 996 1661 997 1661 990 1661 990 1662 997 1662 998 1662 999 1663 1000 1663 990 1663 990 1664 1001 1664 999 1664 1002 1643 1003 1643 1004 1643 1004 1643 1003 1643 1005 1643 1004 1665 1006 1665 1007 1665 1007 1666 1008 1666 1004 1666 1004 1667 1008 1667 1009 1667 990 1643 869 1643 985 1643 990 1668 985 1668 1010 1668 1010 1669 988 1669 990 1669 998 1670 1011 1670 990 1670 990 1671 1011 1671 1012 1671 990 1672 1012 1672 1013 1672 993 1673 1004 1673 991 1673 1004 1674 993 1674 1014 1674 1014 1675 1002 1675 1004 1675 1004 1676 1005 1676 1015 1676 1015 1677 1016 1677 1004 1677 1004 1678 1016 1678 1006 1678 1009 1679 1017 1679 1004 1679 1004 1680 1017 1680 1018 1680 1018 1681 1019 1681 1004 1681 990 1682 1000 1682 1020 1682 1020 1683 1004 1683 990 1683 1021 1684 990 1684 1004 1684 1004 1685 1019 1685 1021 1685 985 1686 871 1686 872 1686 985 1687 877 1687 873 1687 990 1688 1013 1688 1022 1688 1022 1689 1023 1689 990 1689 990 1690 1023 1690 1001 1690 1024 1691 1025 1691 1026 1691 1027 1692 1028 1692 1029 1692 995 1693 1030 1693 1031 1693 1031 1694 1032 1694 995 1694 1032 1695 982 1695 995 1695 993 1696 992 1696 1033 1696 1033 1697 1034 1697 993 1697 993 1698 1034 1698 1035 1698 1036 1699 1037 1699 1026 1699 993 1700 1035 1700 1038 1700 1038 1701 1039 1701 993 1701 993 1702 1039 1702 1040 1702 993 1703 1041 1703 1042 1703 993 1704 1042 1704 1043 1704 1043 1705 1029 1705 993 1705 1029 1706 1028 1706 1044 1706 1044 1707 1045 1707 1029 1707 1045 1708 993 1708 1029 1708 995 1709 1046 1709 1030 1709 1030 1710 1046 1710 1047 1710 1047 1711 1048 1711 1030 1711 1030 1712 1048 1712 1049 1712 1049 1713 1050 1713 1030 1713 1030 1714 1050 1714 1051 1714 1051 1715 1052 1715 1030 1715 1030 1716 1052 1716 1053 1716 1053 1717 1054 1717 1030 1717 1054 1643 1055 1643 1030 1643 1030 1718 1055 1718 1056 1718 1056 1643 1057 1643 1030 1643 1030 1719 1057 1719 1058 1719 1058 1643 1059 1643 1030 1643 993 1720 1040 1720 1060 1720 1060 1721 1061 1721 993 1721 1061 1722 1041 1722 993 1722 1029 1723 1026 1723 1027 1723 1026 1724 1029 1724 1062 1724 1062 1725 1036 1725 1026 1725 985 1726 872 1726 875 1726 1026 1727 1037 1727 1063 1727 1063 1728 1064 1728 1026 1728 1064 1729 1024 1729 1026 1729 1026 1730 1025 1730 1065 1730 1065 1731 1066 1731 1026 1731 1026 1732 1066 1732 1067 1732 1067 1733 1068 1733 1026 1733 1026 1734 1068 1734 1069 1734 1069 1735 1070 1735 1026 1735 1026 1736 1070 1736 1071 1736 1026 1643 1071 1643 1072 1643 1072 1737 1073 1737 1026 1737 875 1738 876 1738 985 1738 987 1739 994 1739 977 1739 982 1740 977 1740 994 1740 876 1741 877 1741 985 1741 1074 1742 1075 1742 1076 1742 1076 1743 1077 1743 1074 1743 994 1744 1076 1744 1078 1744 994 1745 987 1745 1076 1745 1079 1746 1076 1746 1080 1746 1075 1747 1080 1747 1076 1747 1078 1748 1079 1748 1081 1748 1081 1749 1079 1749 1082 1749 1077 1750 1076 1750 987 1750 1076 1751 1079 1751 1078 1751 986 1752 1083 1752 987 1752 1077 1753 987 1753 1083 1753 1083 1754 1074 1754 1077 1754 1080 1755 1084 1755 1082 1755 1082 1756 1079 1756 1080 1756 1084 1757 1085 1757 1082 1757 1081 1758 1082 1758 1085 1758 1081 1759 1085 1759 1086 1759 1087 1760 1081 1760 1086 1760 1086 1761 1088 1761 1087 1761 1089 1762 1087 1762 1088 1762 1088 1763 1090 1763 1089 1763 1091 1764 1089 1764 1090 1764 1091 1765 1090 1765 1092 1765 1092 1766 1093 1766 1091 1766 1089 1767 1081 1767 1087 1767 1094 1768 1078 1768 1081 1768 1089 1769 1094 1769 1081 1769 1089 1770 1091 1770 1093 1770 1092 1771 1095 1771 1093 1771 1095 1772 1092 1772 1096 1772 1096 1773 1097 1773 1095 1773 1096 1774 1098 1774 1097 1774 1093 1775 1095 1775 1094 1775 1094 1776 1089 1776 1093 1776 1094 1777 1095 1777 1097 1777 1099 1778 1100 1778 1097 1778 1101 1779 1099 1779 1097 1779 1102 1780 1103 1780 1104 1780 1105 1781 1102 1781 1104 1781 1097 1782 1098 1782 1101 1782 1106 1783 1101 1783 1098 1783 1105 1784 1104 1784 1107 1784 1105 1785 1107 1785 1108 1785 1098 1786 1105 1786 1108 1786 1108 1787 1106 1787 1098 1787 1109 1788 1110 1788 1103 1788 1104 1789 1103 1789 1110 1789 1107 1790 1104 1790 1110 1790 1107 1791 1110 1791 1111 1791 1108 1792 1107 1792 1111 1792 1106 1793 1108 1793 1111 1793 1111 1794 1112 1794 1106 1794 1101 1795 1106 1795 1112 1795 1112 1796 1113 1796 1101 1796 1099 1797 1101 1797 1113 1797 1100 1798 1099 1798 1113 1798 1114 1799 1100 1799 1113 1799 1113 1800 1115 1800 1114 1800 1116 1801 1114 1801 1115 1801 1117 1802 1116 1802 1115 1802 1115 1803 1109 1803 1117 1803 1103 1804 1117 1804 1109 1804 1102 1805 1118 1805 1103 1805 1119 1806 1102 1806 1105 1806 1105 1807 1120 1807 1119 1807 1119 1808 1121 1808 1102 1808 1121 1809 1118 1809 1102 1809 1121 1810 1122 1810 1123 1810 1123 1811 1124 1811 1121 1811 1124 1812 1123 1812 1125 1812 1122 1813 1121 1813 1119 1813 1119 1814 1120 1814 1122 1814 1120 1815 1126 1815 1122 1815 1126 1816 1127 1816 1123 1816 1123 1817 1122 1817 1126 1817 1127 1818 1128 1818 1123 1818 1129 1819 1130 1819 1131 1819 1128 1820 1132 1820 1123 1820 1133 1821 1123 1821 1132 1821 1134 1822 1129 1822 1131 1822 1131 1823 1125 1823 1134 1823 1135 1824 1134 1824 1125 1824 1125 1825 1136 1825 1135 1825 1137 1826 1135 1826 1136 1826 1132 1827 1137 1827 1136 1827 1136 1828 1133 1828 1132 1828 1133 1829 1125 1829 1123 1829 1138 1830 1124 1830 1125 1830 1125 1831 1133 1831 1136 1831 1125 1832 1131 1832 1138 1832 1139 1833 1140 1833 1131 1833 1138 1834 1131 1834 1140 1834 1124 1835 1138 1835 1140 1835 1141 1836 1142 1836 1143 1836 1142 1837 1144 1837 1143 1837 1145 1838 1144 1838 1142 1838 1139 1839 1145 1839 1142 1839 1142 1840 1140 1840 1139 1840 1142 1841 1141 1841 1146 1841 1147 1842 1140 1842 1146 1842 1146 1843 1140 1843 1142 1843 1148 1844 1145 1844 1139 1844 1141 1845 1143 1845 1149 1845 1139 1846 1131 1846 1130 1846 1130 1847 1148 1847 1139 1847 1092 1848 1090 1848 1128 1848 1090 178 1132 178 1128 178 1150 1849 1151 1849 1149 1849 1085 1850 980 1850 981 1850 981 1851 1135 1851 1137 1851 981 178 1137 178 1132 178 986 1852 977 1852 976 1852 1134 178 1135 178 981 178 1086 178 981 178 1132 178 981 1853 1086 1853 1085 1853 1148 1854 1130 1854 1152 1854 1130 1855 1129 1855 1152 1855 1153 178 1152 178 1129 178 1153 178 1129 178 1134 178 1134 178 981 178 1153 178 980 1856 1085 1856 1084 1856 1084 1857 979 1857 980 1857 979 1858 1084 1858 1080 1858 1105 178 1098 178 1092 178 1092 1859 1128 1859 1105 1859 1120 1860 1105 1860 1128 1860 1128 1861 1127 1861 1120 1861 1090 178 1088 178 1132 178 1132 178 1088 178 1086 178 1120 1862 1127 1862 1126 1862 1092 1863 1098 1863 1096 1863 1083 1864 986 1864 976 1864 1083 1865 976 1865 978 1865 1074 1866 1083 1866 978 1866 1080 1867 978 1867 979 1867 978 1868 1080 1868 1075 1868 1075 1869 1074 1869 978 1869 1149 178 1154 178 1150 178 1149 1870 1143 1870 1154 1870 1152 1871 1155 1871 1148 1871 1155 1872 1154 1872 1143 1872 1143 1873 1144 1873 1155 1873 1144 1874 1145 1874 1155 1874 1145 1875 1148 1875 1155 1875 1156 1876 1151 1876 1150 1876 1157 1877 1152 1877 1153 1877 1155 1878 1152 1878 1157 1878 1157 1879 1158 1879 1155 1879 1158 1880 1159 1880 1155 1880 1154 1881 1155 1881 1159 1881 1159 1882 1156 1882 1154 1882 1150 1883 1154 1883 1156 1883 773 1884 790 1884 797 1884 1151 1885 1156 1885 1160 1885 1160 1884 1161 1884 773 1884 773 1886 797 1886 1160 1886 1160 1887 797 1887 1151 1887 955 1888 957 1888 1162 1888 945 1884 1163 1884 1164 1884 803 1889 840 1889 842 1889 1165 1890 1166 1890 797 1890 797 1891 1166 1891 1167 1891 1167 1892 1168 1892 797 1892 942 1893 943 1893 957 1893 957 1894 943 1894 944 1894 1141 1895 1149 1895 1151 1895 797 1896 1168 1896 1169 1896 797 1897 1169 1897 1170 1897 1170 1898 1171 1898 797 1898 957 1899 944 1899 945 1899 1162 1900 957 1900 945 1900 1172 1901 1173 1901 1174 1901 1175 1902 1176 1902 797 1902 797 1903 1176 1903 1177 1903 1177 1904 1178 1904 797 1904 797 1905 1171 1905 1179 1905 1179 1906 1180 1906 797 1906 1180 1907 1181 1907 797 1907 797 1908 1181 1908 1182 1908 1182 1909 1183 1909 797 1909 1183 1910 1184 1910 797 1910 1185 1911 1186 1911 1187 1911 1187 1912 1147 1912 1185 1912 1178 1913 1188 1913 797 1913 797 1914 1188 1914 1189 1914 797 1915 1189 1915 1190 1915 1190 1916 1191 1916 797 1916 797 1917 1191 1917 1192 1917 1192 1918 1193 1918 797 1918 797 1919 1193 1919 1194 1919 1194 1920 1195 1920 797 1920 797 1921 1195 1921 1165 1921 957 1884 952 1884 935 1884 957 1922 935 1922 936 1922 1196 1923 1197 1923 1198 1923 1185 1924 1147 1924 1146 1924 912 1884 953 1884 955 1884 1162 1925 1199 1925 1200 1925 1200 1926 1198 1926 1162 1926 1201 1927 1162 1927 1198 1927 1198 1928 1197 1928 1201 1928 1173 1929 1185 1929 1202 1929 1185 1930 1173 1930 1203 1930 1203 1931 1186 1931 1185 1931 1202 1932 1204 1932 1173 1932 1173 1933 1204 1933 1205 1933 1205 1934 1206 1934 1173 1934 1173 1935 1206 1935 1207 1935 1207 1936 1208 1936 1173 1936 1208 1937 1174 1937 1173 1937 1209 1938 1210 1938 1211 1938 1211 1939 1212 1939 1209 1939 1212 1940 1174 1940 1209 1940 1174 1941 1212 1941 1213 1941 1174 1942 1213 1942 1172 1942 945 1943 1164 1943 1214 1943 945 1944 1214 1944 1215 1944 1162 1945 945 1945 1215 1945 1215 1946 1216 1946 1162 1946 1216 1947 1199 1947 1162 1947 797 1948 1184 1948 1217 1948 1217 1949 1185 1949 797 1949 1151 1950 797 1950 1185 1950 1146 1951 1151 1951 1185 1951 957 1952 936 1952 937 1952 957 1953 937 1953 938 1953 957 1954 938 1954 939 1954 957 1955 939 1955 940 1955 940 1884 941 1884 957 1884 941 1956 942 1956 957 1956 1198 1957 1218 1957 1219 1957 1219 1958 1220 1958 1198 1958 1198 1959 1220 1959 1221 1959 1198 1960 1221 1960 1222 1960 1222 1961 1223 1961 1198 1961 1198 1962 1223 1962 1224 1962 1224 1963 1225 1963 1198 1963 1151 1964 1146 1964 1141 1964 1198 1965 1226 1965 1227 1965 1227 1966 1228 1966 1198 1966 1228 1967 1218 1967 1198 1967 1225 1968 1229 1968 1198 1968 1198 1969 1229 1969 1230 1969 1198 1970 1230 1970 1231 1970 1198 1971 1231 1971 1232 1971 1232 1972 1233 1972 1198 1972 1198 1973 1233 1973 1196 1973 955 1974 897 1974 899 1974 803 1975 842 1975 853 1975 891 1976 890 1976 955 1976 955 1977 890 1977 896 1977 955 1978 896 1978 897 1978 907 1979 909 1979 955 1979 909 1884 910 1884 955 1884 910 1884 912 1884 955 1884 955 1980 899 1980 901 1980 955 1981 901 1981 903 1981 903 1982 905 1982 955 1982 905 1983 907 1983 955 1983 797 1984 801 1984 803 1984 955 1985 797 1985 803 1985 1175 1986 797 1986 955 1986 1162 1987 1175 1987 955 1987 803 1988 853 1988 955 1988 955 1989 853 1989 880 1989 955 1990 880 1990 882 1990 882 1991 884 1991 955 1991 955 1992 884 1992 887 1992 887 1884 889 1884 955 1884 889 1993 891 1993 955 1993 1160 1994 1234 1994 1235 1994 1235 1995 1161 1995 1160 1995 774 178 773 178 1161 178 1161 178 1235 178 778 178 779 1996 778 1996 1235 1996 1235 1997 1236 1997 779 1997 778 178 777 178 1161 178 1161 1998 777 1998 776 1998 1161 1999 776 1999 775 1999 1161 2000 775 2000 774 2000 1236 2001 1237 2001 779 2001 780 2002 779 2002 1237 2002 1238 2003 785 2003 784 2003 1238 2004 784 2004 783 2004 1238 2005 782 2005 781 2005 1237 178 1239 178 780 178 781 2006 780 2006 1239 2006 1239 2007 1238 2007 781 2007 1238 178 783 178 782 178 1158 178 1157 178 1240 178 1240 2008 1157 2008 1241 2008 1156 178 1159 178 1240 178 1159 178 1158 178 1240 178 1241 2009 1242 2009 1240 2009 1240 2010 1242 2010 1243 2010 1156 2011 1240 2011 1234 2011 1234 178 1160 178 1156 178 1242 2012 1241 2012 1238 2012 1238 2013 1239 2013 1242 2013 1243 2014 1242 2014 1239 2014 1239 2015 1237 2015 1243 2015 1240 2016 1243 2016 1237 2016 1234 2017 1240 2017 1237 2017 1237 2018 1236 2018 1234 2018 1236 2019 1235 2019 1234 2019 1153 2020 1244 2020 1245 2020 981 807 1246 807 1244 807 1153 2021 981 2021 1244 2021 981 2022 972 2022 970 2022 785 2023 1247 2023 1248 2023 1249 807 1250 807 962 807 1249 807 962 807 785 807 1245 2024 1251 2024 1153 2024 1153 2025 1251 2025 1252 2025 1241 2026 1157 2026 1153 2026 1153 2027 1252 2027 1241 2027 1238 807 1241 807 1252 807 785 807 1238 807 1252 807 1252 807 1247 807 785 807 1248 807 1249 807 785 807 962 2028 1250 2028 1253 2028 970 807 1254 807 981 807 1254 807 1246 807 981 807 970 807 962 807 1253 807 1253 2029 1254 2029 970 2029 1109 2030 1115 2030 1255 2030 1109 2031 1255 2031 1256 2031 1256 2032 1110 2032 1109 2032 1110 2033 1256 2033 1257 2033 1111 2034 1110 2034 1257 2034 1257 2035 1258 2035 1111 2035 1258 2036 1112 2036 1111 2036 1259 2037 1255 2037 1113 2037 1255 2038 1115 2038 1113 2038 1259 2039 1113 2039 1112 2039 1258 2040 1259 2040 1112 2040 1260 2041 1250 2041 1249 2041 1250 2042 1260 2042 1261 2042 1261 2043 1253 2043 1250 2043 1253 2044 1261 2044 1262 2044 1262 2045 1254 2045 1253 2045 1254 2046 1262 2046 1263 2046 1263 2047 1246 2047 1254 2047 1246 2048 1263 2048 1264 2048 1264 2049 1244 2049 1246 2049 1244 2050 1264 2050 1265 2050 1265 2051 1245 2051 1244 2051 1245 2052 1265 2052 1266 2052 1266 2053 1251 2053 1245 2053 1251 2054 1266 2054 1267 2054 1267 2055 1252 2055 1251 2055 1267 2056 1247 2056 1252 2056 1247 2057 1267 2057 1268 2057 1268 2058 1248 2058 1247 2058 1248 2059 1268 2059 1260 2059 1260 2060 1249 2060 1248 2060 1266 2061 1265 2061 1267 2061 1264 2062 1267 2062 1265 2062 1264 2063 1263 2063 1269 2063 1270 2064 1268 2064 1267 2064 1260 2065 1268 2065 1271 2065 1262 2066 1261 2066 1272 2066 1270 2067 1271 2067 1268 2067 1260 2068 1271 2068 1273 2068 1274 2069 1270 2069 1267 2069 1273 2070 1272 2070 1261 2070 1272 2071 1269 2071 1263 2071 1264 2072 1269 2072 1274 2072 1267 2073 1264 2073 1274 2073 1273 2074 1261 2074 1260 2074 1263 2075 1262 2075 1272 2075 1275 178 1276 178 1274 178 1274 178 1269 178 1275 178 1276 2076 1275 2076 1277 2076 1277 2077 1278 2077 1276 2077 1279 2078 1276 2078 1278 2078 1278 2079 1280 2079 1279 2079 1277 2080 1275 2080 1269 2080 1269 2081 1272 2081 1277 2081 1278 2082 1277 2082 1272 2082 1272 2082 1273 2082 1278 2082 1280 0 1278 0 1273 0 1273 0 1271 0 1280 0 1279 2083 1280 2083 1271 2083 1271 2083 1270 2083 1279 2083 1276 2084 1279 2084 1270 2084 1270 2085 1274 2085 1276 2085 1281 2086 1282 2086 1283 2086 1284 2087 1285 2087 1035 2087 1286 2088 1287 2088 1288 2088 1289 2089 1117 2089 1103 2089 1118 2090 1290 2090 1103 2090 1290 2091 1289 2091 1103 2091 1114 2092 1116 2092 1050 2092 1289 2093 1291 2093 1117 2093 1050 2094 1049 2094 1114 2094 1097 2095 1100 2095 1048 2095 1049 2096 1048 2096 1100 2096 1100 2097 1114 2097 1049 2097 1094 2098 1097 2098 1047 2098 1048 2099 1047 2099 1097 2099 1047 2100 1046 2100 1094 2100 1046 2101 995 2101 1094 2101 1094 2102 995 2102 1078 2102 995 2103 994 2103 1078 2103 870 2104 869 2104 990 2104 854 2105 870 2105 1021 2105 870 2106 990 2106 1021 2106 1292 2107 1286 2107 1036 2107 1037 2108 1036 2108 1286 2108 1062 2109 1293 2109 1292 2109 1036 2110 1062 2110 1292 2110 1029 2111 1043 2111 1294 2111 1294 2112 1293 2112 1029 2112 1062 2113 1029 2113 1293 2113 1295 2114 1294 2114 1042 2114 1043 2115 1042 2115 1294 2115 1042 2116 1041 2116 1295 2116 1041 2117 1061 2117 1295 2117 1060 2118 1296 2118 1297 2118 1061 2119 1060 2119 1297 2119 1061 2120 1297 2120 1295 2120 1060 2121 1040 2121 1296 2121 1039 2122 1285 2122 1296 2122 1040 2123 1039 2123 1296 2123 1039 2124 1038 2124 1285 2124 1038 2125 1035 2125 1285 2125 1284 2126 1035 2126 1034 2126 1034 2127 1298 2127 1284 2127 1033 2128 992 2128 1299 2128 1033 2129 1299 2129 1298 2129 1034 2130 1033 2130 1298 2130 991 2131 1004 2131 1300 2131 1300 2132 1301 2132 991 2132 992 2133 991 2133 1301 2133 992 2134 1301 2134 1299 2134 1004 2135 1020 2135 1300 2135 1020 2136 1000 2136 1300 2136 1000 2137 999 2137 1302 2137 1302 2138 1300 2138 1000 2138 1302 2139 1001 2139 1303 2139 1303 2140 1304 2140 1302 2140 1302 2141 999 2141 1001 2141 1058 2142 1057 2142 1281 2142 1305 2143 1281 2143 1057 2143 1306 2144 1305 2144 1056 2144 1057 2145 1056 2145 1305 2145 1307 2146 1308 2146 1054 2146 1055 2147 1054 2147 1308 2147 1056 2148 1055 2148 1308 2148 1308 2149 1306 2149 1056 2149 1053 2150 1309 2150 1307 2150 1054 2151 1053 2151 1307 2151 1053 2152 1052 2152 1310 2152 1310 2153 1052 2153 1051 2153 1310 2154 1309 2154 1053 2154 1311 2155 1312 2155 1310 2155 1051 2156 1311 2156 1310 2156 1311 2157 1051 2157 1050 2157 1050 2158 1291 2158 1311 2158 1291 2159 1050 2159 1116 2159 1116 2160 1117 2160 1291 2160 1283 2161 1058 2161 1281 2161 1058 2162 1283 2162 1313 2162 1313 2163 1059 2163 1058 2163 1059 2164 1313 2164 1314 2164 1314 2165 1030 2165 1059 2165 1030 2166 1314 2166 1315 2166 1315 2167 1031 2167 1030 2167 1031 2168 1315 2168 1316 2168 1316 2169 1032 2169 1031 2169 982 2170 1032 2170 1316 2170 1316 2171 1317 2171 982 2171 983 2172 982 2172 1317 2172 1317 2173 1318 2173 983 2173 984 2174 983 2174 1318 2174 1318 2175 1319 2175 984 2175 985 2176 984 2176 1319 2176 1319 2177 1320 2177 985 2177 1010 2178 985 2178 1320 2178 1320 2179 1321 2179 1010 2179 988 2180 1010 2180 1321 2180 1321 2181 1322 2181 988 2181 989 2182 988 2182 1322 2182 1322 2183 1323 2183 989 2183 996 2184 989 2184 1323 2184 1323 2185 1324 2185 996 2185 997 2186 996 2186 1324 2186 1324 2187 1325 2187 997 2187 998 2188 997 2188 1325 2188 1325 2189 1326 2189 998 2189 1011 2190 998 2190 1326 2190 1326 2191 1327 2191 1011 2191 1012 2192 1011 2192 1327 2192 1327 2193 1328 2193 1012 2193 1013 2194 1012 2194 1328 2194 1328 2195 1329 2195 1013 2195 1022 2196 1013 2196 1329 2196 1329 2197 1330 2197 1022 2197 1023 2198 1022 2198 1330 2198 1330 2199 1331 2199 1023 2199 1001 2200 1023 2200 1331 2200 1331 2201 1303 2201 1001 2201 1288 2202 1037 2202 1286 2202 1063 2203 1037 2203 1288 2203 1288 2204 1332 2204 1063 2204 1064 2205 1063 2205 1332 2205 1332 2206 1333 2206 1064 2206 1024 2207 1064 2207 1333 2207 1333 2208 1334 2208 1024 2208 1025 2209 1024 2209 1334 2209 1334 2210 1335 2210 1025 2210 1065 2211 1025 2211 1335 2211 1335 2212 1336 2212 1065 2212 1066 2213 1065 2213 1336 2213 1336 2214 1337 2214 1066 2214 1067 2215 1066 2215 1337 2215 1337 2216 1338 2216 1067 2216 1068 2217 1067 2217 1338 2217 1338 2218 1339 2218 1068 2218 1069 2219 1068 2219 1339 2219 1339 2220 1340 2220 1069 2220 1070 2221 1069 2221 1340 2221 1340 2222 1341 2222 1070 2222 1071 2223 1070 2223 1341 2223 1341 2224 1342 2224 1071 2224 1072 2225 1071 2225 1342 2225 1342 2226 1343 2226 1072 2226 1073 2227 1072 2227 1343 2227 1343 2228 1344 2228 1073 2228 1026 2229 1073 2229 1344 2229 1344 2230 1345 2230 1026 2230 1027 2231 1026 2231 1345 2231 1345 2232 1346 2232 1027 2232 1028 2233 1027 2233 1346 2233 1346 2234 1347 2234 1028 2234 1044 2235 1028 2235 1347 2235 1348 2236 1349 2236 1045 2236 1045 2237 1044 2237 1348 2237 1347 2238 1348 2238 1044 2238 1045 2239 1349 2239 919 2239 919 2240 993 2240 1045 2240 892 2241 1009 2241 1008 2241 1008 2242 918 2242 892 2242 918 2243 1008 2243 1007 2243 1007 2244 925 2244 918 2244 925 2245 1007 2245 1006 2245 1006 2246 926 2246 925 2246 926 2247 1006 2247 1016 2247 1016 2248 927 2248 926 2248 927 2249 1016 2249 1015 2249 1015 2250 924 2250 927 2250 924 2251 1015 2251 1005 2251 1005 2252 922 2252 924 2252 922 2253 1005 2253 1003 2253 1003 2254 920 2254 922 2254 920 2255 1003 2255 1002 2255 1002 2256 917 2256 920 2256 917 2257 1002 2257 1014 2257 1014 2258 913 2258 917 2258 913 2259 1014 2259 993 2259 993 2260 914 2260 913 2260 919 2261 914 2261 993 2261 892 2262 893 2262 1009 2262 1009 2263 893 2263 894 2263 894 2264 1017 2264 1009 2264 894 2265 888 2265 1017 2265 1017 2266 888 2266 886 2266 886 2267 1018 2267 1017 2267 1018 2268 886 2268 885 2268 1019 2269 1018 2269 885 2269 885 2270 883 2270 1019 2270 1019 2271 883 2271 881 2271 1021 2272 1019 2272 881 2272 1021 2273 881 2273 854 2273 1286 2274 1292 2274 1350 2274 1351 2275 1350 2275 1292 2275 1352 2276 1292 2276 1353 2276 1352 2277 1351 2277 1292 2277 1302 2278 1354 2278 1355 2278 1356 2279 1355 2279 1354 2279 1354 2280 1302 2280 1357 2280 1302 2281 1355 2281 1300 2281 1355 2282 1358 2282 1298 2282 1298 2283 1300 2283 1355 2283 1358 2284 1284 2284 1298 2284 1284 2285 1358 2285 1359 2285 1298 2286 1299 2286 1300 2286 1299 2287 1301 2287 1300 2287 1284 2288 1359 2288 1360 2288 1360 2289 1285 2289 1284 2289 1360 2290 1296 2290 1285 2290 1358 2291 1355 2291 1361 2291 1362 2292 1361 2292 1355 2292 1297 2293 1360 2293 1294 2293 1360 2294 1297 2294 1296 2294 1295 2295 1297 2295 1294 2295 1360 2296 1359 2296 1363 2296 1359 2297 1364 2297 1363 2297 1294 2298 1360 2298 1363 2298 1294 2299 1365 2299 1353 2299 1353 2300 1292 2300 1293 2300 1293 2301 1294 2301 1353 2301 1365 2302 1363 2302 1366 2302 1294 2303 1363 2303 1365 2303 1361 2304 1367 2304 1358 2304 1363 2305 1364 2305 1366 2305 1364 2306 1368 2306 1366 2306 1367 2307 1368 2307 1364 2307 1364 2308 1359 2308 1367 2308 1367 2309 1359 2309 1358 2309 1369 2310 1370 2310 1371 2310 1370 2311 1372 2311 1371 2311 1373 2312 1372 2312 1370 2312 1374 2313 1373 2313 1375 2313 1370 2314 1375 2314 1373 2314 1312 2315 1374 2315 1375 2315 1375 2316 1376 2316 1312 2316 1309 2317 1376 2317 1377 2317 1309 2318 1310 2318 1376 2318 1310 2319 1312 2319 1376 2319 1307 2320 1309 2320 1377 2320 1307 2321 1377 2321 1378 2321 1308 2322 1307 2322 1378 2322 1378 2323 1306 2323 1308 2323 1378 2324 1379 2324 1305 2324 1305 2325 1306 2325 1378 2325 1379 2326 1281 2326 1305 2326 1282 2327 1281 2327 1379 2327 1380 2328 1282 2328 1381 2328 1379 2329 1381 2329 1282 2329 1382 2330 1380 2330 1381 2330 1381 2331 1369 2331 1382 2331 1383 2332 1382 2332 1369 2332 1371 2333 1383 2333 1369 2333 1365 2334 1384 2334 1353 2334 1385 2335 1386 2335 1384 2335 1384 2336 1365 2336 1385 2336 1368 2337 1385 2337 1365 2337 1365 2338 1366 2338 1368 2338 1286 2339 1350 2339 1287 2339 1350 2340 1387 2340 1287 2340 1350 2341 1351 2341 1387 2341 1388 2342 1387 2342 1351 2342 1351 2343 1352 2343 1388 2343 1389 2344 1388 2344 1352 2344 1352 2345 1353 2345 1389 2345 1353 2346 1384 2346 1386 2346 1386 2347 1389 2347 1353 2347 1368 2348 1390 2348 1391 2348 1391 2349 1385 2349 1368 2349 1391 2350 1386 2350 1385 2350 1287 2351 1387 2351 1392 2351 1393 2352 1394 2352 1388 2352 1387 2353 1388 2353 1394 2353 1394 2354 1392 2354 1387 2354 1388 2355 1389 2355 1393 2355 1386 2356 1393 2356 1389 2356 1395 2357 1393 2357 1391 2357 1386 2358 1391 2358 1393 2358 1393 2359 1396 2359 1394 2359 1392 2360 1394 2360 1396 2360 1396 2361 1393 2361 1395 2361 1395 2362 1397 2362 1398 2362 1398 2363 1399 2363 1395 2363 1395 2364 1391 2364 1397 2364 1399 2365 1398 2365 1400 2365 1398 2366 1401 2366 1400 2366 1397 2367 1402 2367 1398 2367 1403 2368 1404 2368 1401 2368 1401 2369 1398 2369 1403 2369 1398 2370 1402 2370 1403 2370 1405 2371 1402 2371 1397 2371 1403 2372 1402 2372 1406 2372 1407 2373 1402 2373 1408 2373 1407 2374 1409 2374 1410 2374 1406 2375 1407 2375 1410 2375 1406 2376 1410 2376 1411 2376 1402 2377 1407 2377 1406 2377 1412 2378 1408 2378 1402 2378 1412 2379 1402 2379 1405 2379 1390 2380 1368 2380 1397 2380 1412 2381 1367 2381 1413 2381 1368 2382 1367 2382 1412 2382 1412 2383 1405 2383 1368 2383 1368 2384 1405 2384 1397 2384 1408 2385 1412 2385 1413 2385 1391 2386 1390 2386 1397 2386 1361 2387 1414 2387 1367 2387 1414 2388 1361 2388 1362 2388 1362 2389 1415 2389 1414 2389 1362 2390 1416 2390 1415 2390 1362 2391 1417 2391 1416 2391 1355 2392 1356 2392 1362 2392 1417 2393 1362 2393 1356 2393 1418 2394 1415 2394 1416 2394 1418 2395 1408 2395 1415 2395 1414 2396 1415 2396 1408 2396 1414 2397 1408 2397 1413 2397 1413 2398 1367 2398 1414 2398 1419 2399 1416 2399 1417 2399 1420 2400 1421 2400 1407 2400 1420 2401 1407 2401 1408 2401 1409 2402 1407 2402 1421 2402 1418 2403 1422 2403 1420 2403 1420 2404 1408 2404 1418 2404 1404 2405 1403 2405 1175 2405 1423 2406 1304 2406 1303 2406 1380 2407 1207 2407 1206 2407 1373 2408 1374 2408 1213 2408 1372 2409 1373 2409 1212 2409 1213 2410 1212 2410 1373 2410 1212 2411 1211 2411 1372 2411 1209 2412 1383 2412 1371 2412 1210 2413 1209 2413 1371 2413 1211 2414 1210 2414 1371 2414 1371 2415 1372 2415 1211 2415 1174 2416 1382 2416 1383 2416 1209 2417 1174 2417 1383 2417 1174 2418 1208 2418 1382 2418 1380 2419 1208 2419 1207 2419 1208 2420 1380 2420 1382 2420 1420 2421 1423 2421 1194 2421 1195 2422 1194 2422 1423 2422 1193 2423 1421 2423 1420 2423 1194 2424 1193 2424 1420 2424 1409 2425 1421 2425 1192 2425 1192 2426 1191 2426 1409 2426 1193 2427 1192 2427 1421 2427 1191 2428 1190 2428 1409 2428 1190 2429 1189 2429 1410 2429 1410 2430 1409 2430 1190 2430 1411 2431 1410 2431 1188 2431 1189 2432 1188 2432 1410 2432 1188 2433 1178 2433 1411 2433 1178 2434 1177 2434 1406 2434 1178 2435 1406 2435 1411 2435 1177 2436 1176 2436 1406 2436 1176 2437 1403 2437 1406 2437 1403 2438 1176 2438 1175 2438 1175 2439 1162 2439 1404 2439 1401 2440 1201 2440 1197 2440 1400 2441 1401 2441 1197 2441 1162 2442 1201 2442 1401 2442 1162 2443 1401 2443 1404 2443 1196 2444 1399 2444 1400 2444 1197 2445 1196 2445 1400 2445 1233 2446 1232 2446 1399 2446 1196 2447 1233 2447 1399 2447 1395 2448 1399 2448 1231 2448 1232 2449 1231 2449 1399 2449 1230 2450 1396 2450 1395 2450 1231 2451 1230 2451 1395 2451 1392 2452 1396 2452 1229 2452 1230 2453 1229 2453 1396 2453 1392 2454 1229 2454 1225 2454 1392 2455 1225 2455 1288 2455 1288 2456 1287 2456 1392 2456 1163 2457 945 2457 919 2457 1147 2458 1124 2458 1140 2458 1147 2459 1187 2459 1124 2459 1187 2460 1186 2460 1124 2460 1118 2461 1121 2461 1203 2461 1186 2462 1203 2462 1121 2462 1121 2463 1124 2463 1186 2463 1374 2464 1311 2464 1291 2464 1311 2465 1374 2465 1312 2465 1163 2466 919 2466 1349 2466 1164 2467 1163 2467 1349 2467 1349 2468 1348 2468 1164 2468 1214 2469 1164 2469 1348 2469 1348 2470 1347 2470 1214 2470 1215 2471 1214 2471 1347 2471 1347 2472 1346 2472 1215 2472 1216 2473 1215 2473 1346 2473 1346 2474 1345 2474 1216 2474 1199 2475 1216 2475 1345 2475 1345 2476 1344 2476 1199 2476 1200 2477 1199 2477 1344 2477 1344 2478 1343 2478 1200 2478 1198 2479 1200 2479 1343 2479 1343 2480 1342 2480 1198 2480 1226 2481 1198 2481 1342 2481 1342 2482 1341 2482 1226 2482 1227 2483 1226 2483 1341 2483 1341 2484 1340 2484 1227 2484 1228 2485 1227 2485 1340 2485 1340 2486 1339 2486 1228 2486 1218 2487 1228 2487 1339 2487 1339 2488 1338 2488 1218 2488 1219 2489 1218 2489 1338 2489 1338 2490 1337 2490 1219 2490 1220 2491 1219 2491 1337 2491 1337 2492 1336 2492 1220 2492 1221 2493 1220 2493 1336 2493 1336 2494 1335 2494 1221 2494 1222 2495 1221 2495 1335 2495 1335 2496 1334 2496 1222 2496 1223 2497 1222 2497 1334 2497 1334 2498 1333 2498 1223 2498 1224 2499 1223 2499 1333 2499 1333 2500 1332 2500 1224 2500 1225 2501 1224 2501 1332 2501 1332 2502 1288 2502 1225 2502 1303 2503 1195 2503 1423 2503 1165 2504 1195 2504 1303 2504 1303 2505 1331 2505 1165 2505 1166 2506 1165 2506 1331 2506 1331 2507 1330 2507 1166 2507 1167 2508 1166 2508 1330 2508 1330 2509 1329 2509 1167 2509 1168 2510 1167 2510 1329 2510 1329 2511 1328 2511 1168 2511 1169 2512 1168 2512 1328 2512 1328 2513 1327 2513 1169 2513 1170 2514 1169 2514 1327 2514 1327 2515 1326 2515 1170 2515 1171 2516 1170 2516 1326 2516 1326 2517 1325 2517 1171 2517 1179 2518 1171 2518 1325 2518 1325 2519 1324 2519 1179 2519 1180 2520 1179 2520 1324 2520 1324 2521 1323 2521 1180 2521 1181 2522 1180 2522 1323 2522 1323 2523 1322 2523 1181 2523 1182 2524 1181 2524 1322 2524 1322 2525 1321 2525 1182 2525 1183 2526 1182 2526 1321 2526 1321 2527 1320 2527 1183 2527 1184 2528 1183 2528 1320 2528 1320 2529 1319 2529 1184 2529 1217 2530 1184 2530 1319 2530 1319 2531 1318 2531 1217 2531 1185 2532 1217 2532 1318 2532 1318 2533 1317 2533 1185 2533 1202 2534 1185 2534 1317 2534 1317 2535 1316 2535 1202 2535 1204 2536 1202 2536 1316 2536 1316 2537 1315 2537 1204 2537 1204 2538 1315 2538 1314 2538 1314 2539 1205 2539 1204 2539 1282 2540 1380 2540 1283 2540 1313 2541 1283 2541 1380 2541 1206 2542 1313 2542 1380 2542 1313 2543 1206 2543 1205 2543 1205 2544 1314 2544 1313 2544 1213 2545 1374 2545 1291 2545 1291 2546 1172 2546 1213 2546 1172 2547 1291 2547 1289 2547 1289 2548 1173 2548 1172 2548 1290 2549 1118 2549 1203 2549 1290 2550 1203 2550 1173 2550 1173 2551 1289 2551 1290 2551 1424 2552 1423 2552 1420 2552 1422 2553 1424 2553 1420 2553 1422 2554 1418 2554 1416 2554 1416 2555 1419 2555 1422 2555 1425 2556 1304 2556 1423 2556 1423 2557 1424 2557 1425 2557 1426 2558 1425 2558 1424 2558 1424 2559 1422 2559 1426 2559 1422 2560 1419 2560 1426 2560 1426 2561 1419 2561 1356 2561 1419 2562 1417 2562 1356 2562 1356 2563 1354 2563 1426 2563 1425 2564 1426 2564 1354 2564 1425 2565 1354 2565 1357 2565 1304 2566 1425 2566 1357 2566 1357 2567 1302 2567 1304 2567 1427 2568 1381 2568 1379 2568 1428 2569 1429 2569 1375 2569 1427 2570 1430 2570 1381 2570 1370 2571 1369 2571 1430 2571 1375 2572 1370 2572 1428 2572 1429 2573 1376 2573 1375 2573 1369 2574 1381 2574 1430 2574 1430 2575 1428 2575 1370 2575 1429 2576 1431 2576 1377 2576 1377 2577 1376 2577 1429 2577 1431 2578 1378 2578 1377 2578 1432 2579 1379 2579 1378 2579 1432 2580 1427 2580 1379 2580 1431 2581 1432 2581 1378 2581 1255 2582 1259 2582 1433 2582 1259 2583 1258 2583 1434 2583 1434 2584 1433 2584 1259 2584 1435 2585 1436 2585 1258 2585 1434 2586 1258 2586 1436 2586 1437 2587 1435 2587 1257 2587 1258 2588 1257 2588 1435 2588 1438 2589 1439 2589 1255 2589 1256 2590 1255 2590 1439 2590 1255 2591 1433 2591 1438 2591 1433 2592 1440 2592 1438 2592 1436 2593 1435 2593 1437 2593 1437 2594 1441 2594 1436 2594 1441 2595 1437 2595 1442 2595 1442 2596 1443 2596 1441 2596 1439 2597 1444 2597 1445 2597 1445 2598 1256 2598 1439 2598 1257 2599 1256 2599 1445 2599 1445 2600 1442 2600 1257 2600 1257 2601 1442 2601 1437 2601 1436 2602 1441 2602 1443 2602 1433 2603 1446 2603 1447 2603 1443 2604 1446 2604 1433 2604 1433 2605 1434 2605 1443 2605 1443 2606 1434 2606 1436 2606 1447 2607 1440 2607 1433 2607 1443 807 1442 807 1445 807 1445 807 1446 807 1443 807 1438 2608 1440 2608 1447 2608 1444 2609 1447 2609 1446 2609 1446 178 1445 178 1444 178 1444 2610 1438 2610 1447 2610 1439 2611 1438 2611 1444 2611 1448 2612 1429 2612 1428 2612 1430 2613 1449 2613 1428 2613 1431 2614 1429 2614 1448 2614 1428 2615 1449 2615 1448 2615 1448 2616 1450 2616 1451 2616 1431 2617 1448 2617 1451 2617 1449 2618 1452 2618 1450 2618 1448 2619 1449 2619 1450 2619 1427 2620 1453 2620 1454 2620 1430 2621 1427 2621 1454 2621 1427 2622 1432 2622 1453 2622 1455 2623 1453 2623 1432 2623 1456 2624 1452 2624 1457 2624 1450 2625 1452 2625 1456 2625 1458 2626 1459 2626 1451 2626 1450 2627 1458 2627 1451 2627 1458 2628 1450 2628 1456 2628 1458 2629 1456 2629 1457 2629 1457 2630 1459 2630 1458 2630 1449 2631 1457 2631 1452 2631 1460 2632 1457 2632 1449 2632 1449 2633 1430 2633 1460 2633 1460 2634 1430 2634 1454 2634 1459 2635 1431 2635 1451 2635 1432 2636 1431 2636 1459 2636 1459 2637 1461 2637 1432 2637 1432 2638 1461 2638 1455 2638 1461 2639 1462 2639 1455 2639 1459 2640 1457 2640 1460 2640 1460 2641 1461 2641 1459 2641 1462 2642 1453 2642 1455 2642 1462 2643 1460 2643 1454 2643 1462 2644 1461 2644 1460 2644 1453 2645 1462 2645 1454 2645</p>
        </triangles>
      </mesh>
    </geometry>
  </library_geometries>
  <library_visual_scenes>
    <visual_scene id="Scene" name="Scene">
      <node id="Link5" name="Link5" type="NODE">
        <matrix sid="transform">1 0 0 0 0 1 0 0 0 0 1 0 0 0 0 1</matrix>
        <instance_geometry url="#Link5_001-mesh" name="Link5">
          <bind_material>
            <technique_common>
              <instance_material symbol="Blue-material" target="#Blue-material"/>
            </technique_common>
          </bind_material>
        </instance_geometry>
      </node>
    </visual_scene>
  </library_visual_scenes>
  <scene>
    <instance_visual_scene url="#Scene"/>
  </scene>
</COLLADA>